{
"type": "FeatureCollection",
"name": "12",
"crs": { "type": "name", "properties": { "name": "urn:ogc:def:crs:OGC:1.3:CRS84" } },
"features": [
{ "type": "Feature", "properties": { "kemendagri_kab_code": 1201, "kemendagri_kab_name": "Kabupaten Tapanuli Tengah", "kemendagri_prov_code": 12, "kemendagri_prov_name": "Sumatera Utara" }, "geometry": { "type": "MultiPolygon", "coordinates": [ [ [ [ 98.520713331000081, 1.579030923000062 ], [ 98.535431033000066, 1.575188971000046 ], [ 98.540958150000051, 1.569055554000045 ], [ 98.53099919400006, 1.569228118000069 ], [ 98.520713331000081, 1.579030923000062 ] ] ], [ [ [ 98.513801684000043, 1.654807960000028 ], [ 98.512757752000084, 1.653430898000067 ], [ 98.51328582900004, 1.655656233000059 ], [ 98.513801684000043, 1.654807960000028 ] ] ], [ [ [ 98.462675111000067, 1.701902794000034 ], [ 98.485004416000038, 1.700069513000074 ], [ 98.489374679000036, 1.685155128000076 ], [ 98.504824357000075, 1.67976460400007 ], [ 98.494185248000065, 1.668420148000052 ], [ 98.495247563000078, 1.653081150000048 ], [ 98.53287651800008, 1.640338676000056 ], [ 98.545165144000066, 1.64861983000003 ], [ 98.547381827000038, 1.681198643000073 ], [ 98.571639326000081, 1.669179533000033 ], [ 98.571537238000076, 1.648762505000036 ], [ 98.588101331000075, 1.665789904000064 ], [ 98.585846095000079, 1.64579541300003 ], [ 98.600169441000048, 1.636787469000069 ], [ 98.608858871000052, 1.612797939000075 ], [ 98.593971897000074, 1.624360245000048 ], [ 98.578473447000079, 1.616547162000074 ], [ 98.551833969000086, 1.619367466000028 ], [ 98.550330729000052, 1.632639945000051 ], [ 98.541538433000085, 1.635569385000053 ], [ 98.501111823000087, 1.623655590000055 ], [ 98.475142705000053, 1.641233136000039 ], [ 98.462174497000035, 1.635715620000042 ], [ 98.451009216000045, 1.642297172000042 ], [ 98.440666554000074, 1.675553234000063 ], [ 98.462675111000067, 1.701902794000034 ] ] ], [ [ [ 98.514133385000036, 1.658152431000076 ], [ 98.513959094000086, 1.65821846700004 ], [ 98.513996245000044, 1.658279986000025 ], [ 98.514133385000036, 1.658152431000076 ] ] ], [ [ [ 98.025886083000046, 1.845428893000076 ], [ 98.026971117000073, 1.847299150000026 ], [ 98.028955587000041, 1.846171285000025 ], [ 98.025886083000046, 1.845428893000076 ] ] ], [ [ [ 98.504522862000044, 1.920461970000076 ], [ 98.504268612000033, 1.920896490000075 ], [ 98.504724868000039, 1.921100059000025 ], [ 98.504522862000044, 1.920461970000076 ] ] ], [ [ [ 98.506698966000044, 1.923379659000034 ], [ 98.507755523000071, 1.926295430000039 ], [ 98.508155819000081, 1.926843335000058 ], [ 98.506698966000044, 1.923379659000034 ] ] ], [ [ [ 98.498035126000048, 1.935560772000031 ], [ 98.498376710000059, 1.934703358000036 ], [ 98.497666440000046, 1.935192337000046 ], [ 98.498035126000048, 1.935560772000031 ] ] ], [ [ [ 98.497359490000065, 1.939368291000051 ], [ 98.499487616000067, 1.935837098000036 ], [ 98.496473141000081, 1.937125649000052 ], [ 98.497359490000065, 1.939368291000051 ] ] ], [ [ [ 98.356594532000031, 1.974770521000039 ], [ 98.350639593000039, 1.970276983000076 ], [ 98.347990736000042, 1.971951313000034 ], [ 98.350555933000066, 1.976035687000035 ], [ 98.356594532000031, 1.974770521000039 ] ] ], [ [ [ 98.271755124000038, 2.029149569000026 ], [ 98.273022579000042, 2.028754721000041 ], [ 98.272755608000068, 2.027969187000053 ], [ 98.271755124000038, 2.029149569000026 ] ] ], [ [ [ 98.271212486000081, 2.029233455000053 ], [ 98.271229106000078, 2.028762819000065 ], [ 98.270865750000041, 2.028977056000031 ], [ 98.271212486000081, 2.029233455000053 ] ] ], [ [ [ 98.270669891000068, 2.029123972000036 ], [ 98.270597888000054, 2.029289939000023 ], [ 98.270740475000082, 2.029124910000064 ], [ 98.270669891000068, 2.029123972000036 ] ] ], [ [ [ 98.270972627000049, 2.02925030900002 ], [ 98.270691117000069, 2.029412791000027 ], [ 98.270704170000045, 2.029480918000047 ], [ 98.270972627000049, 2.02925030900002 ] ] ], [ [ [ 98.271229188000063, 2.02958514300002 ], [ 98.270946463000087, 2.029448640000055 ], [ 98.270905047000042, 2.029568261000065 ], [ 98.271229188000063, 2.02958514300002 ] ] ], [ [ [ 98.270821229000035, 2.029505350000022 ], [ 98.270769027000085, 2.02961953800002 ], [ 98.27085965100008, 2.02954449300006 ], [ 98.270821229000035, 2.029505350000022 ] ] ], [ [ [ 98.175399398000081, 2.098616218000075 ], [ 98.179496714000038, 2.09140702000002 ], [ 98.173293398000055, 2.095892218000074 ], [ 98.175399398000081, 2.098616218000075 ] ] ], [ [ [ 98.162728049000066, 2.120713516000023 ], [ 98.162840054000071, 2.121412126000052 ], [ 98.164522636000072, 2.123291516000052 ], [ 98.162728049000066, 2.120713516000023 ] ] ], [ [ [ 98.14325204000005, 2.141224347000048 ], [ 98.145193680000034, 2.139711010000042 ], [ 98.142352604000052, 2.138840127000037 ], [ 98.14325204000005, 2.141224347000048 ] ] ], [ [ [ 98.126818555000057, 2.148716173000025 ], [ 98.123698257000058, 2.146768161000068 ], [ 98.123961587000053, 2.148370108000051 ], [ 98.126818555000057, 2.148716173000025 ] ] ], [ [ [ 98.580457052000042, 1.560905222000031 ], [ 98.580034094000041, 1.561071114000072 ], [ 98.580231774000083, 1.561552562000031 ], [ 98.580457052000042, 1.560905222000031 ] ] ], [ [ [ 98.57752131400008, 1.563737952000054 ], [ 98.578360572000065, 1.559073543000068 ], [ 98.572273274000054, 1.562519257000019 ], [ 98.57752131400008, 1.563737952000054 ] ] ], [ [ [ 98.572413029000074, 1.561795463000067 ], [ 98.571865475000038, 1.562166558000058 ], [ 98.571910567000032, 1.562523317000057 ], [ 98.572413029000074, 1.561795463000067 ] ] ], [ [ [ 98.571522533000064, 1.562556983000036 ], [ 98.571593660000076, 1.562777382000036 ], [ 98.571603970000069, 1.562563197000031 ], [ 98.571522533000064, 1.562556983000036 ] ] ], [ [ [ 98.572599947000072, 1.564723171000026 ], [ 98.572664237000083, 1.564927041000033 ], [ 98.572741618000066, 1.564676373000054 ], [ 98.572599947000072, 1.564723171000026 ] ] ], [ [ [ 98.574493541000038, 1.564748357000042 ], [ 98.574504439000066, 1.56500111400004 ], [ 98.574618760000078, 1.56483653600003 ], [ 98.574493541000038, 1.564748357000042 ] ] ], [ [ [ 98.573551881000071, 1.564717169000062 ], [ 98.573408081000082, 1.565154471000028 ], [ 98.57391180500008, 1.564948647000051 ], [ 98.573551881000071, 1.564717169000062 ] ] ], [ [ [ 98.577340402000061, 1.565211301000033 ], [ 98.577332111000032, 1.565400688000068 ], [ 98.577486119000071, 1.565247545000034 ], [ 98.577340402000061, 1.565211301000033 ] ] ], [ [ [ 98.577657776000081, 1.565359790000059 ], [ 98.577635918000055, 1.565509405000057 ], [ 98.577798764000079, 1.565401978000068 ], [ 98.577657776000081, 1.565359790000059 ] ] ], [ [ [ 98.570919916000037, 1.612985155000047 ], [ 98.572782570000072, 1.605513134000034 ], [ 98.587343019000059, 1.593703810000022 ], [ 98.569210041000076, 1.596521187000064 ], [ 98.563675600000067, 1.611327900000049 ], [ 98.570919916000037, 1.612985155000047 ] ] ], [ [ [ 98.582232584000053, 1.661445080000021 ], [ 98.582155294000074, 1.661491303000048 ], [ 98.58214829800005, 1.661667139000031 ], [ 98.582232584000053, 1.661445080000021 ] ] ], [ [ [ 98.581416384000079, 1.662729064000075 ], [ 98.581026426000051, 1.66318085100005 ], [ 98.581138468000063, 1.663366529000029 ], [ 98.581416384000079, 1.662729064000075 ] ] ], [ [ [ 98.549329577000037, 1.681028616000049 ], [ 98.549411572000054, 1.681213066000055 ], [ 98.549461412000085, 1.681219863000024 ], [ 98.549329577000037, 1.681028616000049 ] ] ], [ [ [ 98.539178667000044, 1.681378647000031 ], [ 98.539469667000049, 1.681233647000056 ], [ 98.539236667000068, 1.681174647000034 ], [ 98.539178667000044, 1.681378647000031 ] ] ], [ [ [ 98.547574566000037, 1.681669790000058 ], [ 98.547536623000042, 1.68188033000007 ], [ 98.547640519000083, 1.681631138000057 ], [ 98.547574566000037, 1.681669790000058 ] ] ], [ [ [ 98.547839820000036, 1.681926378000071 ], [ 98.547706344000062, 1.682109728000057 ], [ 98.547750468000061, 1.68214684000003 ], [ 98.547839820000036, 1.681926378000071 ] ] ], [ [ [ 98.544439587000056, 1.853768838000065 ], [ 98.549158448000071, 1.853852154000037 ], [ 98.544022842000061, 1.849392503000047 ], [ 98.544439587000056, 1.853768838000065 ] ] ], [ [ [ 98.567201616000034, 1.866140614000074 ], [ 98.564687359000061, 1.866740490000041 ], [ 98.565422592000061, 1.868103115000054 ], [ 98.566457484000068, 1.868113149000067 ], [ 98.567290416000048, 1.869346774000064 ], [ 98.567201616000034, 1.866140614000074 ] ] ], [ [ [ 98.566475924000088, 1.86851744400002 ], [ 98.565526470000066, 1.868436346000067 ], [ 98.566433721000067, 1.869206585000029 ], [ 98.566475924000088, 1.86851744400002 ] ] ], [ [ [ 98.566269029000068, 1.870301226000038 ], [ 98.565480162000085, 1.870748854000055 ], [ 98.566788101000043, 1.871007922000047 ], [ 98.566269029000068, 1.870301226000038 ] ] ], [ [ [ 98.717869136000047, 1.569540673000063 ], [ 98.717984064000063, 1.569746972000075 ], [ 98.717966218000072, 1.569521399000052 ], [ 98.717869136000047, 1.569540673000063 ] ] ], [ [ [ 98.594278088000067, 1.577973204000045 ], [ 98.590132736000044, 1.570277776000069 ], [ 98.576920061000067, 1.566766132000055 ], [ 98.578312313000083, 1.578477447000068 ], [ 98.594278088000067, 1.577973204000045 ] ] ], [ [ [ 98.757481449000068, 1.576892785000041 ], [ 98.761067704000084, 1.573398190000034 ], [ 98.75662155100008, 1.575926608000032 ], [ 98.757481449000068, 1.576892785000041 ] ] ], [ [ [ 98.611325611000041, 1.576223888000072 ], [ 98.611072753000087, 1.576847588000021 ], [ 98.61150712400007, 1.576333933000058 ], [ 98.611325611000041, 1.576223888000072 ] ] ], [ [ [ 98.71744599200008, 1.579531584000051 ], [ 98.718057719000058, 1.575522204000038 ], [ 98.713642886000059, 1.578018732000032 ], [ 98.71744599200008, 1.579531584000051 ] ] ], [ [ [ 98.601548696000066, 1.577343995000035 ], [ 98.601199224000084, 1.577809398000056 ], [ 98.601348676000043, 1.578074577000052 ], [ 98.601548696000066, 1.577343995000035 ] ] ], [ [ [ 98.60792837200006, 1.577733170000045 ], [ 98.608032568000056, 1.578340797000067 ], [ 98.60833247000005, 1.578206614000067 ], [ 98.60792837200006, 1.577733170000045 ] ] ], [ [ [ 98.604782150000062, 1.57778909700005 ], [ 98.604137101000049, 1.578622657000039 ], [ 98.605035873000077, 1.577886038000031 ], [ 98.604782150000062, 1.57778909700005 ] ] ], [ [ [ 98.601379872000052, 1.579071185000032 ], [ 98.600102065000044, 1.579390117000059 ], [ 98.600301037000065, 1.579827371000022 ], [ 98.601379872000052, 1.579071185000032 ] ] ], [ [ [ 98.611354883000047, 1.580643660000021 ], [ 98.610545205000051, 1.576868687000058 ], [ 98.608399612000085, 1.578529606000075 ], [ 98.605598540000074, 1.577818520000051 ], [ 98.604510972000071, 1.57983794300003 ], [ 98.611354883000047, 1.580643660000021 ] ] ], [ [ [ 98.698838312000078, 1.589630035000027 ], [ 98.697104381000088, 1.585564005000037 ], [ 98.694144776000087, 1.587664136000058 ], [ 98.698838312000078, 1.589630035000027 ] ] ], [ [ [ 98.588464628000054, 1.620059697000045 ], [ 98.588422802000082, 1.618563540000025 ], [ 98.586394202000065, 1.618733525000039 ], [ 98.588464628000054, 1.620059697000045 ] ] ], [ [ [ 98.602542958000072, 1.641875663000064 ], [ 98.601752268000041, 1.642476335000026 ], [ 98.602626595000061, 1.642597631000058 ], [ 98.602542958000072, 1.641875663000064 ] ] ], [ [ [ 98.601537128000075, 1.644389230000058 ], [ 98.60131756800007, 1.644849905000058 ], [ 98.601467411000044, 1.64492236500007 ], [ 98.601537128000075, 1.644389230000058 ] ] ], [ [ [ 98.596166525000058, 1.647349575000021 ], [ 98.597833324000078, 1.643920643000058 ], [ 98.595092286000067, 1.643823898000051 ], [ 98.596166525000058, 1.647349575000021 ] ] ], [ [ [ 98.739651535000064, 1.771421987000053 ], [ 98.744123942000044, 1.770388119000074 ], [ 98.738983534000056, 1.770923803000073 ], [ 98.739651535000064, 1.771421987000053 ] ] ], [ [ [ 98.732740331000059, 1.776613932000032 ], [ 98.732445478000045, 1.77701501100006 ], [ 98.732804495000039, 1.777141687000039 ], [ 98.732740331000059, 1.776613932000032 ] ] ], [ [ [ 98.276893964000067, 2.254981751000059 ], [ 98.277618742000072, 2.203609220000033 ], [ 98.31309540500007, 2.159389236000038 ], [ 98.362037953000083, 2.141643250000072 ], [ 98.393982212000083, 2.117088034000062 ], [ 98.437923696000041, 2.108234110000069 ], [ 98.499794248000057, 2.080630944000063 ], [ 98.543965251000031, 2.082839945000046 ], [ 98.563915961000077, 2.072704386000055 ], [ 98.595695918000047, 2.082192324000061 ], [ 98.608626525000034, 2.060342816000059 ], [ 98.60842152400005, 2.021663327000056 ], [ 98.634644637000065, 2.013658966000037 ], [ 98.643165773000078, 1.999099384000033 ], [ 98.657959168000048, 2.014724381000065 ], [ 98.67022723000008, 2.012984877000065 ], [ 98.670495404000064, 2.004119388000049 ], [ 98.652224667000041, 1.994022087000076 ], [ 98.692502208000064, 1.979012179000051 ], [ 98.725441241000055, 1.952757616000042 ], [ 98.743831048000061, 1.958123506000049 ], [ 98.783559002000061, 1.941934828000058 ], [ 98.813210273000038, 1.943784137000023 ], [ 98.819201159000045, 1.917249764000076 ], [ 98.807862269000054, 1.908196987000053 ], [ 98.805603929000085, 1.887394209000036 ], [ 98.796292819000087, 1.89032198700005 ], [ 98.783237270000086, 1.881324765000045 ], [ 98.788586518000045, 1.856153232000054 ], [ 98.818568615000061, 1.852036789000067 ], [ 98.843700426000055, 1.815671956000074 ], [ 98.864240584000072, 1.809534007000025 ], [ 98.88938483000004, 1.741728683000076 ], [ 98.95042496700006, 1.745900147000043 ], [ 98.966730819000077, 1.75766558600003 ], [ 98.992342229000087, 1.755832763000058 ], [ 98.965576141000042, 1.679141424000022 ], [ 98.985095579000074, 1.654033091000031 ], [ 98.999884468000062, 1.650755312000058 ], [ 99.002540029000045, 1.669171979000055 ], [ 99.051935445000083, 1.708290658000067 ], [ 99.057047613000066, 1.645096289000037 ], [ 99.037171059000059, 1.626547942000059 ], [ 99.024741084000084, 1.577253269000039 ], [ 99.013625170000068, 1.57049943200002 ], [ 99.003477494000037, 1.54740980400004 ], [ 99.036865565000085, 1.55813760500007 ], [ 98.996586342000057, 1.538805462000028 ], [ 98.989257697000085, 1.522957904000066 ], [ 98.997846113000037, 1.503644665000024 ], [ 99.012122585000043, 1.502816970000026 ], [ 99.012055750000059, 1.481643418000033 ], [ 99.004236042000059, 1.473085238000067 ], [ 98.979722652000078, 1.468890677000047 ], [ 98.939395827000055, 1.480287343000043 ], [ 98.924015337000071, 1.468024912000033 ], [ 98.985129781000069, 1.458035317000054 ], [ 98.970745825000051, 1.450178162000043 ], [ 98.986657003000062, 1.447700886000064 ], [ 98.964084963000062, 1.447803401000044 ], [ 98.957035288000043, 1.440122110000061 ], [ 98.946315024000057, 1.446627982000052 ], [ 98.942670204000081, 1.434676606000039 ], [ 98.925433749000035, 1.447666641000069 ], [ 98.90189388400006, 1.438989948000028 ], [ 98.902233778000038, 1.448610165000048 ], [ 98.883820415000059, 1.453941050000026 ], [ 98.881129974000032, 1.448889636000047 ], [ 98.870379183000068, 1.46677059600006 ], [ 98.867733032000046, 1.454374169000062 ], [ 98.865827705000072, 1.467423146000044 ], [ 98.858975637000071, 1.461025972000073 ], [ 98.855539058000033, 1.467885029000058 ], [ 98.848729253000045, 1.456438906000074 ], [ 98.841454227000042, 1.460203364000051 ], [ 98.830876810000063, 1.450192960000038 ], [ 98.842293793000067, 1.431159810000054 ], [ 98.824454294000077, 1.433613964000074 ], [ 98.821190438000087, 1.426573620000056 ], [ 98.81725818700005, 1.435694386000023 ], [ 98.804091957000082, 1.424582052000062 ], [ 98.806784020000066, 1.43270724000007 ], [ 98.80058192000007, 1.435191591000034 ], [ 98.800280805000057, 1.423792176000063 ], [ 98.782291314000076, 1.430325656000036 ], [ 98.768963683000038, 1.48683569700006 ], [ 98.733590569000057, 1.523060213000065 ], [ 98.728055522000034, 1.546466466000027 ], [ 98.712704118000033, 1.56052715900006 ], [ 98.717894885000078, 1.568887482000036 ], [ 98.730848136000077, 1.567157340000051 ], [ 98.75932735400005, 1.527512603000048 ], [ 98.765990548000048, 1.527814669000065 ], [ 98.782578426000043, 1.578387227000064 ], [ 98.806281996000052, 1.564829922000058 ], [ 98.810164805000056, 1.576799339000047 ], [ 98.796792183000036, 1.58116853000007 ], [ 98.798866068000052, 1.593762663000064 ], [ 98.806656468000085, 1.602462342000024 ], [ 98.821182513000053, 1.600821196000027 ], [ 98.833236274000058, 1.626874833000045 ], [ 98.840350018000038, 1.627673539000057 ], [ 98.837717167000051, 1.650927706000061 ], [ 98.819741413000031, 1.661931072000073 ], [ 98.828460383000049, 1.665019471000051 ], [ 98.824952432000032, 1.678447875000074 ], [ 98.809474983000086, 1.691038393000042 ], [ 98.79438790200004, 1.684839662000059 ], [ 98.781677601000069, 1.702883192000058 ], [ 98.784122795000087, 1.721328156000027 ], [ 98.793774810000059, 1.718766646000063 ], [ 98.811728911000046, 1.730910064000057 ], [ 98.796938889000046, 1.746077778000029 ], [ 98.800766667000062, 1.757983333000027 ], [ 98.769355418000032, 1.757562821000022 ], [ 98.764373682000041, 1.764866449000067 ], [ 98.751972010000031, 1.76396018500003 ], [ 98.741866035000044, 1.783277267000074 ], [ 98.728406283000083, 1.774977142000068 ], [ 98.706784577000064, 1.78578810700003 ], [ 98.698898646000032, 1.77233929700003 ], [ 98.716783515000031, 1.753931895000051 ], [ 98.731802182000081, 1.767871574000026 ], [ 98.72872155500005, 1.733491832000027 ], [ 98.738789494000059, 1.732670981000069 ], [ 98.736115816000051, 1.72168004100007 ], [ 98.72310537900006, 1.716436053000052 ], [ 98.685825695000062, 1.734358433000068 ], [ 98.60903696400004, 1.83745241500003 ], [ 98.582337789000064, 1.862947287000054 ], [ 98.568938974000048, 1.872180081000067 ], [ 98.562517676000084, 1.871188176000032 ], [ 98.543550723000067, 1.908125272000063 ], [ 98.511284234000073, 1.939542912000036 ], [ 98.501160731000084, 1.94058390500004 ], [ 98.492382951000081, 1.960850606000065 ], [ 98.469135437000034, 1.983846944000049 ], [ 98.421346191000055, 2.00924516300006 ], [ 98.39333569300004, 2.00708032600005 ], [ 98.374660926000047, 2.015735019000033 ], [ 98.358032266000066, 2.003351033000058 ], [ 98.36735483800004, 2.02216998800003 ], [ 98.340322740000033, 2.046613227000023 ], [ 98.316747132000046, 2.044613215000027 ], [ 98.310728426000082, 2.03406837600005 ], [ 98.28494648800006, 2.043843905000074 ], [ 98.278572316000066, 2.029358167000055 ], [ 98.27031921400004, 2.029866926000068 ], [ 98.263301036000087, 2.028076509000073 ], [ 98.272316535000073, 2.044468602000052 ], [ 98.262311412000088, 2.062451913000075 ], [ 98.127307439000049, 2.169515825000076 ], [ 98.163089007000053, 2.230843939000067 ], [ 98.178512176000083, 2.239127438000025 ], [ 98.194678403000069, 2.310825708000039 ], [ 98.276893964000067, 2.254981751000059 ] ] ] ] } },
{ "type": "Feature", "properties": { "kemendagri_kab_code": 1202, "kemendagri_kab_name": "Kabupaten Tapanuli Utara", "kemendagri_prov_code": 12, "kemendagri_prov_name": "Sumatera Utara" }, "geometry": { "type": "Polygon", "coordinates": [ [ [ 98.981645584000034, 2.394491195000057 ], [ 98.99600029000004, 2.353483200000028 ], [ 98.98688241900004, 2.325303512000062 ], [ 98.998636110000064, 2.269613889000027 ], [ 99.019993452000051, 2.285560614000076 ], [ 99.051058330000046, 2.281991667000057 ], [ 99.069275, 2.292536111000061 ], [ 99.089672220000068, 2.281361111000024 ], [ 99.116816099000062, 2.283788233000053 ], [ 99.123440519000042, 2.276078780000034 ], [ 99.138166670000032, 2.277791667000031 ], [ 99.160858330000053, 2.302791667000065 ], [ 99.181255560000068, 2.2955 ], [ 99.19654722000007, 2.269969444000026 ], [ 99.192703631000086, 2.236780148000037 ], [ 99.207280209000032, 2.216192159000059 ], [ 99.203427780000084, 2.190169444000048 ], [ 99.212402780000048, 2.164988889000028 ], [ 99.251689676000069, 2.120853898000064 ], [ 99.293597933000058, 2.105238685000074 ], [ 99.33159444000006, 2.104972222000072 ], [ 99.334412827000051, 2.139658779000058 ], [ 99.358205560000044, 2.159772222000072 ], [ 99.357633330000056, 2.169436111000039 ], [ 99.369461110000032, 2.173897222000051 ], [ 99.394606941000063, 2.170900556000049 ], [ 99.387558056000046, 2.13572361100006 ], [ 99.414520278000055, 2.112674167000023 ], [ 99.459378057000038, 2.125284167000075 ], [ 99.44519185200005, 2.022759981000036 ], [ 99.453382501000078, 2.026204108000059 ], [ 99.457287990000054, 2.018656641000064 ], [ 99.45321436100005, 2.003216853000026 ], [ 99.482761077000077, 1.945554126000047 ], [ 99.461508030000061, 1.952868974000069 ], [ 99.379242089000059, 1.95053914500005 ], [ 99.354558021000059, 1.911290884000039 ], [ 99.339358021000066, 1.904590884000072 ], [ 99.361629140000048, 1.868235976000051 ], [ 99.353064759000063, 1.867644892000044 ], [ 99.346938007000062, 1.853984337000043 ], [ 99.349947917000065, 1.83457415700002 ], [ 99.331221937000066, 1.830189868000048 ], [ 99.318258021000076, 1.840990884000064 ], [ 99.307600573000059, 1.826570215000061 ], [ 99.255450770000039, 1.823569675000044 ], [ 99.248564726000041, 1.783020082000064 ], [ 99.256009645000063, 1.754173569000045 ], [ 99.250736591000077, 1.744730292000042 ], [ 99.25697338100008, 1.739476831000047 ], [ 99.251355205000038, 1.733534705000068 ], [ 99.25957389000007, 1.72553077200007 ], [ 99.247203890000037, 1.723500556000033 ], [ 99.239339440000037, 1.704472222000049 ], [ 99.162573610000038, 1.664266667000049 ], [ 99.142651390000083, 1.640391667000074 ], [ 99.116212500000074, 1.649178333000066 ], [ 99.07739556000007, 1.699398611000049 ], [ 99.051426418000062, 1.700902840000026 ], [ 99.051935445000083, 1.708290658000067 ], [ 99.002540029000045, 1.669171979000055 ], [ 98.999884468000062, 1.650755312000058 ], [ 98.985095579000074, 1.654033091000031 ], [ 98.965576141000042, 1.679141424000022 ], [ 98.992342229000087, 1.755832763000058 ], [ 98.966730819000077, 1.75766558600003 ], [ 98.95042496700006, 1.745900147000043 ], [ 98.88938483000004, 1.741728683000076 ], [ 98.864240584000072, 1.809534007000025 ], [ 98.843700426000055, 1.815671956000074 ], [ 98.818568615000061, 1.852036789000067 ], [ 98.788586518000045, 1.856153232000054 ], [ 98.783237270000086, 1.881324765000045 ], [ 98.796292819000087, 1.89032198700005 ], [ 98.805603929000085, 1.887394209000036 ], [ 98.807862269000054, 1.908196987000053 ], [ 98.819201159000045, 1.917249764000076 ], [ 98.813210273000038, 1.943784137000023 ], [ 98.783559002000061, 1.941934828000058 ], [ 98.743831048000061, 1.958123506000049 ], [ 98.726196507000054, 1.952482128000042 ], [ 98.692502208000064, 1.979012179000051 ], [ 98.652224667000041, 1.994022087000076 ], [ 98.670495404000064, 2.004119388000049 ], [ 98.690351111000041, 2.053056667000021 ], [ 98.716177222000056, 2.07571222200005 ], [ 98.714703889000077, 2.102797500000065 ], [ 98.732220023000082, 2.104211669000051 ], [ 98.734896916000082, 2.113580797000054 ], [ 98.725277778000077, 2.119444444000067 ], [ 98.735038889000066, 2.121130556000026 ], [ 98.734858333000034, 2.128591667000023 ], [ 98.755707778000044, 2.131276667000066 ], [ 98.772888889000058, 2.141611111000032 ], [ 98.769964444000038, 2.147834167000042 ], [ 98.841009167000038, 2.16203611100002 ], [ 98.841545833000055, 2.167535278000059 ], [ 98.8212, 2.173183333000054 ], [ 98.824513889000059, 2.187236111000061 ], [ 98.811835640000083, 2.201896096000041 ], [ 98.811905, 2.221012778000045 ], [ 98.842442366000057, 2.211863643000072 ], [ 98.863527778000048, 2.217638889000057 ], [ 98.88583333400004, 2.204841195000029 ], [ 98.877049998000075, 2.212880463000033 ], [ 98.884108611000045, 2.219120278000048 ], [ 98.918051610000077, 2.224165061000065 ], [ 98.944954058000064, 2.263897340000028 ], [ 98.962638889000061, 2.267361111000071 ], [ 98.960666667000055, 2.298277778000056 ], [ 98.949165376000053, 2.318722569000045 ], [ 98.935370800000044, 2.317748559000052 ], [ 98.92749253900007, 2.326936072000024 ], [ 98.920518611000034, 2.320922222000036 ], [ 98.888083333000054, 2.326611111000034 ], [ 98.845582962000037, 2.343835831000035 ], [ 98.862348556000086, 2.372598648000064 ], [ 98.860269547000087, 2.396371841000075 ], [ 98.91244697500008, 2.408006668000041 ], [ 98.940954208000051, 2.396429062000038 ], [ 98.981645584000034, 2.394491195000057 ] ] ] } },
{ "type": "Feature", "properties": { "kemendagri_kab_code": 1203, "kemendagri_kab_name": "Kabupaten Tapanuli Selatan", "kemendagri_prov_code": 12, "kemendagri_prov_name": "Sumatera Utara" }, "geometry": { "type": "Polygon", "coordinates": [ [ [ 99.459378057000038, 2.125284167000075 ], [ 99.489062535000073, 2.111861686000054 ], [ 99.511851716000081, 2.123062051000034 ], [ 99.520828077000033, 2.091554817000031 ], [ 99.53480552700006, 2.09400110100006 ], [ 99.550613060000046, 2.078736928000069 ], [ 99.546155266000085, 2.062710257000049 ], [ 99.553175168000053, 2.042667488000063 ], [ 99.589450262000071, 2.016702093000049 ], [ 99.582671666000067, 2.000708361000022 ], [ 99.602801498000076, 1.973340836000034 ], [ 99.633674107000047, 1.963811647000057 ], [ 99.59827794000006, 1.943032998000035 ], [ 99.599543585000049, 1.913949057000025 ], [ 99.615650833000075, 1.907227135000028 ], [ 99.61108499900007, 1.888773555000057 ], [ 99.565299829000082, 1.890739400000029 ], [ 99.560394289000044, 1.871770446000028 ], [ 99.548396751000041, 1.86151232800006 ], [ 99.570830808000039, 1.811158350000028 ], [ 99.566192355000055, 1.757280931000025 ], [ 99.552140650000069, 1.742027570000062 ], [ 99.550432124000054, 1.716399669000054 ], [ 99.512275026000054, 1.705408147000071 ], [ 99.499227414000075, 1.715283802000044 ], [ 99.479145816000084, 1.704474014000027 ], [ 99.465380854000045, 1.672508372000038 ], [ 99.435159645000056, 1.65811496300006 ], [ 99.43532110700005, 1.625372639000034 ], [ 99.450569941000083, 1.614787284000045 ], [ 99.454641231000039, 1.593024386000025 ], [ 99.429769348000036, 1.574962661000029 ], [ 99.390498118000039, 1.571676230000037 ], [ 99.419554110000036, 1.541948197000067 ], [ 99.394251367000038, 1.481523261000063 ], [ 99.419948414000032, 1.428797984000028 ], [ 99.419360911000069, 1.397563915000035 ], [ 99.404726043000039, 1.415062127000056 ], [ 99.387985515000082, 1.414210526000033 ], [ 99.370145875000048, 1.40540654800003 ], [ 99.359667581000053, 1.382873026000027 ], [ 99.390607473000046, 1.334422220000022 ], [ 99.391214412000068, 1.315370587000075 ], [ 99.412910226000065, 1.290822410000033 ], [ 99.419003600000053, 1.245721136000043 ], [ 99.427049106000084, 1.238644618000023 ], [ 99.418652498000085, 1.204690715000027 ], [ 99.491437574000088, 1.139686090000055 ], [ 99.512506643000052, 1.133602216000043 ], [ 99.520395360000066, 1.119224348000046 ], [ 99.510595953000063, 1.114638121000041 ], [ 99.495592650000049, 1.127051876000053 ], [ 99.481117400000073, 1.127001263000068 ], [ 99.476245243000051, 1.115245980000054 ], [ 99.462836784000046, 1.114813543000025 ], [ 99.428596389000063, 1.089688370000033 ], [ 99.424435721000066, 1.071418495000046 ], [ 99.451676363000047, 1.046592265000072 ], [ 99.463671884000064, 1.018729438000037 ], [ 99.443407628000045, 0.980692560000023 ], [ 99.433867646000067, 0.97601594300005 ], [ 99.37473652500006, 1.023454710000067 ], [ 99.352047348000042, 1.016498646000059 ], [ 99.341998163000085, 1.026622067000062 ], [ 99.336272154000085, 1.023693026000046 ], [ 99.281609163000041, 1.083050024000045 ], [ 99.278123636000032, 1.095826611000064 ], [ 99.269520001000046, 1.097334993000061 ], [ 99.261826635000034, 1.052071253000065 ], [ 99.240369225000052, 1.04161595000005 ], [ 99.229156487000068, 1.049533807000046 ], [ 99.222250232000079, 1.043290237000065 ], [ 99.210423490000039, 1.080783763000056 ], [ 99.199461795000047, 1.090795092000064 ], [ 99.190523170000063, 1.08865477400002 ], [ 99.186992596000039, 1.097417940000071 ], [ 99.170670422000057, 1.092595304000042 ], [ 99.168173893000073, 1.099515964000034 ], [ 99.152347112000086, 1.097736456000064 ], [ 99.146092692000082, 1.107621539000036 ], [ 99.132349175000058, 1.110369595000066 ], [ 99.117626457000085, 1.10116530800002 ], [ 99.132808700000055, 1.167322690000049 ], [ 99.073034140000061, 1.186711721000052 ], [ 99.069168554000044, 1.197363644000063 ], [ 99.050383540000041, 1.204533088000062 ], [ 99.029214100000047, 1.26185509000004 ], [ 99.030681065000067, 1.296457597000028 ], [ 99.006261093000035, 1.306393718000038 ], [ 98.97091686400006, 1.34593989900003 ], [ 98.951582019000057, 1.329140002000031 ], [ 98.937724167000056, 1.327115473000049 ], [ 98.907881339000085, 1.293346745000065 ], [ 98.887581262000083, 1.301196026000071 ], [ 98.868612355000039, 1.288146253000036 ], [ 98.868644914000072, 1.279860194000037 ], [ 98.852346366000063, 1.286505878000071 ], [ 98.842049336000059, 1.297810401000049 ], [ 98.85089014600004, 1.310726454000076 ], [ 98.838308491000078, 1.35031170000002 ], [ 98.825470306000057, 1.373997713000051 ], [ 98.788984610000057, 1.41678656800002 ], [ 98.784463841000047, 1.424085036000065 ], [ 98.782016270000042, 1.431006449000051 ], [ 98.800280805000057, 1.423792176000063 ], [ 98.80058192000007, 1.435191591000034 ], [ 98.806784020000066, 1.43270724000007 ], [ 98.804091957000082, 1.424582052000062 ], [ 98.81725818700005, 1.435694386000023 ], [ 98.821190438000087, 1.426573620000056 ], [ 98.824454294000077, 1.433613964000074 ], [ 98.842293793000067, 1.431159810000054 ], [ 98.830876810000063, 1.450192960000038 ], [ 98.841454227000042, 1.460203364000051 ], [ 98.848729253000045, 1.456438906000074 ], [ 98.855539058000033, 1.467885029000058 ], [ 98.858975637000071, 1.461025972000073 ], [ 98.865827705000072, 1.467423146000044 ], [ 98.867733032000046, 1.454374169000062 ], [ 98.870379183000068, 1.46677059600006 ], [ 98.881129974000032, 1.448889636000047 ], [ 98.883820415000059, 1.453941050000026 ], [ 98.902233778000038, 1.448610165000048 ], [ 98.90189388400006, 1.438989948000028 ], [ 98.925433749000035, 1.447666641000069 ], [ 98.942670204000081, 1.434676606000039 ], [ 98.946315024000057, 1.446627982000052 ], [ 98.957035288000043, 1.440122110000061 ], [ 98.964084963000062, 1.447803401000044 ], [ 98.97595037800005, 1.44411356300003 ], [ 98.986657003000062, 1.447700886000064 ], [ 98.970745825000051, 1.450178162000043 ], [ 98.985129781000069, 1.458035317000054 ], [ 98.924015337000071, 1.468024912000033 ], [ 98.939395827000055, 1.480287343000043 ], [ 98.979722652000078, 1.468890677000047 ], [ 99.004236042000059, 1.473085238000067 ], [ 99.012055750000059, 1.481643418000033 ], [ 99.012122585000043, 1.502816970000026 ], [ 98.997846113000037, 1.503644665000024 ], [ 98.989257697000085, 1.522957904000066 ], [ 98.996586342000057, 1.538805462000028 ], [ 99.036865565000085, 1.55813760500007 ], [ 99.003477494000037, 1.54740980400004 ], [ 99.013625170000068, 1.57049943200002 ], [ 99.024741084000084, 1.577253269000039 ], [ 99.037171059000059, 1.626547942000059 ], [ 99.057047613000066, 1.645096289000037 ], [ 99.060105490000069, 1.666910388000076 ], [ 99.051427779000051, 1.700902778000057 ], [ 99.07739556000007, 1.699398611000049 ], [ 99.116212500000074, 1.649178333000066 ], [ 99.142651390000083, 1.640391667000074 ], [ 99.162573610000038, 1.664266667000049 ], [ 99.239339440000037, 1.704472222000049 ], [ 99.247203890000037, 1.723500556000033 ], [ 99.25957389000007, 1.72553077200007 ], [ 99.251355205000038, 1.733534705000068 ], [ 99.25697338100008, 1.739476831000047 ], [ 99.250736591000077, 1.744730292000042 ], [ 99.256009645000063, 1.754173569000045 ], [ 99.248564726000041, 1.783020082000064 ], [ 99.255450770000039, 1.823569675000044 ], [ 99.307600573000059, 1.826570215000061 ], [ 99.318258021000076, 1.840990884000064 ], [ 99.331221937000066, 1.830189868000048 ], [ 99.349947917000065, 1.83457415700002 ], [ 99.346938007000062, 1.853984337000043 ], [ 99.353064759000063, 1.867644892000044 ], [ 99.361629140000048, 1.868235976000051 ], [ 99.339358021000066, 1.904590884000072 ], [ 99.354558021000059, 1.911290884000039 ], [ 99.379242089000059, 1.95053914500005 ], [ 99.461508030000061, 1.952868974000069 ], [ 99.482761077000077, 1.945554126000047 ], [ 99.45321436100005, 2.003216853000026 ], [ 99.457287990000054, 2.018656641000064 ], [ 99.444685436000043, 2.027026569000043 ], [ 99.450240992000033, 2.083094910000057 ], [ 99.459378057000038, 2.125284167000075 ] ], [ [ 99.245758060000071, 1.473197500000026 ], [ 99.222545, 1.438138056000071 ], [ 99.219953890000056, 1.410765278000042 ], [ 99.24370250000004, 1.363097222000022 ], [ 99.269683890000067, 1.349252222000075 ], [ 99.310957888000075, 1.302808021000033 ], [ 99.349255280000079, 1.311060833000056 ], [ 99.327751111000055, 1.415458889000035 ], [ 99.272304720000079, 1.468879167000068 ], [ 99.245758060000071, 1.473197500000026 ] ] ] } },
{ "type": "Feature", "properties": { "kemendagri_kab_code": 1204, "kemendagri_kab_name": "Kabupaten Nias", "kemendagri_prov_code": 12, "kemendagri_prov_name": "Sumatera Utara" }, "geometry": { "type": "MultiPolygon", "coordinates": [ [ [ [ 98.01847, 0.908571 ], [ 98.020274, 0.908241 ], [ 98.0193, 0.907247 ], [ 98.01847, 0.908571 ] ] ], [ [ [ 97.964698011000053, 1.023238754000033 ], [ 97.96623276300005, 1.022046644000056 ], [ 97.96511203700004, 1.021782524000059 ], [ 97.964698011000053, 1.023238754000033 ] ] ], [ [ [ 97.956521, 1.025236 ], [ 97.953139184000065, 1.023785911000061 ], [ 97.952511006000066, 1.025684721000061 ], [ 97.956521, 1.025236 ] ] ], [ [ [ 97.906354187000034, 1.074698751000028 ], [ 97.90097761700008, 1.076772782000035 ], [ 97.904662453000071, 1.078444837000063 ], [ 97.906354187000034, 1.074698751000028 ] ] ], [ [ [ 97.930027572000085, 1.079242214000033 ], [ 97.928829581000059, 1.080276238000067 ], [ 97.930188572000077, 1.080135214000052 ], [ 97.930027572000085, 1.079242214000033 ] ] ], [ [ [ 97.538980013000071, 1.275850002000027 ], [ 97.55266765600004, 1.281828499000028 ], [ 97.560260004000042, 1.273690002000023 ], [ 97.56774000300004, 1.241680003000056 ], [ 97.562280004000058, 1.201560003000054 ], [ 97.573850004000064, 1.209410002000027 ], [ 97.602379996000082, 1.209590002000027 ], [ 97.613060005000079, 1.183610002000023 ], [ 97.632060003000049, 1.217120001000069 ], [ 97.65327955500004, 1.236189275000072 ], [ 97.675868914000034, 1.219663309000055 ], [ 97.689933, 1.178176 ], [ 97.730410392000067, 1.166423019000035 ], [ 97.750572002000069, 1.169087019000074 ], [ 97.772699592000038, 1.150420440000062 ], [ 97.799831672000039, 1.150915689000044 ], [ 97.846852401000035, 1.074576745000059 ], [ 97.871593015000087, 1.052502798000035 ], [ 97.898160957000073, 1.05270807100004 ], [ 97.919742161000045, 1.024796504000051 ], [ 97.94692266900006, 0.958275994000076 ], [ 97.903620255000078, 0.894444446000023 ], [ 97.896651832000032, 0.894720181000025 ], [ 97.875236290000032, 0.932987486000059 ], [ 97.804507895000086, 0.922127258000046 ], [ 97.801722318000031, 0.937882927000032 ], [ 97.779188823000084, 0.943034460000035 ], [ 97.76522361800005, 0.961708413000053 ], [ 97.751057797000044, 0.950166913000032 ], [ 97.694456109000043, 0.93276944400003 ], [ 97.688087202000077, 1.000982708000038 ], [ 97.661075768000046, 0.997465560000023 ], [ 97.653244049000079, 1.008199937000029 ], [ 97.648464910000087, 1.000950602000046 ], [ 97.622723750000034, 1.020647016000055 ], [ 97.619601025000065, 1.05503223200003 ], [ 97.611028120000071, 1.06400082600004 ], [ 97.620449447000055, 1.078010376000066 ], [ 97.622027758000058, 1.104167754000059 ], [ 97.610081237000031, 1.103118277000021 ], [ 97.602971287000059, 1.111477299000057 ], [ 97.598856585000078, 1.101529882000023 ], [ 97.587878408000051, 1.103316581000058 ], [ 97.57179, 1.11677000100002 ], [ 97.576855240000043, 1.119494614000075 ], [ 97.571963400000072, 1.130580002000045 ], [ 97.557535901000051, 1.141490006000026 ], [ 97.545021740000038, 1.135530134000021 ], [ 97.520543794000048, 1.156365344000051 ], [ 97.495386108000048, 1.142068173000041 ], [ 97.494019280000032, 1.174206453000068 ], [ 97.503437302000066, 1.189275389000045 ], [ 97.488216667000074, 1.187966667000069 ], [ 97.485861111000077, 1.210141667000073 ], [ 97.494722222000064, 1.261591667000062 ], [ 97.520823801000063, 1.262346505000039 ], [ 97.514542023000047, 1.28307637000006 ], [ 97.535400005000042, 1.293160002000036 ], [ 97.538980013000071, 1.275850002000027 ] ] ] ] } },
{ "type": "Feature", "properties": { "kemendagri_kab_code": 1205, "kemendagri_kab_name": "Kabupaten Langkat", "kemendagri_prov_code": 12, "kemendagri_prov_name": "Sumatera Utara" }, "geometry": { "type": "MultiPolygon", "coordinates": [ [ [ [ 98.201177999000038, 4.11684202400005 ], [ 98.198155263000046, 4.114756709000062 ], [ 98.199631710000062, 4.118542188000049 ], [ 98.201177999000038, 4.11684202400005 ] ] ], [ [ [ 98.202983244000052, 4.12945632900005 ], [ 98.203976456000078, 4.119458821000023 ], [ 98.200206707000063, 4.120681181000066 ], [ 98.184266373000071, 4.114615628000024 ], [ 98.193714831000079, 4.128997708000043 ], [ 98.202983244000052, 4.12945632900005 ] ] ], [ [ [ 98.188202953000086, 4.128706159000046 ], [ 98.192166247000046, 4.132218142000056 ], [ 98.190566211000032, 4.129508598000029 ], [ 98.188202953000086, 4.128706159000046 ] ] ], [ [ [ 98.205937500000061, 4.131858263000026 ], [ 98.204476571000043, 4.13152992800002 ], [ 98.20557055200004, 4.133114155000044 ], [ 98.205937500000061, 4.131858263000026 ] ] ], [ [ [ 98.181342521000033, 4.132896326000036 ], [ 98.184671430000037, 4.132777698000041 ], [ 98.181588139000041, 4.130473257000062 ], [ 98.181342521000033, 4.132896326000036 ] ] ], [ [ [ 98.201930247000064, 4.137215445000038 ], [ 98.203013708000071, 4.131464140000048 ], [ 98.196263087000034, 4.131244123000045 ], [ 98.201930247000064, 4.137215445000038 ] ] ], [ [ [ 98.17738780500008, 4.128481186000045 ], [ 98.176599490000058, 4.135917864000021 ], [ 98.184023400000058, 4.14293823600002 ], [ 98.185577138000042, 4.138697526000044 ], [ 98.17738780500008, 4.128481186000045 ] ] ], [ [ [ 98.198792278000042, 4.302546688000064 ], [ 98.214608801000054, 4.287317421000068 ], [ 98.228431733000036, 4.292477375000033 ], [ 98.23684509800006, 4.28327114700005 ], [ 98.242676197000037, 4.293508864000046 ], [ 98.253015094000034, 4.289917099000036 ], [ 98.23801119500007, 4.269485424000038 ], [ 98.247818401000075, 4.257904790000055 ], [ 98.254187915000045, 4.201983563000056 ], [ 98.245080682000037, 4.186733697000022 ], [ 98.238844945000039, 4.190735938000046 ], [ 98.187523579000072, 4.175047582000047 ], [ 98.161179562000086, 4.154383157000041 ], [ 98.177805126000067, 4.145076531000029 ], [ 98.172931945000073, 4.11249650000002 ], [ 98.199319255000034, 4.107122289000074 ], [ 98.211474525000085, 4.124648146000027 ], [ 98.249069599000052, 4.130312734000029 ], [ 98.298046588000034, 4.106487895000043 ], [ 98.314772914000059, 4.07010082000005 ], [ 98.390778591000071, 4.075540582000031 ], [ 98.430858674000035, 4.038950054000054 ], [ 98.480594073000077, 4.034736716000054 ], [ 98.494547042000079, 4.017565366000042 ], [ 98.528173933000062, 4.018420840000033 ], [ 98.543502153000077, 4.009859367000047 ], [ 98.536806912000031, 3.994625435000046 ], [ 98.553764835000038, 3.979111572000022 ], [ 98.560311221000063, 3.938695575000054 ], [ 98.574006316000066, 3.939441136000028 ], [ 98.586279511000043, 3.924835278000046 ], [ 98.609919345000037, 3.912588171000039 ], [ 98.632900072000041, 3.916883379000069 ], [ 98.633836369000051, 3.915605166000034 ], [ 98.659904605000065, 3.911478336000073 ], [ 98.66372025700008, 3.908120797000038 ], [ 98.638578262000067, 3.885419196000043 ], [ 98.623201476000077, 3.884063476000051 ], [ 98.611600809000038, 3.86621690000004 ], [ 98.604019672000049, 3.868215092000071 ], [ 98.609743072000072, 3.85564180700004 ], [ 98.601559727000051, 3.848806093000064 ], [ 98.603558464000059, 3.835230232000072 ], [ 98.585194004000073, 3.833959554000046 ], [ 98.586670929000036, 3.825083151000058 ], [ 98.577792263000049, 3.823947416000067 ], [ 98.574990497000044, 3.813822611000035 ], [ 98.581990380000036, 3.810355039000058 ], [ 98.551515541000072, 3.78994560600006 ], [ 98.535598771000082, 3.791423087000055 ], [ 98.504479396000079, 3.744971919000022 ], [ 98.509876802000065, 3.727914232000046 ], [ 98.500600398000074, 3.669718359000058 ], [ 98.488413195000078, 3.667464855000048 ], [ 98.472587693000037, 3.648166923000076 ], [ 98.453302834000056, 3.657165563000035 ], [ 98.446411175000037, 3.656845811000039 ], [ 98.462694660000068, 3.651954624000041 ], [ 98.474341280000033, 3.62554394700004 ], [ 98.474009574000036, 3.61728997900002 ], [ 98.440940149000085, 3.608189837000054 ], [ 98.445085607000067, 3.598167482000065 ], [ 98.462454229000059, 3.596297435000054 ], [ 98.466768007000042, 3.594004236000046 ], [ 98.460203774000036, 3.595272304000048 ], [ 98.45807929700004, 3.576262400000076 ], [ 98.446197203000054, 3.565262511000071 ], [ 98.449807375000034, 3.529114632000073 ], [ 98.473982878000072, 3.528066724000041 ], [ 98.474508382000067, 3.556703087000074 ], [ 98.495292469000049, 3.55586340800005 ], [ 98.500591439000061, 3.565559058000076 ], [ 98.510207513000069, 3.553777087000071 ], [ 98.510647977000076, 3.531858025000076 ], [ 98.524569801000041, 3.522159844000043 ], [ 98.510030266000058, 3.495653535000031 ], [ 98.504616209000062, 3.400880370000039 ], [ 98.495869177000031, 3.39116948800006 ], [ 98.50915944500008, 3.308089302000042 ], [ 98.470007373000044, 3.276485606000051 ], [ 98.472366818000069, 3.238354013000048 ], [ 98.465698175000057, 3.230353647000072 ], [ 98.451768980000054, 3.249253378000049 ], [ 98.432514977000039, 3.237495471000045 ], [ 98.39150193200004, 3.270757916000036 ], [ 98.378275342000052, 3.26998059500005 ], [ 98.351464888000066, 3.288969139000073 ], [ 98.34824717500004, 3.259425934000035 ], [ 98.367497425000067, 3.246405776000074 ], [ 98.359790597000085, 3.229043442000034 ], [ 98.340738767000062, 3.219231894000075 ], [ 98.300332538000077, 3.225664664000021 ], [ 98.292666230000066, 3.255967458000043 ], [ 98.258656859000041, 3.251358518000075 ], [ 98.23594102900006, 3.258590559000027 ], [ 98.21592768000005, 3.283678868000038 ], [ 98.20035673700005, 3.277399530000025 ], [ 98.181161960000054, 3.28469562500004 ], [ 98.158912841000074, 3.26775542200005 ], [ 98.122618173000035, 3.266492677000031 ], [ 98.096297451000055, 3.315681709000046 ], [ 98.035668778000058, 3.326540548000025 ], [ 98.003424002000031, 3.368943814000033 ], [ 97.977807893000033, 3.37178104100002 ], [ 97.948706049000066, 3.390020359000061 ], [ 97.950651576000041, 3.412961367000037 ], [ 97.933547149000049, 3.442225339000061 ], [ 97.95879847100008, 3.483243538000067 ], [ 97.92118494500005, 3.498483501000067 ], [ 97.923697918000073, 3.512507510000034 ], [ 97.906634023000038, 3.555228044000046 ], [ 97.868128797000054, 3.571116517000064 ], [ 97.863508170000046, 3.597462198000073 ], [ 97.87177666000008, 3.612621097000044 ], [ 97.85373609800007, 3.626840746000028 ], [ 97.844741938000084, 3.660610768000026 ], [ 97.826502621000031, 3.675121159000071 ], [ 97.800501544000042, 3.722555728000032 ], [ 97.839474628000062, 3.767521502000022 ], [ 97.908702972000071, 3.818429464000076 ], [ 97.921916344000067, 3.845910035000031 ], [ 97.90238000800008, 3.885469089000026 ], [ 97.900620333000063, 3.910905319000051 ], [ 97.913278700000035, 3.914114574000052 ], [ 97.950068146000035, 3.888780539000038 ], [ 97.96192127900008, 3.898437663000038 ], [ 98.007803074000037, 3.901830984000071 ], [ 98.010646131000044, 3.950182771000073 ], [ 98.041193213000042, 3.953375626000025 ], [ 98.054421993000062, 3.94381871500002 ], [ 98.074345220000055, 3.957367366000028 ], [ 98.073559998000064, 3.951171250000073 ], [ 98.07760032300007, 3.949372377000032 ], [ 98.08105530000006, 3.962340440000048 ], [ 98.093598885000063, 3.968073702000027 ], [ 98.095734849000053, 3.98407480700007 ], [ 98.087329077000049, 3.999478706000048 ], [ 98.053860235000059, 4.014987150000024 ], [ 98.040236015000062, 4.04116430800002 ], [ 98.056953868000051, 4.133853615000021 ], [ 98.074817680000081, 4.145171248000054 ], [ 98.06199409900006, 4.18513265100006 ], [ 98.087561604000086, 4.189798332000066 ], [ 98.094748495000033, 4.208589680000046 ], [ 98.091776609000078, 4.228460540000071 ], [ 98.07675095500008, 4.234485927000037 ], [ 98.070120254000074, 4.247342115000038 ], [ 98.086679144000072, 4.255439438000053 ], [ 98.143771032000075, 4.259765327000025 ], [ 98.151917277000052, 4.266272387000072 ], [ 98.154740556000036, 4.289129822000064 ], [ 98.198388247000082, 4.295318469000051 ], [ 98.198792278000042, 4.302546688000064 ] ] ], [ [ [ 98.642359237000051, 3.915560077000066 ], [ 98.640372631000048, 3.914598787000045 ], [ 98.639365079000072, 3.916094361000034 ], [ 98.642359237000051, 3.915560077000066 ] ] ], [ [ [ 98.58653855700004, 3.92731413100006 ], [ 98.589127045000055, 3.926737358000025 ], [ 98.586370791000036, 3.926800621000041 ], [ 98.58653855700004, 3.92731413100006 ] ] ], [ [ [ 98.585429107000039, 3.932446954000056 ], [ 98.584505149000051, 3.930938526000034 ], [ 98.585176341000079, 3.935139625000033 ], [ 98.585429107000039, 3.932446954000056 ] ] ], [ [ [ 98.568893987000081, 3.94612872700003 ], [ 98.571316502000059, 3.939810567000052 ], [ 98.560395, 3.940086103000056 ], [ 98.568893987000081, 3.94612872700003 ] ] ], [ [ [ 98.243215307000071, 4.175376921000066 ], [ 98.274070288000075, 4.168380651000064 ], [ 98.271943795000084, 4.142524587000025 ], [ 98.252624059000084, 4.133452843000043 ], [ 98.232806825000068, 4.146986841000057 ], [ 98.243215307000071, 4.175376921000066 ] ] ] ] } },
{ "type": "Feature", "properties": { "kemendagri_kab_code": 1206, "kemendagri_kab_name": "Kabupaten Karo", "kemendagri_prov_code": 12, "kemendagri_prov_name": "Sumatera Utara" }, "geometry": { "type": "Polygon", "coordinates": [ [ [ 98.471392222000077, 3.241666667000061 ], [ 98.487169906000076, 3.236380034000035 ], [ 98.53892800300008, 3.246883383000068 ], [ 98.558324422000055, 3.199776215000043 ], [ 98.622451090000084, 3.233179950000022 ], [ 98.626888326000085, 3.224961372000053 ], [ 98.612461709000058, 3.194839088000037 ], [ 98.615102713000056, 3.180627235000031 ], [ 98.601685180000061, 3.179264815000067 ], [ 98.60159384800005, 3.162895696000021 ], [ 98.629391583000086, 3.115325539000025 ], [ 98.623277778000045, 3.104916667000055 ], [ 98.605731313000035, 3.109406964000073 ], [ 98.581947809000042, 3.071247902000039 ], [ 98.584847014000047, 3.05017387700002 ], [ 98.560535955000034, 3.026492011000073 ], [ 98.534674851000034, 2.91588622200004 ], [ 98.537208222000061, 2.904239583000049 ], [ 98.565214157000071, 2.880807876000063 ], [ 98.578275681000036, 2.851873398000066 ], [ 98.578317642000059, 2.830022812000038 ], [ 98.540849686000058, 2.858213424000041 ], [ 98.532072067000058, 2.879407883000056 ], [ 98.482722222000064, 2.860555556000065 ], [ 98.484194444000082, 2.870222222000052 ], [ 98.438191664000044, 2.891859775000057 ], [ 98.430573576000086, 2.917392344000064 ], [ 98.369769728000051, 2.932712012000025 ], [ 98.345675891000042, 2.965949030000047 ], [ 98.296291214000064, 2.967605248000041 ], [ 98.248888889000057, 2.93116666700007 ], [ 98.225327434000064, 2.949676200000056 ], [ 98.198514276000083, 2.990100908000045 ], [ 98.193165874000044, 3.020999804000041 ], [ 98.198378996000088, 3.046544985000025 ], [ 98.181961111000078, 3.069019444000048 ], [ 98.176865080000084, 3.063489110000035 ], [ 98.159754132000046, 3.070330622000029 ], [ 98.139010579000058, 3.048480042000051 ], [ 98.113084290000074, 3.054747261000045 ], [ 98.098987068000042, 3.070768266000073 ], [ 98.077825052000037, 3.074920506000069 ], [ 98.059344395000039, 3.110603121000054 ], [ 98.035843309000086, 3.108665092000024 ], [ 98.037587217000066, 3.078170190000037 ], [ 97.992112981000048, 3.091291051000042 ], [ 97.983531970000058, 3.086295562000032 ], [ 97.976236243000074, 3.130880561000026 ], [ 97.942095361000042, 3.164788256000065 ], [ 97.940636239000071, 3.179577254000037 ], [ 97.949150041000053, 3.188101730000028 ], [ 97.944737861000078, 3.207478484000035 ], [ 97.932245711000064, 3.210431007000068 ], [ 97.920990885000037, 3.241406660000052 ], [ 97.904552154000044, 3.256685618000063 ], [ 97.969007369000053, 3.27371392200007 ], [ 98.029254920000085, 3.330754170000034 ], [ 98.054763101000049, 3.318938459000037 ], [ 98.081608459000051, 3.322056042000042 ], [ 98.096297451000055, 3.315681709000046 ], [ 98.122618173000035, 3.266492677000031 ], [ 98.158912841000074, 3.26775542200005 ], [ 98.181161960000054, 3.28469562500004 ], [ 98.20035673700005, 3.277399530000025 ], [ 98.21592768000005, 3.283678868000038 ], [ 98.232844402000069, 3.260778808000055 ], [ 98.249679972000081, 3.252917027000024 ], [ 98.292666230000066, 3.255967458000043 ], [ 98.300332538000077, 3.225664664000021 ], [ 98.334618104000072, 3.218670822000036 ], [ 98.357726274000072, 3.227225077000071 ], [ 98.367217267000058, 3.245064655000022 ], [ 98.34824717500004, 3.259425934000035 ], [ 98.351464888000066, 3.288969139000073 ], [ 98.378275342000052, 3.26998059500005 ], [ 98.39150193200004, 3.270757916000036 ], [ 98.432514977000039, 3.237495471000045 ], [ 98.450769448000074, 3.249477541000033 ], [ 98.465698175000057, 3.230353647000072 ], [ 98.471392222000077, 3.241666667000061 ] ] ] } },
{ "type": "Feature", "properties": { "kemendagri_kab_code": 1207, "kemendagri_kab_name": "Kabupaten Deli Serdang", "kemendagri_prov_code": 12, "kemendagri_prov_name": "Sumatera Utara" }, "geometry": { "type": "MultiPolygon", "coordinates": [ [ [ [ 98.74528891500006, 3.536863573000062 ], [ 98.721330858000044, 3.543341754000039 ], [ 98.738266268000075, 3.581416493000063 ], [ 98.717941171000064, 3.582701517000032 ], [ 98.717033821000086, 3.589706677000038 ], [ 98.744344415000057, 3.596440921000067 ], [ 98.705983591000063, 3.595344238000052 ], [ 98.709941102000073, 3.626553629000057 ], [ 98.693375288000084, 3.626547697000035 ], [ 98.692245572000047, 3.643517028000076 ], [ 98.701711045000081, 3.645235569000022 ], [ 98.70259595400006, 3.65623977000007 ], [ 98.689735538000036, 3.656637358000069 ], [ 98.692278455000064, 3.664615398000024 ], [ 98.669030085000031, 3.675906915000041 ], [ 98.696556748000035, 3.678204665000067 ], [ 98.694717995000076, 3.672431547000031 ], [ 98.703575029000035, 3.672277514000029 ], [ 98.711527154000066, 3.694097009000075 ], [ 98.704835704000061, 3.715085420000037 ], [ 98.715079433000085, 3.725689714000055 ], [ 98.731035429000087, 3.720602274000044 ], [ 98.727143375000082, 3.733284990000072 ], [ 98.704307860000085, 3.741328048000071 ], [ 98.707018312000059, 3.771799614000031 ], [ 98.747738474000073, 3.766040459000067 ], [ 98.759964251000042, 3.75852020800005 ], [ 98.774058453000066, 3.730787082000063 ], [ 98.874119234000034, 3.687076768000054 ], [ 98.943303589000038, 3.675813860000062 ], [ 98.937565234000033, 3.624934688000053 ], [ 98.918551063000052, 3.601313123000068 ], [ 98.918722580000065, 3.583473563000041 ], [ 98.933050005000041, 3.568187526000031 ], [ 98.926261206000049, 3.546800873000052 ], [ 98.936313508000069, 3.520214666000072 ], [ 98.934150877000036, 3.492455540000037 ], [ 98.914201100000071, 3.45074844100003 ], [ 98.918613018000087, 3.370867349000036 ], [ 98.91431536500005, 3.361824462000072 ], [ 98.89067661100006, 3.360373855000034 ], [ 98.845426217000067, 3.34037470100003 ], [ 98.831246759000067, 3.319016393000027 ], [ 98.799760115000083, 3.303953911000065 ], [ 98.790797576000045, 3.279705165000053 ], [ 98.737619505000055, 3.225050715000066 ], [ 98.727402202000064, 3.176693830000033 ], [ 98.735414120000087, 3.170506402000058 ], [ 98.732677160000037, 3.145320070000025 ], [ 98.726269479000052, 3.120593823000036 ], [ 98.713724444000036, 3.107519944000046 ], [ 98.714509361000069, 3.066710250000028 ], [ 98.695290104000037, 3.041030399000022 ], [ 98.69355156000006, 3.071843005000062 ], [ 98.634844533000035, 3.062013987000057 ], [ 98.630118550000077, 3.069181717000049 ], [ 98.633709679000049, 3.088669910000021 ], [ 98.623277778000045, 3.104916667000055 ], [ 98.62909578700004, 3.123951327000043 ], [ 98.616278449000049, 3.131363982000039 ], [ 98.60159384800005, 3.162895696000021 ], [ 98.602899737000087, 3.181994880000047 ], [ 98.615102713000056, 3.180627235000031 ], [ 98.612461709000058, 3.194839088000037 ], [ 98.627114707000032, 3.223689290000038 ], [ 98.622451090000084, 3.233179950000022 ], [ 98.558324422000055, 3.199776215000043 ], [ 98.53892800300008, 3.246883383000068 ], [ 98.487169906000076, 3.236380034000035 ], [ 98.471392222000077, 3.241666667000061 ], [ 98.468137365000075, 3.253255989000024 ], [ 98.474847063000084, 3.270644649000076 ], [ 98.470007373000044, 3.276485606000051 ], [ 98.509227297000052, 3.308499386000051 ], [ 98.495869177000031, 3.39116948800006 ], [ 98.504616209000062, 3.400880370000039 ], [ 98.510030266000058, 3.495653535000031 ], [ 98.524569801000041, 3.522159844000043 ], [ 98.510647977000076, 3.531858025000076 ], [ 98.510207513000069, 3.553777087000071 ], [ 98.496838456000035, 3.564919261000057 ], [ 98.498644330000047, 3.575892083000042 ], [ 98.515276042000039, 3.569765516000075 ], [ 98.539609441000039, 3.575379897000062 ], [ 98.533190981000075, 3.620870339000021 ], [ 98.527031755000053, 3.621029148000048 ], [ 98.527233801000079, 3.631816221000065 ], [ 98.512089999000068, 3.631771707000041 ], [ 98.517193309000049, 3.645841468000071 ], [ 98.511276366000061, 3.645933291000063 ], [ 98.516762286000073, 3.655201473000034 ], [ 98.510754491000057, 3.663620927000068 ], [ 98.518479730000081, 3.668125479000025 ], [ 98.501172848000067, 3.672447177000038 ], [ 98.509876802000065, 3.727914232000046 ], [ 98.504479396000079, 3.744971919000022 ], [ 98.536276933000067, 3.792228316000035 ], [ 98.551515541000072, 3.78994560600006 ], [ 98.581990380000036, 3.810355039000058 ], [ 98.574990497000044, 3.813822611000035 ], [ 98.577792263000049, 3.823947416000067 ], [ 98.586670929000036, 3.825083151000058 ], [ 98.585497032000035, 3.834307823000074 ], [ 98.603168941000035, 3.834577320000051 ], [ 98.601559727000051, 3.848806093000064 ], [ 98.609743072000072, 3.85564180700004 ], [ 98.604582492000077, 3.868824570000072 ], [ 98.611600809000038, 3.86621690000004 ], [ 98.623201476000077, 3.884063476000051 ], [ 98.638578262000067, 3.885419196000043 ], [ 98.66372025700008, 3.908120797000038 ], [ 98.680341085000066, 3.902314462000049 ], [ 98.692185434000066, 3.889091591000067 ], [ 98.696968243000072, 3.879165520000072 ], [ 98.693776796000066, 3.884334772000045 ], [ 98.699589661000061, 3.870308015000035 ], [ 98.699307077000071, 3.869055409000055 ], [ 98.698161686000049, 3.872725997000032 ], [ 98.691669062000074, 3.885324941000022 ], [ 98.710234281000055, 3.794756858000028 ], [ 98.681295300000045, 3.788974456000062 ], [ 98.675536107000084, 3.775681417000044 ], [ 98.654287422000039, 3.782557780000047 ], [ 98.632924053000067, 3.776262489000032 ], [ 98.636180750000051, 3.769273359000067 ], [ 98.625360682000064, 3.762657777000072 ], [ 98.636242591000041, 3.743733701000053 ], [ 98.65327035200005, 3.738854993000075 ], [ 98.652789734000066, 3.728631355000061 ], [ 98.618873793000034, 3.708651153000062 ], [ 98.631855275000078, 3.701874217000068 ], [ 98.633491090000064, 3.684180993000041 ], [ 98.658744327000079, 3.67529315400003 ], [ 98.659328235000032, 3.638966418000052 ], [ 98.666556090000086, 3.635084219000021 ], [ 98.652612545000068, 3.615213596000046 ], [ 98.627065664000042, 3.610552785000039 ], [ 98.599328384000046, 3.619284034000032 ], [ 98.606792554000037, 3.610606395000048 ], [ 98.602178910000077, 3.587073726000028 ], [ 98.611487029000045, 3.582929901000057 ], [ 98.60672949800005, 3.558860650000042 ], [ 98.611884841000062, 3.55586575500007 ], [ 98.593298344000061, 3.541065562000028 ], [ 98.602689121000083, 3.534089964000032 ], [ 98.592937806000066, 3.495232453000028 ], [ 98.600123951000057, 3.490768709000065 ], [ 98.617238433000068, 3.498319887000036 ], [ 98.62798328100007, 3.518158819000064 ], [ 98.631457284000078, 3.504989743000067 ], [ 98.640870350000057, 3.507878795000067 ], [ 98.637990015000071, 3.489798483000072 ], [ 98.646519948000048, 3.480169609000029 ], [ 98.646058708000055, 3.495987903000071 ], [ 98.65910862000004, 3.504574414000047 ], [ 98.654306666000082, 3.517324931000076 ], [ 98.657720401000063, 3.522357592000048 ], [ 98.661691555000061, 3.517421718000037 ], [ 98.655943454000067, 3.516952349000064 ], [ 98.675473855000064, 3.514923559000067 ], [ 98.696583054000087, 3.518941127000062 ], [ 98.698370313000055, 3.531125474000021 ], [ 98.742881943000043, 3.52754486300006 ], [ 98.74528891500006, 3.536863573000062 ] ] ], [ [ [ 98.745284696000056, 3.536863955000058 ], [ 98.74528470000007, 3.536863909000033 ], [ 98.745284430000083, 3.536863931000028 ], [ 98.745284696000056, 3.536863955000058 ] ] ], [ [ [ 98.935786836000034, 3.677571560000047 ], [ 98.936373930000059, 3.677337980000061 ], [ 98.935600064000084, 3.677211538000051 ], [ 98.935786836000034, 3.677571560000047 ] ] ] ] } },
{ "type": "Feature", "properties": { "kemendagri_kab_code": 1208, "kemendagri_kab_name": "Kabupaten Simalungun", "kemendagri_prov_code": 12, "kemendagri_prov_name": "Sumatera Utara" }, "geometry": { "type": "Polygon", "coordinates": [ [ [ 99.305016667000075, 3.304255556000044 ], [ 99.344927778000056, 3.287827778000064 ], [ 99.346037778000039, 3.249528889000032 ], [ 99.356719444000078, 3.246583333000046 ], [ 99.348930558000063, 3.23084602900002 ], [ 99.356724444000065, 3.219778333000022 ], [ 99.383298597000078, 3.257796289000055 ], [ 99.39257609100008, 3.249484821000067 ], [ 99.404086111000083, 3.254408333000072 ], [ 99.369867550000038, 3.151065908000021 ], [ 99.417557100000067, 3.155161602000021 ], [ 99.418120470000076, 3.148312949000058 ], [ 99.449803333000034, 3.133924444000058 ], [ 99.456286111000054, 3.139158333000069 ], [ 99.495034167000085, 3.125657778000061 ], [ 99.496896544000037, 3.11511071700005 ], [ 99.516213694000044, 3.117437725000059 ], [ 99.512266667000063, 3.106391667000025 ], [ 99.521475278000082, 3.102817222000056 ], [ 99.502056389000074, 3.095016667000039 ], [ 99.529227778000063, 3.083930556000041 ], [ 99.529779429000087, 3.104286160000072 ], [ 99.541716627000085, 3.094256403000031 ], [ 99.551294444000064, 3.099841667000021 ], [ 99.565744765000034, 3.078596445000073 ], [ 99.544309965000082, 3.037666988000069 ], [ 99.497290017000068, 3.002366972000061 ], [ 99.497969033000061, 2.982301040000038 ], [ 99.455056274000071, 2.955478925000023 ], [ 99.446005696000043, 2.93147902100003 ], [ 99.399299535000068, 2.915231 ], [ 99.371268813000086, 2.88301601400002 ], [ 99.360381919000076, 2.882451909000054 ], [ 99.348736605000056, 2.895677005000039 ], [ 99.332854326000074, 2.894214971000054 ], [ 99.26622601400004, 2.860692566000068 ], [ 99.247859410000046, 2.812248108000063 ], [ 99.210563861000082, 2.785962993000055 ], [ 99.207288242000061, 2.770261629000061 ], [ 99.125703017000035, 2.712808983000059 ], [ 99.125971977000063, 2.693019037000056 ], [ 99.078650033000088, 2.662072029000058 ], [ 99.077666667000074, 2.597055556000043 ], [ 99.042356111000061, 2.633777500000065 ], [ 98.993357500000059, 2.602730278000024 ], [ 98.974567778000051, 2.602021389000072 ], [ 98.960927778000041, 2.614181944000052 ], [ 98.957980833000079, 2.646119167000052 ], [ 98.950549167000077, 2.654147222000063 ], [ 98.894693374000042, 2.662939072000029 ], [ 98.866247177000048, 2.702150345000064 ], [ 98.841199875000086, 2.712091446000045 ], [ 98.780858994000084, 2.768499375000033 ], [ 98.729303360000074, 2.793966294000029 ], [ 98.697134018000042, 2.798627853000028 ], [ 98.645685196000045, 2.788686752000046 ], [ 98.581167221000044, 2.825017929000069 ], [ 98.565214157000071, 2.880807876000063 ], [ 98.534552187000031, 2.910236412000074 ], [ 98.56020820100008, 3.025673268000048 ], [ 98.584847014000047, 3.05017387700002 ], [ 98.581947809000042, 3.071247902000039 ], [ 98.606728086000032, 3.109830946000045 ], [ 98.628726398000083, 3.097746130000075 ], [ 98.634844533000035, 3.062013987000057 ], [ 98.692575902000044, 3.072048823000046 ], [ 98.695290104000037, 3.041030399000022 ], [ 98.70504561100006, 3.050432417000025 ], [ 98.714509361000069, 3.066710250000028 ], [ 98.713724444000036, 3.107519944000046 ], [ 98.726269479000052, 3.120593823000036 ], [ 98.732677160000037, 3.145320070000025 ], [ 98.735414120000087, 3.170506402000058 ], [ 98.727402202000064, 3.176693830000033 ], [ 98.735673611000038, 3.21491750000007 ], [ 98.751558840000087, 3.209019228000045 ], [ 98.761756627000068, 3.221462705000022 ], [ 98.774729163000075, 3.212992093000025 ], [ 98.789232738000067, 3.222383528000023 ], [ 98.84043844100006, 3.222408709000035 ], [ 98.854899569000054, 3.231026894000024 ], [ 98.862997742000061, 3.25603787600005 ], [ 98.891971848000082, 3.259990921000053 ], [ 98.913380216000064, 3.274858363000021 ], [ 98.92321352600004, 3.265547900000058 ], [ 98.96441844900005, 3.287171712000031 ], [ 98.987009814000032, 3.274000671000067 ], [ 98.95841452500008, 3.248769437000021 ], [ 98.937108971000043, 3.207542192000062 ], [ 99.007966702000033, 3.208501295000076 ], [ 98.96503184900007, 3.144814454000027 ], [ 98.972793714000034, 3.131272341000056 ], [ 98.989213241000073, 3.125224599000035 ], [ 98.977597321000076, 3.11865485800007 ], [ 98.981357020000075, 3.07879788300005 ], [ 98.926895194000053, 3.015879287000075 ], [ 98.970519697000043, 3.017966972000067 ], [ 99.0, 3.025168209000071 ], [ 99.010491336000086, 3.049195110000028 ], [ 99.007071412000073, 3.069080848000056 ], [ 99.034315956000057, 3.091600157000073 ], [ 99.032740746000059, 3.110776207000072 ], [ 99.073340578000057, 3.126736151000046 ], [ 99.076372350000042, 3.134067267000034 ], [ 99.109130359000062, 3.139951413000063 ], [ 99.131643078000081, 3.157641095000031 ], [ 99.132865397000046, 3.173787811000068 ], [ 99.14638665800004, 3.17147312000003 ], [ 99.152855335000083, 3.150141924000025 ], [ 99.159894190000045, 3.152208029000064 ], [ 99.196749719000081, 3.178476992000071 ], [ 99.194819387000052, 3.199317361000055 ], [ 99.208062200000086, 3.215629899000021 ], [ 99.206777222000085, 3.224715 ], [ 99.226563889000033, 3.204430556000034 ], [ 99.226300508000065, 3.227642269000057 ], [ 99.24016666700004, 3.24706111100005 ], [ 99.235988083000052, 3.257249863000027 ], [ 99.260234062000052, 3.259569492000026 ], [ 99.265377992000083, 3.279326620000063 ], [ 99.280680833000076, 3.273811111000043 ], [ 99.301728258000082, 3.283183050000048 ], [ 99.305016667000075, 3.304255556000044 ] ], [ [ 99.099797411000054, 3.018593155000076 ], [ 99.029973507000079, 3.003706902000033 ], [ 99.038470858000039, 3.003306291000058 ], [ 99.039421275000052, 2.994408216000068 ], [ 99.027025951000041, 2.988207069000055 ], [ 99.020854726000039, 2.948441268000067 ], [ 99.027229824000074, 2.933642881000026 ], [ 99.041634179000084, 2.924920123000049 ], [ 99.012153245000036, 2.892163431000029 ], [ 99.028810289000035, 2.892257605000054 ], [ 99.039603798000087, 2.908696046000045 ], [ 99.102077365000071, 2.935038904000066 ], [ 99.092337022000038, 2.95714276700005 ], [ 99.098874422000051, 2.962722747000043 ], [ 99.083612260000052, 2.955607894000025 ], [ 99.080026378000071, 2.959687504000044 ], [ 99.091226907000078, 2.974399978000065 ], [ 99.082496767000066, 2.975633610000045 ], [ 99.094883695000078, 2.978657542000064 ], [ 99.092294065000033, 3.003939992000028 ], [ 99.099797411000054, 3.018593155000076 ] ] ] } },
{ "type": "Feature", "properties": { "kemendagri_kab_code": 1209, "kemendagri_kab_name": "Kabupaten Asahan", "kemendagri_prov_code": 12, "kemendagri_prov_name": "Sumatera Utara" }, "geometry": { "type": "Polygon", "coordinates": [ [ [ 99.737411411000039, 3.172810482000045 ], [ 99.756891508000081, 3.168455639000058 ], [ 99.770909785000072, 3.132100733000073 ], [ 99.857873431000087, 3.035217718000069 ], [ 99.890457554000079, 3.03929058500006 ], [ 99.911421511000071, 2.997857561000046 ], [ 99.934598914000048, 2.974315700000034 ], [ 99.978743673000054, 2.944672490000073 ], [ 99.977200380000056, 2.958046053000032 ], [ 99.989992363000056, 2.960558764000041 ], [ 99.987010597000051, 2.856380020000074 ], [ 99.977241998000068, 2.84708639400003 ], [ 99.694590001000051, 2.596342851000031 ], [ 99.646296014000086, 2.575581863000025 ], [ 99.609118752000086, 2.574255681000068 ], [ 99.582724015000053, 2.591547931000036 ], [ 99.570146987000044, 2.584735867000063 ], [ 99.559984024000073, 2.610176891000037 ], [ 99.543693037000082, 2.615493872000059 ], [ 99.537572007000051, 2.589373026000032 ], [ 99.504159032000075, 2.58584289700002 ], [ 99.465570021000076, 2.547522604000051 ], [ 99.448503866000067, 2.567413677000047 ], [ 99.460542638000049, 2.585061889000031 ], [ 99.45594, 2.604372 ], [ 99.442388, 2.595055 ], [ 99.439043519000052, 2.574043844000073 ], [ 99.416212553000037, 2.562712777000058 ], [ 99.408239163000076, 2.564251777000038 ], [ 99.424255, 2.599213 ], [ 99.395959, 2.585277 ], [ 99.385179, 2.56441 ], [ 99.367748001000052, 2.567820988000051 ], [ 99.34857399100008, 2.560157029000038 ], [ 99.326723629000071, 2.565933435000034 ], [ 99.310751010000047, 2.561344033000069 ], [ 99.305431998000074, 2.55030199700002 ], [ 99.305008912000062, 2.574051451000059 ], [ 99.270872867000037, 2.542828848000056 ], [ 99.221481488000052, 2.540958575000047 ], [ 99.203508743000043, 2.531159482000021 ], [ 99.179721246000042, 2.538434043000052 ], [ 99.168590020000067, 2.559967027000027 ], [ 99.089830189000054, 2.577576504000035 ], [ 99.077666667000074, 2.597055556000043 ], [ 99.078650033000088, 2.662072029000058 ], [ 99.125971977000063, 2.693019037000056 ], [ 99.125703017000035, 2.712808983000059 ], [ 99.207288242000061, 2.770261629000061 ], [ 99.210563861000082, 2.785962993000055 ], [ 99.247859410000046, 2.812248108000063 ], [ 99.26622601400004, 2.860692566000068 ], [ 99.332854326000074, 2.894214971000054 ], [ 99.34903287700007, 2.895572349000076 ], [ 99.361112684000034, 2.882137077000039 ], [ 99.376351732000046, 2.88525458700002 ], [ 99.399299535000068, 2.915231 ], [ 99.446005696000043, 2.93147902100003 ], [ 99.455056274000071, 2.955478925000023 ], [ 99.497863980000034, 2.982167043000061 ], [ 99.497290017000068, 3.002366972000061 ], [ 99.519783979000067, 3.015168036000034 ], [ 99.523878993000039, 3.02603199400005 ], [ 99.544309965000082, 3.037666988000069 ], [ 99.54380401700007, 3.03998298700003 ], [ 99.570074102000035, 3.085039498000071 ], [ 99.569043376000081, 3.062639241000056 ], [ 99.557020005000084, 3.061478573000045 ], [ 99.549471312000037, 3.029005046000066 ], [ 99.531176578000043, 3.028797091000058 ], [ 99.530037546000074, 3.021587022000062 ], [ 99.549572069000078, 3.021641026000054 ], [ 99.552283197000065, 3.015325566000058 ], [ 99.562784086000079, 3.01839553800005 ], [ 99.553484206000064, 3.027863117000038 ], [ 99.591046363000032, 3.038993493000021 ], [ 99.595554850000042, 3.06524476900006 ], [ 99.619869497000082, 3.093088650000027 ], [ 99.61373633900007, 3.100609897000027 ], [ 99.601560360000065, 3.100806896000051 ], [ 99.604031798000051, 3.094843809000054 ], [ 99.601943729000084, 3.09442886000005 ], [ 99.592744658000072, 3.106449194000049 ], [ 99.608810972000072, 3.111540969000032 ], [ 99.618153696000036, 3.129230499000073 ], [ 99.619873893000033, 3.130044070000054 ], [ 99.622301244000084, 3.127120199000046 ], [ 99.627376350000077, 3.127054525000062 ], [ 99.620812471000079, 3.137008322000042 ], [ 99.702066098000046, 3.117580009000051 ], [ 99.737411411000039, 3.172810482000045 ] ], [ [ 99.817230808000033, 3.025051225000027 ], [ 99.798580444000038, 3.009479303000035 ], [ 99.766074386000071, 3.008961317000058 ], [ 99.782769181000049, 2.970434066000053 ], [ 99.757203753000056, 2.966275144000065 ], [ 99.752534439000044, 2.944279315000074 ], [ 99.775166997000042, 2.920875432000059 ], [ 99.803646478000076, 2.928791828000044 ], [ 99.817197621000048, 2.924249874000054 ], [ 99.837927104000073, 2.938071488000048 ], [ 99.835360034000075, 2.955436534000057 ], [ 99.810888644000045, 2.969911994000029 ], [ 99.808405462000053, 2.989336955000056 ], [ 99.818939721000049, 2.993548512000075 ], [ 99.817230808000033, 3.025051225000027 ] ] ] } },
{ "type": "Feature", "properties": { "kemendagri_kab_code": 1210, "kemendagri_kab_name": "Kabupaten Labuhanbatu", "kemendagri_prov_code": 12, "kemendagri_prov_name": "Sumatera Utara" }, "geometry": { "type": "Polygon", "coordinates": [ [ [ 100.321943244000067, 2.547683051000035 ], [ 100.298969994000061, 2.442579971000043 ], [ 100.303169956000033, 2.404970030000072 ], [ 100.310610044000043, 2.355250028000057 ], [ 100.362584766000055, 2.247977343000059 ], [ 100.34714142200005, 2.242501239000035 ], [ 100.360237292000079, 2.219383401000073 ], [ 100.237952778000079, 2.219647222000049 ], [ 100.211180556000045, 2.214002778000065 ], [ 100.204759747000082, 2.193883410000069 ], [ 100.156761111000037, 2.193883333000031 ], [ 100.157303616000036, 2.169440783000027 ], [ 100.125002751000068, 2.170633412000029 ], [ 100.124190344000056, 2.128437930000075 ], [ 100.108067347000087, 2.133687568000028 ], [ 100.100585746000036, 2.10846576800003 ], [ 100.07782439600004, 2.094003898000039 ], [ 100.05200833300006, 2.095652778000044 ], [ 100.045105556000067, 2.078788889000066 ], [ 100.035652778000042, 2.076161111000033 ], [ 100.048771874000067, 2.019316270000047 ], [ 100.04541535900006, 2.013362973000028 ], [ 100.038978625000084, 2.017021342000021 ], [ 100.029211716000077, 1.999635917000035 ], [ 100.059986475000073, 1.987356036000051 ], [ 100.037238889000037, 1.936341667000022 ], [ 99.997772222000037, 1.936261111000022 ], [ 99.99809166700004, 1.948430556000062 ], [ 99.963241667000034, 1.948433333000025 ], [ 99.969658219000053, 1.95301428700003 ], [ 99.96908069300008, 1.961357176000035 ], [ 99.955927470000063, 1.952021970000033 ], [ 99.967266667000047, 1.938191667000069 ], [ 99.959494444000086, 1.926961111000026 ], [ 99.943765556000074, 1.944686750000074 ], [ 99.95310494000006, 1.968160133000026 ], [ 99.91265, 1.965897222000024 ], [ 99.912387462000083, 1.984660664000046 ], [ 99.896622509000053, 1.978982117000044 ], [ 99.881798466000077, 1.964348432000065 ], [ 99.888292352000065, 1.936356452000041 ], [ 99.880562635000047, 1.907396178000056 ], [ 99.865075, 1.886941667000031 ], [ 99.872863936000044, 1.883657147000065 ], [ 99.874336111000048, 1.863641667000024 ], [ 99.867936072000077, 1.863188428000058 ], [ 99.878048782000064, 1.84895330300003 ], [ 99.881842495000058, 1.821180370000036 ], [ 99.863491980000049, 1.813690079000025 ], [ 99.861222222000038, 1.795036111000059 ], [ 99.842913534000047, 1.797994783000036 ], [ 99.835498124000082, 1.806222436000041 ], [ 99.840299749000053, 1.821322358000032 ], [ 99.829564623000067, 1.826136302000066 ], [ 99.847861653000052, 1.83518626700004 ], [ 99.831706157000042, 1.859671490000039 ], [ 99.835162926000066, 1.904528941000024 ], [ 99.829118462000054, 1.909833521000053 ], [ 99.846082409000076, 1.919491665000066 ], [ 99.83886954500008, 1.947893093000062 ], [ 99.830443091000063, 1.953993292000064 ], [ 99.855688121000071, 1.972531993000075 ], [ 99.852020047000053, 1.993591554000034 ], [ 99.838966545000062, 1.99359540100005 ], [ 99.852667892000056, 1.998891162000064 ], [ 99.849861127000054, 2.003887769000073 ], [ 99.791464094000048, 2.024171460000048 ], [ 99.765353731000062, 2.004094465000037 ], [ 99.74205446700006, 2.001881852000054 ], [ 99.733339123000064, 1.976032899000074 ], [ 99.709351920000074, 1.963200173000075 ], [ 99.707983826000032, 1.948977662000061 ], [ 99.701113852000049, 1.942822873000068 ], [ 99.708715589000064, 1.969104104000053 ], [ 99.692090725000071, 1.971307130000071 ], [ 99.683815424000045, 1.982597801000054 ], [ 99.695169519000046, 2.027350118000072 ], [ 99.677784025000051, 2.037117022000075 ], [ 99.656290038000066, 2.026840788000072 ], [ 99.630556981000041, 2.047438265000039 ], [ 99.667619716000047, 2.064736076000031 ], [ 99.672966003000056, 2.075757027000066 ], [ 99.716094971000075, 2.089374304000046 ], [ 99.731887817000086, 2.118291140000053 ], [ 99.763495567000064, 2.134717645000023 ], [ 99.771122831000071, 2.188041318000046 ], [ 99.864164577000054, 2.180981469000074 ], [ 99.862343711000051, 2.189538300000038 ], [ 99.88280074000005, 2.196193654000069 ], [ 99.927728343000069, 2.189786018000063 ], [ 99.937375594000059, 2.206128892000038 ], [ 99.949558434000039, 2.208793888000059 ], [ 99.961511524000059, 2.208232520000024 ], [ 99.962929041000052, 2.197265060000063 ], [ 99.989859365000086, 2.198473943000067 ], [ 99.998308481000038, 2.257951900000023 ], [ 100.002763971000036, 2.262287985000057 ], [ 100.021079005000047, 2.252961987000049 ], [ 100.023667148000072, 2.264238545000069 ], [ 100.020454876000088, 2.276790202000029 ], [ 99.986780938000038, 2.274591512000029 ], [ 99.983241831000043, 2.408413058000065 ], [ 100.009096389000035, 2.409346111000048 ], [ 100.014431111000079, 2.445497500000045 ], [ 100.037419979000049, 2.483398678000071 ], [ 100.015855859000055, 2.485577251000052 ], [ 100.015449183000044, 2.494272583000054 ], [ 100.055155211000056, 2.514452224000024 ], [ 100.072937012000068, 2.545938969000076 ], [ 100.059583417000056, 2.633428375000051 ], [ 100.057640076000041, 2.679125309000028 ], [ 100.06449303900007, 2.696650654000052 ], [ 100.052353029000074, 2.712999930000024 ], [ 100.059550763000061, 2.734117102000027 ], [ 100.088648210000088, 2.709943382000063 ], [ 100.138406524000061, 2.687574935000043 ], [ 100.175770984000053, 2.711118629000055 ], [ 100.220201450000047, 2.704593716000034 ], [ 100.234270155000047, 2.642470103000051 ], [ 100.271193424000046, 2.612401970000064 ], [ 100.279338978000055, 2.585963388000039 ], [ 100.321943244000067, 2.547683051000035 ] ] ] } },
{ "type": "Feature", "properties": { "kemendagri_kab_code": 1211, "kemendagri_kab_name": "Kabupaten Dairi", "kemendagri_prov_code": 12, "kemendagri_prov_name": "Sumatera Utara" }, "geometry": { "type": "Polygon", "coordinates": [ [ [ 98.540849686000058, 2.858213424000041 ], [ 98.628942489000053, 2.794904709000036 ], [ 98.586538314000052, 2.750848770000061 ], [ 98.572298993000061, 2.724392545000057 ], [ 98.560277778000057, 2.580213889000049 ], [ 98.519718244000046, 2.556697867000025 ], [ 98.467508056000042, 2.549219167000047 ], [ 98.465079489000061, 2.561684061000051 ], [ 98.441124381000066, 2.586701209000069 ], [ 98.422204351000062, 2.635683172000029 ], [ 98.357014887000048, 2.659778248000066 ], [ 98.34004499200006, 2.678846234000048 ], [ 98.339150597000071, 2.702187451000043 ], [ 98.307033111000067, 2.696077890000026 ], [ 98.277363402000049, 2.717386894000072 ], [ 98.260846427000047, 2.719727369000054 ], [ 98.24689023600007, 2.708636651000063 ], [ 98.23574294000008, 2.721446860000071 ], [ 98.205249258000038, 2.729129803000035 ], [ 98.178397056000051, 2.760254909000025 ], [ 98.170298739000032, 2.75389412100003 ], [ 98.15794777800005, 2.769264444000044 ], [ 98.137867695000068, 2.77025990900006 ], [ 98.105849571000078, 2.790071599000044 ], [ 98.099364480000077, 2.822659180000073 ], [ 98.055346927000073, 2.818849189000048 ], [ 98.039093668000078, 2.847464652000042 ], [ 97.993049524000071, 2.881835632000048 ], [ 97.944330280000031, 2.899021122000022 ], [ 97.956651953000062, 2.960386293000056 ], [ 97.953895789000057, 2.984543256000052 ], [ 97.936187500000074, 2.989500556000053 ], [ 97.947418685000059, 3.006863413000076 ], [ 97.937609655000074, 3.029247915000042 ], [ 97.943121699000073, 3.046979530000044 ], [ 97.930102660000045, 3.054718336000064 ], [ 97.936451412000054, 3.074257609000028 ], [ 97.949924734000035, 3.074830668000061 ], [ 97.948560884000074, 3.065535476000036 ], [ 97.961080314000071, 3.064931823000052 ], [ 97.988342992000071, 3.091568107000057 ], [ 98.037587217000066, 3.078170190000037 ], [ 98.035843309000086, 3.108665092000024 ], [ 98.059344395000039, 3.110603121000054 ], [ 98.077825052000037, 3.074920506000069 ], [ 98.098987068000042, 3.070768266000073 ], [ 98.113084290000074, 3.054747261000045 ], [ 98.139010579000058, 3.048480042000051 ], [ 98.159754132000046, 3.070330622000029 ], [ 98.176865080000084, 3.063489110000035 ], [ 98.181961111000078, 3.069019444000048 ], [ 98.198378996000088, 3.046544985000025 ], [ 98.193165874000044, 3.020999804000041 ], [ 98.198514276000083, 2.990100908000045 ], [ 98.225327434000064, 2.949676200000056 ], [ 98.248888889000057, 2.93116666700007 ], [ 98.296291214000064, 2.967605248000041 ], [ 98.345675891000042, 2.965949030000047 ], [ 98.369769728000051, 2.932712012000025 ], [ 98.430573576000086, 2.917392344000064 ], [ 98.438191664000044, 2.891859775000057 ], [ 98.484194444000082, 2.870222222000052 ], [ 98.482722222000064, 2.860555556000065 ], [ 98.532072067000058, 2.879407883000056 ], [ 98.540849686000058, 2.858213424000041 ] ] ] } },
{ "type": "Feature", "properties": { "kemendagri_kab_code": 1212, "kemendagri_kab_name": "Kabupaten Toba", "kemendagri_prov_code": 12, "kemendagri_prov_name": "Sumatera Utara" }, "geometry": { "type": "Polygon", "coordinates": [ [ [ 99.042356111000061, 2.633777500000065 ], [ 99.091839406000076, 2.57592300400006 ], [ 99.150019892000046, 2.567521031000069 ], [ 99.170788991000052, 2.558905998000057 ], [ 99.179721246000042, 2.538434043000052 ], [ 99.203508743000043, 2.531159482000021 ], [ 99.221481488000052, 2.540958575000047 ], [ 99.270872867000037, 2.542828848000056 ], [ 99.305008912000062, 2.574051451000059 ], [ 99.305431998000074, 2.55030199700002 ], [ 99.310751010000047, 2.561344033000069 ], [ 99.326723629000071, 2.565933435000034 ], [ 99.34857399100008, 2.560157029000038 ], [ 99.367748001000052, 2.567820988000051 ], [ 99.385179, 2.56441 ], [ 99.395959, 2.585277 ], [ 99.424255, 2.599213 ], [ 99.408239163000076, 2.564251777000038 ], [ 99.416212553000037, 2.562712777000058 ], [ 99.439043519000052, 2.574043844000073 ], [ 99.442388, 2.595055 ], [ 99.457403, 2.604257 ], [ 99.460542638000049, 2.585061889000031 ], [ 99.448503866000067, 2.567413677000047 ], [ 99.465570021000076, 2.547522604000051 ], [ 99.45254516600005, 2.540852785000027 ], [ 99.447105408000084, 2.495395422000058 ], [ 99.418746948000035, 2.460396290000062 ], [ 99.501762390000067, 2.394511461000036 ], [ 99.519493103000059, 2.400058985000044 ], [ 99.511154175000058, 2.413528919000044 ], [ 99.518272400000058, 2.423019648000036 ], [ 99.51237487800006, 2.438464642000042 ], [ 99.523666382000044, 2.459093094000025 ], [ 99.528236389000085, 2.449169636000022 ], [ 99.520660400000054, 2.442228794000073 ], [ 99.530235291000054, 2.422674417000053 ], [ 99.517868042000032, 2.37006664300003 ], [ 99.520462036000083, 2.35080647500007 ], [ 99.560697037000068, 2.334015329000067 ], [ 99.569085934000043, 2.342172914000059 ], [ 99.581884460000083, 2.337443735000022 ], [ 99.585846092000054, 2.31353688300004 ], [ 99.562050054000053, 2.301694068000074 ], [ 99.55725306100004, 2.30997459200006 ], [ 99.550186157000041, 2.307192564000047 ], [ 99.547584534000066, 2.268136024000057 ], [ 99.534782410000048, 2.247398138000051 ], [ 99.479331970000032, 2.242449284000031 ], [ 99.464408875000061, 2.229292154000063 ], [ 99.424079668000047, 2.215301579000027 ], [ 99.393002780000074, 2.169766667000033 ], [ 99.361583330000087, 2.172775 ], [ 99.358205560000044, 2.159772222000072 ], [ 99.334084462000078, 2.138987771000075 ], [ 99.33159444000006, 2.104972222000072 ], [ 99.293597933000058, 2.105238685000074 ], [ 99.251689676000069, 2.120853898000064 ], [ 99.212402780000048, 2.164988889000028 ], [ 99.203427780000084, 2.190169444000048 ], [ 99.207280209000032, 2.216192159000059 ], [ 99.192703631000086, 2.236780148000037 ], [ 99.19654722000007, 2.269969444000026 ], [ 99.181255560000068, 2.2955 ], [ 99.160858330000053, 2.302791667000065 ], [ 99.138166670000032, 2.277791667000031 ], [ 99.123440519000042, 2.276078780000034 ], [ 99.116816099000062, 2.283788233000053 ], [ 99.089672220000068, 2.281361111000024 ], [ 99.069275, 2.292536111000061 ], [ 99.051058330000046, 2.281991667000057 ], [ 99.019993452000051, 2.285560614000076 ], [ 98.998636110000064, 2.269613889000027 ], [ 98.98688241900004, 2.325303512000062 ], [ 98.99600029000004, 2.353483200000028 ], [ 98.981645584000034, 2.394491195000057 ], [ 99.01888847400005, 2.439195633000054 ], [ 99.018594742000062, 2.483686447000025 ], [ 98.989919662000034, 2.520151138000074 ], [ 98.922246933000054, 2.569917679000071 ], [ 98.905260086000055, 2.597127915000044 ], [ 98.894693374000042, 2.662939072000029 ], [ 98.950549167000077, 2.654147222000063 ], [ 98.957980833000079, 2.646119167000052 ], [ 98.960927778000041, 2.614181944000052 ], [ 98.974567778000051, 2.602021389000072 ], [ 98.993357500000059, 2.602730278000024 ], [ 99.042356111000061, 2.633777500000065 ] ] ] } },
{ "type": "Feature", "properties": { "kemendagri_kab_code": 1213, "kemendagri_kab_name": "Kabupaten Mandailing Natal", "kemendagri_prov_code": 12, "kemendagri_prov_name": "Sumatera Utara" }, "geometry": { "type": "MultiPolygon", "coordinates": [ [ [ [ 99.026779124000086, 0.734689075000063 ], [ 99.025350434000075, 0.732899711000073 ], [ 99.024431335000031, 0.733730270000024 ], [ 99.026779124000086, 0.734689075000063 ] ] ], [ [ [ 99.039208697000049, 0.762636815000064 ], [ 99.041358911000032, 0.761650478000035 ], [ 99.039609842000061, 0.761250052000037 ], [ 99.039208697000049, 0.762636815000064 ] ] ], [ [ [ 99.038981794000051, 0.764921156000071 ], [ 99.036127976000046, 0.765453144000048 ], [ 99.036164963000033, 0.766117623000071 ], [ 99.038981794000051, 0.764921156000071 ] ] ], [ [ [ 99.039110686000072, 0.774666727000067 ], [ 99.039226218000067, 0.774065926000048 ], [ 99.038771039000039, 0.774514675000034 ], [ 99.039110686000072, 0.774666727000067 ] ] ], [ [ [ 99.003278779000084, 0.776951156000052 ], [ 99.00993498400004, 0.780481406000035 ], [ 99.008470781000085, 0.775972611000043 ], [ 99.003278779000084, 0.776951156000052 ] ] ], [ [ [ 98.944100422000076, 0.860932629000047 ], [ 98.944260959000076, 0.860116822000066 ], [ 98.943794494000088, 0.860601561000067 ], [ 98.944100422000076, 0.860932629000047 ] ] ], [ [ [ 98.944871183000032, 0.860877373000051 ], [ 98.945527374000051, 0.860395983000046 ], [ 98.944788481000046, 0.860545223000031 ], [ 98.944871183000032, 0.860877373000051 ] ] ], [ [ [ 98.949449109000057, 0.862518371000021 ], [ 98.949543322000068, 0.86119466100007 ], [ 98.947930576000033, 0.861488707000035 ], [ 98.949449109000057, 0.862518371000021 ] ] ], [ [ [ 98.922799054000052, 0.875279775000024 ], [ 98.920587528000055, 0.876664314000038 ], [ 98.922952512000052, 0.876637318000064 ], [ 98.922799054000052, 0.875279775000024 ] ] ], [ [ [ 98.825898366000047, 1.273981344000049 ], [ 98.824640985000087, 1.267226780000044 ], [ 98.819024265000053, 1.265468480000038 ], [ 98.817835209000066, 1.275339170000052 ], [ 98.825898366000047, 1.273981344000049 ] ] ], [ [ [ 99.136336970000059, 0.264127116000054 ], [ 99.139000108000062, 0.263468307000039 ], [ 99.136013868000077, 0.263289331000067 ], [ 99.136336970000059, 0.264127116000054 ] ] ], [ [ [ 99.148311308000075, 0.267658680000068 ], [ 99.14977693700007, 0.267845179000062 ], [ 99.151001941000061, 0.267286879000039 ], [ 99.148311308000075, 0.267658680000068 ] ] ], [ [ [ 99.105056279000053, 0.372792908000065 ], [ 99.103891084000054, 0.362412721000055 ], [ 99.089282595000043, 0.36156323900002 ], [ 99.090250669000056, 0.365901339000061 ], [ 99.105056279000053, 0.372792908000065 ] ] ], [ [ [ 99.055870076000076, 0.610097421000035 ], [ 99.058282272000042, 0.610130955000045 ], [ 99.058240240000032, 0.608783724000034 ], [ 99.055870076000076, 0.610097421000035 ] ] ], [ [ [ 99.061948769000082, 0.612659932000042 ], [ 99.059894941000039, 0.611529183000073 ], [ 99.058782729000086, 0.610774083000024 ], [ 99.059366037000075, 0.611700873000075 ], [ 99.061948769000082, 0.612659932000042 ] ] ], [ [ [ 99.043919437000056, 0.646277198000064 ], [ 99.044651745000067, 0.643129914000042 ], [ 99.043094304000078, 0.644456535000074 ], [ 99.043919437000056, 0.646277198000064 ] ] ], [ [ [ 99.048342349000052, 0.713249717000053 ], [ 99.049716872000033, 0.708598529000028 ], [ 99.046550153000055, 0.711483791000035 ], [ 99.048342349000052, 0.713249717000053 ] ] ], [ [ [ 99.044341218000056, 0.759711012000025 ], [ 99.044581329000039, 0.759243903000026 ], [ 99.044209523000063, 0.759499531000074 ], [ 99.044341218000056, 0.759711012000025 ] ] ], [ [ [ 98.972760075000053, 1.345190362000039 ], [ 99.006261093000035, 1.306393718000038 ], [ 99.030784098000083, 1.29629538100005 ], [ 99.029214100000047, 1.26185509000004 ], [ 99.050383540000041, 1.204533088000062 ], [ 99.069168554000044, 1.197363644000063 ], [ 99.073034140000061, 1.186711721000052 ], [ 99.132808700000055, 1.167322690000049 ], [ 99.117327611000064, 1.101377021000076 ], [ 99.132349175000058, 1.110369595000066 ], [ 99.146092692000082, 1.107621539000036 ], [ 99.152347112000086, 1.097736456000064 ], [ 99.199679820000085, 1.090704367000058 ], [ 99.218617191000078, 1.06652555200003 ], [ 99.213005882000061, 1.062809617000028 ], [ 99.222616383000059, 1.042988981000065 ], [ 99.222520082000074, 1.049337425000033 ], [ 99.240369225000052, 1.04161595000005 ], [ 99.261638860000062, 1.051806985000042 ], [ 99.269520001000046, 1.097334993000061 ], [ 99.278123636000032, 1.095826611000064 ], [ 99.281609163000041, 1.083050024000045 ], [ 99.336272154000085, 1.023693026000046 ], [ 99.341998163000085, 1.026622067000062 ], [ 99.352047348000042, 1.016498646000059 ], [ 99.37473652500006, 1.023454710000067 ], [ 99.386589276000052, 1.007968831000028 ], [ 99.419622823000054, 0.989283079000074 ], [ 99.421571585000038, 0.979760425000052 ], [ 99.440070906000074, 0.976612532000047 ], [ 99.463659141000051, 1.018947792000063 ], [ 99.451676363000047, 1.046592265000072 ], [ 99.424435721000066, 1.071418495000046 ], [ 99.428596389000063, 1.089688370000033 ], [ 99.462836784000046, 1.114813543000025 ], [ 99.476245243000051, 1.115245980000054 ], [ 99.481117400000073, 1.127001263000068 ], [ 99.495592650000049, 1.127051876000053 ], [ 99.510595953000063, 1.114638121000041 ], [ 99.520395360000066, 1.119224348000046 ], [ 99.524600188000079, 1.105928329000051 ], [ 99.539147283000034, 1.10125208900007 ], [ 99.548282379000057, 1.086571328000048 ], [ 99.545114408000074, 1.069698233000054 ], [ 99.568829084000072, 1.069224108000071 ], [ 99.569671844000084, 1.040692877000026 ], [ 99.584121971000059, 1.015845650000074 ], [ 99.605220098000075, 1.000835727000037 ], [ 99.590323990000059, 0.98012824500006 ], [ 99.602873093000085, 0.950807781000037 ], [ 99.620532088000061, 0.948660009000037 ], [ 99.641765071000066, 0.919474261000062 ], [ 99.674095116000046, 0.932851671000037 ], [ 99.703070250000053, 0.926132496000037 ], [ 99.713667387000044, 0.913041444000044 ], [ 99.71055044700006, 0.902753958000062 ], [ 99.732787623000036, 0.893411645000072 ], [ 99.745710062000057, 0.867125841000075 ], [ 99.798739376000071, 0.858500851000031 ], [ 99.838333251000051, 0.826944438000055 ], [ 99.850142809000033, 0.791107169000043 ], [ 99.843280691000075, 0.781404621000036 ], [ 99.848170988000049, 0.763073912000038 ], [ 99.834709, 0.75716 ], [ 99.824965206000059, 0.736016584000026 ], [ 99.835462, 0.71083 ], [ 99.830833, 0.696111 ], [ 99.850556, 0.683611 ], [ 99.886627, 0.688705 ], [ 99.896202, 0.676593 ], [ 99.911316, 0.67981 ], [ 99.926374913000075, 0.632027809000022 ], [ 99.909248, 0.625633 ], [ 99.922953, 0.616053 ], [ 99.920412, 0.605069 ], [ 99.959623, 0.568721 ], [ 99.964473, 0.545916 ], [ 99.950261, 0.523807 ], [ 99.960718264000036, 0.513415139000074 ], [ 99.926761493000072, 0.496656105000056 ], [ 99.907282, 0.471538 ], [ 99.85865012000005, 0.463578034000022 ], [ 99.849313, 0.469979 ], [ 99.835802, 0.458703 ], [ 99.809781, 0.462717 ], [ 99.785007, 0.48125 ], [ 99.743952, 0.478858 ], [ 99.717817, 0.451362 ], [ 99.699237, 0.469145 ], [ 99.676772499000037, 0.472732575000066 ], [ 99.660556, 0.503611 ], [ 99.665375, 0.516177 ], [ 99.642541287000086, 0.545332942000073 ], [ 99.573369, 0.508856 ], [ 99.527994, 0.522497 ], [ 99.51252, 0.537931 ], [ 99.51918, 0.551981 ], [ 99.476389, 0.526111 ], [ 99.438537, 0.477589 ], [ 99.410037, 0.48439 ], [ 99.365998, 0.431547 ], [ 99.349907, 0.385073 ], [ 99.316666596000061, 0.333888835000039 ], [ 99.262753, 0.34459 ], [ 99.246082438000087, 0.338236266000024 ], [ 99.241666, 0.328289 ], [ 99.223494, 0.329261 ], [ 99.193663, 0.311628 ], [ 99.187293, 0.292269 ], [ 99.196143, 0.271953 ], [ 99.165541898000072, 0.229010309000046 ], [ 99.157781296000053, 0.246217259000048 ], [ 99.136947367000062, 0.25759955500007 ], [ 99.159882372000084, 0.270968801000038 ], [ 99.151205132000086, 0.327054701000066 ], [ 99.10877105700007, 0.346177161000071 ], [ 99.120957478000037, 0.352591954000047 ], [ 99.122810667000067, 0.367834957000071 ], [ 99.133646832000068, 0.376952789000029 ], [ 99.139485886000045, 0.423756342000047 ], [ 99.117469082000071, 0.503660483000033 ], [ 99.093002736000074, 0.507704108000041 ], [ 99.089239219000035, 0.531528078000065 ], [ 99.101148282000054, 0.528082572000073 ], [ 99.108052416000078, 0.537645303000033 ], [ 99.106504585000039, 0.580438893000064 ], [ 99.086366617000067, 0.619185524000045 ], [ 99.067410136000035, 0.631806472000051 ], [ 99.060422671000083, 0.62144610100006 ], [ 99.051241499000071, 0.621815410000067 ], [ 99.045574791000035, 0.638305059000061 ], [ 99.049474712000062, 0.645486392000066 ], [ 99.059297205000064, 0.639262108000025 ], [ 99.055011601000047, 0.650987151000038 ], [ 99.066363181000042, 0.659254547000046 ], [ 99.046481792000066, 0.670533480000074 ], [ 99.062016937000067, 0.690456637000068 ], [ 99.058534806000068, 0.742352298000071 ], [ 99.011788680000052, 0.824687080000047 ], [ 98.994727011000066, 0.820972036000057 ], [ 98.970095025000035, 0.847356515000058 ], [ 98.982135575000086, 0.84700091600007 ], [ 98.986498808000078, 0.855114982000032 ], [ 98.970099722000043, 0.93583747200006 ], [ 98.92853920400006, 1.038168636000023 ], [ 98.908846661000041, 1.128325269000072 ], [ 98.840402335000078, 1.283592540000029 ], [ 98.845464242000048, 1.299495488000048 ], [ 98.865939017000073, 1.27959990100004 ], [ 98.880980051000051, 1.299172626000029 ], [ 98.907881339000085, 1.293346745000065 ], [ 98.937724167000056, 1.327115473000049 ], [ 98.972760075000053, 1.345190362000039 ] ] ] ] } },
{ "type": "Feature", "properties": { "kemendagri_kab_code": 1214, "kemendagri_kab_name": "Kabupaten Nias Selatan", "kemendagri_prov_code": 12, "kemendagri_prov_name": "Sumatera Utara" }, "geometry": { "type": "MultiPolygon", "coordinates": [ [ [ [ 98.198182992000056, -0.107857948999936 ], [ 98.206029265000041, -0.128486386999953 ], [ 98.187025773000073, -0.143288059999975 ], [ 98.182442955000056, -0.118777811999962 ], [ 98.198182992000056, -0.107857948999936 ] ] ], [ [ [ 98.225454140000068, -0.10133329599995 ], [ 98.228937984000083, -0.108964087999937 ], [ 98.224144571000068, -0.111140868999939 ], [ 98.219488947000059, -0.10443093899994 ], [ 98.225454140000068, -0.10133329599995 ] ] ], [ [ [ 98.280309824000085, -0.10082046499997 ], [ 98.28844291200005, -0.103609035999966 ], [ 98.285233599000037, -0.110088003999977 ], [ 98.280309824000085, -0.10082046499997 ] ] ], [ [ [ 98.264439724000056, -0.095545515999959 ], [ 98.25885220400005, -0.096647616999974 ], [ 98.263212741000075, -0.091955985999959 ], [ 98.264439724000056, -0.095545515999959 ] ] ], [ [ [ 97.888895603000037, -0.061210530999972 ], [ 97.899049701000081, -0.097765023999955 ], [ 97.888273598000069, -0.106816493999929 ], [ 97.855957662000037, -0.090997836999975 ], [ 97.855563861000064, -0.080442547999951 ], [ 97.836486785000034, -0.066986077999957 ], [ 97.888895603000037, -0.061210530999972 ] ] ], [ [ [ 98.273983340000086, -0.032949057999929 ], [ 98.290537016000087, -0.080048647999945 ], [ 98.282385078000061, -0.094143570999961 ], [ 98.264993554000057, -0.064734917999942 ], [ 98.264330870000038, -0.039361479999968 ], [ 98.273983340000086, -0.032949057999929 ] ] ], [ [ [ 98.25463364400008, -0.037398893999978 ], [ 98.25976686000007, -0.038828758999955 ], [ 98.255776738000066, -0.042873139999926 ], [ 98.25463364400008, -0.037398893999978 ] ] ], [ [ [ 98.258482631000049, -0.026135212999975 ], [ 98.255494703000068, -0.028089924999961 ], [ 98.256005987000037, -0.024867220999965 ], [ 98.258482631000049, -0.026135212999975 ] ] ], [ [ [ 98.245437990000084, -0.009209184999975 ], [ 98.244304658000033, -0.00864461599997 ], [ 98.244080379000081, -0.006832119999956 ], [ 98.245437990000084, -0.009209184999975 ] ] ], [ [ [ 98.230632979000063, 0.008326422000039 ], [ 98.232976749000045, 0.002124357000071 ], [ 98.217295986000067, -0.008843468999942 ], [ 98.219771930000036, 0.004535941000029 ], [ 98.230632979000063, 0.008326422000039 ] ] ], [ [ [ 98.263666447000048, 0.01399411400007 ], [ 98.263025183000082, 0.007499376000055 ], [ 98.245871291000071, -0.000802519999979 ], [ 98.254557871000031, 0.011923983000031 ], [ 98.263666447000048, 0.01399411400007 ] ] ], [ [ [ 98.212315381000053, 0.020178780000037 ], [ 98.218222988000036, 0.022173660000021 ], [ 98.217294998000057, 0.018924804000051 ], [ 98.212315381000053, 0.020178780000037 ] ] ], [ [ [ 98.212146273000087, 0.054024774000027 ], [ 98.215771620000055, 0.052558074000046 ], [ 98.212336273000062, 0.049238726000056 ], [ 98.212146273000087, 0.054024774000027 ] ] ], [ [ [ 98.228863740000065, 0.062998864000065 ], [ 98.239314333000038, 0.059390411000038 ], [ 98.237126418000059, 0.051174132000028 ], [ 98.230091542000082, 0.053736812000068 ], [ 98.228863740000065, 0.062998864000065 ] ] ], [ [ [ 97.664895253000054, 0.695631692000063 ], [ 97.664956253000071, 0.695778692000033 ], [ 97.665032253000049, 0.69564469200003 ], [ 97.664895253000054, 0.695631692000063 ] ] ], [ [ [ 97.653871805000051, 0.723272505000068 ], [ 97.653467805000048, 0.72282150500007 ], [ 97.653314805000036, 0.723096505000058 ], [ 97.653871805000051, 0.723272505000068 ] ] ], [ [ [ 97.652518379000071, 0.728489545000059 ], [ 97.652648379000084, 0.728534545000059 ], [ 97.652663379000046, 0.72846654500006 ], [ 97.652518379000071, 0.728489545000059 ] ] ], [ [ [ 97.646898709000084, 0.730660869000076 ], [ 97.646493934000034, 0.730586305000031 ], [ 97.646728277000079, 0.730964450000045 ], [ 97.646898709000084, 0.730660869000076 ] ] ], [ [ [ 97.626281533000054, 0.784906369000055 ], [ 97.626653388000079, 0.784832275000042 ], [ 97.626393388000054, 0.784770275000028 ], [ 97.626281533000054, 0.784906369000055 ] ] ], [ [ [ 97.620010637000064, 1.027434136000068 ], [ 97.648936074000062, 1.000832243000048 ], [ 97.653508889000079, 1.008093612000039 ], [ 97.661075768000046, 0.997465560000023 ], [ 97.688087202000077, 1.000982708000038 ], [ 97.694456109000043, 0.93276944400003 ], [ 97.751057797000044, 0.950166913000032 ], [ 97.76522361800005, 0.961708413000053 ], [ 97.779188823000084, 0.943034460000035 ], [ 97.801722318000031, 0.937882927000032 ], [ 97.804507895000086, 0.922127258000046 ], [ 97.875236290000032, 0.932987486000059 ], [ 97.896651832000032, 0.894720181000025 ], [ 97.903620255000078, 0.894444446000023 ], [ 97.893217234000076, 0.84128851600002 ], [ 97.911598663000063, 0.799303345000055 ], [ 97.891483057000073, 0.769287546000044 ], [ 97.886791, 0.743318 ], [ 97.89743741500007, 0.713824656000043 ], [ 97.892728095000052, 0.654507883000065 ], [ 97.900381804000062, 0.626248321000048 ], [ 97.878929377000077, 0.601543936000041 ], [ 97.852575900000033, 0.588450522000073 ], [ 97.836338549000061, 0.57023326500007 ], [ 97.836738900000057, 0.558608163000031 ], [ 97.819621478000045, 0.567428694000057 ], [ 97.827222450000079, 0.544418384000039 ], [ 97.809378868000067, 0.54910503900004 ], [ 97.803867010000033, 0.559764749000067 ], [ 97.797656776000053, 0.550403363000044 ], [ 97.792352909000044, 0.561290095000061 ], [ 97.782327, 0.5527 ], [ 97.780572246000077, 0.567428407000023 ], [ 97.788111494000077, 0.564532844000041 ], [ 97.780393, 0.580075 ], [ 97.76695, 0.557463 ], [ 97.744182898000076, 0.553891860000022 ], [ 97.74067646900005, 0.58109789100007 ], [ 97.732057611000073, 0.579557241000032 ], [ 97.728626016000078, 0.567123937000019 ], [ 97.709733937000067, 0.561343821000037 ], [ 97.684385235000036, 0.584021859000075 ], [ 97.684418227000037, 0.600264969000023 ], [ 97.69409650700004, 0.601301782000064 ], [ 97.695731311000031, 0.61806969600002 ], [ 97.661681452000039, 0.676079172000073 ], [ 97.668416783000055, 0.691543194000076 ], [ 97.659288228000037, 0.713127851000024 ], [ 97.651711697000053, 0.714558319000048 ], [ 97.656169569000042, 0.725330180000071 ], [ 97.650607468000032, 0.732730758000059 ], [ 97.655395905000034, 0.743565157000035 ], [ 97.645741282000074, 0.759558008000056 ], [ 97.63510129000008, 0.760898008000026 ], [ 97.641681282000036, 0.766828008000061 ], [ 97.630562412000074, 0.788924438000038 ], [ 97.633521290000033, 0.799578008000026 ], [ 97.622227868000039, 0.81206178900004 ], [ 97.605524383000045, 0.814193086000046 ], [ 97.602383942000074, 0.838170656000045 ], [ 97.558320410000078, 0.867156082000065 ], [ 97.558139571000083, 0.880200287000036 ], [ 97.548238123000033, 0.888248508000061 ], [ 97.549524217000055, 0.902530446000071 ], [ 97.523611111000037, 0.95166666700004 ], [ 97.552861225000072, 0.991612844000031 ], [ 97.587777778000032, 1.018611111000041 ], [ 97.620010637000064, 1.027434136000068 ] ] ], [ [ [ 97.625837205000039, 0.785333884000067 ], [ 97.626086205000036, 0.785465740000063 ], [ 97.626023205000081, 0.785294884000052 ], [ 97.625837205000039, 0.785333884000067 ] ] ], [ [ [ 97.605655701000046, 0.812353504000043 ], [ 97.605976928000075, 0.813310047000073 ], [ 97.606533722000052, 0.813756196000043 ], [ 97.605655701000046, 0.812353504000043 ] ] ], [ [ [ 97.545608969000057, 0.860277053000061 ], [ 97.547934893000047, 0.859322294000037 ], [ 97.544594724000035, 0.859149783000021 ], [ 97.545608969000057, 0.860277053000061 ] ] ], [ [ [ 98.418511239000054, -0.24140443999994 ], [ 98.42917830500005, -0.251080291999926 ], [ 98.447360804000084, -0.247871645999965 ], [ 98.449722534000045, -0.262045237999928 ], [ 98.489123509000081, -0.299858737999955 ], [ 98.500193541000044, -0.337910374999979 ], [ 98.521507541000062, -0.36025445699994 ], [ 98.52099714700006, -0.375051134999978 ], [ 98.509566216000053, -0.371558085999936 ], [ 98.512604642000042, -0.383007125999939 ], [ 98.522411194000085, -0.379966769999953 ], [ 98.514922334000062, -0.396772145999932 ], [ 98.501943837000056, -0.39074691199994 ], [ 98.49989577100007, -0.397574933999977 ], [ 98.514224689000059, -0.41454329499993 ], [ 98.502783859000033, -0.450628739999956 ], [ 98.505893172000071, -0.494346260999976 ], [ 98.481174518000046, -0.516787368999928 ], [ 98.506013460000077, -0.543162508999956 ], [ 98.505628318000049, -0.556743998999934 ], [ 98.491472422000072, -0.573241177999932 ], [ 98.488298998000062, -0.551106349999941 ], [ 98.466592999000056, -0.575088066999967 ], [ 98.476444842000035, -0.535396972999933 ], [ 98.469816863000062, -0.532107535999955 ], [ 98.451259984000046, -0.545727947999978 ], [ 98.431534925000051, -0.540141261999963 ], [ 98.416413943000066, -0.553623674999926 ], [ 98.425913058000049, -0.588573144999941 ], [ 98.417003161000082, -0.598397508999938 ], [ 98.393534199000044, -0.56333204799995 ], [ 98.287481444000036, -0.523215464999964 ], [ 98.32341518000004, -0.507805442999938 ], [ 98.325737958000047, -0.522322997999936 ], [ 98.345792213000038, -0.518778537999935 ], [ 98.343886785000052, -0.498459939999975 ], [ 98.352921006000088, -0.496457144999965 ], [ 98.354907626000056, -0.471347210999966 ], [ 98.375567961000058, -0.461169286999962 ], [ 98.372674945000085, -0.383203193999975 ], [ 98.382829172000072, -0.369469839999965 ], [ 98.384241362000068, -0.343273500999942 ], [ 98.409122811000032, -0.31355500799998 ], [ 98.423284840000065, -0.317515279999952 ], [ 98.440773942000078, -0.301829990999977 ], [ 98.440417541000045, -0.284365770999955 ], [ 98.413830313000062, -0.246326144999955 ], [ 98.418511239000054, -0.24140443999994 ] ] ], [ [ [ 98.407468155000061, -0.307814458999928 ], [ 98.411453411000082, -0.310550521999971 ], [ 98.408117147000041, -0.313240321999956 ], [ 98.407468155000061, -0.307814458999928 ] ] ], [ [ [ 98.407452834000082, -0.306899946999977 ], [ 98.407894918000068, -0.30727785199997 ], [ 98.407495616000062, -0.307256460999952 ], [ 98.407452834000082, -0.306899946999977 ] ] ], [ [ [ 98.407586516000038, -0.306590459999939 ], [ 98.407282872000053, -0.306103904999929 ], [ 98.407893122000075, -0.306547677999959 ], [ 98.407586516000038, -0.306590459999939 ] ] ], [ [ [ 98.389471980000053, -0.274108142999978 ], [ 98.381935669000086, -0.270765623999978 ], [ 98.382755074000045, -0.260655951999979 ], [ 98.389453482000079, -0.264356426999939 ], [ 98.389471980000053, -0.274108142999978 ] ] ], [ [ [ 98.399721484000054, -0.232035279999934 ], [ 98.40710129200005, -0.232783094999945 ], [ 98.409125764000066, -0.234331286999975 ], [ 98.404463280000073, -0.236233591999962 ], [ 98.399721484000054, -0.232035279999934 ] ] ], [ [ [ 98.389055425000038, -0.212906266999937 ], [ 98.382878031000075, -0.215718172999971 ], [ 98.387137728000084, -0.212113361999968 ], [ 98.389055425000038, -0.212906266999937 ] ] ], [ [ [ 98.372726433000082, -0.196117860999948 ], [ 98.37223014500006, -0.198706160999961 ], [ 98.370482350000032, -0.196333075999974 ], [ 98.372726433000082, -0.196117860999948 ] ] ], [ [ [ 98.37001749600006, -0.000624160999962 ], [ 98.391717830000061, 0.004478827000071 ], [ 98.395515450000062, -0.014573516999974 ], [ 98.414924713000062, 0.001637751000032 ], [ 98.418265477000034, -0.037544833999959 ], [ 98.422926841000049, -0.033675829999936 ], [ 98.445741113000054, -0.073757850999925 ], [ 98.470857864000038, -0.094365536999931 ], [ 98.46836647300006, -0.107948071999942 ], [ 98.478800370000044, -0.122016955999925 ], [ 98.483882898000047, -0.124386898999944 ], [ 98.47967125200006, -0.135808311999938 ], [ 98.487937500000044, -0.137150327999962 ], [ 98.475302562000081, -0.14847894199994 ], [ 98.495627204000073, -0.18947776899995 ], [ 98.492685816000062, -0.210225504999926 ], [ 98.508409928000049, -0.215992521999965 ], [ 98.508074424000085, -0.226121886999977 ], [ 98.51901756500007, -0.221638982999934 ], [ 98.510180247000051, -0.228784503999975 ], [ 98.523148309000078, -0.227604291999967 ], [ 98.520402152000031, -0.231920214999946 ], [ 98.547084572000074, -0.246657745999926 ], [ 98.573048530000051, -0.280091272999925 ], [ 98.568278702000043, -0.330692889999966 ], [ 98.551260797000054, -0.335375669999962 ], [ 98.539810830000079, -0.32917955299996 ], [ 98.54353040400008, -0.36559482399997 ], [ 98.55706477800004, -0.378458190999936 ], [ 98.557331644000044, -0.390943771999957 ], [ 98.548527272000058, -0.390486365999948 ], [ 98.535407078000048, -0.352260972999943 ], [ 98.525020730000051, -0.342874 ], [ 98.526398617000041, -0.331838417999961 ], [ 98.516004323000061, -0.317979286999957 ], [ 98.509001570000066, -0.31625893699993 ], [ 98.50417602300007, -0.307692876999965 ], [ 98.506824363000078, -0.297449297999947 ], [ 98.434447552000051, -0.209782050999934 ], [ 98.432973344000061, -0.186274477999973 ], [ 98.423917746000086, -0.184213804999956 ], [ 98.412825233000035, -0.157947935999971 ], [ 98.366714117000072, -0.108386339999925 ], [ 98.38019468400006, -0.103724861999979 ], [ 98.350188331000084, -0.043034041999931 ], [ 98.340817533000063, -0.032888720999949 ], [ 98.33028293700005, -0.036759847999974 ], [ 98.328061883000032, -0.028532630999962 ], [ 98.318796008000049, -0.032780270999979 ], [ 98.293175702000042, -0.020337420999965 ], [ 98.319863033000047, -0.014809455999966 ], [ 98.347055604000047, 0.004771319000042 ], [ 98.37001749600006, -0.000624160999962 ] ] ], [ [ [ 98.41003926500008, -0.172761744999946 ], [ 98.408997110000087, -0.170510072999946 ], [ 98.411659980000081, -0.170128032999969 ], [ 98.41003926500008, -0.172761744999946 ] ] ], [ [ [ 98.329773298000077, -0.092322204999959 ], [ 98.339237549000075, -0.100186312999938 ], [ 98.335311373000081, -0.126591897999958 ], [ 98.346711387000084, -0.142776816999969 ], [ 98.319657713000083, -0.125007804999939 ], [ 98.322326126000064, -0.114363069999968 ], [ 98.318289990000039, -0.102852008999946 ], [ 98.329773298000077, -0.092322204999959 ] ] ], [ [ [ 98.285703132000037, -0.111193281999931 ], [ 98.285460588000035, -0.110602211999947 ], [ 98.285737128000051, -0.110647925999956 ], [ 98.285703132000037, -0.111193281999931 ] ] ], [ [ [ 98.284709529000054, -0.110246604999929 ], [ 98.284844600000042, -0.110917305999976 ], [ 98.284267833000058, -0.110772967999935 ], [ 98.284709529000054, -0.110246604999929 ] ] ], [ [ [ 98.301824560000057, -0.098412380999946 ], [ 98.316804769000044, -0.098210958999971 ], [ 98.320287920000055, -0.115621070999964 ], [ 98.303518518000033, -0.11240657299993 ], [ 98.301824560000057, -0.098412380999946 ] ] ], [ [ [ 98.358897185000046, -0.093721155999958 ], [ 98.361103611000033, -0.094488215999945 ], [ 98.360379352000052, -0.095322459999977 ], [ 98.358897185000046, -0.093721155999958 ] ] ], [ [ [ 98.310795072000076, -0.090660843999956 ], [ 98.303892147000056, -0.095157060999952 ], [ 98.304267775000085, -0.089746563999938 ], [ 98.310795072000076, -0.090660843999956 ] ] ], [ [ [ 98.348757030000058, -0.081615802999977 ], [ 98.348910665000062, -0.079774698999927 ], [ 98.349656487000061, -0.080650454999954 ], [ 98.348757030000058, -0.081615802999977 ] ] ], [ [ [ 98.299267839000038, -0.059364234999975 ], [ 98.314862918000074, -0.069482325999957 ], [ 98.331020384000055, -0.061551450999957 ], [ 98.330896562000078, -0.073029706999932 ], [ 98.342637624000076, -0.066751837999959 ], [ 98.344844508000051, -0.08239148499996 ], [ 98.357185337000033, -0.089472112999943 ], [ 98.347681756000043, -0.097283533999928 ], [ 98.323045710000088, -0.090123025999958 ], [ 98.295373332000054, -0.071334487999934 ], [ 98.299267839000038, -0.059364234999975 ] ] ], [ [ [ 98.359228501000075, -0.072907121999947 ], [ 98.361629446000052, -0.077175196999974 ], [ 98.358192037000038, -0.076267617999974 ], [ 98.359228501000075, -0.072907121999947 ] ] ], [ [ [ 98.331896158000063, -0.059779354999932 ], [ 98.330878337000058, -0.061394173999929 ], [ 98.330611906000058, -0.060393193999971 ], [ 98.331896158000063, -0.059779354999932 ] ] ], [ [ [ 98.313472460000071, -0.04736341499995 ], [ 98.327453168000034, -0.053571130999956 ], [ 98.324437809000074, -0.061398397999938 ], [ 98.317335609000054, -0.062447808999934 ], [ 98.313472460000071, -0.04736341499995 ] ] ], [ [ [ 98.435954382000034, -0.041332685999976 ], [ 98.434415793000085, -0.040603612999973 ], [ 98.435514050000052, -0.040246097999955 ], [ 98.435954382000034, -0.041332685999976 ] ] ], [ [ [ 98.294083171000068, 0.051746717000071 ], [ 98.30015198600006, 0.04772661800007 ], [ 98.292423497000073, 0.05009418100002 ], [ 98.294083171000068, 0.051746717000071 ] ] ], [ [ [ 98.511820455000077, -0.638286780999977 ], [ 98.488402037000071, -0.615200346999927 ], [ 98.501551540000037, -0.595452678999948 ], [ 98.520464271000037, -0.620543760999965 ], [ 98.520629580000048, -0.635932766999929 ], [ 98.511820455000077, -0.638286780999977 ] ] ], [ [ [ 98.504314625000063, -0.534752608999952 ], [ 98.500505375000046, -0.530574459999968 ], [ 98.505782673000056, -0.532799884999974 ], [ 98.504314625000063, -0.534752608999952 ] ] ], [ [ [ 98.51642066800008, -0.500525694999965 ], [ 98.519123069000045, -0.494599142999959 ], [ 98.524453050000034, -0.494907255999976 ], [ 98.522752456000035, -0.500311791999934 ], [ 98.51642066800008, -0.500525694999965 ] ] ], [ [ [ 98.51775563800004, -0.479466599999967 ], [ 98.517458205000082, -0.47642088899994 ], [ 98.518540860000087, -0.476093713999944 ], [ 98.51775563800004, -0.479466599999967 ] ] ], [ [ [ 98.519292951000068, -0.461704970999961 ], [ 98.518906289000086, -0.460967337999932 ], [ 98.519166667000036, -0.460833332999925 ], [ 98.519292951000068, -0.461704970999961 ] ] ], [ [ [ 98.516918128000043, -0.455460509999966 ], [ 98.515169224000033, -0.45769482399993 ], [ 98.514048498000079, -0.456338530999972 ], [ 98.516918128000043, -0.455460509999966 ] ] ], [ [ [ 98.508591331000048, -0.398787957999957 ], [ 98.508241588000033, -0.399783986999978 ], [ 98.507618132000061, -0.399211501999957 ], [ 98.508591331000048, -0.398787957999957 ] ] ], [ [ [ 98.514540374000035, -0.337453435999976 ], [ 98.508264546000078, -0.337679484999967 ], [ 98.511072310000031, -0.334324444999936 ], [ 98.514540374000035, -0.337453435999976 ] ] ], [ [ [ 98.508467990000042, -0.331535477999978 ], [ 98.506219399000088, -0.335611494999966 ], [ 98.506069493000041, -0.33152120099993 ], [ 98.508467990000042, -0.331535477999978 ] ] ], [ [ [ 98.513665058000072, -0.319029172999933 ], [ 98.519740674000047, -0.329850718999978 ], [ 98.511024356000064, -0.324295167999935 ], [ 98.513665058000072, -0.319029172999933 ] ] ], [ [ [ 98.497055035000074, -0.313618471999973 ], [ 98.493668099000047, -0.31329760899996 ], [ 98.495429306000062, -0.311165653999979 ], [ 98.497055035000074, -0.313618471999973 ] ] ], [ [ [ 98.491418680000038, -0.286526047999928 ], [ 98.487863658000038, -0.286337149999952 ], [ 98.487008014000082, -0.283754682999927 ], [ 98.491418680000038, -0.286526047999928 ] ] ], [ [ [ 98.467365329000074, -0.278528053999935 ], [ 98.467714719000071, -0.276567218999958 ], [ 98.468819929000063, -0.27826423199997 ], [ 98.467365329000074, -0.278528053999935 ] ] ], [ [ [ 98.517563515000063, -0.18860065299998 ], [ 98.517338656000049, -0.187440665999929 ], [ 98.518270215000086, -0.18840791699995 ], [ 98.517563515000063, -0.18860065299998 ] ] ], [ [ [ 98.508022408000045, -0.176078253999947 ], [ 98.507330760000059, -0.176719986999956 ], [ 98.507708671000046, -0.175885734999952 ], [ 98.508022408000045, -0.176078253999947 ] ] ], [ [ [ 98.514576533000081, -0.116255394999939 ], [ 98.510788431000037, -0.111106240999959 ], [ 98.513520052000047, -0.108926654999948 ], [ 98.514576533000081, -0.116255394999939 ] ] ], [ [ [ 98.477471595000054, -0.10116318799993 ], [ 98.485728911000081, -0.11190314299995 ], [ 98.484623301000056, -0.122396931999958 ], [ 98.469472830000086, -0.107731545999968 ], [ 98.477471595000054, -0.10116318799993 ] ] ], [ [ [ 98.486868636000054, -0.098928832999945 ], [ 98.492404533000069, -0.112478357999976 ], [ 98.498132601000066, -0.115298365999934 ], [ 98.493143455000052, -0.115080128999978 ], [ 98.48817701300004, -0.109936794999953 ], [ 98.486868636000054, -0.098928832999945 ] ] ], [ [ [ 98.504820292000034, -0.092963089999955 ], [ 98.504424300000039, -0.094399282999973 ], [ 98.503817537000032, -0.093173859999979 ], [ 98.504820292000034, -0.092963089999955 ] ] ], [ [ [ 98.462558026000067, -0.065297938999947 ], [ 98.462879016000045, -0.06457385799996 ], [ 98.462795790000087, -0.065357782999968 ], [ 98.462558026000067, -0.065297938999947 ] ] ], [ [ [ 98.493512521000071, -0.028499215999943 ], [ 98.505754125000067, -0.047893577999957 ], [ 98.500047498000072, -0.071259478999934 ], [ 98.485702611000079, -0.03639835599995 ], [ 98.493512521000071, -0.028499215999943 ] ] ], [ [ [ 98.449333755000055, -0.018883384999924 ], [ 98.452153417000034, -0.022573928999975 ], [ 98.451074751000078, -0.023250718999975 ], [ 98.449333755000055, -0.018883384999924 ] ] ], [ [ [ 98.454902329000049, 0.04094365900005 ], [ 98.459012083000061, 0.036505506000026 ], [ 98.460377849000054, 0.026957863000064 ], [ 98.454902329000049, 0.04094365900005 ] ] ], [ [ [ 98.534829740000077, -0.396973832999947 ], [ 98.533481674000086, -0.392289889999972 ], [ 98.536510813000064, -0.39474066799994 ], [ 98.534829740000077, -0.396973832999947 ] ] ], [ [ [ 98.521248867000054, -0.385538856999972 ], [ 98.521305910000081, -0.384892382999965 ], [ 98.521524575000058, -0.385619665999968 ], [ 98.521248867000054, -0.385538856999972 ] ] ], [ [ [ 98.575720253000043, -0.326017486999945 ], [ 98.576969470000051, -0.336011619999965 ], [ 98.569579672000032, -0.333641635999925 ], [ 98.575720253000043, -0.326017486999945 ] ] ], [ [ [ 98.532376533000047, -0.224623985999926 ], [ 98.530068456000038, -0.228954604999956 ], [ 98.529604461000076, -0.223481844999981 ], [ 98.532376533000047, -0.224623985999926 ] ] ], [ [ [ 98.567750019000073, -0.173045474999924 ], [ 98.567969540000036, -0.172200749999945 ], [ 98.568201610000074, -0.173057358999927 ], [ 98.567750019000073, -0.173045474999924 ] ] ], [ [ [ 98.514697911000042, -0.136779213999944 ], [ 98.527799223000045, -0.143056231999935 ], [ 98.526930720000053, -0.148302942999976 ], [ 98.514697911000042, -0.136779213999944 ] ] ], [ [ [ 98.603950487000077, -0.10515522999998 ], [ 98.60435990600007, -0.104140141999949 ], [ 98.604745640000033, -0.104593547999968 ], [ 98.603950487000077, -0.10515522999998 ] ] ], [ [ [ 98.599242925000055, -0.071587546999979 ], [ 98.599504864000039, -0.070462652999936 ], [ 98.600079459000085, -0.071281450999948 ], [ 98.599242925000055, -0.071587546999979 ] ] ], [ [ [ 98.611295753000036, -0.066660623999951 ], [ 98.61085786600006, -0.066051884999979 ], [ 98.611363249000078, -0.066154724999933 ], [ 98.611295753000036, -0.066660623999951 ] ] ], [ [ [ 98.52786122100008, -0.032962697999949 ], [ 98.537476623000032, -0.060573963999957 ], [ 98.545871362000071, -0.062429943999973 ], [ 98.545307429000047, -0.071081663999962 ], [ 98.525576939000075, -0.055762693999952 ], [ 98.52786122100008, -0.032962697999949 ] ] ], [ [ [ 98.61109229300007, 0.013276045000055 ], [ 98.609471880000058, 0.01228143000003 ], [ 98.609436188000075, 0.012714492000043 ], [ 98.61109229300007, 0.013276045000055 ] ] ], [ [ [ 98.641264048000039, 0.01991595100003 ], [ 98.642810698000062, 0.018669709000051 ], [ 98.641612044000055, 0.018446634000043 ], [ 98.641264048000039, 0.01991595100003 ] ] ], [ [ [ 98.929414805000079, 0.030961787000024 ], [ 98.928516321000075, 0.031140722000032 ], [ 98.928771399000084, 0.031511918000035 ], [ 98.929414805000079, 0.030961787000024 ] ] ], [ [ [ 98.622094143000083, 0.036045614000045 ], [ 98.624176171000045, 0.03324974700007 ], [ 98.620404726000061, 0.035636347000036 ], [ 98.622094143000083, 0.036045614000045 ] ] ], [ [ [ 98.928771097000038, 0.053940048000072 ], [ 98.931850595000071, 0.047819479000054 ], [ 98.930534159000047, 0.046453669000073 ], [ 98.927955418000067, 0.048782566000057 ], [ 98.928771097000038, 0.053940048000072 ] ] ], [ [ [ 98.633025567000061, 0.072284722000063 ], [ 98.637110626000037, 0.067622263000032 ], [ 98.627637040000081, 0.064376107000044 ], [ 98.633025567000061, 0.072284722000063 ] ] ], [ [ [ 98.625687519000053, 0.083930104000046 ], [ 98.625268734000088, 0.084579696000048 ], [ 98.62582076800004, 0.084427411000036 ], [ 98.625687519000053, 0.083930104000046 ] ] ], [ [ [ 98.897642337000036, 0.090433500000074 ], [ 98.894361655000068, 0.088294959000052 ], [ 98.895304517000056, 0.09143584800006 ], [ 98.897642337000036, 0.090433500000074 ] ] ], [ [ [ 98.950279786000067, 0.089805431000059 ], [ 98.950215065000066, 0.090490716000033 ], [ 98.950603393000051, 0.09042789800003 ], [ 98.950279786000067, 0.089805431000059 ] ] ], [ [ [ 98.613086300000077, 0.180861763000053 ], [ 98.622439961000055, 0.173030956000048 ], [ 98.656622980000066, 0.175846335000074 ], [ 98.680920982000032, 0.168059152000069 ], [ 98.709512585000084, 0.178067165000073 ], [ 98.713193611000065, 0.160761345000026 ], [ 98.723294423000084, 0.15689948000005 ], [ 98.740707121000071, 0.164971801000036 ], [ 98.753579836000085, 0.155664261000027 ], [ 98.774434424000049, 0.174225048000039 ], [ 98.787822461000076, 0.165741080000032 ], [ 98.798034959000063, 0.170929792000038 ], [ 98.853568777000078, 0.117155954000054 ], [ 98.845698589000051, 0.088516779000031 ], [ 98.853510210000081, 0.080842422000046 ], [ 98.829874493000034, 0.078963669000075 ], [ 98.816986143000065, 0.09162359100003 ], [ 98.79608614700004, 0.088747418000025 ], [ 98.782565256000055, 0.095961745000068 ], [ 98.769035641000073, 0.088366506000057 ], [ 98.768792936000068, 0.079495875000021 ], [ 98.748725985000078, 0.070954607000033 ], [ 98.67257846800004, 0.080775312000071 ], [ 98.654210219000049, 0.072418645000027 ], [ 98.64422600100005, 0.081075124000051 ], [ 98.626386944000046, 0.086424787000055 ], [ 98.617114184000059, 0.083448478000037 ], [ 98.601880875000063, 0.09340493600007 ], [ 98.553807382000059, 0.091772760000026 ], [ 98.535964994000039, 0.102092482000046 ], [ 98.525236004000078, 0.143709255000033 ], [ 98.565619622000042, 0.173039086000074 ], [ 98.613086300000077, 0.180861763000053 ] ] ], [ [ [ 98.786481746000049, 0.171188785000027 ], [ 98.789190762000032, 0.170047833000069 ], [ 98.788381745000038, 0.169410138000046 ], [ 98.786481746000049, 0.171188785000027 ] ] ], [ [ [ 98.811579342000073, 0.175154134000024 ], [ 98.810951164000073, 0.17531593700005 ], [ 98.810942598000054, 0.175985042000036 ], [ 98.811579342000073, 0.175154134000024 ] ] ] ] } },
{ "type": "Feature", "properties": { "kemendagri_kab_code": 1215, "kemendagri_kab_name": "Kabupaten Pakpak Bharat", "kemendagri_prov_code": 12, "kemendagri_prov_name": "Sumatera Utara" }, "geometry": { "type": "Polygon", "coordinates": [ [ [ 98.467508056000042, 2.549219167000047 ], [ 98.42014576300005, 2.536844420000023 ], [ 98.444152391000046, 2.50513675000002 ], [ 98.425700902000074, 2.484713753000051 ], [ 98.431046215000038, 2.467493418000061 ], [ 98.42138888900007, 2.47638888900002 ], [ 98.409295833000044, 2.46201277800003 ], [ 98.36392, 2.458700556000053 ], [ 98.348766389000048, 2.423025 ], [ 98.298718889000043, 2.417505278000021 ], [ 98.3075, 2.387222222000048 ], [ 98.302777778000063, 2.335277778000034 ], [ 98.276666667000086, 2.338888889000032 ], [ 98.252054530000066, 2.355585621000046 ], [ 98.26183704500005, 2.341396261000057 ], [ 98.264026111000078, 2.264501111000072 ], [ 98.197048362000032, 2.311596431000055 ], [ 98.14800486300004, 2.422623033000036 ], [ 98.084396932000061, 2.504551345000039 ], [ 98.0766, 2.574786111000037 ], [ 98.084809442000051, 2.60340942800002 ], [ 98.107145589000083, 2.604220694000048 ], [ 98.110291751000034, 2.611092086000042 ], [ 98.104019154000071, 2.68193463800003 ], [ 98.072847279000086, 2.731003778000058 ], [ 98.076501358000087, 2.750604875000022 ], [ 98.069365278000078, 2.764166767000063 ], [ 98.119657330000052, 2.785760074000052 ], [ 98.137867695000068, 2.77025990900006 ], [ 98.15794777800005, 2.769264444000044 ], [ 98.161170363000053, 2.757789624000054 ], [ 98.170298739000032, 2.75389412100003 ], [ 98.178397056000051, 2.760254909000025 ], [ 98.193138460000057, 2.737886116000027 ], [ 98.240414869000062, 2.718958864000058 ], [ 98.24689023600007, 2.708636651000063 ], [ 98.260846427000047, 2.719727369000054 ], [ 98.277363402000049, 2.717386894000072 ], [ 98.307033111000067, 2.696077890000026 ], [ 98.337745769000037, 2.703108202000067 ], [ 98.34004499200006, 2.678846234000048 ], [ 98.357014887000048, 2.659778248000066 ], [ 98.422204351000062, 2.635683172000029 ], [ 98.441124381000066, 2.586701209000069 ], [ 98.465079489000061, 2.561684061000051 ], [ 98.467508056000042, 2.549219167000047 ] ] ] } },
{ "type": "Feature", "properties": { "kemendagri_kab_code": 1216, "kemendagri_kab_name": "Kabupaten Humbang Hasundutan", "kemendagri_prov_code": 12, "kemendagri_prov_name": "Sumatera Utara" }, "geometry": { "type": "Polygon", "coordinates": [ [ [ 98.849782944000083, 2.355897903000027 ], [ 98.845582962000037, 2.343835831000035 ], [ 98.857349449000083, 2.33692951200004 ], [ 98.949165376000053, 2.318722569000045 ], [ 98.960666667000055, 2.298277778000056 ], [ 98.962638889000061, 2.267361111000071 ], [ 98.944954058000064, 2.263897340000028 ], [ 98.918051610000077, 2.224165061000065 ], [ 98.884108611000045, 2.219120278000048 ], [ 98.877049998000075, 2.212880463000033 ], [ 98.88583333400004, 2.204841195000029 ], [ 98.863527778000048, 2.217638889000057 ], [ 98.842442366000057, 2.211863643000072 ], [ 98.811905, 2.221012778000045 ], [ 98.811835640000083, 2.201896096000041 ], [ 98.824513889000059, 2.187236111000061 ], [ 98.8212, 2.173183333000054 ], [ 98.841545833000055, 2.167535278000059 ], [ 98.841009167000038, 2.16203611100002 ], [ 98.769964444000038, 2.147834167000042 ], [ 98.772888889000058, 2.141611111000032 ], [ 98.755707778000044, 2.131276667000066 ], [ 98.734858333000034, 2.128591667000023 ], [ 98.735038889000066, 2.121130556000026 ], [ 98.725277778000077, 2.119444444000067 ], [ 98.734896916000082, 2.113580797000054 ], [ 98.732220023000082, 2.104211669000051 ], [ 98.714703889000077, 2.102797500000065 ], [ 98.716177222000056, 2.07571222200005 ], [ 98.690351111000041, 2.053056667000021 ], [ 98.679304303000038, 2.016554916000075 ], [ 98.672222222000073, 2.010833333000051 ], [ 98.657959168000048, 2.014724381000065 ], [ 98.643888889000038, 1.998861111000053 ], [ 98.634644637000065, 2.013658966000037 ], [ 98.60842152400005, 2.021663327000056 ], [ 98.608626525000034, 2.060342816000059 ], [ 98.595695918000047, 2.082192324000061 ], [ 98.563915961000077, 2.072704386000055 ], [ 98.543965251000031, 2.082839945000046 ], [ 98.499794248000057, 2.080630944000063 ], [ 98.437923696000041, 2.108234110000069 ], [ 98.393669407000061, 2.117221549000021 ], [ 98.362037953000083, 2.141643250000072 ], [ 98.309875802000079, 2.161731461000045 ], [ 98.277618742000072, 2.203609220000033 ], [ 98.277290692000065, 2.254176850000022 ], [ 98.266111111000043, 2.263611111000046 ], [ 98.261832439000045, 2.341429962000063 ], [ 98.251435558000082, 2.354204570000036 ], [ 98.258333333000053, 2.356111111000075 ], [ 98.276666667000086, 2.338888889000032 ], [ 98.302777778000063, 2.335277778000034 ], [ 98.3075, 2.387222222000048 ], [ 98.298718889000043, 2.417505278000021 ], [ 98.348766389000048, 2.423025 ], [ 98.36392, 2.458700556000053 ], [ 98.409295833000044, 2.46201277800003 ], [ 98.42138888900007, 2.47638888900002 ], [ 98.457437515000038, 2.436471939000057 ], [ 98.523946762000037, 2.426351547000024 ], [ 98.537099838000074, 2.440519333000054 ], [ 98.559244156000034, 2.437780380000049 ], [ 98.618780560000062, 2.395830556000021 ], [ 98.67344444400004, 2.406166667000036 ], [ 98.73025, 2.43875 ], [ 98.751245988000051, 2.434178403000033 ], [ 98.76415060100004, 2.42811295000007 ], [ 98.765808330000084, 2.415947222000057 ], [ 98.796385205000036, 2.392535845000054 ], [ 98.80775, 2.374030556000037 ], [ 98.849782944000083, 2.355897903000027 ] ] ] } },
{ "type": "Feature", "properties": { "kemendagri_kab_code": 1217, "kemendagri_kab_name": "Kabupaten Samosir", "kemendagri_prov_code": 12, "kemendagri_prov_name": "Sumatera Utara" }, "geometry": { "type": "Polygon", "coordinates": [ [ [ 98.894693374000042, 2.662939072000029 ], [ 98.905260086000055, 2.597127915000044 ], [ 98.922246933000054, 2.569917679000071 ], [ 98.989919662000034, 2.520151138000074 ], [ 99.018594742000062, 2.483686447000025 ], [ 99.01888847400005, 2.439195633000054 ], [ 98.981645584000034, 2.394491195000057 ], [ 98.940954208000051, 2.396429062000038 ], [ 98.91244697500008, 2.408006668000041 ], [ 98.874868393000042, 2.402147293000041 ], [ 98.860269547000087, 2.396371841000075 ], [ 98.862348556000086, 2.372598648000064 ], [ 98.849782944000083, 2.355897903000027 ], [ 98.838299882000058, 2.357452789000035 ], [ 98.80775, 2.374030556000037 ], [ 98.796385205000036, 2.392535845000054 ], [ 98.765808330000084, 2.415947222000057 ], [ 98.76415060100004, 2.42811295000007 ], [ 98.751245988000051, 2.434178403000033 ], [ 98.73025, 2.43875 ], [ 98.67344444400004, 2.406166667000036 ], [ 98.618780560000062, 2.395830556000021 ], [ 98.559244156000034, 2.437780380000049 ], [ 98.537099838000074, 2.440519333000054 ], [ 98.523946762000037, 2.426351547000024 ], [ 98.457437515000038, 2.436471939000057 ], [ 98.42138888900007, 2.47638888900002 ], [ 98.431046215000038, 2.467493418000061 ], [ 98.425700902000074, 2.484713753000051 ], [ 98.444152391000046, 2.50513675000002 ], [ 98.42014576300005, 2.536844420000023 ], [ 98.458938740000065, 2.551004609000074 ], [ 98.488188889000071, 2.547663889000034 ], [ 98.519718244000046, 2.556697867000025 ], [ 98.560277778000057, 2.580213889000049 ], [ 98.572298993000061, 2.724392545000057 ], [ 98.586538314000052, 2.750848770000061 ], [ 98.628942489000053, 2.794904709000036 ], [ 98.645685196000045, 2.788686752000046 ], [ 98.697134018000042, 2.798627853000028 ], [ 98.738008499000046, 2.791555405000054 ], [ 98.811193466000077, 2.746393204000071 ], [ 98.841199875000086, 2.712091446000045 ], [ 98.86577034000004, 2.702581406000036 ], [ 98.894693374000042, 2.662939072000029 ] ] ] } },
{ "type": "Feature", "properties": { "kemendagri_kab_code": 1218, "kemendagri_kab_name": "Kabupaten Serdang Bedagai", "kemendagri_prov_code": 12, "kemendagri_prov_name": "Sumatera Utara" }, "geometry": { "type": "MultiPolygon", "coordinates": [ [ [ [ 98.952320109000084, 3.676124146000063 ], [ 98.951352747000044, 3.676483144000031 ], [ 98.951203097000075, 3.676885273000039 ], [ 98.952320109000084, 3.676124146000063 ] ] ], [ [ [ 98.952649315000087, 3.676351263000072 ], [ 98.95240485000005, 3.676520722000021 ], [ 98.952363738000088, 3.676741716000038 ], [ 98.952649315000087, 3.676351263000072 ] ] ], [ [ [ 98.948825500000055, 3.676969469000028 ], [ 98.948712074000071, 3.677200212000059 ], [ 98.949005620000037, 3.677080545000024 ], [ 98.948825500000055, 3.676969469000028 ] ] ], [ [ [ 98.94943203400004, 3.678410973000041 ], [ 98.951117493000083, 3.676374889000044 ], [ 98.948624596000059, 3.677825913000049 ], [ 98.94943203400004, 3.678410973000041 ] ] ], [ [ [ 98.952116947000036, 3.677395965000073 ], [ 98.950801718000037, 3.677813350000065 ], [ 98.951065056000061, 3.678927979000036 ], [ 98.952116947000036, 3.677395965000073 ] ] ], [ [ [ 98.951766839000072, 3.678827650000073 ], [ 98.951379411000062, 3.679074656000068 ], [ 98.951495665000039, 3.679411692000031 ], [ 98.951766839000072, 3.678827650000073 ] ] ], [ [ [ 98.954828286000065, 3.680700754000043 ], [ 98.968504499000062, 3.660075406000033 ], [ 99.058325153000055, 3.617648555000073 ], [ 99.121849807000046, 3.568395848000023 ], [ 99.168000195000047, 3.553847673000064 ], [ 99.242649845000074, 3.50362717400003 ], [ 99.245593846000077, 3.495012202000055 ], [ 99.275181777000057, 3.486999622000042 ], [ 99.279759908000074, 3.472682660000032 ], [ 99.292155033000085, 3.478686967000044 ], [ 99.29269572000004, 3.463563523000062 ], [ 99.319461222000086, 3.432679519000033 ], [ 99.282313330000079, 3.393548056000043 ], [ 99.293545560000041, 3.37890694400005 ], [ 99.272315165000066, 3.353702318000046 ], [ 99.261027002000048, 3.306531883000048 ], [ 99.243304776000059, 3.280319740000039 ], [ 99.223485830000072, 3.279563056000029 ], [ 99.223604720000083, 3.26083055600003 ], [ 99.231464578000043, 3.257343665000064 ], [ 99.195271688000048, 3.200438880000036 ], [ 99.196749719000081, 3.178476992000071 ], [ 99.152855335000083, 3.150141924000025 ], [ 99.15055097700008, 3.167190091000066 ], [ 99.132865397000046, 3.173787811000068 ], [ 99.131643078000081, 3.157641095000031 ], [ 99.109130359000062, 3.139951413000063 ], [ 99.076372350000042, 3.134067267000034 ], [ 99.073340578000057, 3.126736151000046 ], [ 99.032740746000059, 3.110776207000072 ], [ 99.034315956000057, 3.091600157000073 ], [ 99.007071412000073, 3.069080848000056 ], [ 99.010491336000086, 3.049195110000028 ], [ 98.999435637000033, 3.024725985000032 ], [ 98.926895194000053, 3.015879287000075 ], [ 98.981357020000075, 3.07879788300005 ], [ 98.977597321000076, 3.11865485800007 ], [ 98.989213241000073, 3.125224599000035 ], [ 98.972793714000034, 3.131272341000056 ], [ 98.96503184900007, 3.144814454000027 ], [ 99.007966702000033, 3.208501295000076 ], [ 98.937108971000043, 3.207542192000062 ], [ 98.95841452500008, 3.248769437000021 ], [ 98.971043958000052, 3.264520762000075 ], [ 98.985859394000045, 3.26908699400002 ], [ 98.987189843000067, 3.273828219000052 ], [ 98.964599462000081, 3.287191152000048 ], [ 98.92321352600004, 3.265547900000058 ], [ 98.913380216000064, 3.274858363000021 ], [ 98.891971848000082, 3.259990921000053 ], [ 98.862997742000061, 3.25603787600005 ], [ 98.854899569000054, 3.231026894000024 ], [ 98.84043844100006, 3.222408709000035 ], [ 98.789232738000067, 3.222383528000023 ], [ 98.774729163000075, 3.212992093000025 ], [ 98.761756627000068, 3.221462705000022 ], [ 98.750000003000082, 3.208916732000034 ], [ 98.735568741000066, 3.220244512000022 ], [ 98.790797576000045, 3.279705165000053 ], [ 98.799760115000083, 3.303953911000065 ], [ 98.831246759000067, 3.319016393000027 ], [ 98.845426217000067, 3.34037470100003 ], [ 98.89067661100006, 3.360373855000034 ], [ 98.91431536500005, 3.361824462000072 ], [ 98.918125531000044, 3.369721448000064 ], [ 98.914201100000071, 3.45074844100003 ], [ 98.934150877000036, 3.492455540000037 ], [ 98.936313508000069, 3.520214666000072 ], [ 98.926261206000049, 3.546800873000052 ], [ 98.933050005000041, 3.568187526000031 ], [ 98.918722580000065, 3.583473563000041 ], [ 98.918551063000052, 3.601313123000068 ], [ 98.937565234000033, 3.624934688000053 ], [ 98.943303589000038, 3.675813860000062 ], [ 98.952969654000071, 3.675865403000046 ], [ 98.954828286000065, 3.680700754000043 ] ], [ [ 99.168709456000045, 3.378131175000021 ], [ 99.154588416000081, 3.366742474000034 ], [ 99.165586979000068, 3.356638113000031 ], [ 99.154620960000045, 3.34119062700006 ], [ 99.145736052000075, 3.34947591100007 ], [ 99.14007341100006, 3.344464290000076 ], [ 99.129401603000076, 3.349447890000022 ], [ 99.116743911000071, 3.33867127700006 ], [ 99.125304860000085, 3.335642028000052 ], [ 99.133779336000032, 3.312280395000073 ], [ 99.114414846000045, 3.297490581000034 ], [ 99.120468524000046, 3.299506957000062 ], [ 99.138191052000082, 3.273930907000022 ], [ 99.138867776000041, 3.30863045600006 ], [ 99.193722961000049, 3.310432615000025 ], [ 99.181519369000057, 3.331463301000042 ], [ 99.193235001000062, 3.351353825000047 ], [ 99.186968903000036, 3.356992212000023 ], [ 99.167616417000033, 3.350071316000026 ], [ 99.176835285000038, 3.368288813000049 ], [ 99.168709456000045, 3.378131175000021 ] ] ], [ [ [ 99.093651237000074, 3.591026387000056 ], [ 99.09274298400004, 3.591259475000072 ], [ 99.092621034000047, 3.591441730000042 ], [ 99.093651237000074, 3.591026387000056 ] ] ], [ [ [ 98.953091253000082, 3.677078245000075 ], [ 98.952470823000056, 3.676993476000064 ], [ 98.952323535000062, 3.677791998000032 ], [ 98.953091253000082, 3.677078245000075 ] ] ], [ [ [ 99.503001352000069, 3.771621323000033 ], [ 99.503409668000074, 3.771151617000044 ], [ 99.502841452000041, 3.771083089000058 ], [ 99.503001352000069, 3.771621323000033 ] ] ], [ [ [ 99.496621553000068, 3.774916133000033 ], [ 99.502118108000047, 3.771406428000034 ], [ 99.49639262900007, 3.771303753000041 ], [ 99.496621553000068, 3.774916133000033 ] ] ], [ [ [ 99.491069200000084, 3.781700908000062 ], [ 99.491785469000035, 3.781082291000075 ], [ 99.491154682000058, 3.780568007000056 ], [ 99.491069200000084, 3.781700908000062 ] ] ] ] } },
{ "type": "Feature", "properties": { "kemendagri_kab_code": 1219, "kemendagri_kab_name": "Kabupaten Batu Bara", "kemendagri_prov_code": 12, "kemendagri_prov_name": "Sumatera Utara" }, "geometry": { "type": "MultiPolygon", "coordinates": [ [ [ [ 99.320270655000058, 3.432319095000025 ], [ 99.368701293000072, 3.397763758000053 ], [ 99.42041953100005, 3.386304015000064 ], [ 99.414491594000083, 3.386121221000053 ], [ 99.455305158000044, 3.357399465000071 ], [ 99.488680886000054, 3.344086462000064 ], [ 99.486863479000078, 3.317677545000038 ], [ 99.558207745000061, 3.237502753000058 ], [ 99.691581768000049, 3.203403017000028 ], [ 99.725145513000086, 3.18367775400003 ], [ 99.738213980000069, 3.165222358000051 ], [ 99.702066098000046, 3.117580009000051 ], [ 99.620812471000079, 3.137008322000042 ], [ 99.627376350000077, 3.127054525000062 ], [ 99.618153696000036, 3.129230499000073 ], [ 99.608810972000072, 3.111540969000032 ], [ 99.592744658000072, 3.106449194000049 ], [ 99.601943729000084, 3.09442886000005 ], [ 99.603586762000077, 3.101346380000052 ], [ 99.619867641000042, 3.093434828000056 ], [ 99.595554850000042, 3.06524476900006 ], [ 99.595564571000068, 3.044969049000031 ], [ 99.573156134000044, 3.02894748600005 ], [ 99.553484206000064, 3.027863117000038 ], [ 99.562784086000079, 3.01839553800005 ], [ 99.551321422000058, 3.015220673000044 ], [ 99.549572069000078, 3.021641026000054 ], [ 99.530037546000074, 3.021587022000062 ], [ 99.531176578000043, 3.028797091000058 ], [ 99.549471312000037, 3.029005046000066 ], [ 99.557020005000084, 3.061478573000045 ], [ 99.569043376000081, 3.062639241000056 ], [ 99.571205640000073, 3.084241373000054 ], [ 99.565666667000073, 3.078972222000061 ], [ 99.551294444000064, 3.099841667000021 ], [ 99.541716627000085, 3.094256403000031 ], [ 99.529779429000087, 3.104286160000072 ], [ 99.524508556000058, 3.084403655000074 ], [ 99.502056389000074, 3.095016667000039 ], [ 99.521475278000082, 3.102817222000056 ], [ 99.512266667000063, 3.106391667000025 ], [ 99.516124620000085, 3.117483003000075 ], [ 99.496896544000037, 3.11511071700005 ], [ 99.495034167000085, 3.125657778000061 ], [ 99.456286111000054, 3.139158333000069 ], [ 99.449803333000034, 3.133924444000058 ], [ 99.418120470000076, 3.148312949000058 ], [ 99.417557100000067, 3.155161602000021 ], [ 99.369867550000038, 3.151065908000021 ], [ 99.402116812000031, 3.257161410000037 ], [ 99.39257609100008, 3.249484821000067 ], [ 99.383298597000078, 3.257796289000055 ], [ 99.370755032000034, 3.248079027000074 ], [ 99.356724444000065, 3.219778333000022 ], [ 99.348930558000063, 3.23084602900002 ], [ 99.356719444000078, 3.246583333000046 ], [ 99.346037778000039, 3.249528889000032 ], [ 99.344927778000056, 3.287827778000064 ], [ 99.305016667000075, 3.304255556000044 ], [ 99.301728258000082, 3.283183050000048 ], [ 99.280680833000076, 3.273811111000043 ], [ 99.265377992000083, 3.279326620000063 ], [ 99.260234062000052, 3.259569492000026 ], [ 99.235619837000058, 3.256820785000059 ], [ 99.24016666700004, 3.24706111100005 ], [ 99.226300508000065, 3.227642269000057 ], [ 99.226555556000051, 3.204425 ], [ 99.206777222000085, 3.224715 ], [ 99.231350364000036, 3.256962951000048 ], [ 99.223604720000083, 3.26083055600003 ], [ 99.223485830000072, 3.279563056000029 ], [ 99.243304776000059, 3.280319740000039 ], [ 99.261027002000048, 3.306531883000048 ], [ 99.272315165000066, 3.353702318000046 ], [ 99.293545560000041, 3.37890694400005 ], [ 99.282313330000079, 3.393548056000043 ], [ 99.320270655000058, 3.432319095000025 ] ] ], [ [ [ 99.720712355000046, 3.34330036800003 ], [ 99.724991980000084, 3.340892719000067 ], [ 99.723392467000053, 3.338759850000031 ], [ 99.720712355000046, 3.34330036800003 ] ] ], [ [ [ 99.722308900000087, 3.348206221000055 ], [ 99.722207773000036, 3.34853339700004 ], [ 99.722427873000072, 3.348450115000048 ], [ 99.722308900000087, 3.348206221000055 ] ] ], [ [ [ 99.75665093200007, 3.422359138000047 ], [ 99.757769279000058, 3.419598963000055 ], [ 99.755404095000074, 3.417685876000064 ], [ 99.75665093200007, 3.422359138000047 ] ] ] ] } },
{ "type": "Feature", "properties": { "kemendagri_kab_code": 1220, "kemendagri_kab_name": "Kabupaten Padang Lawas Utara", "kemendagri_prov_code": 12, "kemendagri_prov_name": "Sumatera Utara" }, "geometry": { "type": "Polygon", "coordinates": [ [ [ 99.840545560000066, 1.801021117000062 ], [ 99.734903860000031, 1.834800823000023 ], [ 99.675907883000036, 1.825343707000059 ], [ 99.683649623000065, 1.809590378000053 ], [ 99.695048171000053, 1.804861678000066 ], [ 99.701568596000072, 1.762064795000072 ], [ 99.732109389000072, 1.726987274000066 ], [ 99.815911016000086, 1.672835848000034 ], [ 99.846792672000049, 1.636452542000029 ], [ 99.897869811000078, 1.714351566000062 ], [ 99.909541141000034, 1.716759969000066 ], [ 99.936491308000086, 1.68383577100002 ], [ 99.962288833000059, 1.679861002000052 ], [ 99.99182797900005, 1.662740393000036 ], [ 100.047286678000034, 1.75607160200002 ], [ 100.054710597000053, 1.73037342300006 ], [ 100.044145790000073, 1.72152182800005 ], [ 100.042317429000036, 1.703152523000028 ], [ 100.049327620000042, 1.720874585000047 ], [ 100.077604095000083, 1.720660360000068 ], [ 100.107549802000051, 1.69158886300005 ], [ 100.125719191000087, 1.658894813000074 ], [ 100.139326355000037, 1.651349075000041 ], [ 100.14551900500004, 1.63073253400006 ], [ 100.164254282000059, 1.622456548000059 ], [ 100.168270890000088, 1.59867446200002 ], [ 100.201954752000063, 1.584069073000023 ], [ 100.232478408000077, 1.55214574200005 ], [ 100.313979925000069, 1.506962913000052 ], [ 100.318091996000078, 1.470852017000027 ], [ 100.291666989000078, 1.467472999000051 ], [ 100.277201036000065, 1.474738003000027 ], [ 100.271844988000055, 1.471781987000043 ], [ 100.277159960000063, 1.463649018000069 ], [ 100.32657296800005, 1.437057967000044 ], [ 100.340935408000064, 1.437626333000026 ], [ 100.303497370000059, 1.416638139000042 ], [ 100.266941857000063, 1.425274183000056 ], [ 100.25371184100004, 1.413207391000071 ], [ 100.222463201000039, 1.403498144000025 ], [ 100.180451107000067, 1.416848580000021 ], [ 100.167252290000079, 1.406527152000024 ], [ 100.122993806000068, 1.406277569000054 ], [ 100.098131369000043, 1.389418329000023 ], [ 100.072500019000074, 1.391666955000062 ], [ 100.038583333000076, 1.373027778000051 ], [ 100.030205108000075, 1.378736074000074 ], [ 100.032246726000039, 1.393851580000046 ], [ 100.022680694000087, 1.411346409000032 ], [ 99.992434382000056, 1.426395907000028 ], [ 99.964868644000035, 1.39451514600006 ], [ 99.942515032000074, 1.402666844000066 ], [ 99.944974680000087, 1.412006126000051 ], [ 99.968618551000077, 1.418031761000066 ], [ 99.979694444000074, 1.430388889000028 ], [ 99.92488413500007, 1.44036015100005 ], [ 99.928251400000079, 1.451832082000067 ], [ 99.913085144000036, 1.466033693000043 ], [ 99.909800307000069, 1.498315115000025 ], [ 99.923416667000083, 1.545638889000031 ], [ 99.902727377000076, 1.550391190000028 ], [ 99.876861111000039, 1.500805556000046 ], [ 99.859482489000072, 1.486404314000026 ], [ 99.799958440000069, 1.478992788000028 ], [ 99.772448735000069, 1.465252102000022 ], [ 99.758417565000059, 1.450077576000069 ], [ 99.729465278000077, 1.438039639000067 ], [ 99.736930380000047, 1.414276939000047 ], [ 99.729216890000032, 1.395984461000069 ], [ 99.641014450000057, 1.348728334000043 ], [ 99.628553819000047, 1.334384942000042 ], [ 99.607940101000054, 1.332330201000048 ], [ 99.575149876000069, 1.262323049000031 ], [ 99.561802170000078, 1.255309166000075 ], [ 99.544428454000069, 1.257856318000051 ], [ 99.486992533000034, 1.27617286100002 ], [ 99.461990250000042, 1.251960028000042 ], [ 99.457085587000051, 1.234064015000058 ], [ 99.431346322000081, 1.232174134000047 ], [ 99.43205240900005, 1.218787297000063 ], [ 99.421771212000067, 1.218869183000038 ], [ 99.427049106000084, 1.238644618000023 ], [ 99.419003600000053, 1.245721136000043 ], [ 99.411372105000055, 1.294904346000067 ], [ 99.391214412000068, 1.315370587000075 ], [ 99.390607473000046, 1.334422220000022 ], [ 99.359667581000053, 1.382873026000027 ], [ 99.370145875000048, 1.40540654800003 ], [ 99.387985515000082, 1.414210526000033 ], [ 99.404726043000039, 1.415062127000056 ], [ 99.419360911000069, 1.397563915000035 ], [ 99.419948414000032, 1.428797984000028 ], [ 99.394251367000038, 1.481523261000063 ], [ 99.419554110000036, 1.541948197000067 ], [ 99.390498118000039, 1.571676230000037 ], [ 99.429769348000036, 1.574962661000029 ], [ 99.454641231000039, 1.593024386000025 ], [ 99.450569941000083, 1.614787284000045 ], [ 99.43532110700005, 1.625372639000034 ], [ 99.435159645000056, 1.65811496300006 ], [ 99.465380854000045, 1.672508372000038 ], [ 99.479145816000084, 1.704474014000027 ], [ 99.499227414000075, 1.715283802000044 ], [ 99.512275026000054, 1.705408147000071 ], [ 99.550432124000054, 1.716399669000054 ], [ 99.552140650000069, 1.742027570000062 ], [ 99.566192355000055, 1.757280931000025 ], [ 99.570830808000039, 1.811158350000028 ], [ 99.548396751000041, 1.86151232800006 ], [ 99.560394289000044, 1.871770446000028 ], [ 99.565299829000082, 1.890739400000029 ], [ 99.61108499900007, 1.888773555000057 ], [ 99.615650833000075, 1.907227135000028 ], [ 99.599543585000049, 1.913949057000025 ], [ 99.59827794000006, 1.943032998000035 ], [ 99.633674107000047, 1.963811647000057 ], [ 99.602801498000076, 1.973340836000034 ], [ 99.582671666000067, 2.000708361000022 ], [ 99.588345476000086, 2.016189629000053 ], [ 99.605458021000061, 1.996890884000038 ], [ 99.621758021000062, 1.995290884000042 ], [ 99.626858020000043, 2.002390884000022 ], [ 99.616058021000072, 2.040690884000071 ], [ 99.631756729000074, 2.043528220000042 ], [ 99.658758574000046, 2.026437731000044 ], [ 99.666247048000059, 2.034932388000072 ], [ 99.687871293000057, 2.033768915000053 ], [ 99.695466034000049, 2.023331161000044 ], [ 99.683839761000058, 1.98248211300006 ], [ 99.692090725000071, 1.971307130000071 ], [ 99.709790314000031, 1.966466558000036 ], [ 99.701113852000049, 1.942822873000068 ], [ 99.709351920000074, 1.963200173000075 ], [ 99.733339123000064, 1.976032899000074 ], [ 99.74205446700006, 2.001881852000054 ], [ 99.765353731000062, 2.004094465000037 ], [ 99.791464094000048, 2.024171460000048 ], [ 99.849649491000037, 2.004116815000032 ], [ 99.852667892000056, 1.998891162000064 ], [ 99.838966545000062, 1.99359540100005 ], [ 99.852020047000053, 1.993591554000034 ], [ 99.855688121000071, 1.972531993000075 ], [ 99.830443091000063, 1.953993292000064 ], [ 99.83886954500008, 1.947893093000062 ], [ 99.846082409000076, 1.919491665000066 ], [ 99.829118462000054, 1.909833521000053 ], [ 99.835162926000066, 1.904528941000024 ], [ 99.831706157000042, 1.859671490000039 ], [ 99.847861653000052, 1.83518626700004 ], [ 99.829729360000044, 1.82868740400005 ], [ 99.840299749000053, 1.821322358000032 ], [ 99.835472181000057, 1.806820369000036 ], [ 99.840545560000066, 1.801021117000062 ] ] ] } },
{ "type": "Feature", "properties": { "kemendagri_kab_code": 1221, "kemendagri_kab_name": "Kabupaten Padang Lawas", "kemendagri_prov_code": 12, "kemendagri_prov_name": "Sumatera Utara" }, "geometry": { "type": "Polygon", "coordinates": [ [ [ 100.052500022000061, 1.377777988000048 ], [ 100.050833170000033, 1.349722033000035 ], [ 100.069700870000077, 1.339244634000067 ], [ 100.078887381000072, 1.346111040000039 ], [ 100.085278169000048, 1.340555977000065 ], [ 100.12577377100007, 1.255938533000062 ], [ 100.111102178000067, 1.221546577000026 ], [ 100.114263416000085, 1.211500890000025 ], [ 100.140475558000048, 1.176037403000066 ], [ 100.16608324300006, 1.169798336000042 ], [ 100.162674377000087, 1.139550205000035 ], [ 100.184397444000069, 1.125039537000021 ], [ 100.178733090000037, 1.118147343000032 ], [ 100.149114796000049, 1.119398628000056 ], [ 100.116388879000056, 1.092965310000068 ], [ 100.118289831000084, 1.066247714000042 ], [ 100.129350786000032, 1.05475608200004 ], [ 100.140192563000085, 1.060804181000037 ], [ 100.148926118000077, 1.010106459000042 ], [ 100.165654038000071, 1.001888296000061 ], [ 100.155761489000042, 0.988885825000068 ], [ 100.139305677000038, 0.984162595000043 ], [ 100.147527333000085, 0.974677864000057 ], [ 100.150702469000066, 0.934736218000069 ], [ 100.133299125000065, 0.930985432000057 ], [ 100.133030085000087, 0.920137973000067 ], [ 100.119610674000057, 0.910183085000028 ], [ 100.087612295000042, 0.926854380000066 ], [ 100.097927022000079, 0.909683241000039 ], [ 100.121834901000057, 0.895537650000051 ], [ 100.143755087000045, 0.898627809000061 ], [ 100.132978779000041, 0.865697599000043 ], [ 100.135587520000058, 0.847186122000039 ], [ 100.124422954000067, 0.847619845000054 ], [ 100.120831376000069, 0.837430174000076 ], [ 100.122479704000057, 0.818050325000058 ], [ 100.15787343900007, 0.799106818000041 ], [ 100.183293, 0.757169 ], [ 100.121324, 0.781266 ], [ 100.107269971000051, 0.777819793000049 ], [ 100.091168, 0.788367 ], [ 100.074794830000087, 0.787709175000032 ], [ 100.010315, 0.839734 ], [ 99.966819071000032, 0.851072902000055 ], [ 99.951033, 0.880243 ], [ 99.913046908000069, 0.885033255000053 ], [ 99.874541084000043, 0.906384914000057 ], [ 99.8325, 0.884444 ], [ 99.841156678000061, 0.851768289000063 ], [ 99.837372953000056, 0.826234749000037 ], [ 99.798739376000071, 0.858500851000031 ], [ 99.745710062000057, 0.867125841000075 ], [ 99.732787623000036, 0.893411645000072 ], [ 99.711276696000084, 0.901781041000049 ], [ 99.713188906000084, 0.913943072000052 ], [ 99.692726143000073, 0.931103324000048 ], [ 99.674095116000046, 0.932851671000037 ], [ 99.650581080000052, 0.917803970000023 ], [ 99.640093602000036, 0.920231833000059 ], [ 99.620532088000061, 0.948660009000037 ], [ 99.604731971000035, 0.949644613000032 ], [ 99.594341884000073, 0.963127006000036 ], [ 99.590323990000059, 0.98012824500006 ], [ 99.606602682000073, 0.996389958000066 ], [ 99.569671844000084, 1.040692877000026 ], [ 99.568829084000072, 1.069224108000071 ], [ 99.545114408000074, 1.069698233000054 ], [ 99.548282379000057, 1.086571328000048 ], [ 99.539147283000034, 1.10125208900007 ], [ 99.524600188000079, 1.105928329000051 ], [ 99.512506643000052, 1.133602216000043 ], [ 99.491437574000088, 1.139686090000055 ], [ 99.418180306000068, 1.20616242400007 ], [ 99.43205240900005, 1.218787297000063 ], [ 99.431346322000081, 1.232174134000047 ], [ 99.457085587000051, 1.234064015000058 ], [ 99.461990250000042, 1.251960028000042 ], [ 99.486992533000034, 1.27617286100002 ], [ 99.544428454000069, 1.257856318000051 ], [ 99.561802170000078, 1.255309166000075 ], [ 99.575149876000069, 1.262323049000031 ], [ 99.607940101000054, 1.332330201000048 ], [ 99.628553819000047, 1.334384942000042 ], [ 99.641014450000057, 1.348728334000043 ], [ 99.729216890000032, 1.395984461000069 ], [ 99.736930380000047, 1.414276939000047 ], [ 99.729465278000077, 1.438039639000067 ], [ 99.758417565000059, 1.450077576000069 ], [ 99.772448735000069, 1.465252102000022 ], [ 99.799958440000069, 1.478992788000028 ], [ 99.859482489000072, 1.486404314000026 ], [ 99.876861111000039, 1.500805556000046 ], [ 99.902727377000076, 1.550391190000028 ], [ 99.923416667000083, 1.545638889000031 ], [ 99.909800307000069, 1.498315115000025 ], [ 99.913085144000036, 1.466033693000043 ], [ 99.928251400000079, 1.451832082000067 ], [ 99.92488413500007, 1.44036015100005 ], [ 99.979694444000074, 1.430388889000028 ], [ 99.968618551000077, 1.418031761000066 ], [ 99.944974680000087, 1.412006126000051 ], [ 99.942515032000074, 1.402666844000066 ], [ 99.964868644000035, 1.39451514600006 ], [ 99.992434382000056, 1.426395907000028 ], [ 100.022680694000087, 1.411346409000032 ], [ 100.033216791000086, 1.375084842000035 ], [ 100.052500022000061, 1.377777988000048 ] ] ] } },
{ "type": "Feature", "properties": { "kemendagri_kab_code": 1222, "kemendagri_kab_name": "Kabupaten Labuhanbatu Selatan", "kemendagri_prov_code": 12, "kemendagri_prov_name": "Sumatera Utara" }, "geometry": { "type": "Polygon", "coordinates": [ [ [ 100.318091996000078, 1.470852017000027 ], [ 100.318321810000043, 1.500000001000046 ], [ 100.307855973000073, 1.513911876000066 ], [ 100.255245351000042, 1.538105332000043 ], [ 100.20914741200005, 1.570342378000021 ], [ 100.201954752000063, 1.584069073000023 ], [ 100.168270890000088, 1.59867446200002 ], [ 100.164254282000059, 1.622456548000059 ], [ 100.14551900500004, 1.63073253400006 ], [ 100.139326355000037, 1.651349075000041 ], [ 100.125719191000087, 1.658894813000074 ], [ 100.107549802000051, 1.69158886300005 ], [ 100.077604095000083, 1.720660360000068 ], [ 100.049327620000042, 1.720874585000047 ], [ 100.042317429000036, 1.703152523000028 ], [ 100.044145790000073, 1.72152182800005 ], [ 100.054710597000053, 1.73037342300006 ], [ 100.047286678000034, 1.75607160200002 ], [ 99.99182797900005, 1.662740393000036 ], [ 99.962288833000059, 1.679861002000052 ], [ 99.936491308000086, 1.68383577100002 ], [ 99.909541141000034, 1.716759969000066 ], [ 99.897869811000078, 1.714351566000062 ], [ 99.846792672000049, 1.636452542000029 ], [ 99.815911016000086, 1.672835848000034 ], [ 99.732109389000072, 1.726987274000066 ], [ 99.701568596000072, 1.762064795000072 ], [ 99.695048171000053, 1.804861678000066 ], [ 99.683649623000065, 1.809590378000053 ], [ 99.675879139000074, 1.825138434000053 ], [ 99.734943047000058, 1.834794675000069 ], [ 99.861222222000038, 1.795036111000059 ], [ 99.863242137000043, 1.813368851000064 ], [ 99.882413565000036, 1.823393268000075 ], [ 99.867936072000077, 1.863188428000058 ], [ 99.874336111000048, 1.863641667000024 ], [ 99.872863936000044, 1.883657147000065 ], [ 99.865075, 1.886941667000031 ], [ 99.880562635000047, 1.907396178000056 ], [ 99.888292352000065, 1.936356452000041 ], [ 99.882958333000033, 1.967533333000063 ], [ 99.910260224000069, 1.984839124000075 ], [ 99.91265, 1.965897222000024 ], [ 99.95310494000006, 1.968160133000026 ], [ 99.943765556000074, 1.944686750000074 ], [ 99.959494444000086, 1.926961111000026 ], [ 99.967266667000047, 1.938191667000069 ], [ 99.955927470000063, 1.952021970000033 ], [ 99.96908069300008, 1.961357176000035 ], [ 99.963241667000034, 1.948433333000025 ], [ 99.99809166700004, 1.948430556000062 ], [ 99.997772222000037, 1.936261111000022 ], [ 100.037238889000037, 1.936341667000022 ], [ 100.059986475000073, 1.987356036000051 ], [ 100.029211716000077, 1.999635917000035 ], [ 100.038978625000084, 2.017021342000021 ], [ 100.04541535900006, 2.013362973000028 ], [ 100.048771874000067, 2.019316270000047 ], [ 100.035652778000042, 2.076161111000033 ], [ 100.045105556000067, 2.078788889000066 ], [ 100.05200833300006, 2.095652778000044 ], [ 100.07782439600004, 2.094003898000039 ], [ 100.100585746000036, 2.10846576800003 ], [ 100.108067347000087, 2.133687568000028 ], [ 100.124190344000056, 2.128437930000075 ], [ 100.125002751000068, 2.170633412000029 ], [ 100.157303616000036, 2.169440783000027 ], [ 100.156761111000037, 2.193883333000031 ], [ 100.204759747000082, 2.193883410000069 ], [ 100.211180556000045, 2.214002778000065 ], [ 100.237952778000079, 2.219647222000049 ], [ 100.360237292000079, 2.219383401000073 ], [ 100.34714142200005, 2.242501239000035 ], [ 100.362584766000055, 2.247977343000059 ], [ 100.372650533000069, 2.224099241000033 ], [ 100.372918741000035, 2.193067065000037 ], [ 100.343856406000043, 2.137251703000061 ], [ 100.321063752000043, 2.049338262000049 ], [ 100.318097548000082, 1.901756697000053 ], [ 100.310434015000055, 1.883582445000059 ], [ 100.288880825000035, 1.875458192000053 ], [ 100.279877125000041, 1.817586193000068 ], [ 100.289113572000076, 1.798874683000065 ], [ 100.387110352000036, 1.777791864000051 ], [ 100.389764949000039, 1.757683814000075 ], [ 100.369770918000086, 1.747296548000065 ], [ 100.368098022000083, 1.735954645000049 ], [ 100.351889034000067, 1.732472014000052 ], [ 100.367440835000082, 1.699675455000033 ], [ 100.366145709000079, 1.685663112000043 ], [ 100.40110771600007, 1.666352219000032 ], [ 100.411635617000059, 1.67362489900006 ], [ 100.417646405000085, 1.665138765000052 ], [ 100.408241636000071, 1.624700506000067 ], [ 100.420986809000055, 1.607607039000072 ], [ 100.404074767000054, 1.578165238000054 ], [ 100.415768748000062, 1.535383574000036 ], [ 100.434456036000086, 1.520433482000044 ], [ 100.42184270000007, 1.485360269000068 ], [ 100.376575994000063, 1.449790976000031 ], [ 100.348524650000059, 1.454147396000053 ], [ 100.31893683800007, 1.447677813000041 ], [ 100.322151968000071, 1.473840002000031 ], [ 100.318091996000078, 1.470852017000027 ] ] ] } },
{ "type": "Feature", "properties": { "kemendagri_kab_code": 1223, "kemendagri_kab_name": "Kabupaten Labuhanbatu Utara", "kemendagri_prov_code": 12, "kemendagri_prov_name": "Sumatera Utara" }, "geometry": { "type": "MultiPolygon", "coordinates": [ [ [ [ 100.015145084000039, 2.734974515000033 ], [ 100.037017785000046, 2.742685549000043 ], [ 100.059550763000061, 2.734117102000027 ], [ 100.052353029000074, 2.712999930000024 ], [ 100.06449303900007, 2.696650654000052 ], [ 100.057640076000041, 2.679125309000028 ], [ 100.059583417000056, 2.633428375000051 ], [ 100.072982788000047, 2.546743155000058 ], [ 100.055155211000056, 2.514452224000024 ], [ 100.015449183000044, 2.494272583000054 ], [ 100.015855859000055, 2.485577251000052 ], [ 100.037419979000049, 2.483398678000071 ], [ 100.014431111000079, 2.445497500000045 ], [ 100.009096389000035, 2.409346111000048 ], [ 99.983241831000043, 2.408413058000065 ], [ 99.986780938000038, 2.274591512000029 ], [ 100.020454876000088, 2.276790202000029 ], [ 100.023667148000072, 2.264238545000069 ], [ 100.021079005000047, 2.252961987000049 ], [ 100.002763971000036, 2.262287985000057 ], [ 99.998308481000038, 2.257951900000023 ], [ 99.989859365000086, 2.198473943000067 ], [ 99.962929041000052, 2.197265060000063 ], [ 99.961511524000059, 2.208232520000024 ], [ 99.949558434000039, 2.208793888000059 ], [ 99.937375594000059, 2.206128892000038 ], [ 99.927728343000069, 2.189786018000063 ], [ 99.88280074000005, 2.196193654000069 ], [ 99.862343711000051, 2.189538300000038 ], [ 99.864164577000054, 2.180981469000074 ], [ 99.771122831000071, 2.188041318000046 ], [ 99.763495567000064, 2.134717645000023 ], [ 99.731887817000086, 2.118291140000053 ], [ 99.717124939000087, 2.090192080000065 ], [ 99.672966003000056, 2.075757027000066 ], [ 99.667619716000047, 2.064736076000031 ], [ 99.616058021000072, 2.040690884000071 ], [ 99.626858020000043, 2.002390884000022 ], [ 99.621758021000062, 1.995290884000042 ], [ 99.605458021000061, 1.996890884000038 ], [ 99.582777646000068, 2.022107755000036 ], [ 99.563006704000031, 2.03040255600007 ], [ 99.546450319000087, 2.061339687000043 ], [ 99.550613060000046, 2.078736928000069 ], [ 99.53480552700006, 2.09400110100006 ], [ 99.520828077000033, 2.091554817000031 ], [ 99.511851716000081, 2.123062051000034 ], [ 99.489062535000073, 2.111861686000054 ], [ 99.45732941600005, 2.126068320000059 ], [ 99.415338637000048, 2.112402475000067 ], [ 99.387558056000046, 2.13572361100006 ], [ 99.394607544000053, 2.170906067000033 ], [ 99.424079668000047, 2.215301579000027 ], [ 99.464408875000061, 2.229292154000063 ], [ 99.479331970000032, 2.242449284000031 ], [ 99.534782410000048, 2.247398138000051 ], [ 99.547584534000066, 2.268136024000057 ], [ 99.550186157000041, 2.307192564000047 ], [ 99.55725306100004, 2.30997459200006 ], [ 99.562050054000053, 2.301694068000074 ], [ 99.586456299000076, 2.314833164000049 ], [ 99.581884460000083, 2.337443735000022 ], [ 99.569085934000043, 2.342172914000059 ], [ 99.560697037000068, 2.334015329000067 ], [ 99.520462036000083, 2.35080647500007 ], [ 99.517868042000032, 2.37006664300003 ], [ 99.530235291000054, 2.422674417000053 ], [ 99.520660400000054, 2.442228794000073 ], [ 99.528236389000085, 2.449169636000022 ], [ 99.523666382000044, 2.459093094000025 ], [ 99.51237487800006, 2.438464642000042 ], [ 99.518272400000058, 2.423019648000036 ], [ 99.511154175000058, 2.413528919000044 ], [ 99.519493103000059, 2.400058985000044 ], [ 99.501762390000067, 2.394511461000036 ], [ 99.418746948000035, 2.460396290000062 ], [ 99.450477600000056, 2.501751184000057 ], [ 99.45254516600005, 2.540852785000027 ], [ 99.474447008000084, 2.552260906000072 ], [ 99.504159032000075, 2.58584289700002 ], [ 99.537572007000051, 2.589373026000032 ], [ 99.543693037000082, 2.615493872000059 ], [ 99.559984024000073, 2.610176891000037 ], [ 99.570146987000044, 2.584735867000063 ], [ 99.584883995000041, 2.591243929000029 ], [ 99.609118752000086, 2.574255681000068 ], [ 99.646296014000086, 2.575581863000025 ], [ 99.693936034000046, 2.595836894000058 ], [ 99.987010597000051, 2.856380020000074 ], [ 99.994547516000068, 2.824904812000057 ], [ 99.984862237000073, 2.758047146000024 ], [ 100.015145084000039, 2.734974515000033 ] ] ], [ [ [ 100.022139890000062, 2.748711706000051 ], [ 100.025768568000046, 2.756097553000075 ], [ 100.02994095300005, 2.752931680000074 ], [ 100.027660239000056, 2.750524855000037 ], [ 100.022139890000062, 2.748711706000051 ] ] ], [ [ [ 100.031937043000084, 2.753979203000029 ], [ 100.02476824300004, 2.759616028000039 ], [ 100.030548905000046, 2.768527857000038 ], [ 100.03716380700007, 2.760639944000047 ], [ 100.031937043000084, 2.753979203000029 ] ] ] ] } },
{ "type": "Feature", "properties": { "kemendagri_kab_code": 1224, "kemendagri_kab_name": "Kabupaten Nias Utara", "kemendagri_prov_code": 12, "kemendagri_prov_name": "Sumatera Utara" }, "geometry": { "type": "MultiPolygon", "coordinates": [ [ [ [ 97.088445628000045, 1.234367190000057 ], [ 97.091667815000051, 1.222130812000046 ], [ 97.083889396000075, 1.214715321000028 ], [ 97.094619120000061, 1.196178536000048 ], [ 97.093619119000039, 1.217493837000063 ], [ 97.098191, 1.214961 ], [ 97.102114310000047, 1.188564410000026 ], [ 97.08079160300008, 1.208851100000061 ], [ 97.080327608000061, 1.231051471000058 ], [ 97.088445628000045, 1.234367190000057 ] ] ], [ [ [ 97.099709679000057, 1.359511103000045 ], [ 97.111606984000048, 1.356979357000057 ], [ 97.102298533000067, 1.351344793000067 ], [ 97.099709679000057, 1.359511103000045 ] ] ], [ [ [ 97.228135259000055, 1.420958265000024 ], [ 97.225160933000041, 1.412820508000038 ], [ 97.221109900000044, 1.41191036500004 ], [ 97.228135259000055, 1.420958265000024 ] ] ], [ [ [ 97.174719719000052, 1.418590922000021 ], [ 97.173518301000058, 1.417821541000023 ], [ 97.17337371900004, 1.418238922000057 ], [ 97.174719719000052, 1.418590922000021 ] ] ], [ [ [ 97.220273252000084, 1.426077993000035 ], [ 97.215842572000042, 1.419471034000026 ], [ 97.212873905000038, 1.42460482000007 ], [ 97.220273252000084, 1.426077993000035 ] ] ], [ [ [ 97.076651305000041, 1.427633060000062 ], [ 97.075584117000062, 1.427211895000028 ], [ 97.074681111000075, 1.427183342000035 ], [ 97.076651305000041, 1.427633060000062 ] ] ], [ [ [ 97.083761829000082, 1.427959591000047 ], [ 97.083852248000085, 1.428221332000021 ], [ 97.083992636000062, 1.428064287000041 ], [ 97.083761829000082, 1.427959591000047 ] ] ], [ [ [ 97.174065577000079, 1.434135720000029 ], [ 97.173242283000036, 1.426735596000071 ], [ 97.168235897000045, 1.422014746000059 ], [ 97.168438151000032, 1.431470724000064 ], [ 97.174065577000079, 1.434135720000029 ] ] ], [ [ [ 97.076973425000062, 1.427826391000053 ], [ 97.082058333000077, 1.428349872000069 ], [ 97.082396216000063, 1.428166654000051 ], [ 97.076973425000062, 1.427826391000053 ] ] ], [ [ [ 97.202902195000036, 1.46203526000005 ], [ 97.199604262000037, 1.461421359000042 ], [ 97.202745150000055, 1.465390300000024 ], [ 97.202902195000036, 1.46203526000005 ] ] ], [ [ [ 97.21051069400005, 1.464591053000049 ], [ 97.209241, 1.465086348000057 ], [ 97.210184242000082, 1.465489470000023 ], [ 97.21051069400005, 1.464591053000049 ] ] ], [ [ [ 97.235258596000051, 1.25616889500003 ], [ 97.236610130000031, 1.250144100000057 ], [ 97.233669116000044, 1.254389059000061 ], [ 97.235258596000051, 1.25616889500003 ] ] ], [ [ [ 97.351611465000076, 1.54114759600003 ], [ 97.378605270000037, 1.521489032000034 ], [ 97.377088709000077, 1.50893067200002 ], [ 97.383238080000069, 1.513515458000029 ], [ 97.395469224000067, 1.499574672000051 ], [ 97.41084212800007, 1.503372609000053 ], [ 97.413621339000088, 1.522398779000071 ], [ 97.422558594000066, 1.517839732000027 ], [ 97.440861408000046, 1.473115383000049 ], [ 97.45791057200006, 1.470064206000075 ], [ 97.483424681000031, 1.478829768000026 ], [ 97.496273771000062, 1.448691515000064 ], [ 97.509441232000086, 1.444550301000049 ], [ 97.520828856000037, 1.423660863000066 ], [ 97.539157979000038, 1.420825914000034 ], [ 97.497619343000054, 1.382401197000036 ], [ 97.509528, 1.365699 ], [ 97.49929, 1.33908 ], [ 97.47868283300005, 1.352775653000037 ], [ 97.470716395000068, 1.347469991000025 ], [ 97.499444444000062, 1.295 ], [ 97.493013871000073, 1.288153621000049 ], [ 97.488188576000084, 1.292442885000071 ], [ 97.482682124000064, 1.293930119000038 ], [ 97.480797233000033, 1.291705213000057 ], [ 97.507053858000063, 1.262541228000032 ], [ 97.494722222000064, 1.261591667000062 ], [ 97.48905, 1.237406111000041 ], [ 97.488216667000074, 1.187966667000069 ], [ 97.501839999000083, 1.19153 ], [ 97.477441665000072, 1.139105285000028 ], [ 97.477833333000035, 1.08545 ], [ 97.469916667000064, 1.083883333000074 ], [ 97.446283333000054, 1.11915 ], [ 97.43425, 1.091666667000027 ], [ 97.391933333000054, 1.085216667000054 ], [ 97.36149624400008, 1.090384981000057 ], [ 97.321233339000059, 1.156249837000075 ], [ 97.307900054000072, 1.169705233000059 ], [ 97.295324682000057, 1.167440938000027 ], [ 97.300319528000045, 1.180112698000073 ], [ 97.284292767000068, 1.194327162000036 ], [ 97.284001323000041, 1.20561533700004 ], [ 97.271788739000044, 1.216617964000022 ], [ 97.258133979000036, 1.214196194000067 ], [ 97.255480444000057, 1.228246078000041 ], [ 97.263109789000055, 1.231505146000075 ], [ 97.262931329000082, 1.241582164000022 ], [ 97.246161186000052, 1.248987463000049 ], [ 97.248450328000047, 1.259281230000056 ], [ 97.23901629900007, 1.260591777000059 ], [ 97.232994280000071, 1.253655251000055 ], [ 97.231441940000082, 1.266248292000057 ], [ 97.218642917000068, 1.273773475000041 ], [ 97.204699276000042, 1.267132201000038 ], [ 97.209093091000057, 1.282471457000042 ], [ 97.151513173000069, 1.365952728000025 ], [ 97.100928316000079, 1.406506277000062 ], [ 97.082636006000087, 1.407319624000024 ], [ 97.073784411000076, 1.387874669000041 ], [ 97.057632630000057, 1.409346925000023 ], [ 97.060402322000073, 1.418712483000036 ], [ 97.067159992000086, 1.425127510000038 ], [ 97.062791301000061, 1.415152810000052 ], [ 97.136145325000086, 1.435492442000054 ], [ 97.154505246000042, 1.42027341000005 ], [ 97.162833360000036, 1.42457547500004 ], [ 97.161567486000081, 1.414210543000024 ], [ 97.174321397000085, 1.407681302000071 ], [ 97.172406650000084, 1.395650502000024 ], [ 97.177871082000081, 1.40328381300003 ], [ 97.17869, 1.39556 ], [ 97.184021989000087, 1.399786006000056 ], [ 97.188120610000055, 1.406222448000051 ], [ 97.177068014000042, 1.409553693000021 ], [ 97.188983165000081, 1.419345175000046 ], [ 97.206620920000034, 1.402885254000068 ], [ 97.274947142000087, 1.418933528000025 ], [ 97.291348483000036, 1.45090160500007 ], [ 97.308005234000063, 1.453661862000047 ], [ 97.345249, 1.480661 ], [ 97.351752, 1.503822 ], [ 97.334646, 1.524235 ], [ 97.339459, 1.536475 ], [ 97.351611465000076, 1.54114759600003 ] ] ], [ [ [ 97.231524664000062, 1.415734373000021 ], [ 97.232192095000073, 1.416409200000032 ], [ 97.232544458000064, 1.416152268000076 ], [ 97.231524664000062, 1.415734373000021 ] ] ], [ [ [ 97.265794289000041, 1.422269293000056 ], [ 97.26555796100007, 1.423479082000028 ], [ 97.266225820000045, 1.421946777000073 ], [ 97.265794289000041, 1.422269293000056 ] ] ], [ [ [ 97.244181490000074, 1.430285212000058 ], [ 97.24028179000004, 1.428521289000059 ], [ 97.240253186000075, 1.43004684400006 ], [ 97.244181490000074, 1.430285212000058 ] ] ], [ [ [ 97.257971462000057, 1.429108584000062 ], [ 97.258192541000085, 1.430240944000047 ], [ 97.258870439000077, 1.42970249900003 ], [ 97.257971462000057, 1.429108584000062 ] ] ], [ [ [ 97.230754651000041, 1.439317061000054 ], [ 97.225671863000059, 1.44127501600002 ], [ 97.232127378000087, 1.441935525000076 ], [ 97.230754651000041, 1.439317061000054 ] ] ], [ [ [ 97.254606993000039, 1.454075186000068 ], [ 97.253564789000052, 1.455203050000023 ], [ 97.254771176000077, 1.455038868000031 ], [ 97.254606993000039, 1.454075186000068 ] ] ], [ [ [ 97.259696715000075, 1.465951228000051 ], [ 97.255984755000043, 1.460618856000053 ], [ 97.230200916000058, 1.451183659000037 ], [ 97.236815818000082, 1.46277639300007 ], [ 97.259696715000075, 1.465951228000051 ] ] ], [ [ [ 97.451995450000084, 1.703078850000054 ], [ 97.444412450000073, 1.693352850000053 ], [ 97.438576450000085, 1.703322850000063 ], [ 97.447394210000084, 1.706297629000062 ], [ 97.451995450000084, 1.703078850000054 ] ] ] ] } },
{ "type": "Feature", "properties": { "kemendagri_kab_code": 1225, "kemendagri_kab_name": "Kabupaten Nias Barat", "kemendagri_prov_code": 12, "kemendagri_prov_name": "Sumatera Utara" }, "geometry": { "type": "MultiPolygon", "coordinates": [ [ [ [ 97.348518612000078, 0.842713484000058 ], [ 97.361454036000055, 0.821026173000064 ], [ 97.358233085000052, 0.811171332000072 ], [ 97.332075, 0.829882 ], [ 97.348518612000078, 0.842713484000058 ] ] ], [ [ [ 97.321552147000034, 0.859048634000033 ], [ 97.332560381000064, 0.850542071000064 ], [ 97.329145100000062, 0.845853196000064 ], [ 97.309877639000035, 0.850649532000034 ], [ 97.321552147000034, 0.859048634000033 ] ] ], [ [ [ 97.356743866000045, 0.873604218000025 ], [ 97.336038510000037, 0.856761501000051 ], [ 97.329612778000069, 0.859898709000049 ], [ 97.338887, 0.871662 ], [ 97.356743866000045, 0.873604218000025 ] ] ], [ [ [ 97.282682609000062, 0.866529067000045 ], [ 97.290802438000071, 0.86846149500002 ], [ 97.290815809000037, 0.863109225000073 ], [ 97.282682609000062, 0.866529067000045 ] ] ], [ [ [ 97.369824397000059, 0.879487336000068 ], [ 97.374720428000046, 0.879475367000055 ], [ 97.374902356000064, 0.877205435000064 ], [ 97.369824397000059, 0.879487336000068 ] ] ], [ [ [ 97.270933839000065, 0.91518459100007 ], [ 97.277472598000031, 0.91168678300005 ], [ 97.284274079000056, 0.896719147000056 ], [ 97.266785041000048, 0.90706980300007 ], [ 97.270933839000065, 0.91518459100007 ] ] ], [ [ [ 97.375804229000039, 0.84034917200006 ], [ 97.383475388000079, 0.836556493000046 ], [ 97.381406388000073, 0.835010493000027 ], [ 97.375804229000039, 0.84034917200006 ] ] ], [ [ [ 97.372806452000077, 0.862074688000064 ], [ 97.384731436000038, 0.85741652300004 ], [ 97.380909711000072, 0.847119925000072 ], [ 97.36402505600006, 0.851526686000057 ], [ 97.372806452000077, 0.862074688000064 ] ] ], [ [ [ 97.543719096000075, 0.886004378000052 ], [ 97.542921977000049, 0.883921557000065 ], [ 97.542647942000087, 0.885477724000054 ], [ 97.543719096000075, 0.886004378000052 ] ] ], [ [ [ 97.432641904000036, 0.917868757000065 ], [ 97.428917865000074, 0.919255126000053 ], [ 97.431061087000046, 0.921385504000057 ], [ 97.432641904000036, 0.917868757000065 ] ] ], [ [ [ 97.431297629000085, 0.93406748700005 ], [ 97.424630379000064, 0.931711820000032 ], [ 97.428056803000061, 0.93752246400004 ], [ 97.431297629000085, 0.93406748700005 ] ] ], [ [ [ 97.501839999000083, 1.19153 ], [ 97.495386108000048, 1.142068173000041 ], [ 97.520543794000048, 1.156365344000051 ], [ 97.545021740000038, 1.135530134000021 ], [ 97.557535901000051, 1.141490006000026 ], [ 97.571963400000072, 1.130580002000045 ], [ 97.576855240000043, 1.119494614000075 ], [ 97.57179, 1.11677000100002 ], [ 97.587878408000051, 1.103316581000058 ], [ 97.598856585000078, 1.101529882000023 ], [ 97.602971287000059, 1.111477299000057 ], [ 97.624312039000074, 1.100627116000055 ], [ 97.611028120000071, 1.06400082600004 ], [ 97.619601025000065, 1.05503223200003 ], [ 97.620598415000075, 1.028085019000059 ], [ 97.587777778000032, 1.018611111000041 ], [ 97.552861225000072, 0.991612844000031 ], [ 97.523611111000037, 0.95166666700004 ], [ 97.549524217000055, 0.902530446000071 ], [ 97.548238123000033, 0.888248508000061 ], [ 97.50991285300006, 0.907442141000047 ], [ 97.508764783000061, 0.92387975500003 ], [ 97.484225878000075, 0.939302232000045 ], [ 97.431458157000066, 0.941768940000031 ], [ 97.418910934000053, 0.949979910000025 ], [ 97.406149823000078, 0.938964259000045 ], [ 97.409570497000061, 0.965384803000063 ], [ 97.396851088000062, 1.01615298300004 ], [ 97.36149624400008, 1.090384981000057 ], [ 97.391933333000054, 1.085216667000054 ], [ 97.43425, 1.091666667000027 ], [ 97.446283333000054, 1.11915 ], [ 97.469916667000064, 1.083883333000074 ], [ 97.477833333000035, 1.08545 ], [ 97.477441665000072, 1.139105285000028 ], [ 97.493086122000079, 1.164257478000025 ], [ 97.495150884000054, 1.183972965000066 ], [ 97.501839999000083, 1.19153 ] ] ] ] } },
{ "type": "Feature", "properties": { "kemendagri_kab_code": 1271, "kemendagri_kab_name": "Kota Medan", "kemendagri_prov_code": 12, "kemendagri_prov_name": "Sumatera Utara" }, "geometry": { "type": "Polygon", "coordinates": [ [ [ 98.74528470000007, 3.536863909000033 ], [ 98.742881943000043, 3.52754486300006 ], [ 98.698370313000055, 3.531125474000021 ], [ 98.696583054000087, 3.518941127000062 ], [ 98.675473855000064, 3.514923559000067 ], [ 98.655943454000067, 3.516952349000064 ], [ 98.661691555000061, 3.517421718000037 ], [ 98.662232256000038, 3.522202114000038 ], [ 98.657720401000063, 3.522357592000048 ], [ 98.654306666000082, 3.517324931000076 ], [ 98.65910862000004, 3.504574414000047 ], [ 98.646058708000055, 3.495987903000071 ], [ 98.646519948000048, 3.480169609000029 ], [ 98.637990015000071, 3.489798483000072 ], [ 98.640870350000057, 3.507878795000067 ], [ 98.631457284000078, 3.504989743000067 ], [ 98.62798328100007, 3.518158819000064 ], [ 98.617238433000068, 3.498319887000036 ], [ 98.600123951000057, 3.490768709000065 ], [ 98.592937806000066, 3.495232453000028 ], [ 98.602689121000083, 3.534089964000032 ], [ 98.593298344000061, 3.541065562000028 ], [ 98.611884841000062, 3.55586575500007 ], [ 98.60672949800005, 3.558860650000042 ], [ 98.611487029000045, 3.582929901000057 ], [ 98.602178910000077, 3.587073726000028 ], [ 98.606792554000037, 3.610606395000048 ], [ 98.599328384000046, 3.619284034000032 ], [ 98.627065664000042, 3.610552785000039 ], [ 98.652612545000068, 3.615213596000046 ], [ 98.666556090000086, 3.635084219000021 ], [ 98.659328235000032, 3.638966418000052 ], [ 98.658744327000079, 3.67529315400003 ], [ 98.633491090000064, 3.684180993000041 ], [ 98.631855275000078, 3.701874217000068 ], [ 98.618873793000034, 3.708651153000062 ], [ 98.652789734000066, 3.728631355000061 ], [ 98.65327035200005, 3.738854993000075 ], [ 98.636242591000041, 3.743733701000053 ], [ 98.625360682000064, 3.762657777000072 ], [ 98.636180750000051, 3.769273359000067 ], [ 98.632924053000067, 3.776262489000032 ], [ 98.654287422000039, 3.782557780000047 ], [ 98.67628565800004, 3.775884279000024 ], [ 98.681295300000045, 3.788974456000062 ], [ 98.713053843000068, 3.79146978600005 ], [ 98.723291285000073, 3.801318106000053 ], [ 98.705784060000042, 3.774451821000071 ], [ 98.702094774000045, 3.751247515000045 ], [ 98.70498619600005, 3.740589215000057 ], [ 98.727143375000082, 3.733284990000072 ], [ 98.731035429000087, 3.720602274000044 ], [ 98.715079433000085, 3.725689714000055 ], [ 98.704835704000061, 3.715085420000037 ], [ 98.711527154000066, 3.694097009000075 ], [ 98.703575029000035, 3.672277514000029 ], [ 98.694717995000076, 3.672431547000031 ], [ 98.696556748000035, 3.678204665000067 ], [ 98.669030085000031, 3.675906915000041 ], [ 98.692278455000064, 3.664615398000024 ], [ 98.689735538000036, 3.656637358000069 ], [ 98.70259595400006, 3.65623977000007 ], [ 98.701711045000081, 3.645235569000022 ], [ 98.692245572000047, 3.643517028000076 ], [ 98.693375288000084, 3.626547697000035 ], [ 98.709941102000073, 3.626553629000057 ], [ 98.705983591000063, 3.595344238000052 ], [ 98.744344415000057, 3.596440921000067 ], [ 98.717033821000086, 3.589706677000038 ], [ 98.717941171000064, 3.582701517000032 ], [ 98.738266268000075, 3.581416493000063 ], [ 98.721330858000044, 3.543341754000039 ], [ 98.74528470000007, 3.536863909000033 ] ] ] } },
{ "type": "Feature", "properties": { "kemendagri_kab_code": 1272, "kemendagri_kab_name": "Kota Pematangsiantar", "kemendagri_prov_code": 12, "kemendagri_prov_name": "Sumatera Utara" }, "geometry": { "type": "Polygon", "coordinates": [ [ [ 99.099797411000054, 3.018593155000076 ], [ 99.092294065000033, 3.003939992000028 ], [ 99.094883695000078, 2.978657542000064 ], [ 99.082496767000066, 2.975633610000045 ], [ 99.091226907000078, 2.974399978000065 ], [ 99.080026378000071, 2.959687504000044 ], [ 99.098874422000051, 2.962722747000043 ], [ 99.092337022000038, 2.95714276700005 ], [ 99.102077365000071, 2.935038904000066 ], [ 99.039603798000087, 2.908696046000045 ], [ 99.028810289000035, 2.892257605000054 ], [ 99.012153245000036, 2.892163431000029 ], [ 99.041634179000084, 2.924920123000049 ], [ 99.027229824000074, 2.933642881000026 ], [ 99.020854726000039, 2.948441268000067 ], [ 99.027025951000041, 2.988207069000055 ], [ 99.039421275000052, 2.994408216000068 ], [ 99.038470858000039, 3.003306291000058 ], [ 99.035251531000085, 3.000999269000033 ], [ 99.031078913000044, 3.001861633000033 ], [ 99.029973507000079, 3.003706902000033 ], [ 99.099797411000054, 3.018593155000076 ] ] ] } },
{ "type": "Feature", "properties": { "kemendagri_kab_code": 1273, "kemendagri_kab_name": "Kota Sibolga", "kemendagri_prov_code": 12, "kemendagri_prov_name": "Sumatera Utara" }, "geometry": { "type": "MultiPolygon", "coordinates": [ [ [ [ 98.763020899000082, 1.71717187500002 ], [ 98.76274131200006, 1.716755470000066 ], [ 98.762705621000066, 1.717451462000042 ], [ 98.763020899000082, 1.71717187500002 ] ] ], [ [ [ 98.778459671000064, 1.729172453000047 ], [ 98.781346742000039, 1.727543947000072 ], [ 98.779385102000049, 1.726636451000047 ], [ 98.778459671000064, 1.729172453000047 ] ] ], [ [ [ 98.796022641000036, 1.758521747000032 ], [ 98.796938889000046, 1.746077778000029 ], [ 98.811728911000046, 1.730910064000057 ], [ 98.798361111000077, 1.720722222000063 ], [ 98.768472167000084, 1.745881178000047 ], [ 98.770916667000051, 1.75875 ], [ 98.796022641000036, 1.758521747000032 ] ] ] ] } },
{ "type": "Feature", "properties": { "kemendagri_kab_code": 1274, "kemendagri_kab_name": "Kota Tanjungbalai", "kemendagri_prov_code": 12, "kemendagri_prov_name": "Sumatera Utara" }, "geometry": { "type": "Polygon", "coordinates": [ [ [ 99.817230808000033, 3.025051225000027 ], [ 99.818939721000049, 2.993548512000075 ], [ 99.808522651000033, 2.989630868000063 ], [ 99.809311722000075, 2.974933208000039 ], [ 99.835643431000051, 2.955095281000069 ], [ 99.837873611000077, 2.937912778000054 ], [ 99.817197621000048, 2.924249874000054 ], [ 99.803646478000076, 2.928791828000044 ], [ 99.775166997000042, 2.920875432000059 ], [ 99.752534439000044, 2.944279315000074 ], [ 99.757203753000056, 2.966275144000065 ], [ 99.782769181000049, 2.970434066000053 ], [ 99.766074386000071, 3.008961317000058 ], [ 99.798580444000038, 3.009479303000035 ], [ 99.817230808000033, 3.025051225000027 ] ] ] } },
{ "type": "Feature", "properties": { "kemendagri_kab_code": 1275, "kemendagri_kab_name": "Kota Binjai", "kemendagri_prov_code": 12, "kemendagri_prov_name": "Sumatera Utara" }, "geometry": { "type": "Polygon", "coordinates": [ [ [ 98.499866194000049, 3.58060067100007 ], [ 98.495292469000049, 3.55586340800005 ], [ 98.474508382000067, 3.556703087000074 ], [ 98.473982878000072, 3.528066724000041 ], [ 98.450498620000076, 3.528171201000021 ], [ 98.446197203000054, 3.565262511000071 ], [ 98.45807929700004, 3.576262400000076 ], [ 98.460203774000036, 3.595272304000048 ], [ 98.466768007000042, 3.594004236000046 ], [ 98.462454229000059, 3.596297435000054 ], [ 98.445085607000067, 3.598167482000065 ], [ 98.440940149000085, 3.608189837000054 ], [ 98.474009574000036, 3.61728997900002 ], [ 98.474341280000033, 3.62554394700004 ], [ 98.462694660000068, 3.651954624000041 ], [ 98.447680456000057, 3.653505451000058 ], [ 98.446411175000037, 3.656845811000039 ], [ 98.453302834000056, 3.657165563000035 ], [ 98.472587693000037, 3.648166923000076 ], [ 98.488413195000078, 3.667464855000048 ], [ 98.511884202000033, 3.672494678000021 ], [ 98.518479730000081, 3.668125479000025 ], [ 98.510754491000057, 3.663620927000068 ], [ 98.516762286000073, 3.655201473000034 ], [ 98.511276366000061, 3.645933291000063 ], [ 98.517193309000049, 3.645841468000071 ], [ 98.512089999000068, 3.631771707000041 ], [ 98.527233801000079, 3.631816221000065 ], [ 98.527031755000053, 3.621029148000048 ], [ 98.533190981000075, 3.620870339000021 ], [ 98.539609441000039, 3.575379897000062 ], [ 98.515276042000039, 3.569765516000075 ], [ 98.499866194000049, 3.58060067100007 ] ] ] } },
{ "type": "Feature", "properties": { "kemendagri_kab_code": 1276, "kemendagri_kab_name": "Kota Tebing Tinggi", "kemendagri_prov_code": 12, "kemendagri_prov_name": "Sumatera Utara" }, "geometry": { "type": "Polygon", "coordinates": [ [ [ 99.173992741000063, 3.373319047000052 ], [ 99.16730472200004, 3.350955323000051 ], [ 99.186968903000036, 3.356992212000023 ], [ 99.193235001000062, 3.351353825000047 ], [ 99.181519369000057, 3.331463301000042 ], [ 99.193722961000049, 3.310432615000025 ], [ 99.138867776000041, 3.30863045600006 ], [ 99.138191052000082, 3.273930907000022 ], [ 99.120468524000046, 3.299506957000062 ], [ 99.114414846000045, 3.297490581000034 ], [ 99.133779336000032, 3.312280395000073 ], [ 99.125304860000085, 3.335642028000052 ], [ 99.116743911000071, 3.33867127700006 ], [ 99.129401603000076, 3.349447890000022 ], [ 99.14007341100006, 3.344464290000076 ], [ 99.145736052000075, 3.34947591100007 ], [ 99.154620960000045, 3.34119062700006 ], [ 99.165586979000068, 3.356638113000031 ], [ 99.154588416000081, 3.366742474000034 ], [ 99.168317157000047, 3.378152181000075 ], [ 99.173992741000063, 3.373319047000052 ] ] ] } },
{ "type": "Feature", "properties": { "kemendagri_kab_code": 1277, "kemendagri_kab_name": "Kota Padangsidimpuan", "kemendagri_prov_code": 12, "kemendagri_prov_name": "Sumatera Utara" }, "geometry": { "type": "Polygon", "coordinates": [ [ [ 99.350406390000046, 1.314020278000044 ], [ 99.310957888000075, 1.302808021000033 ], [ 99.269683890000067, 1.349252222000075 ], [ 99.24370250000004, 1.363097222000022 ], [ 99.219953890000056, 1.410765278000042 ], [ 99.222545, 1.438138056000071 ], [ 99.247848060000081, 1.477185 ], [ 99.272304720000079, 1.468879167000068 ], [ 99.330450743000085, 1.409014867000053 ], [ 99.350406390000046, 1.314020278000044 ] ] ] } },
{ "type": "Feature", "properties": { "kemendagri_kab_code": 1278, "kemendagri_kab_name": "Kota Gunungsitoli", "kemendagri_prov_code": 12, "kemendagri_prov_name": "Sumatera Utara" }, "geometry": { "type": "Polygon", "coordinates": [ [ [ 97.65327955500004, 1.236189275000072 ], [ 97.632060003000049, 1.217120001000069 ], [ 97.613060005000079, 1.183610002000023 ], [ 97.602379996000082, 1.209590002000027 ], [ 97.573850004000064, 1.209410002000027 ], [ 97.562280004000058, 1.201560003000054 ], [ 97.56774000300004, 1.241680003000056 ], [ 97.55266765600004, 1.281828499000028 ], [ 97.545040005000033, 1.27228000100007 ], [ 97.535400005000042, 1.293160002000036 ], [ 97.517283163000059, 1.284960903000069 ], [ 97.520823801000063, 1.262346505000039 ], [ 97.509159683000064, 1.259376938000059 ], [ 97.480797233000033, 1.291705213000057 ], [ 97.493013871000073, 1.288153621000049 ], [ 97.499444444000062, 1.295 ], [ 97.471240608000073, 1.349217365000072 ], [ 97.479024365000043, 1.352656513000056 ], [ 97.492645936000088, 1.338621918000058 ], [ 97.50753, 1.34887 ], [ 97.509350515000051, 1.368134816000065 ], [ 97.497619343000054, 1.382401197000036 ], [ 97.516684615000031, 1.406569955000066 ], [ 97.52458499800008, 1.403277969000044 ], [ 97.527546228000062, 1.41410281900005 ], [ 97.539920808000034, 1.420005037000067 ], [ 97.542372226000055, 1.388065188000041 ], [ 97.598936112000047, 1.329133256000034 ], [ 97.610649781000063, 1.293893929000035 ], [ 97.625733977000039, 1.285938201000022 ], [ 97.65327955500004, 1.236189275000072 ] ] ] } }
]
}
