{
"type": "FeatureCollection",
"name": "13",
"crs": { "type": "name", "properties": { "name": "urn:ogc:def:crs:OGC:1.3:CRS84" } },
"features": [
{ "type": "Feature", "properties": { "kemendagri_kab_code": 1301, "kemendagri_kab_name": "Kabupaten Pesisir Selatan", "kemendagri_prov_code": 13, "kemendagri_prov_name": "Sumatera Barat" }, "geometry": { "type": "MultiPolygon", "coordinates": [ [ [ [ 100.299244523000084, -1.266873962999966 ], [ 100.295635809000032, -1.265491552999947 ], [ 100.297981165000067, -1.264411420999977 ], [ 100.299244523000084, -1.266873962999966 ] ] ], [ [ [ 100.400950249000061, -1.264471146999938 ], [ 100.401087068000038, -1.264414039999963 ], [ 100.400975233000054, -1.264541340999926 ], [ 100.400950249000061, -1.264471146999938 ] ] ], [ [ [ 100.396227410000051, -1.231071131999954 ], [ 100.396029140000053, -1.230343373999972 ], [ 100.396526014000074, -1.229766475999952 ], [ 100.396227410000051, -1.231071131999954 ] ] ], [ [ [ 100.391408671000079, -1.226893374999975 ], [ 100.391286291000085, -1.226461875999973 ], [ 100.391506372000038, -1.22684905999995 ], [ 100.391408671000079, -1.226893374999975 ] ] ], [ [ [ 100.403313902000036, -1.224834574999932 ], [ 100.40200733000006, -1.224668436999934 ], [ 100.403005496000048, -1.224238086999947 ], [ 100.403313902000036, -1.224834574999932 ] ] ], [ [ [ 100.33992509400008, -1.21400975399996 ], [ 100.339013554000076, -1.21388722699993 ], [ 100.339422369000033, -1.212482646999945 ], [ 100.33992509400008, -1.21400975399996 ] ] ], [ [ [ 100.39265066300004, -1.187820703999932 ], [ 100.384813120000047, -1.20893340899994 ], [ 100.398193611000067, -1.201536202999932 ], [ 100.401227666000068, -1.22083321599996 ], [ 100.396656161000067, -1.22933401399996 ], [ 100.38572776500007, -1.222390796999946 ], [ 100.378707698000085, -1.227335148999941 ], [ 100.381052939000085, -1.190151918999959 ], [ 100.39265066300004, -1.187820703999932 ] ] ], [ [ [ 100.339539397000067, -1.189244618999965 ], [ 100.341092942000046, -1.198117056999934 ], [ 100.338834395000049, -1.211784374999979 ], [ 100.327479365000045, -1.205550134999953 ], [ 100.339539397000067, -1.189244618999965 ] ] ], [ [ [ 100.328689521000058, -1.198317928999927 ], [ 100.328485192000073, -1.198036997999964 ], [ 100.328851961000055, -1.198120708999966 ], [ 100.328689521000058, -1.198317928999927 ] ] ], [ [ [ 100.394435951000048, -1.196370813999977 ], [ 100.395160703000045, -1.198189533999937 ], [ 100.393294205000075, -1.197438088999945 ], [ 100.394435951000048, -1.196370813999977 ] ] ], [ [ [ 100.341676584000083, -1.197417141999949 ], [ 100.341729236000049, -1.197320613999977 ], [ 100.341753807000032, -1.197362734999956 ], [ 100.341676584000083, -1.197417141999949 ] ] ], [ [ [ 100.333714247000046, -1.189524921999976 ], [ 100.333696426000074, -1.189241998999933 ], [ 100.334223316000077, -1.189392113999929 ], [ 100.333714247000046, -1.189524921999976 ] ] ], [ [ [ 100.33748619000005, -1.169706487999974 ], [ 100.338344761000087, -1.16989229099994 ], [ 100.338182531000086, -1.170110970999929 ], [ 100.33748619000005, -1.169706487999974 ] ] ], [ [ [ 100.357438854000065, -1.167703876999951 ], [ 100.348687176000055, -1.171429417999946 ], [ 100.355620472000055, -1.161521258999926 ], [ 100.357438854000065, -1.167703876999951 ] ] ], [ [ [ 100.351714082000058, -1.158268163999935 ], [ 100.345898963000081, -1.161216079999974 ], [ 100.349952819000066, -1.156035725999971 ], [ 100.351714082000058, -1.158268163999935 ] ] ], [ [ [ 100.36927032300008, -1.158914774999971 ], [ 100.369351436000045, -1.158743006999941 ], [ 100.369423005000044, -1.158864675999951 ], [ 100.36927032300008, -1.158914774999971 ] ] ], [ [ [ 100.440378, -1.501077 ], [ 100.436043887000039, -1.499955800999942 ], [ 100.437688300000048, -1.49814569199998 ], [ 100.440378, -1.501077 ] ] ], [ [ [ 100.489756489000058, -1.402123528999937 ], [ 100.489776346000042, -1.401704607999932 ], [ 100.489999236000074, -1.401819705999969 ], [ 100.489756489000058, -1.402123528999937 ] ] ], [ [ [ 100.49092285100005, -1.389647131999936 ], [ 100.48794947500005, -1.398860428999967 ], [ 100.483032673000082, -1.386747002999925 ], [ 100.49092285100005, -1.389647131999936 ] ] ], [ [ [ 100.471931564000045, -1.328832550999948 ], [ 100.471544848000065, -1.329671657999938 ], [ 100.471614657000032, -1.329012739999939 ], [ 100.471931564000045, -1.328832550999948 ] ] ], [ [ [ 100.471556023000062, -1.322255715999972 ], [ 100.476114030000076, -1.323741239999947 ], [ 100.473856578000039, -1.330343495999955 ], [ 100.471556023000062, -1.322255715999972 ] ] ], [ [ [ 100.436768553000036, -1.315293175999955 ], [ 100.434462193000059, -1.315749064999977 ], [ 100.436177267000062, -1.314351669999951 ], [ 100.436768553000036, -1.315293175999955 ] ] ], [ [ [ 100.485899009000036, -1.302432263999947 ], [ 100.485227818000055, -1.302219860999969 ], [ 100.486150790000067, -1.301989545999959 ], [ 100.485899009000036, -1.302432263999947 ] ] ], [ [ [ 100.418327929000043, -1.275886277999973 ], [ 100.417988394000076, -1.275834414999963 ], [ 100.41818720200007, -1.274009526999976 ], [ 100.418327929000043, -1.275886277999973 ] ] ], [ [ [ 100.419457565000073, -1.271369733999961 ], [ 100.418296387000055, -1.272847095999964 ], [ 100.418724720000057, -1.271180459999925 ], [ 100.419457565000073, -1.271369733999961 ] ] ], [ [ [ 100.423292, -1.24709699899995 ], [ 100.423458, -1.24686 ], [ 100.423487, -1.247133 ], [ 100.423292, -1.24709699899995 ] ] ], [ [ [ 100.407943404000036, -1.230531909999968 ], [ 100.406059060000075, -1.228386334999925 ], [ 100.407713545000036, -1.227450525999927 ], [ 100.407943404000036, -1.230531909999968 ] ] ], [ [ [ 100.411123071000077, -1.223863335999965 ], [ 100.411077790000036, -1.22360379099996 ], [ 100.41115850400007, -1.223590660999946 ], [ 100.411123071000077, -1.223863335999965 ] ] ], [ [ [ 100.417046982000045, -1.218710123999927 ], [ 100.416636439000058, -1.218692994999969 ], [ 100.417043935000038, -1.217882129999964 ], [ 100.417046982000045, -1.218710123999927 ] ] ], [ [ [ 100.415779607000047, -1.217937001999928 ], [ 100.415711089000069, -1.217730480999933 ], [ 100.415888278000068, -1.217704157999947 ], [ 100.415779607000047, -1.217937001999928 ] ] ], [ [ [ 100.41526652500005, -1.215145236999945 ], [ 100.416011667000078, -1.216708800999925 ], [ 100.414985688000058, -1.216135686999962 ], [ 100.41526652500005, -1.215145236999945 ] ] ], [ [ [ 100.414380145000052, -1.215403789999925 ], [ 100.413979131000076, -1.214895102999947 ], [ 100.413947159000088, -1.214826581999944 ], [ 100.414319726000087, -1.215098117999958 ], [ 100.414380145000052, -1.215403789999925 ] ] ], [ [ [ 100.640253352000059, -1.911055934999979 ], [ 100.63728545400005, -1.908578386999977 ], [ 100.638773750000041, -1.907465586999933 ], [ 100.640253352000059, -1.911055934999979 ] ] ], [ [ [ 100.571146913000064, -1.889237390999938 ], [ 100.569408124000063, -1.88824465099998 ], [ 100.570459454000058, -1.887519965999957 ], [ 100.571146913000064, -1.889237390999938 ] ] ], [ [ [ 100.516284098000085, -1.745407535999959 ], [ 100.514994855000054, -1.742881989999944 ], [ 100.516898190000063, -1.743384453999965 ], [ 100.516284098000085, -1.745407535999959 ] ] ], [ [ [ 100.590324086000066, -1.720986110999945 ], [ 100.589264766000042, -1.72019972399994 ], [ 100.589954022000086, -1.719811577999963 ], [ 100.590324086000066, -1.720986110999945 ] ] ], [ [ [ 100.538520973000061, -0.960580986999958 ], [ 100.551052030000051, -0.981504969999946 ], [ 100.558126968000067, -1.041064005999942 ], [ 100.582634129000041, -1.071065995999959 ], [ 100.594462771000053, -1.068434140999955 ], [ 100.594467976000033, -1.074632010999949 ], [ 100.621408017000078, -1.062418 ], [ 100.622182924000072, -1.097009682999953 ], [ 100.643971985000064, -1.120889028999954 ], [ 100.708285488000058, -1.092585500999974 ], [ 100.720414966000078, -1.091347012999961 ], [ 100.737120997000034, -1.104186961999972 ], [ 100.752132005000078, -1.125206981999952 ], [ 100.753024990000085, -1.161099013999944 ], [ 100.775861981000048, -1.161083037999958 ], [ 100.800724010000067, -1.203037964999965 ], [ 100.796074968000084, -1.221509021999964 ], [ 100.809863965000034, -1.24417598399998 ], [ 100.800017994000086, -1.257291041999963 ], [ 100.798731297000074, -1.278109977999975 ], [ 100.81759601400006, -1.279032967999967 ], [ 100.837232394000068, -1.304960782999956 ], [ 100.856827026000076, -1.296776987999976 ], [ 100.885842984000078, -1.327755983999964 ], [ 100.892801944000041, -1.325727221999955 ], [ 100.888147405000041, -1.337788331999946 ], [ 100.906529588000069, -1.370576462999963 ], [ 100.896624700000075, -1.377950832999943 ], [ 100.894074746000058, -1.393350295999937 ], [ 100.916756273000033, -1.401421424999967 ], [ 100.937112651000064, -1.424687181999957 ], [ 100.934794535000037, -1.460097594999979 ], [ 100.94151267400008, -1.471069473999933 ], [ 100.976207742000042, -1.483079614999951 ], [ 100.98323786800006, -1.527809138999942 ], [ 101.020304198000076, -1.565444377999938 ], [ 101.013047331000053, -1.588211352999963 ], [ 101.018106293000073, -1.607343877999938 ], [ 101.065328861000069, -1.635330457999942 ], [ 101.059355506000088, -1.643369649999954 ], [ 101.065378288000034, -1.657877275999965 ], [ 101.108760092000068, -1.669785293999951 ], [ 101.131666667000047, -1.684719443999938 ], [ 101.138333333000048, -1.898888888999977 ], [ 101.243683333000035, -2.072816666999927 ], [ 101.241055556000049, -2.097638888999938 ], [ 101.25721666700008, -2.095383332999972 ], [ 101.26106666700008, -2.1019 ], [ 101.281, -2.262683332999927 ], [ 101.292869444000075, -2.288666666999973 ], [ 101.269617220000043, -2.296459766999931 ], [ 101.26072686100008, -2.319710847999943 ], [ 101.201305324000032, -2.367095111999959 ], [ 101.146777714000052, -2.388811111999928 ], [ 101.022391691000053, -2.478443519999928 ], [ 100.993313448000038, -2.431440901999963 ], [ 100.890165018000062, -2.325789820999944 ], [ 100.874992721000069, -2.24523585999998 ], [ 100.823129012000038, -2.173779091999961 ], [ 100.822410390000073, -2.143618857999968 ], [ 100.866440354000076, -2.096454349999931 ], [ 100.879752073000077, -2.050531711999952 ], [ 100.865391212000077, -1.931622346999973 ], [ 100.840545407000036, -1.881981464999967 ], [ 100.785244685000066, -1.817986657999938 ], [ 100.687959446000036, -1.663474033999933 ], [ 100.643642080000063, -1.621317691999934 ], [ 100.635803851000048, -1.558299484999964 ], [ 100.619371063000074, -1.527075615999934 ], [ 100.622397757000044, -1.500629819999972 ], [ 100.597380226000041, -1.492623355999967 ], [ 100.561048800000037, -1.441435359999957 ], [ 100.584249632000081, -1.421687696999925 ], [ 100.558142675000056, -1.406805661999954 ], [ 100.573190762000081, -1.394582184999933 ], [ 100.592700315000059, -1.394102927999938 ], [ 100.579856432000042, -1.382203138999955 ], [ 100.57829300700007, -1.369472852999934 ], [ 100.561001440000041, -1.372300357999961 ], [ 100.574717996000061, -1.357754420999925 ], [ 100.563033613000073, -1.347278759999938 ], [ 100.56850587100007, -1.337017337999953 ], [ 100.544244521000053, -1.31089936199993 ], [ 100.517709016000083, -1.310454443999959 ], [ 100.490142168000034, -1.298758877999944 ], [ 100.452593699000033, -1.258415970999977 ], [ 100.42238605600005, -1.277231494999967 ], [ 100.418207858000073, -1.268255443999976 ], [ 100.400603025000066, -1.270867887999941 ], [ 100.406804027000078, -1.236869254999931 ], [ 100.41873477300004, -1.238321113999973 ], [ 100.423740245000033, -1.255293293999955 ], [ 100.432876268000086, -1.254814232999934 ], [ 100.436099122000087, -1.231563637999955 ], [ 100.421286786000053, -1.225197184999956 ], [ 100.429027331000043, -1.223063210999953 ], [ 100.432119182000065, -1.200767636999956 ], [ 100.410944159000053, -1.198815896999974 ], [ 100.398965248000081, -1.190481298999941 ], [ 100.400652214000047, -1.181647894999969 ], [ 100.380094467000049, -1.178232910999952 ], [ 100.380646692000084, -1.145883597999955 ], [ 100.355656515000078, -1.161256871999967 ], [ 100.365719812000066, -1.134609404999935 ], [ 100.396783972000037, -1.133820860999947 ], [ 100.431948528000078, -1.115821943999947 ], [ 100.420630244000051, -1.102330645999928 ], [ 100.425337806000073, -1.072407860999931 ], [ 100.477425003000064, -1.004505055999971 ], [ 100.524663253000085, -1.000816890999943 ], [ 100.527098235000039, -0.964799782999933 ], [ 100.538520973000061, -0.960580986999958 ] ] ], [ [ [ 100.508991525000056, -1.663017832999969 ], [ 100.506629706000069, -1.661680978999925 ], [ 100.507936412000049, -1.66084430199993 ], [ 100.508991525000056, -1.663017832999969 ] ] ], [ [ [ 100.628763412000069, -1.586300106999943 ], [ 100.628414565000071, -1.585853639999925 ], [ 100.628818324000065, -1.585603554999977 ], [ 100.628763412000069, -1.586300106999943 ] ] ], [ [ [ 100.493911513000057, -1.411224125999979 ], [ 100.493305838000083, -1.41126324399994 ], [ 100.493363171000055, -1.411008975999948 ], [ 100.493911513000057, -1.411224125999979 ] ] ], [ [ [ 100.490632340000047, -1.406411907999939 ], [ 100.493088454000087, -1.412230215999955 ], [ 100.492034603000036, -1.412471308999955 ], [ 100.490632340000047, -1.406411907999939 ] ] ], [ [ [ 100.556649349000054, -1.407033361999936 ], [ 100.555178842000032, -1.407742441999972 ], [ 100.556144903000074, -1.407176129999925 ], [ 100.556649349000054, -1.407033361999936 ] ] ], [ [ [ 100.492665422000073, -1.401655182999946 ], [ 100.492130044000078, -1.401069835999976 ], [ 100.492287088000069, -1.40095562099998 ], [ 100.492665422000073, -1.401655182999946 ] ] ], [ [ [ 100.559112, -1.375234 ], [ 100.559003, -1.374869998999941 ], [ 100.559302, -1.375188 ], [ 100.559112, -1.375234 ] ] ], [ [ [ 100.560266124000066, -1.353932162999968 ], [ 100.557210143000077, -1.356445361999931 ], [ 100.560346288000062, -1.352697267999929 ], [ 100.560266124000066, -1.353932162999968 ] ] ], [ [ [ 100.564471191000052, -1.353203005999944 ], [ 100.564049667000063, -1.354469421999966 ], [ 100.563384776000078, -1.35456933599994 ], [ 100.564471191000052, -1.353203005999944 ] ] ], [ [ [ 100.518567800000085, -1.346483705999958 ], [ 100.518750583000042, -1.34581654699997 ], [ 100.518782570000042, -1.346506553999973 ], [ 100.518567800000085, -1.346483705999958 ] ] ], [ [ [ 100.520246834000034, -1.34606012699993 ], [ 100.519206709000059, -1.345492902999979 ], [ 100.520033023000053, -1.345136084999979 ], [ 100.520246834000034, -1.34606012699993 ] ] ] ] } },
{ "type": "Feature", "properties": { "kemendagri_kab_code": 1302, "kemendagri_kab_name": "Kabupaten Solok", "kemendagri_prov_code": 13, "kemendagri_prov_name": "Sumatera Barat" }, "geometry": { "type": "Polygon", "coordinates": [ [ [ 100.664611112000046, -0.531972219999943 ], [ 100.699131265000062, -0.550484141999959 ], [ 100.705886983000084, -0.57287501299993 ], [ 100.701935015000061, -0.611108042999945 ], [ 100.687533974000075, -0.631888025999956 ], [ 100.691028032000077, -0.645250032999968 ], [ 100.701722996000058, -0.656656022999925 ], [ 100.724527998000042, -0.661916992999977 ], [ 100.706649995000078, -0.671234980999941 ], [ 100.696106025000063, -0.72440297299994 ], [ 100.714245985000048, -0.735844027999974 ], [ 100.737621965000073, -0.724544995999963 ], [ 100.746189969000056, -0.738722034999967 ], [ 100.764578995000079, -0.742958993999935 ], [ 100.779721017000043, -0.764836957999933 ], [ 100.804491989000041, -0.767521015999932 ], [ 100.820671097000059, -0.778499900999975 ], [ 100.810804260000054, -0.795133831999976 ], [ 100.850640884000086, -0.784058321999964 ], [ 100.884488162000082, -0.813174791999927 ], [ 100.888447585000051, -0.828053085999954 ], [ 100.911244725000074, -0.811880364999979 ], [ 100.926031648000048, -0.80837779899997 ], [ 100.93210427300005, -0.814327955999943 ], [ 100.962099984000076, -0.804333766999946 ], [ 100.966811456000073, -0.810684339999966 ], [ 100.955739811000058, -0.817388362999964 ], [ 100.953742938000062, -0.831477430999939 ], [ 100.994818185000042, -0.854399817999933 ], [ 100.999500964000049, -0.877299750999953 ], [ 101.045919076000075, -0.885881788999939 ], [ 101.066720324000073, -0.949475263999943 ], [ 101.049707178000062, -0.968368183999928 ], [ 101.066292021000038, -0.989540627999929 ], [ 101.126597081000057, -0.978090661999943 ], [ 101.140559758000052, -0.96210068399995 ], [ 101.158519930000068, -0.95579035399993 ], [ 101.190884791000087, -0.951225637999926 ], [ 101.200979362000055, -0.95708495699995 ], [ 101.203243073000067, -0.974113474999967 ], [ 101.182504334000043, -1.006128689999969 ], [ 101.183946130000038, -1.029856519999953 ], [ 101.142338648000077, -1.037281581999935 ], [ 101.165592777000086, -1.055497812999931 ], [ 101.158168056000079, -1.070702221999966 ], [ 101.171665348000033, -1.086967946999948 ], [ 101.167107021000049, -1.109470974999965 ], [ 101.176895032000061, -1.135193970999978 ], [ 101.19769302900005, -1.161964987999966 ], [ 101.211654994000071, -1.164534010999944 ], [ 101.245070974000043, -1.213411027999939 ], [ 101.231409964000079, -1.248995989999969 ], [ 101.262572025000054, -1.263106026999935 ], [ 101.252654969000048, -1.291528980999942 ], [ 101.248593029000062, -1.286612989999981 ], [ 101.240854971000033, -1.295066023999937 ], [ 101.215391998000086, -1.281723955999951 ], [ 101.205687968000063, -1.292905018999932 ], [ 101.191997998000033, -1.280694008999944 ], [ 101.187091004000081, -1.295326983999928 ], [ 101.171505007000064, -1.303770963999966 ], [ 101.121812998000053, -1.293344974999968 ], [ 101.094617003000053, -1.301617026999963 ], [ 101.074509981000062, -1.284399026999949 ], [ 101.027317029000073, -1.275353036999945 ], [ 101.004642974000035, -1.258765958999959 ], [ 101.000055978000034, -1.306249962999971 ], [ 100.980643999000051, -1.312884974999974 ], [ 100.973024979000058, -1.298550021999972 ], [ 100.933853016000057, -1.284540995999976 ], [ 100.900357007000082, -1.297669030999941 ], [ 100.889626023000062, -1.329231012999969 ], [ 100.859015974000044, -1.297918015999926 ], [ 100.837232394000068, -1.304960782999956 ], [ 100.81759601400006, -1.279032967999967 ], [ 100.798731297000074, -1.278109977999975 ], [ 100.800017994000086, -1.257291041999963 ], [ 100.809863965000034, -1.24417598399998 ], [ 100.796074968000084, -1.221509021999964 ], [ 100.801329973000065, -1.20501698399994 ], [ 100.792888963000053, -1.182722020999961 ], [ 100.784083029000044, -1.18152798999995 ], [ 100.773873, -1.159998009999924 ], [ 100.753024990000085, -1.161099013999944 ], [ 100.752132005000078, -1.125206981999952 ], [ 100.725968, -1.094457998999928 ], [ 100.703974005000077, -1.093703043999938 ], [ 100.643971985000064, -1.120889028999954 ], [ 100.622182924000072, -1.097009682999953 ], [ 100.619571976000032, -1.06077996099998 ], [ 100.594467976000033, -1.074632010999949 ], [ 100.594462771000053, -1.068434140999955 ], [ 100.578351990000044, -1.068434016999959 ], [ 100.576430977000086, -1.056620012999929 ], [ 100.553222001000051, -1.032306003999963 ], [ 100.552523016000066, -0.987735016999977 ], [ 100.538520973000061, -0.960580986999958 ], [ 100.565583011000058, -0.902717028999973 ], [ 100.555635983000059, -0.859971018999943 ], [ 100.54215997700004, -0.859452983999972 ], [ 100.535477033000063, -0.846974044999968 ], [ 100.54970598500006, -0.827399016999948 ], [ 100.544411997000054, -0.814768039999933 ], [ 100.56134, -0.819047 ], [ 100.591609701000039, -0.807230902999947 ], [ 100.597673, -0.797193 ], [ 100.60587299000008, -0.806579735999946 ], [ 100.636147, -0.795201 ], [ 100.64164, -0.805016 ], [ 100.677956, -0.806804 ], [ 100.670394, -0.77401 ], [ 100.685341, -0.762223 ], [ 100.683868, -0.744975 ], [ 100.643738, -0.744801 ], [ 100.628113, -0.75957 ], [ 100.629041, -0.771948 ], [ 100.605349, -0.783533 ], [ 100.570786, -0.786742 ], [ 100.564370200000042, -0.799846499999944 ], [ 100.564921800000036, -0.79124569399994 ], [ 100.541466, -0.808992 ], [ 100.524635032000049, -0.789916990999927 ], [ 100.510384026000054, -0.794950015999973 ], [ 100.50944400700007, -0.754667018999953 ], [ 100.479274034000071, -0.751768958999946 ], [ 100.476602974000059, -0.733448992999968 ], [ 100.460580428000071, -0.729695120999963 ], [ 100.442216028000075, -0.712477983999975 ], [ 100.441064010000048, -0.686774994999951 ], [ 100.429689021000058, -0.677419044999965 ], [ 100.426014269000063, -0.65953822299997 ], [ 100.462529169000049, -0.654018085999951 ], [ 100.48440555600007, -0.659145 ], [ 100.523521944000038, -0.642441388999941 ], [ 100.591707376000045, -0.598741106999967 ], [ 100.583067117000041, -0.584739362999926 ], [ 100.596961111000041, -0.557561110999927 ], [ 100.591354606000039, -0.552023167999948 ], [ 100.607394912000075, -0.552649590999977 ], [ 100.613194252000085, -0.561418799999956 ], [ 100.634682975000032, -0.55183587099998 ], [ 100.640122976000043, -0.53904965299995 ], [ 100.650099110000042, -0.543203960999961 ], [ 100.664611112000046, -0.531972219999943 ] ] ] } },
{ "type": "Feature", "properties": { "kemendagri_kab_code": 1303, "kemendagri_kab_name": "Kabupaten Sijunjung", "kemendagri_prov_code": 13, "kemendagri_prov_name": "Sumatera Barat" }, "geometry": { "type": "Polygon", "coordinates": [ [ [ 100.837035099000047, -0.393065111999931 ], [ 100.824574169000073, -0.352654012999949 ], [ 100.844187033000082, -0.34942697799994 ], [ 100.860833333000073, -0.332222221999928 ], [ 100.874401096000042, -0.344851338999945 ], [ 100.890833333000046, -0.340833332999978 ], [ 100.889722222000046, -0.333055555999977 ], [ 100.901307699000085, -0.32520752399995 ], [ 100.934166667000056, -0.315277777999938 ], [ 100.994115529000055, -0.316185319999931 ], [ 101.038053836000074, -0.351788565999925 ], [ 101.041388889000075, -0.385277777999931 ], [ 101.028534285000035, -0.398666275999972 ], [ 101.041495088000033, -0.424195130999976 ], [ 101.037623680000081, -0.444898751999972 ], [ 101.066242428000066, -0.488643830999933 ], [ 101.064895851000074, -0.501885170999969 ], [ 101.088602200000082, -0.509224030999974 ], [ 101.111675683000044, -0.501666691999958 ], [ 101.14307212500006, -0.529835994999928 ], [ 101.18133735300006, -0.542553665999947 ], [ 101.198611096000036, -0.58138889099996 ], [ 101.223077862000082, -0.586806797999941 ], [ 101.254890743000033, -0.625184241999932 ], [ 101.30540364400008, -0.627786248999939 ], [ 101.322587406000082, -0.649503670999934 ], [ 101.339419618000079, -0.651523536999946 ], [ 101.345479215000069, -0.660107964999952 ], [ 101.357350644000064, -0.657518673999959 ], [ 101.360039078000057, -0.666083399999934 ], [ 101.347835724000049, -0.683504738999943 ], [ 101.374999976000083, -0.704444426999942 ], [ 101.39833236000004, -0.70639654799993 ], [ 101.405555532000051, -0.717499975999942 ], [ 101.394797596000046, -0.743595735999975 ], [ 101.425062837000041, -0.738697549999927 ], [ 101.454444469000066, -0.769166645999974 ], [ 101.491414493000036, -0.788348379999945 ], [ 101.505806034000045, -0.808547034999947 ], [ 101.530072473000075, -0.809816463999937 ], [ 101.546935129000076, -0.823699098999953 ], [ 101.520588917000055, -0.847982638999952 ], [ 101.504918481000061, -0.838977718999956 ], [ 101.496636111000043, -0.850713888999962 ], [ 101.47687250000007, -0.834159166999939 ], [ 101.454216667000082, -0.834208332999935 ], [ 101.454087728000047, -0.857705470999974 ], [ 101.438849441000059, -0.882339729999956 ], [ 101.425701715000059, -0.900363535999929 ], [ 101.413380191000044, -0.899300533999963 ], [ 101.421604806000062, -0.907135805999928 ], [ 101.420363889000043, -0.927019443999939 ], [ 101.396212021000053, -0.940378777999967 ], [ 101.403190298000084, -0.969362171999933 ], [ 101.396720584000036, -0.97514535199997 ], [ 101.375982861000068, -0.973183221999932 ], [ 101.35303764300005, -0.955091789999926 ], [ 101.325502069000038, -0.966878234999967 ], [ 101.31091678100006, -0.950965895999957 ], [ 101.300763611000036, -0.958021943999938 ], [ 101.293938162000074, -0.952966219999951 ], [ 101.287376755000082, -0.961953066999968 ], [ 101.258010032000072, -0.933439220999958 ], [ 101.232576763000054, -0.93246985299993 ], [ 101.217314144000056, -0.921141659999932 ], [ 101.207805520000079, -0.923721586999932 ], [ 101.211195677000035, -0.940879267999946 ], [ 101.202504697000052, -0.950787631999958 ], [ 101.149725442000033, -0.958531492999953 ], [ 101.126597081000057, -0.978090661999943 ], [ 101.101612741000054, -0.979289909999977 ], [ 101.086193833000038, -0.989512074999936 ], [ 101.063436668000065, -0.988055844999963 ], [ 101.049707178000062, -0.968368183999928 ], [ 101.066720324000073, -0.949475263999943 ], [ 101.045919076000075, -0.885881788999939 ], [ 100.999500964000049, -0.877299750999953 ], [ 100.994818185000042, -0.854399817999933 ], [ 100.953742938000062, -0.831477430999939 ], [ 100.955739811000058, -0.817388362999964 ], [ 100.966811456000073, -0.810684339999966 ], [ 100.962099984000076, -0.804333766999946 ], [ 100.93210427300005, -0.814327955999943 ], [ 100.926031648000048, -0.80837779899997 ], [ 100.911244725000074, -0.811880364999979 ], [ 100.888447585000051, -0.828053085999954 ], [ 100.884488162000082, -0.813174791999927 ], [ 100.850640884000086, -0.784058321999964 ], [ 100.809793999000078, -0.793977068999936 ], [ 100.821814733000053, -0.779940325999974 ], [ 100.809577975000082, -0.772782021999944 ], [ 100.811891667000054, -0.735511110999937 ], [ 100.799879392000037, -0.717032315999973 ], [ 100.804167951000068, -0.707402592999927 ], [ 100.793649324000057, -0.69635487599993 ], [ 100.789050450000047, -0.670668526999975 ], [ 100.809533978000047, -0.623070575999975 ], [ 100.798795579000057, -0.59872977699996 ], [ 100.813224981000076, -0.583358687999976 ], [ 100.803501216000086, -0.565739017999931 ], [ 100.82161091100005, -0.51569737899996 ], [ 100.817929819000085, -0.506634998999971 ], [ 100.832421, -0.496726 ], [ 100.827569260000075, -0.491658966999978 ], [ 100.821198375000051, -0.491777897999953 ], [ 100.81642968500006, -0.487246952999953 ], [ 100.839480854000044, -0.481420033999939 ], [ 100.835198284000057, -0.467834497999945 ], [ 100.849302635000072, -0.426910741999961 ], [ 100.829088598000055, -0.399613776999956 ], [ 100.837035099000047, -0.393065111999931 ] ] ] } },
{ "type": "Feature", "properties": { "kemendagri_kab_code": 1304, "kemendagri_kab_name": "Kabupaten Tanah Datar", "kemendagri_prov_code": 13, "kemendagri_prov_name": "Sumatera Barat" }, "geometry": { "type": "Polygon", "coordinates": [ [ [ 100.533963412000048, -0.278725232999932 ], [ 100.57469812000005, -0.283444845999952 ], [ 100.581286188000036, -0.292097443999978 ], [ 100.567198889000053, -0.323083749999967 ], [ 100.584187958000086, -0.339324551999937 ], [ 100.607544845000064, -0.339682420999964 ], [ 100.619404999000039, -0.351979803999939 ], [ 100.664222322000057, -0.35127777699995 ], [ 100.661027875000059, -0.33475 ], [ 100.67769196900008, -0.324224028999936 ], [ 100.751413987000035, -0.369825019999951 ], [ 100.780383434000044, -0.366629763999924 ], [ 100.772560363000082, -0.355562912999972 ], [ 100.778350965000072, -0.346712968999952 ], [ 100.824982900000066, -0.352636360999952 ], [ 100.836982086000035, -0.391790101999959 ], [ 100.829088598000055, -0.399613776999956 ], [ 100.849302635000072, -0.426910741999961 ], [ 100.835198284000057, -0.467834497999945 ], [ 100.839480854000044, -0.481420033999939 ], [ 100.81642968500006, -0.487246952999953 ], [ 100.832421, -0.496726 ], [ 100.817929819000085, -0.506634998999971 ], [ 100.82161091100005, -0.51569737899996 ], [ 100.803851393000059, -0.566740116999938 ], [ 100.792989793000061, -0.564152006999961 ], [ 100.782666667000058, -0.547722221999948 ], [ 100.772861111000054, -0.560277777999943 ], [ 100.731366667000032, -0.55670555599994 ], [ 100.705, -0.571111110999936 ], [ 100.699131265000062, -0.550484141999959 ], [ 100.664611112000046, -0.531972219999943 ], [ 100.650099110000042, -0.543203960999961 ], [ 100.639910157000088, -0.539140527999962 ], [ 100.62177223100008, -0.559842901999957 ], [ 100.591264756000044, -0.552089679999938 ], [ 100.596961111000041, -0.557561110999927 ], [ 100.583067117000041, -0.584739362999926 ], [ 100.591707376000045, -0.598741106999967 ], [ 100.523521944000038, -0.642441388999941 ], [ 100.48440555600007, -0.659145 ], [ 100.409249764000037, -0.657152160999942 ], [ 100.395713297000043, -0.631390737999936 ], [ 100.415781908000042, -0.623100903999955 ], [ 100.418999135000035, -0.582399979999934 ], [ 100.416141551000067, -0.564593152999976 ], [ 100.397722403000046, -0.558913246999964 ], [ 100.383936524000035, -0.525902299999927 ], [ 100.384288480000066, -0.5 ], [ 100.393312134000041, -0.491107707999959 ], [ 100.375050750000071, -0.491714651999928 ], [ 100.354330081000057, -0.480440616999942 ], [ 100.332153030000086, -0.489524593999931 ], [ 100.320431080000048, -0.479512978999935 ], [ 100.316906950000032, -0.424132494999981 ], [ 100.334146385000054, -0.394587584999954 ], [ 100.344116322000048, -0.392248051999957 ], [ 100.398777778000067, -0.384361110999976 ], [ 100.417610502000059, -0.392020257999945 ], [ 100.470621846000085, -0.391036763999978 ], [ 100.512223751000079, -0.295787745999974 ], [ 100.533963412000048, -0.278725232999932 ] ], [ [ 100.397762604000036, -0.450016439999956 ], [ 100.396112269000071, -0.460091685999942 ], [ 100.377369153000075, -0.462089762999938 ], [ 100.365337727000053, -0.47734625399994 ], [ 100.374182318000067, -0.48851562699997 ], [ 100.406283654000049, -0.490711071999954 ], [ 100.417233999000075, -0.478337010999951 ], [ 100.43542106700005, -0.483158077999974 ], [ 100.433184994000044, -0.458447604999947 ], [ 100.413049105000084, -0.452252577999957 ], [ 100.410169738000036, -0.459777764999956 ], [ 100.397762604000036, -0.450016439999956 ] ] ] } },
{ "type": "Feature", "properties": { "kemendagri_kab_code": 1305, "kemendagri_kab_name": "Kabupaten Padang Pariaman", "kemendagri_prov_code": 13, "kemendagri_prov_name": "Sumatera Barat" }, "geometry": { "type": "MultiPolygon", "coordinates": [ [ [ [ 100.101858933000074, -0.873928017999958 ], [ 100.098729681000066, -0.874089166999966 ], [ 100.101046518000032, -0.872139380999954 ], [ 100.101858933000074, -0.873928017999958 ] ] ], [ [ [ 100.102510490000043, -0.323912271999973 ], [ 100.101295366000045, -0.335267941999973 ], [ 100.127076039000087, -0.33610852299995 ], [ 100.138201283000058, -0.347516528999961 ], [ 100.151076587000034, -0.34808448299998 ], [ 100.158091652000053, -0.394380006999938 ], [ 100.178644570000074, -0.413959685999941 ], [ 100.214997616000062, -0.415995061999979 ], [ 100.221675791000052, -0.44804161199994 ], [ 100.244094392000079, -0.458730185999968 ], [ 100.244892149000066, -0.473104616999933 ], [ 100.263553167000055, -0.479013471999963 ], [ 100.283638127000074, -0.471055981999939 ], [ 100.290216101000055, -0.45490984199995 ], [ 100.308109349000063, -0.43717744199995 ], [ 100.315977778000047, -0.433302777999927 ], [ 100.31791118600006, -0.473402940999961 ], [ 100.331927176000079, -0.489416948999974 ], [ 100.354330081000057, -0.480440616999942 ], [ 100.375050750000071, -0.491714651999928 ], [ 100.393312134000041, -0.491107707999959 ], [ 100.384288480000066, -0.5 ], [ 100.383936524000035, -0.525902299999927 ], [ 100.397722403000046, -0.558913246999964 ], [ 100.416141551000067, -0.564593152999976 ], [ 100.418999135000035, -0.582399979999934 ], [ 100.415781908000042, -0.623100903999955 ], [ 100.39569911600006, -0.631699444999924 ], [ 100.402062458000046, -0.653104679999956 ], [ 100.426570026000036, -0.65839299299995 ], [ 100.429689021000058, -0.677419044999965 ], [ 100.441064010000048, -0.686774994999951 ], [ 100.442216028000075, -0.712477983999975 ], [ 100.457887500000083, -0.726059443999929 ], [ 100.385379099000033, -0.755616618999966 ], [ 100.36744255800005, -0.800445938999928 ], [ 100.297804975000076, -0.805716347999976 ], [ 100.29106588500008, -0.81663430499998 ], [ 100.259387311000069, -0.771927628999947 ], [ 100.154420430000073, -0.66902603099993 ], [ 100.164362264000033, -0.650088721999964 ], [ 100.172719131000065, -0.65200815299994 ], [ 100.173807344000068, -0.622339392999947 ], [ 100.186084167000047, -0.623111943999959 ], [ 100.177659997000035, -0.621772948999933 ], [ 100.180457115000081, -0.609135221999964 ], [ 100.163265153000054, -0.593056074999936 ], [ 100.142219869000087, -0.58552025399996 ], [ 100.145471010000051, -0.574631631999978 ], [ 100.131224003000057, -0.569196958999953 ], [ 100.131250833000081, -0.550554443999943 ], [ 100.093371086000047, -0.565508035999926 ], [ 100.092267185000082, -0.572237020999978 ], [ 100.045478170000081, -0.510352145999946 ], [ 99.962140778000048, -0.43401605899993 ], [ 99.979224190000082, -0.416921298999966 ], [ 99.984386804000053, -0.399728684999957 ], [ 99.999766761000046, -0.398201794999977 ], [ 99.984576287000039, -0.371747161999963 ], [ 99.990255872000034, -0.361943063999945 ], [ 100.046234034000065, -0.363890941999955 ], [ 100.035614396000085, -0.355416072999958 ], [ 100.057372459000078, -0.348340285999939 ], [ 100.067087791000063, -0.325415536999969 ], [ 100.102510490000043, -0.323912271999973 ] ] ] ] } },
{ "type": "Feature", "properties": { "kemendagri_kab_code": 1306, "kemendagri_kab_name": "Kabupaten Agam", "kemendagri_prov_code": 13, "kemendagri_prov_name": "Sumatera Barat" }, "geometry": { "type": "MultiPolygon", "coordinates": [ [ [ [ 99.901311958000065, -0.423545281999964 ], [ 99.898783218000062, -0.422371710999926 ], [ 99.901262258000088, -0.421779469999933 ], [ 99.901311958000065, -0.423545281999964 ] ] ], [ [ [ 99.903407973000071, -0.411735122999971 ], [ 99.90132169900005, -0.411485012999947 ], [ 99.901921619000063, -0.410516295999969 ], [ 99.903407973000071, -0.411735122999971 ] ] ], [ [ [ 99.908183448000045, -0.407077474999937 ], [ 99.905946492000055, -0.407045166999978 ], [ 99.90711740100005, -0.406134814999973 ], [ 99.908183448000045, -0.407077474999937 ] ] ], [ [ [ 100.265277778000041, -0.03233333299994 ], [ 100.317004992000079, -0.047268019999933 ], [ 100.343308966000052, -0.093201005999958 ], [ 100.379889974000037, -0.112875968999958 ], [ 100.373854029000086, -0.123968041999944 ], [ 100.378593014000046, -0.148094984999943 ], [ 100.40469396900005, -0.160812031999967 ], [ 100.410774037000067, -0.177374963999966 ], [ 100.444277971000076, -0.18555598599994 ], [ 100.445106973000065, -0.204354978999959 ], [ 100.464763174000041, -0.221179190999976 ], [ 100.481296082000085, -0.224080181999966 ], [ 100.518747755000049, -0.249676029999932 ], [ 100.528130003000058, -0.245201043999941 ], [ 100.54352003200006, -0.262470979999932 ], [ 100.537249976000055, -0.279294449999952 ], [ 100.512223751000079, -0.295787745999974 ], [ 100.470621846000085, -0.391036763999978 ], [ 100.417610502000059, -0.392020257999945 ], [ 100.398777778000067, -0.384361110999976 ], [ 100.334146385000054, -0.394587584999954 ], [ 100.317472443000042, -0.432921177999958 ], [ 100.290216101000055, -0.45490984199995 ], [ 100.283881362000045, -0.470906422999974 ], [ 100.263553167000055, -0.479013471999963 ], [ 100.244892149000066, -0.473104616999933 ], [ 100.244094392000079, -0.458730185999968 ], [ 100.221675791000052, -0.44804161199994 ], [ 100.214997616000062, -0.415995061999979 ], [ 100.178644570000074, -0.413959685999941 ], [ 100.158091652000053, -0.394380006999938 ], [ 100.151076587000034, -0.34808448299998 ], [ 100.138201283000058, -0.347516528999961 ], [ 100.127076039000087, -0.33610852299995 ], [ 100.101295366000045, -0.335267941999973 ], [ 100.102436579000084, -0.32102227799993 ], [ 100.067087791000063, -0.325415536999969 ], [ 100.057372459000078, -0.348340285999939 ], [ 100.035614396000085, -0.355416072999958 ], [ 100.046234034000065, -0.363890941999955 ], [ 99.990255872000034, -0.361943063999945 ], [ 99.984576287000039, -0.371747161999963 ], [ 99.999766761000046, -0.398201794999977 ], [ 99.984386804000053, -0.399728684999957 ], [ 99.979224190000082, -0.416921298999966 ], [ 99.962140778000048, -0.43401605899993 ], [ 99.913782954000055, -0.403248922999978 ], [ 99.914427389000082, -0.379534310999929 ], [ 99.882905124000047, -0.343501001999925 ], [ 99.816825505000054, -0.29640425599996 ], [ 99.802625256000056, -0.25907316699994 ], [ 99.801205787000072, -0.229201005999926 ], [ 99.770622012000047, -0.175828937999938 ], [ 99.787814440000034, -0.173228059999929 ], [ 99.787805480000031, -0.182171728999947 ], [ 99.805475043000058, -0.181949585999973 ], [ 99.987289489000034, -0.158883841999966 ], [ 99.994117073000041, -0.143565297999942 ], [ 99.982905886000083, -0.145995773999971 ], [ 99.98636900200006, -0.131597995999925 ], [ 100.005071746000056, -0.105616863999956 ], [ 100.032151054000053, -0.092770333999965 ], [ 100.039003268000044, -0.081749940999941 ], [ 100.092040017000045, -0.080777736999949 ], [ 100.117854647000058, -0.097764629999972 ], [ 100.134558561000063, -0.093701328999941 ], [ 100.140659313000072, -0.102782385999944 ], [ 100.160464222000087, -0.107678419999957 ], [ 100.175701666000066, -0.09128566399994 ], [ 100.188164349000033, -0.092458185999931 ], [ 100.202118111000061, -0.111804805999952 ], [ 100.213066650000087, -0.070046588999958 ], [ 100.244980960000078, -0.074238739999942 ], [ 100.265277778000041, -0.03233333299994 ] ], [ [ 100.39489164400004, -0.285285899999963 ], [ 100.332633012000088, -0.279591640999968 ], [ 100.343003837000083, -0.297063382999966 ], [ 100.370539412000085, -0.321956076999925 ], [ 100.407853325000076, -0.322066379999967 ], [ 100.39489164400004, -0.285285899999963 ] ] ] ] } },
{ "type": "Feature", "properties": { "kemendagri_kab_code": 1307, "kemendagri_kab_name": "Kabupaten Lima Puluh Kota", "kemendagri_prov_code": 13, "kemendagri_prov_name": "Sumatera Barat" }, "geometry": { "type": "Polygon", "coordinates": [ [ [ 100.433621987000038, 0.414454246000048 ], [ 100.461077195000087, 0.41157406700006 ], [ 100.458852122000053, 0.397679440000047 ], [ 100.437012327000048, 0.384297831000026 ], [ 100.429311590000054, 0.360438171000055 ], [ 100.45304500900005, 0.342890590000025 ], [ 100.467057826000087, 0.314612473000068 ], [ 100.49596715000007, 0.305018113000074 ], [ 100.523614058000078, 0.319157171000029 ], [ 100.531637413000055, 0.317396802000076 ], [ 100.53405003000006, 0.304379891000053 ], [ 100.559017811000047, 0.304660428000034 ], [ 100.581853512000066, 0.279152613000065 ], [ 100.587786867000034, 0.251505705000056 ], [ 100.625694456000076, 0.234166702000039 ], [ 100.626416677000066, 0.219444471000031 ], [ 100.670607032000078, 0.195968984000046 ], [ 100.672701707000044, 0.18527117800005 ], [ 100.686850117000063, 0.190278761000059 ], [ 100.700783, 0.248843 ], [ 100.713318, 0.240309 ], [ 100.737777778000066, 0.236944444000073 ], [ 100.739319, 0.242999 ], [ 100.766805556000065, 0.233611111000073 ], [ 100.773485443000084, 0.251301552000029 ], [ 100.799188203000085, 0.25811451900006 ], [ 100.811052446000076, 0.251631962000033 ], [ 100.816438754000046, 0.26053433200002 ], [ 100.842816667000079, 0.22385 ], [ 100.838659430000064, 0.215184491000059 ], [ 100.846875, 0.206186111000022 ], [ 100.843923055000062, 0.180230596000058 ], [ 100.850196306000043, 0.168269900000041 ], [ 100.841780200000073, 0.146201 ], [ 100.833700738000061, 0.14014140300003 ], [ 100.820197563000079, 0.145228472000042 ], [ 100.813502084000049, 0.133932187000028 ], [ 100.787767502000065, 0.127498542000069 ], [ 100.786258896000049, 0.106742840000038 ], [ 100.77421445400006, 0.102243990000034 ], [ 100.800222222000059, 0.050222222000059 ], [ 100.827061365000077, 0.055466025000044 ], [ 100.833120962000066, 0.068482936000066 ], [ 100.864478749000057, 0.04406999400004 ], [ 100.844560632000082, 0.033914560000028 ], [ 100.842559469000037, -0.005606850999925 ], [ 100.823916667000049, -0.019666666999967 ], [ 100.82884987500006, -0.028350424999928 ], [ 100.816511794000064, -0.033627634999959 ], [ 100.8165, -0.048833332999948 ], [ 100.80500978200007, -0.037835687999973 ], [ 100.805907500000046, -0.019713005999961 ], [ 100.780902314000059, -0.030064816999925 ], [ 100.766968983000083, -0.02083515399994 ], [ 100.758397222000042, -0.043641666999974 ], [ 100.740636111000072, -0.039016666999942 ], [ 100.736119444000053, -0.046455555999955 ], [ 100.748004691000062, -0.053545751999934 ], [ 100.755338889000086, -0.088063888999955 ], [ 100.759606449000046, -0.119634003999977 ], [ 100.752985779000085, -0.131753196999966 ], [ 100.765618250000045, -0.14783627199995 ], [ 100.772612969000079, -0.179518234999932 ], [ 100.783909254000037, -0.185951880999937 ], [ 100.774723230000063, -0.214393123999969 ], [ 100.801883333000035, -0.242552777999947 ], [ 100.81303521500007, -0.275734847999956 ], [ 100.842912391000084, -0.290042227999947 ], [ 100.845437223000033, -0.316202290999968 ], [ 100.835337896000055, -0.324393966999935 ], [ 100.844158333000053, -0.330272221999962 ], [ 100.844187033000082, -0.34942697799994 ], [ 100.810954851000076, -0.355036975999951 ], [ 100.778350965000072, -0.346712968999952 ], [ 100.772560363000082, -0.355562912999972 ], [ 100.780383434000044, -0.366629763999924 ], [ 100.756669002000081, -0.370837040999959 ], [ 100.67769196900008, -0.324224028999936 ], [ 100.661027875000059, -0.33475 ], [ 100.664222322000057, -0.35127777699995 ], [ 100.619404999000039, -0.351979803999939 ], [ 100.607544845000064, -0.339682420999964 ], [ 100.584187958000086, -0.339324551999937 ], [ 100.565858029000083, -0.318706963999944 ], [ 100.579593008000074, -0.288001191999967 ], [ 100.561801025000079, -0.280172015999938 ], [ 100.544555623000065, -0.284444443999973 ], [ 100.537249976000055, -0.279294449999952 ], [ 100.54352003200006, -0.262470979999932 ], [ 100.528130003000058, -0.245201043999941 ], [ 100.518747755000049, -0.249676029999932 ], [ 100.45551303700006, -0.21386804399998 ], [ 100.445106973000065, -0.204354978999959 ], [ 100.444277971000076, -0.18555598599994 ], [ 100.410774037000067, -0.177374963999966 ], [ 100.40469396900005, -0.160812031999967 ], [ 100.378593014000046, -0.148094984999943 ], [ 100.373854029000086, -0.123968041999944 ], [ 100.379889974000037, -0.112875968999958 ], [ 100.361693992000085, -0.107824021999932 ], [ 100.356560491000039, -0.096501521999926 ], [ 100.33801397700006, -0.08767603299998 ], [ 100.323413997000046, -0.05285496099998 ], [ 100.300860989000057, -0.037527975999978 ], [ 100.264908008000077, -0.031682043999979 ], [ 100.266500025000084, -0.019972221999979 ], [ 100.34880559000004, 0.034138889000076 ], [ 100.353444480000064, 0.045166667000046 ], [ 100.330073938000055, 0.050371256000062 ], [ 100.315815716000031, 0.083782879000069 ], [ 100.324350014000061, 0.097322915000063 ], [ 100.320847100000037, 0.119976893000057 ], [ 100.328665233000038, 0.151953725000055 ], [ 100.352744405000067, 0.170765351000057 ], [ 100.353463742000088, 0.179086490000032 ], [ 100.346997117000058, 0.205316878000076 ], [ 100.338459393000051, 0.20365920200004 ], [ 100.333525225000074, 0.25488376800007 ], [ 100.315764860000058, 0.274425095000026 ], [ 100.319847004000053, 0.28648400700007 ], [ 100.308407844000044, 0.301954267000042 ], [ 100.32256669800006, 0.31851666700004 ], [ 100.333271678000074, 0.352155453000023 ], [ 100.300556005000033, 0.39526397100002 ], [ 100.323266057000069, 0.400440910000043 ], [ 100.345888878000039, 0.380555603000062 ], [ 100.365977153000074, 0.394932985000025 ], [ 100.376398232000042, 0.389691837000044 ], [ 100.38927222600006, 0.407130675000076 ], [ 100.420231027000057, 0.424223163000022 ], [ 100.433621987000038, 0.414454246000048 ] ], [ [ 100.644439964000071, -0.256339204999961 ], [ 100.652863706000062, -0.244188450999957 ], [ 100.678583811000067, -0.238356692999957 ], [ 100.675278880000064, -0.220613250999975 ], [ 100.685613051000075, -0.207720957999925 ], [ 100.677969242000074, -0.196809683999959 ], [ 100.660824611000066, -0.186233393999942 ], [ 100.634648108000079, -0.184165107999945 ], [ 100.620905914000048, -0.201949795999951 ], [ 100.598794584000075, -0.191577020999944 ], [ 100.58263415600004, -0.201650681999979 ], [ 100.582902515000058, -0.210037273999944 ], [ 100.600648098000079, -0.219898168999975 ], [ 100.589632971000071, -0.239782245999947 ], [ 100.598007747000054, -0.26710572099995 ], [ 100.649751103000085, -0.276974361999976 ], [ 100.644439964000071, -0.256339204999961 ] ] ] } },
{ "type": "Feature", "properties": { "kemendagri_kab_code": 1308, "kemendagri_kab_name": "Kabupaten Pasaman", "kemendagri_prov_code": 13, "kemendagri_prov_name": "Sumatera Barat" }, "geometry": { "type": "Polygon", "coordinates": [ [ [ 100.181194597000058, 0.762333333000072 ], [ 100.187592829000039, 0.760961868000038 ], [ 100.194638884000085, 0.756888967000066 ], [ 100.211704972000064, 0.736092275000033 ], [ 100.221173092000072, 0.742530596000051 ], [ 100.273079968000047, 0.72831000900004 ], [ 100.268690026000058, 0.708030044000054 ], [ 100.285682544000053, 0.686984297000038 ], [ 100.273689593000086, 0.677137452000068 ], [ 100.22144447800008, 0.665288902000043 ], [ 100.197805600000038, 0.628138945000046 ], [ 100.209584841000037, 0.582243 ], [ 100.239981010000065, 0.535729987000025 ], [ 100.221302104000074, 0.51514677800003 ], [ 100.240277810000066, 0.48777775800005 ], [ 100.235702996000043, 0.474674659000073 ], [ 100.274766197000076, 0.413598666000041 ], [ 100.301388856000074, 0.396388897000065 ], [ 100.301686989000075, 0.386050031000025 ], [ 100.333271678000074, 0.352155453000023 ], [ 100.32256669800006, 0.31851666700004 ], [ 100.308407844000044, 0.301954267000042 ], [ 100.319847004000053, 0.28648400700007 ], [ 100.315764860000058, 0.274425095000026 ], [ 100.333525225000074, 0.25488376800007 ], [ 100.338459393000051, 0.20365920200004 ], [ 100.346997117000058, 0.205316878000076 ], [ 100.353463742000088, 0.179086490000032 ], [ 100.352744405000067, 0.170765351000057 ], [ 100.328665233000038, 0.151953725000055 ], [ 100.320847100000037, 0.119976893000057 ], [ 100.324350014000061, 0.097322915000063 ], [ 100.315815716000031, 0.083782879000069 ], [ 100.330073938000055, 0.050371256000062 ], [ 100.353444480000064, 0.045166667000046 ], [ 100.34880559000004, 0.034138889000076 ], [ 100.266500025000084, -0.019972221999979 ], [ 100.246311897000055, -0.073523088999934 ], [ 100.213066650000087, -0.070046588999958 ], [ 100.202118111000061, -0.111804805999952 ], [ 100.188164349000033, -0.092458185999931 ], [ 100.175701666000066, -0.09128566399994 ], [ 100.160464222000087, -0.107678419999957 ], [ 100.140659313000072, -0.102782385999944 ], [ 100.134558561000063, -0.093701328999941 ], [ 100.117854647000058, -0.097764629999972 ], [ 100.092040017000045, -0.080777736999949 ], [ 100.038705188000051, -0.081816927999967 ], [ 100.01707063200007, -0.098780277999936 ], [ 100.011043224000048, -0.067886945999931 ], [ 100.037541216000079, -0.066720983999971 ], [ 100.029811471000073, -0.06077655799993 ], [ 100.038635157000044, -0.036755772999925 ], [ 100.023958268000058, -0.023119452999936 ], [ 100.028091285000073, 0.005391325000062 ], [ 100.036472224000079, 0.009527776000027 ], [ 99.997918736000088, 0.036916449000046 ], [ 99.98064035200008, 0.070775744000059 ], [ 100.022306541000034, 0.107691008000074 ], [ 100.039667038000061, 0.131607549000023 ], [ 100.042363537000085, 0.152060003000031 ], [ 100.063613541000052, 0.149698020000073 ], [ 100.060599418000038, 0.244187887000066 ], [ 100.051555556000039, 0.236611108000034 ], [ 100.041944449000084, 0.253111108000041 ], [ 100.022503020000045, 0.248860731000036 ], [ 99.980391280000049, 0.28736363400003 ], [ 99.977335556000071, 0.27972003900004 ], [ 99.964864353000053, 0.288721868000039 ], [ 99.922777778000068, 0.293361111000024 ], [ 99.915553277000072, 0.314218019000066 ], [ 99.884219561000066, 0.310032334000027 ], [ 99.87500086700004, 0.319025076000059 ], [ 99.85786491500005, 0.319831649000037 ], [ 99.846641194000085, 0.315526540000064 ], [ 99.849499996000077, 0.302333330000067 ], [ 99.832559703000072, 0.308308697000029 ], [ 99.795306001000085, 0.299472004000052 ], [ 99.786552463000078, 0.320913928000039 ], [ 99.763862002000053, 0.311887250000041 ], [ 99.753304234000041, 0.324082730000043 ], [ 99.76, 0.345861002000049 ], [ 99.772838901000057, 0.349294690000022 ], [ 99.776838556000087, 0.358596448000071 ], [ 99.74348109500005, 0.383161786000073 ], [ 99.749347584000077, 0.401439014000061 ], [ 99.773006532000068, 0.401389272000074 ], [ 99.766952999000068, 0.420883997000033 ], [ 99.794748705000075, 0.412312296000039 ], [ 99.819982924000044, 0.416459836000058 ], [ 99.828222405000076, 0.42823181600005 ], [ 99.826944446000084, 0.459444440000027 ], [ 99.849313, 0.469979 ], [ 99.85865012000005, 0.463578034000022 ], [ 99.907282, 0.471538 ], [ 99.926761493000072, 0.496656105000056 ], [ 99.960718264000036, 0.513415139000074 ], [ 99.950261, 0.523807 ], [ 99.964473, 0.545916 ], [ 99.959623, 0.568721 ], [ 99.920412, 0.605069 ], [ 99.922953, 0.616053 ], [ 99.909248, 0.625633 ], [ 99.926374913000075, 0.632027809000022 ], [ 99.911316, 0.67981 ], [ 99.896202, 0.676593 ], [ 99.886627, 0.688705 ], [ 99.850556, 0.683611 ], [ 99.830833, 0.696111 ], [ 99.835462, 0.71083 ], [ 99.824965206000059, 0.736016584000026 ], [ 99.834709, 0.75716 ], [ 99.848170988000049, 0.763073912000038 ], [ 99.843280691000075, 0.781404621000036 ], [ 99.850142809000033, 0.791107169000043 ], [ 99.838485, 0.821202 ], [ 99.841064, 0.852491 ], [ 99.830864, 0.880499 ], [ 99.838606, 0.891972 ], [ 99.870505816000048, 0.906722223000031 ], [ 99.913046908000069, 0.885033255000053 ], [ 99.943627, 0.883206 ], [ 99.966819071000032, 0.851072902000055 ], [ 100.010315, 0.839734 ], [ 100.059165, 0.805836 ], [ 100.070278, 0.79 ], [ 100.107269971000051, 0.777819793000049 ], [ 100.121324, 0.781266 ], [ 100.170833, 0.757778 ], [ 100.186389234000046, 0.758055014000035 ], [ 100.181194597000058, 0.762333333000072 ] ] ] } },
{ "type": "Feature", "properties": { "kemendagri_kab_code": 1309, "kemendagri_kab_name": "Kabupaten Kepulauan Mentawai", "kemendagri_prov_code": 13, "kemendagri_prov_name": "Sumatera Barat" }, "geometry": { "type": "MultiPolygon", "coordinates": [ [ [ [ 99.092439916000046, -1.860575275999963 ], [ 99.090440754000042, -1.866137022999965 ], [ 99.07624842000007, -1.865896355999951 ], [ 99.080887171000086, -1.860636330999967 ], [ 99.092439916000046, -1.860575275999963 ] ] ], [ [ [ 99.150832689000083, -1.840133176999927 ], [ 99.140999415000067, -1.836430788999962 ], [ 99.143595746000074, -1.832842681999978 ], [ 99.150832689000083, -1.840133176999927 ] ] ], [ [ [ 99.048503734000064, -1.809313851999946 ], [ 99.041915576000065, -1.809623431999967 ], [ 99.045828382000082, -1.804886194999938 ], [ 99.048503734000064, -1.809313851999946 ] ] ], [ [ [ 99.241206110000064, -1.689255352999965 ], [ 99.239064185000075, -1.687949354999944 ], [ 99.239103397000065, -1.686583591999977 ], [ 99.241206110000064, -1.689255352999965 ] ] ], [ [ [ 99.237319102000072, -1.68110773799998 ], [ 99.237646452000035, -1.681006931999946 ], [ 99.237393294000071, -1.681277019999925 ], [ 99.237319102000072, -1.68110773799998 ] ] ], [ [ [ 99.238244730000076, -1.679705423999962 ], [ 99.237631572000055, -1.680629665999959 ], [ 99.237183964000053, -1.678783421999981 ], [ 99.238244730000076, -1.679705423999962 ] ] ], [ [ [ 99.232461565000051, -1.679303733999973 ], [ 99.232849476000069, -1.678295978999927 ], [ 99.233032860000037, -1.679320601999962 ], [ 99.232461565000051, -1.679303733999973 ] ] ], [ [ [ 99.23230807300007, -1.67803258999993 ], [ 99.232783978000043, -1.677898924999965 ], [ 99.232450216000075, -1.678214167999954 ], [ 99.23230807300007, -1.67803258999993 ] ] ], [ [ [ 99.214073288000066, -1.634198491999939 ], [ 99.217878143000064, -1.636877273999971 ], [ 99.217790800000046, -1.637268609999978 ], [ 99.214073288000066, -1.634198491999939 ] ] ], [ [ [ 99.204353218000051, -1.558752344999959 ], [ 99.20373750300007, -1.561931143999971 ], [ 99.198209614000064, -1.565721715999928 ], [ 99.204353218000051, -1.558752344999959 ] ] ], [ [ [ 99.192137971000079, -1.509700085999953 ], [ 99.19241949700006, -1.509307556999943 ], [ 99.192469582000058, -1.509647582999946 ], [ 99.192137971000079, -1.509700085999953 ] ] ], [ [ [ 99.19133990000006, -1.509063785999956 ], [ 99.19185152600005, -1.509057180999946 ], [ 99.191341542000032, -1.50924088499994 ], [ 99.19133990000006, -1.509063785999956 ] ] ], [ [ [ 99.196970853000039, -1.508349880999958 ], [ 99.19713874100006, -1.509685195999964 ], [ 99.196193080000057, -1.508708944999967 ], [ 99.196970853000039, -1.508349880999958 ] ] ], [ [ [ 99.181395222000049, -1.489149082999973 ], [ 99.18801416000008, -1.494743305999975 ], [ 99.18724032700004, -1.49690547299997 ], [ 99.179745390000051, -1.494649006999964 ], [ 99.181395222000049, -1.489149082999973 ] ] ], [ [ [ 99.17736880800004, -1.48655907899996 ], [ 99.176495620000082, -1.485781134999968 ], [ 99.176671161000058, -1.485429636999925 ], [ 99.17736880800004, -1.48655907899996 ] ] ], [ [ [ 99.17721468700006, -1.483269399999926 ], [ 99.17704677100005, -1.484544245999928 ], [ 99.17683820600007, -1.485062939999978 ], [ 99.17721468700006, -1.483269399999926 ] ] ], [ [ [ 99.163253500000053, -1.483142499999929 ], [ 99.163726500000053, -1.482811499999968 ], [ 99.163770500000055, -1.483366499999931 ], [ 99.163253500000053, -1.483142499999929 ] ] ], [ [ [ 99.174823189000051, -1.479767984999967 ], [ 99.174671442000033, -1.489259317999938 ], [ 99.173153465000041, -1.473304905999953 ], [ 99.174823189000051, -1.479767984999967 ] ] ], [ [ [ 99.1593, -1.480571 ], [ 99.159686, -1.480223 ], [ 99.159733, -1.4805 ], [ 99.1593, -1.480571 ] ] ], [ [ [ 99.170760789000042, -1.470253114999934 ], [ 99.170653927000046, -1.468796476999955 ], [ 99.171313048000059, -1.470230336999975 ], [ 99.170760789000042, -1.470253114999934 ] ] ], [ [ [ 99.109152347000077, -1.366416589999972 ], [ 99.108751184000084, -1.366055287999927 ], [ 99.109238291000054, -1.366179095999939 ], [ 99.109152347000077, -1.366416589999972 ] ] ], [ [ [ 99.113871176000032, -1.35495408099996 ], [ 99.121767926000075, -1.360588994999944 ], [ 99.120923583000035, -1.366444569999942 ], [ 99.110045564000075, -1.364409760999933 ], [ 99.113871176000032, -1.35495408099996 ] ] ], [ [ [ 98.91154107300008, -0.911319576999972 ], [ 98.910394603000043, -0.940860786999963 ], [ 98.902047001000085, -0.926554102999944 ], [ 98.898395676000064, -0.941856560999952 ], [ 98.906937706000065, -0.945952502999944 ], [ 98.924418695000043, -0.931209480999939 ], [ 98.930250898000054, -0.934149063999939 ], [ 98.931100847000039, -0.958698683999955 ], [ 98.945007419000035, -0.981813134999925 ], [ 98.942831378000051, -0.98372931199998 ], [ 98.943873955000072, -1.00618411399995 ], [ 98.951909092000051, -1.012288760999979 ], [ 98.94453528400004, -1.017190593999942 ], [ 98.92767400200006, -0.989422722999961 ], [ 98.919228807000081, -0.989552806999939 ], [ 98.916912804000049, -1.002217163999944 ], [ 98.936601099000086, -1.03026116999996 ], [ 98.935000961000071, -1.060761129999946 ], [ 98.946703867000053, -1.068375634999938 ], [ 98.949041390000048, -1.083566135999945 ], [ 98.959334287000047, -1.083070899999939 ], [ 98.958228722000058, -1.076446909999959 ], [ 98.968621436000035, -1.093576666999979 ], [ 99.001594738000051, -1.116390306999961 ], [ 99.007752657000083, -1.163406022999936 ], [ 99.030927562000045, -1.183399334999933 ], [ 99.041150372000061, -1.205376028999979 ], [ 99.028104312000039, -1.211523473999932 ], [ 99.025936439000077, -1.221453445999941 ], [ 99.044373258000064, -1.231644725999956 ], [ 99.050647407000042, -1.226859675999947 ], [ 99.06807278000008, -1.252570545999959 ], [ 99.067228024000087, -1.260305977999963 ], [ 99.070387800000049, -1.266892301999974 ], [ 99.068756243000053, -1.264341017999925 ], [ 99.065255083000068, -1.265232263999962 ], [ 99.069048609000049, -1.272872577999976 ], [ 99.052180882000073, -1.27437029999993 ], [ 99.064524497000036, -1.289647170999956 ], [ 99.053883211000084, -1.28989632899993 ], [ 99.048869155000034, -1.293805418999966 ], [ 99.068945114000087, -1.30379125199994 ], [ 99.072320042000058, -1.291662798999937 ], [ 99.080586572000072, -1.293775933999939 ], [ 99.091536014000042, -1.316556547999937 ], [ 99.098142376000055, -1.36307527699995 ], [ 99.108838196000079, -1.379279958999973 ], [ 99.116799784000079, -1.378429088999951 ], [ 99.114520998000046, -1.385183776999952 ], [ 99.108989314000041, -1.381612331999975 ], [ 99.11162170700004, -1.388417545999971 ], [ 99.103173457000082, -1.387136841999961 ], [ 99.102993874000049, -1.391841416999966 ], [ 99.113294237000048, -1.398914075999926 ], [ 99.122466227000075, -1.383732344999942 ], [ 99.133598676000076, -1.394951388999971 ], [ 99.12454043300005, -1.406781812999952 ], [ 99.140677648000064, -1.397031863999928 ], [ 99.148988995000082, -1.40197547799994 ], [ 99.166810307000048, -1.431723136999949 ], [ 99.168585538000059, -1.441334679999954 ], [ 99.15861661100007, -1.449384395999971 ], [ 99.169587328000034, -1.470764290999966 ], [ 99.146875824000062, -1.457167443999936 ], [ 99.142440384000054, -1.461242646999949 ], [ 99.115732197000057, -1.435884595999937 ], [ 99.114276394000058, -1.445932531999972 ], [ 99.148120026000072, -1.485036365999974 ], [ 99.180056723000064, -1.503680047999978 ], [ 99.184822874000076, -1.521168342999943 ], [ 99.196802348000062, -1.509749859999943 ], [ 99.206622176000053, -1.526888845999963 ], [ 99.192996232000041, -1.543840314999954 ], [ 99.208997985000053, -1.552412540999967 ], [ 99.195197585000074, -1.557528300999934 ], [ 99.193528325000045, -1.566887551999969 ], [ 99.198197747000052, -1.579547118999926 ], [ 99.210111959000074, -1.578962397999931 ], [ 99.219935339000074, -1.604897938999954 ], [ 99.23296141600008, -1.609489236999934 ], [ 99.260113812000043, -1.594158208999943 ], [ 99.254122889000087, -1.603286064999963 ], [ 99.266846352000073, -1.602108370999929 ], [ 99.270870193000064, -1.613623067999924 ], [ 99.265420283000083, -1.617129929999976 ], [ 99.272655662000034, -1.614225556999941 ], [ 99.282711343000074, -1.633484926999927 ], [ 99.287459956000077, -1.632538688999944 ], [ 99.28710938100005, -1.638608509999926 ], [ 99.274971830000084, -1.632784863999973 ], [ 99.280636589000039, -1.640487119999932 ], [ 99.269625116000043, -1.646210333999932 ], [ 99.280976462000069, -1.644113893999929 ], [ 99.279163072000074, -1.650267103999965 ], [ 99.284386058000052, -1.647425108999926 ], [ 99.292506483000068, -1.652996047999977 ], [ 99.27441929400004, -1.662979985999925 ], [ 99.284240865000072, -1.700492068999949 ], [ 99.301794708000045, -1.719797777999929 ], [ 99.285586844000079, -1.727201380999929 ], [ 99.291569135000032, -1.750476959999958 ], [ 99.280866178000053, -1.752049273999944 ], [ 99.26227080600006, -1.73686920199998 ], [ 99.264697966000085, -1.724017398999933 ], [ 99.263096524000048, -1.711912164999944 ], [ 99.261409527000069, -1.716926076999925 ], [ 99.253392757000086, -1.711659553999937 ], [ 99.251556189000041, -1.692550776999951 ], [ 99.241800308000052, -1.684193233999963 ], [ 99.243158287000085, -1.674632655999972 ], [ 99.223009974000036, -1.629541114999938 ], [ 99.205649491000088, -1.624416948999965 ], [ 99.208182054000076, -1.633898286999965 ], [ 99.200922348000063, -1.63675214999995 ], [ 99.199538316000087, -1.642047542999933 ], [ 99.203677151000079, -1.646194640999965 ], [ 99.216393419000042, -1.640154493999944 ], [ 99.240987661000077, -1.677054577999968 ], [ 99.236781515000075, -1.678052750999939 ], [ 99.233919912000033, -1.684409079999966 ], [ 99.232819352000035, -1.676571304999925 ], [ 99.227988503000063, -1.667037096999934 ], [ 99.220321513000044, -1.662429889999942 ], [ 99.239622678000046, -1.69864126799996 ], [ 99.234559377000039, -1.697331094999925 ], [ 99.246182015000045, -1.731909607999967 ], [ 99.23985091600008, -1.740643592999959 ], [ 99.262951856000086, -1.772791371999972 ], [ 99.260548306000032, -1.778854214999967 ], [ 99.247239729000057, -1.777701170999933 ], [ 99.240534601000036, -1.79684057399993 ], [ 99.226212098000076, -1.78490114899995 ], [ 99.16734424200007, -1.779263107999952 ], [ 99.144718355000066, -1.78865005199998 ], [ 99.141537820000053, -1.804568843999959 ], [ 99.107433462000074, -1.811952174999931 ], [ 99.011689631000081, -1.762436440999977 ], [ 98.877947718000087, -1.679078407999953 ], [ 98.860900393000065, -1.644040555999936 ], [ 98.825151091000066, -1.615667850999955 ], [ 98.836078645000043, -1.603579493999973 ], [ 98.837153568000076, -1.586890279999977 ], [ 98.80573976900007, -1.537036762999946 ], [ 98.803737757000079, -1.518366459999925 ], [ 98.746130264000044, -1.445569207999938 ], [ 98.689215167000043, -1.353004436999925 ], [ 98.652366831000052, -1.311687510999946 ], [ 98.636723726000071, -1.286419545999934 ], [ 98.641265014000055, -1.275746887999958 ], [ 98.630364248000035, -1.25115001599994 ], [ 98.602743297000075, -1.225531585999931 ], [ 98.596541411000032, -1.198670574999937 ], [ 98.615654764000055, -1.182846533999964 ], [ 98.627359646000059, -1.147605695999971 ], [ 98.636614370000075, -1.141871950999928 ], [ 98.640627478000056, -1.110070536999956 ], [ 98.650064411000074, -1.107095140999945 ], [ 98.657068927000068, -1.088708892999932 ], [ 98.663350607000041, -0.979975949999925 ], [ 98.711295098000051, -0.945091164999951 ], [ 98.739331007000033, -0.958696757999974 ], [ 98.796937094000043, -0.956867343999932 ], [ 98.824478438000085, -0.940395530999979 ], [ 98.866725202000055, -0.932666070999971 ], [ 98.898904992000041, -0.906072165999944 ], [ 98.91154107300008, -0.911319576999972 ] ] ], [ [ [ 99.11164980500007, -1.356955887999959 ], [ 99.111509867000052, -1.356128070999944 ], [ 99.111707111000044, -1.356957576999946 ], [ 99.11164980500007, -1.356955887999959 ] ] ], [ [ [ 99.113995873000079, -1.354356956999936 ], [ 99.113832369000079, -1.354187327999966 ], [ 99.113994175000073, -1.354177142999959 ], [ 99.113995873000079, -1.354356956999936 ] ] ], [ [ [ 99.114159327000039, -1.353647870999964 ], [ 99.114236873000038, -1.353954903999977 ], [ 99.113948647000086, -1.353659750999952 ], [ 99.114159327000039, -1.353647870999964 ] ] ], [ [ [ 99.113721106000071, -1.353717437999933 ], [ 99.113525594000066, -1.353792086999931 ], [ 99.113532329000066, -1.35365468599997 ], [ 99.113721106000071, -1.353717437999933 ] ] ], [ [ [ 99.113751421000075, -1.353222099999925 ], [ 99.11360142400008, -1.353337458999931 ], [ 99.113614900000073, -1.353183094999963 ], [ 99.113751421000075, -1.353222099999925 ] ] ], [ [ [ 99.110355100000049, -1.351322335999953 ], [ 99.111367192000046, -1.354530083999975 ], [ 99.110982192000051, -1.35491108399998 ], [ 99.110355100000049, -1.351322335999953 ] ] ], [ [ [ 99.113235621000058, -1.352273863999926 ], [ 99.113077192000048, -1.352399401999946 ], [ 99.113137859000062, -1.352194134999934 ], [ 99.113235621000058, -1.352273863999926 ] ] ], [ [ [ 99.112753531000067, -1.351335795999944 ], [ 99.111870363000037, -1.351826088999928 ], [ 99.112197305000052, -1.350940574999925 ], [ 99.112753531000067, -1.351335795999944 ] ] ], [ [ [ 99.068666624000059, -1.274587044999976 ], [ 99.068001432000074, -1.274225171999944 ], [ 99.068765499000051, -1.274455856999964 ], [ 99.068666624000059, -1.274587044999976 ] ] ], [ [ [ 99.070005947000084, -1.273460623999938 ], [ 99.070360995000044, -1.272890636999932 ], [ 99.070149771000047, -1.273496809999926 ], [ 99.070005947000084, -1.273460623999938 ] ] ], [ [ [ 99.072351925000078, -1.268516230999978 ], [ 99.071547429000077, -1.269018375999963 ], [ 99.071390102000066, -1.268258410999977 ], [ 99.072351925000078, -1.268516230999978 ] ] ], [ [ [ 99.067870923000044, -1.267729240999927 ], [ 99.068333838000058, -1.267150203999961 ], [ 99.068050704000086, -1.267842326999926 ], [ 99.067870923000044, -1.267729240999927 ] ] ], [ [ [ 99.070194558000082, -1.267652276999968 ], [ 99.070037236000076, -1.267064208999955 ], [ 99.070351864000031, -1.267620606999969 ], [ 99.070194558000082, -1.267652276999968 ] ] ], [ [ [ 99.068243942000038, -1.266914977999932 ], [ 99.068621463000056, -1.26638117899995 ], [ 99.068585521000045, -1.266919491999943 ], [ 99.068243942000038, -1.266914977999932 ] ] ], [ [ [ 99.070216963000064, -1.26511904299997 ], [ 99.070522584000059, -1.265037608999933 ], [ 99.070437193000032, -1.265204985999958 ], [ 99.070216963000064, -1.26511904299997 ] ] ], [ [ [ 99.069637087000046, -1.261739904999956 ], [ 99.069821364000063, -1.261884656999939 ], [ 99.06963709300004, -1.261934420999978 ], [ 99.069637087000046, -1.261739904999956 ] ] ], [ [ [ 99.06889549400006, -1.261423270999956 ], [ 99.069273021000072, -1.261142795999945 ], [ 99.069120220000059, -1.261540878999938 ], [ 99.06889549400006, -1.261423270999956 ] ] ], [ [ [ 99.068023548000042, -1.260554756999966 ], [ 99.068374117000076, -1.260627125999974 ], [ 99.06838311000007, -1.260794499999975 ], [ 99.068023548000042, -1.260554756999966 ] ] ], [ [ [ 98.62705251400007, -1.147327367999935 ], [ 98.627131859000087, -1.146939176999979 ], [ 98.627321461000065, -1.147341823999966 ], [ 98.62705251400007, -1.147327367999935 ] ] ], [ [ [ 98.955977795000081, -1.059377139999924 ], [ 98.959389667000039, -1.065902682999933 ], [ 98.958418954000081, -1.070887983999967 ], [ 98.95480251400005, -1.066336517999957 ], [ 98.955977795000081, -1.059377139999924 ] ] ], [ [ [ 98.948093927000059, -1.042246003999935 ], [ 98.949639106000063, -1.039083325999968 ], [ 98.952035359000035, -1.044119857999931 ], [ 98.948093927000059, -1.042246003999935 ] ] ], [ [ [ 98.962533242000063, -1.01626016199998 ], [ 98.962371709000081, -1.016105858999936 ], [ 98.962610928000061, -1.016128469999956 ], [ 98.962533242000063, -1.01626016199998 ] ] ], [ [ [ 98.944448968000074, -0.999360328999956 ], [ 98.944613478000065, -0.997726392999937 ], [ 98.945282174000056, -0.998828362999973 ], [ 98.944448968000074, -0.999360328999956 ] ] ], [ [ [ 98.948278017000064, -0.991822639999953 ], [ 98.945835080000052, -0.990370510999981 ], [ 98.947121297000081, -0.988915728999928 ], [ 98.948278017000064, -0.991822639999953 ] ] ], [ [ [ 98.95550557100006, -0.953304170999957 ], [ 98.955335428000069, -0.952635229999942 ], [ 98.95610147900004, -0.95288885399998 ], [ 98.95550557100006, -0.953304170999957 ] ] ], [ [ [ 99.54456209600005, -2.219784008999966 ], [ 99.536195899000063, -2.217489056999966 ], [ 99.540082023000082, -2.21122375799996 ], [ 99.54456209600005, -2.219784008999966 ] ] ], [ [ [ 99.527875667000046, -2.13350184199993 ], [ 99.53608291900008, -2.128362129999971 ], [ 99.539654331000065, -2.130739511999934 ], [ 99.527875667000046, -2.13350184199993 ] ] ], [ [ [ 99.524467219000087, -2.122703006999927 ], [ 99.522474471000066, -2.124385089999976 ], [ 99.521588245000032, -2.122895055999948 ], [ 99.524467219000087, -2.122703006999927 ] ] ], [ [ [ 99.567005780000045, -2.005963678999933 ], [ 99.56230548800005, -2.009568193999939 ], [ 99.57068651600008, -2.006709165999951 ], [ 99.577264672000069, -2.024757134999959 ], [ 99.552440631000081, -2.018590575999951 ], [ 99.54697721000008, -2.007927356999971 ], [ 99.567005780000045, -2.005963678999933 ] ] ], [ [ [ 99.554616845000055, -1.992885721999926 ], [ 99.55433292400005, -1.993092769999976 ], [ 99.554245054000035, -1.992936285999974 ], [ 99.554616845000055, -1.992885721999926 ] ] ], [ [ [ 99.555297965000079, -1.992796491999968 ], [ 99.555124297000077, -1.993035720999956 ], [ 99.555000533000054, -1.992817312999932 ], [ 99.555297965000079, -1.992796491999968 ] ] ], [ [ [ 99.553375986000049, -1.991828743999974 ], [ 99.554003555000065, -1.991950989999964 ], [ 99.554105261000075, -1.992177832999971 ], [ 99.553375986000049, -1.991828743999974 ] ] ], [ [ [ 99.567321373000084, -1.964421954999978 ], [ 99.567406239000036, -1.963954677999936 ], [ 99.567697313000053, -1.964484356999947 ], [ 99.567321373000084, -1.964421954999978 ] ] ], [ [ [ 99.305209021000053, -1.900861427999928 ], [ 99.314783329000079, -1.920975915999975 ], [ 99.306496434000053, -1.930437122999933 ], [ 99.296415752000087, -1.926759107999942 ], [ 99.292257010000071, -1.909266731999935 ], [ 99.295686403000047, -1.899994464999963 ], [ 99.305209021000053, -1.900861427999928 ] ] ], [ [ [ 99.314967353000043, -1.903363307999939 ], [ 99.314440144000059, -1.90118423499996 ], [ 99.315694819000043, -1.903146097999979 ], [ 99.314967353000043, -1.903363307999939 ] ] ], [ [ [ 99.313711737000062, -1.897086390999959 ], [ 99.313976407000041, -1.895761037999932 ], [ 99.314244985000073, -1.897302734999926 ], [ 99.313711737000062, -1.897086390999959 ] ] ], [ [ [ 99.313990667000041, -1.895202795999978 ], [ 99.314222405000066, -1.895012756999961 ], [ 99.314249144000087, -1.895113714999979 ], [ 99.313990667000041, -1.895202795999978 ] ] ], [ [ [ 99.279963146000057, -1.871325515999956 ], [ 99.286506216000078, -1.879786958999944 ], [ 99.275043586000038, -1.873553027999947 ], [ 99.279963146000057, -1.871325515999956 ] ] ], [ [ [ 99.319908057000077, -1.85082203199994 ], [ 99.305608570000061, -1.855118317999938 ], [ 99.302367494000066, -1.853849751999974 ], [ 99.311616366000067, -1.844346799999926 ], [ 99.319908057000077, -1.85082203199994 ] ] ], [ [ [ 99.254112126000052, -1.790702297999928 ], [ 99.289462864000086, -1.806530241999951 ], [ 99.294097220000083, -1.833385327999963 ], [ 99.241627815000072, -1.850499898999942 ], [ 99.269194072000062, -1.812533952999956 ], [ 99.254112126000052, -1.790702297999928 ] ] ], [ [ [ 99.296353121000038, -1.781368235999935 ], [ 99.294190570000069, -1.77895502399997 ], [ 99.296883353000055, -1.779907041999934 ], [ 99.296353121000038, -1.781368235999935 ] ] ], [ [ [ 99.263908868000044, -1.769818609999959 ], [ 99.268846250000081, -1.772043405999966 ], [ 99.266823708000061, -1.774113536999948 ], [ 99.263908868000044, -1.769818609999959 ] ] ], [ [ [ 99.269233435000046, -1.744611129999953 ], [ 99.267626911000036, -1.749085509999929 ], [ 99.265249904000086, -1.745700883999973 ], [ 99.269233435000046, -1.744611129999953 ] ] ], [ [ [ 99.291523830000074, -1.734393236999949 ], [ 99.297948328000075, -1.738467888999935 ], [ 99.297743419000085, -1.739435726999943 ], [ 99.291523830000074, -1.734393236999949 ] ] ], [ [ [ 99.308371491000059, -1.727969968999957 ], [ 99.308648680000033, -1.726564167999925 ], [ 99.308857026000055, -1.728318836999961 ], [ 99.308371491000059, -1.727969968999957 ] ] ], [ [ [ 99.262954834000084, -1.724029727999948 ], [ 99.262983358000042, -1.723217616999932 ], [ 99.263487148000081, -1.723514518999934 ], [ 99.262954834000084, -1.724029727999948 ] ] ], [ [ [ 99.251122658000043, -1.715549764999935 ], [ 99.258297282000058, -1.71611768799994 ], [ 99.258324968000068, -1.724768105999942 ], [ 99.251122658000043, -1.715549764999935 ] ] ], [ [ [ 99.24663165700008, -1.707018963999928 ], [ 99.247001990000058, -1.703421018999961 ], [ 99.247554735000051, -1.707310994999943 ], [ 99.24663165700008, -1.707018963999928 ] ] ], [ [ [ 99.244789863000051, -1.703594365999948 ], [ 99.243978563000042, -1.701335069999971 ], [ 99.245383120000042, -1.703473618999965 ], [ 99.244789863000051, -1.703594365999948 ] ] ], [ [ [ 99.248440448000053, -1.699178298999925 ], [ 99.247821769000041, -1.697904983999933 ], [ 99.248781023000049, -1.697296737999977 ], [ 99.248440448000053, -1.699178298999925 ] ] ], [ [ [ 99.243608030000075, -1.692185532999929 ], [ 99.246304925000061, -1.694580965999933 ], [ 99.245318386000065, -1.695694180999965 ], [ 99.243608030000075, -1.692185532999929 ] ] ], [ [ [ 99.285069558000032, -1.682358418999968 ], [ 99.299345796000068, -1.699924544999931 ], [ 99.293963171000087, -1.706476246999955 ], [ 99.285423139000045, -1.699796287999959 ], [ 99.285069558000032, -1.682358418999968 ] ] ], [ [ [ 99.290680601000076, -1.684008621999965 ], [ 99.290108213000053, -1.685107498999969 ], [ 99.290201945000035, -1.684236427999963 ], [ 99.290680601000076, -1.684008621999965 ] ] ], [ [ [ 99.289477960000056, -1.683878541999945 ], [ 99.28857098900005, -1.683803404999935 ], [ 99.288316601000076, -1.682875208999974 ], [ 99.289477960000056, -1.683878541999945 ] ] ], [ [ [ 99.291491756000084, -1.683928351999953 ], [ 99.290966987000047, -1.683544063999932 ], [ 99.291613546000065, -1.683296681999934 ], [ 99.291491756000084, -1.683928351999953 ] ] ], [ [ [ 99.290843787000085, -1.683462748999943 ], [ 99.290981217000081, -1.682800252999925 ], [ 99.291197025000088, -1.683166872999948 ], [ 99.290843787000085, -1.683462748999943 ] ] ], [ [ [ 99.289925351000079, -1.683251020999933 ], [ 99.290195833000041, -1.683092248999969 ], [ 99.290242782000064, -1.683215553999958 ], [ 99.289925351000079, -1.683251020999933 ] ] ], [ [ [ 99.292190898000058, -1.683847175999972 ], [ 99.292080414000054, -1.682092485999931 ], [ 99.292605476000062, -1.681855624999969 ], [ 99.292190898000058, -1.683847175999972 ] ] ], [ [ [ 99.293643840000072, -1.682995422999966 ], [ 99.292801604000033, -1.682343768999942 ], [ 99.293417061000071, -1.682013419999976 ], [ 99.293643840000072, -1.682995422999966 ] ] ], [ [ [ 99.289250664000065, -1.682241535999935 ], [ 99.288427160000083, -1.681183669999939 ], [ 99.289399141000047, -1.68192950599996 ], [ 99.289250664000065, -1.682241535999935 ] ] ], [ [ [ 99.287211684000056, -1.680570409999973 ], [ 99.28753273500007, -1.679471508999939 ], [ 99.287649022000039, -1.679502450999962 ], [ 99.287211684000056, -1.680570409999973 ] ] ], [ [ [ 99.286546908000048, -1.679875110999944 ], [ 99.285550372000046, -1.679532470999959 ], [ 99.285646876000044, -1.678911696999933 ], [ 99.286546908000048, -1.679875110999944 ] ] ], [ [ [ 99.282581540000081, -1.676536569999939 ], [ 99.285837164000043, -1.674977636999927 ], [ 99.285015393000037, -1.679025077999938 ], [ 99.282581540000081, -1.676536569999939 ] ] ], [ [ [ 99.288210892000052, -1.664655832999927 ], [ 99.292596247000063, -1.67873981799994 ], [ 99.303414684000074, -1.686031801999945 ], [ 99.297244672000033, -1.688159373999952 ], [ 99.295705077000036, -1.682031908999932 ], [ 99.288531965000061, -1.68114036399993 ], [ 99.288210892000052, -1.664655832999927 ] ] ], [ [ [ 99.291037375000087, -1.641315526999961 ], [ 99.291644035000047, -1.641092036999964 ], [ 99.291635629000041, -1.641526905999967 ], [ 99.291037375000087, -1.641315526999961 ] ] ], [ [ [ 99.293247189000056, -1.641066215999956 ], [ 99.291918579000082, -1.641146568999943 ], [ 99.292203062000056, -1.639615093999964 ], [ 99.293247189000056, -1.641066215999956 ] ] ], [ [ [ 99.290245746000039, -1.639773975999958 ], [ 99.290459205000047, -1.639291326999967 ], [ 99.290654147000055, -1.639705701999958 ], [ 99.290245746000039, -1.639773975999958 ] ] ], [ [ [ 99.289404310000066, -1.638278789999958 ], [ 99.289133237000044, -1.638790444999927 ], [ 99.288523139000063, -1.63867285699996 ], [ 99.289404310000066, -1.638278789999958 ] ] ], [ [ [ 99.288152680000053, -1.638762992999943 ], [ 99.28822208400004, -1.638186563999966 ], [ 99.288471233000053, -1.638445745999945 ], [ 99.288152680000053, -1.638762992999943 ] ] ], [ [ [ 99.289904337000053, -1.638942105999945 ], [ 99.289180469000087, -1.637265824999929 ], [ 99.28858725300006, -1.636692901999936 ], [ 99.289378705000047, -1.636957116999952 ], [ 99.289904337000053, -1.638942105999945 ] ] ], [ [ [ 99.289734564000071, -1.636806992999936 ], [ 99.290470033000076, -1.636694329999955 ], [ 99.289785426000037, -1.636962179999955 ], [ 99.289734564000071, -1.636806992999936 ] ] ], [ [ [ 99.28744744100004, -1.630890738999938 ], [ 99.286111381000069, -1.631707116999962 ], [ 99.285281532000056, -1.631110224999929 ], [ 99.28744744100004, -1.630890738999938 ] ] ], [ [ [ 99.283214076000036, -1.627739847999976 ], [ 99.282550358000037, -1.627776744999949 ], [ 99.282422840000038, -1.627064237999946 ], [ 99.283214076000036, -1.627739847999976 ] ] ], [ [ [ 100.153632821000087, -3.027552702999969 ], [ 100.153852001000075, -3.027096606999976 ], [ 100.154116122000062, -3.027444008999964 ], [ 100.153632821000087, -3.027552702999969 ] ] ], [ [ [ 100.153592640000056, -3.027039499999944 ], [ 100.153109610000058, -3.027037120999978 ], [ 100.153633091000074, -3.026703995999981 ], [ 100.153592640000056, -3.027039499999944 ] ] ], [ [ [ 100.157044458000087, -3.011896996999951 ], [ 100.157780310000078, -3.020881454999937 ], [ 100.152350218000038, -3.026745668999979 ], [ 100.145703642000058, -3.009296043999939 ], [ 100.157044458000087, -3.011896996999951 ] ] ], [ [ [ 100.169537989000048, -3.009359330999928 ], [ 100.161363106000067, -3.010447834999979 ], [ 100.160556545000077, -3.006999398999938 ], [ 100.169537989000048, -3.009359330999928 ] ] ], [ [ [ 100.163135759000056, -2.872009466999941 ], [ 100.168593202000068, -2.884943988999964 ], [ 100.16073427300006, -2.87740520899996 ], [ 100.163135759000056, -2.872009466999941 ] ] ], [ [ [ 100.147872523000046, -2.850162354999952 ], [ 100.148932605000084, -2.862962712999945 ], [ 100.132283267000048, -2.856312961999947 ], [ 100.140877620000083, -2.848494993999964 ], [ 100.147872523000046, -2.850162354999952 ] ] ], [ [ [ 100.038151863000053, -2.851273145999926 ], [ 100.038418065000087, -2.851453558999935 ], [ 100.038123342000063, -2.851482044999955 ], [ 100.038151863000053, -2.851273145999926 ] ] ], [ [ [ 100.036164861000032, -2.851130714999954 ], [ 100.03558016900007, -2.850342594999972 ], [ 100.035893906000069, -2.850138442999935 ], [ 100.036164861000032, -2.851130714999954 ] ] ], [ [ [ 100.150386335000064, -2.848618243999965 ], [ 100.14906721300008, -2.847775522999939 ], [ 100.150540827000043, -2.847811130999958 ], [ 100.150386335000064, -2.848618243999965 ] ] ], [ [ [ 100.016761282000061, -2.848104045999946 ], [ 100.016077953000035, -2.847759835999966 ], [ 100.016446356000074, -2.847374082999977 ], [ 100.016761282000061, -2.848104045999946 ] ] ], [ [ [ 100.012964348000082, -2.847385951999968 ], [ 100.012435511000035, -2.846216823999953 ], [ 100.013190144000077, -2.846204954999962 ], [ 100.012964348000082, -2.847385951999968 ] ] ], [ [ [ 100.008258290000072, -2.842561065999973 ], [ 100.009030749000033, -2.84473315799994 ], [ 100.007604671000081, -2.842442371999937 ], [ 100.008258290000072, -2.842561065999973 ] ] ], [ [ [ 100.00517439500004, -2.839172357999928 ], [ 100.006012216000045, -2.838679776999925 ], [ 100.006119172000069, -2.838976511999931 ], [ 100.00517439500004, -2.839172357999928 ] ] ], [ [ [ 100.014212167000039, -2.838199065999959 ], [ 100.01446173100004, -2.837498770999957 ], [ 100.014764772000035, -2.837647138999955 ], [ 100.014212167000039, -2.838199065999959 ] ] ], [ [ [ 100.001306158000034, -2.836056635999967 ], [ 100.00137746200005, -2.835397882999928 ], [ 100.001852821000057, -2.836080374999938 ], [ 100.001306158000034, -2.836056635999967 ] ] ], [ [ [ 99.999095736000072, -2.830994312999962 ], [ 100.014980500000036, -2.832323505999966 ], [ 100.015313252000055, -2.836086120999937 ], [ 100.009874512000067, -2.839967606999949 ], [ 99.999095736000072, -2.830994312999962 ] ] ], [ [ [ 100.141878450000036, -2.82360966799996 ], [ 100.141553754000086, -2.822714196999925 ], [ 100.141970446000073, -2.822849835999932 ], [ 100.141878450000036, -2.82360966799996 ] ] ], [ [ [ 100.171385697000062, -2.811647396999945 ], [ 100.169407183000033, -2.819785517999946 ], [ 100.167209230000083, -2.820878542999935 ], [ 100.16376682300006, -2.814873789999979 ], [ 100.171385697000062, -2.811647396999945 ] ] ], [ [ [ 100.169691030000081, -2.800953454999956 ], [ 100.166555001000063, -2.798952899999961 ], [ 100.169926712000063, -2.799229382999954 ], [ 100.169691030000081, -2.800953454999956 ] ] ], [ [ [ 99.98479939300006, -2.776283556999942 ], [ 99.984016822000058, -2.783494580999957 ], [ 99.975982203000058, -2.787710882999932 ], [ 99.978292799000087, -2.779319032999979 ], [ 99.98479939300006, -2.776283556999942 ] ] ], [ [ [ 99.991854074000059, -2.769392977999928 ], [ 99.991937765000046, -2.769017310999971 ], [ 99.992001084000037, -2.769392854999978 ], [ 99.991854074000059, -2.769392977999928 ] ] ], [ [ [ 99.990614944000072, -2.76822502899995 ], [ 99.990143812000042, -2.767636545999949 ], [ 99.990627836000044, -2.767652277999957 ], [ 99.990614944000072, -2.76822502899995 ] ] ], [ [ [ 99.981847142000049, -2.757793890999949 ], [ 99.98148001900006, -2.756777378999971 ], [ 99.982130325000071, -2.757625232999942 ], [ 99.981847142000049, -2.757793890999949 ] ] ], [ [ [ 99.980168123000055, -2.756581709999978 ], [ 99.98144297500005, -2.757414882999967 ], [ 99.980102153000075, -2.758215594999967 ], [ 99.980168123000055, -2.756581709999978 ] ] ], [ [ [ 99.988299306000044, -2.75711387299998 ], [ 99.990664218000063, -2.756579119999969 ], [ 99.991083003000085, -2.75770698499997 ], [ 99.988299306000044, -2.75711387299998 ] ] ], [ [ [ 99.981681129000037, -2.750060416999929 ], [ 99.988397453000061, -2.753720790999978 ], [ 99.982555877000038, -2.757242392999956 ], [ 99.981681129000037, -2.750060416999929 ] ] ], [ [ [ 99.994252001000064, -2.503152708999949 ], [ 100.028302873000086, -2.526625809999928 ], [ 100.036808578000034, -2.543812668999976 ], [ 100.071426533000079, -2.579946520999954 ], [ 100.099732071000062, -2.589411611999935 ], [ 100.120396352000057, -2.617173220999973 ], [ 100.172647568000059, -2.64788473699997 ], [ 100.220108311000047, -2.739228552999975 ], [ 100.223284922000062, -2.751755678999928 ], [ 100.218568084000083, -2.75391411399994 ], [ 100.217696045000082, -2.775996910999936 ], [ 100.197188592000032, -2.774956569999972 ], [ 100.194705445000068, -2.784806534999973 ], [ 100.141795273000071, -2.809023759999945 ], [ 100.140336769000044, -2.823510876999933 ], [ 100.148366228000043, -2.836112402999959 ], [ 100.145339442000079, -2.840596023999979 ], [ 100.135062591000064, -2.832837621999943 ], [ 100.10701688100005, -2.838846011999976 ], [ 100.093286745000057, -2.829549274999977 ], [ 100.075702215000035, -2.842215920999934 ], [ 100.050902589000032, -2.815427806999935 ], [ 100.040347685000086, -2.82267832399998 ], [ 100.04192146400004, -2.851871356999936 ], [ 100.034284220000075, -2.843617438999956 ], [ 100.018793444000039, -2.849534295999945 ], [ 100.012191889000064, -2.843403789999968 ], [ 100.017417312000077, -2.835744281999951 ], [ 100.018070166000086, -2.811203680999938 ], [ 99.992356395000058, -2.791100350999955 ], [ 99.995399151000072, -2.777377101999946 ], [ 99.978702660000067, -2.773532541999941 ], [ 99.984040189000041, -2.766454277999969 ], [ 99.993720666000058, -2.772415703999968 ], [ 99.996460752000075, -2.771678785999939 ], [ 99.990142917000071, -2.76547323799997 ], [ 99.998094755000068, -2.763892975999966 ], [ 99.996623612000064, -2.75166939099995 ], [ 100.014028694000046, -2.741368462999958 ], [ 100.000340231000052, -2.69708499199993 ], [ 100.010047302000032, -2.695775364999974 ], [ 100.01183661400006, -2.67581427999994 ], [ 99.996748336000053, -2.660732054999926 ], [ 99.991123866000066, -2.639894946999959 ], [ 99.976478326000063, -2.630421644999956 ], [ 99.988436350000086, -2.622768266999969 ], [ 99.989559701000076, -2.608680710999977 ], [ 99.960029499000086, -2.570291942999972 ], [ 99.97539497300005, -2.56850402799995 ], [ 99.972915516000057, -2.511178811999969 ], [ 99.994252001000064, -2.503152708999949 ] ] ], [ [ [ 99.977220116000069, -2.634351073999937 ], [ 99.977457917000038, -2.633675128999926 ], [ 99.978289012000062, -2.634004029999971 ], [ 99.977220116000069, -2.634351073999937 ] ] ], [ [ [ 99.975768608000067, -2.627212786999962 ], [ 99.976064444000087, -2.627415858999939 ], [ 99.975716972000043, -2.627497905999974 ], [ 99.975768608000067, -2.627212786999962 ] ] ], [ [ [ 99.975131348000048, -2.627365211999972 ], [ 99.974317407000058, -2.62727409799993 ], [ 99.975340547000087, -2.627291495999941 ], [ 99.975131348000048, -2.627365211999972 ] ] ], [ [ [ 99.980117168000049, -2.603583243999935 ], [ 99.980557679000071, -2.603288911999925 ], [ 99.980373662000034, -2.603773005999926 ], [ 99.980117168000049, -2.603583243999935 ] ] ], [ [ [ 99.971192, -2.600596 ], [ 99.971704, -2.599652 ], [ 99.972015, -2.600212 ], [ 99.971192, -2.600596 ] ] ], [ [ [ 99.964257, -2.584954 ], [ 99.964693, -2.584519 ], [ 99.964843, -2.585179 ], [ 99.964257, -2.584954 ] ] ], [ [ [ 100.053455252000049, -2.561140640999952 ], [ 100.054057708000073, -2.56095470899993 ], [ 100.053941058000078, -2.561289491999958 ], [ 100.053455252000049, -2.561140640999952 ] ] ], [ [ [ 99.741552312000067, -2.376320827999962 ], [ 99.74080718600004, -2.376495372999955 ], [ 99.740892750000057, -2.37596461499993 ], [ 99.741552312000067, -2.376320827999962 ] ] ], [ [ [ 99.711567168000045, -2.359652867999955 ], [ 99.738430420000043, -2.369757178999976 ], [ 99.734004623000033, -2.388352665999946 ], [ 99.74507565600004, -2.377969900999972 ], [ 99.737448131000065, -2.394212767999932 ], [ 99.73284576900005, -2.389878126999974 ], [ 99.732094692000032, -2.380850116999966 ], [ 99.721866003000059, -2.384254738999971 ], [ 99.710789596000041, -2.375554655999963 ], [ 99.711567168000045, -2.359652867999955 ] ] ], [ [ [ 99.746228731000087, -2.36897081799998 ], [ 99.745916859000033, -2.374145558999942 ], [ 99.741262633000076, -2.373970668999959 ], [ 99.746228731000087, -2.36897081799998 ] ] ], [ [ [ 99.739749958000061, -2.370684420999964 ], [ 99.740382160000081, -2.372279865999928 ], [ 99.738053075000039, -2.372366605999957 ], [ 99.739749958000061, -2.370684420999964 ] ] ], [ [ [ 99.72261598700004, -2.338089585999967 ], [ 99.721471187000077, -2.339129531999959 ], [ 99.72117705800008, -2.338396306999925 ], [ 99.72261598700004, -2.338089585999967 ] ] ], [ [ [ 99.587308722000046, -2.025432905999935 ], [ 99.58443311700006, -2.039860856999951 ], [ 99.598465, -2.028026 ], [ 99.614725650000082, -2.031600455999978 ], [ 99.616228873000068, -2.03972762899997 ], [ 99.639545889000033, -2.03692866199998 ], [ 99.637488150000081, -2.049743070999966 ], [ 99.651851745000045, -2.047968683999954 ], [ 99.666542913000058, -2.065316252999935 ], [ 99.691633082000067, -2.076573831999951 ], [ 99.692603286000065, -2.086216299999933 ], [ 99.70157843700008, -2.084927149999942 ], [ 99.711654921000047, -2.153725511999937 ], [ 99.725842129000057, -2.174901438999939 ], [ 99.721983523000063, -2.17721839799998 ], [ 99.720813816000032, -2.182737158999942 ], [ 99.735864842000069, -2.18752197699996 ], [ 99.732254506000061, -2.197986936999939 ], [ 99.750786325000036, -2.231937264999942 ], [ 99.780427690000067, -2.255154771999969 ], [ 99.781649273000085, -2.291755094999928 ], [ 99.799818130000062, -2.289074933999927 ], [ 99.813412339000081, -2.297203661999959 ], [ 99.812340481000035, -2.304770860999952 ], [ 99.821653697000045, -2.306051201999935 ], [ 99.834130907000088, -2.32994896699995 ], [ 99.846343149000063, -2.336045736999949 ], [ 99.843649159000051, -2.347910433999971 ], [ 99.86296098300005, -2.385655016999976 ], [ 99.86083442100005, -2.402141952999955 ], [ 99.842595414000073, -2.396204058999956 ], [ 99.837576535000039, -2.36390412399993 ], [ 99.796556732000056, -2.371037985999976 ], [ 99.783288423000045, -2.343711207999945 ], [ 99.737510653000072, -2.345276396999964 ], [ 99.729811324000082, -2.333216069999935 ], [ 99.711372438000069, -2.328281854999943 ], [ 99.706732942000087, -2.311394144999952 ], [ 99.673316733000036, -2.288900435999949 ], [ 99.645387270000072, -2.281300966999936 ], [ 99.632780321000041, -2.29019565699997 ], [ 99.625907705000031, -2.272854188999929 ], [ 99.614666225000065, -2.292981292999968 ], [ 99.600649202000056, -2.284009197999978 ], [ 99.597944965000067, -2.259806093999941 ], [ 99.610111748000065, -2.25311409699998 ], [ 99.608342348000065, -2.244083810999939 ], [ 99.592459916000053, -2.252623465999932 ], [ 99.59774828500008, -2.229166010999961 ], [ 99.588606178000077, -2.222416390999967 ], [ 99.575069235000058, -2.245557215999952 ], [ 99.574379143000044, -2.226793326999939 ], [ 99.550977622000062, -2.207825070999945 ], [ 99.528431062000038, -2.153085032999968 ], [ 99.537823764000052, -2.143805616999941 ], [ 99.571669058000055, -2.151660468999978 ], [ 99.566645838000056, -2.124620190999963 ], [ 99.550615571000037, -2.103840883999965 ], [ 99.546623759000056, -2.071780869999941 ], [ 99.567033353000056, -2.06189188999997 ], [ 99.559097433000034, -2.044707307999943 ], [ 99.587308722000046, -2.025432905999935 ] ] ], [ [ [ 99.722152515000062, -2.180402091999952 ], [ 99.722252294000043, -2.17964300999995 ], [ 99.722295918000043, -2.180608715999938 ], [ 99.722152515000062, -2.180402091999952 ] ] ], [ [ [ 99.618142503000058, -2.029276230999926 ], [ 99.623494701000084, -2.036066207999966 ], [ 99.615620439000054, -2.033574956999928 ], [ 99.618142503000058, -2.029276230999926 ] ] ], [ [ [ 99.61561542000004, -2.030862910999929 ], [ 99.613975192000055, -2.030553055999974 ], [ 99.615384105000032, -2.029792596999926 ], [ 99.61561542000004, -2.030862910999929 ] ] ], [ [ [ 99.616364391000047, -2.031207844999926 ], [ 99.616066165000063, -2.030109330999949 ], [ 99.61569038600004, -2.029369094999936 ], [ 99.616556056000036, -2.030152566999959 ], [ 99.616364391000047, -2.031207844999926 ] ] ], [ [ [ 99.611830468000051, -2.01902206799997 ], [ 99.611525008000058, -2.024162915999966 ], [ 99.608916741000087, -2.020703680999929 ], [ 99.611830468000051, -2.01902206799997 ] ] ], [ [ [ 99.57092035800008, -1.988612719999935 ], [ 99.578510799000071, -2.002954572999954 ], [ 99.569135199000073, -1.993030264999959 ], [ 99.570232573000055, -1.999627860999965 ], [ 99.563756357000045, -1.999334688999966 ], [ 99.57092035800008, -1.988612719999935 ] ] ], [ [ [ 99.580612766000058, -1.967426289999935 ], [ 99.605529475000083, -1.989922380999928 ], [ 99.604959464000046, -1.997373296999967 ], [ 99.587101333000078, -1.993125977999966 ], [ 99.576535981000063, -1.972612582999943 ], [ 99.580612766000058, -1.967426289999935 ] ] ], [ [ [ 99.571295902000031, -1.96435241599994 ], [ 99.569503844000053, -1.966667553999969 ], [ 99.567921926000054, -1.964683354999977 ], [ 99.571295902000031, -1.96435241599994 ] ] ], [ [ [ 100.343313700000067, -3.285274350999941 ], [ 100.347338407000052, -3.297479975999977 ], [ 100.330360485000085, -3.286772931999963 ], [ 100.33430227000008, -3.283349641999962 ], [ 100.343313700000067, -3.285274350999941 ] ] ], [ [ [ 100.346976329000086, -3.219306690999929 ], [ 100.353678898000055, -3.224254480999946 ], [ 100.349201011000048, -3.224824008999974 ], [ 100.346976329000086, -3.219306690999929 ] ] ], [ [ [ 100.352248179000071, -3.217829275999975 ], [ 100.356096467000043, -3.220605933999934 ], [ 100.355132525000045, -3.224427292999962 ], [ 100.352248179000071, -3.217829275999975 ] ] ], [ [ [ 100.294541902000049, -3.209547612999927 ], [ 100.302197829000079, -3.215257709999946 ], [ 100.299408395000057, -3.216759083999932 ], [ 100.294541902000049, -3.209547612999927 ] ] ], [ [ [ 100.295832242000074, -3.123234464999939 ], [ 100.312475905000042, -3.129090603999941 ], [ 100.309035753000046, -3.140938802999926 ], [ 100.295832242000074, -3.123234464999939 ] ] ], [ [ [ 100.241644989000065, -3.122046956999952 ], [ 100.24262612800004, -3.126192468999932 ], [ 100.239319060000071, -3.121557343999939 ], [ 100.241644989000065, -3.122046956999952 ] ] ], [ [ [ 100.23179513000008, -3.117238914999973 ], [ 100.235637872000041, -3.119386615999929 ], [ 100.230285692000052, -3.117575703999933 ], [ 100.23179513000008, -3.117238914999973 ] ] ], [ [ [ 100.244032148000088, -3.066154407999932 ], [ 100.244620210000051, -3.069857144999958 ], [ 100.243677528000035, -3.069918395999935 ], [ 100.244032148000088, -3.066154407999932 ] ] ], [ [ [ 100.202348844000085, -2.785866451999937 ], [ 100.241742393000038, -2.788259618999973 ], [ 100.241566669000065, -2.799755816999948 ], [ 100.253713279000067, -2.799093814999935 ], [ 100.248690294000085, -2.807446951999964 ], [ 100.25559346600005, -2.807767281999929 ], [ 100.258095730000036, -2.801650597999981 ], [ 100.258638020000035, -2.808500779999974 ], [ 100.251615231000073, -2.811819837999963 ], [ 100.251599445000068, -2.814722599999925 ], [ 100.259992133000083, -2.814021950999972 ], [ 100.258652469000083, -2.815107508999972 ], [ 100.259981051000068, -2.816893619999973 ], [ 100.258798635000062, -2.819026915999927 ], [ 100.259448844000076, -2.82026045899994 ], [ 100.261813626000048, -2.817272841999966 ], [ 100.260097010000038, -2.811155886999927 ], [ 100.26554234300005, -2.814187148999963 ], [ 100.262426856000047, -2.825834413999928 ], [ 100.272106106000081, -2.837343738999948 ], [ 100.26793445800007, -2.843250418999958 ], [ 100.276488692000044, -2.841743325999971 ], [ 100.276287167000078, -2.849562434999939 ], [ 100.285115996000059, -2.844509879999976 ], [ 100.285013061000086, -2.854381843999931 ], [ 100.294899206000082, -2.859108331999948 ], [ 100.296619837000037, -2.854790180999942 ], [ 100.290308808000077, -2.85339593499998 ], [ 100.295638524000083, -2.851971060999972 ], [ 100.310344490000034, -2.874956687999941 ], [ 100.354744095000058, -2.901082100999929 ], [ 100.392659112000047, -2.956797644999938 ], [ 100.419247225000049, -2.972966587999963 ], [ 100.420248237000067, -2.974989947999973 ], [ 100.418095430000051, -2.975649889999943 ], [ 100.416472820000081, -2.978309362999937 ], [ 100.41665372600005, -2.97978339499997 ], [ 100.427731879000078, -2.989424369999938 ], [ 100.426302206000059, -2.99852670599995 ], [ 100.429808479000087, -3.003779754999925 ], [ 100.458549112000071, -3.016107130999956 ], [ 100.456426990000068, -3.016069776999927 ], [ 100.456914069000049, -3.019741654999962 ], [ 100.454112390000034, -3.016667105999943 ], [ 100.452398191000043, -3.017600945999959 ], [ 100.454847260000065, -3.029533399999934 ], [ 100.450474163000081, -3.019493410999928 ], [ 100.447172701000056, -3.023264205999965 ], [ 100.451380154000049, -3.044036120999976 ], [ 100.458397949000073, -3.052180832999966 ], [ 100.463048022000066, -3.051287511999931 ], [ 100.464944220000064, -3.040446011999961 ], [ 100.469085411000037, -3.044463063999956 ], [ 100.46620779400007, -3.057953476999955 ], [ 100.469115123000051, -3.06833705799994 ], [ 100.462266494000062, -3.074156075999952 ], [ 100.463450075000083, -3.107852412999932 ], [ 100.457554014000038, -3.114397692999944 ], [ 100.460161873000061, -3.123655907999932 ], [ 100.473026096000069, -3.128035581999939 ], [ 100.471899457000063, -3.143461805999948 ], [ 100.440100159000053, -3.15218090299993 ], [ 100.427928309000038, -3.143125117999944 ], [ 100.42385560200006, -3.157734355999935 ], [ 100.393301532000066, -3.151570891999938 ], [ 100.388787487000059, -3.156225669999969 ], [ 100.392435274000036, -3.161460277999936 ], [ 100.36135037400004, -3.165362903999949 ], [ 100.397285346000047, -3.175163247999933 ], [ 100.410824013000081, -3.193992781999953 ], [ 100.393104041000072, -3.197884427999952 ], [ 100.390186176000043, -3.191144876999942 ], [ 100.37455063200008, -3.180049879999956 ], [ 100.391700875000083, -3.198313441999971 ], [ 100.389350587000081, -3.200100506999945 ], [ 100.397254037000039, -3.226835534999964 ], [ 100.429979379000088, -3.258836654999925 ], [ 100.433470347000082, -3.280581155999926 ], [ 100.446389622000083, -3.28536713699998 ], [ 100.464838176000058, -3.313067392999926 ], [ 100.472584385000062, -3.33599828499996 ], [ 100.465102268000066, -3.34708120099998 ], [ 100.43983060100004, -3.34528049599993 ], [ 100.420274167000059, -3.324186026999939 ], [ 100.416908288000059, -3.308980610999924 ], [ 100.380321142000071, -3.287828887999979 ], [ 100.382477813000037, -3.261835008999981 ], [ 100.375476811000055, -3.252268540999978 ], [ 100.334748719000061, -3.243918760999975 ], [ 100.326154707000057, -3.207585736999931 ], [ 100.347988121000071, -3.22920066599994 ], [ 100.356918238000048, -3.232520013999931 ], [ 100.369739821000053, -3.227685186999963 ], [ 100.340497007000067, -3.20159678899995 ], [ 100.342643254000052, -3.192491210999947 ], [ 100.325496175000069, -3.172932621999962 ], [ 100.340966244000072, -3.163318124999932 ], [ 100.333905715000071, -3.148254466999958 ], [ 100.340482374000032, -3.14169998999995 ], [ 100.332462466000038, -3.141520360999948 ], [ 100.324532290000036, -3.120292566999979 ], [ 100.308605036000074, -3.114764333999972 ], [ 100.312585056000046, -3.102999208999961 ], [ 100.293111025000087, -3.081337261999977 ], [ 100.271875940000086, -3.077859556999954 ], [ 100.264862430000051, -3.091372044999957 ], [ 100.248115114000086, -3.081261667999968 ], [ 100.248310377000053, -3.073621850999928 ], [ 100.263372381000067, -3.06803691999994 ], [ 100.260189852000053, -3.060557341999925 ], [ 100.248799683000072, -3.062556004999976 ], [ 100.256130713000061, -3.048935034999943 ], [ 100.247624360000032, -3.04353337699996 ], [ 100.232494023000072, -3.057342138999957 ], [ 100.231751084000052, -3.03719775899998 ], [ 100.219945416000087, -3.030513270999961 ], [ 100.223522977000073, -3.022897652999973 ], [ 100.213564768000083, -3.021468940999966 ], [ 100.20231784200007, -2.996417620999978 ], [ 100.188477894000073, -2.990444631999935 ], [ 100.191816617000086, -2.971221794999963 ], [ 100.18094747300006, -2.962618628999962 ], [ 100.193031254000061, -2.954900615999975 ], [ 100.191855222000072, -2.944546966999951 ], [ 100.202866097000083, -2.933436164999932 ], [ 100.19125401000008, -2.90581128599996 ], [ 100.196047941000074, -2.870376503999978 ], [ 100.180078805000051, -2.842773764999947 ], [ 100.185723069000062, -2.835676310999929 ], [ 100.17616866700007, -2.80331982499996 ], [ 100.189244745000053, -2.790782017999959 ], [ 100.191957922000086, -2.796162614999957 ], [ 100.20086860300006, -2.793795526999929 ], [ 100.202348844000085, -2.785866451999937 ] ] ], [ [ [ 100.173206062000077, -3.05490730899993 ], [ 100.197617407000052, -3.063569191999932 ], [ 100.190644256000041, -3.077209763999974 ], [ 100.17181316500006, -3.062455485999976 ], [ 100.173206062000077, -3.05490730899993 ] ] ], [ [ [ 100.211318439000081, -3.04895410499995 ], [ 100.211724439000079, -3.047957105999956 ], [ 100.211725439000077, -3.048992104999968 ], [ 100.211318439000081, -3.04895410499995 ] ] ], [ [ [ 100.182237142000076, -2.892660715999966 ], [ 100.175827741000035, -2.887816933999943 ], [ 100.181741741000053, -2.886043644999972 ], [ 100.182237142000076, -2.892660715999966 ] ] ], [ [ [ 100.294097467000086, -2.858602732999941 ], [ 100.294350722000047, -2.858412831999942 ], [ 100.294209253000076, -2.858729386999926 ], [ 100.294097467000086, -2.858602732999941 ] ] ], [ [ [ 100.294066462000046, -2.85661341499997 ], [ 100.291940710000063, -2.856361352999954 ], [ 100.293839614000035, -2.855698783999969 ], [ 100.294066462000046, -2.85661341499997 ] ] ], [ [ [ 100.176033388000064, -2.834833556999968 ], [ 100.175353321000046, -2.834045221999929 ], [ 100.177069191000044, -2.833348139999941 ], [ 100.176033388000064, -2.834833556999968 ] ] ], [ [ [ 100.277183493000052, -2.833471015999976 ], [ 100.277639839000074, -2.833048462999955 ], [ 100.277425927000081, -2.833580214999927 ], [ 100.277183493000052, -2.833471015999976 ] ] ], [ [ [ 100.279408176000061, -2.833072201999926 ], [ 100.278861512000049, -2.832412259999955 ], [ 100.279175250000037, -2.832303060999948 ], [ 100.279408176000061, -2.833072201999926 ] ] ], [ [ [ 100.275319129000081, -2.831222944999979 ], [ 100.274555781000061, -2.83317686099997 ], [ 100.27351402100004, -2.831235621999951 ], [ 100.275319129000081, -2.831222944999979 ] ] ], [ [ [ 100.279857579000065, -2.831575104999956 ], [ 100.280009694000057, -2.830630294999935 ], [ 100.280328185000087, -2.830601807999926 ], [ 100.279857579000065, -2.831575104999956 ] ] ], [ [ [ 100.277263923000078, -2.830616959999929 ], [ 100.277073078000058, -2.830158389999951 ], [ 100.27728469300007, -2.830625058999942 ], [ 100.277263923000078, -2.830616959999929 ] ] ], [ [ [ 100.281492816000082, -2.826005933999966 ], [ 100.283927047000077, -2.83322087099998 ], [ 100.281568873000083, -2.834271846999968 ], [ 100.281492816000082, -2.826005933999966 ] ] ], [ [ [ 100.275674772000059, -2.828261060999978 ], [ 100.275845158000038, -2.828083656999979 ], [ 100.275956306000069, -2.828405765999946 ], [ 100.275674772000059, -2.828261060999978 ] ] ], [ [ [ 100.265715067000087, -2.828089513999942 ], [ 100.266310751000049, -2.827697181999952 ], [ 100.266362403000073, -2.828294584999981 ], [ 100.265715067000087, -2.828089513999942 ] ] ], [ [ [ 100.277048179000076, -2.825915562999967 ], [ 100.277783519000081, -2.827498012999968 ], [ 100.277459365000084, -2.828282731999934 ], [ 100.276495856000054, -2.826888864999944 ], [ 100.277048179000076, -2.825915562999967 ] ] ], [ [ [ 100.27473322700007, -2.826666363999948 ], [ 100.274760941000068, -2.82616203699996 ], [ 100.274929648000068, -2.826523400999974 ], [ 100.27473322700007, -2.826666363999948 ] ] ], [ [ [ 100.280333444000064, -2.826591067999971 ], [ 100.280290660000048, -2.826137462999952 ], [ 100.280473323000081, -2.826633007999931 ], [ 100.280333444000064, -2.826591067999971 ] ] ], [ [ [ 100.177732631000083, -2.826862078999966 ], [ 100.169008482000038, -2.824437933999945 ], [ 100.172873788000061, -2.820935843999962 ], [ 100.177732631000083, -2.826862078999966 ] ] ], [ [ [ 100.271804944000053, -2.818704840999942 ], [ 100.27476217800006, -2.824253753999926 ], [ 100.27046813700008, -2.83172869699996 ], [ 100.26558355800006, -2.823817018999932 ], [ 100.271804944000053, -2.818704840999942 ] ] ], [ [ [ 100.280537687000049, -2.824672641999939 ], [ 100.280659745000037, -2.824484464999955 ], [ 100.280595279000067, -2.824741526999958 ], [ 100.280537687000049, -2.824672641999939 ] ] ], [ [ [ 100.275725124000076, -2.823602330999961 ], [ 100.275786054000037, -2.823351187999947 ], [ 100.275919243000033, -2.823692718999951 ], [ 100.275725124000076, -2.823602330999961 ] ] ], [ [ [ 100.264739921000057, -2.82136784599993 ], [ 100.26506921400005, -2.821142403999943 ], [ 100.26521361600004, -2.821566197999971 ], [ 100.264739921000057, -2.82136784599993 ] ] ], [ [ [ 100.279109553000069, -2.82154408599996 ], [ 100.279005971000061, -2.820365802999959 ], [ 100.279673338000066, -2.821982226999978 ], [ 100.279109553000069, -2.82154408599996 ] ] ], [ [ [ 100.265730100000042, -2.820714020999958 ], [ 100.266045507000058, -2.82048289599993 ], [ 100.26604853300006, -2.820918530999961 ], [ 100.265730100000042, -2.820714020999958 ] ] ], [ [ [ 100.269378550000056, -2.816571735999958 ], [ 100.269746850000047, -2.81599437899996 ], [ 100.269869611000047, -2.816585724999925 ], [ 100.269378550000056, -2.816571735999958 ] ] ], [ [ [ 100.267190279000033, -2.811230026999965 ], [ 100.26641829600004, -2.810840536999933 ], [ 100.26696755100005, -2.810166691999939 ], [ 100.267190279000033, -2.811230026999965 ] ] ], [ [ [ 100.256645401000071, -2.810892918999969 ], [ 100.256866762000072, -2.810156739999968 ], [ 100.257188724000059, -2.810755209999968 ], [ 100.256645401000071, -2.810892918999969 ] ] ], [ [ [ 100.249507595000068, -2.807018266999933 ], [ 100.249722448000057, -2.80641615899998 ], [ 100.250153705000059, -2.806673114999967 ], [ 100.249507595000068, -2.807018266999933 ] ] ], [ [ [ 100.258897053000055, -2.806714663999969 ], [ 100.259015054000088, -2.806563531999927 ], [ 100.259074053000063, -2.806890260999978 ], [ 100.258897053000055, -2.806714663999969 ] ] ], [ [ [ 100.252994136000041, -2.804508384999963 ], [ 100.253546889000063, -2.80391773499997 ], [ 100.25356369900004, -2.804532563999942 ], [ 100.252994136000041, -2.804508384999963 ] ] ], [ [ [ 100.260518490000038, -2.803648866999936 ], [ 100.260134278000066, -2.802953330999969 ], [ 100.260828706000041, -2.804039812999974 ], [ 100.260518490000038, -2.803648866999936 ] ] ], [ [ [ 100.256106209000052, -2.801259542999958 ], [ 100.256044165000048, -2.802859284999954 ], [ 100.254124984000043, -2.803820448999943 ], [ 100.254499744000043, -2.801537612999937 ], [ 100.256106209000052, -2.801259542999958 ] ] ], [ [ [ 100.259703017000049, -2.801715368999965 ], [ 100.259349926000084, -2.802918849999969 ], [ 100.258958858000085, -2.801109114999974 ], [ 100.259703017000049, -2.801715368999965 ] ] ], [ [ [ 100.256374071000039, -2.79968198399996 ], [ 100.257939738000061, -2.801292442999966 ], [ 100.255502971000055, -2.800434318999976 ], [ 100.256374071000039, -2.79968198399996 ] ] ], [ [ [ 100.198154233000082, -2.793847453999945 ], [ 100.197933662000082, -2.793196106999972 ], [ 100.198387726000078, -2.793350664999934 ], [ 100.198154233000082, -2.793847453999945 ] ] ], [ [ [ 100.198677294000049, -2.780759314999955 ], [ 100.199212532000047, -2.780776858999957 ], [ 100.198983344000055, -2.78096703999995 ], [ 100.198677294000049, -2.780759314999955 ] ] ], [ [ [ 100.196484699000052, -2.778536450999979 ], [ 100.196731960000079, -2.778427656999952 ], [ 100.196700668000062, -2.778617636999968 ], [ 100.196484699000052, -2.778536450999979 ] ] ], [ [ [ 100.226945409000052, -2.776557714999967 ], [ 100.223557952000078, -2.77852539099996 ], [ 100.223817353000072, -2.775337782999941 ], [ 100.226945409000052, -2.776557714999967 ] ] ], [ [ [ 100.21902013600004, -2.754399187999979 ], [ 100.218821735000063, -2.753897391999942 ], [ 100.219145510000033, -2.753851833999931 ], [ 100.21902013600004, -2.754399187999979 ] ] ], [ [ [ 100.455816180000056, -3.284137519999945 ], [ 100.455623444000082, -3.284287425999935 ], [ 100.456858384000043, -3.290811907999966 ], [ 100.452132857000038, -3.285215889999961 ], [ 100.454281428000058, -3.284051859999977 ], [ 100.455816180000056, -3.284137519999945 ] ] ], [ [ [ 100.432673340000065, -3.256276103999937 ], [ 100.438900548000049, -3.260695731999931 ], [ 100.440493003000086, -3.26952306499993 ], [ 100.432673340000065, -3.256276103999937 ] ] ], [ [ [ 100.431399805000069, -3.246135229999936 ], [ 100.430631688000062, -3.245020443999977 ], [ 100.431615805000035, -3.24569422899998 ], [ 100.431399805000069, -3.246135229999936 ] ] ], [ [ [ 100.421812591000048, -3.23504283699998 ], [ 100.42231552700008, -3.234189483999955 ], [ 100.422354850000033, -3.234803983999939 ], [ 100.421812591000048, -3.23504283699998 ] ] ], [ [ [ 100.356567861000087, -3.228727884999955 ], [ 100.355438271000082, -3.228563795999946 ], [ 100.355615861000047, -3.228256884999951 ], [ 100.356567861000087, -3.228727884999955 ] ] ], [ [ [ 100.408936288000064, -3.222698703999924 ], [ 100.41679240600007, -3.223521355999935 ], [ 100.421063787000037, -3.234591876999957 ], [ 100.409753163000062, -3.230393315999947 ], [ 100.408936288000064, -3.222698703999924 ] ] ], [ [ [ 100.359341719000042, -3.228437929999927 ], [ 100.359808757000053, -3.22720970499995 ], [ 100.360844307000036, -3.227608719999978 ], [ 100.359341719000042, -3.228437929999927 ] ] ], [ [ [ 100.357425396000053, -3.223814041999958 ], [ 100.358499723000079, -3.223449983999956 ], [ 100.358631783000078, -3.223749796999925 ], [ 100.357425396000053, -3.223814041999958 ] ] ], [ [ [ 100.355755015000057, -3.223560628999962 ], [ 100.356979247000083, -3.222675469999956 ], [ 100.357155764000083, -3.223873398999956 ], [ 100.355755015000057, -3.223560628999962 ] ] ], [ [ [ 100.400155924000046, -3.22249345299997 ], [ 100.399986134000073, -3.221213688999967 ], [ 100.40069443200008, -3.222468288999949 ], [ 100.400155924000046, -3.22249345299997 ] ] ], [ [ [ 100.446459640000057, -3.208915789999935 ], [ 100.457554530000039, -3.207442111999967 ], [ 100.462937975000045, -3.221075330999952 ], [ 100.446459640000057, -3.208915789999935 ] ] ], [ [ [ 100.39944511200008, -3.200773012999946 ], [ 100.408283372000085, -3.211350496999955 ], [ 100.403764927000054, -3.218742543999952 ], [ 100.391584563000038, -3.203104614999972 ], [ 100.39944511200008, -3.200773012999946 ] ] ], [ [ [ 100.405279413000073, -3.177464610999948 ], [ 100.405592298000045, -3.178764935999936 ], [ 100.404567033000035, -3.178005258999974 ], [ 100.405279413000073, -3.177464610999948 ] ] ], [ [ [ 100.412668684000039, -3.179023685999937 ], [ 100.410412802000053, -3.176322884999934 ], [ 100.411528401000055, -3.174669125999969 ], [ 100.412668684000039, -3.179023685999937 ] ] ], [ [ [ 100.374694172000034, -3.168530602999965 ], [ 100.374444340000082, -3.167358288999935 ], [ 100.375298890000067, -3.168006720999927 ], [ 100.374694172000034, -3.168530602999965 ] ] ], [ [ [ 100.403238946000045, -3.16650010099994 ], [ 100.400429898000084, -3.167014533999975 ], [ 100.400174069000059, -3.165134319999936 ], [ 100.403238946000045, -3.16650010099994 ] ] ], [ [ [ 100.427106956000046, -3.164629221999974 ], [ 100.426707956000087, -3.165161221999938 ], [ 100.426501956000038, -3.165095221999934 ], [ 100.427106956000046, -3.164629221999974 ] ] ], [ [ [ 100.398772759000053, -3.165222013999937 ], [ 100.396506325000075, -3.163842681999938 ], [ 100.39739529600007, -3.162558710999974 ], [ 100.398772759000053, -3.165222013999937 ] ] ], [ [ [ 100.387510519000045, -3.163378215999956 ], [ 100.387715748000062, -3.162668054999926 ], [ 100.387867482000047, -3.163382375999959 ], [ 100.387510519000045, -3.163378215999956 ] ] ], [ [ [ 100.392519839000045, -3.157865951999952 ], [ 100.392631905000087, -3.157251398999961 ], [ 100.392796645000033, -3.157941686999948 ], [ 100.392519839000045, -3.157865951999952 ] ] ], [ [ [ 100.439396093000084, -3.156387751999944 ], [ 100.440050747000043, -3.156942379999975 ], [ 100.438717803000031, -3.157782629999929 ], [ 100.439396093000084, -3.156387751999944 ] ] ], [ [ [ 100.457779623000079, -3.048356814999977 ], [ 100.457787046000078, -3.04752855299995 ], [ 100.458000518000063, -3.047551867999971 ], [ 100.457779623000079, -3.048356814999977 ] ] ], [ [ [ 100.456389743000045, -3.044899803999954 ], [ 100.456259532000047, -3.043301421999956 ], [ 100.457123671000033, -3.04308352399994 ], [ 100.456389743000045, -3.044899803999954 ] ] ], [ [ [ 100.45257158000004, -3.043529573999933 ], [ 100.452100568000048, -3.042453053999964 ], [ 100.452759884000045, -3.042293382999958 ], [ 100.45257158000004, -3.043529573999933 ] ] ], [ [ [ 100.452614277000066, -3.041943823999929 ], [ 100.452998363000063, -3.041863914999965 ], [ 100.452667896000037, -3.042139014999975 ], [ 100.452614277000066, -3.041943823999929 ] ] ], [ [ [ 100.454958108000085, -3.042135913999971 ], [ 100.454369817000043, -3.041138942999964 ], [ 100.455484979000062, -3.04189058299994 ], [ 100.454958108000085, -3.042135913999971 ] ] ], [ [ [ 100.453650923000055, -3.039843899999937 ], [ 100.452683554000032, -3.03948687899998 ], [ 100.453286980000087, -3.039029016999962 ], [ 100.453650923000055, -3.039843899999937 ] ] ], [ [ [ 100.457491883000046, -3.03753848499997 ], [ 100.45752529400005, -3.036986992999971 ], [ 100.45768157100008, -3.037336534999952 ], [ 100.457491883000046, -3.03753848499997 ] ] ], [ [ [ 100.456997476000083, -3.036524231999977 ], [ 100.456258482000067, -3.037750441999947 ], [ 100.456578656000033, -3.036166461999926 ], [ 100.456997476000083, -3.036524231999977 ] ] ], [ [ [ 100.456074972000067, -3.036190748999957 ], [ 100.455295330000069, -3.035749789999954 ], [ 100.455738559000054, -3.035208467999951 ], [ 100.456074972000067, -3.036190748999957 ] ] ], [ [ [ 100.455644092000057, -3.034794464999948 ], [ 100.455698424000047, -3.033929672999932 ], [ 100.45558040800006, -3.033457773999942 ], [ 100.455922783000062, -3.034109609999973 ], [ 100.455644092000057, -3.034794464999948 ] ] ], [ [ [ 100.454013307000082, -3.031520156999932 ], [ 100.453764185000068, -3.033565364999959 ], [ 100.454761415000064, -3.035516620999942 ], [ 100.452856916000087, -3.03344857299993 ], [ 100.454013307000082, -3.031520156999932 ] ] ], [ [ [ 100.45110242800007, -3.027028783999981 ], [ 100.45135280900007, -3.025916956999936 ], [ 100.451241185000072, -3.02704790599995 ], [ 100.45110242800007, -3.027028783999981 ] ] ], [ [ [ 100.451811642000052, -3.024268421999977 ], [ 100.451132088000065, -3.025256369999966 ], [ 100.451292773000034, -3.024108196999975 ], [ 100.451811642000052, -3.024268421999977 ] ] ], [ [ [ 100.456729464000034, -3.024374833999957 ], [ 100.456771142000036, -3.024056152999947 ], [ 100.456887209000058, -3.024269980999975 ], [ 100.456729464000034, -3.024374833999957 ] ] ], [ [ [ 100.457065042000067, -3.023443197999939 ], [ 100.457331470000042, -3.023277058999952 ], [ 100.457357389000038, -3.023419287999957 ], [ 100.457065042000067, -3.023443197999939 ] ] ], [ [ [ 100.448828086000049, -3.023142082999925 ], [ 100.449083878000067, -3.02243419399997 ], [ 100.449149313000078, -3.023040955999932 ], [ 100.448828086000049, -3.023142082999925 ] ] ], [ [ [ 100.448483064000072, -3.022142709999969 ], [ 100.449125519000063, -3.021708457999978 ], [ 100.448871422000082, -3.022303679999936 ], [ 100.448483064000072, -3.022142709999969 ] ] ], [ [ [ 100.457761559000062, -3.02042884399998 ], [ 100.457156162000047, -3.019859427999961 ], [ 100.457750336000061, -3.019905655999935 ], [ 100.457761559000062, -3.02042884399998 ] ] ], [ [ [ 100.438151745000084, -3.004009490999977 ], [ 100.437771814000087, -3.004130353999926 ], [ 100.436880726000084, -3.00284570599996 ], [ 100.438151745000084, -3.004009490999977 ] ] ], [ [ [ 100.434371768000062, -3.002562433999969 ], [ 100.434073332000082, -3.003965197999946 ], [ 100.433563768000056, -3.003778635999936 ], [ 100.434371768000062, -3.002562433999969 ] ] ], [ [ [ 100.431703407000043, -3.002460863999943 ], [ 100.431954010000084, -3.002263739999933 ], [ 100.431988389000082, -3.002391706999958 ], [ 100.431703407000043, -3.002460863999943 ] ] ], [ [ [ 100.432760978000033, -3.001704783999969 ], [ 100.432576682000047, -3.000281636999944 ], [ 100.433344853000051, -3.002046013999973 ], [ 100.432760978000033, -3.001704783999969 ] ] ], [ [ [ 100.428400940000074, -3.000040830999978 ], [ 100.428389244000073, -2.999437585999942 ], [ 100.428880978000052, -3.000035216999947 ], [ 100.428400940000074, -3.000040830999978 ] ] ], [ [ [ 100.432498369000086, -2.996035254999924 ], [ 100.434930654000084, -3.002678239999966 ], [ 100.431044105000069, -2.996353395999961 ], [ 100.432498369000086, -2.996035254999924 ] ] ], [ [ [ 100.428940946000068, -2.999382880999974 ], [ 100.429133467000042, -2.999300993999952 ], [ 100.429115641000067, -2.999439845999973 ], [ 100.428940946000068, -2.999382880999974 ] ] ], [ [ [ 100.427275188000067, -2.998872676999952 ], [ 100.427680949000035, -2.998953407999977 ], [ 100.427611940000077, -2.999280058999943 ], [ 100.427275188000067, -2.998872676999952 ] ] ], [ [ [ 100.424346485000058, -2.981717362999973 ], [ 100.425674830000048, -2.984684627999968 ], [ 100.42287258600004, -2.981572868999933 ], [ 100.424346485000058, -2.981717362999973 ] ] ], [ [ [ 100.779706, -3.566031 ], [ 100.785597, -3.569984 ], [ 100.781254, -3.57302 ], [ 100.779706, -3.566031 ] ] ], [ [ [ 100.637468986000044, -3.467308918999947 ], [ 100.677556369000058, -3.48449157999994 ], [ 100.670076475000087, -3.491369212999928 ], [ 100.645342848000041, -3.487910564999936 ], [ 100.635553401000038, -3.481858749999958 ], [ 100.637468986000044, -3.467308918999947 ] ] ], [ [ [ 100.681973410000069, -3.455409298999939 ], [ 100.678862753000033, -3.454324824999958 ], [ 100.679580508000072, -3.45260615799998 ], [ 100.681973410000069, -3.455409298999939 ] ] ], [ [ [ 100.567814830000032, -3.275460983999949 ], [ 100.565397619000066, -3.266128622999929 ], [ 100.568412881000086, -3.257724176999943 ], [ 100.571959142000082, -3.272129984999935 ], [ 100.567814830000032, -3.275460983999949 ] ] ], [ [ [ 100.524907107000047, -3.244098020999957 ], [ 100.518235807000053, -3.240867047999927 ], [ 100.522823964000054, -3.235016023999947 ], [ 100.524907107000047, -3.244098020999957 ] ] ], [ [ [ 100.49059771900005, -3.229741378999961 ], [ 100.490920731000074, -3.230503986999963 ], [ 100.490367445000061, -3.230099858999949 ], [ 100.49059771900005, -3.229741378999961 ] ] ], [ [ [ 100.476811057000077, -3.209775073999936 ], [ 100.488543746000062, -3.227019988999928 ], [ 100.487066102000085, -3.228591063999943 ], [ 100.476811057000077, -3.209775073999936 ] ] ], [ [ [ 100.501668806000055, -3.209835084999952 ], [ 100.501440634000062, -3.209315382999932 ], [ 100.501708023000049, -3.209813726999926 ], [ 100.501668806000055, -3.209835084999952 ] ] ], [ [ [ 100.511025140000072, -3.206808796999951 ], [ 100.510993662000033, -3.207604268999944 ], [ 100.510648662000051, -3.207319268999925 ], [ 100.511025140000072, -3.206808796999951 ] ] ], [ [ [ 100.481668515000081, -3.204689291999955 ], [ 100.483579540000051, -3.202715183999942 ], [ 100.483445652000057, -3.205143826999972 ], [ 100.481668515000081, -3.204689291999955 ] ] ], [ [ [ 100.501445763000049, -3.199639063999939 ], [ 100.500146809000057, -3.202892628999962 ], [ 100.500068287000033, -3.20648323599994 ], [ 100.49938054100005, -3.201542776999929 ], [ 100.501445763000049, -3.199639063999939 ] ] ], [ [ [ 100.52557427000005, -3.200912935999952 ], [ 100.530720140000085, -3.202683098999955 ], [ 100.524711270000068, -3.201444935999973 ], [ 100.52557427000005, -3.200912935999952 ] ] ], [ [ [ 100.531680354000059, -3.200943474999974 ], [ 100.533277374000079, -3.201977990999978 ], [ 100.531546715000047, -3.201115535999975 ], [ 100.531680354000059, -3.200943474999974 ] ] ], [ [ [ 100.534567679000077, -3.200876585999936 ], [ 100.533628844000077, -3.201546982999957 ], [ 100.533741742000075, -3.200514688999931 ], [ 100.534567679000077, -3.200876585999936 ] ] ], [ [ [ 100.534811301000047, -3.201001172999952 ], [ 100.535328254000035, -3.200461294999968 ], [ 100.535476804000041, -3.201244414999962 ], [ 100.534811301000047, -3.201001172999952 ] ] ], [ [ [ 100.535750136000047, -3.200051936999955 ], [ 100.534846953000056, -3.20011719699994 ], [ 100.534835069000053, -3.199879887999941 ], [ 100.535750136000047, -3.200051936999955 ] ] ], [ [ [ 100.494781321000062, -3.198830784999927 ], [ 100.494641909000052, -3.197430181999948 ], [ 100.495392977000051, -3.19772919199994 ], [ 100.494781321000062, -3.198830784999927 ] ] ], [ [ [ 100.497722139000075, -3.195665412999972 ], [ 100.498197565000055, -3.197197796999944 ], [ 100.496376938000083, -3.196310257999926 ], [ 100.497722139000075, -3.195665412999972 ] ] ], [ [ [ 100.500384218000079, -3.195802413999957 ], [ 100.500492518000044, -3.195523643999934 ], [ 100.500487015000033, -3.195766223999954 ], [ 100.500384218000079, -3.195802413999957 ] ] ], [ [ [ 100.495390267000062, -3.194723145999944 ], [ 100.49522608400008, -3.195072926999956 ], [ 100.494544368000049, -3.194937297999957 ], [ 100.495390267000062, -3.194723145999944 ] ] ], [ [ [ 100.53077588900004, -3.194219909999958 ], [ 100.530547717000047, -3.194533159999935 ], [ 100.529927759000032, -3.193985375999944 ], [ 100.53077588900004, -3.194219909999958 ] ] ], [ [ [ 100.483138177000058, -3.191542391999974 ], [ 100.485520917000088, -3.194188407999945 ], [ 100.483964114000059, -3.194603700999949 ], [ 100.483138177000058, -3.191542391999974 ] ] ], [ [ [ 100.495912354000041, -3.142793221999966 ], [ 100.507644898000081, -3.179351115999964 ], [ 100.518055270000048, -3.183992964999959 ], [ 100.520771950000039, -3.191511007999964 ], [ 100.529977286000076, -3.194429929999956 ], [ 100.530668934000062, -3.19671522699997 ], [ 100.532654748000084, -3.196946603999947 ], [ 100.53421630400004, -3.198459452999941 ], [ 100.534241260000044, -3.199392078999949 ], [ 100.514510382000083, -3.19647152899995 ], [ 100.50987338200008, -3.203647562999947 ], [ 100.491851344000054, -3.185493702999963 ], [ 100.485157728000047, -3.156771578999951 ], [ 100.488965649000079, -3.142838304999941 ], [ 100.495912354000041, -3.142793221999966 ] ] ], [ [ [ 100.506938349000052, -3.167872770999963 ], [ 100.506144521000067, -3.166673178999929 ], [ 100.507078979000084, -3.166430803999958 ], [ 100.506938349000052, -3.167872770999963 ] ] ], [ [ [ 100.504994052000086, -3.163603400999932 ], [ 100.505318948000081, -3.16523405099997 ], [ 100.502826238000068, -3.163663941999971 ], [ 100.504994052000086, -3.163603400999932 ] ] ], [ [ [ 100.473636236000061, -3.128199298999959 ], [ 100.476762847000032, -3.130804808999926 ], [ 100.475392278000072, -3.132567988999938 ], [ 100.473636236000061, -3.128199298999959 ] ] ], [ [ [ 100.465016084000069, -3.086277945999939 ], [ 100.471929267000064, -3.086856452999939 ], [ 100.471213578000061, -3.089472557999954 ], [ 100.465016084000069, -3.086277945999939 ] ] ], [ [ [ 100.466522726000051, -3.058204424999929 ], [ 100.466960234000055, -3.05816949299998 ], [ 100.46663417700006, -3.058543289999932 ], [ 100.466522726000051, -3.058204424999929 ] ] ], [ [ [ 100.461228420000054, -3.051208066999948 ], [ 100.461226945000078, -3.050115892999941 ], [ 100.461527996000086, -3.050190584999939 ], [ 100.461228420000054, -3.051208066999948 ] ] ], [ [ [ 100.458258378000039, -3.047253259999934 ], [ 100.458440578000079, -3.046240232999935 ], [ 100.458927734000042, -3.046619368999927 ], [ 100.458258378000039, -3.047253259999934 ] ] ], [ [ [ 100.458298366000065, -3.038893485999949 ], [ 100.461273848000076, -3.04057598199995 ], [ 100.463078136000036, -3.047441953999964 ], [ 100.459500257000059, -3.050161161999938 ], [ 100.458298366000065, -3.038893485999949 ] ] ], [ [ [ 100.463684294000075, -3.041106980999928 ], [ 100.46324805900008, -3.042081733999964 ], [ 100.462636927000062, -3.041569738999954 ], [ 100.463684294000075, -3.041106980999928 ] ] ], [ [ [ 100.467477844000086, -3.041651105999961 ], [ 100.468089862000056, -3.041240436999942 ], [ 100.468295015000081, -3.041426834999925 ], [ 100.467477844000086, -3.041651105999961 ] ] ], [ [ [ 100.462758295000071, -3.039284307999935 ], [ 100.463196223000068, -3.039225304999945 ], [ 100.463114425000072, -3.039330256999961 ], [ 100.462758295000071, -3.039284307999935 ] ] ], [ [ [ 100.458971689000066, -3.038040724999973 ], [ 100.458579625000084, -3.036946944999954 ], [ 100.459384786000044, -3.037310619999971 ], [ 100.458971689000066, -3.038040724999973 ] ] ], [ [ [ 100.463793818000056, -3.034683926999946 ], [ 100.461529919000043, -3.030346412999961 ], [ 100.463913113000046, -3.030372101999944 ], [ 100.463793818000056, -3.034683926999946 ] ] ], [ [ [ 100.45970275600007, -3.028709307999975 ], [ 100.460011739000038, -3.029611228999954 ], [ 100.459690872000067, -3.02942728499994 ], [ 100.45970275600007, -3.028709307999975 ] ] ], [ [ [ 100.459684930000037, -3.028584699999954 ], [ 100.45982159600004, -3.028222744999937 ], [ 100.459952319000081, -3.028620302999968 ], [ 100.459684930000037, -3.028584699999954 ] ] ], [ [ [ 100.458464928000069, -3.026205627999957 ], [ 100.458118267000032, -3.025540927999941 ], [ 100.458538904000079, -3.025666949999959 ], [ 100.458464928000069, -3.026205627999957 ] ] ], [ [ [ 100.459388876000048, -3.025197785999978 ], [ 100.459457489000044, -3.024907285999973 ], [ 100.459631957000056, -3.025064598999961 ], [ 100.459388876000048, -3.025197785999978 ] ] ], [ [ [ 100.458822219000069, -3.024741189999929 ], [ 100.458924618000083, -3.024353058999964 ], [ 100.459036124000079, -3.024653896999951 ], [ 100.458822219000069, -3.024741189999929 ] ] ], [ [ [ 100.458325524000088, -3.018303481999965 ], [ 100.468769772000087, -3.020397962999937 ], [ 100.468862571000045, -3.027878987999941 ], [ 100.460362911000061, -3.028390668999975 ], [ 100.458325524000088, -3.018303481999965 ] ] ], [ [ [ 100.45886979900007, -3.02358890499994 ], [ 100.459082710000075, -3.023633294999968 ], [ 100.458895673000086, -3.023697036999977 ], [ 100.45886979900007, -3.02358890499994 ] ] ], [ [ [ 100.458332981000069, -3.022705475999942 ], [ 100.458403152000074, -3.021829456999967 ], [ 100.458521293000047, -3.022720505999928 ], [ 100.458332981000069, -3.022705475999942 ] ] ], [ [ [ 100.461338261000037, -3.018054910999979 ], [ 100.460454713000047, -3.017628135999928 ], [ 100.460306220000064, -3.016778278999936 ], [ 100.461338261000037, -3.018054910999979 ] ] ], [ [ [ 100.458732083000086, -3.015916234999963 ], [ 100.459706270000083, -3.016783790999966 ], [ 100.459645367000064, -3.017593954999938 ], [ 100.458732016000056, -3.01674277799998 ], [ 100.458732083000086, -3.015916234999963 ] ] ] ] } },
{ "type": "Feature", "properties": { "kemendagri_kab_code": 1310, "kemendagri_kab_name": "Kabupaten Dharmasraya", "kemendagri_prov_code": 13, "kemendagri_prov_name": "Sumatera Barat" }, "geometry": { "type": "Polygon", "coordinates": [ [ [ 101.476546, -1.676726 ], [ 101.43692487900006, -1.695865874999924 ], [ 101.429216317000055, -1.683559302999925 ], [ 101.43138545000005, -1.641591585999947 ], [ 101.473002224000084, -1.591779949999932 ], [ 101.509729204000053, -1.57302027999998 ], [ 101.525790566000069, -1.528865811999935 ], [ 101.540881108000065, -1.514178588999926 ], [ 101.527311043000054, -1.484996878999937 ], [ 101.557367204000059, -1.46235749799996 ], [ 101.560690901000044, -1.444251902999952 ], [ 101.582155239000087, -1.44767027499995 ], [ 101.609373894000043, -1.437344603999975 ], [ 101.626381092000088, -1.412777859999949 ], [ 101.672116712000047, -1.388603725999928 ], [ 101.646497160000081, -1.367432897999947 ], [ 101.596860215000049, -1.348887984999976 ], [ 101.586970081000061, -1.32532552899994 ], [ 101.55125318100005, -1.324932916999956 ], [ 101.542330203000063, -1.333855895999932 ], [ 101.515047303000074, -1.337689206999926 ], [ 101.525683494000077, -1.304245882999965 ], [ 101.469170439000038, -1.281924411999967 ], [ 101.467774489000078, -1.258949525999981 ], [ 101.447116009000069, -1.241299873999935 ], [ 101.450146253000071, -1.21098791999998 ], [ 101.433099795000032, -1.20641935499998 ], [ 101.410780451000051, -1.184123804999956 ], [ 101.402864301000079, -1.150543849999963 ], [ 101.441163868000046, -1.086530399999958 ], [ 101.440307263000079, -1.059211808999976 ], [ 101.460080584000082, -1.030628533999959 ], [ 101.453596553000068, -1.010974185999942 ], [ 101.428903697000067, -1.004710253999974 ], [ 101.403842023000038, -1.038027466999949 ], [ 101.376280726000061, -1.047621452999977 ], [ 101.344315048000055, -1.04357398999997 ], [ 101.348669461000043, -1.060135037999942 ], [ 101.340024879000055, -1.080393768999954 ], [ 101.350713924000047, -1.131462642999963 ], [ 101.299491654000064, -1.143620086999931 ], [ 101.29011425300007, -1.174311819999957 ], [ 101.263267739000071, -1.166714441999943 ], [ 101.257673356000055, -1.143170681999948 ], [ 101.232327597000051, -1.151063738999937 ], [ 101.197960777000048, -1.107044735999978 ], [ 101.166598967000084, -1.102765997999938 ], [ 101.174333035000075, -1.097496512999953 ], [ 101.158241780000083, -1.071132795999972 ], [ 101.165592777000086, -1.055497812999931 ], [ 101.142314722000037, -1.037042389999954 ], [ 101.183946130000038, -1.029856519999953 ], [ 101.182504334000043, -1.006128689999969 ], [ 101.204545882000048, -0.967684160999966 ], [ 101.190991698000062, -0.951247513999931 ], [ 101.208205041000042, -0.946406644999968 ], [ 101.209908251000058, -0.921799840999938 ], [ 101.232576763000054, -0.93246985299993 ], [ 101.258010032000072, -0.933439220999958 ], [ 101.287376755000082, -0.961953066999968 ], [ 101.293938162000074, -0.952966219999951 ], [ 101.300763611000036, -0.958021943999938 ], [ 101.31091678100006, -0.950965895999957 ], [ 101.325502069000038, -0.966878234999967 ], [ 101.35303764300005, -0.955091789999926 ], [ 101.375982861000068, -0.973183221999932 ], [ 101.396720584000036, -0.97514535199997 ], [ 101.403190298000084, -0.969362171999933 ], [ 101.396212021000053, -0.940378777999967 ], [ 101.420363889000043, -0.927019443999939 ], [ 101.421604806000062, -0.907135805999928 ], [ 101.413380191000044, -0.899300533999963 ], [ 101.425701715000059, -0.900363535999929 ], [ 101.438849441000059, -0.882339729999956 ], [ 101.454087728000047, -0.857705470999974 ], [ 101.454216667000082, -0.834208332999935 ], [ 101.47687250000007, -0.834159166999939 ], [ 101.496636111000043, -0.850713888999962 ], [ 101.504918481000061, -0.838977718999956 ], [ 101.520588917000055, -0.847982638999952 ], [ 101.547750607000069, -0.821133286999952 ], [ 101.590833309000061, -0.847500035999929 ], [ 101.609166674000051, -0.837222262999944 ], [ 101.631570712000041, -0.83686021799997 ], [ 101.647681024000065, -0.82365154799993 ], [ 101.67840443700004, -0.846897895999973 ], [ 101.711111140000071, -0.85861110999997 ], [ 101.713421672000038, -0.869686840999975 ], [ 101.735777344000041, -0.876401023999961 ], [ 101.734542981000061, -0.896487462999971 ], [ 101.715055020000079, -0.908606655999961 ], [ 101.698611077000066, -0.938333321999949 ], [ 101.725434884000038, -0.951444635999962 ], [ 101.743333137000036, -0.949649199999953 ], [ 101.753825215000063, -0.975192080999932 ], [ 101.803375040000049, -0.964093341999956 ], [ 101.823584718000063, -0.977611109999941 ], [ 101.815194400000053, -1.001555555999971 ], [ 101.823222222000084, -1.007361110999966 ], [ 101.819199406000052, -1.030215412999951 ], [ 101.825638889000061, -1.038361110999972 ], [ 101.821532024000078, -1.059174033999966 ], [ 101.828296010000088, -1.067706012999963 ], [ 101.829566992000082, -1.109620274999941 ], [ 101.845475985000064, -1.111867019999977 ], [ 101.844724600000063, -1.102507733999971 ], [ 101.852958456000067, -1.100230542999952 ], [ 101.866376295000066, -1.112019092999958 ], [ 101.876838399000064, -1.093577446999973 ], [ 101.892852807000054, -1.106224341999962 ], [ 101.884760072000063, -1.113084927999978 ], [ 101.884201111000039, -1.134729166999932 ], [ 101.817164835000085, -1.21719732899993 ], [ 101.726743, -1.234798 ], [ 101.71757, -1.260003 ], [ 101.691903, -1.280473 ], [ 101.696384444000046, -1.291818055999954 ], [ 101.68843404200004, -1.300202722999927 ], [ 101.694457, -1.30765 ], [ 101.688468, -1.32439 ], [ 101.673806, -1.326838 ], [ 101.675133, -1.348015 ], [ 101.703781, -1.346849 ], [ 101.711836, -1.336336 ], [ 101.724664, -1.342656 ], [ 101.728177778000088, -1.365234721999968 ], [ 101.694931, -1.394087 ], [ 101.69371, -1.40843 ], [ 101.721802, -1.431095 ], [ 101.700515, -1.454874 ], [ 101.69108, -1.489932 ], [ 101.679806389000078, -1.498057221999943 ], [ 101.656161960000077, -1.498423835999972 ], [ 101.656311129000073, -1.512290319999977 ], [ 101.642164469000079, -1.51257794199995 ], [ 101.641764685000055, -1.52055945799998 ], [ 101.622762778000038, -1.527015277999965 ], [ 101.619277222000051, -1.544902221999962 ], [ 101.588037, -1.577344 ], [ 101.567581906000044, -1.579257405999954 ], [ 101.523253333000071, -1.636096110999972 ], [ 101.489986258000044, -1.645815436999953 ], [ 101.476546, -1.676726 ] ] ] } },
{ "type": "Feature", "properties": { "kemendagri_kab_code": 1311, "kemendagri_kab_name": "Kabupaten Solok Selatan", "kemendagri_prov_code": 13, "kemendagri_prov_name": "Sumatera Barat" }, "geometry": { "type": "Polygon", "coordinates": [ [ [ 101.426630556000077, -1.677536110999938 ], [ 101.411059854000086, -1.672682852999969 ], [ 101.395380556000077, -1.689975 ], [ 101.373188889000062, -1.675272221999933 ], [ 101.336502778000067, -1.680705555999964 ], [ 101.330562827000051, -1.695215841999925 ], [ 101.310422803000051, -1.700952732999951 ], [ 101.266691151000032, -1.695770874999937 ], [ 101.242270881000081, -1.721059370999967 ], [ 101.22623410500006, -1.718405940999958 ], [ 101.215948052000044, -1.725083397999924 ], [ 101.196771996000052, -1.710155879999945 ], [ 101.191011118000063, -1.676018617999944 ], [ 101.169177264000041, -1.710604866999972 ], [ 101.122347734000073, -1.675448606999964 ], [ 101.065378288000034, -1.657877275999965 ], [ 101.059355506000088, -1.643369649999954 ], [ 101.065328861000069, -1.635330457999942 ], [ 101.017399873000045, -1.606004541999937 ], [ 101.013047331000053, -1.588211352999963 ], [ 101.020304198000076, -1.565444377999938 ], [ 100.98323786800006, -1.527809138999942 ], [ 100.976207742000042, -1.483079614999951 ], [ 100.94151267400008, -1.471069473999933 ], [ 100.934794535000037, -1.460097594999979 ], [ 100.937112651000064, -1.424687181999957 ], [ 100.916756273000033, -1.401421424999967 ], [ 100.894074746000058, -1.393350295999937 ], [ 100.896624700000075, -1.377950832999943 ], [ 100.906529588000069, -1.370576462999963 ], [ 100.888147405000041, -1.337788331999946 ], [ 100.894695181000031, -1.332693163999977 ], [ 100.894626965000043, -1.304024998999978 ], [ 100.916770018000079, -1.288427013999978 ], [ 100.941934984000056, -1.284543955999936 ], [ 100.973024979000058, -1.298550021999972 ], [ 100.980643999000051, -1.312884974999974 ], [ 101.000055978000034, -1.306249962999971 ], [ 101.004642974000035, -1.258765958999959 ], [ 101.027317029000073, -1.275353036999945 ], [ 101.074509981000062, -1.284399026999949 ], [ 101.094617003000053, -1.301617026999963 ], [ 101.121812998000053, -1.293344974999968 ], [ 101.171505007000064, -1.303770963999966 ], [ 101.187091004000081, -1.295326983999928 ], [ 101.191997998000033, -1.280694008999944 ], [ 101.205687968000063, -1.292905018999932 ], [ 101.215391998000086, -1.281723955999951 ], [ 101.240854971000033, -1.295066023999937 ], [ 101.248593029000062, -1.286612989999981 ], [ 101.252654969000048, -1.291528980999942 ], [ 101.262572025000054, -1.263106026999935 ], [ 101.231409964000079, -1.248995989999969 ], [ 101.245070974000043, -1.213411027999939 ], [ 101.211654994000071, -1.164534010999944 ], [ 101.19769302900005, -1.161964987999966 ], [ 101.176895032000061, -1.135193970999978 ], [ 101.166598967000084, -1.102765997999938 ], [ 101.197960777000048, -1.107044735999978 ], [ 101.232327597000051, -1.151063738999937 ], [ 101.257673356000055, -1.143170681999948 ], [ 101.263267739000071, -1.166714441999943 ], [ 101.292744643000049, -1.174079912999957 ], [ 101.299491654000064, -1.143620086999931 ], [ 101.350713924000047, -1.131462642999963 ], [ 101.340024879000055, -1.080393768999954 ], [ 101.348669461000043, -1.060135037999942 ], [ 101.344315048000055, -1.04357398999997 ], [ 101.376280726000061, -1.047621452999977 ], [ 101.403842023000038, -1.038027466999949 ], [ 101.431925612000043, -1.004615075999936 ], [ 101.453596553000068, -1.010974185999942 ], [ 101.460080584000082, -1.030628533999959 ], [ 101.44109248500007, -1.057320136999977 ], [ 101.441163868000046, -1.086530399999958 ], [ 101.413486215000034, -1.123703529999943 ], [ 101.403035622000061, -1.159909407999976 ], [ 101.420488651000085, -1.194807584999978 ], [ 101.450146253000071, -1.21098791999998 ], [ 101.447116009000069, -1.241299873999935 ], [ 101.467774489000078, -1.258949525999981 ], [ 101.468605317000083, -1.281329546999928 ], [ 101.525683494000077, -1.304245882999965 ], [ 101.515047303000074, -1.337689206999926 ], [ 101.542330203000063, -1.333855895999932 ], [ 101.55125318100005, -1.324932916999956 ], [ 101.586970081000061, -1.32532552899994 ], [ 101.596860215000049, -1.348887984999976 ], [ 101.646497160000081, -1.367432897999947 ], [ 101.672366555000053, -1.389353255999936 ], [ 101.657139793000056, -1.391304651999974 ], [ 101.65354977700008, -1.400203597999962 ], [ 101.626381092000088, -1.412777859999949 ], [ 101.609373894000043, -1.437344603999975 ], [ 101.582155239000087, -1.44767027499995 ], [ 101.560690901000044, -1.444251902999952 ], [ 101.557367204000059, -1.46235749799996 ], [ 101.526989815000036, -1.485782100999927 ], [ 101.540881108000065, -1.514178588999926 ], [ 101.525790566000069, -1.528865811999935 ], [ 101.509729204000053, -1.57302027999998 ], [ 101.48712908400006, -1.58008727899994 ], [ 101.440950884000074, -1.626993592999952 ], [ 101.43138545000005, -1.641591585999947 ], [ 101.426630556000077, -1.677536110999938 ] ] ] } },
{ "type": "Feature", "properties": { "kemendagri_kab_code": 1312, "kemendagri_kab_name": "Kabupaten Pasaman Barat", "kemendagri_prov_code": 13, "kemendagri_prov_name": "Sumatera Barat" }, "geometry": { "type": "MultiPolygon", "coordinates": [ [ [ [ 99.294743599000071, 0.142888212000059 ], [ 99.292291307000085, 0.139680500000054 ], [ 99.293921960000034, 0.144221040000048 ], [ 99.294743599000071, 0.142888212000059 ] ] ], [ [ [ 99.279175010000074, 0.17347103000003 ], [ 99.282743018000076, 0.176831604000029 ], [ 99.283976, 0.171699 ], [ 99.279175010000074, 0.17347103000003 ] ] ], [ [ [ 99.296613649000051, 0.186412541000038 ], [ 99.299147775000051, 0.185317988000065 ], [ 99.296809664000079, 0.184585775000073 ], [ 99.296613649000051, 0.186412541000038 ] ] ], [ [ [ 99.26199815700005, 0.201652122000041 ], [ 99.261685258000057, 0.201943606000043 ], [ 99.261863718000086, 0.202043543000059 ], [ 99.26199815700005, 0.201652122000041 ] ] ], [ [ [ 99.288394192000055, 0.227559460000066 ], [ 99.296470730000067, 0.215882026000031 ], [ 99.292229933000044, 0.208944983000038 ], [ 99.279726481000068, 0.219217073000038 ], [ 99.288394192000055, 0.227559460000066 ] ] ], [ [ [ 99.191726170000038, 0.23425652800006 ], [ 99.191025657000068, 0.234430704000033 ], [ 99.191182, 0.234764 ], [ 99.191726170000038, 0.23425652800006 ] ] ], [ [ [ 99.191401508000069, 0.246643391000021 ], [ 99.190903249000087, 0.247051706000036 ], [ 99.191691327000058, 0.247240160000047 ], [ 99.191401508000069, 0.246643391000021 ] ] ], [ [ [ 99.751555628000062, -0.148682829999927 ], [ 99.750756129000081, -0.147788151999976 ], [ 99.751274852000051, -0.147255152999946 ], [ 99.751555628000062, -0.148682829999927 ] ] ], [ [ [ 99.752235245000065, -0.147918503999961 ], [ 99.751957324000045, -0.147874721999926 ], [ 99.752092478000066, -0.147623450999959 ], [ 99.752235245000065, -0.147918503999961 ] ] ], [ [ [ 99.362421524000069, 0.125104087000068 ], [ 99.359730592000062, 0.12509503900003 ], [ 99.361883333000037, 0.12655 ], [ 99.362421524000069, 0.125104087000068 ] ] ], [ [ [ 99.542604, 0.518143 ], [ 99.574501, 0.509018 ], [ 99.640635725000038, 0.545922175000044 ], [ 99.665375, 0.516177 ], [ 99.660556, 0.503611 ], [ 99.676772499000037, 0.472732575000066 ], [ 99.699237, 0.469145 ], [ 99.717817, 0.451362 ], [ 99.741944, 0.478333 ], [ 99.778697, 0.481926 ], [ 99.826944446000084, 0.459444440000027 ], [ 99.823562498000058, 0.418434620000028 ], [ 99.794748705000075, 0.412312296000039 ], [ 99.767772997000066, 0.421076 ], [ 99.772063791000051, 0.400089643000058 ], [ 99.749347584000077, 0.401439014000061 ], [ 99.743672409000055, 0.382199046000039 ], [ 99.776838556000087, 0.358596448000071 ], [ 99.752415277000068, 0.333002671000031 ], [ 99.756583675000059, 0.31744234100006 ], [ 99.763862002000053, 0.311887250000041 ], [ 99.786552463000078, 0.320913928000039 ], [ 99.795306001000085, 0.299472004000052 ], [ 99.832559703000072, 0.308308697000029 ], [ 99.849499996000077, 0.302333330000067 ], [ 99.846641194000085, 0.315526540000064 ], [ 99.85786491500005, 0.319831649000037 ], [ 99.87500086700004, 0.319025076000059 ], [ 99.884219561000066, 0.310032334000027 ], [ 99.915553277000072, 0.314218019000066 ], [ 99.922777778000068, 0.293361111000024 ], [ 99.964864353000053, 0.288721868000039 ], [ 99.977335556000071, 0.27972003900004 ], [ 99.980391280000049, 0.28736363400003 ], [ 100.022503020000045, 0.248860731000036 ], [ 100.041944449000084, 0.253111108000041 ], [ 100.051555556000039, 0.236611108000034 ], [ 100.060599418000038, 0.244187887000066 ], [ 100.063613541000052, 0.149698020000073 ], [ 100.042363537000085, 0.152060003000031 ], [ 100.039667038000061, 0.131607549000023 ], [ 100.022306541000034, 0.107691008000074 ], [ 99.98064035200008, 0.070775744000059 ], [ 99.997918736000088, 0.036916449000046 ], [ 100.036472224000079, 0.009527776000027 ], [ 100.028091285000073, 0.005391325000062 ], [ 100.023970441000074, -0.023720946999958 ], [ 100.038720927000043, -0.037302517999933 ], [ 100.029811471000073, -0.06077655799993 ], [ 100.035983535000071, -0.069286106999925 ], [ 100.01094373400008, -0.068088081999974 ], [ 100.017898652000042, -0.09079901299998 ], [ 99.982454333000078, -0.139367332999939 ], [ 99.985589765000043, -0.14727462299993 ], [ 99.993926723000072, -0.141938928999934 ], [ 99.987289489000034, -0.158883841999966 ], [ 99.805475043000058, -0.181949585999973 ], [ 99.787805480000031, -0.182171728999947 ], [ 99.787814440000034, -0.173228059999929 ], [ 99.770622012000047, -0.175828937999938 ], [ 99.7475, -0.13963 ], [ 99.762510666000082, -0.078458672999943 ], [ 99.75352, -0.047084 ], [ 99.734747, -0.024438 ], [ 99.692356038000071, 0.00099010100007 ], [ 99.617964377000078, 0.065809385000023 ], [ 99.471292399000049, 0.134519769000065 ], [ 99.398331228000075, 0.151107585000034 ], [ 99.38711315200004, 0.173677692000069 ], [ 99.392330797000056, 0.186412636000057 ], [ 99.373817240000051, 0.190100693000034 ], [ 99.377169, 0.207006 ], [ 99.358873874000039, 0.215579021000053 ], [ 99.361415824000062, 0.227145349000068 ], [ 99.352996988000086, 0.232348241000068 ], [ 99.327008321000051, 0.238337561000037 ], [ 99.28582325900004, 0.229062164000027 ], [ 99.267500873000074, 0.222269738000023 ], [ 99.263140083000053, 0.201884818000053 ], [ 99.243382875000066, 0.216555131000064 ], [ 99.236646982000082, 0.207319442000028 ], [ 99.232843707000086, 0.215248813000073 ], [ 99.220958115000087, 0.210168202000034 ], [ 99.209740981000039, 0.215709410000045 ], [ 99.20376454400008, 0.232947046000049 ], [ 99.191730019000033, 0.235641779000048 ], [ 99.192841057000066, 0.251662579000026 ], [ 99.190649167000061, 0.253905167000028 ], [ 99.178462098000068, 0.249858274000076 ], [ 99.182684834000042, 0.239653686000054 ], [ 99.167151126000078, 0.228176375000032 ], [ 99.175095, 0.249447 ], [ 99.196143, 0.271953 ], [ 99.187293, 0.292269 ], [ 99.193663, 0.311628 ], [ 99.223494, 0.329261 ], [ 99.241666, 0.328289 ], [ 99.246082438000087, 0.338236266000024 ], [ 99.262753, 0.34459 ], [ 99.316666596000061, 0.333888835000039 ], [ 99.349907, 0.385073 ], [ 99.365998, 0.431547 ], [ 99.41198, 0.486261 ], [ 99.438537, 0.477589 ], [ 99.476389, 0.526111 ], [ 99.51918, 0.551981 ], [ 99.51252, 0.537931 ], [ 99.542604, 0.518143 ] ] ], [ [ [ 99.312083333000032, 0.194616667000048 ], [ 99.312133990000063, 0.184506980000037 ], [ 99.304366377000065, 0.181408917000056 ], [ 99.305516667000063, 0.1921 ], [ 99.312083333000032, 0.194616667000048 ] ] ], [ [ [ 99.300235788000066, 0.223772863000022 ], [ 99.301681021000036, 0.224308608000058 ], [ 99.301902560000087, 0.223465805000046 ], [ 99.300235788000066, 0.223772863000022 ] ] ] ] } },
{ "type": "Feature", "properties": { "kemendagri_kab_code": 1371, "kemendagri_kab_name": "Kota Padang", "kemendagri_prov_code": 13, "kemendagri_prov_name": "Sumatera Barat" }, "geometry": { "type": "MultiPolygon", "coordinates": [ [ [ [ 100.174262801000054, -1.135802598999931 ], [ 100.172371129000055, -1.136998277999965 ], [ 100.171960672000068, -1.13690547899995 ], [ 100.174262801000054, -1.135802598999931 ] ] ], [ [ [ 100.171532369000033, -1.134960268999976 ], [ 100.170825669000067, -1.136195209999926 ], [ 100.17090419200008, -1.136587820999978 ], [ 100.170750716000043, -1.136145240999952 ], [ 100.171532369000033, -1.134960268999976 ] ] ], [ [ [ 100.338615057000084, -1.123277238999947 ], [ 100.337981543000069, -1.123078291999946 ], [ 100.338698273000034, -1.122996168999975 ], [ 100.338615057000084, -1.123277238999947 ] ] ], [ [ [ 100.297859031000087, -1.076351392999925 ], [ 100.296350850000067, -1.075380512999971 ], [ 100.297546202000035, -1.074118681999948 ], [ 100.297859031000087, -1.076351392999925 ] ] ], [ [ [ 100.176546, -1.038904 ], [ 100.171109, -1.037558 ], [ 100.171804, -1.034728 ], [ 100.176546, -1.038904 ] ] ], [ [ [ 100.210519741000041, -0.983414569999979 ], [ 100.206626723000056, -0.983314564999944 ], [ 100.207786869000074, -0.981237239999928 ], [ 100.210519741000041, -0.983414569999979 ] ] ], [ [ [ 100.231197187000078, -0.956424048999963 ], [ 100.229832288000068, -0.956120287999966 ], [ 100.230694959000061, -0.955383322999978 ], [ 100.231197187000078, -0.956424048999963 ] ] ], [ [ [ 100.23601168600004, -0.954730524999945 ], [ 100.235370891000059, -0.95430126399998 ], [ 100.235665174000076, -0.953949296999951 ], [ 100.23601168600004, -0.954730524999945 ] ] ], [ [ [ 100.141793071000052, -0.950262475999978 ], [ 100.13812144700006, -0.948602717999961 ], [ 100.141300114000046, -0.947677097999929 ], [ 100.141793071000052, -0.950262475999978 ] ] ], [ [ [ 100.206043366000074, -0.875307187999965 ], [ 100.204427957000064, -0.873933388999944 ], [ 100.205677815000058, -0.873733084999969 ], [ 100.206043366000074, -0.875307187999965 ] ] ], [ [ [ 100.302757780000036, -0.859260286999927 ], [ 100.301197349000063, -0.858176197999967 ], [ 100.302938462000043, -0.858318552999947 ], [ 100.302757780000036, -0.859260286999927 ] ] ], [ [ [ 100.351342774000045, -1.133275782999931 ], [ 100.351225509000074, -1.124406566999937 ], [ 100.355786157000068, -1.123476774999972 ], [ 100.355028727000047, -1.128135473999976 ], [ 100.351342774000045, -1.133275782999931 ] ] ], [ [ [ 100.342440922000037, -1.123118933999933 ], [ 100.339119633000053, -1.122851222999941 ], [ 100.341183533000049, -1.11980687199997 ], [ 100.342440922000037, -1.123118933999933 ] ] ], [ [ [ 100.381444157000033, -1.118534094999973 ], [ 100.379883436000057, -1.119536436999965 ], [ 100.38028360900006, -1.118551611999976 ], [ 100.381444157000033, -1.118534094999973 ] ] ], [ [ [ 100.356508893000068, -1.119335289999924 ], [ 100.355923553000082, -1.119320141999935 ], [ 100.356626512000048, -1.119182072999934 ], [ 100.356508893000068, -1.119335289999924 ] ] ], [ [ [ 100.36740609900005, -1.116460380999968 ], [ 100.369793845000061, -1.120247434999953 ], [ 100.36464667000007, -1.117212958999971 ], [ 100.36740609900005, -1.116460380999968 ] ] ], [ [ [ 100.397010453000064, -1.042086096999981 ], [ 100.396875050000062, -1.041699953999967 ], [ 100.397265040000036, -1.041740932999971 ], [ 100.397010453000064, -1.042086096999981 ] ] ], [ [ [ 100.36311597200006, -1.01931910899998 ], [ 100.362285306000047, -1.018607770999949 ], [ 100.362890385000071, -1.018409352999925 ], [ 100.36311597200006, -1.01931910899998 ] ] ], [ [ [ 100.337303959000053, -0.99082894999998 ], [ 100.341689147000068, -0.994090942999946 ], [ 100.337701132000063, -0.996299205999946 ], [ 100.337303959000053, -0.99082894999998 ] ] ], [ [ [ 100.354677370000047, -0.989858765999941 ], [ 100.353798060000088, -0.991657281999949 ], [ 100.352292183000031, -0.991873247999933 ], [ 100.354677370000047, -0.989858765999941 ] ] ], [ [ [ 100.50520503000007, -0.75324397199995 ], [ 100.510384026000054, -0.794950015999973 ], [ 100.524635032000049, -0.789916990999927 ], [ 100.544937, -0.812085 ], [ 100.54970598500006, -0.827399016999948 ], [ 100.535477033000063, -0.846974044999968 ], [ 100.54215997700004, -0.859452983999972 ], [ 100.555635983000059, -0.859971018999943 ], [ 100.565583011000058, -0.902717028999973 ], [ 100.539388991000067, -0.957802027999946 ], [ 100.527098235000039, -0.964799782999933 ], [ 100.525186734000044, -1.000198230999956 ], [ 100.477425003000064, -1.004505055999971 ], [ 100.425337806000073, -1.072407860999931 ], [ 100.420630244000051, -1.102330645999928 ], [ 100.431948528000078, -1.115821943999947 ], [ 100.396783972000037, -1.133820860999947 ], [ 100.360287588000062, -1.133235053999954 ], [ 100.374481167000056, -1.119940221999968 ], [ 100.382675154000083, -1.129068522999944 ], [ 100.388375426000039, -1.124454061999927 ], [ 100.371742274000042, -1.102481027999943 ], [ 100.364423704000046, -1.075682615999938 ], [ 100.381355861000031, -1.063534068999957 ], [ 100.389038048000032, -1.077056138999978 ], [ 100.397565112000052, -1.066143237999938 ], [ 100.409126479000065, -1.074718559999951 ], [ 100.414688502000047, -1.059422817999973 ], [ 100.405450507000069, -1.053150056999925 ], [ 100.412643522000053, -1.043160606999948 ], [ 100.398595269000054, -1.029142200999956 ], [ 100.38522146400004, -1.043138172999932 ], [ 100.378310013000032, -1.041241357999979 ], [ 100.391601630000082, -1.009367151999925 ], [ 100.382482354000047, -0.993356590999952 ], [ 100.364697710000087, -1.005664698999965 ], [ 100.359129605000078, -0.976522432999957 ], [ 100.346912809000059, -0.965794520999964 ], [ 100.353152394000062, -0.957501381999975 ], [ 100.341465834000076, -0.882571586999973 ], [ 100.324637566000035, -0.849907985999948 ], [ 100.29106588500008, -0.81663430499998 ], [ 100.297804975000076, -0.805716347999976 ], [ 100.36744255800005, -0.800445938999928 ], [ 100.385379099000033, -0.755616618999966 ], [ 100.457887500000083, -0.726059443999929 ], [ 100.476602974000059, -0.733448992999968 ], [ 100.479274034000071, -0.751768958999946 ], [ 100.50520503000007, -0.75324397199995 ] ] ] ] } },
{ "type": "Feature", "properties": { "kemendagri_kab_code": 1372, "kemendagri_kab_name": "Kota Solok", "kemendagri_prov_code": 13, "kemendagri_prov_name": "Sumatera Barat" }, "geometry": { "type": "Polygon", "coordinates": [ [ [ 100.544773300000088, -0.81488544399997 ], [ 100.541809, -0.806997 ], [ 100.564921800000036, -0.79124569399994 ], [ 100.564370200000042, -0.799846499999944 ], [ 100.570786, -0.786742 ], [ 100.605349, -0.783533 ], [ 100.629041, -0.771948 ], [ 100.628113, -0.75957 ], [ 100.643738, -0.744801 ], [ 100.683868, -0.744975 ], [ 100.685341, -0.762223 ], [ 100.670394, -0.77401 ], [ 100.677956, -0.806804 ], [ 100.64164, -0.805016 ], [ 100.636147, -0.795201 ], [ 100.60587299000008, -0.806579735999946 ], [ 100.597673, -0.797193 ], [ 100.591609701000039, -0.807230902999947 ], [ 100.56134, -0.819047 ], [ 100.544773300000088, -0.81488544399997 ] ] ] } },
{ "type": "Feature", "properties": { "kemendagri_kab_code": 1373, "kemendagri_kab_name": "Kota Sawahlunto", "kemendagri_prov_code": 13, "kemendagri_prov_name": "Sumatera Barat" }, "geometry": { "type": "Polygon", "coordinates": [ [ [ 100.803972215000044, -0.566611110999929 ], [ 100.813224981000076, -0.583358687999976 ], [ 100.798795579000057, -0.59872977699996 ], [ 100.809533978000047, -0.623070575999975 ], [ 100.789050450000047, -0.670668526999975 ], [ 100.793649324000057, -0.69635487599993 ], [ 100.804167951000068, -0.707402592999927 ], [ 100.799879392000037, -0.717032315999973 ], [ 100.811891667000054, -0.735511110999937 ], [ 100.809577975000082, -0.772782021999944 ], [ 100.779721017000043, -0.764836957999933 ], [ 100.764578995000079, -0.742958993999935 ], [ 100.746189969000056, -0.738722034999967 ], [ 100.737621965000073, -0.724544995999963 ], [ 100.714245985000048, -0.735844027999974 ], [ 100.696106025000063, -0.72440297299994 ], [ 100.706649995000078, -0.671234980999941 ], [ 100.724527998000042, -0.661916992999977 ], [ 100.701722996000058, -0.656656022999925 ], [ 100.687533974000075, -0.631888025999956 ], [ 100.701935015000061, -0.611108042999945 ], [ 100.705114482000056, -0.570745556999952 ], [ 100.715988720000041, -0.561452398999961 ], [ 100.772861111000054, -0.560277777999943 ], [ 100.782666667000058, -0.547722221999948 ], [ 100.792989793000061, -0.564152006999961 ], [ 100.803972215000044, -0.566611110999929 ] ] ] } },
{ "type": "Feature", "properties": { "kemendagri_kab_code": 1374, "kemendagri_kab_name": "Kota Padang Panjang", "kemendagri_prov_code": 13, "kemendagri_prov_name": "Sumatera Barat" }, "geometry": { "type": "Polygon", "coordinates": [ [ [ 100.398141698000074, -0.449232268999936 ], [ 100.410169738000036, -0.459777764999956 ], [ 100.413049105000084, -0.452252577999957 ], [ 100.433184994000044, -0.458447604999947 ], [ 100.43542106700005, -0.483158077999974 ], [ 100.417233999000075, -0.478337010999951 ], [ 100.406283654000049, -0.490711071999954 ], [ 100.374182318000067, -0.48851562699997 ], [ 100.365337727000053, -0.47734625399994 ], [ 100.377369153000075, -0.462089762999938 ], [ 100.396112269000071, -0.460091685999942 ], [ 100.398141698000074, -0.449232268999936 ] ] ] } },
{ "type": "Feature", "properties": { "kemendagri_kab_code": 1375, "kemendagri_kab_name": "Kota Bukittinggi", "kemendagri_prov_code": 13, "kemendagri_prov_name": "Sumatera Barat" }, "geometry": { "type": "Polygon", "coordinates": [ [ [ 100.336479438000083, -0.271070853999959 ], [ 100.394965340000056, -0.285340930999951 ], [ 100.407853325000076, -0.322066379999967 ], [ 100.370521319000034, -0.321943781999948 ], [ 100.332633012000088, -0.279591640999968 ], [ 100.336479438000083, -0.271070853999959 ] ] ] } },
{ "type": "Feature", "properties": { "kemendagri_kab_code": 1376, "kemendagri_kab_name": "Kota Payakumbuh", "kemendagri_prov_code": 13, "kemendagri_prov_name": "Sumatera Barat" }, "geometry": { "type": "Polygon", "coordinates": [ [ [ 100.636359417000051, -0.184088456999973 ], [ 100.660943748000079, -0.186274241999968 ], [ 100.685613051000075, -0.207720957999925 ], [ 100.675278880000064, -0.220613250999975 ], [ 100.674682769000071, -0.242705195999974 ], [ 100.647622952000063, -0.248441925999941 ], [ 100.649751103000085, -0.276974361999976 ], [ 100.596945547000075, -0.266113250999979 ], [ 100.589632971000071, -0.239782245999947 ], [ 100.600648098000079, -0.219898168999975 ], [ 100.582740951000062, -0.209345436999968 ], [ 100.592404313000031, -0.193302612999958 ], [ 100.620905914000048, -0.201949795999951 ], [ 100.636359417000051, -0.184088456999973 ] ] ] } },
{ "type": "Feature", "properties": { "kemendagri_kab_code": 1377, "kemendagri_kab_name": "Kota Pariaman", "kemendagri_prov_code": 13, "kemendagri_prov_name": "Sumatera Barat" }, "geometry": { "type": "MultiPolygon", "coordinates": [ [ [ [ 100.10361111800006, -0.669455451999966 ], [ 100.104807315000073, -0.670850181999924 ], [ 100.105751915000042, -0.670383941999944 ], [ 100.10361111800006, -0.669455451999966 ] ] ], [ [ [ 100.110151668000071, -0.659685818999947 ], [ 100.111368839000079, -0.660780793999947 ], [ 100.110693166000033, -0.661201434999953 ], [ 100.110151668000071, -0.659685818999947 ] ] ], [ [ [ 100.102782, -0.646835 ], [ 100.100555, -0.647375 ], [ 100.101184, -0.646179 ], [ 100.102782, -0.646835 ] ] ], [ [ [ 100.099693434000073, -0.632436878999954 ], [ 100.098363, -0.634082 ], [ 100.098178, -0.633201 ], [ 100.099693434000073, -0.632436878999954 ] ] ], [ [ [ 100.129224862000058, -0.549855498999932 ], [ 100.136152553000045, -0.560315320999962 ], [ 100.131224003000057, -0.569196958999953 ], [ 100.145471010000051, -0.574631631999978 ], [ 100.142219869000087, -0.58552025399996 ], [ 100.163265153000054, -0.593056074999936 ], [ 100.180457115000081, -0.609135221999964 ], [ 100.177659997000035, -0.621772948999933 ], [ 100.186084167000047, -0.623111943999959 ], [ 100.173807344000068, -0.622339392999947 ], [ 100.172719131000065, -0.65200815299994 ], [ 100.164362264000033, -0.650088721999964 ], [ 100.153196876000038, -0.666037827999958 ], [ 100.157835305000049, -0.669876658999954 ], [ 100.159066114000041, -0.674377475999961 ], [ 100.158482870000057, -0.67615921099997 ], [ 100.125070872000038, -0.643595240999957 ], [ 100.092267185000082, -0.572237020999978 ], [ 100.093371086000047, -0.565508035999926 ], [ 100.129224862000058, -0.549855498999932 ] ] ], [ [ [ 100.075723, -0.596277 ], [ 100.074627192000037, -0.595842008999966 ], [ 100.075286, -0.595451 ], [ 100.075723, -0.596277 ] ] ] ] } }
]
}
