{
"type": "FeatureCollection",
"name": "16",
"crs": { "type": "name", "properties": { "name": "urn:ogc:def:crs:OGC:1.3:CRS84" } },
"features": [
{ "type": "Feature", "properties": { "kemendagri_kab_code": 1601, "kemendagri_kab_name": "Kabupaten Ogan Komering Ulu", "kemendagri_prov_code": 16, "kemendagri_prov_name": "Sumatera Selatan" }, "geometry": { "type": "Polygon", "coordinates": [ [ [ 104.544454938000058, -3.792903476999925 ], [ 104.572415148000061, -3.821186853999961 ], [ 104.556273913000041, -3.846814777999953 ], [ 104.567736405000062, -3.862900515999968 ], [ 104.541600957000071, -3.872476445999951 ], [ 104.523293568000042, -3.89247090899994 ], [ 104.493640521000088, -3.901564364999956 ], [ 104.489602360000049, -3.918310206999934 ], [ 104.465381499000046, -3.933888 ], [ 104.479376953000042, -3.956618166999931 ], [ 104.45716628200006, -3.952169221999952 ], [ 104.445362295000052, -3.958207798999979 ], [ 104.43646973400007, -3.980174379999937 ], [ 104.422973625000054, -3.989109413999927 ], [ 104.423258302000079, -3.976367498999934 ], [ 104.421036417000039, -3.981094852999945 ], [ 104.418502768000053, -3.973852369999975 ], [ 104.418271401000084, -3.983677947999979 ], [ 104.416875566000044, -3.977822981999964 ], [ 104.404215828000076, -3.974373194999941 ], [ 104.413952897000058, -3.984058091999941 ], [ 104.403881530000035, -3.979101282999977 ], [ 104.403110965000053, -3.983352217999936 ], [ 104.415071931000057, -3.994196434999935 ], [ 104.378151703000071, -4.01080157399997 ], [ 104.350940225000045, -4.012618037999971 ], [ 104.340603282000075, -4.050959023999951 ], [ 104.308471185000087, -4.074702770999977 ], [ 104.319188361000045, -4.095509162999974 ], [ 104.313844434000032, -4.11963641799997 ], [ 104.323243694000041, -4.130989764999981 ], [ 104.323108694000041, -4.15453436699994 ], [ 104.334492096000076, -4.178740053999945 ], [ 104.321589544000062, -4.207918344999939 ], [ 104.289944749000085, -4.211968856999931 ], [ 104.260702241000047, -4.246085591999929 ], [ 104.22622182300006, -4.249923727999942 ], [ 104.231053215000088, -4.27944370299997 ], [ 104.220762601000047, -4.30503897899996 ], [ 104.240331833000084, -4.33220408699998 ], [ 104.217753888000061, -4.401573302999964 ], [ 104.19577257800006, -4.394690882999953 ], [ 104.189294740000037, -4.407744389999948 ], [ 104.174831358000063, -4.414544005999971 ], [ 104.151293465000037, -4.405822763999936 ], [ 104.045588993000081, -4.458115821999968 ], [ 104.013230964000059, -4.448408570999959 ], [ 104.005890137000051, -4.462958947999937 ], [ 103.988270417000081, -4.463403251999978 ], [ 103.969856101000062, -4.453008231999945 ], [ 103.974233579000042, -4.437682439999946 ], [ 103.959044048000067, -4.398919434999925 ], [ 103.94968532300004, -4.395534300999941 ], [ 103.95606527800004, -4.380355884999972 ], [ 103.939777188000051, -4.348975561999964 ], [ 103.916684075000035, -4.343660481999962 ], [ 103.887244655000075, -4.299910184999931 ], [ 103.889696427000047, -4.285985392999976 ], [ 103.870007272000066, -4.284616331999928 ], [ 103.866453375000049, -4.269677664999961 ], [ 103.849797174000059, -4.248975944999927 ], [ 103.837736735000078, -4.24800057899995 ], [ 103.836418234000064, -4.237037960999942 ], [ 103.795747445000075, -4.236772170999927 ], [ 103.788793596000062, -4.222768185999939 ], [ 103.763253037000084, -4.248198923999951 ], [ 103.733568995000041, -4.250556633999963 ], [ 103.706229745000087, -4.276247076999937 ], [ 103.626289444000065, -4.273308888999964 ], [ 103.615227367000045, -4.262734282999929 ], [ 103.618961814000045, -4.22456544399995 ], [ 103.64405935700006, -4.217706973999952 ], [ 103.644739863000041, -4.201032479999981 ], [ 103.705177149000065, -4.183913411999981 ], [ 103.70178681200008, -4.087005827999974 ], [ 103.732437247000064, -4.087805656999933 ], [ 103.774161678000041, -4.074475320999966 ], [ 103.791824296000073, -4.044708343999957 ], [ 103.821037414000045, -4.030053404999933 ], [ 103.838090946000079, -4.008650358999944 ], [ 103.851787396000077, -4.007474060999925 ], [ 103.874409282000045, -3.976182545999961 ], [ 103.891488287000072, -3.968105153999943 ], [ 103.894741485000054, -3.928777456999967 ], [ 103.928626828000063, -3.916254853999931 ], [ 103.940666460000045, -3.898807678999958 ], [ 103.969678148000071, -3.888532016999932 ], [ 103.993497374000071, -3.91999397099994 ], [ 104.062775321000061, -3.903050686999961 ], [ 104.075243010000065, -3.908582424999963 ], [ 104.114166667000063, -3.900638888999936 ], [ 104.149073035000072, -3.886769681999965 ], [ 104.212023739000074, -3.852202717999944 ], [ 104.243823820000046, -3.822180422999963 ], [ 104.247933686000067, -3.781303178999963 ], [ 104.279812779000054, -3.767456881999976 ], [ 104.287827869000068, -3.755091814999957 ], [ 104.307610667000063, -3.77456043899997 ], [ 104.323504132000039, -3.772360692999939 ], [ 104.336387440000067, -3.759935172999974 ], [ 104.360829004000038, -3.771178121999981 ], [ 104.387593889000073, -3.76070750599996 ], [ 104.397315732000038, -3.766316167999946 ], [ 104.453952170000036, -3.744923527999958 ], [ 104.463320256000088, -3.747926676999953 ], [ 104.465121234000037, -3.760617107999963 ], [ 104.489758453000036, -3.769500738999966 ], [ 104.499218346000077, -3.785430863999977 ], [ 104.507945269000061, -3.783350040999949 ], [ 104.518165687000078, -3.794223957999975 ], [ 104.531106496000064, -3.788202168999931 ], [ 104.539650461000065, -3.799331276999965 ], [ 104.544454938000058, -3.792903476999925 ] ] ] } },
{ "type": "Feature", "properties": { "kemendagri_kab_code": 1602, "kemendagri_kab_name": "Kabupaten Ogan Komering Ilir", "kemendagri_prov_code": 16, "kemendagri_prov_name": "Sumatera Selatan" }, "geometry": { "type": "MultiPolygon", "coordinates": [ [ [ [ 105.616692669000088, -2.391334644999972 ], [ 105.628889383000057, -2.403062530999932 ], [ 105.633679509000046, -2.437453063999953 ], [ 105.607900291000078, -2.506629069999974 ], [ 105.603593624000041, -2.552559558999974 ], [ 105.610333595000043, -2.59720490899997 ], [ 105.625990449000085, -2.629546542999947 ], [ 105.655815892000078, -2.663222314999928 ], [ 105.692357213000037, -2.683644622999964 ], [ 105.740343704000054, -2.689615022999931 ], [ 105.779633281000088, -2.682925831999967 ], [ 105.787550396000086, -2.761438750999957 ], [ 105.782339798000066, -2.856712463999941 ], [ 105.810990687000071, -2.915388337999957 ], [ 105.846958619000077, -2.950842306999959 ], [ 105.872599691000062, -2.963767538999946 ], [ 105.886058343000059, -2.965888487999962 ], [ 105.93637876400004, -2.961188202999949 ], [ 105.958753725000065, -2.943426863999946 ], [ 105.974840721000078, -2.962815083999942 ], [ 106.012734634000083, -2.968278540999961 ], [ 106.041688156000077, -2.986894908999943 ], [ 106.055728763000047, -3.066606939999929 ], [ 106.047881417000042, -3.122705024999959 ], [ 106.095378036000056, -3.219872694999935 ], [ 106.09645355300006, -3.240098112999931 ], [ 106.084127945000034, -3.261789279999959 ], [ 106.011863685000037, -3.296133698999938 ], [ 105.953818876000071, -3.336394832999929 ], [ 105.944808571000067, -3.355216666999979 ], [ 105.929838263000079, -3.360421312999961 ], [ 105.899464610000052, -3.418497004999949 ], [ 105.885461113000076, -3.428828028999931 ], [ 105.826232350000055, -3.593932429999938 ], [ 105.820957625000062, -3.652159123999979 ], [ 105.830761004000067, -3.710712899999976 ], [ 105.850909776000037, -3.743045595999945 ], [ 105.862600743000087, -3.741915344999938 ], [ 105.926167873000054, -3.775366900999927 ], [ 105.961048824000045, -3.827895905999981 ], [ 105.951594086000057, -3.864106581999977 ], [ 105.886051303000045, -3.973994406999964 ], [ 105.862730850000048, -4.031934374999935 ], [ 105.846961517000068, -4.092645753999932 ], [ 105.845286377000036, -4.160032089999959 ], [ 105.821398503000069, -4.15716434899997 ], [ 105.811205284000039, -4.126105373999962 ], [ 105.775450729000056, -4.110875485999941 ], [ 105.768552942000042, -4.13302910799996 ], [ 105.745407304000082, -4.143643456999939 ], [ 105.726700941000047, -4.13040067999998 ], [ 105.700326621000045, -4.135344522999958 ], [ 105.708477225000081, -4.101704782999946 ], [ 105.684978309000087, -4.097845680999967 ], [ 105.678902095000069, -4.073979561999977 ], [ 105.665054015000067, -4.089869743999941 ], [ 105.650305805000073, -4.084212203999925 ], [ 105.645196956000063, -4.064395558999934 ], [ 105.662501500000076, -4.054965426999956 ], [ 105.661670030000039, -4.04632505099994 ], [ 105.639124, -4.048749771999951 ], [ 105.624770827000077, -4.039267348999942 ], [ 105.618851121000034, -4.056512699999928 ], [ 105.604403479000041, -4.052553499999931 ], [ 105.630650667000054, -4.00394382199994 ], [ 105.610959049000087, -3.964866742999959 ], [ 105.589997443000073, -3.954090400999974 ], [ 105.610348143000067, -3.940787177999937 ], [ 105.599384151000038, -3.924357157999964 ], [ 105.583082628000057, -3.937108683999952 ], [ 105.563124687000084, -3.929157648999933 ], [ 105.573157994000042, -3.900039478999929 ], [ 105.547956011000053, -3.880781271999979 ], [ 105.532130383000037, -3.895676271999946 ], [ 105.524633022000046, -3.894089798999971 ], [ 105.512244554000063, -3.873039053999946 ], [ 105.526509389000068, -3.848372359999928 ], [ 105.522820535000051, -3.83950066999995 ], [ 105.492718721000074, -3.84095745299993 ], [ 105.479962177000061, -3.821732848999943 ], [ 105.432104300000049, -3.825699498999938 ], [ 105.432928737000054, -3.783549640999979 ], [ 105.389663683000038, -3.778563614999939 ], [ 105.366646833000061, -3.798051273999931 ], [ 105.357447993000051, -3.796604944999956 ], [ 105.349223, -3.747241740999925 ], [ 105.333043309000061, -3.72366604399997 ], [ 105.319149573000061, -3.731637697999929 ], [ 105.304313241000045, -3.792034307999927 ], [ 105.284194629000069, -3.797318743999938 ], [ 105.282072455000048, -3.828524884999979 ], [ 105.292969546000052, -3.842702174999943 ], [ 105.277208710000082, -3.876932131999979 ], [ 105.244982690000086, -3.906174251999971 ], [ 105.230314787000054, -3.889684270999965 ], [ 105.204519559000062, -3.891081695999958 ], [ 105.177739660000043, -3.907099193999954 ], [ 105.165374152000084, -3.937630031999959 ], [ 105.151049413000067, -3.931247748999965 ], [ 105.138808299000061, -3.936072377999949 ], [ 105.13588079200008, -3.948733646999926 ], [ 105.143733522000048, -3.958410884999978 ], [ 105.134662340000034, -3.989510996999968 ], [ 105.128266900000085, -3.998552856999936 ], [ 105.115596289000052, -3.997714377999955 ], [ 105.105518742000072, -4.019612969999969 ], [ 105.108283489000087, -4.030415543999936 ], [ 105.121025102000033, -4.034549992999928 ], [ 105.119557735000058, -4.047591618999945 ], [ 105.094729527000084, -4.04589417699998 ], [ 105.078239650000057, -4.085859393999954 ], [ 105.061445779000053, -4.097198373999959 ], [ 105.063025353000057, -4.125773786999957 ], [ 105.049499843000035, -4.141647832999979 ], [ 105.028843011000049, -4.144482966999931 ], [ 105.013870557000075, -4.174689385999955 ], [ 104.967588460000059, -4.171057820999977 ], [ 104.953172848000065, -4.178199157999927 ], [ 104.946171364000065, -4.192091012999981 ], [ 104.927721297000062, -4.19177114699994 ], [ 104.906062459000054, -4.201037466999935 ], [ 104.902160880000054, -4.21034822799993 ], [ 104.892628349000063, -4.208387429999959 ], [ 104.891206268000076, -4.217368541999974 ], [ 104.875070571000037, -4.218069726999943 ], [ 104.87273147600007, -4.235641809999947 ], [ 104.863721405000035, -4.231357051999964 ], [ 104.855562886000087, -4.241295477999927 ], [ 104.827419711000061, -4.238724392999927 ], [ 104.796850796000058, -4.250515620999977 ], [ 104.792529647000038, -4.266598447999968 ], [ 104.763580260000083, -4.245836342999951 ], [ 104.74814961800007, -4.248076184999945 ], [ 104.74464269300006, -4.227247906999935 ], [ 104.760038696000038, -4.212807634999933 ], [ 104.776793199000053, -4.174378900999955 ], [ 104.785912377000045, -4.170737694999957 ], [ 104.790457934000074, -4.126986831999943 ], [ 104.80416905900006, -4.110121994999929 ], [ 104.821434418000081, -4.109865913999954 ], [ 104.834555969000064, -4.099361981999948 ], [ 104.825817736000033, -4.070567678999964 ], [ 104.830089024000074, -4.060472551999965 ], [ 104.846921159000033, -4.053751039999952 ], [ 104.853071961000069, -4.036312079999959 ], [ 104.872648644000037, -4.021033410999962 ], [ 104.911225028000047, -4.006509940999933 ], [ 104.929709492000086, -3.949411704999932 ], [ 104.899939142000051, -3.941605464999952 ], [ 104.867490198000041, -3.957596274999958 ], [ 104.854495470000074, -3.953617934999954 ], [ 104.897717833000058, -3.925097153999957 ], [ 104.887580781000054, -3.909903390999943 ], [ 104.849248712000076, -3.910779719999937 ], [ 104.86059730900007, -3.873925117999931 ], [ 104.877009723000072, -3.862618374999954 ], [ 104.871646454000086, -3.838546820999966 ], [ 104.877126532000034, -3.810016995999945 ], [ 104.835053603000063, -3.747909496999966 ], [ 104.799402108000038, -3.756955782999967 ], [ 104.801577115000043, -3.735155801999952 ], [ 104.776615115000084, -3.728879096999947 ], [ 104.773604293000062, -3.70914647799998 ], [ 104.760102352000047, -3.705211396999971 ], [ 104.753452543000037, -3.685932216999959 ], [ 104.721754073000056, -3.679108337999935 ], [ 104.710966965000068, -3.66545982599996 ], [ 104.71897922800008, -3.657029650999959 ], [ 104.698107804000074, -3.660068720999959 ], [ 104.704658366000046, -3.620051988999933 ], [ 104.680857, -3.637830118999943 ], [ 104.671166906000053, -3.619296985999938 ], [ 104.658794025000077, -3.615822889999947 ], [ 104.66454052000006, -3.627374460999931 ], [ 104.666393716000073, -3.620972068999947 ], [ 104.67285409200008, -3.624195167999972 ], [ 104.667826270000035, -3.634438566999961 ], [ 104.647365542000045, -3.621867842999961 ], [ 104.65175733600006, -3.635574455999972 ], [ 104.664812698000048, -3.639507226999967 ], [ 104.660019444000056, -3.650380555999959 ], [ 104.631994327000086, -3.615055951999977 ], [ 104.635527464000063, -3.590621544999976 ], [ 104.651342671000066, -3.57591932899993 ], [ 104.64330760200005, -3.581686421999962 ], [ 104.639525141000036, -3.573595638999961 ], [ 104.649314140000058, -3.560661169999946 ], [ 104.649046866000049, -3.52858538199996 ], [ 104.659518367000032, -3.517070713999942 ], [ 104.660759443000074, -3.495893670999976 ], [ 104.668237549000082, -3.499040838999974 ], [ 104.700899984000046, -3.46663263399995 ], [ 104.72600039200006, -3.466468370999962 ], [ 104.735221653000053, -3.48400894699995 ], [ 104.748800914000071, -3.487381220999964 ], [ 104.768292063000047, -3.460687337999957 ], [ 104.785501257000078, -3.467117066999947 ], [ 104.816097, -3.450586 ], [ 104.814083333000042, -3.417416666999941 ], [ 104.805777836000061, -3.412130678999972 ], [ 104.826383643000042, -3.318746390999934 ], [ 104.808940743000051, -3.272934205999945 ], [ 104.798746237000046, -3.27381338999993 ], [ 104.801783249000039, -3.266769335999925 ], [ 104.787936774000059, -3.258135428999935 ], [ 104.786992014000077, -3.249039510999978 ], [ 104.793022017000055, -3.248282866999944 ], [ 104.790639139000064, -3.237809296999956 ], [ 104.81336507900005, -3.237626510999974 ], [ 104.811005421000061, -3.203414253999938 ], [ 104.798611960000073, -3.186576809999963 ], [ 104.807004229000086, -3.177933054999926 ], [ 104.799094404000073, -3.173190840999951 ], [ 104.808936771000049, -3.168165285999976 ], [ 104.812323617000061, -3.15760789899997 ], [ 104.805294998000079, -3.153849375999926 ], [ 104.818208859000038, -3.143490208999935 ], [ 104.814135845000067, -3.132839959999956 ], [ 104.793033058000049, -3.13096199499995 ], [ 104.799912323000058, -3.120553023999946 ], [ 104.791906863000065, -3.113645092999946 ], [ 104.796371692000037, -3.072930629999973 ], [ 104.830098392000082, -3.074040903999958 ], [ 104.830301281000061, -3.090751601999955 ], [ 104.855157440000085, -3.110111662999941 ], [ 104.880035733000057, -3.098925215999941 ], [ 104.886913255000081, -3.107279395999967 ], [ 104.88370261700004, -3.142206519999945 ], [ 104.902614137000057, -3.141455144999952 ], [ 104.901919449000047, -3.148869800999933 ], [ 104.923238305000041, -3.15940158899997 ], [ 104.94252676900004, -3.158128315999932 ], [ 104.961371860000042, -3.168399465999926 ], [ 104.984184375000041, -3.15291880999996 ], [ 105.000444703000085, -3.157199599999956 ], [ 105.031762513000047, -3.146587891999957 ], [ 105.050271990000056, -3.148477474999936 ], [ 105.044420728000034, -3.114014059999931 ], [ 105.062485175000063, -3.104071077999947 ], [ 105.084250679000036, -3.104931941999951 ], [ 105.083275554000068, -3.000057677999962 ], [ 105.126814489000083, -2.941537350999965 ], [ 105.140896944000076, -2.951844944999948 ], [ 105.156355905000055, -2.992063578999932 ], [ 105.189098814000033, -3.106827104999979 ], [ 105.209048075000055, -3.109718363999946 ], [ 105.217109966000066, -3.101429692999943 ], [ 105.232711964000032, -3.02077393299993 ], [ 105.254313453000066, -3.003976489999957 ], [ 105.260284818000059, -2.982551845999978 ], [ 105.281086686000037, -2.975330165999935 ], [ 105.292959393000046, -2.993965945999946 ], [ 105.305086933000041, -2.97830694299995 ], [ 105.288505872000087, -2.957964022999931 ], [ 105.289655411000069, -2.938629202999948 ], [ 105.30075041200007, -2.934777055999973 ], [ 105.298965647000045, -2.904064575999939 ], [ 105.285238072000084, -2.882723483999939 ], [ 105.270615300000088, -2.898013972999934 ], [ 105.259011333000046, -2.882330605999925 ], [ 105.257144835000076, -2.85578690799997 ], [ 105.278603312000087, -2.851591460999941 ], [ 105.278179302000069, -2.826675120999937 ], [ 105.248733559000073, -2.807163875999947 ], [ 105.256318739000051, -2.789433741999972 ], [ 105.255154935000064, -2.756151253999974 ], [ 105.219935295000084, -2.747570873999962 ], [ 105.205595292000055, -2.732051303999981 ], [ 105.215436511000064, -2.718860372999927 ], [ 105.21469225900006, -2.685386636999965 ], [ 105.195486360000075, -2.657155174999957 ], [ 105.173854750000032, -2.646238412999935 ], [ 105.179632999000034, -2.634612417999961 ], [ 105.199552768000046, -2.637403629999937 ], [ 105.205132843000058, -2.631201317999967 ], [ 105.20982734200004, -2.606687116999979 ], [ 105.198916070000053, -2.589143511999964 ], [ 105.212879869000062, -2.560396879999928 ], [ 105.229079279000075, -2.541671260999976 ], [ 105.240979223000068, -2.543657128999939 ], [ 105.246518115000072, -2.554741028999956 ], [ 105.258421890000079, -2.549659282999926 ], [ 105.28552430600007, -2.508956677999947 ], [ 105.312205696000035, -2.499474202999977 ], [ 105.306404760000078, -2.488650982999957 ], [ 105.334852914000066, -2.460624291999977 ], [ 105.334369669000068, -2.448183158999939 ], [ 105.351215649000039, -2.445511625999927 ], [ 105.360835019000035, -2.453287089999947 ], [ 105.377892584000051, -2.445290612999941 ], [ 105.400403462000043, -2.457540225999935 ], [ 105.427462429000059, -2.448412463999944 ], [ 105.47237913400005, -2.464313628999946 ], [ 105.470182874000045, -2.45626413399998 ], [ 105.480790110000044, -2.44659379999996 ], [ 105.494801632000076, -2.451034040999957 ], [ 105.494654640000078, -2.44055721899997 ], [ 105.525491748000036, -2.423102335999943 ], [ 105.580392996000057, -2.418202815999962 ], [ 105.616692669000088, -2.391334644999972 ] ] ], [ [ [ 106.213650444000052, -3.217169541999965 ], [ 106.220623815000067, -3.218468128999973 ], [ 106.218856298000048, -3.221867637999935 ], [ 106.213650444000052, -3.217169541999965 ] ] ] ] } },
{ "type": "Feature", "properties": { "kemendagri_kab_code": 1603, "kemendagri_kab_name": "Kabupaten Muara Enim", "kemendagri_prov_code": 16, "kemendagri_prov_name": "Sumatera Selatan" }, "geometry": { "type": "MultiPolygon", "coordinates": [ [ [ [ 103.787152270000036, -3.318147508999971 ], [ 103.801333857000088, -3.309486270999969 ], [ 103.818561155000054, -3.326237675999948 ], [ 103.831378518000065, -3.315216805999967 ], [ 103.849692436000055, -3.317494742999941 ], [ 103.856945033000045, -3.33291745799994 ], [ 103.870507961000044, -3.32852021399998 ], [ 103.907389607000084, -3.359691152999972 ], [ 103.917740262000052, -3.399190205999957 ], [ 103.948673255000074, -3.41251518699994 ], [ 104.024637548000044, -3.405799157999979 ], [ 104.028718333000086, -3.34124972199993 ], [ 104.059333056000071, -3.337652221999974 ], [ 104.092466111000078, -3.356037777999973 ], [ 104.099933405000058, -3.33867295899995 ], [ 104.110070283000084, -3.346647127999972 ], [ 104.11410568000008, -3.333026804999975 ], [ 104.112605521000035, -3.351116864999938 ], [ 104.132214670000053, -3.343942732999949 ], [ 104.12484763100008, -3.36043650199997 ], [ 104.153699348000032, -3.40865013399997 ], [ 104.136753774000056, -3.453928158999929 ], [ 104.142329711000059, -3.46824707299993 ], [ 104.125715670000034, -3.494905122999967 ], [ 104.140516564000052, -3.513506209999946 ], [ 104.14933413600005, -3.551166570999953 ], [ 104.195199261000084, -3.551470034999966 ], [ 104.19598667300005, -3.54054722199993 ], [ 104.218059646000086, -3.526274253999929 ], [ 104.22985439200005, -3.529869603999941 ], [ 104.232481531000076, -3.540150302999962 ], [ 104.247863863000077, -3.535452599999928 ], [ 104.251152804000071, -3.577641921999941 ], [ 104.28033791200005, -3.58140256799993 ], [ 104.298785715000065, -3.563815099999943 ], [ 104.314581555000075, -3.566706237999938 ], [ 104.315749889000074, -3.55713934299996 ], [ 104.320861836000063, -3.609236368999973 ], [ 104.348804235000046, -3.600083100999939 ], [ 104.358009662000086, -3.589265381999951 ], [ 104.390691754000045, -3.590303915999925 ], [ 104.414088906000075, -3.572718571999928 ], [ 104.41505094300004, -3.563142666999966 ], [ 104.435265600000037, -3.566273348999971 ], [ 104.455819029000054, -3.578790831999925 ], [ 104.454972901000076, -3.594981246999964 ], [ 104.467486134000069, -3.614631215999964 ], [ 104.451408953000055, -3.644001800999945 ], [ 104.375000051000086, -3.691993313999944 ], [ 104.366301140000076, -3.75558700299996 ], [ 104.384523349000062, -3.763397666999936 ], [ 104.360829004000038, -3.771178121999981 ], [ 104.336387440000067, -3.759935172999974 ], [ 104.323504132000039, -3.772360692999939 ], [ 104.307610667000063, -3.77456043899997 ], [ 104.286098361000086, -3.755913796999948 ], [ 104.279812779000054, -3.767456881999976 ], [ 104.248066528000038, -3.781109538999942 ], [ 104.243823820000046, -3.822180422999963 ], [ 104.212023739000074, -3.852202717999944 ], [ 104.114166667000063, -3.900638888999936 ], [ 104.075243010000065, -3.908582424999963 ], [ 104.062775321000061, -3.903050686999961 ], [ 103.993497374000071, -3.91999397099994 ], [ 103.969678148000071, -3.888532016999932 ], [ 103.940666460000045, -3.898807678999958 ], [ 103.928626828000063, -3.916254853999931 ], [ 103.895875304000072, -3.927682879999963 ], [ 103.891488287000072, -3.968105153999943 ], [ 103.874409282000045, -3.976182545999961 ], [ 103.851787396000077, -4.007474060999925 ], [ 103.838090946000079, -4.008650358999944 ], [ 103.821037414000045, -4.030053404999933 ], [ 103.791824296000073, -4.044708343999957 ], [ 103.774161678000041, -4.074475320999966 ], [ 103.732437247000064, -4.087805656999933 ], [ 103.70178681200008, -4.087005827999974 ], [ 103.705177149000065, -4.183913411999981 ], [ 103.64726586900008, -4.198893367999972 ], [ 103.64405935700006, -4.217706973999952 ], [ 103.618961814000045, -4.22456544399995 ], [ 103.615227367000045, -4.262734282999929 ], [ 103.627554607000036, -4.281090756999959 ], [ 103.601200172000063, -4.346524889999955 ], [ 103.601803223000047, -4.363120842999933 ], [ 103.583209848000081, -4.353490078999926 ], [ 103.559034524000083, -4.356488199999944 ], [ 103.545001415000058, -4.371134257999927 ], [ 103.536606677000066, -4.366165943999931 ], [ 103.518138252000085, -4.376844964999975 ], [ 103.504277226000056, -4.360900671999957 ], [ 103.450534857000036, -4.34954709799996 ], [ 103.442214987000057, -4.33013430699998 ], [ 103.409320772000058, -4.313586875999931 ], [ 103.371135688000038, -4.315687756999978 ], [ 103.345728153000039, -4.290338457999951 ], [ 103.322689947000072, -4.283598990999963 ], [ 103.316136631000063, -4.267172795999954 ], [ 103.335988593000081, -4.256903398999953 ], [ 103.331291090000036, -4.239298724999969 ], [ 103.352808627000059, -4.227551896999955 ], [ 103.359478112000033, -4.237265012999956 ], [ 103.370702612000059, -4.229858677999971 ], [ 103.374680840000053, -4.211667206999948 ], [ 103.405296559000078, -4.173114417999955 ], [ 103.438473449000071, -4.182193798999947 ], [ 103.457916817000068, -4.15888562899994 ], [ 103.446364840000058, -4.14724651299997 ], [ 103.443083717000036, -4.125883765999959 ], [ 103.454314712000041, -4.121068782999942 ], [ 103.464513106000084, -4.100047544999939 ], [ 103.480496491000054, -4.106886207999935 ], [ 103.49799074200007, -4.130582965999963 ], [ 103.513349408000067, -4.123820977999969 ], [ 103.526230997000084, -4.137546462999978 ], [ 103.555562733000045, -4.119927375999964 ], [ 103.566615919000071, -4.090187148999973 ], [ 103.584633347000079, -4.091899079999962 ], [ 103.596812636000038, -3.995796481999946 ], [ 103.643354647000081, -3.967455466999979 ], [ 103.645310832000064, -3.957026385999939 ], [ 103.634526415000039, -3.943424070999924 ], [ 103.660270779000086, -3.910897094999939 ], [ 103.675782427000058, -3.902112476999946 ], [ 103.695175504000076, -3.907284560999926 ], [ 103.719699783000067, -3.884796912999946 ], [ 103.703410804000043, -3.869965156999967 ], [ 103.71654350600005, -3.827774705999957 ], [ 103.738059259000067, -3.801786077999964 ], [ 103.724394404000066, -3.764754506999964 ], [ 103.763918281000088, -3.739777286999924 ], [ 103.751395296000055, -3.729894262999949 ], [ 103.750372073000051, -3.71292383499997 ], [ 103.734084740000071, -3.690994885999942 ], [ 103.749902981000048, -3.682745539999928 ], [ 103.764547049000043, -3.686552725999945 ], [ 103.767724372000032, -3.670141036999951 ], [ 103.762587912000072, -3.662301835999926 ], [ 103.746626989000049, -3.660518475999936 ], [ 103.734894540000084, -3.64046785599993 ], [ 103.743608744000085, -3.62238595499997 ], [ 103.73125877800004, -3.617237622999937 ], [ 103.761592311000072, -3.611001187999932 ], [ 103.755457781000075, -3.604567825999936 ], [ 103.772944706000033, -3.583193078999955 ], [ 103.763086244000078, -3.585919890999946 ], [ 103.757199911000043, -3.57565418799993 ], [ 103.732196437000084, -3.576099356999975 ], [ 103.708124674000032, -3.565481888999955 ], [ 103.627728352000076, -3.509315628999957 ], [ 103.570138846000077, -3.549291551999943 ], [ 103.538305, -3.54782972199996 ], [ 103.549240816000065, -3.527402748999975 ], [ 103.540064227000073, -3.492683859999943 ], [ 103.560390649000055, -3.479273994999971 ], [ 103.571779108000044, -3.45623468499997 ], [ 103.593661824000037, -3.457292583999958 ], [ 103.610925179000049, -3.426075731999958 ], [ 103.626660202000039, -3.359414579999964 ], [ 103.690667704000077, -3.301422356999979 ], [ 103.707400073000088, -3.294169758999942 ], [ 103.720763126000065, -3.303363996999963 ], [ 103.723618480000084, -3.318725796999956 ], [ 103.716137454000034, -3.333516526999972 ], [ 103.731042398000056, -3.353561105999972 ], [ 103.738066567000033, -3.346137187999943 ], [ 103.736386469000081, -3.299873723999951 ], [ 103.743936499000085, -3.285570783999958 ], [ 103.760633177000045, -3.280135618999964 ], [ 103.787152270000036, -3.318147508999971 ] ] ], [ [ [ 104.62828634400006, -3.018134524999937 ], [ 104.663758654000048, -3.041385093999963 ], [ 104.675027976000081, -3.03683412099997 ], [ 104.676668017000054, -3.051029403999962 ], [ 104.660414274000061, -3.077675897999939 ], [ 104.643089234000058, -3.070899242999928 ], [ 104.64298606300008, -3.096308147999935 ], [ 104.624042474000078, -3.09639821199994 ], [ 104.624133150000034, -3.101927549999971 ], [ 104.577004792000082, -3.101596127999926 ], [ 104.576011237000046, -3.114805025999942 ], [ 104.522397749000049, -3.180014135999954 ], [ 104.521713830000067, -3.208105915999965 ], [ 104.542476859000033, -3.210132832999932 ], [ 104.549973026000032, -3.249636356999929 ], [ 104.54881295000007, -3.263219736999929 ], [ 104.530672278000054, -3.27428318699998 ], [ 104.531562002000044, -3.297311470999944 ], [ 104.540745709000078, -3.302929277999965 ], [ 104.540034134000052, -3.31522864599998 ], [ 104.53295526900007, -3.317731442999957 ], [ 104.538461235000057, -3.344856519999951 ], [ 104.533336109000061, -3.361566841999945 ], [ 104.50110477000004, -3.372295469999926 ], [ 104.497849367000072, -3.399298410999961 ], [ 104.465743338000038, -3.422634225999957 ], [ 104.4373, -3.42811 ], [ 104.442812165000078, -3.457596342999977 ], [ 104.42438681200008, -3.491726495999956 ], [ 104.385137471000064, -3.506603733999953 ], [ 104.348834624000062, -3.531812787999968 ], [ 104.31769012500007, -3.538704374999952 ], [ 104.294989289000057, -3.474510513999974 ], [ 104.27642576900007, -3.460531430999936 ], [ 104.31715209500004, -3.449552152999956 ], [ 104.351733706000061, -3.375920749999977 ], [ 104.313251335000075, -3.350618710999925 ], [ 104.286371700000075, -3.365182051999966 ], [ 104.208379081000032, -3.359702975999937 ], [ 104.196991100000048, -3.349235052999973 ], [ 104.17856542800007, -3.349006410999948 ], [ 104.17776623900005, -3.335442248999925 ], [ 104.189022550000061, -3.318777047999959 ], [ 104.213623874000064, -3.312183433999962 ], [ 104.209011132000057, -3.305155040999978 ], [ 104.217417520000083, -3.303796469999952 ], [ 104.21559639600008, -3.295339626999976 ], [ 104.223469545000057, -3.301111262999939 ], [ 104.233773001000088, -3.283413937999967 ], [ 104.228230774000053, -3.265990690999956 ], [ 104.210298562000048, -3.257994872999973 ], [ 104.216927332000068, -3.227373865999937 ], [ 104.23536815500006, -3.206315635999943 ], [ 104.257171639000035, -3.032421566999972 ], [ 104.269589865000057, -3.021895449999931 ], [ 104.318292811000049, -3.054873912999938 ], [ 104.385670189000052, -3.061377371999924 ], [ 104.456390469000041, -3.080380615999957 ], [ 104.482073931000059, -3.072731535999935 ], [ 104.497556301000088, -3.080751774999953 ], [ 104.536001658000032, -3.057777122999937 ], [ 104.544812886000045, -3.033119571999976 ], [ 104.581955268000058, -3.03405128199995 ], [ 104.583070708000037, -3.048183350999977 ], [ 104.595676682000033, -3.053145843999971 ], [ 104.610828607000087, -3.048112222999976 ], [ 104.62828634400006, -3.018134524999937 ] ] ] ] } },
{ "type": "Feature", "properties": { "kemendagri_kab_code": 1604, "kemendagri_kab_name": "Kabupaten Lahat", "kemendagri_prov_code": 16, "kemendagri_prov_name": "Sumatera Selatan" }, "geometry": { "type": "Polygon", "coordinates": [ [ [ 103.538305, -3.54782972199996 ], [ 103.570138846000077, -3.549291551999943 ], [ 103.627728352000076, -3.509315628999957 ], [ 103.708124674000032, -3.565481888999955 ], [ 103.732196437000084, -3.576099356999975 ], [ 103.757199911000043, -3.57565418799993 ], [ 103.763086244000078, -3.585919890999946 ], [ 103.772944706000033, -3.583193078999955 ], [ 103.755457781000075, -3.604567825999936 ], [ 103.761592311000072, -3.611001187999932 ], [ 103.73125877800004, -3.617237622999937 ], [ 103.743608744000085, -3.62238595499997 ], [ 103.734894540000084, -3.64046785599993 ], [ 103.746626989000049, -3.660518475999936 ], [ 103.762587912000072, -3.662301835999926 ], [ 103.767724372000032, -3.670141036999951 ], [ 103.764547049000043, -3.686552725999945 ], [ 103.749902981000048, -3.682745539999928 ], [ 103.734084740000071, -3.690994885999942 ], [ 103.750372073000051, -3.71292383499997 ], [ 103.751395296000055, -3.729894262999949 ], [ 103.763918281000088, -3.739777286999924 ], [ 103.724394404000066, -3.764754506999964 ], [ 103.738059259000067, -3.801786077999964 ], [ 103.71654350600005, -3.827774705999957 ], [ 103.707997369000054, -3.852087989999973 ], [ 103.703410804000043, -3.869965156999967 ], [ 103.719699783000067, -3.884796912999946 ], [ 103.710499197000047, -3.899153620999925 ], [ 103.695175504000076, -3.907284560999926 ], [ 103.675782427000058, -3.902112476999946 ], [ 103.660270779000086, -3.910897094999939 ], [ 103.634526415000039, -3.943424070999924 ], [ 103.645310832000064, -3.957026385999939 ], [ 103.643354647000081, -3.967455466999979 ], [ 103.596812636000038, -3.995796481999946 ], [ 103.584633347000079, -4.091899079999962 ], [ 103.566615919000071, -4.090187148999973 ], [ 103.555562733000045, -4.119927375999964 ], [ 103.526230997000084, -4.137546462999978 ], [ 103.513349408000067, -4.123820977999969 ], [ 103.49799074200007, -4.130582965999963 ], [ 103.480496491000054, -4.106886207999935 ], [ 103.464513106000084, -4.100047544999939 ], [ 103.454314712000041, -4.121068782999942 ], [ 103.443083717000036, -4.125883765999959 ], [ 103.446364840000058, -4.14724651299997 ], [ 103.457916817000068, -4.15888562899994 ], [ 103.438473449000071, -4.182193798999947 ], [ 103.405296559000078, -4.173114417999955 ], [ 103.376027643000043, -4.210628869999937 ], [ 103.368235388000073, -4.206668744999945 ], [ 103.356056714000033, -4.163537671999961 ], [ 103.364832939000053, -4.14926218599993 ], [ 103.35605991400007, -4.126421088999962 ], [ 103.363715523000053, -4.113210427999945 ], [ 103.359643080000069, -4.097932958999934 ], [ 103.395221838000055, -4.063694547999944 ], [ 103.414746606000051, -3.985524470999962 ], [ 103.379777039000032, -3.98815398399995 ], [ 103.353147956000043, -4.002539202999969 ], [ 103.343775573000073, -4.051017866999928 ], [ 103.329240527000081, -4.065917894999927 ], [ 103.314508621000073, -4.04860107099995 ], [ 103.278285251000057, -4.032446915999969 ], [ 103.289694398000051, -4.007967833999942 ], [ 103.249407257000087, -4.007465980999939 ], [ 103.224869100000035, -3.989215995999928 ], [ 103.183197519000032, -3.990508904999956 ], [ 103.163276081000049, -4.010124040999926 ], [ 103.11992211900008, -4.015694227999973 ], [ 103.136146463000046, -4.045747478999942 ], [ 103.133402140000044, -4.07368403299995 ], [ 103.14893083000004, -4.091900212999974 ], [ 103.142111389000036, -4.097833609999952 ], [ 103.145645832000071, -4.115179573999967 ], [ 103.165160364000087, -4.117451467999956 ], [ 103.187437935000048, -4.164615725999965 ], [ 103.18228103000007, -4.178432409999971 ], [ 103.186849926000036, -4.217408585999976 ], [ 103.177750022000055, -4.240741559999947 ], [ 103.167337184000075, -4.247110500999952 ], [ 103.159249838000051, -4.23611666599993 ], [ 103.137799176000044, -4.257591870999931 ], [ 103.117121066000038, -4.24903741299994 ], [ 103.097372036000081, -4.253318003999937 ], [ 103.089106646000062, -4.266917798999941 ], [ 103.073304156000063, -4.26160638999994 ], [ 103.066300979000061, -4.253588356999956 ], [ 103.069759134000037, -4.24108892199996 ], [ 103.051133448000087, -4.218717175999927 ], [ 103.063141043000087, -4.21103267999996 ], [ 103.060288513000046, -4.195848106999961 ], [ 103.034671948000039, -4.172538462999967 ], [ 103.002707500000042, -4.160492221999959 ], [ 102.969924205000041, -4.123647237999933 ], [ 102.919638961000032, -4.096593128999928 ], [ 102.922038384000075, -4.076302501999976 ], [ 102.914098426000066, -4.06234085899996 ], [ 102.930751722000082, -4.048180455999955 ], [ 102.95842009100005, -4.054651977999924 ], [ 103.003749729000049, -4.016277290999938 ], [ 103.034773942000072, -4.020397823999929 ], [ 103.042277305000084, -4.011796827999945 ], [ 103.059936617000062, -4.015728906999925 ], [ 103.123598262000087, -4.006489755999951 ], [ 103.10689446400005, -3.974327374999973 ], [ 103.108489782000049, -3.932397785999967 ], [ 103.121209424000085, -3.900472020999928 ], [ 103.119324062000032, -3.868162716999962 ], [ 103.138080377000051, -3.816302354999948 ], [ 103.131862186000035, -3.802825109999958 ], [ 103.107206602000076, -3.794651473999977 ], [ 103.109787309000069, -3.783463137999945 ], [ 103.088161103000061, -3.765214226999944 ], [ 103.114021912000055, -3.73133603399998 ], [ 103.11926083700007, -3.709917599999926 ], [ 103.102404326000055, -3.653902525999968 ], [ 103.120282760000066, -3.630123419999961 ], [ 103.119884958000057, -3.613557484999944 ], [ 103.129902432000051, -3.613171356999942 ], [ 103.119618786000046, -3.611703303999946 ], [ 103.138694547000057, -3.586753146999968 ], [ 103.137747273000059, -3.556809512999962 ], [ 103.163104383000075, -3.561164265999935 ], [ 103.18006891400006, -3.531788905999974 ], [ 103.180683469000087, -3.521782874999928 ], [ 103.169304465000039, -3.519407843999943 ], [ 103.167844912000078, -3.508909407999965 ], [ 103.207855529000085, -3.497468321999975 ], [ 103.253554822000069, -3.499044708999975 ], [ 103.267748701000073, -3.507071290999932 ], [ 103.276351903000034, -3.500350619999949 ], [ 103.294423207000079, -3.518664095999952 ], [ 103.295410786000048, -3.512507740999979 ], [ 103.302005865000069, -3.52110823199996 ], [ 103.336008972000059, -3.524451796999927 ], [ 103.35704542600007, -3.540599545999953 ], [ 103.36472503300007, -3.532194759999925 ], [ 103.408932092000043, -3.52749026999993 ], [ 103.404607009000074, -3.505596171999969 ], [ 103.41146186800006, -3.502673202999972 ], [ 103.407729441000072, -3.491315258999975 ], [ 103.410893362000081, -3.490113453999925 ], [ 103.421272713000064, -3.501578365999933 ], [ 103.433233571000073, -3.50088505399998 ], [ 103.433889229000044, -3.51586118299997 ], [ 103.447964600000034, -3.508219313999973 ], [ 103.47080873200008, -3.532868486999973 ], [ 103.487101235000068, -3.530035419999933 ], [ 103.489967768000042, -3.544619699999942 ], [ 103.50511176200007, -3.553214827999966 ], [ 103.503841028000068, -3.569097453999973 ], [ 103.520496549000086, -3.571547775999932 ], [ 103.512842478000039, -3.575229638999929 ], [ 103.518386697000039, -3.598772345999976 ], [ 103.542659072000049, -3.589637245999938 ], [ 103.538305, -3.54782972199996 ] ] ] } },
{ "type": "Feature", "properties": { "kemendagri_kab_code": 1605, "kemendagri_kab_name": "Kabupaten Musi Rawas", "kemendagri_prov_code": 16, "kemendagri_prov_name": "Sumatera Selatan" }, "geometry": { "type": "Polygon", "coordinates": [ [ [ 103.650099755000042, -3.241697818999967 ], [ 103.632485242000087, -3.25474903099996 ], [ 103.605090706000055, -3.287483473999941 ], [ 103.618150855000067, -3.32441819099995 ], [ 103.616809551000074, -3.348814080999944 ], [ 103.626660202000039, -3.359414579999964 ], [ 103.610925179000049, -3.426075731999958 ], [ 103.593661824000037, -3.457292583999958 ], [ 103.571779108000044, -3.45623468499997 ], [ 103.560390649000055, -3.479273994999971 ], [ 103.540950894000048, -3.490146648999939 ], [ 103.549243136000086, -3.52590691599994 ], [ 103.537579263000055, -3.540041763999966 ], [ 103.542659072000049, -3.589637245999938 ], [ 103.518386697000039, -3.598772345999976 ], [ 103.512842478000039, -3.575229638999929 ], [ 103.520496549000086, -3.571547775999932 ], [ 103.503841028000068, -3.569097453999973 ], [ 103.50511176200007, -3.553214827999966 ], [ 103.489967768000042, -3.544619699999942 ], [ 103.487101235000068, -3.530035419999933 ], [ 103.47080873200008, -3.532868486999973 ], [ 103.447964600000034, -3.508219313999973 ], [ 103.433889229000044, -3.51586118299997 ], [ 103.433233571000073, -3.50088505399998 ], [ 103.421272713000064, -3.501578365999933 ], [ 103.416273519000072, -3.491978978999953 ], [ 103.407884972000033, -3.490944767999963 ], [ 103.411485930000083, -3.50257933599994 ], [ 103.404607009000074, -3.505596171999969 ], [ 103.408903697000085, -3.527516808999962 ], [ 103.36472503300007, -3.532194759999925 ], [ 103.35704542600007, -3.540599545999953 ], [ 103.336008972000059, -3.524451796999927 ], [ 103.302005865000069, -3.52110823199996 ], [ 103.295410786000048, -3.512507740999979 ], [ 103.294423207000079, -3.518664095999952 ], [ 103.276351903000034, -3.500350619999949 ], [ 103.270621635000055, -3.507186101999935 ], [ 103.253554822000069, -3.499044708999975 ], [ 103.202161588000081, -3.501308277999954 ], [ 103.175808546000042, -3.452445732999934 ], [ 103.101924225000062, -3.474950713999931 ], [ 103.044266712000081, -3.432591895999963 ], [ 103.042525892000072, -3.416662074999977 ], [ 102.998497222000083, -3.412893055999973 ], [ 102.988291745000083, -3.367651597999952 ], [ 102.966978056000073, -3.362349166999934 ], [ 102.959047506000047, -3.329883368999958 ], [ 102.95814501600006, -3.308855816999937 ], [ 102.976520602000051, -3.292468691999943 ], [ 102.966390300000057, -3.283590499999946 ], [ 102.965486588000033, -3.268500094999979 ], [ 102.927407499000083, -3.261510511999973 ], [ 102.930544112000064, -3.251396868999961 ], [ 102.949369116000071, -3.248613425999963 ], [ 102.954450613000063, -3.237011114999973 ], [ 102.939717673000075, -3.230966388999946 ], [ 102.930117616000075, -3.196040334999964 ], [ 102.914892552000083, -3.18979391299996 ], [ 102.924861655000086, -3.171927154999935 ], [ 102.917274046000045, -3.152012467999953 ], [ 102.911612521000052, -3.158573898999975 ], [ 102.892712682000081, -3.151049676999946 ], [ 102.882042787000046, -3.156895442999939 ], [ 102.861418721000064, -3.13069816999996 ], [ 102.854833119000034, -3.131751448999978 ], [ 102.837642293000044, -3.15107185599993 ], [ 102.832957764000071, -3.17643893199994 ], [ 102.811376352000082, -3.17874373199993 ], [ 102.80732002700006, -3.233655529999965 ], [ 102.770164988000033, -3.254023052999969 ], [ 102.777985208000075, -3.268531862999964 ], [ 102.767380156000058, -3.268779428999949 ], [ 102.753046882000035, -3.283324784999934 ], [ 102.758210840000061, -3.289885286999947 ], [ 102.751320416000056, -3.309116848999963 ], [ 102.739562615000068, -3.305090656999937 ], [ 102.674687249000044, -3.315696625999976 ], [ 102.63807816700006, -3.337774456999966 ], [ 102.632362037000064, -3.325980432999927 ], [ 102.624198253000088, -3.331865052999945 ], [ 102.610809588000052, -3.319090566999932 ], [ 102.592303293000043, -3.317175929999962 ], [ 102.567655855000055, -3.276592058999938 ], [ 102.545209893000049, -3.290894529999946 ], [ 102.54031531000004, -3.276633601999947 ], [ 102.494272149000039, -3.268369837999956 ], [ 102.484237624000059, -3.25447326799997 ], [ 102.493145018000064, -3.239446921999956 ], [ 102.484322363000047, -3.228203593999979 ], [ 102.49390509400007, -3.169066574999931 ], [ 102.483270822000065, -3.117926809999972 ], [ 102.486528715000077, -3.109910083999978 ], [ 102.584627906000037, -3.071370616999957 ], [ 102.596242356000062, -3.047059682999929 ], [ 102.616733081000064, -3.055491899999936 ], [ 102.635045705000039, -3.040852997999934 ], [ 102.672700322000082, -3.031362890999958 ], [ 102.697035069000037, -3.00639104499993 ], [ 102.712516294000068, -3.012406403999933 ], [ 102.729481457000077, -3.004849250999939 ], [ 102.741098664000049, -3.013899054999968 ], [ 102.747710147000078, -3.004092860999947 ], [ 102.778774138000074, -2.991622594999967 ], [ 102.815665066000065, -2.985048442999926 ], [ 102.82773159900006, -2.995509270999946 ], [ 102.847146002000045, -2.990614486999959 ], [ 102.856581043000062, -2.974703271999942 ], [ 102.869850776000078, -2.973025823999933 ], [ 102.873256839000078, -2.926833770999963 ], [ 102.91154986500004, -2.934500605999972 ], [ 102.901047995000056, -2.88597223599993 ], [ 102.946356570000034, -2.880983985999933 ], [ 103.014300410000033, -2.854419265999979 ], [ 103.026931587000036, -2.859484173999931 ], [ 103.100804426000082, -2.84572314299993 ], [ 103.102088546000061, -2.792537122999931 ], [ 103.119959940000058, -2.792536610999946 ], [ 103.119918526000049, -2.770713598999976 ], [ 103.169766938000066, -2.770633268999973 ], [ 103.173784750000038, -2.759103334999963 ], [ 103.203811275000078, -2.759244996999939 ], [ 103.204699890000086, -2.753638835999936 ], [ 103.231706236000036, -2.765928004999978 ], [ 103.271081593000076, -2.753055377999942 ], [ 103.337865090000037, -2.823082579999948 ], [ 103.352501531000087, -2.852385870999967 ], [ 103.433834323000042, -2.85419120399996 ], [ 103.435690486000055, -2.878250008999942 ], [ 103.411055568000052, -2.924722201999941 ], [ 103.426388902000042, -2.943361090999929 ], [ 103.44202778500005, -2.93692026399998 ], [ 103.443250012000078, -2.963277757999947 ], [ 103.456973436000055, -2.975798355999927 ], [ 103.475255333000064, -3.019189205999965 ], [ 103.483474897000065, -3.021181370999955 ], [ 103.478442273000041, -3.043250376999936 ], [ 103.509327141000085, -3.133720165999932 ], [ 103.521977824000032, -3.220565243999943 ], [ 103.533348338000053, -3.233224690999975 ], [ 103.554898789000049, -3.229663144999961 ], [ 103.562496736000071, -3.236199017999979 ], [ 103.583503123000071, -3.221625954999979 ], [ 103.595870368000078, -3.245487394999941 ], [ 103.63667552000004, -3.237391883999976 ], [ 103.650099755000042, -3.241697818999967 ] ] ] } },
{ "type": "Feature", "properties": { "kemendagri_kab_code": 1606, "kemendagri_kab_name": "Kabupaten Musi Banyuasin", "kemendagri_prov_code": 16, "kemendagri_prov_name": "Sumatera Selatan" }, "geometry": { "type": "Polygon", "coordinates": [ [ [ 104.175705788000073, -1.818699709999976 ], [ 104.200723320000066, -1.866398843999946 ], [ 104.294151870000064, -1.986090394999962 ], [ 104.338230699000064, -2.011011000999929 ], [ 104.35555449900005, -2.05526486499997 ], [ 104.37024124900006, -2.055280306999975 ], [ 104.371439518000045, -2.117747795999946 ], [ 104.383123855000065, -2.13216506599997 ], [ 104.383675744000072, -2.146177350999949 ], [ 104.400471834000086, -2.15047401399994 ], [ 104.429018126000074, -2.190931427999942 ], [ 104.455223141000033, -2.191202388999955 ], [ 104.455189634000078, -2.209333310999966 ], [ 104.468112870000084, -2.219718677999936 ], [ 104.488469847000033, -2.203901035999934 ], [ 104.510548180000058, -2.22963662899997 ], [ 104.564443332000053, -2.24709490999993 ], [ 104.609035684000048, -2.237661077999974 ], [ 104.633645041000079, -2.24099459599995 ], [ 104.68414787100005, -2.33517034099998 ], [ 104.659858348000057, -2.347654796999961 ], [ 104.642180990000043, -2.343280303999961 ], [ 104.605435278000073, -2.376921314999947 ], [ 104.548217928000042, -2.379305605999946 ], [ 104.538667794000048, -2.368137494999928 ], [ 104.520443882000052, -2.382722952999927 ], [ 104.514586908000069, -2.374482892999936 ], [ 104.47299675000005, -2.407639849999953 ], [ 104.474000734000072, -2.414192474999936 ], [ 104.378520329000082, -2.402794342999925 ], [ 104.342580791000046, -2.406574642999942 ], [ 104.279446477000079, -2.439794890999963 ], [ 104.142405713000073, -2.388379767999936 ], [ 104.093647698000041, -2.311809883999956 ], [ 104.061301467000078, -2.29648300599996 ], [ 104.038886984000044, -2.330209189999948 ], [ 104.054747021000082, -2.362079733999963 ], [ 104.061647397000058, -2.451772362999975 ], [ 104.079059270000073, -2.45175188199994 ], [ 104.083347226000058, -2.444872652999948 ], [ 104.076010550000035, -2.440236187999972 ], [ 104.076063588000068, -2.436768088999941 ], [ 104.095951558000081, -2.441519124999957 ], [ 104.101414984000087, -2.466275251999946 ], [ 104.13067404800006, -2.480936780999969 ], [ 104.134753058000058, -2.499497405999932 ], [ 104.146567784000069, -2.503504156999952 ], [ 104.152507980000053, -2.51771922699993 ], [ 104.151454008000087, -2.537464609999972 ], [ 104.140224749000083, -2.550968648999969 ], [ 104.209151150000082, -2.628747816999976 ], [ 104.228710318000083, -2.635291334999977 ], [ 104.25326635600004, -2.624155456999972 ], [ 104.280646019000073, -2.629739259999951 ], [ 104.302162036000084, -2.644447226999944 ], [ 104.294435216000068, -2.65895554399998 ], [ 104.267154622000078, -2.664421670999957 ], [ 104.262903963000042, -2.682198004999975 ], [ 104.225630884000054, -2.689045929999963 ], [ 104.195878214000061, -2.723470536999969 ], [ 104.19179564500007, -2.760634922999941 ], [ 104.171329391000086, -2.760605226999928 ], [ 104.170544622000079, -2.786317119999978 ], [ 104.178853511000057, -2.791072886999928 ], [ 104.185221306000074, -2.813116432999948 ], [ 104.176246631000083, -2.826304077999964 ], [ 104.170660497000085, -2.872323274999928 ], [ 104.183490712000037, -2.884687643999939 ], [ 104.229942320000077, -2.885165514999926 ], [ 104.231690125000057, -2.908391288999951 ], [ 104.211392041000067, -2.90823248099997 ], [ 104.20550062600006, -2.918840399999965 ], [ 104.175224388000061, -2.918547081999975 ], [ 104.176761692000071, -2.951052791999928 ], [ 104.164251045000071, -2.995643109999946 ], [ 104.165857641000059, -3.050337684999931 ], [ 104.141624539000077, -3.046523123999975 ], [ 104.132105236000086, -3.026626050999937 ], [ 104.135346651000077, -3.012610120999966 ], [ 104.127851349000082, -3.009183697999958 ], [ 104.064748043000066, -3.004400980999947 ], [ 104.019633462000058, -3.03017054399993 ], [ 103.950381232000041, -3.004182863999972 ], [ 103.92566768100005, -3.024236146999954 ], [ 103.911823064000032, -3.021666438999944 ], [ 103.889710412000056, -3.075837298999943 ], [ 103.848946703000081, -3.08298046799996 ], [ 103.835272624000083, -3.104353925999931 ], [ 103.819225342000038, -3.102987007999957 ], [ 103.811872807000043, -3.122332025999981 ], [ 103.791528416000062, -3.134538660999965 ], [ 103.797239122000065, -3.150385870999969 ], [ 103.780073509000033, -3.178955685999938 ], [ 103.797, -3.223472221999941 ], [ 103.795555556000068, -3.240513888999942 ], [ 103.783666667000034, -3.23925 ], [ 103.73624163900007, -3.261387726999942 ], [ 103.721930556000075, -3.255708332999973 ], [ 103.71586181400005, -3.236019289999945 ], [ 103.655018855000037, -3.26597292799994 ], [ 103.634443049000083, -3.26276140799996 ], [ 103.650099755000042, -3.241697818999967 ], [ 103.63667552000004, -3.237391883999976 ], [ 103.595870368000078, -3.245487394999941 ], [ 103.588222637000058, -3.22266944699993 ], [ 103.562496736000071, -3.236199017999979 ], [ 103.554898789000049, -3.229663144999961 ], [ 103.533348338000053, -3.233224690999975 ], [ 103.515771376000032, -3.209459485999957 ], [ 103.509327141000085, -3.133720165999932 ], [ 103.478442273000041, -3.043250376999936 ], [ 103.483474897000065, -3.021181370999955 ], [ 103.475255333000064, -3.019189205999965 ], [ 103.456973436000055, -2.975798355999927 ], [ 103.443250012000078, -2.963277757999947 ], [ 103.44202778500005, -2.93692026399998 ], [ 103.426388902000042, -2.943361090999929 ], [ 103.411055568000052, -2.924722201999941 ], [ 103.435690486000055, -2.878250008999942 ], [ 103.433834323000042, -2.85419120399996 ], [ 103.352501531000087, -2.852385870999967 ], [ 103.337865090000037, -2.823082579999948 ], [ 103.271081593000076, -2.753055377999942 ], [ 103.308666843000083, -2.73149643499994 ], [ 103.341334836000044, -2.694663592999973 ], [ 103.361412907000044, -2.573183615999938 ], [ 103.347273496000071, -2.569249499999955 ], [ 103.323854693000044, -2.537522223999929 ], [ 103.285359797000069, -2.511635422999973 ], [ 103.275825, -2.446763888999953 ], [ 103.26668611100007, -2.437416666999979 ], [ 103.249772222000047, -2.444480555999974 ], [ 103.226719444000082, -2.470055555999977 ], [ 103.200666667000064, -2.460733332999951 ], [ 103.200044444000071, -2.439044443999933 ], [ 103.143013889000088, -2.434719443999938 ], [ 103.116752778000034, -2.451491666999971 ], [ 103.08275, -2.432583332999968 ], [ 103.068025, -2.41243888899993 ], [ 103.079311111000038, -2.392872221999937 ], [ 103.066427778000048, -2.384905555999978 ], [ 103.051828038000053, -2.392332131999979 ], [ 103.038779712000064, -2.386862090999955 ], [ 103.02932555600006, -2.341625 ], [ 103.041325, -2.330553610999971 ], [ 103.039297500000032, -2.322185832999935 ], [ 103.055180556000039, -2.317341666999937 ], [ 103.06711666700005, -2.339861110999948 ], [ 103.131666667000047, -2.352777777999961 ], [ 103.154041667000058, -2.335583332999931 ], [ 103.21130555600007, -2.320277777999934 ], [ 103.198222222000084, -2.260555555999929 ], [ 103.1696, -2.238430555999969 ], [ 103.168722222000042, -2.221022221999931 ], [ 103.185044444000084, -2.200922221999974 ], [ 103.186969444000056, -2.184194443999957 ], [ 103.225825, -2.165433332999953 ], [ 103.23046944400005, -2.135758332999956 ], [ 103.25895, -2.133061110999961 ], [ 103.277583333000052, -2.147886110999934 ], [ 103.303361111000072, -2.199252777999959 ], [ 103.301088889000084, -2.221813888999975 ], [ 103.332666667000069, -2.249 ], [ 103.33836111100004, -2.271305555999959 ], [ 103.349305556000047, -2.265444443999968 ], [ 103.3595, -2.284972221999965 ], [ 103.382972222000035, -2.29475 ], [ 103.405777778000072, -2.33514444399998 ], [ 103.438388889000066, -2.342391666999958 ], [ 103.453805556000077, -2.359602777999953 ], [ 103.461944444000039, -2.339675 ], [ 103.447611111000072, -2.316166666999948 ], [ 103.461638889000085, -2.2965 ], [ 103.455638889000056, -2.277555555999925 ], [ 103.463138889000049, -2.265527777999978 ], [ 103.452083333000076, -2.221944443999973 ], [ 103.455138889000068, -2.185972221999975 ], [ 103.460194444000081, -2.17769444399994 ], [ 103.507008333000044, -2.173675 ], [ 103.559325, -2.137122221999959 ], [ 103.546, -2.136272221999945 ], [ 103.517293611000071, -2.114248888999953 ], [ 103.516869167000038, -2.092233332999967 ], [ 103.53225, -2.0915 ], [ 103.532222222000087, -2.07270833299998 ], [ 103.524638889000073, -2.072986110999977 ], [ 103.553566667000041, -2.042236110999966 ], [ 103.563111667000044, -2.042171943999961 ], [ 103.563924444000065, -2.016752777999955 ], [ 103.556641667000065, -2.017669443999978 ], [ 103.54274444400005, -1.986041666999938 ], [ 103.499997222000047, -1.982180555999946 ], [ 103.500288889000046, -1.959861110999952 ], [ 103.521444444000053, -1.906658332999939 ], [ 103.58622222200006, -1.86165555599996 ], [ 103.630333333000067, -1.841194443999939 ], [ 103.662043345000086, -1.846282776999942 ], [ 103.766111111000043, -1.816111110999941 ], [ 103.79527777800007, -1.825277777999929 ], [ 103.85, -1.816666666999936 ], [ 103.871944444000064, -1.80277777799995 ], [ 103.873333333000062, -1.788611110999966 ], [ 104.144566806000057, -1.715500332999966 ], [ 104.175705788000073, -1.818699709999976 ] ] ] } },
{ "type": "Feature", "properties": { "kemendagri_kab_code": 1607, "kemendagri_kab_name": "Kabupaten Banyuasin", "kemendagri_prov_code": 16, "kemendagri_prov_name": "Sumatera Selatan" }, "geometry": { "type": "MultiPolygon", "coordinates": [ [ [ [ 104.611915028000055, -2.959333685999979 ], [ 104.648759308000081, -2.987047663999931 ], [ 104.638840016000074, -2.998731217999932 ], [ 104.633722390000059, -2.994166531999952 ], [ 104.637700777000077, -3.012851681999962 ], [ 104.610828607000087, -3.048112222999976 ], [ 104.595676682000033, -3.053145843999971 ], [ 104.583070708000037, -3.048183350999977 ], [ 104.582771924000042, -3.034375248999936 ], [ 104.545019680000053, -3.033035827999925 ], [ 104.536001658000032, -3.057777122999937 ], [ 104.497556301000088, -3.080751774999953 ], [ 104.482073931000059, -3.072731535999935 ], [ 104.456390469000041, -3.080380615999957 ], [ 104.385670189000052, -3.061377371999924 ], [ 104.318292811000049, -3.054873912999938 ], [ 104.269589865000057, -3.021895449999931 ], [ 104.253415991000054, -3.032752998999968 ], [ 104.233041992000039, -3.020130001999974 ], [ 104.193082724000078, -3.051808107999932 ], [ 104.165857641000059, -3.050337684999931 ], [ 104.164251045000071, -2.995643109999946 ], [ 104.176761692000071, -2.951052791999928 ], [ 104.175224388000061, -2.918547081999975 ], [ 104.20550062600006, -2.918840399999965 ], [ 104.211392041000067, -2.90823248099997 ], [ 104.231690125000057, -2.908391288999951 ], [ 104.229942320000077, -2.885165514999926 ], [ 104.183490712000037, -2.884687643999939 ], [ 104.170660497000085, -2.872323274999928 ], [ 104.176246631000083, -2.826304077999964 ], [ 104.185221306000074, -2.813116432999948 ], [ 104.178853511000057, -2.791072886999928 ], [ 104.170544622000079, -2.786317119999978 ], [ 104.171329391000086, -2.760605226999928 ], [ 104.19179564500007, -2.760634922999941 ], [ 104.195878214000061, -2.723470536999969 ], [ 104.225630884000054, -2.689045929999963 ], [ 104.262903963000042, -2.682198004999975 ], [ 104.267154622000078, -2.664421670999957 ], [ 104.294435216000068, -2.65895554399998 ], [ 104.302162036000084, -2.644447226999944 ], [ 104.280646019000073, -2.629739259999951 ], [ 104.25326635600004, -2.624155456999972 ], [ 104.228710318000083, -2.635291334999977 ], [ 104.214005250000071, -2.632150444999979 ], [ 104.140224749000083, -2.550968648999969 ], [ 104.151454008000087, -2.537464609999972 ], [ 104.152507980000053, -2.51771922699993 ], [ 104.146567784000069, -2.503504156999952 ], [ 104.134753058000058, -2.499497405999932 ], [ 104.13067404800006, -2.480936780999969 ], [ 104.101414984000087, -2.466275251999946 ], [ 104.095951558000081, -2.441519124999957 ], [ 104.076063588000068, -2.436768088999941 ], [ 104.083347226000058, -2.444872652999948 ], [ 104.079059270000073, -2.45175188199994 ], [ 104.061647397000058, -2.451772362999975 ], [ 104.054747021000082, -2.362079733999963 ], [ 104.038886984000044, -2.330209189999948 ], [ 104.061301467000078, -2.29648300599996 ], [ 104.093647698000041, -2.311809883999956 ], [ 104.142405713000073, -2.388379767999936 ], [ 104.279446477000079, -2.439794890999963 ], [ 104.342580791000046, -2.406574642999942 ], [ 104.378520329000082, -2.402794342999925 ], [ 104.474000734000072, -2.414192474999936 ], [ 104.47299675000005, -2.407639849999953 ], [ 104.514586908000069, -2.374482892999936 ], [ 104.520443882000052, -2.382722952999927 ], [ 104.538667794000048, -2.368137494999928 ], [ 104.548217928000042, -2.379305605999946 ], [ 104.605435278000073, -2.376921314999947 ], [ 104.642180990000043, -2.343280303999961 ], [ 104.659858348000057, -2.347654796999961 ], [ 104.68414787100005, -2.33517034099998 ], [ 104.633645041000079, -2.24099459599995 ], [ 104.609035684000048, -2.237661077999974 ], [ 104.564443332000053, -2.24709490999993 ], [ 104.510548180000058, -2.22963662899997 ], [ 104.488469847000033, -2.203901035999934 ], [ 104.468112870000084, -2.219718677999936 ], [ 104.455189634000078, -2.209333310999966 ], [ 104.455223141000033, -2.191202388999955 ], [ 104.429018126000074, -2.190931427999942 ], [ 104.400471834000086, -2.15047401399994 ], [ 104.383675744000072, -2.146177350999949 ], [ 104.383123855000065, -2.13216506599997 ], [ 104.371439518000045, -2.117747795999946 ], [ 104.37024124900006, -2.055280306999975 ], [ 104.35555449900005, -2.05526486499997 ], [ 104.338230699000064, -2.011011000999929 ], [ 104.291551216000073, -1.982884894999927 ], [ 104.200723320000066, -1.866398843999946 ], [ 104.162750874000039, -1.792661469999928 ], [ 104.144566806000057, -1.715500332999966 ], [ 104.419113578000065, -1.626964972999929 ], [ 104.42490104400008, -1.633795393999947 ], [ 104.430425789000083, -1.628689670999961 ], [ 104.434229045000052, -1.640882430999966 ], [ 104.44904150800005, -1.635588677999976 ], [ 104.457780082000056, -1.646993102999943 ], [ 104.46427443500005, -1.64187721899998 ], [ 104.461782964000065, -1.650899230999926 ], [ 104.474960727000052, -1.653434355999934 ], [ 104.469183275000034, -1.660030197999959 ], [ 104.481057407000037, -1.656484577999947 ], [ 104.492676862000053, -1.681202951999978 ], [ 104.507415733000073, -1.685954119999963 ], [ 104.525571912000032, -1.711786666999956 ], [ 104.507312722000052, -1.720818338999948 ], [ 104.505344888000081, -1.723181887999942 ], [ 104.502849232000074, -1.732781683999974 ], [ 104.502557638000042, -1.740370245999941 ], [ 104.508217281000043, -1.750420413999962 ], [ 104.502590315000077, -1.756330607999928 ], [ 104.496206296000082, -1.765578984999934 ], [ 104.497359395000046, -1.779364151999971 ], [ 104.485187987000074, -1.784316869999941 ], [ 104.483620096000038, -1.786869072999934 ], [ 104.503609568000059, -1.809338794999974 ], [ 104.472023539000077, -1.856836733999955 ], [ 104.478865086000042, -1.877904970999964 ], [ 104.472178739000071, -1.912976213999968 ], [ 104.485059766000063, -1.913464915999953 ], [ 104.493074084000057, -1.92318940399997 ], [ 104.50477666900008, -1.96922782799993 ], [ 104.523041505000037, -1.981052686999931 ], [ 104.535736756000063, -1.981188660999976 ], [ 104.542175741000051, -1.989305617999946 ], [ 104.561968982000053, -1.999286932999951 ], [ 104.588997347000088, -2.007969266999964 ], [ 104.611272674000077, -2.005761572999972 ], [ 104.635553513000048, -1.973323065999978 ], [ 104.654853508000087, -1.964431394999963 ], [ 104.698626096000055, -1.999109524999938 ], [ 104.721010999000043, -1.994074940999951 ], [ 104.827553008000052, -2.003825548999941 ], [ 104.859690840000042, -2.029208499999925 ], [ 104.890987490000043, -2.079273498999953 ], [ 104.900624220000054, -2.111616064999964 ], [ 104.902520695000078, -2.190871288999972 ], [ 104.844222689000048, -2.248668598999927 ], [ 104.828379385000062, -2.250345707999941 ], [ 104.78867703700007, -2.280255025999963 ], [ 104.765596324000057, -2.31229547099997 ], [ 104.743200073000082, -2.359414916999981 ], [ 104.70139916800008, -2.342428093999956 ], [ 104.702237394000065, -2.363072486999954 ], [ 104.728221763000079, -2.380742207999958 ], [ 104.730023090000088, -2.390042899999969 ], [ 104.754199527000083, -2.395184848999975 ], [ 104.758291927000073, -2.386917063999931 ], [ 104.787635913000088, -2.383769637999933 ], [ 104.839051569000048, -2.337715566999975 ], [ 104.844572127000049, -2.324263720999966 ], [ 104.83764020600006, -2.300852223999925 ], [ 104.846376834000068, -2.286058290999961 ], [ 104.900525220000077, -2.279091113999925 ], [ 104.912299860000076, -2.279720276999967 ], [ 104.918133749000049, -2.288995272999955 ], [ 104.910116254000059, -2.336349713999937 ], [ 104.92585295400005, -2.341399176999971 ], [ 104.960668157000043, -2.328550937999978 ], [ 105.006808593000073, -2.333112238999945 ], [ 105.038431284000069, -2.352458218999971 ], [ 105.045644177000042, -2.376362659999927 ], [ 105.077107985000055, -2.360801186999936 ], [ 105.105100814000082, -2.368548934999978 ], [ 105.108908543000041, -2.382911718999935 ], [ 105.159169105000046, -2.347947185999942 ], [ 105.209786583000039, -2.32603396199994 ], [ 105.297115473000076, -2.373527086999957 ], [ 105.418672124000068, -2.390833813999961 ], [ 105.481100721000075, -2.386288470999943 ], [ 105.557195308000075, -2.401054357999953 ], [ 105.571267712000065, -2.411831623999944 ], [ 105.525491748000036, -2.423102335999943 ], [ 105.494654640000078, -2.44055721899997 ], [ 105.494801632000076, -2.451034040999957 ], [ 105.480790110000044, -2.44659379999996 ], [ 105.470182874000045, -2.45626413399998 ], [ 105.47237913400005, -2.464313628999946 ], [ 105.427462429000059, -2.448412463999944 ], [ 105.400403462000043, -2.457540225999935 ], [ 105.377892584000051, -2.445290612999941 ], [ 105.360835019000035, -2.453287089999947 ], [ 105.351215649000039, -2.445511625999927 ], [ 105.334369669000068, -2.448183158999939 ], [ 105.334852914000066, -2.460624291999977 ], [ 105.306404760000078, -2.488650982999957 ], [ 105.312205696000035, -2.499474202999977 ], [ 105.28552430600007, -2.508956677999947 ], [ 105.252800778000051, -2.553197940999951 ], [ 105.228718916000048, -2.541844865999963 ], [ 105.200839360000089, -2.582293767999943 ], [ 105.20982734200004, -2.606687116999979 ], [ 105.205132843000058, -2.631201317999967 ], [ 105.199552768000046, -2.637403629999937 ], [ 105.179632999000034, -2.634612417999961 ], [ 105.174090799000055, -2.647180786999968 ], [ 105.195486360000075, -2.657155174999957 ], [ 105.21469225900006, -2.685386636999965 ], [ 105.215436511000064, -2.718860372999927 ], [ 105.205595292000055, -2.732051303999981 ], [ 105.219935295000084, -2.747570873999962 ], [ 105.255154935000064, -2.756151253999974 ], [ 105.256318739000051, -2.789433741999972 ], [ 105.248733559000073, -2.807163875999947 ], [ 105.278179302000069, -2.826675120999937 ], [ 105.278603312000087, -2.851591460999941 ], [ 105.257144835000076, -2.85578690799997 ], [ 105.259011333000046, -2.882330605999925 ], [ 105.270615300000088, -2.898013972999934 ], [ 105.285238072000084, -2.882723483999939 ], [ 105.298965647000045, -2.904064575999939 ], [ 105.30075041200007, -2.934777055999973 ], [ 105.289655411000069, -2.938629202999948 ], [ 105.288505872000087, -2.957964022999931 ], [ 105.305086933000041, -2.97830694299995 ], [ 105.292959393000046, -2.993965945999946 ], [ 105.281086686000037, -2.975330165999935 ], [ 105.260284818000059, -2.982551845999978 ], [ 105.254313453000066, -3.003976489999957 ], [ 105.232711964000032, -3.02077393299993 ], [ 105.217109966000066, -3.101429692999943 ], [ 105.209048075000055, -3.109718363999946 ], [ 105.189098814000033, -3.106827104999979 ], [ 105.180631027000061, -3.059360399999946 ], [ 105.140896944000076, -2.951844944999948 ], [ 105.131147256000077, -2.942408055999977 ], [ 105.118727322000041, -2.946039488999929 ], [ 105.083275554000068, -3.000057677999962 ], [ 105.084250679000036, -3.104931941999951 ], [ 105.062485175000063, -3.104071077999947 ], [ 105.044420728000034, -3.114014059999931 ], [ 105.050271990000056, -3.148477474999936 ], [ 105.031762513000047, -3.146587891999957 ], [ 105.000444703000085, -3.157199599999956 ], [ 104.984184375000041, -3.15291880999996 ], [ 104.961371860000042, -3.168399465999926 ], [ 104.94252676900004, -3.158128315999932 ], [ 104.923238305000041, -3.15940158899997 ], [ 104.901919449000047, -3.148869800999933 ], [ 104.902614137000057, -3.141455144999952 ], [ 104.88370261700004, -3.142206519999945 ], [ 104.886913255000081, -3.107279395999967 ], [ 104.880035733000057, -3.098925215999941 ], [ 104.854852539000035, -3.109981518999973 ], [ 104.830301281000061, -3.090751601999955 ], [ 104.830098392000082, -3.074040903999958 ], [ 104.802298758000063, -3.072154678999937 ], [ 104.798078421000071, -3.061933533999934 ], [ 104.806064069000058, -3.055383522999932 ], [ 104.790229913000076, -3.053488604999927 ], [ 104.788403759000062, -3.02885263099995 ], [ 104.804813022000076, -3.029370680999932 ], [ 104.806495010000049, -3.03773659999996 ], [ 104.811351883000043, -3.040538082999944 ], [ 104.808615529000065, -3.02038756099995 ], [ 104.827820244000065, -3.020819875999962 ], [ 104.836564638000084, -3.013372667999931 ], [ 104.834597670000051, -2.986715628999946 ], [ 104.861820484000077, -2.968410444999961 ], [ 104.864094374000047, -2.946195369999941 ], [ 104.854681262000042, -2.94738259899998 ], [ 104.842660791000071, -2.920068933999971 ], [ 104.851319361000037, -2.907819873999927 ], [ 104.833214045000034, -2.895815935999963 ], [ 104.819617228000084, -2.916371482999978 ], [ 104.789796392000085, -2.907452337999928 ], [ 104.78841052100006, -2.900692760999959 ], [ 104.768335283000056, -2.916012979999948 ], [ 104.727348105000033, -2.896858861999931 ], [ 104.72497958200006, -2.87144521099998 ], [ 104.714412408000044, -2.865614558999937 ], [ 104.710141902000032, -2.875928272999943 ], [ 104.683914444000038, -2.870739970999978 ], [ 104.66632984000006, -2.891336506999949 ], [ 104.68206487100008, -2.908663779999927 ], [ 104.674971748000075, -2.917711692999944 ], [ 104.679527596000071, -2.963963040999943 ], [ 104.656225060000054, -2.97398117299997 ], [ 104.634606986000051, -2.957122406999929 ], [ 104.644943635000061, -2.95110806799994 ], [ 104.643352483000058, -2.934341970999981 ], [ 104.623409892000041, -2.928300100999934 ], [ 104.611915028000055, -2.959333685999979 ] ], [ [ 104.618466242000068, -2.965807896999934 ], [ 104.618537656000058, -2.965843826999958 ], [ 104.618530585000087, -2.965822475999971 ], [ 104.618466242000068, -2.965807896999934 ] ] ], [ [ [ 104.703600335000033, -2.362216729999943 ], [ 104.702454948000081, -2.360823297999957 ], [ 104.702716354000074, -2.357908364999957 ], [ 104.703600335000033, -2.362216729999943 ] ] ], [ [ [ 104.708585648000053, -2.357658180999977 ], [ 104.703933507000045, -2.363111938999964 ], [ 104.703364266000051, -2.352895922999949 ], [ 104.708585648000053, -2.357658180999977 ] ] ], [ [ [ 104.761545071000057, -2.351223829999981 ], [ 104.753266770000039, -2.346899182999948 ], [ 104.770531371000061, -2.317149721999954 ], [ 104.769104675000051, -2.334677158999966 ], [ 104.761545071000057, -2.351223829999981 ] ] ], [ [ [ 104.917585805000044, -2.284470177999935 ], [ 104.915768194000066, -2.283711466999932 ], [ 104.915802114000087, -2.282252614999948 ], [ 104.917585805000044, -2.284470177999935 ] ] ], [ [ [ 104.91756214600008, -2.275381507999953 ], [ 104.916503564000038, -2.273752395999963 ], [ 104.917059511000048, -2.273329355999977 ], [ 104.91756214600008, -2.275381507999953 ] ] ], [ [ [ 104.554349235000075, -1.854160212999943 ], [ 104.58953590200008, -1.871235446999947 ], [ 104.643236344000059, -1.922448970999938 ], [ 104.641307747000042, -1.935918012999934 ], [ 104.62600369200004, -1.938693170999954 ], [ 104.607946005000088, -1.961503684999968 ], [ 104.616699370000049, -1.982685888999924 ], [ 104.603274733000035, -2.000902613999926 ], [ 104.56476875900006, -1.997527629999979 ], [ 104.536094408000054, -1.980239640999969 ], [ 104.523899472000039, -1.97966736799998 ], [ 104.506132661000038, -1.965251735999971 ], [ 104.501381653000067, -1.938495671999931 ], [ 104.519462073000057, -1.925984049999954 ], [ 104.539917757000069, -1.861195006999935 ], [ 104.554349235000075, -1.854160212999943 ] ] ], [ [ [ 104.541478979000033, -1.783685873999957 ], [ 104.529328903000078, -1.799718558999928 ], [ 104.510441030000038, -1.806606274999979 ], [ 104.485107206000066, -1.786059986999931 ], [ 104.498173395000038, -1.779633545999957 ], [ 104.496698670000058, -1.765676471999939 ], [ 104.508885746000033, -1.750360029999968 ], [ 104.506206193000082, -1.723068067999975 ], [ 104.52031131800004, -1.715895745999944 ], [ 104.533955966000065, -1.733469354999954 ], [ 104.541478979000033, -1.783685873999957 ] ] ] ] } },
{ "type": "Feature", "properties": { "kemendagri_kab_code": 1608, "kemendagri_kab_name": "Kabupaten Ogan Komering Ulu Timur", "kemendagri_prov_code": 16, "kemendagri_prov_name": "Sumatera Selatan" }, "geometry": { "type": "Polygon", "coordinates": [ [ [ 104.658794025000077, -3.615822889999947 ], [ 104.675171858000056, -3.621997060999945 ], [ 104.680857, -3.637830118999943 ], [ 104.704812471000082, -3.620156846999976 ], [ 104.698107804000074, -3.660068720999959 ], [ 104.71897922800008, -3.657029650999959 ], [ 104.710966965000068, -3.66545982599996 ], [ 104.721754073000056, -3.679108337999935 ], [ 104.753452543000037, -3.685932216999959 ], [ 104.760102352000047, -3.705211396999971 ], [ 104.773604293000062, -3.70914647799998 ], [ 104.776615115000084, -3.728879096999947 ], [ 104.801577115000043, -3.735155801999952 ], [ 104.799402108000038, -3.756955782999967 ], [ 104.832643914000073, -3.745756104999941 ], [ 104.868791727000087, -3.790661303999968 ], [ 104.877123160000053, -3.809978546999957 ], [ 104.871646454000086, -3.838546820999966 ], [ 104.877474132000089, -3.860572869999942 ], [ 104.86059730900007, -3.873925117999931 ], [ 104.849248712000076, -3.910779719999937 ], [ 104.887580781000054, -3.909903390999943 ], [ 104.897717833000058, -3.925097153999957 ], [ 104.854495470000074, -3.953617934999954 ], [ 104.867490198000041, -3.957596274999958 ], [ 104.899737111000036, -3.941619924999941 ], [ 104.905859112000087, -3.947841290999975 ], [ 104.927787648000049, -3.945136673999968 ], [ 104.925729034000085, -3.974847950999958 ], [ 104.905578812000044, -4.012007227999959 ], [ 104.872648644000037, -4.021033410999962 ], [ 104.853071961000069, -4.036312079999959 ], [ 104.846921159000033, -4.053751039999952 ], [ 104.830089024000074, -4.060472551999965 ], [ 104.825817736000033, -4.070567678999964 ], [ 104.834555969000064, -4.099361981999948 ], [ 104.821434418000081, -4.109865913999954 ], [ 104.80416905900006, -4.110121994999929 ], [ 104.790457934000074, -4.126986831999943 ], [ 104.785912377000045, -4.170737694999957 ], [ 104.776793199000053, -4.174378900999955 ], [ 104.760038696000038, -4.212807634999933 ], [ 104.746513897000057, -4.223515540999927 ], [ 104.74968743900007, -4.24364002599998 ], [ 104.738905030000069, -4.254290538999953 ], [ 104.70639660900008, -4.259328792999952 ], [ 104.686748229000045, -4.249847179999961 ], [ 104.678653360000055, -4.257366297999965 ], [ 104.649599510000087, -4.242913202999944 ], [ 104.627402246000088, -4.244385375999968 ], [ 104.621150530000079, -4.225579916999948 ], [ 104.628130075000058, -4.219730517999949 ], [ 104.621069886000043, -4.213937241999929 ], [ 104.584858333000057, -4.243225 ], [ 104.524777778000043, -4.264286110999933 ], [ 104.523989814000061, -4.277674495999975 ], [ 104.507872484000075, -4.279835471999945 ], [ 104.492188141000042, -4.298210447999963 ], [ 104.483875333000071, -4.291408902999933 ], [ 104.472131986000079, -4.31183245099993 ], [ 104.460678010000038, -4.311438588999977 ], [ 104.449682877000043, -4.298486024999931 ], [ 104.434855395000056, -4.306505585999957 ], [ 104.435456297000087, -4.315848591999952 ], [ 104.41393675900008, -4.33622190799997 ], [ 104.384010113000045, -4.347673946999976 ], [ 104.379060462000041, -4.373952685999939 ], [ 104.348921682000082, -4.39803123799993 ], [ 104.321806110000068, -4.458264166999925 ], [ 104.329197221000072, -4.514238888999955 ], [ 104.310565109000038, -4.51267452999997 ], [ 104.323277777000044, -4.556466666999938 ], [ 104.334620211000072, -4.556548777999978 ], [ 104.340761916000076, -4.602296627999976 ], [ 104.324339203000079, -4.627394852999942 ], [ 104.316218709000054, -4.626209271999926 ], [ 104.299524812000072, -4.644140021999931 ], [ 104.280665977000069, -4.624936962999925 ], [ 104.277359032000049, -4.579187988999934 ], [ 104.24928189600007, -4.534183951999978 ], [ 104.24488918600008, -4.512634726999977 ], [ 104.224226, -4.490944 ], [ 104.212394111000037, -4.44276941499993 ], [ 104.196198, -4.439137 ], [ 104.151293465000037, -4.405822763999936 ], [ 104.174831358000063, -4.414544005999971 ], [ 104.189294740000037, -4.407744389999948 ], [ 104.19577257800006, -4.394690882999953 ], [ 104.218606161000082, -4.401075378999963 ], [ 104.240331833000084, -4.33220408699998 ], [ 104.220762601000047, -4.30503897899996 ], [ 104.231053215000088, -4.27944370299997 ], [ 104.22622182300006, -4.249923727999942 ], [ 104.260702241000047, -4.246085591999929 ], [ 104.289944749000085, -4.211968856999931 ], [ 104.321589544000062, -4.207918344999939 ], [ 104.334492096000076, -4.178740053999945 ], [ 104.323108694000041, -4.15453436699994 ], [ 104.323243694000041, -4.130989764999981 ], [ 104.313844434000032, -4.11963641799997 ], [ 104.319188361000045, -4.095509162999974 ], [ 104.308471185000087, -4.074702770999977 ], [ 104.340603282000075, -4.050959023999951 ], [ 104.350940225000045, -4.012618037999971 ], [ 104.378151703000071, -4.01080157399997 ], [ 104.415071931000057, -3.994196434999935 ], [ 104.403110965000053, -3.983352217999936 ], [ 104.413952897000058, -3.984058091999941 ], [ 104.404215828000076, -3.974373194999941 ], [ 104.418271401000084, -3.983677947999979 ], [ 104.418502768000053, -3.973852369999975 ], [ 104.421036417000039, -3.981094852999945 ], [ 104.423258302000079, -3.976367498999934 ], [ 104.420754522000038, -3.986958530999971 ], [ 104.422973625000054, -3.989109413999927 ], [ 104.43646973400007, -3.980174379999937 ], [ 104.445362295000052, -3.958207798999979 ], [ 104.45716628200006, -3.952169221999952 ], [ 104.479376953000042, -3.956618166999931 ], [ 104.465381499000046, -3.933888 ], [ 104.489602360000049, -3.918310206999934 ], [ 104.493640521000088, -3.901564364999956 ], [ 104.523293568000042, -3.89247090899994 ], [ 104.541600957000071, -3.872476445999951 ], [ 104.567736405000062, -3.862900515999968 ], [ 104.556273913000041, -3.846814777999953 ], [ 104.572415148000061, -3.821186853999961 ], [ 104.556388889000061, -3.803055555999947 ], [ 104.6075, -3.721944443999973 ], [ 104.622438328000044, -3.711893327999974 ], [ 104.635347455000044, -3.653406212999926 ], [ 104.664551416000052, -3.646155697999973 ], [ 104.647365542000045, -3.621867842999961 ], [ 104.667826270000035, -3.634438566999961 ], [ 104.67285409200008, -3.624195167999972 ], [ 104.666393716000073, -3.620972068999947 ], [ 104.66454052000006, -3.627374460999931 ], [ 104.658794025000077, -3.615822889999947 ] ], [ [ 104.737088952000079, -4.229398099999969 ], [ 104.736948690000077, -4.229647770999975 ], [ 104.737044450000042, -4.229477987999928 ], [ 104.737088952000079, -4.229398099999969 ] ] ] } },
{ "type": "Feature", "properties": { "kemendagri_kab_code": 1609, "kemendagri_kab_name": "Kabupaten Ogan Komering Ulu Selatan", "kemendagri_prov_code": 16, "kemendagri_prov_name": "Sumatera Selatan" }, "geometry": { "type": "Polygon", "coordinates": [ [ [ 103.791077273000042, -4.226554718999978 ], [ 103.795747445000075, -4.236772170999927 ], [ 103.836418234000064, -4.237037960999942 ], [ 103.837736735000078, -4.24800057899995 ], [ 103.849797174000059, -4.248975944999927 ], [ 103.866453375000049, -4.269677664999961 ], [ 103.870007272000066, -4.284616331999928 ], [ 103.889696427000047, -4.285985392999976 ], [ 103.887244655000075, -4.299910184999931 ], [ 103.916684075000035, -4.343660481999962 ], [ 103.941609974000073, -4.351908021999975 ], [ 103.95606527800004, -4.380355884999972 ], [ 103.94968532300004, -4.395534300999941 ], [ 103.959044048000067, -4.398919434999925 ], [ 103.974233579000042, -4.437682439999946 ], [ 103.969856101000062, -4.453008231999945 ], [ 103.98015852900005, -4.459785788999966 ], [ 104.005890137000051, -4.462958947999937 ], [ 104.013230964000059, -4.448408570999959 ], [ 104.045588993000081, -4.458115821999968 ], [ 104.151293465000037, -4.405822763999936 ], [ 104.196198, -4.439137 ], [ 104.212394111000037, -4.44276941499993 ], [ 104.224226, -4.490944 ], [ 104.24488918600008, -4.512634726999977 ], [ 104.24928189600007, -4.534183951999978 ], [ 104.277359032000049, -4.579187988999934 ], [ 104.280665977000069, -4.624936962999925 ], [ 104.299273889000062, -4.643986666999979 ], [ 104.287216478000062, -4.683716851999975 ], [ 104.289872846000037, -4.704235147999952 ], [ 104.307917086000032, -4.704965629999947 ], [ 104.312582012000064, -4.723859994999941 ], [ 104.305900044000055, -4.730641031999937 ], [ 104.304174471000067, -4.765171692999957 ], [ 104.334099199000036, -4.818189626999981 ], [ 104.347326132000035, -4.82460924399993 ], [ 104.369049415000063, -4.821730526999943 ], [ 104.335195231000057, -4.871808096999928 ], [ 104.285113931000069, -4.855699585999957 ], [ 104.269919019000042, -4.876682604999928 ], [ 104.253574693000076, -4.882890220999968 ], [ 104.234069236000039, -4.880808200999979 ], [ 104.215368993000084, -4.858943886999953 ], [ 104.191297440000085, -4.863022542999943 ], [ 104.192263561000061, -4.875636458999963 ], [ 104.177302006000048, -4.902304203999961 ], [ 104.144430877000048, -4.923756524999931 ], [ 104.141633851000051, -4.918121750999944 ], [ 104.121622405000039, -4.924159181999926 ], [ 104.092707476000044, -4.918190913999979 ], [ 104.071166848000075, -4.908023605999972 ], [ 104.060816632000069, -4.886004458999935 ], [ 104.048800921000066, -4.901709902999926 ], [ 104.013558226000043, -4.907860151999955 ], [ 104.005720729000075, -4.902451865999979 ], [ 103.997892164000064, -4.910767010999962 ], [ 103.988764976000084, -4.906263801999955 ], [ 103.976247165000075, -4.913120234999951 ], [ 103.961563843000079, -4.910482681999952 ], [ 103.935599130000071, -4.884599385999934 ], [ 103.84597989100007, -4.919263043999933 ], [ 103.865208286000041, -4.882547487999943 ], [ 103.869470637000063, -4.856423981999967 ], [ 103.845407054000077, -4.822869066999942 ], [ 103.825284918000079, -4.822625522999942 ], [ 103.826270345000069, -4.801544578999938 ], [ 103.798835207000081, -4.791271536999943 ], [ 103.797808494000037, -4.781073368999955 ], [ 103.763265524000076, -4.742340941999942 ], [ 103.735261194000088, -4.743930653999939 ], [ 103.701283102000048, -4.722998711999935 ], [ 103.668346677000045, -4.728795432999959 ], [ 103.704673243000059, -4.704077737999967 ], [ 103.702352377000068, -4.664360851999959 ], [ 103.685591509000062, -4.645735266999964 ], [ 103.686363281000069, -4.634697353999968 ], [ 103.66802014600006, -4.626462343999947 ], [ 103.661138945000062, -4.610391945999936 ], [ 103.62743327000004, -4.594610541999941 ], [ 103.598697385000037, -4.593418014999941 ], [ 103.63006265100006, -4.557530859999929 ], [ 103.621474167000088, -4.533174071999952 ], [ 103.593117670000083, -4.522880492999946 ], [ 103.571562360000087, -4.525150335999967 ], [ 103.527490901000078, -4.572205040999961 ], [ 103.487425246000043, -4.577946994999934 ], [ 103.422701753000069, -4.516791800999954 ], [ 103.420898343000033, -4.505951091999975 ], [ 103.408286673000077, -4.503876676999937 ], [ 103.412969862000068, -4.466508053999974 ], [ 103.420398177000038, -4.467383843999926 ], [ 103.426248600000065, -4.455771414999958 ], [ 103.430571519000068, -4.413592809999955 ], [ 103.424903724000046, -4.401350947999958 ], [ 103.439168664000078, -4.39547582199998 ], [ 103.435920947000056, -4.386491876999969 ], [ 103.467488093000043, -4.354909760999931 ], [ 103.504277226000056, -4.360900671999957 ], [ 103.518138252000085, -4.376844964999975 ], [ 103.536606677000066, -4.366165943999931 ], [ 103.545001415000058, -4.371134257999927 ], [ 103.559034524000083, -4.356488199999944 ], [ 103.583209848000081, -4.353490078999926 ], [ 103.601803223000047, -4.363120842999933 ], [ 103.626289444000065, -4.273308888999964 ], [ 103.706229745000087, -4.276247076999937 ], [ 103.733568995000041, -4.250556633999963 ], [ 103.763253037000084, -4.248198923999951 ], [ 103.791077273000042, -4.226554718999978 ] ] ] } },
{ "type": "Feature", "properties": { "kemendagri_kab_code": 1610, "kemendagri_kab_name": "Kabupaten Ogan Ilir", "kemendagri_prov_code": 16, "kemendagri_prov_name": "Sumatera Selatan" }, "geometry": { "type": "Polygon", "coordinates": [ [ [ 104.778042604000063, -3.051627870999937 ], [ 104.806064069000058, -3.055383522999932 ], [ 104.795379030000049, -3.077289217999976 ], [ 104.791906863000065, -3.113645092999946 ], [ 104.799912323000058, -3.120553023999946 ], [ 104.793033058000049, -3.13096199499995 ], [ 104.814135845000067, -3.132839959999956 ], [ 104.818208859000038, -3.143490208999935 ], [ 104.805294998000079, -3.153849375999926 ], [ 104.812323617000061, -3.15760789899997 ], [ 104.808936771000049, -3.168165285999976 ], [ 104.799094404000073, -3.173190840999951 ], [ 104.807004229000086, -3.177933054999926 ], [ 104.798611960000073, -3.186576809999963 ], [ 104.811005421000061, -3.203414253999938 ], [ 104.81336507900005, -3.237626510999974 ], [ 104.790639139000064, -3.237809296999956 ], [ 104.793022017000055, -3.248282866999944 ], [ 104.786992014000077, -3.249039510999978 ], [ 104.787936774000059, -3.258135428999935 ], [ 104.801783249000039, -3.266769335999925 ], [ 104.798746237000046, -3.27381338999993 ], [ 104.808940743000051, -3.272934205999945 ], [ 104.826383643000042, -3.318746390999934 ], [ 104.805777836000061, -3.412130678999972 ], [ 104.814083333000042, -3.417416666999941 ], [ 104.816097, -3.450586 ], [ 104.785501257000078, -3.467117066999947 ], [ 104.768292063000047, -3.460687337999957 ], [ 104.748800914000071, -3.487381220999964 ], [ 104.735221653000053, -3.48400894699995 ], [ 104.72600039200006, -3.466468370999962 ], [ 104.700899984000046, -3.46663263399995 ], [ 104.668237549000082, -3.499040838999974 ], [ 104.660759443000074, -3.495893670999976 ], [ 104.659518367000032, -3.517070713999942 ], [ 104.649046866000049, -3.52858538199996 ], [ 104.649314140000058, -3.560661169999946 ], [ 104.639525141000036, -3.573595638999961 ], [ 104.64330760200005, -3.581686421999962 ], [ 104.651342671000066, -3.57591932899993 ], [ 104.631358778000049, -3.603675339999938 ], [ 104.639327046000062, -3.628801630999931 ], [ 104.660019444000056, -3.650380555999959 ], [ 104.635347455000044, -3.653406212999926 ], [ 104.622438328000044, -3.711893327999974 ], [ 104.6075, -3.721944443999973 ], [ 104.556388889000061, -3.803055555999947 ], [ 104.544454938000058, -3.792903476999925 ], [ 104.539650461000065, -3.799331276999965 ], [ 104.531106496000064, -3.788202168999931 ], [ 104.518165687000078, -3.794223957999975 ], [ 104.507945269000061, -3.783350040999949 ], [ 104.499218346000077, -3.785430863999977 ], [ 104.489758453000036, -3.769500738999966 ], [ 104.465121234000037, -3.760617107999963 ], [ 104.463320256000088, -3.747926676999953 ], [ 104.453952170000036, -3.744923527999958 ], [ 104.397315732000038, -3.766316167999946 ], [ 104.366943594000077, -3.75715744799993 ], [ 104.375205780000044, -3.691664105999962 ], [ 104.451408953000055, -3.644001800999945 ], [ 104.467486134000069, -3.614631215999964 ], [ 104.454972901000076, -3.594981246999964 ], [ 104.455819029000054, -3.578790831999925 ], [ 104.415994393000062, -3.56298529399993 ], [ 104.414088906000075, -3.572718571999928 ], [ 104.390691754000045, -3.590303915999925 ], [ 104.358009662000086, -3.589265381999951 ], [ 104.348804235000046, -3.600083100999939 ], [ 104.320861836000063, -3.609236368999973 ], [ 104.31769012500007, -3.538704374999952 ], [ 104.348834624000062, -3.531812787999968 ], [ 104.385137471000064, -3.506603733999953 ], [ 104.42438681200008, -3.491726495999956 ], [ 104.442812165000078, -3.457596342999977 ], [ 104.4373, -3.42811 ], [ 104.465743338000038, -3.422634225999957 ], [ 104.497849367000072, -3.399298410999961 ], [ 104.50110477000004, -3.372295469999926 ], [ 104.533336109000061, -3.361566841999945 ], [ 104.538461235000057, -3.344856519999951 ], [ 104.53295526900007, -3.317731442999957 ], [ 104.540034134000052, -3.31522864599998 ], [ 104.540745709000078, -3.302929277999965 ], [ 104.531562002000044, -3.297311470999944 ], [ 104.530672278000054, -3.27428318699998 ], [ 104.550531422000063, -3.259286778999979 ], [ 104.542476859000033, -3.210132832999932 ], [ 104.521658437000042, -3.207961702999967 ], [ 104.522780690000047, -3.17907345499998 ], [ 104.576011237000046, -3.114805025999942 ], [ 104.577004792000082, -3.101596127999926 ], [ 104.64298606300008, -3.096308147999935 ], [ 104.643089234000058, -3.070899242999928 ], [ 104.660414274000061, -3.077675897999939 ], [ 104.676608402000056, -3.048550501999955 ], [ 104.71050210900006, -3.057760139999971 ], [ 104.724488467000072, -3.090742573999933 ], [ 104.750476635000041, -3.039170332999959 ], [ 104.77537069300007, -3.035321805999956 ], [ 104.778042604000063, -3.051627870999937 ] ] ] } },
{ "type": "Feature", "properties": { "kemendagri_kab_code": 1611, "kemendagri_kab_name": "Kabupaten Empat Lawang", "kemendagri_prov_code": 16, "kemendagri_prov_name": "Sumatera Selatan" }, "geometry": { "type": "Polygon", "coordinates": [ [ [ 103.202161588000081, -3.501308277999954 ], [ 103.167844912000078, -3.508909407999965 ], [ 103.169304465000039, -3.519407843999943 ], [ 103.180683469000087, -3.521782874999928 ], [ 103.18006891400006, -3.531788905999974 ], [ 103.163104383000075, -3.561164265999935 ], [ 103.137747273000059, -3.556809512999962 ], [ 103.138694547000057, -3.586753146999968 ], [ 103.119618786000046, -3.611703303999946 ], [ 103.129902432000051, -3.613171356999942 ], [ 103.119884958000057, -3.613557484999944 ], [ 103.120282760000066, -3.630123419999961 ], [ 103.102404326000055, -3.653902525999968 ], [ 103.11926083700007, -3.709917599999926 ], [ 103.114021912000055, -3.73133603399998 ], [ 103.088161103000061, -3.765214226999944 ], [ 103.109787309000069, -3.783463137999945 ], [ 103.107206602000076, -3.794651473999977 ], [ 103.131862186000035, -3.802825109999958 ], [ 103.138080377000051, -3.816302354999948 ], [ 103.119324062000032, -3.868162716999962 ], [ 103.121209424000085, -3.900472020999928 ], [ 103.108489782000049, -3.932397785999967 ], [ 103.10689446400005, -3.974327374999973 ], [ 103.123598262000087, -4.006489755999951 ], [ 103.059936617000062, -4.015728906999925 ], [ 103.042277305000084, -4.011796827999945 ], [ 103.034773942000072, -4.020397823999929 ], [ 103.00989521300005, -4.01484504299998 ], [ 102.962888304000046, -4.020141050999939 ], [ 102.91190798100007, -3.96960803199994 ], [ 102.895311241000059, -3.975556684999958 ], [ 102.887221074000081, -3.98864371999997 ], [ 102.867241533000083, -3.986526 ], [ 102.861493396000071, -3.992852515999971 ], [ 102.845354766000071, -3.977203648999932 ], [ 102.817070597000054, -3.978649983999958 ], [ 102.817187180000076, -3.967501111999979 ], [ 102.792859582000062, -3.960090187999981 ], [ 102.770051767000041, -3.91018145399994 ], [ 102.752942438000048, -3.906411187999936 ], [ 102.749013561000083, -3.891231625999978 ], [ 102.733264571000063, -3.88722983599996 ], [ 102.701221529000065, -3.85473576399994 ], [ 102.683607105000078, -3.861209623999969 ], [ 102.685179929000071, -3.847325468999941 ], [ 102.669746269000086, -3.825961477999954 ], [ 102.620333333000076, -3.8022 ], [ 102.641235766000079, -3.793556027999955 ], [ 102.658096736000061, -3.77166660499995 ], [ 102.69273210700004, -3.758356209999931 ], [ 102.696788963000074, -3.769905643999948 ], [ 102.702816139000049, -3.756926668999938 ], [ 102.734378112000059, -3.746264022999981 ], [ 102.734475040000063, -3.717416554999943 ], [ 102.770602401000076, -3.708180059999961 ], [ 102.778059796000036, -3.686994905999939 ], [ 102.773921284000039, -3.675730771999952 ], [ 102.790010707000079, -3.66017340999997 ], [ 102.807779930000038, -3.612818731999937 ], [ 102.794639, -3.582868 ], [ 102.810797, -3.553873 ], [ 102.810213707000059, -3.529921616999957 ], [ 102.847632591000036, -3.536920303999977 ], [ 102.859638097000072, -3.547913036999944 ], [ 102.885852862000036, -3.578777851999973 ], [ 102.891240699000036, -3.60915147299994 ], [ 102.900261624000052, -3.615371050999954 ], [ 102.935336267000082, -3.590552325999965 ], [ 102.961749730000065, -3.561499998999977 ], [ 102.972638626000048, -3.531672216999937 ], [ 102.994741418000046, -3.524844443999939 ], [ 102.993610862000082, -3.489444439999943 ], [ 103.005558910000047, -3.467286659999957 ], [ 102.998888643000043, -3.461666668999953 ], [ 102.996944197000062, -3.445277774999965 ], [ 103.004370794000067, -3.435364469999968 ], [ 102.998497222000083, -3.412893055999973 ], [ 103.042525892000072, -3.416662074999977 ], [ 103.044266712000081, -3.432591895999963 ], [ 103.101924225000062, -3.474950713999931 ], [ 103.175808546000042, -3.452445732999934 ], [ 103.202161588000081, -3.501308277999954 ] ] ] } },
{ "type": "Feature", "properties": { "kemendagri_kab_code": 1612, "kemendagri_kab_name": "Kabupaten Penukal Abab Lematang Ilir", "kemendagri_prov_code": 16, "kemendagri_prov_name": "Sumatera Selatan" }, "geometry": { "type": "Polygon", "coordinates": [ [ [ 104.141624539000077, -3.046523123999975 ], [ 104.193082724000078, -3.051808107999932 ], [ 104.233742992000032, -3.019957001999956 ], [ 104.257901, -3.03149 ], [ 104.23536815500006, -3.206315635999943 ], [ 104.216927332000068, -3.227373865999937 ], [ 104.210298562000048, -3.257994872999973 ], [ 104.228230774000053, -3.265990690999956 ], [ 104.233773001000088, -3.283413937999967 ], [ 104.223469545000057, -3.301111262999939 ], [ 104.215411596000081, -3.295604502999936 ], [ 104.217417520000083, -3.303796469999952 ], [ 104.209011132000057, -3.305155040999978 ], [ 104.21412568900007, -3.311759564999932 ], [ 104.199498082000048, -3.320946127999946 ], [ 104.193009984000071, -3.315692152999929 ], [ 104.186966741000049, -3.328783194999971 ], [ 104.173716273000082, -3.330582207999953 ], [ 104.171157772000072, -3.316390918999957 ], [ 104.161726790000046, -3.328480106999962 ], [ 104.152400696000086, -3.319131880999976 ], [ 104.154806194000059, -3.328835167999955 ], [ 104.13975417000006, -3.334116139999935 ], [ 104.134692101000041, -3.330498034999948 ], [ 104.144639074000054, -3.321258224999951 ], [ 104.127762946000075, -3.325098562999926 ], [ 104.132730722000076, -3.343683990999978 ], [ 104.112605521000035, -3.351116864999938 ], [ 104.112614370000074, -3.332981186999973 ], [ 104.110543767000081, -3.34617237599997 ], [ 104.100274083000045, -3.338350085999934 ], [ 104.092466111000078, -3.356037777999973 ], [ 104.059333056000071, -3.337652221999974 ], [ 104.028718333000086, -3.34124972199993 ], [ 104.024637548000044, -3.405799157999979 ], [ 103.992675438000049, -3.413562149999962 ], [ 103.948673255000074, -3.41251518699994 ], [ 103.917740262000052, -3.399190205999957 ], [ 103.907389607000084, -3.359691152999972 ], [ 103.892161056000077, -3.343867736999925 ], [ 103.870507961000044, -3.32852021399998 ], [ 103.856945033000045, -3.33291745799994 ], [ 103.848359938000044, -3.317114028999924 ], [ 103.829653409000059, -3.315335778999952 ], [ 103.820940616000087, -3.326523210999937 ], [ 103.801333857000088, -3.309486270999969 ], [ 103.787152270000036, -3.318147508999971 ], [ 103.760633177000045, -3.280135618999964 ], [ 103.736981334000063, -3.295828639999968 ], [ 103.738923173000046, -3.340083838999931 ], [ 103.732527182000069, -3.353161356999976 ], [ 103.716137454000034, -3.333516526999972 ], [ 103.722362124000085, -3.305534064999961 ], [ 103.707400073000088, -3.294169758999942 ], [ 103.626660202000039, -3.359414579999964 ], [ 103.617757108000035, -3.35059700599993 ], [ 103.618150855000067, -3.32441819099995 ], [ 103.605090706000055, -3.287483473999941 ], [ 103.632485242000087, -3.25474903099996 ], [ 103.648305556000082, -3.247683332999941 ], [ 103.634443049000083, -3.26276140799996 ], [ 103.655018855000037, -3.26597292799994 ], [ 103.716719017000059, -3.235962944999926 ], [ 103.721930556000075, -3.255708332999973 ], [ 103.73795485100004, -3.261244958999953 ], [ 103.783666667000034, -3.23925 ], [ 103.795555556000068, -3.240513888999942 ], [ 103.797, -3.223472221999941 ], [ 103.780073509000033, -3.178955685999938 ], [ 103.797239122000065, -3.150385870999969 ], [ 103.791028729000061, -3.135466649999955 ], [ 103.812372494000044, -3.121760954999957 ], [ 103.819225342000038, -3.102987007999957 ], [ 103.835272624000083, -3.104353925999931 ], [ 103.848946703000081, -3.08298046799996 ], [ 103.889710412000056, -3.075837298999943 ], [ 103.911823064000032, -3.021666438999944 ], [ 103.92566768100005, -3.024236146999954 ], [ 103.950381232000041, -3.004182863999972 ], [ 104.023416805000068, -3.030099159999963 ], [ 104.052255872000046, -3.00875539499998 ], [ 104.093658494000067, -3.00254500099993 ], [ 104.134775580000053, -3.011753514999953 ], [ 104.132105236000086, -3.026626050999937 ], [ 104.141624539000077, -3.046523123999975 ] ] ] } },
{ "type": "Feature", "properties": { "kemendagri_kab_code": 1613, "kemendagri_kab_name": "Kabupaten Musi Rawas Utara", "kemendagri_prov_code": 16, "kemendagri_prov_name": "Sumatera Selatan" }, "geometry": { "type": "Polygon", "coordinates": [ [ [ 102.867541667000069, -2.314516666999964 ], [ 102.892769444000066, -2.317338888999927 ], [ 102.915001389000054, -2.332477644999926 ], [ 102.928622222000058, -2.326877777999925 ], [ 102.940713889000051, -2.336177777999978 ], [ 102.97234166700008, -2.330222221999975 ], [ 102.989744444000053, -2.339525 ], [ 103.02932555600006, -2.341625 ], [ 103.038779712000064, -2.386862090999955 ], [ 103.051828038000053, -2.392332131999979 ], [ 103.066427778000048, -2.384905555999978 ], [ 103.079311111000038, -2.392872221999937 ], [ 103.068025, -2.41243888899993 ], [ 103.08275, -2.432583332999968 ], [ 103.116752778000034, -2.451491666999971 ], [ 103.143013889000088, -2.434719443999938 ], [ 103.200044444000071, -2.439044443999933 ], [ 103.200666667000064, -2.460733332999951 ], [ 103.226719444000082, -2.470055555999977 ], [ 103.249772222000047, -2.444480555999974 ], [ 103.26668611100007, -2.437416666999979 ], [ 103.275825, -2.446763888999953 ], [ 103.285359797000069, -2.511635422999973 ], [ 103.323854693000044, -2.537522223999929 ], [ 103.347273496000071, -2.569249499999955 ], [ 103.361412907000044, -2.573183615999938 ], [ 103.341334836000044, -2.694663592999973 ], [ 103.308666843000083, -2.73149643499994 ], [ 103.263162407000038, -2.757277551999948 ], [ 103.226745326000071, -2.765884673999949 ], [ 103.204699890000086, -2.753638835999936 ], [ 103.203811275000078, -2.759244996999939 ], [ 103.173784750000038, -2.759103334999963 ], [ 103.169766938000066, -2.770633268999973 ], [ 103.119918526000049, -2.770713598999976 ], [ 103.119959940000058, -2.792536610999946 ], [ 103.102088546000061, -2.792537122999931 ], [ 103.100438630000042, -2.845909475999974 ], [ 103.026931587000036, -2.859484173999931 ], [ 103.014300410000033, -2.854419265999979 ], [ 102.946356570000034, -2.880983985999933 ], [ 102.901047995000056, -2.88597223599993 ], [ 102.91154986500004, -2.934500605999972 ], [ 102.873256839000078, -2.926833770999963 ], [ 102.869850776000078, -2.973025823999933 ], [ 102.856581043000062, -2.974703271999942 ], [ 102.847146002000045, -2.990614486999959 ], [ 102.82773159900006, -2.995509270999946 ], [ 102.815665066000065, -2.985048442999926 ], [ 102.778774138000074, -2.991622594999967 ], [ 102.747710147000078, -3.004092860999947 ], [ 102.741098664000049, -3.013899054999968 ], [ 102.729481457000077, -3.004849250999939 ], [ 102.712516294000068, -3.012406403999933 ], [ 102.697035069000037, -3.00639104499993 ], [ 102.672700322000082, -3.031362890999958 ], [ 102.63477142000005, -3.040974560999928 ], [ 102.623489477000078, -3.053530402999968 ], [ 102.595939121000072, -3.047208490999935 ], [ 102.584627906000037, -3.071370616999957 ], [ 102.55184210300007, -3.087706966999974 ], [ 102.539555306000068, -3.08605605899993 ], [ 102.509879123000076, -3.104986242999928 ], [ 102.486528715000077, -3.109910083999978 ], [ 102.442258364000054, -3.058649670999955 ], [ 102.408299861000046, -3.054693928999939 ], [ 102.391913516000045, -3.043750090999936 ], [ 102.317605842000034, -3.069936169999949 ], [ 102.287087399000086, -3.040468725999972 ], [ 102.253826004000075, -3.035515995999958 ], [ 102.242890484000043, -3.019540497999969 ], [ 102.22201337100006, -2.927736580999976 ], [ 102.131340320000049, -2.874817338999947 ], [ 102.129366173000051, -2.834821506999958 ], [ 102.113463433000049, -2.814217472999928 ], [ 102.092466784000067, -2.810922133999952 ], [ 102.073429601000043, -2.794944692999934 ], [ 102.063888894000058, -2.768519443999935 ], [ 102.09701184100004, -2.76665782699996 ], [ 102.109444444000076, -2.738722221999979 ], [ 102.168444444000045, -2.707194443999924 ], [ 102.194185490000052, -2.708402795999973 ], [ 102.236087166000061, -2.691214927999965 ], [ 102.242837541000085, -2.646989602999952 ], [ 102.271307851000074, -2.624472787999935 ], [ 102.298177778000081, -2.632933332999926 ], [ 102.305222222000054, -2.649336110999968 ], [ 102.334416667000085, -2.656636110999955 ], [ 102.349602778000076, -2.646608332999961 ], [ 102.37305688400005, -2.656167331999939 ], [ 102.405563889000064, -2.689069443999927 ], [ 102.469088889000034, -2.7043 ], [ 102.497144444000071, -2.694444443999942 ], [ 102.506997222000052, -2.70295833299997 ], [ 102.51040555600008, -2.689963888999955 ], [ 102.538841667000042, -2.67518055599993 ], [ 102.580641667000066, -2.678316666999933 ], [ 102.615797222000083, -2.652719443999956 ], [ 102.61415, -2.622188888999972 ], [ 102.62451388900007, -2.61535 ], [ 102.631138889000056, -2.620088888999931 ], [ 102.636480556000038, -2.61175 ], [ 102.672683333000066, -2.609138888999951 ], [ 102.680325, -2.5909 ], [ 102.707625, -2.583775 ], [ 102.722616667000068, -2.554813888999945 ], [ 102.725383333000082, -2.57960277799998 ], [ 102.734808333000046, -2.57943333299994 ], [ 102.74372777800005, -2.561247221999963 ], [ 102.786675, -2.546694443999968 ], [ 102.796974155000044, -2.526444291999951 ], [ 102.792913889000033, -2.520530555999926 ], [ 102.80835, -2.513294443999939 ], [ 102.815711111000041, -2.485411110999962 ], [ 102.847719444000063, -2.455113888999961 ], [ 102.849488889000042, -2.443083332999947 ], [ 102.87924722200006, -2.42435 ], [ 102.867147222000085, -2.397708332999969 ], [ 102.846688889000063, -2.391347221999979 ], [ 102.843527778000066, -2.373966666999934 ], [ 102.8532, -2.370244443999979 ], [ 102.848430556000039, -2.350094443999978 ], [ 102.859994444000051, -2.342388888999949 ], [ 102.855936111000062, -2.333536110999944 ], [ 102.865208333000055, -2.331894443999943 ], [ 102.864502778000087, -2.32299444399996 ], [ 102.870011111000053, -2.327577777999977 ], [ 102.867541667000069, -2.314516666999964 ] ] ] } },
{ "type": "Feature", "properties": { "kemendagri_kab_code": 1671, "kemendagri_kab_name": "Kota Palembang", "kemendagri_prov_code": 16, "kemendagri_prov_name": "Sumatera Selatan" }, "geometry": { "type": "MultiPolygon", "coordinates": [ [ [ [ 104.648855788000049, -2.984133120999957 ], [ 104.611915028000055, -2.959333685999979 ], [ 104.623409892000041, -2.928300100999934 ], [ 104.643352483000058, -2.934341970999981 ], [ 104.644943635000061, -2.95110806799994 ], [ 104.634606986000051, -2.957122406999929 ], [ 104.656225060000054, -2.97398117299997 ], [ 104.679527596000071, -2.963963040999943 ], [ 104.674971748000075, -2.917711692999944 ], [ 104.68206487100008, -2.908663779999927 ], [ 104.66632984000006, -2.891336506999949 ], [ 104.678157170000077, -2.873135909999974 ], [ 104.696618712000088, -2.877629343999956 ], [ 104.703644088000033, -2.870068148999962 ], [ 104.710141902000032, -2.875928272999943 ], [ 104.713840341000036, -2.86561874299997 ], [ 104.72497958200006, -2.87144521099998 ], [ 104.727348105000033, -2.896858861999931 ], [ 104.768335283000056, -2.916012979999948 ], [ 104.78841052100006, -2.900692760999959 ], [ 104.789796392000085, -2.907452337999928 ], [ 104.819617228000084, -2.916371482999978 ], [ 104.833214045000034, -2.895815935999963 ], [ 104.851319361000037, -2.907819873999927 ], [ 104.845105557000068, -2.928228825999952 ], [ 104.865420910000068, -2.95467175999994 ], [ 104.857357139000044, -2.974026776999949 ], [ 104.834597670000051, -2.986715628999946 ], [ 104.836564638000084, -3.013372667999931 ], [ 104.827820244000065, -3.020819875999962 ], [ 104.808615529000065, -3.02038756099995 ], [ 104.811971051000057, -3.040011578999952 ], [ 104.791844214000037, -3.026615783999944 ], [ 104.785771614000055, -3.037567483999965 ], [ 104.790229913000076, -3.053488604999927 ], [ 104.778042604000063, -3.051627870999937 ], [ 104.77537069300007, -3.035321805999956 ], [ 104.750476635000041, -3.039170332999959 ], [ 104.724488467000072, -3.090742573999933 ], [ 104.71050210900006, -3.057760139999971 ], [ 104.676626210000052, -3.04866575799997 ], [ 104.672933619000048, -3.035049982999965 ], [ 104.663758654000048, -3.041385093999963 ], [ 104.630469162000054, -3.016719819999935 ], [ 104.637700777000077, -3.012851681999962 ], [ 104.633722390000059, -2.994166531999952 ], [ 104.638840016000074, -2.998731217999932 ], [ 104.648855788000049, -2.984133120999957 ] ] ], [ [ [ 104.618537656000058, -2.965843826999958 ], [ 104.618466242000068, -2.965807896999934 ], [ 104.618530585000087, -2.965822475999971 ], [ 104.618537656000058, -2.965843826999958 ] ] ] ] } },
{ "type": "Feature", "properties": { "kemendagri_kab_code": 1672, "kemendagri_kab_name": "Kota Pagar Alam", "kemendagri_prov_code": 16, "kemendagri_prov_name": "Sumatera Selatan" }, "geometry": { "type": "Polygon", "coordinates": [ [ [ 103.376027643000043, -4.210628869999937 ], [ 103.370546226000044, -4.230017056999941 ], [ 103.359478112000033, -4.237265012999956 ], [ 103.352808627000059, -4.227551896999955 ], [ 103.331291090000036, -4.239298724999969 ], [ 103.335988593000081, -4.256903398999953 ], [ 103.316136631000063, -4.267172795999954 ], [ 103.306640240000036, -4.257710104999944 ], [ 103.288348074000055, -4.262109310999961 ], [ 103.22405542100006, -4.240741665999963 ], [ 103.203694302000088, -4.24815 ], [ 103.190693116000034, -4.236112342999945 ], [ 103.177750022000055, -4.240741559999947 ], [ 103.186853760000076, -4.217379886999936 ], [ 103.18228103000007, -4.178432409999971 ], [ 103.187445885000045, -4.164645434999954 ], [ 103.165160364000087, -4.117451467999956 ], [ 103.145645832000071, -4.115179573999967 ], [ 103.142111389000036, -4.097833609999952 ], [ 103.14893083000004, -4.091900212999974 ], [ 103.133402140000044, -4.07368403299995 ], [ 103.136146463000046, -4.045747478999942 ], [ 103.11992211900008, -4.015694227999973 ], [ 103.163276081000049, -4.010124040999926 ], [ 103.183197519000032, -3.990508904999956 ], [ 103.224869100000035, -3.989215995999928 ], [ 103.249407257000087, -4.007465980999939 ], [ 103.289694398000051, -4.007967833999942 ], [ 103.278285251000057, -4.032446915999969 ], [ 103.314508621000073, -4.04860107099995 ], [ 103.329240527000081, -4.065917894999927 ], [ 103.343775573000073, -4.051017866999928 ], [ 103.353147956000043, -4.002539202999969 ], [ 103.379777039000032, -3.98815398399995 ], [ 103.414746606000051, -3.985524470999962 ], [ 103.395221838000055, -4.063694547999944 ], [ 103.359643080000069, -4.097932958999934 ], [ 103.363715523000053, -4.113210427999945 ], [ 103.35605991400007, -4.126421088999962 ], [ 103.364832939000053, -4.14926218599993 ], [ 103.356056714000033, -4.163537671999961 ], [ 103.368235388000073, -4.206668744999945 ], [ 103.376027643000043, -4.210628869999937 ] ] ] } },
{ "type": "Feature", "properties": { "kemendagri_kab_code": 1673, "kemendagri_kab_name": "Kota Lubuk Linggau", "kemendagri_prov_code": 16, "kemendagri_prov_name": "Sumatera Selatan" }, "geometry": { "type": "Polygon", "coordinates": [ [ [ 102.966978056000073, -3.362349166999934 ], [ 102.89631630100007, -3.376246463999962 ], [ 102.889572641000086, -3.352029309999978 ], [ 102.896244447000072, -3.326722002999929 ], [ 102.86414323200006, -3.345324259999927 ], [ 102.841883475000088, -3.343500898999935 ], [ 102.839772264000032, -3.334012668999947 ], [ 102.798047304000079, -3.331690941999966 ], [ 102.790905714000075, -3.29976592099996 ], [ 102.777728077000063, -3.293180710999934 ], [ 102.776050508000083, -3.281769876999931 ], [ 102.767704090000052, -3.291016464999927 ], [ 102.753046882000035, -3.283324784999934 ], [ 102.767380156000058, -3.268779428999949 ], [ 102.777985208000075, -3.268531862999964 ], [ 102.770164988000033, -3.254023052999969 ], [ 102.783142879000081, -3.242118671999947 ], [ 102.80732002700006, -3.233655529999965 ], [ 102.811376352000082, -3.17874373199993 ], [ 102.832957764000071, -3.17643893199994 ], [ 102.837642293000044, -3.15107185599993 ], [ 102.854833119000034, -3.131751448999978 ], [ 102.861418721000064, -3.13069816999996 ], [ 102.882042787000046, -3.156895442999939 ], [ 102.892712682000081, -3.151049676999946 ], [ 102.911612521000052, -3.158573898999975 ], [ 102.917274046000045, -3.152012467999953 ], [ 102.924861655000086, -3.171927154999935 ], [ 102.914892552000083, -3.18979391299996 ], [ 102.930117616000075, -3.196040334999964 ], [ 102.939717673000075, -3.230966388999946 ], [ 102.954450613000063, -3.237011114999973 ], [ 102.949369116000071, -3.248613425999963 ], [ 102.930544112000064, -3.251396868999961 ], [ 102.927407499000083, -3.261510511999973 ], [ 102.960195529000032, -3.26472760799993 ], [ 102.976520602000051, -3.292468691999943 ], [ 102.95814501600006, -3.308855816999937 ], [ 102.966978056000073, -3.362349166999934 ] ] ] } },
{ "type": "Feature", "properties": { "kemendagri_kab_code": 1674, "kemendagri_kab_name": "Kota Prabumulih", "kemendagri_prov_code": 16, "kemendagri_prov_name": "Sumatera Selatan" }, "geometry": { "type": "Polygon", "coordinates": [ [ [ 104.18468376900006, -3.328648061999957 ], [ 104.17856542800007, -3.349006410999948 ], [ 104.196991100000048, -3.349235052999973 ], [ 104.208379081000032, -3.359702975999937 ], [ 104.286371700000075, -3.365182051999966 ], [ 104.313251335000075, -3.350618710999925 ], [ 104.351733706000061, -3.375920749999977 ], [ 104.31715209500004, -3.449552152999956 ], [ 104.27642576900007, -3.460531430999936 ], [ 104.294989289000057, -3.474510513999974 ], [ 104.316836402000035, -3.523454112999957 ], [ 104.314581555000075, -3.566706237999938 ], [ 104.298785715000065, -3.563815099999943 ], [ 104.280170900000087, -3.581433373999971 ], [ 104.251152804000071, -3.577641921999941 ], [ 104.247863863000077, -3.535452599999928 ], [ 104.232481531000076, -3.540150302999962 ], [ 104.22985439200005, -3.529869603999941 ], [ 104.218059646000086, -3.526274253999929 ], [ 104.19598667300005, -3.54054722199993 ], [ 104.195199261000084, -3.551470034999966 ], [ 104.14933413600005, -3.551166570999953 ], [ 104.140516564000052, -3.513506209999946 ], [ 104.125715670000034, -3.494905122999967 ], [ 104.142329711000059, -3.46824707299993 ], [ 104.136753774000056, -3.453928158999929 ], [ 104.153699348000032, -3.40865013399997 ], [ 104.12484763100008, -3.36043650199997 ], [ 104.132804897000085, -3.343387897999946 ], [ 104.125169979000077, -3.328452131999939 ], [ 104.143542416000059, -3.320912926999938 ], [ 104.135420800000077, -3.333344507999925 ], [ 104.153658936000056, -3.329581828999949 ], [ 104.154289060000053, -3.318729808999933 ], [ 104.161953885000059, -3.328427610999938 ], [ 104.170864785000049, -3.316373239999962 ], [ 104.173716273000082, -3.330582207999953 ], [ 104.18468376900006, -3.328648061999957 ] ] ] } }
]
}
