{
"type": "FeatureCollection",
"name": "18",
"crs": { "type": "name", "properties": { "name": "urn:ogc:def:crs:OGC:1.3:CRS84" } },
"features": [
{ "type": "Feature", "properties": { "kemendagri_kab_code": 1801, "kemendagri_kab_name": "Kabupaten Lampung Selatan", "kemendagri_prov_code": 18, "kemendagri_prov_name": "Lampung" }, "geometry": { "type": "MultiPolygon", "coordinates": [ [ [ [ 105.417860770000061, -6.151311687999964 ], [ 105.417164725000077, -6.15165970399994 ], [ 105.416923725000061, -6.151465703999975 ], [ 105.417860770000061, -6.151311687999964 ] ] ], [ [ [ 105.444895625000072, -6.133123 ], [ 105.457508649000033, -6.135400001999926 ], [ 105.464674887000058, -6.149317583999959 ], [ 105.452388559000042, -6.167562466999925 ], [ 105.433450702000073, -6.166117536999934 ], [ 105.419257063000032, -6.155416029999969 ], [ 105.420186547000071, -6.141785716999948 ], [ 105.42998728300006, -6.14601960899995 ], [ 105.444895625000072, -6.133123 ] ] ], [ [ [ 105.423187789000053, -6.090560641999957 ], [ 105.435458616000062, -6.103095930999928 ], [ 105.424904363000053, -6.109577968999929 ], [ 105.415861729000085, -6.09628459299995 ], [ 105.423187789000053, -6.090560641999957 ] ] ], [ [ [ 105.450172488000078, -6.081847492999941 ], [ 105.465202726000086, -6.087988303999964 ], [ 105.453366819000053, -6.108590327999934 ], [ 105.450172488000078, -6.081847492999941 ] ] ], [ [ [ 105.39515607900006, -6.091295240999955 ], [ 105.365404039000055, -6.111919050999973 ], [ 105.357650556000067, -6.108273750999956 ], [ 105.381881566000061, -6.080265120999968 ], [ 105.403370976000076, -6.074011020999933 ], [ 105.39515607900006, -6.091295240999955 ] ] ], [ [ [ 105.3769, -5.976826 ], [ 105.376412, -5.978212 ], [ 105.376343, -5.977104 ], [ 105.3769, -5.976826 ] ] ], [ [ [ 105.375855, -5.974125 ], [ 105.377724, -5.974955 ], [ 105.375855, -5.974957 ], [ 105.375855, -5.974125 ] ] ], [ [ [ 105.466620787000068, -5.964091337999946 ], [ 105.467465941000057, -5.963793047999957 ], [ 105.467167651000068, -5.964315054999929 ], [ 105.466620787000068, -5.964091337999946 ] ] ], [ [ [ 105.463811892000081, -5.958548120999978 ], [ 105.464433329000087, -5.958299546999967 ], [ 105.464348297000072, -5.958896189999962 ], [ 105.463811892000081, -5.958548120999978 ] ] ], [ [ [ 105.496158961000049, -5.921069791999969 ], [ 105.510131878000038, -5.926351790999945 ], [ 105.516514390000054, -5.946581002999949 ], [ 105.502535947000069, -5.967444548999936 ], [ 105.485582218000047, -5.97155696699997 ], [ 105.468354892000036, -5.963103568999941 ], [ 105.463847718000068, -5.94591255399996 ], [ 105.477257825000038, -5.92612805899995 ], [ 105.496158961000049, -5.921069791999969 ] ] ], [ [ [ 105.514888750000068, -5.929603124999971 ], [ 105.514066072000048, -5.929169325999965 ], [ 105.51429212100004, -5.92884214999998 ], [ 105.514888750000068, -5.929603124999971 ] ] ], [ [ [ 105.481865420000076, -5.84449610799993 ], [ 105.482635326000036, -5.843790727999931 ], [ 105.482732383000041, -5.844591450999928 ], [ 105.481865420000076, -5.84449610799993 ] ] ], [ [ [ 105.516627328000084, -5.686065324999959 ], [ 105.51722439100007, -5.686221538999973 ], [ 105.516799495000043, -5.686501895999925 ], [ 105.516627328000084, -5.686065324999959 ] ] ], [ [ [ 105.342939446000059, -5.554613683999946 ], [ 105.343999070000052, -5.560066365999944 ], [ 105.344543780000038, -5.566957109999976 ], [ 105.341157987000088, -5.56272116599996 ], [ 105.342939446000059, -5.554613683999946 ] ] ], [ [ [ 105.34736974100008, -5.55438467099998 ], [ 105.35173227100006, -5.553555887999948 ], [ 105.350525877000052, -5.558381404999977 ], [ 105.34736974100008, -5.55438467099998 ] ] ], [ [ [ 105.345236377000049, -5.54613795299997 ], [ 105.342440264000061, -5.546362064999926 ], [ 105.343357978000085, -5.545192377999967 ], [ 105.345236377000049, -5.54613795299997 ] ] ], [ [ [ 105.279957683000077, -5.174863770999934 ], [ 105.278485962000047, -5.197733379999931 ], [ 105.287714614000038, -5.202182739999955 ], [ 105.286254104000079, -5.214121009999928 ], [ 105.303888889000064, -5.220611110999926 ], [ 105.31989956700005, -5.210009171999957 ], [ 105.33125, -5.231111110999962 ], [ 105.343084680000061, -5.234378202999949 ], [ 105.375675134000062, -5.217867057999968 ], [ 105.379629886000032, -5.207745479999971 ], [ 105.417871552000065, -5.216768916999968 ], [ 105.417561225000043, -5.226137947999973 ], [ 105.437373149000052, -5.235437047999937 ], [ 105.432400874000052, -5.24735962799997 ], [ 105.453913298000089, -5.247431487999961 ], [ 105.455579615000033, -5.276213784999925 ], [ 105.416138889000081, -5.303555555999935 ], [ 105.470805556000073, -5.303694443999973 ], [ 105.473837506000052, -5.288429101999952 ], [ 105.481721, -5.286179544999925 ], [ 105.490194444000053, -5.309388888999933 ], [ 105.541637305000052, -5.34001571899995 ], [ 105.523093982000034, -5.373102566999933 ], [ 105.532555556000034, -5.425111110999978 ], [ 105.516777778000062, -5.461222221999947 ], [ 105.527777778000086, -5.468277777999958 ], [ 105.537221288000069, -5.453418801999931 ], [ 105.585783480000032, -5.455242317999932 ], [ 105.587705235000044, -5.475802150999925 ], [ 105.600289973000088, -5.486805812999933 ], [ 105.655733521000059, -5.493112728999961 ], [ 105.660285135000038, -5.55425035899998 ], [ 105.669042944000068, -5.565316678999977 ], [ 105.725257034000037, -5.594800116999977 ], [ 105.736325690000058, -5.592109292999965 ], [ 105.733809484000062, -5.600801795999928 ], [ 105.740034345000083, -5.595372505999933 ], [ 105.741568640000082, -5.601350869999976 ], [ 105.747830114000067, -5.588131899999951 ], [ 105.75300296100005, -5.599686706999933 ], [ 105.756013536000069, -5.591012020999926 ], [ 105.753963684000041, -5.608321539999963 ], [ 105.764523486000087, -5.603351445999976 ], [ 105.764696431000061, -5.618737227999929 ], [ 105.784498357000075, -5.616532133999954 ], [ 105.78502052500005, -5.609016261999955 ], [ 105.792561360000036, -5.614240850999977 ], [ 105.789140147000069, -5.599904849999973 ], [ 105.798482167000088, -5.603500810999947 ], [ 105.805114671000069, -5.582646262999958 ], [ 105.82606430800007, -5.578793727999937 ], [ 105.809997434000081, -5.64749532299993 ], [ 105.808954734000054, -5.688697232999971 ], [ 105.792451542000038, -5.72121238099993 ], [ 105.799594587000058, -5.751362882999956 ], [ 105.793489034000061, -5.786915457999953 ], [ 105.794795588000056, -5.791863556999942 ], [ 105.799029809000046, -5.794407959999944 ], [ 105.782585590000053, -5.80765245799995 ], [ 105.779109752000068, -5.835960609999972 ], [ 105.759893322000039, -5.856476769999972 ], [ 105.75632177600005, -5.869007669999974 ], [ 105.737001292000059, -5.880401378999977 ], [ 105.718089109000061, -5.907851496999967 ], [ 105.71474160300005, -5.859721640999965 ], [ 105.705707385000039, -5.848507205999965 ], [ 105.686377294000067, -5.848995160999948 ], [ 105.674372996000045, -5.837639148999926 ], [ 105.615213692000054, -5.83534861399994 ], [ 105.584604263000074, -5.805655334999926 ], [ 105.580140264000079, -5.765886182999964 ], [ 105.589595170000052, -5.735291440999958 ], [ 105.554576710000049, -5.697409036999943 ], [ 105.561258966000082, -5.669592148999925 ], [ 105.547089347000053, -5.675263316999974 ], [ 105.540612491000047, -5.667501074999961 ], [ 105.530096431000061, -5.69257326099995 ], [ 105.517923887000052, -5.692448104999926 ], [ 105.518457330000047, -5.687339460999965 ], [ 105.517011223000054, -5.682745876999945 ], [ 105.502331311000034, -5.66900295399995 ], [ 105.467171803000042, -5.657832618999976 ], [ 105.470115166000085, -5.647015965999969 ], [ 105.456487499000048, -5.648702325999977 ], [ 105.445483739000053, -5.635956122999971 ], [ 105.408464532000039, -5.622182899999927 ], [ 105.381659702000036, -5.587568189999956 ], [ 105.365192156000035, -5.558531433999974 ], [ 105.364297629000077, -5.539628213999947 ], [ 105.345539785000085, -5.519771756999944 ], [ 105.350673516000086, -5.514950264999925 ], [ 105.342319362000069, -5.493632957999978 ], [ 105.327405536000072, -5.47721317099996 ], [ 105.327195106000033, -5.450663897999959 ], [ 105.342979419000073, -5.431945654999936 ], [ 105.337125083000046, -5.42306543899997 ], [ 105.341943608000065, -5.419959838999944 ], [ 105.325065172000052, -5.405802536999943 ], [ 105.323846601000071, -5.388796017999937 ], [ 105.315685466000048, -5.387921712999969 ], [ 105.306040665000069, -5.35830985299998 ], [ 105.290774027000055, -5.368928726999968 ], [ 105.295027419000064, -5.347474771999941 ], [ 105.27701773800004, -5.34160852499997 ], [ 105.27118069900007, -5.353151734999926 ], [ 105.260556350000059, -5.350704761999964 ], [ 105.262181068000075, -5.329671111999971 ], [ 105.253953680000052, -5.326557588999947 ], [ 105.223807014000045, -5.367705887999932 ], [ 105.21135471100007, -5.369802499999935 ], [ 105.201635133000082, -5.34712647899994 ], [ 105.16761752900004, -5.348308237999959 ], [ 105.16507560000008, -5.32666527799995 ], [ 105.152295600000059, -5.326666943999953 ], [ 105.141394116000072, -5.312771135999981 ], [ 105.114842392000071, -5.31246101399995 ], [ 105.144974469000033, -5.252570172999981 ], [ 105.17167580000006, -5.27088277799993 ], [ 105.167326100000082, -5.238388610999948 ], [ 105.15303386100004, -5.226225893999981 ], [ 105.169164053000088, -5.196056674999966 ], [ 105.19481879600005, -5.200384380999935 ], [ 105.218598390000068, -5.179370198999948 ], [ 105.238054180000063, -5.18347517199993 ], [ 105.279957683000077, -5.174863770999934 ] ] ], [ [ [ 105.764709469000081, -5.879393655999934 ], [ 105.766840405000039, -5.887968047999948 ], [ 105.748943532000055, -5.901012524999942 ], [ 105.756343150000077, -5.884257809999951 ], [ 105.764709469000081, -5.879393655999934 ] ] ], [ [ [ 105.703640935000067, -5.888339501999951 ], [ 105.702944567000088, -5.888393678999932 ], [ 105.70288529000004, -5.887790317999929 ], [ 105.703640935000067, -5.888339501999951 ] ] ], [ [ [ 105.736995849000039, -5.887702139999931 ], [ 105.739837636000061, -5.888556071999972 ], [ 105.739308889000085, -5.889998931999969 ], [ 105.736995849000039, -5.887702139999931 ] ] ], [ [ [ 105.541558189000057, -5.882785392999949 ], [ 105.539119241000037, -5.883998917999975 ], [ 105.538867018000076, -5.879201923999972 ], [ 105.541558189000057, -5.882785392999949 ] ] ], [ [ [ 105.524146245000054, -5.846157991999974 ], [ 105.529464340000061, -5.861726805999979 ], [ 105.544471601000055, -5.865167505999977 ], [ 105.532000846000074, -5.873105387999942 ], [ 105.529802224000036, -5.892557481999972 ], [ 105.504390572000034, -5.902471852999952 ], [ 105.492372010000054, -5.876987697999937 ], [ 105.505058209000083, -5.873633628999926 ], [ 105.505557896000084, -5.856173143999968 ], [ 105.518613998000035, -5.861962371999937 ], [ 105.524146245000054, -5.846157991999974 ] ] ], [ [ [ 105.756919715000038, -5.872858711999925 ], [ 105.756651089000059, -5.872600464999948 ], [ 105.757409630000041, -5.872284167999965 ], [ 105.756919715000038, -5.872858711999925 ] ] ], [ [ [ 105.767981874000043, -5.871149346999971 ], [ 105.769694582000056, -5.872970259999931 ], [ 105.767244171000073, -5.872997887999929 ], [ 105.767981874000043, -5.871149346999971 ] ] ], [ [ [ 105.759590922000086, -5.86041827899993 ], [ 105.760111306000056, -5.860823626999945 ], [ 105.759475039000051, -5.86087213299993 ], [ 105.759590922000086, -5.86041827899993 ] ] ], [ [ [ 105.692126269000084, -5.852682241999958 ], [ 105.691548563000083, -5.852928748999943 ], [ 105.691521372000068, -5.852721375999977 ], [ 105.692126269000084, -5.852682241999958 ] ] ], [ [ [ 105.767730852000057, -5.85179108899996 ], [ 105.766549031000068, -5.852371029999972 ], [ 105.767718421000041, -5.851666060999946 ], [ 105.767730852000057, -5.85179108899996 ] ] ], [ [ [ 105.69400521700004, -5.850284045999956 ], [ 105.693452115000071, -5.853068501999928 ], [ 105.692600710000079, -5.852487165999946 ], [ 105.69400521700004, -5.850284045999956 ] ] ], [ [ [ 105.682791856000051, -5.852225208999926 ], [ 105.682180911000046, -5.849611289999928 ], [ 105.683577872000058, -5.848782891999974 ], [ 105.682791856000051, -5.852225208999926 ] ] ], [ [ [ 105.547847109000088, -5.818547312999954 ], [ 105.548654819000035, -5.820087694999927 ], [ 105.547729399000048, -5.819847288999938 ], [ 105.547847109000088, -5.818547312999954 ] ] ], [ [ [ 105.545413527000051, -5.815944358999957 ], [ 105.544151806000059, -5.816510666999932 ], [ 105.544712643000082, -5.815095 ], [ 105.545413527000051, -5.815944358999957 ] ] ], [ [ [ 105.541750156000035, -5.813852487999952 ], [ 105.543182048000062, -5.814880521999953 ], [ 105.541428402000065, -5.815567908999981 ], [ 105.541750156000035, -5.813852487999952 ] ] ], [ [ [ 105.517256407000048, -5.686407849999966 ], [ 105.517165643000055, -5.686780923999947 ], [ 105.516772535000086, -5.686741285999972 ], [ 105.517256407000048, -5.686407849999966 ] ] ], [ [ [ 105.517484102000083, -5.686250618999964 ], [ 105.517332814000042, -5.686260657999981 ], [ 105.517436558000043, -5.686158923999926 ], [ 105.517484102000083, -5.686250618999964 ] ] ], [ [ [ 105.786592155000051, -5.882502810999938 ], [ 105.787922384000069, -5.890538765999963 ], [ 105.775392134000072, -5.885162571999956 ], [ 105.777587338000046, -5.883565343999976 ], [ 105.786592155000051, -5.882502810999938 ] ] ], [ [ [ 105.771029901000077, -5.885271343999932 ], [ 105.771583301000078, -5.885302714999966 ], [ 105.771655586000065, -5.88563168099995 ], [ 105.771029901000077, -5.885271343999932 ] ] ], [ [ [ 105.773029081000061, -5.880145647999939 ], [ 105.76876711500006, -5.882072707999953 ], [ 105.769952571000033, -5.877728396999942 ], [ 105.773029081000061, -5.880145647999939 ] ] ], [ [ [ 105.77116957800007, -5.873325377999947 ], [ 105.772735735000083, -5.873839110999938 ], [ 105.771645715000034, -5.874207387999945 ], [ 105.77116957800007, -5.873325377999947 ] ] ], [ [ [ 105.787017613000046, -5.845829984999966 ], [ 105.792561297000077, -5.849901734999946 ], [ 105.787033344000065, -5.867421343999979 ], [ 105.78002113000008, -5.867347415999973 ], [ 105.774311756000088, -5.858518812999932 ], [ 105.787017613000046, -5.845829984999966 ] ] ], [ [ [ 105.774736750000045, -5.846812661999934 ], [ 105.775106271000084, -5.847049598999945 ], [ 105.77471551900004, -5.847158528999955 ], [ 105.774736750000045, -5.846812661999934 ] ] ], [ [ [ 105.775166028000058, -5.846651190999978 ], [ 105.775067558000046, -5.846620875999974 ], [ 105.775148662000049, -5.846578315999977 ], [ 105.775166028000058, -5.846651190999978 ] ] ], [ [ [ 105.79322572600006, -5.845135127999981 ], [ 105.794936862000043, -5.845669831999942 ], [ 105.792952479000064, -5.846178889999976 ], [ 105.79322572600006, -5.845135127999981 ] ] ], [ [ [ 105.776428232000058, -5.844708829999945 ], [ 105.776823083000068, -5.845579451999981 ], [ 105.775242849000051, -5.846020081999939 ], [ 105.776428232000058, -5.844708829999945 ] ] ], [ [ [ 105.795505099000081, -5.792004641999938 ], [ 105.795315206000055, -5.791898741999944 ], [ 105.795521486000041, -5.791833842999949 ], [ 105.795505099000081, -5.792004641999938 ] ] ], [ [ [ 105.803644300000087, -5.779972466999936 ], [ 105.804272511000079, -5.780050919999951 ], [ 105.804021014000057, -5.780389656999944 ], [ 105.803644300000087, -5.779972466999936 ] ] ], [ [ [ 105.805730492000066, -5.752741343999958 ], [ 105.806699923000053, -5.751660929999957 ], [ 105.807280543000047, -5.752856158999975 ], [ 105.805730492000066, -5.752741343999958 ] ] ], [ [ [ 105.804376899000033, -5.743382802999975 ], [ 105.805549190000079, -5.743579824999927 ], [ 105.805079555000077, -5.744049858999972 ], [ 105.804376899000033, -5.743382802999975 ] ] ], [ [ [ 105.808859511000037, -5.73902011399997 ], [ 105.811086265000085, -5.742439135999973 ], [ 105.808235356000068, -5.741674351999961 ], [ 105.808859511000037, -5.73902011399997 ] ] ], [ [ [ 105.838715540000067, -5.68726802499998 ], [ 105.838076154000078, -5.686908946999949 ], [ 105.83863462000005, -5.68588738699998 ], [ 105.838715540000067, -5.68726802499998 ] ] ], [ [ [ 105.836001538000062, -5.680066257999954 ], [ 105.838834619000068, -5.679243267999937 ], [ 105.838098147000039, -5.683762709999939 ], [ 105.836001538000062, -5.680066257999954 ] ] ] ] } },
{ "type": "Feature", "properties": { "kemendagri_kab_code": 1802, "kemendagri_kab_name": "Kabupaten Lampung Tengah", "kemendagri_prov_code": 18, "kemendagri_prov_name": "Lampung" }, "geometry": { "type": "Polygon", "coordinates": [ [ [ 105.465761040000075, -4.888669820999951 ], [ 105.446049059000075, -4.900543662999951 ], [ 105.441157918000044, -4.894815862999963 ], [ 105.442039838000085, -4.891092408999953 ], [ 105.437359665000088, -4.883845243999929 ], [ 105.40101754300008, -4.916293057999951 ], [ 105.415709208000067, -4.961001431999932 ], [ 105.387785081000061, -4.959197417999974 ], [ 105.379688264000038, -4.966603696999925 ], [ 105.365424355000073, -4.955299446999959 ], [ 105.360608109000054, -4.966735205999953 ], [ 105.347367332000033, -4.963420886999927 ], [ 105.327143750000062, -4.986453806999975 ], [ 105.320158464000087, -5.005161198999929 ], [ 105.363339108000048, -5.01118534799997 ], [ 105.364805560000036, -5.020237501999929 ], [ 105.358163237000042, -5.022220082999979 ], [ 105.365865817000042, -5.028243001999954 ], [ 105.302334741000038, -5.062485710999965 ], [ 105.268783524000071, -5.09567429599997 ], [ 105.271653941000068, -5.105313061999937 ], [ 105.291180481000083, -5.109856773999979 ], [ 105.274452215000053, -5.13188372299993 ], [ 105.275598751000075, -5.146522335999975 ], [ 105.262202323000054, -5.158565050999925 ], [ 105.274755569000035, -5.158760801999961 ], [ 105.279116030000068, -5.169620068999961 ], [ 105.287083948000088, -5.169738919999929 ], [ 105.283263928000054, -5.175726659999953 ], [ 105.255368721000082, -5.178736183999945 ], [ 105.241324018000057, -5.16773079799998 ], [ 105.224886278000042, -5.169475274999968 ], [ 105.226601, -5.154290436999929 ], [ 105.190549605000058, -5.121805379999955 ], [ 105.165958884000077, -5.135369774999958 ], [ 105.153467052000053, -5.137114382999926 ], [ 105.148398341000075, -5.130395909999947 ], [ 105.137650697000083, -5.163989927999978 ], [ 105.116131477000067, -5.157894981999959 ], [ 105.115634060000048, -5.148089224999978 ], [ 105.100071750000041, -5.160574385999951 ], [ 105.092648523000037, -5.150701642999934 ], [ 105.103359771000044, -5.139743755999973 ], [ 105.09477955300008, -5.134620939999934 ], [ 105.083712973000047, -5.143341346999932 ], [ 105.083419649000064, -5.116770177999967 ], [ 105.071546916000045, -5.133968878999951 ], [ 105.080194336000034, -5.146457948999966 ], [ 105.066101476000085, -5.152482289999966 ], [ 105.041111434000072, -5.18445167699997 ], [ 105.058574553000085, -5.19419432199993 ], [ 105.045331546000057, -5.211918072999936 ], [ 104.925772872000039, -5.266689897999925 ], [ 104.910365464000051, -5.247160877999931 ], [ 104.88783333300006, -5.245277777999945 ], [ 104.871835645000033, -5.232743097999958 ], [ 104.861389561000067, -5.201817209999945 ], [ 104.823791240000048, -5.198748032999958 ], [ 104.811795198000084, -5.173127038999951 ], [ 104.794414559000074, -5.165067053999962 ], [ 104.788219226000081, -5.145029673999943 ], [ 104.759187001000043, -5.132965246999959 ], [ 104.750690539000061, -5.118138087999967 ], [ 104.72130719200004, -5.125002155999937 ], [ 104.700682541000049, -5.155831575999969 ], [ 104.683213518000059, -5.156777566999949 ], [ 104.652429543000039, -5.132514883999931 ], [ 104.617221803000064, -5.131633603999944 ], [ 104.608680248000042, -5.137971929999935 ], [ 104.593874432000064, -5.131986470999948 ], [ 104.547568402000081, -5.094083056999978 ], [ 104.56575667900006, -5.091959700999951 ], [ 104.573994302000074, -5.073550587999932 ], [ 104.590451473000087, -5.069288142999937 ], [ 104.633168357000045, -5.089501628999926 ], [ 104.658093377000057, -5.079227389999971 ], [ 104.685343550000084, -5.083401237999965 ], [ 104.697265142000049, -5.063698098999964 ], [ 104.713746598000057, -5.070166542999971 ], [ 104.728695912000035, -5.050689998999928 ], [ 104.747353252000039, -5.049422807999974 ], [ 104.767527854000036, -5.035815196999977 ], [ 104.787476274000085, -5.000116703999936 ], [ 104.812933002000079, -4.979910630999939 ], [ 104.836887492000074, -4.975147168999968 ], [ 104.864690504000066, -4.980612748999931 ], [ 104.847813875000043, -4.997513353999977 ], [ 104.875515517000053, -4.98196250899997 ], [ 104.883061016000056, -4.989644793999958 ], [ 104.902311670000074, -4.98533077999997 ], [ 104.908077608000042, -4.976362055999971 ], [ 104.903635408000071, -4.95857363999994 ], [ 104.932341195000049, -4.919597161999945 ], [ 104.96521346600008, -4.912871441999926 ], [ 104.967929562000052, -4.921609544999967 ], [ 104.984551874000033, -4.924376655999936 ], [ 105.00975330700004, -4.915408172999946 ], [ 104.994595943000036, -4.938219876999938 ], [ 104.996412918000033, -4.949358408999956 ], [ 105.035738930000036, -4.964258092999955 ], [ 105.043981032000033, -4.936036401999957 ], [ 105.056151103000047, -4.924642337999956 ], [ 105.057995495000057, -4.871059912999954 ], [ 105.069894551000061, -4.862191550999967 ], [ 105.121440356000051, -4.763326731999939 ], [ 105.123804047000078, -4.723940522999953 ], [ 105.142218396000032, -4.70606573799995 ], [ 105.143140534000054, -4.67561490099996 ], [ 105.155158828000083, -4.677024475999929 ], [ 105.166560496000045, -4.667752754999981 ], [ 105.180098632000067, -4.640243113999929 ], [ 105.170620806000045, -4.619820189999928 ], [ 105.184192729000074, -4.597951046999981 ], [ 105.215365409000071, -4.599118397999973 ], [ 105.212125720000074, -4.635427182999933 ], [ 105.240059196000061, -4.641178532999959 ], [ 105.261619256000074, -4.635724899999957 ], [ 105.262872236000078, -4.622500454999965 ], [ 105.272852948000036, -4.62582107999998 ], [ 105.29333759900004, -4.616937372999928 ], [ 105.312065, -4.579702338999937 ], [ 105.327981397000087, -4.575619935999953 ], [ 105.339856009000073, -4.552968543999953 ], [ 105.353329903000088, -4.55068512899993 ], [ 105.353510834000076, -4.538887332999934 ], [ 105.369181583000056, -4.521398326999929 ], [ 105.402310310000075, -4.51194272999993 ], [ 105.411746366000045, -4.518674203999979 ], [ 105.415173459000073, -4.510065039999972 ], [ 105.443802910000045, -4.50278584199998 ], [ 105.451638381000066, -4.492601312999966 ], [ 105.464433365000048, -4.496882482999979 ], [ 105.472157138000057, -4.489791345999947 ], [ 105.478134289000081, -4.496857291999959 ], [ 105.491331592000051, -4.48250977999993 ], [ 105.497103619000086, -4.494809104999945 ], [ 105.510344684000074, -4.491644798999971 ], [ 105.534952338000039, -4.509095783999953 ], [ 105.533815385000082, -4.520442383999978 ], [ 105.570572619000075, -4.519281572999944 ], [ 105.580527208000035, -4.535436429999947 ], [ 105.587626790000058, -4.515137248999963 ], [ 105.603003181000076, -4.521968869999967 ], [ 105.620520433000081, -4.517948195999963 ], [ 105.627080368000065, -4.487419321999937 ], [ 105.642731633000039, -4.480977541999948 ], [ 105.645904014000052, -4.509060302999956 ], [ 105.670490860000086, -4.499824075999925 ], [ 105.680382192000081, -4.485059277999937 ], [ 105.697330897000086, -4.495395659999929 ], [ 105.692922192000083, -4.512531530999979 ], [ 105.712981084000035, -4.531016686999976 ], [ 105.723881429000073, -4.527917198999944 ], [ 105.731958644000088, -4.537224328999969 ], [ 105.749005896000085, -4.521015623999972 ], [ 105.759248605000039, -4.532265957999925 ], [ 105.770533621000084, -4.528956593999965 ], [ 105.771045725000079, -4.552899663999938 ], [ 105.791888087000075, -4.550901518999979 ], [ 105.799793203000036, -4.561641248999933 ], [ 105.79394777300007, -4.580668139999943 ], [ 105.804746320000049, -4.584660045999954 ], [ 105.779013841000051, -4.604800961999956 ], [ 105.778791777000038, -4.622847255999943 ], [ 105.781390060000035, -4.634284241999978 ], [ 105.803611841000077, -4.653377466999927 ], [ 105.816610493000042, -4.650040755999953 ], [ 105.814512569000044, -4.696614785999941 ], [ 105.820436382000082, -4.704078982999931 ], [ 105.809798683000054, -4.706046805999961 ], [ 105.804353723000077, -4.72348822899994 ], [ 105.812188099000082, -4.731516616999954 ], [ 105.80683431600005, -4.736593121999931 ], [ 105.812602484000081, -4.750155509999956 ], [ 105.794480867000061, -4.753860584999927 ], [ 105.784196791000056, -4.739603126999953 ], [ 105.761747898000067, -4.73802587199998 ], [ 105.757202671000073, -4.731138784999928 ], [ 105.747223743000063, -4.731558493999955 ], [ 105.736063031000072, -4.74586538099993 ], [ 105.721436142000073, -4.735273197999959 ], [ 105.699039251000045, -4.73902462999996 ], [ 105.682039974000077, -4.747204153999974 ], [ 105.678815258000043, -4.782199123999931 ], [ 105.663674013000048, -4.782580620999966 ], [ 105.64912522700007, -4.794259152999928 ], [ 105.652452211000082, -4.813187865999964 ], [ 105.637290558000075, -4.826367476999962 ], [ 105.637628843000073, -4.85107673899995 ], [ 105.625559237000061, -4.859626605999949 ], [ 105.604560645000049, -4.852050258999952 ], [ 105.590396744000088, -4.882289131999926 ], [ 105.55303527600006, -4.87801226199997 ], [ 105.554535244000078, -4.89384335699998 ], [ 105.547861202000036, -4.899425450999956 ], [ 105.534834431000036, -4.885616708999976 ], [ 105.536534978000077, -4.893941039999959 ], [ 105.508470397000053, -4.891331914999967 ], [ 105.493812564000052, -4.898619123999936 ], [ 105.465761040000075, -4.888669820999951 ] ] ] } },
{ "type": "Feature", "properties": { "kemendagri_kab_code": 1803, "kemendagri_kab_name": "Kabupaten Lampung Utara", "kemendagri_prov_code": 18, "kemendagri_prov_name": "Lampung" }, "geometry": { "type": "Polygon", "coordinates": [ [ [ 104.817571428000065, -4.504101781999964 ], [ 104.880551490000073, -4.512844952999956 ], [ 104.892658722000078, -4.524642222999944 ], [ 104.930628897000076, -4.513938725999935 ], [ 104.951157599000055, -4.516899105999926 ], [ 104.980722728000046, -4.535008387999937 ], [ 104.988283817000081, -4.582536132999962 ], [ 104.994068639000034, -4.582285617999958 ], [ 104.988672964000045, -4.584694751999962 ], [ 104.994437854000068, -4.584505508999939 ], [ 104.98802183500004, -4.588529889999961 ], [ 105.000323747000039, -4.608263847999979 ], [ 104.979020863000073, -4.627450286999931 ], [ 104.994986492000066, -4.636492396999927 ], [ 105.005432812000038, -4.629321274999938 ], [ 105.010981229000038, -4.638687283999957 ], [ 105.002313896000032, -4.651994569999943 ], [ 105.016373501000032, -4.651474143999963 ], [ 105.038193909000086, -4.671783165999955 ], [ 105.045040552000046, -4.66963138899996 ], [ 105.072009283000057, -4.705949891999978 ], [ 105.085857069000042, -4.702164760999949 ], [ 105.125383001000046, -4.726212830999941 ], [ 105.123804504000077, -4.757500536999942 ], [ 105.069894551000061, -4.862191550999967 ], [ 105.057995495000057, -4.871059912999954 ], [ 105.056151103000047, -4.924642337999956 ], [ 105.043981032000033, -4.936036401999957 ], [ 105.035679894000054, -4.964299819999951 ], [ 104.996412918000033, -4.949358408999956 ], [ 104.994595943000036, -4.938219876999938 ], [ 105.00975330700004, -4.915408172999946 ], [ 104.984551874000033, -4.924376655999936 ], [ 104.967929562000052, -4.921609544999967 ], [ 104.96521346600008, -4.912871441999926 ], [ 104.932341195000049, -4.919597161999945 ], [ 104.903635408000071, -4.95857363999994 ], [ 104.908077608000042, -4.976362055999971 ], [ 104.902311670000074, -4.98533077999997 ], [ 104.883061016000056, -4.989644793999958 ], [ 104.875515517000053, -4.98196250899997 ], [ 104.847813875000043, -4.997513353999977 ], [ 104.864690504000066, -4.980612748999931 ], [ 104.836887492000074, -4.975147168999968 ], [ 104.807543612000075, -4.981703682999978 ], [ 104.787337027000035, -5.000292577999971 ], [ 104.767652616000078, -5.035705803999974 ], [ 104.747353252000039, -5.049422807999974 ], [ 104.728695912000035, -5.050689998999928 ], [ 104.713746598000057, -5.070166542999971 ], [ 104.697448931000054, -5.063616151999952 ], [ 104.682374750000065, -5.08451030699996 ], [ 104.658093377000057, -5.079227389999971 ], [ 104.646948124000062, -5.088109289999977 ], [ 104.628154889000086, -5.088724123999953 ], [ 104.614252150000084, -5.076516487999925 ], [ 104.592544467000039, -5.072183853999945 ], [ 104.566799826000079, -5.021703086999935 ], [ 104.537301554000067, -5.01380491599997 ], [ 104.517172477000088, -5.026369699999975 ], [ 104.501569608000068, -5.018046908999963 ], [ 104.494356960000061, -5.000439081999957 ], [ 104.496289474000037, -4.966468064999958 ], [ 104.546545255000069, -4.866415700999937 ], [ 104.54700818200007, -4.851849309999977 ], [ 104.556816352000055, -4.84470852499993 ], [ 104.548890177000033, -4.831914093999956 ], [ 104.602777800000069, -4.823611110999934 ], [ 104.611802419000071, -4.831973341999969 ], [ 104.622073343000068, -4.822420131999934 ], [ 104.621412573000043, -4.796091988999933 ], [ 104.645949487000053, -4.778927278999959 ], [ 104.633812284000044, -4.762134566999976 ], [ 104.635342887000036, -4.743299707999938 ], [ 104.623636618000035, -4.740549163999958 ], [ 104.623837092000088, -4.715063872999963 ], [ 104.634484651000037, -4.705024202999937 ], [ 104.610980879000067, -4.690380095999956 ], [ 104.613534516000072, -4.671543315999941 ], [ 104.638286704000052, -4.656390208999937 ], [ 104.644607991000044, -4.63314674999998 ], [ 104.699840182000059, -4.597834721999959 ], [ 104.695702149000056, -4.582848214999956 ], [ 104.708333300000049, -4.571388888999934 ], [ 104.699939911000058, -4.567412686999944 ], [ 104.701587046000043, -4.553156199999933 ], [ 104.72979330000004, -4.55543776199994 ], [ 104.730674497000052, -4.53726338599995 ], [ 104.766344700000047, -4.528386121999972 ], [ 104.782808771000077, -4.531708988999981 ], [ 104.793242079000038, -4.514618364999933 ], [ 104.817571428000065, -4.504101781999964 ] ] ] } },
{ "type": "Feature", "properties": { "kemendagri_kab_code": 1804, "kemendagri_kab_name": "Kabupaten Lampung Barat", "kemendagri_prov_code": 18, "kemendagri_prov_name": "Lampung" }, "geometry": { "type": "Polygon", "coordinates": [ [ [ 104.31584022800007, -5.354047424999976 ], [ 104.291007275000084, -5.331710308999959 ], [ 104.222635842000045, -5.218052974999978 ], [ 104.120777778000047, -5.174777777999964 ], [ 104.08365152500005, -5.140887053999961 ], [ 104.081444444000056, -5.118888888999948 ], [ 104.063111111000069, -5.099333332999947 ], [ 104.023833333000084, -5.091972221999981 ], [ 104.00313888900007, -5.0985 ], [ 104.01875, -5.066083332999938 ], [ 104.019072344000051, -5.043740490999937 ], [ 104.004805556000065, -5.00633333299993 ], [ 103.974944444000073, -4.9865 ], [ 103.972638889000052, -4.969083332999958 ], [ 103.924352436000049, -4.97596826399996 ], [ 103.875527778000048, -4.965222221999966 ], [ 103.858416667000085, -4.945444443999975 ], [ 103.831555556000069, -4.943055555999933 ], [ 103.812317577000044, -4.891820519999953 ], [ 103.855702781000048, -4.891922500999954 ], [ 103.844038179000052, -4.91676463999994 ], [ 103.857241893000037, -4.919821137999975 ], [ 103.935599130000071, -4.884599385999934 ], [ 103.961563843000079, -4.910482681999952 ], [ 103.976247165000075, -4.913120234999951 ], [ 103.988764976000084, -4.906263801999955 ], [ 103.997892164000064, -4.910767010999962 ], [ 104.005720729000075, -4.902451865999979 ], [ 104.013558226000043, -4.907860151999955 ], [ 104.048800921000066, -4.901709902999926 ], [ 104.062376842000049, -4.886135647999936 ], [ 104.071166848000075, -4.908023605999972 ], [ 104.092707476000044, -4.918190913999979 ], [ 104.121622405000039, -4.924159181999926 ], [ 104.141633851000051, -4.918121750999944 ], [ 104.144430877000048, -4.923756524999931 ], [ 104.177302006000048, -4.902304203999961 ], [ 104.192263561000061, -4.875636458999963 ], [ 104.191297440000085, -4.863022542999943 ], [ 104.215368993000084, -4.858943886999953 ], [ 104.234069236000039, -4.880808200999979 ], [ 104.253574693000076, -4.882890220999968 ], [ 104.269919019000042, -4.876682604999928 ], [ 104.285113931000069, -4.855699585999957 ], [ 104.351216759000067, -4.874754627999948 ], [ 104.411999280000032, -4.864033265999979 ], [ 104.422541338000087, -4.902635941999961 ], [ 104.441922849000036, -4.91995262699993 ], [ 104.436958450000077, -4.929127367999968 ], [ 104.442407211000045, -4.94310724199994 ], [ 104.478429033000054, -4.931758723999963 ], [ 104.509569993000071, -4.942924116999961 ], [ 104.493768569000054, -4.976539484999932 ], [ 104.498676663000083, -5.013635048999959 ], [ 104.516780143000062, -5.02634226999993 ], [ 104.537301554000067, -5.01380491599997 ], [ 104.566799826000079, -5.021703086999935 ], [ 104.590381669000067, -5.069937266999943 ], [ 104.573994302000074, -5.073550587999932 ], [ 104.565599639000084, -5.092049153999938 ], [ 104.534932697000045, -5.094432891999929 ], [ 104.514251700000045, -5.13623324799994 ], [ 104.49643149700006, -5.126834339999959 ], [ 104.482945531000041, -5.141022903999954 ], [ 104.450304032000076, -5.150218873999961 ], [ 104.430133309000041, -5.17231878299998 ], [ 104.37400445600008, -5.199481714999934 ], [ 104.380095876000041, -5.237743447999947 ], [ 104.364014767000072, -5.281188482999937 ], [ 104.389111073000038, -5.28263762499995 ], [ 104.399275491000083, -5.303344408999976 ], [ 104.360062885000048, -5.302561096999966 ], [ 104.374033084000075, -5.329264379999927 ], [ 104.348437925000042, -5.340776446999939 ], [ 104.333877459000064, -5.324411558999941 ], [ 104.31584022800007, -5.354047424999976 ] ] ] } },
{ "type": "Feature", "properties": { "kemendagri_kab_code": 1805, "kemendagri_kab_name": "Kabupaten Tulang Bawang", "kemendagri_prov_code": 18, "kemendagri_prov_name": "Lampung" }, "geometry": { "type": "MultiPolygon", "coordinates": [ [ [ [ 105.894600698000033, -4.625740428999961 ], [ 105.895361274000038, -4.628954098999941 ], [ 105.893857949000051, -4.626008731999946 ], [ 105.894600698000033, -4.625740428999961 ] ] ], [ [ [ 105.811205284000039, -4.126105373999962 ], [ 105.825988987000073, -4.192906577999963 ], [ 105.813734048000072, -4.297051806999946 ], [ 105.819908868000084, -4.33854282599998 ], [ 105.827602103000061, -4.354042453999966 ], [ 105.857563838000033, -4.377806311999962 ], [ 105.852155511000035, -4.410763218999932 ], [ 105.864903043000083, -4.411341548999928 ], [ 105.889979611000058, -4.438297056999943 ], [ 105.912772093000058, -4.438401665999947 ], [ 105.898890317000053, -4.493828830999973 ], [ 105.905744361000075, -4.549639100999968 ], [ 105.88240514000006, -4.587713708999956 ], [ 105.890006510000035, -4.628001195999957 ], [ 105.91468023200008, -4.642150997999977 ], [ 105.897746027000039, -4.683157121999955 ], [ 105.853390770000033, -4.676247511999975 ], [ 105.857314209000037, -4.632575337999981 ], [ 105.844042526000067, -4.630301474999953 ], [ 105.837636222000071, -4.619699780999952 ], [ 105.827365730000054, -4.640399332999948 ], [ 105.809461738000039, -4.653693204999968 ], [ 105.781390060000035, -4.634284241999978 ], [ 105.778740414000083, -4.605234972999938 ], [ 105.804746320000049, -4.584660045999954 ], [ 105.79394777300007, -4.580668139999943 ], [ 105.799793203000036, -4.561641248999933 ], [ 105.791888087000075, -4.550901518999979 ], [ 105.771045725000079, -4.552899663999938 ], [ 105.770533621000084, -4.528956593999965 ], [ 105.759248605000039, -4.532265957999925 ], [ 105.749005896000085, -4.521015623999972 ], [ 105.731958644000088, -4.537224328999969 ], [ 105.723881429000073, -4.527917198999944 ], [ 105.712981084000035, -4.531016686999976 ], [ 105.692922192000083, -4.512531530999979 ], [ 105.697330897000086, -4.495395659999929 ], [ 105.680382192000081, -4.485059277999937 ], [ 105.670490860000086, -4.499824075999925 ], [ 105.645904014000052, -4.509060302999956 ], [ 105.642935128000033, -4.480972115999975 ], [ 105.627080368000065, -4.487419321999937 ], [ 105.620520433000081, -4.517948195999963 ], [ 105.603003181000076, -4.521968869999967 ], [ 105.587626790000058, -4.515137248999963 ], [ 105.58127630000007, -4.535428223999929 ], [ 105.570572619000075, -4.519281572999944 ], [ 105.533815385000082, -4.520442383999978 ], [ 105.534952338000039, -4.509095783999953 ], [ 105.510344684000074, -4.491644798999971 ], [ 105.497103619000086, -4.494809104999945 ], [ 105.491511111000079, -4.482497646999946 ], [ 105.478134289000081, -4.496857291999959 ], [ 105.472157138000057, -4.489791345999947 ], [ 105.464433365000048, -4.496882482999979 ], [ 105.451638381000066, -4.492601312999966 ], [ 105.443802910000045, -4.50278584199998 ], [ 105.415173459000073, -4.510065039999972 ], [ 105.411746366000045, -4.518674203999979 ], [ 105.402874982000071, -4.511912768999935 ], [ 105.381096110000044, -4.516957830999957 ], [ 105.353570596000054, -4.53880204799998 ], [ 105.353260068000054, -4.550746299999958 ], [ 105.339856009000073, -4.552968543999953 ], [ 105.327981397000087, -4.575619935999953 ], [ 105.312065, -4.579702338999937 ], [ 105.304122641000049, -4.604324457999951 ], [ 105.293279482000059, -4.616976097999952 ], [ 105.285476731000074, -4.615462073999936 ], [ 105.286107769000068, -4.622332721999953 ], [ 105.26300412900008, -4.622430294999958 ], [ 105.261912937000034, -4.635541099999955 ], [ 105.244742796000082, -4.640563308999958 ], [ 105.212125720000074, -4.635427182999933 ], [ 105.215535553000052, -4.599368857999934 ], [ 105.190776327000037, -4.59214646099997 ], [ 105.180277777000072, -4.564861110999971 ], [ 105.17022563900008, -4.56094378399996 ], [ 105.175508253000032, -4.546527559999959 ], [ 105.158913313000085, -4.542923878999943 ], [ 105.177858478000076, -4.523115537999956 ], [ 105.184351811000056, -4.473471123999957 ], [ 105.204531772000053, -4.46360393599997 ], [ 105.203001168000071, -4.42862514899997 ], [ 105.212870799000086, -4.428396204999956 ], [ 105.213047464000056, -4.415785037999967 ], [ 105.224972419000039, -4.417156614999953 ], [ 105.241217464000044, -4.398931457999936 ], [ 105.252908524000077, -4.402338178999969 ], [ 105.254664168000033, -4.396728631999963 ], [ 105.241890974000057, -4.384687930999974 ], [ 105.21621719500007, -4.391836714999954 ], [ 105.195437118000086, -4.35661887699996 ], [ 105.20722547400004, -4.352441527999929 ], [ 105.237760679000075, -4.367418190999956 ], [ 105.22538434900008, -4.34801245899996 ], [ 105.235391049000043, -4.32824231799998 ], [ 105.218457716000046, -4.330355286999975 ], [ 105.222850558000061, -4.343607457999951 ], [ 105.194642293000072, -4.354614898999955 ], [ 105.202087350000056, -4.325414744999932 ], [ 105.178133593000041, -4.296770735999928 ], [ 105.157968880000055, -4.300519423999958 ], [ 105.155939840000087, -4.281710803999943 ], [ 105.156278399000087, -4.267613256999937 ], [ 105.189138889000048, -4.268638887999941 ], [ 105.188655881000045, -4.242217384999947 ], [ 105.219494748000045, -4.225301866999928 ], [ 105.215487419000056, -4.214612073999945 ], [ 105.226645915000063, -4.209925581999926 ], [ 105.221627510000076, -4.195729761999928 ], [ 105.276149660000044, -4.184501094999973 ], [ 105.312186585000063, -4.15678007799994 ], [ 105.367154742000082, -4.158989720999955 ], [ 105.366012024000042, -4.129556337999929 ], [ 105.387785902000076, -4.131266228999948 ], [ 105.390249131000076, -4.141082582999957 ], [ 105.400697629000035, -4.138298271999929 ], [ 105.402731755000048, -4.11952167499993 ], [ 105.424650705000033, -4.122087842999974 ], [ 105.422509800000057, -4.162450367999952 ], [ 105.459333982000032, -4.166487996999933 ], [ 105.467026052000051, -4.162383693999971 ], [ 105.467206346000069, -4.135013327999957 ], [ 105.503111111000067, -4.135555555999929 ], [ 105.507030874000066, -4.166109474999928 ], [ 105.529717745000085, -4.165923254999939 ], [ 105.604944444000068, -4.195916666999949 ], [ 105.605880893000062, -4.219344424999974 ], [ 105.616817128000037, -4.223210524999956 ], [ 105.652698405000081, -4.21764602199994 ], [ 105.652429010000048, -4.196170776999963 ], [ 105.682916667000086, -4.188972221999961 ], [ 105.719821410000065, -4.185451237999928 ], [ 105.721666667000079, -4.19836111099994 ], [ 105.754722222000055, -4.194888888999969 ], [ 105.755, -4.144305555999949 ], [ 105.768552942000042, -4.13302910799996 ], [ 105.773454842000035, -4.11069542499996 ], [ 105.811205284000039, -4.126105373999962 ] ] ] ] } },
{ "type": "Feature", "properties": { "kemendagri_kab_code": 1806, "kemendagri_kab_name": "Kabupaten Tanggamus", "kemendagri_prov_code": 18, "kemendagri_prov_name": "Lampung" }, "geometry": { "type": "MultiPolygon", "coordinates": [ [ [ [ 104.668663605000063, -5.932398722999949 ], [ 104.668859911000084, -5.932273801999941 ], [ 104.668886680000071, -5.932464157999959 ], [ 104.668663605000063, -5.932398722999949 ] ] ], [ [ [ 104.681474488000049, -5.93203177099997 ], [ 104.681122328000072, -5.932736090999981 ], [ 104.680874864000089, -5.931955627999969 ], [ 104.681474488000049, -5.93203177099997 ] ] ], [ [ [ 104.682913539000083, -5.932865295999932 ], [ 104.682606588000056, -5.93158038699994 ], [ 104.682913539000083, -5.931466172999933 ], [ 104.682913539000083, -5.932865295999932 ] ] ], [ [ [ 104.667562113000088, -5.931987670999945 ], [ 104.667698932000064, -5.932261308999955 ], [ 104.667496678000077, -5.932124489999978 ], [ 104.667562113000088, -5.931987670999945 ] ] ], [ [ [ 104.678661029000068, -5.932634320999966 ], [ 104.676619451000079, -5.931021046999945 ], [ 104.677497472000084, -5.930614158999958 ], [ 104.678661029000068, -5.932634320999966 ] ] ], [ [ [ 104.667734624000047, -5.930286356999943 ], [ 104.668008262000058, -5.930351791999954 ], [ 104.667669189000037, -5.930678967999938 ], [ 104.667734624000047, -5.930286356999943 ] ] ], [ [ [ 104.668073697000068, -5.930113845999927 ], [ 104.668323540000074, -5.92949518599994 ], [ 104.668543641000042, -5.929536825999946 ], [ 104.668073697000068, -5.930113845999927 ] ] ], [ [ [ 104.682762110000056, -5.928757155999961 ], [ 104.682155347000048, -5.929286586999979 ], [ 104.682113707000042, -5.928709566999942 ], [ 104.682762110000056, -5.928757155999961 ] ] ], [ [ [ 104.781434, -5.761015 ], [ 104.852824164000083, -5.801883895999936 ], [ 104.854887247000079, -5.846471208999958 ], [ 104.813278, -5.825252 ], [ 104.803911317000086, -5.801538993999941 ], [ 104.780920832000049, -5.778725472999952 ], [ 104.781434, -5.761015 ] ] ], [ [ [ 104.654401863000032, -5.71730542499995 ], [ 104.654387586000041, -5.717519576999962 ], [ 104.654284080000082, -5.717348254999933 ], [ 104.654401863000032, -5.71730542499995 ] ] ], [ [ [ 104.957918114000051, -5.711474143999965 ], [ 104.957239968000067, -5.711181469999929 ], [ 104.957648046000088, -5.710856673999956 ], [ 104.957918114000051, -5.711474143999965 ] ] ], [ [ [ 104.954436765000082, -5.710615713999971 ], [ 104.954008462000047, -5.710135062999939 ], [ 104.954888863000065, -5.71063474999994 ], [ 104.954436765000082, -5.710615713999971 ] ] ], [ [ [ 104.968634493000081, -5.708994031999964 ], [ 104.968900993000034, -5.708803674999956 ], [ 104.969115144000057, -5.708827468999971 ], [ 104.968634493000081, -5.708994031999964 ] ] ], [ [ [ 104.962112390000073, -5.708602609999957 ], [ 104.962140944000055, -5.708752515999947 ], [ 104.962073129000032, -5.708727531999955 ], [ 104.962112390000073, -5.708602609999957 ] ] ], [ [ [ 104.96145209000008, -5.707778126999926 ], [ 104.961705503000076, -5.707756711999934 ], [ 104.961523474000046, -5.707981570999948 ], [ 104.96145209000008, -5.707778126999926 ] ] ], [ [ [ 104.962734715000067, -5.707753142999934 ], [ 104.962884621000057, -5.707746003999944 ], [ 104.962707589000047, -5.707838802999959 ], [ 104.962734715000067, -5.707753142999934 ] ] ], [ [ [ 104.962230174000069, -5.707492591999937 ], [ 104.962451464000083, -5.707478314999946 ], [ 104.962230174000069, -5.707863787999941 ], [ 104.962230174000069, -5.707492591999937 ] ] ], [ [ [ 104.968501243000048, -5.704283887999964 ], [ 104.967892101000075, -5.704226780999932 ], [ 104.968491725000035, -5.704107807999947 ], [ 104.968501243000048, -5.704283887999964 ] ] ], [ [ [ 104.966450148000035, -5.704293405999977 ], [ 104.966916522000076, -5.704364789999943 ], [ 104.966440630000079, -5.704483762999928 ], [ 104.966450148000035, -5.704293405999977 ] ] ], [ [ [ 104.962360782000076, -5.703229221999948 ], [ 104.961676687000079, -5.703270862999943 ], [ 104.961557714000037, -5.703157837999925 ], [ 104.962170425000068, -5.702860405999957 ], [ 104.962360782000076, -5.703229221999948 ] ] ], [ [ [ 104.721470769000064, -5.539103054999941 ], [ 104.72148659000004, -5.539016966999952 ], [ 104.721520986000087, -5.539048376999972 ], [ 104.721470769000064, -5.539103054999941 ] ] ], [ [ [ 104.719182877000037, -5.535966926999947 ], [ 104.719182618000048, -5.53596287299996 ], [ 104.719189050000068, -5.53596525699993 ], [ 104.719182877000037, -5.535966926999947 ] ] ], [ [ [ 104.718722089000039, -5.53569037699998 ], [ 104.718742777000045, -5.535652598999945 ], [ 104.718734595000058, -5.53570893899996 ], [ 104.718722089000039, -5.53569037699998 ] ] ], [ [ [ 104.718667431000085, -5.535593242999937 ], [ 104.718701003000035, -5.535604318999958 ], [ 104.718678571000055, -5.535612071999935 ], [ 104.718667431000085, -5.535593242999937 ] ] ], [ [ [ 104.718486013000074, -5.535588555999936 ], [ 104.718516678000071, -5.535570383999925 ], [ 104.718494340000063, -5.535609278999971 ], [ 104.718486013000074, -5.535588555999936 ] ] ], [ [ [ 104.717199523000033, -5.533637425999927 ], [ 104.717185680000057, -5.533586285999945 ], [ 104.717194290000066, -5.533581297999945 ], [ 104.717199523000033, -5.533637425999927 ] ] ], [ [ [ 104.715966028000082, -5.532132879999949 ], [ 104.715985954000075, -5.532122137999977 ], [ 104.71599025200004, -5.532145607999951 ], [ 104.715966028000082, -5.532132879999949 ] ] ], [ [ [ 104.715084407000063, -5.530645863999951 ], [ 104.715090281000073, -5.530623890999948 ], [ 104.715096325000047, -5.53063326299997 ], [ 104.715084407000063, -5.530645863999951 ] ] ], [ [ [ 104.715112751000049, -5.530589426999938 ], [ 104.715136518000065, -5.530584053999974 ], [ 104.715145858000085, -5.530602297999963 ], [ 104.715112751000049, -5.530589426999938 ] ] ], [ [ [ 104.715263147000087, -5.530537253999967 ], [ 104.715193815000077, -5.530437885999959 ], [ 104.715281627000081, -5.530476129999954 ], [ 104.715263147000087, -5.530537253999967 ] ] ], [ [ [ 104.715031725000074, -5.530449157999954 ], [ 104.715039269000044, -5.530416865999939 ], [ 104.715064486000074, -5.530434924999952 ], [ 104.715031725000074, -5.530449157999954 ] ] ], [ [ [ 104.715112236000039, -5.530372001999979 ], [ 104.715079754000044, -5.53032184999995 ], [ 104.715133727000079, -5.530337031999977 ], [ 104.715112236000039, -5.530372001999979 ] ] ], [ [ [ 104.715105896000068, -5.530265601999929 ], [ 104.715167185000041, -5.530244001999961 ], [ 104.715174191000074, -5.530245222999952 ], [ 104.715105896000068, -5.530265601999929 ] ] ], [ [ [ 104.714896386000078, -5.530092465999928 ], [ 104.714892277000047, -5.530088926999952 ], [ 104.714894765000054, -5.530083857999955 ], [ 104.714896386000078, -5.530092465999928 ] ] ], [ [ [ 104.714759521000076, -5.530029360999947 ], [ 104.714759185000048, -5.530041461999929 ], [ 104.714749754000081, -5.530045429999973 ], [ 104.714759521000076, -5.530029360999947 ] ] ], [ [ [ 104.714628580000067, -5.529994343999931 ], [ 104.714627188000065, -5.529984241999955 ], [ 104.714632294000069, -5.529984970999976 ], [ 104.714628580000067, -5.529994343999931 ] ] ], [ [ [ 104.71502875200008, -5.529957864999972 ], [ 104.714882938000073, -5.53002851399998 ], [ 104.714959936000071, -5.529906921999952 ], [ 104.71502875200008, -5.529957864999972 ] ] ], [ [ [ 104.713279747000058, -5.527351299999964 ], [ 104.713301788000081, -5.527359650999927 ], [ 104.713283488000059, -5.527369136999937 ], [ 104.713279747000058, -5.527351299999964 ] ] ], [ [ [ 104.713336101000039, -5.527209770999946 ], [ 104.71335261300004, -5.527215498999965 ], [ 104.713337365000086, -5.527225289999933 ], [ 104.713336101000039, -5.527209770999946 ] ] ], [ [ [ 104.713012252000055, -5.527122429999963 ], [ 104.713032637000083, -5.527132000999927 ], [ 104.713001342000041, -5.527133877999972 ], [ 104.713012252000055, -5.527122429999963 ] ] ], [ [ [ 104.713000129000079, -5.527094 ], [ 104.712942106000071, -5.527030456999967 ], [ 104.712969978000046, -5.527011623999954 ], [ 104.713000129000079, -5.527094 ] ] ], [ [ [ 104.712925269000038, -5.526951373999964 ], [ 104.712933153000051, -5.526966991999927 ], [ 104.712924539000085, -5.526973157999976 ], [ 104.712925269000038, -5.526951373999964 ] ] ], [ [ [ 104.711993666000069, -5.526403964999929 ], [ 104.712005694000084, -5.526373231999969 ], [ 104.712019725000061, -5.52641347499997 ], [ 104.711993666000069, -5.526403964999929 ] ] ], [ [ [ 104.711926016000064, -5.526310035999927 ], [ 104.711926067000036, -5.526322728999958 ], [ 104.711924022000062, -5.526324605999946 ], [ 104.711926016000064, -5.526310035999927 ] ] ], [ [ [ 104.710989565000034, -5.525334842999939 ], [ 104.710995253000078, -5.525350421999974 ], [ 104.710978341000043, -5.525366661999954 ], [ 104.710989565000034, -5.525334842999939 ] ] ], [ [ [ 104.710179476000064, -5.524842601999978 ], [ 104.710227995000082, -5.524791744999959 ], [ 104.710229427000058, -5.524846141999944 ], [ 104.710179476000064, -5.524842601999978 ] ] ], [ [ [ 104.708030177000069, -5.522115263999979 ], [ 104.708055181000077, -5.52205048899998 ], [ 104.708069565000073, -5.522091331999945 ], [ 104.708030177000069, -5.522115263999979 ] ] ], [ [ [ 104.695767367000087, -5.520319188999963 ], [ 104.695782631000043, -5.520328674999973 ], [ 104.695758699000066, -5.520321283999976 ], [ 104.695767367000087, -5.520319188999963 ] ] ], [ [ [ 104.695745101000057, -5.520295317999967 ], [ 104.695752746000039, -5.520312690999958 ], [ 104.695738791000053, -5.520313911999949 ], [ 104.695745101000057, -5.520295317999967 ] ] ], [ [ [ 104.69591282500005, -5.519762261999972 ], [ 104.695922695000036, -5.519715272999974 ], [ 104.695947103000037, -5.519723596999938 ], [ 104.69591282500005, -5.519762261999972 ] ] ], [ [ [ 104.695825085000081, -5.519659967999928 ], [ 104.695830024000088, -5.519669177999958 ], [ 104.695825801000069, -5.519671333999952 ], [ 104.695825085000081, -5.519659967999928 ] ] ], [ [ [ 104.695809416000088, -5.519501499999933 ], [ 104.695817361000081, -5.51951861799995 ], [ 104.695805695000047, -5.519499350999979 ], [ 104.695809416000088, -5.519501499999933 ] ] ], [ [ [ 104.696243479000088, -5.519382410999981 ], [ 104.696246745000053, -5.51939416099998 ], [ 104.696238257000061, -5.519383503999961 ], [ 104.696243479000088, -5.519382410999981 ] ] ], [ [ [ 104.533912973000042, -5.095458117999954 ], [ 104.567372532000036, -5.104144571999939 ], [ 104.593874432000064, -5.131986470999948 ], [ 104.608680248000042, -5.137971929999935 ], [ 104.617221803000064, -5.131633603999944 ], [ 104.652429543000039, -5.132514883999931 ], [ 104.682797247000053, -5.15670455399993 ], [ 104.700682541000049, -5.155831575999969 ], [ 104.72130719200004, -5.125002155999937 ], [ 104.750690539000061, -5.118138087999967 ], [ 104.759187001000043, -5.132965246999959 ], [ 104.788219226000081, -5.145029673999943 ], [ 104.793360780000057, -5.155614002999926 ], [ 104.771510927000065, -5.183957757999963 ], [ 104.786427468000056, -5.207761779999942 ], [ 104.779772685000069, -5.234555219999947 ], [ 104.78966282600004, -5.239174378999962 ], [ 104.787445632000072, -5.259534954999936 ], [ 104.804072710000071, -5.272220042999948 ], [ 104.809884996000051, -5.299823028999981 ], [ 104.822208514000067, -5.31223984899998 ], [ 104.855347380000069, -5.336040475999937 ], [ 104.86857675300007, -5.337288096999941 ], [ 104.868185917000062, -5.378122101999963 ], [ 104.884516700000063, -5.386825 ], [ 104.90558610000005, -5.4167 ], [ 104.900955600000088, -5.422316666999961 ], [ 104.912463900000034, -5.429041666999979 ], [ 104.892094924000048, -5.428361597999981 ], [ 104.886669441000038, -5.43524320299997 ], [ 104.916472200000044, -5.447888888999955 ], [ 104.900129911000079, -5.511743170999978 ], [ 104.891167351000036, -5.508252178999953 ], [ 104.89846792600008, -5.533863950999944 ], [ 104.889116108000053, -5.552889234999952 ], [ 104.90687280700007, -5.569056719999935 ], [ 104.951914149000061, -5.570495780999977 ], [ 104.993055600000048, -5.58194444399993 ], [ 105.03083330000004, -5.621111110999948 ], [ 105.05, -5.61972222199995 ], [ 105.074166700000035, -5.645555555999977 ], [ 105.081388900000036, -5.7125 ], [ 105.096666700000071, -5.706388888999925 ], [ 105.109904291000078, -5.749771617999954 ], [ 105.135426229000075, -5.770348530999968 ], [ 105.146414551000078, -5.79034228699993 ], [ 105.194654958000058, -5.794923326999935 ], [ 105.195079060000069, -5.802579098999956 ], [ 105.192668686000047, -5.800320453999973 ], [ 105.192062518000057, -5.801738932999967 ], [ 105.191982396000071, -5.803761631999976 ], [ 105.188715370000068, -5.801615265999942 ], [ 105.186369795000076, -5.80508251599997 ], [ 105.18591992100005, -5.803774981999936 ], [ 105.185331475000055, -5.804014538999979 ], [ 105.18538637000006, -5.803157131999967 ], [ 105.183617527000081, -5.803363991999959 ], [ 105.183192872000063, -5.801943012999971 ], [ 105.181865923000032, -5.802551025999946 ], [ 105.180759132000048, -5.801227822999977 ], [ 105.178003262000061, -5.801143018999937 ], [ 105.177201659000048, -5.802542536999965 ], [ 105.172855900000059, -5.800610560999928 ], [ 105.161457074000054, -5.808026115999951 ], [ 105.154008877000081, -5.804867916999967 ], [ 105.14891483200006, -5.809354267999936 ], [ 105.141973736000068, -5.799431302999949 ], [ 105.133494795000047, -5.793174645999954 ], [ 105.125584156000059, -5.796934384999929 ], [ 105.127567251000073, -5.784857869999939 ], [ 105.122956681000062, -5.777466068999956 ], [ 105.116609881000045, -5.774677432999965 ], [ 105.11490585100006, -5.774819242999968 ], [ 105.113798386000042, -5.776643561999947 ], [ 105.112602965000065, -5.77689120499997 ], [ 105.111140350000085, -5.778285513999947 ], [ 105.111112318000039, -5.778648745999931 ], [ 105.108882945000062, -5.778777654999942 ], [ 105.107640846000038, -5.782413883999936 ], [ 105.107258082000044, -5.781847220999964 ], [ 105.106859713000063, -5.782329928999957 ], [ 105.105865246000064, -5.781790625999975 ], [ 105.105441559000042, -5.781914255999936 ], [ 105.105335137000054, -5.782083780999926 ], [ 105.105006770000045, -5.78215124999997 ], [ 105.097590981000053, -5.793938139999966 ], [ 105.088802031000057, -5.795590695999977 ], [ 105.109151285000053, -5.774093640999979 ], [ 105.105421837000051, -5.770388152999942 ], [ 105.096002613000053, -5.771736494999971 ], [ 105.094299104000072, -5.774277247999976 ], [ 105.08912037500005, -5.774381922999964 ], [ 105.087649507000037, -5.775749663999932 ], [ 105.089761602000067, -5.77031858099997 ], [ 105.088146800000061, -5.769884830999956 ], [ 105.090154521000045, -5.766479781999976 ], [ 105.089395124000077, -5.757804525999973 ], [ 105.088748679000048, -5.757499503999952 ], [ 105.088449995000076, -5.756590522999943 ], [ 105.087090939000063, -5.755544424999925 ], [ 105.080593720000081, -5.752985960999979 ], [ 105.071781472000055, -5.753070226999967 ], [ 105.062948429000073, -5.764669884999932 ], [ 105.061024162000081, -5.757207988999937 ], [ 105.059467544000086, -5.756100979999928 ], [ 105.05919958800007, -5.756638168999928 ], [ 105.059004547000086, -5.756433715999947 ], [ 105.058404263000057, -5.75706932099996 ], [ 105.058042965000084, -5.751714805999939 ], [ 105.052495430000079, -5.747845397999981 ], [ 105.047426079000047, -5.746763431999966 ], [ 105.039304632000039, -5.754812405999928 ], [ 105.041469911000036, -5.74982444099993 ], [ 105.039702524000063, -5.747523347999959 ], [ 105.027570135000076, -5.752117146999979 ], [ 105.023164166000072, -5.741599532999942 ], [ 105.032783137000081, -5.734871606999945 ], [ 105.029943673000048, -5.727720440999974 ], [ 105.019920194000065, -5.724282119999941 ], [ 105.010657829000081, -5.733220959999926 ], [ 105.010657829000081, -5.72507963399994 ], [ 104.996213932000046, -5.719297227999959 ], [ 104.986413543000083, -5.721910518999948 ], [ 104.988471777000086, -5.712238009999965 ], [ 104.967473033000033, -5.714849467999954 ], [ 104.969834649000063, -5.712285598999927 ], [ 104.971702525000069, -5.699156922999975 ], [ 104.964968651000049, -5.693000066999957 ], [ 104.958804385000064, -5.697066593999978 ], [ 104.959335004000081, -5.709808600999963 ], [ 104.934882354000081, -5.701630869999974 ], [ 104.933997195000074, -5.693521665999981 ], [ 104.927025374000038, -5.697447776999979 ], [ 104.912854996000078, -5.686309104999964 ], [ 104.90244509200005, -5.656919362999929 ], [ 104.886761577000073, -5.66359392399994 ], [ 104.828345708000086, -5.621139632999927 ], [ 104.777304774000072, -5.605328063999934 ], [ 104.749422646000085, -5.567417880999926 ], [ 104.728107194000074, -5.558947957999976 ], [ 104.725352474000033, -5.543166419999977 ], [ 104.713689267000063, -5.527452959999948 ], [ 104.708509456000058, -5.521833586999946 ], [ 104.685766992000083, -5.516428968999946 ], [ 104.663422281000067, -5.51765200899996 ], [ 104.603757932000065, -5.496139752999966 ], [ 104.569691926000075, -5.507280722999951 ], [ 104.567650794000087, -5.50825412599994 ], [ 104.566333271000076, -5.510055805999968 ], [ 104.559804550000081, -5.513267275999965 ], [ 104.530720037000037, -5.543418718999931 ], [ 104.547803191000071, -5.558390025999927 ], [ 104.567059159000053, -5.604475453999953 ], [ 104.642531142000053, -5.690188531999979 ], [ 104.656239997000057, -5.72649252399998 ], [ 104.644356752000078, -5.731632302999969 ], [ 104.644571950000056, -5.743597636999937 ], [ 104.710619905000044, -5.832293971999945 ], [ 104.698014038000053, -5.878528229999972 ], [ 104.726569906000066, -5.909508806999952 ], [ 104.732800975000032, -5.929422019999947 ], [ 104.677964918000043, -5.934594648999962 ], [ 104.683310087000052, -5.933280994999961 ], [ 104.684839839000063, -5.928938900999981 ], [ 104.671021225000061, -5.926405104999958 ], [ 104.667689038000049, -5.929407289999972 ], [ 104.667154699000037, -5.932305760999952 ], [ 104.675617625000086, -5.933982903999947 ], [ 104.658568646000049, -5.936374574999945 ], [ 104.658596293000073, -5.918747444999951 ], [ 104.664945096000054, -5.915187425999932 ], [ 104.658105007000074, -5.913407297999981 ], [ 104.660140449000039, -5.899574247999965 ], [ 104.645117653000057, -5.880555896999965 ], [ 104.634401470000057, -5.843043038999951 ], [ 104.639324488000057, -5.828800238999975 ], [ 104.653745558000082, -5.821092700999941 ], [ 104.617652748000069, -5.801315766999949 ], [ 104.58855426100007, -5.754503047999947 ], [ 104.613748767000061, -5.745357783999964 ], [ 104.627961526000036, -5.691688450999948 ], [ 104.589504996000073, -5.654093458999967 ], [ 104.568202185000075, -5.620402566999928 ], [ 104.534297519000063, -5.616979088999926 ], [ 104.519858961000068, -5.600018638999927 ], [ 104.508817711000063, -5.611786348999942 ], [ 104.499968198000033, -5.601180635999981 ], [ 104.490252027000054, -5.60759479099994 ], [ 104.485955597000043, -5.59470375799998 ], [ 104.494304099000033, -5.582135000999926 ], [ 104.483508001000075, -5.580115116999934 ], [ 104.490534513000057, -5.568369187999963 ], [ 104.486965889000032, -5.559510521999925 ], [ 104.481548544000077, -5.563162758999965 ], [ 104.478813444000082, -5.539805281999975 ], [ 104.453081138000073, -5.519988312999942 ], [ 104.442951430000051, -5.522836672999972 ], [ 104.431035365000071, -5.506837237999946 ], [ 104.416203730000063, -5.481135584999947 ], [ 104.418600254000069, -5.452058464999936 ], [ 104.39038170300006, -5.430853530999968 ], [ 104.334120259000088, -5.360813889999974 ], [ 104.314944445000037, -5.35425 ], [ 104.333877459000064, -5.324411558999941 ], [ 104.348437925000042, -5.340776446999939 ], [ 104.374033084000075, -5.329264379999927 ], [ 104.360062885000048, -5.302561096999966 ], [ 104.399275491000083, -5.303344408999976 ], [ 104.389111073000038, -5.28263762499995 ], [ 104.364014767000072, -5.281188482999937 ], [ 104.380095876000041, -5.237743447999947 ], [ 104.37400445600008, -5.199481714999934 ], [ 104.430133309000041, -5.17231878299998 ], [ 104.450304032000076, -5.150218873999961 ], [ 104.482945531000041, -5.141022903999954 ], [ 104.49643149700006, -5.126834339999959 ], [ 104.514251700000045, -5.13623324799994 ], [ 104.533912973000042, -5.095458117999954 ] ] ], [ [ [ 104.569674631000055, -5.507353001999945 ], [ 104.569666579000057, -5.508082122999951 ], [ 104.567904423000073, -5.508586269999967 ], [ 104.569674631000055, -5.507353001999945 ] ] ], [ [ [ 105.056596220000074, -5.758286349999935 ], [ 105.056593501000066, -5.758194205999928 ], [ 105.05663209100004, -5.758196500999929 ], [ 105.056596220000074, -5.758286349999935 ] ] ], [ [ [ 105.056295981000062, -5.758011838999948 ], [ 105.056340262000049, -5.75802245999995 ], [ 105.056281746000082, -5.758086558999935 ], [ 105.056295981000062, -5.758011838999948 ] ] ], [ [ [ 105.057572256000071, -5.757502297999963 ], [ 105.057432857000038, -5.757474403999936 ], [ 105.057502057000079, -5.757379842999967 ], [ 105.057572256000071, -5.757502297999963 ] ] ], [ [ [ 105.056844657000056, -5.757318734999956 ], [ 105.056666605000032, -5.756954769999936 ], [ 105.056880173000081, -5.756838020999965 ], [ 105.056844657000056, -5.757318734999956 ] ] ], [ [ [ 105.056692916000088, -5.75674229699996 ], [ 105.056769763000034, -5.756552158999966 ], [ 105.056831223000074, -5.756689947999973 ], [ 105.056692916000088, -5.75674229699996 ] ] ], [ [ [ 105.057179965000046, -5.756516704999967 ], [ 105.057169300000055, -5.756404888999953 ], [ 105.057225814000049, -5.756428691999929 ], [ 105.057179965000046, -5.756516704999967 ] ] ], [ [ [ 105.056911240000034, -5.75656294099997 ], [ 105.056861257000037, -5.75634707599994 ], [ 105.056940487000077, -5.756301060999931 ], [ 105.056911240000034, -5.75656294099997 ] ] ], [ [ [ 105.057570102000057, -5.755745883999964 ], [ 105.057372822000048, -5.755837879999945 ], [ 105.057588346000045, -5.755647273999955 ], [ 105.057570102000057, -5.755745883999964 ] ] ], [ [ [ 105.017872607000072, -5.754596910999965 ], [ 105.018165607000071, -5.754853910999941 ], [ 105.017903607000051, -5.754904910999926 ], [ 105.017872607000072, -5.754596910999965 ] ] ], [ [ [ 105.039752777000047, -5.753557432999969 ], [ 105.038822613000036, -5.754497356999934 ], [ 105.038231883000037, -5.75529990299998 ], [ 105.038253374000078, -5.75486025899994 ], [ 105.039752777000047, -5.753557432999969 ] ] ], [ [ [ 105.040839543000061, -5.753900784999928 ], [ 105.040826377000087, -5.753839351999943 ], [ 105.040863175000084, -5.753873775999978 ], [ 105.040839543000061, -5.753900784999928 ] ] ], [ [ [ 105.022547112000041, -5.754435058999945 ], [ 105.023074901000086, -5.753251144999979 ], [ 105.023291488000041, -5.754163908999942 ], [ 105.022547112000041, -5.754435058999945 ] ] ], [ [ [ 105.040885580000065, -5.753693683999927 ], [ 105.040883579000081, -5.753613370999972 ], [ 105.040981394000084, -5.753576391999957 ], [ 105.040885580000065, -5.753693683999927 ] ] ], [ [ [ 105.041093810000064, -5.753648163999969 ], [ 105.041128528000058, -5.753542965999941 ], [ 105.041181764000044, -5.753535270999976 ], [ 105.041093810000064, -5.753648163999969 ] ] ], [ [ [ 105.039542284000049, -5.753545177999968 ], [ 105.03967332600007, -5.753375673999926 ], [ 105.039759492000087, -5.753360605999944 ], [ 105.039542284000049, -5.753545177999968 ] ] ], [ [ [ 105.039743534000081, -5.753014022999935 ], [ 105.039708027000074, -5.752705360999926 ], [ 105.039811814000075, -5.752665848999925 ], [ 105.039743534000081, -5.753014022999935 ] ] ], [ [ [ 105.01516224900007, -5.749185603999933 ], [ 105.017527249000068, -5.752936603999956 ], [ 105.014413555000033, -5.754642462999925 ], [ 105.01516224900007, -5.749185603999933 ] ] ], [ [ [ 105.044530432000045, -5.751002036999978 ], [ 105.044501763000085, -5.750859815999945 ], [ 105.044621996000046, -5.750840771999947 ], [ 105.044530432000045, -5.751002036999978 ] ] ], [ [ [ 105.04590825400004, -5.750391437999951 ], [ 105.045729828000049, -5.75016000599993 ], [ 105.045955182000057, -5.750057613999957 ], [ 105.04590825400004, -5.750391437999951 ] ] ], [ [ [ 105.045041267000045, -5.750199175999967 ], [ 105.045106123000039, -5.750096806999977 ], [ 105.045145396000066, -5.750112048999938 ], [ 105.045041267000045, -5.750199175999967 ] ] ], [ [ [ 105.046245623000061, -5.749774202999959 ], [ 105.046397770000056, -5.750199166999948 ], [ 105.046105565000062, -5.749838039999929 ], [ 105.046245623000061, -5.749774202999959 ] ] ], [ [ [ 105.045068579000088, -5.749958231999926 ], [ 105.045100240000068, -5.749937188999979 ], [ 105.045108949000053, -5.749960405999957 ], [ 105.045068579000088, -5.749958231999926 ] ] ], [ [ [ 105.045959445000051, -5.749828426999954 ], [ 105.045858466000084, -5.749703181999962 ], [ 105.045966982000039, -5.749684116999958 ], [ 105.045959445000051, -5.749828426999954 ] ] ], [ [ [ 105.045832940000082, -5.749611989999948 ], [ 105.045810741000082, -5.749553849999927 ], [ 105.045861092000052, -5.749591118999945 ], [ 105.045832940000082, -5.749611989999948 ] ] ], [ [ [ 105.045849462000035, -5.749475809999979 ], [ 105.045888582000032, -5.749454578999973 ], [ 105.045896936000076, -5.749467435999975 ], [ 105.045849462000035, -5.749475809999979 ] ] ], [ [ [ 105.049765658000069, -5.749125928999945 ], [ 105.049833389000071, -5.748968187999935 ], [ 105.049781716000041, -5.749146133999943 ], [ 105.049765658000069, -5.749125928999945 ] ] ], [ [ [ 105.050097652000034, -5.748822786999938 ], [ 105.049952646000065, -5.748834178999971 ], [ 105.049988942000084, -5.748741458999973 ], [ 105.050097652000034, -5.748822786999938 ] ] ], [ [ [ 105.052101120000088, -5.748353964999978 ], [ 105.052088407000042, -5.74840437499995 ], [ 105.052048296000066, -5.748437039999942 ], [ 105.052101120000088, -5.748353964999978 ] ] ], [ [ [ 105.05200265600007, -5.748409095999932 ], [ 105.051980513000046, -5.748257098999943 ], [ 105.052026978000072, -5.748251363999941 ], [ 105.05200265600007, -5.748409095999932 ] ] ], [ [ [ 105.052113496000061, -5.748257961999968 ], [ 105.052154167000083, -5.748252283999932 ], [ 105.052125128000057, -5.74827343499993 ], [ 105.052113496000061, -5.748257961999968 ] ] ], [ [ [ 105.050940458000071, -5.748280555999941 ], [ 105.051060340000049, -5.748086839999928 ], [ 105.050943179000058, -5.748305157999937 ], [ 105.050940458000071, -5.748280555999941 ] ] ], [ [ [ 105.046742856000037, -5.748212501999944 ], [ 105.046696216000043, -5.74814618399995 ], [ 105.04671056400008, -5.74813960299997 ], [ 105.046742856000037, -5.748212501999944 ] ] ], [ [ [ 105.049356137000075, -5.748134959999959 ], [ 105.049303157000054, -5.748021010999935 ], [ 105.049367419000077, -5.747992129999943 ], [ 105.049356137000075, -5.748134959999959 ] ] ], [ [ [ 105.049081426000043, -5.747962112999971 ], [ 105.049021110000069, -5.747906803999967 ], [ 105.049068909000084, -5.747805217999939 ], [ 105.049081426000043, -5.747962112999971 ] ] ], [ [ [ 105.007737, -5.744344 ], [ 105.008531, -5.744276 ], [ 105.008363, -5.744631 ], [ 105.007737, -5.744344 ] ] ], [ [ [ 105.020761796000045, -5.743468210999936 ], [ 105.021247206000055, -5.74270678299996 ], [ 105.020895046000078, -5.744143977999954 ], [ 105.020761796000045, -5.743468210999936 ] ] ], [ [ [ 105.018222589000061, -5.741355031999944 ], [ 105.018489589000069, -5.741917031999947 ], [ 105.018081589000076, -5.741904031999979 ], [ 105.018222589000061, -5.741355031999944 ] ] ], [ [ [ 105.011536787000068, -5.733217795999963 ], [ 105.011817564000069, -5.733255867999958 ], [ 105.011555823000037, -5.733470018999981 ], [ 105.011536787000068, -5.733217795999963 ] ] ], [ [ [ 105.012593268000046, -5.733079787999941 ], [ 105.012769348000063, -5.73312737699996 ], [ 105.012407670000073, -5.733232072999954 ], [ 105.012593268000046, -5.733079787999941 ] ] ], [ [ [ 105.013963837000063, -5.732451609999941 ], [ 105.014068534000046, -5.732575341999961 ], [ 105.013621195000042, -5.73312737699996 ], [ 105.013963837000063, -5.732451609999941 ] ] ], [ [ [ 105.014239855000085, -5.73273714499993 ], [ 105.014458765000086, -5.732575341999961 ], [ 105.014244614000063, -5.732779974999971 ], [ 105.014239855000085, -5.73273714499993 ] ] ], [ [ [ 105.015105979000055, -5.732380225999975 ], [ 105.01478237200007, -5.732251734999977 ], [ 105.015134532000047, -5.732237457999929 ], [ 105.015105979000055, -5.732380225999975 ] ] ], [ [ [ 105.016923887000075, -5.732722867999939 ], [ 105.017014306000078, -5.731790119999971 ], [ 105.017099967000036, -5.732337395999934 ], [ 105.016923887000075, -5.732722867999939 ] ] ], [ [ [ 105.016233843000066, -5.731909092999956 ], [ 105.016571727000041, -5.731899574999943 ], [ 105.01619577200006, -5.732113725999966 ], [ 105.016233843000066, -5.731909092999956 ] ] ], [ [ [ 105.005545557000062, -5.727515011999969 ], [ 105.006123766000087, -5.726661975999946 ], [ 105.006559207000066, -5.726658405999956 ], [ 105.005545557000062, -5.727515011999969 ] ] ], [ [ [ 105.006723390000047, -5.72604688499996 ], [ 105.006841173000055, -5.726261035999926 ], [ 105.006730528000048, -5.726278881999974 ], [ 105.006723390000047, -5.72604688499996 ] ] ], [ [ [ 104.991330244000039, -5.724892786999931 ], [ 104.991419474000054, -5.725172373999953 ], [ 104.991217220000067, -5.725089091999962 ], [ 104.991330244000039, -5.724892786999931 ] ] ], [ [ [ 104.989952536000033, -5.724833299999943 ], [ 104.990330871000083, -5.724506123999959 ], [ 104.989995367000063, -5.724911822999957 ], [ 104.989952536000033, -5.724833299999943 ] ] ], [ [ [ 105.001170918000071, -5.724169489999952 ], [ 105.001267286000086, -5.724219458999926 ], [ 105.001045996000073, -5.724390779999965 ], [ 105.001170918000071, -5.724169489999952 ] ] ], [ [ [ 104.993816781000078, -5.721772123999926 ], [ 104.993783468000061, -5.721956531999979 ], [ 104.993722792000085, -5.721981515999971 ], [ 104.993816781000078, -5.721772123999926 ] ] ], [ [ [ 104.980815009000082, -5.720431297999937 ], [ 104.981748948000075, -5.719420026999956 ], [ 104.981207620000077, -5.721079700999951 ], [ 104.980815009000082, -5.720431297999937 ] ] ], [ [ [ 104.982635297000058, -5.71902741599996 ], [ 104.981980945000032, -5.719937558999959 ], [ 104.981766794000066, -5.720443194999973 ], [ 104.981844126000055, -5.719663920999949 ], [ 104.982635297000058, -5.71902741599996 ] ] ], [ [ [ 104.985984388000077, -5.719574691999981 ], [ 104.986222335000036, -5.719366488999981 ], [ 104.986115259000087, -5.719675818999974 ], [ 104.985984388000077, -5.719574691999981 ] ] ], [ [ [ 104.984027282000056, -5.71940812899993 ], [ 104.984342560000073, -5.718771622999952 ], [ 104.984413944000039, -5.719360539999968 ], [ 104.984027282000056, -5.71940812899993 ] ] ], [ [ [ 104.969010448000063, -5.703689022999981 ], [ 104.968872439000052, -5.703941245999943 ], [ 104.968820091000055, -5.703907933999972 ], [ 104.969010448000063, -5.703689022999981 ] ] ], [ [ [ 105.081848808000075, -5.788547209999933 ], [ 105.081764553000085, -5.788464547999979 ], [ 105.081929453000043, -5.788504886999931 ], [ 105.081848808000075, -5.788547209999933 ] ] ], [ [ [ 105.065896045000045, -5.768418597999926 ], [ 105.066008237000062, -5.768122658999971 ], [ 105.066161876000081, -5.768202686999928 ], [ 105.065896045000045, -5.768418597999926 ] ] ], [ [ [ 105.062851819000059, -5.766991577999931 ], [ 105.06330164600007, -5.767453411999952 ], [ 105.06283479800004, -5.767509028999939 ], [ 105.062851819000059, -5.766991577999931 ] ] ], [ [ [ 105.066750472000081, -5.76671039799993 ], [ 105.066633693000085, -5.766599733999954 ], [ 105.06668680000007, -5.766545402999952 ], [ 105.066750472000081, -5.76671039799993 ] ] ], [ [ [ 105.063669720000064, -5.76531209999996 ], [ 105.064691637000067, -5.766452748999939 ], [ 105.06391865900008, -5.766793987999961 ], [ 105.063669720000064, -5.76531209999996 ] ] ], [ [ [ 105.067044253000063, -5.765600405999976 ], [ 105.067160598000044, -5.76566553899994 ], [ 105.067110021000076, -5.765902050999955 ], [ 105.067044253000063, -5.765600405999976 ] ] ], [ [ [ 105.067360015000077, -5.765438449999976 ], [ 105.067408476000082, -5.765411892999964 ], [ 105.067395784000041, -5.765453646999958 ], [ 105.067360015000077, -5.765438449999976 ] ] ], [ [ [ 105.067559818000063, -5.765284408999946 ], [ 105.067488554000079, -5.765287071999978 ], [ 105.067558037000083, -5.765274593999948 ], [ 105.067559818000063, -5.765284408999946 ] ] ], [ [ [ 105.067343353000069, -5.764922487999968 ], [ 105.067160921000038, -5.765457090999973 ], [ 105.066962471000068, -5.765528417999974 ], [ 105.067343353000069, -5.764922487999968 ] ] ], [ [ [ 105.067281685000069, -5.764833080999949 ], [ 105.067354371000079, -5.764846181999928 ], [ 105.067255264000039, -5.764879429999951 ], [ 105.067281685000069, -5.764833080999949 ] ] ], [ [ [ 105.067931887000043, -5.764691776999939 ], [ 105.067977177000046, -5.76460349599995 ], [ 105.06800699300004, -5.76461891699995 ], [ 105.067931887000043, -5.764691776999939 ] ] ], [ [ [ 105.067632066000044, -5.764594928999941 ], [ 105.067646402000037, -5.764532879999933 ], [ 105.067663891000052, -5.764572577999957 ], [ 105.067632066000044, -5.764594928999941 ] ] ], [ [ [ 105.067484055000079, -5.764519906999965 ], [ 105.067527428000062, -5.764457880999942 ], [ 105.067549633000056, -5.764492067999981 ], [ 105.067484055000079, -5.764519906999965 ] ] ], [ [ [ 105.067529875000048, -5.764436101999934 ], [ 105.067549715000041, -5.764371022999967 ], [ 105.067592879000074, -5.764418655999975 ], [ 105.067529875000048, -5.764436101999934 ] ] ], [ [ [ 105.068091430000038, -5.764359973999944 ], [ 105.06808787500006, -5.764309569999966 ], [ 105.068117600000051, -5.764337157999933 ], [ 105.068091430000038, -5.764359973999944 ] ] ], [ [ [ 105.06749086800005, -5.76432940899997 ], [ 105.067509964000067, -5.764307282999937 ], [ 105.067539694000061, -5.764340936999929 ], [ 105.06749086800005, -5.76432940899997 ] ] ], [ [ [ 105.067472420000058, -5.764182709999943 ], [ 105.067411592000042, -5.764305772999933 ], [ 105.067366998000068, -5.764287441999954 ], [ 105.067472420000058, -5.764182709999943 ] ] ], [ [ [ 105.068002240000055, -5.764063635999946 ], [ 105.06788337200004, -5.763979709999944 ], [ 105.067953241000055, -5.763961633999941 ], [ 105.068002240000055, -5.764063635999946 ] ] ], [ [ [ 105.067758103000074, -5.764055584999937 ], [ 105.067753012000082, -5.763984982999943 ], [ 105.067792638000071, -5.763995482999974 ], [ 105.067758103000074, -5.764055584999937 ] ] ], [ [ [ 105.067553868000061, -5.763947782999935 ], [ 105.067571407000059, -5.763967388999959 ], [ 105.067539356000054, -5.763960445999942 ], [ 105.067553868000061, -5.763947782999935 ] ] ], [ [ [ 105.067701310000075, -5.763940831999946 ], [ 105.067762026000082, -5.763947888999951 ], [ 105.067689534000067, -5.763974125999937 ], [ 105.067701310000075, -5.763940831999946 ] ] ], [ [ [ 105.068105884000033, -5.763578131999964 ], [ 105.068030678000071, -5.763495036999927 ], [ 105.068092952000086, -5.763465853999946 ], [ 105.068105884000033, -5.763578131999964 ] ] ], [ [ [ 105.061564467000039, -5.763610682999968 ], [ 105.061379736000049, -5.763431725999965 ], [ 105.061548387000073, -5.763382193999973 ], [ 105.061564467000039, -5.763610682999968 ] ] ], [ [ [ 105.060853287000043, -5.761827572999948 ], [ 105.060860110000078, -5.761769120999929 ], [ 105.06089862500005, -5.761775395999962 ], [ 105.060853287000043, -5.761827572999948 ] ] ], [ [ [ 105.061025618000087, -5.761769020999964 ], [ 105.061061620000032, -5.761769793999974 ], [ 105.061040883000032, -5.761784228999943 ], [ 105.061025618000087, -5.761769020999964 ] ] ], [ [ [ 105.061183939000045, -5.761505618999934 ], [ 105.061217575000057, -5.761344677999944 ], [ 105.06131961300008, -5.761350690999961 ], [ 105.061183939000045, -5.761505618999934 ] ] ], [ [ [ 105.060424036000086, -5.761453096999958 ], [ 105.06043820900004, -5.761377208999932 ], [ 105.060473791000049, -5.761389574999953 ], [ 105.060424036000086, -5.761453096999958 ] ] ], [ [ [ 105.061082096000064, -5.761188087999926 ], [ 105.061053386000083, -5.761090463999949 ], [ 105.061117058000036, -5.76107894699993 ], [ 105.061082096000064, -5.761188087999926 ] ] ], [ [ [ 105.061572248000061, -5.760881666999978 ], [ 105.061437739000041, -5.76118516799994 ], [ 105.061156395000069, -5.761175867999953 ], [ 105.061572248000061, -5.760881666999978 ] ] ], [ [ [ 105.061514406000072, -5.760449825999956 ], [ 105.061353520000068, -5.760419286999934 ], [ 105.061508896000078, -5.760405694999974 ], [ 105.061514406000072, -5.760449825999956 ] ] ], [ [ [ 105.061343781000062, -5.760268069999938 ], [ 105.061349272000086, -5.760125174999928 ], [ 105.061442276000037, -5.760194555999931 ], [ 105.061343781000062, -5.760268069999938 ] ] ], [ [ [ 105.061196973000051, -5.760162847999936 ], [ 105.06123369800008, -5.760063776999971 ], [ 105.061283261000085, -5.760061776999976 ], [ 105.061196973000051, -5.760162847999936 ] ] ], [ [ [ 105.057992462000072, -5.758150709999938 ], [ 105.057772721000049, -5.758209892999957 ], [ 105.057973201000038, -5.757799482999928 ], [ 105.057992462000072, -5.758150709999938 ] ] ], [ [ [ 105.060414034000075, -5.757486372999949 ], [ 105.060318694000046, -5.757386102999931 ], [ 105.060432487000071, -5.75732828799994 ], [ 105.060414034000075, -5.757486372999949 ] ] ], [ [ [ 105.059036953000088, -5.75699437399993 ], [ 105.058437803000061, -5.758136761999936 ], [ 105.058865542000035, -5.756651623999971 ], [ 105.059036953000088, -5.75699437399993 ] ] ], [ [ [ 105.06979567500008, -5.757060220999961 ], [ 105.069751745000076, -5.756750573999966 ], [ 105.069796505000056, -5.756699229999981 ], [ 105.06979567500008, -5.757060220999961 ] ] ], [ [ [ 105.057699869000032, -5.756090367999946 ], [ 105.057758535000062, -5.757033427999943 ], [ 105.057510226000034, -5.756714712999951 ], [ 105.057699869000032, -5.756090367999946 ] ] ], [ [ [ 105.057477926000047, -5.756359255999939 ], [ 105.057536374000051, -5.756340016999957 ], [ 105.057486235000056, -5.75637807499993 ], [ 105.057477926000047, -5.756359255999939 ] ] ], [ [ [ 105.070898153000087, -5.756431284999962 ], [ 105.070902665000062, -5.756201374999932 ], [ 105.07100028900004, -5.756158400999936 ], [ 105.070898153000087, -5.756431284999962 ] ] ], [ [ [ 105.07690599700004, -5.756006146999937 ], [ 105.076900508000051, -5.755896248999932 ], [ 105.076950661000069, -5.755882608999968 ], [ 105.07690599700004, -5.756006146999937 ] ] ], [ [ [ 105.071200041000054, -5.755760687999953 ], [ 105.071108382000034, -5.755922341999963 ], [ 105.071047734000047, -5.755817384999943 ], [ 105.071200041000054, -5.755760687999953 ] ] ], [ [ [ 105.05766286100004, -5.755686763999961 ], [ 105.057809202000044, -5.755840686999932 ], [ 105.057561220000082, -5.755956458999947 ], [ 105.05766286100004, -5.755686763999961 ] ] ], [ [ [ 105.076446334000082, -5.755989837999948 ], [ 105.076631929000087, -5.755586914999981 ], [ 105.07669788700008, -5.75592467599995 ], [ 105.076446334000082, -5.755989837999948 ] ] ], [ [ [ 105.076871445000052, -5.755836587999966 ], [ 105.076750762000074, -5.755656433999945 ], [ 105.076836007000054, -5.755543810999939 ], [ 105.076871445000052, -5.755836587999966 ] ] ], [ [ [ 105.076980402000061, -5.754447011999957 ], [ 105.077010100000052, -5.754453976999969 ], [ 105.076966634000087, -5.754471279999962 ], [ 105.076980402000061, -5.754447011999957 ] ] ], [ [ [ 105.076910625000039, -5.754412973999933 ], [ 105.076948195000057, -5.754350775999967 ], [ 105.076983931000086, -5.754361580999955 ], [ 105.076910625000039, -5.754412973999933 ] ] ], [ [ [ 105.076931399000046, -5.754312105999929 ], [ 105.076880817000074, -5.754194828999971 ], [ 105.076951844000064, -5.754209498999955 ], [ 105.076931399000046, -5.754312105999929 ] ] ], [ [ [ 105.077117648000069, -5.754233769999928 ], [ 105.077039997000043, -5.754104082999959 ], [ 105.077136282000083, -5.754214819999959 ], [ 105.077117648000069, -5.754233769999928 ] ] ], [ [ [ 105.077019781000047, -5.75402834199997 ], [ 105.076838290000069, -5.753966631999958 ], [ 105.076998889000038, -5.753829473999929 ], [ 105.077019781000047, -5.75402834199997 ] ] ], [ [ [ 105.073380862000079, -5.753991141999961 ], [ 105.073260541000082, -5.753946104999955 ], [ 105.073244480000085, -5.753855595999937 ], [ 105.073380862000079, -5.753991141999961 ] ] ], [ [ [ 105.077132473000063, -5.753912905999925 ], [ 105.077157105000083, -5.753861682999968 ], [ 105.077150560000064, -5.753916312999934 ], [ 105.077132473000063, -5.753912905999925 ] ] ], [ [ [ 105.077054288000056, -5.753789341999948 ], [ 105.077106208000032, -5.753779219999956 ], [ 105.077064421000046, -5.753809120999961 ], [ 105.077054288000056, -5.753789341999948 ] ] ], [ [ [ 105.076948531000085, -5.75367745799997 ], [ 105.076990200000068, -5.753649082999971 ], [ 105.076959958000089, -5.753717514999948 ], [ 105.076948531000085, -5.75367745799997 ] ] ], [ [ [ 105.077353234000043, -5.753619500999946 ], [ 105.077384706000032, -5.753603570999928 ], [ 105.077365826000062, -5.753670486999965 ], [ 105.077353234000043, -5.753619500999946 ] ] ], [ [ [ 105.077305332000037, -5.753553556999975 ], [ 105.077223771000035, -5.753454180999938 ], [ 105.077375806000077, -5.753366825999933 ], [ 105.077305332000037, -5.753553556999975 ] ] ], [ [ [ 105.081865009000069, -5.796598581999945 ], [ 105.084224003000088, -5.797162773999958 ], [ 105.082117794000055, -5.798445649999962 ], [ 105.081865009000069, -5.796598581999945 ] ] ], [ [ [ 105.085127335000038, -5.796265275999929 ], [ 105.084588540000084, -5.796239494999952 ], [ 105.085049772000048, -5.795885089999956 ], [ 105.085127335000038, -5.796265275999929 ] ] ], [ [ [ 105.087523355000087, -5.794445350999979 ], [ 105.08738308900007, -5.794194396999956 ], [ 105.087666115000047, -5.794049186999928 ], [ 105.087523355000087, -5.794445350999979 ] ] ], [ [ [ 105.081985352000061, -5.788485872999956 ], [ 105.082104715000071, -5.788441079999927 ], [ 105.082158177000053, -5.788456470999961 ], [ 105.081985352000061, -5.788485872999956 ] ] ], [ [ [ 105.085510681000073, -5.788044710999941 ], [ 105.085553557000082, -5.787887749999925 ], [ 105.085624161000055, -5.787871344999928 ], [ 105.085510681000073, -5.788044710999941 ] ] ], [ [ [ 105.085611972000038, -5.787797312999942 ], [ 105.085269010000047, -5.788007946999926 ], [ 105.08564821300007, -5.787659341999927 ], [ 105.085611972000038, -5.787797312999942 ] ] ], [ [ [ 105.086031454000079, -5.787547028999938 ], [ 105.085895803000085, -5.787212206999925 ], [ 105.086169651000034, -5.786702220999928 ], [ 105.086031454000079, -5.787547028999938 ] ] ], [ [ [ 105.088954346000037, -5.78515880499998 ], [ 105.089359032000061, -5.785342958999934 ], [ 105.088935206000087, -5.785472768999966 ], [ 105.088954346000037, -5.78515880499998 ] ] ], [ [ [ 105.089937416000055, -5.78491140899996 ], [ 105.089961239000047, -5.784795407999979 ], [ 105.089968698000064, -5.784766536999939 ], [ 105.089937416000055, -5.78491140899996 ] ] ], [ [ [ 105.090010005000067, -5.784707282999932 ], [ 105.090072188000079, -5.784594488999971 ], [ 105.090023312000085, -5.784734199999946 ], [ 105.090010005000067, -5.784707282999932 ] ] ], [ [ [ 105.090023942000073, -5.78453744199993 ], [ 105.090068314000064, -5.784549259999949 ], [ 105.090002943000059, -5.784558427999968 ], [ 105.090023942000073, -5.78453744199993 ] ] ], [ [ [ 105.091312887000072, -5.783471612999961 ], [ 105.091094438000084, -5.783617901999946 ], [ 105.091177690000052, -5.783403652999937 ], [ 105.091312887000072, -5.783471612999961 ] ] ], [ [ [ 105.090905234000047, -5.783405136999932 ], [ 105.090916423000067, -5.783325393999974 ], [ 105.090946032000033, -5.783424413999967 ], [ 105.090905234000047, -5.783405136999932 ] ] ], [ [ [ 105.091022523000049, -5.782745403999968 ], [ 105.090843363000033, -5.782798401999969 ], [ 105.090966508000065, -5.782620216999931 ], [ 105.091022523000049, -5.782745403999968 ] ] ], [ [ [ 105.090801842000076, -5.782696753999971 ], [ 105.090831292000075, -5.782680920999951 ], [ 105.090805923000062, -5.782762607999928 ], [ 105.090801842000076, -5.782696753999971 ] ] ], [ [ [ 105.09076355500008, -5.782597902999953 ], [ 105.090812926000069, -5.78253807699997 ], [ 105.090775112000074, -5.782620114999929 ], [ 105.09076355500008, -5.782597902999953 ] ] ], [ [ [ 105.084920281000052, -5.777484241999957 ], [ 105.084844138000051, -5.777726946999962 ], [ 105.084806067000045, -5.777731704999951 ], [ 105.084920281000052, -5.777484241999957 ] ] ], [ [ [ 105.08703749600005, -5.776192497999943 ], [ 105.087077380000039, -5.77619165699997 ], [ 105.087057873000049, -5.77621845699997 ], [ 105.08703749600005, -5.776192497999943 ] ] ], [ [ [ 105.089636527000039, -5.775248298999941 ], [ 105.089340872000037, -5.775119505999953 ], [ 105.089498269000046, -5.774925621999955 ], [ 105.089636527000039, -5.775248298999941 ] ] ], [ [ [ 105.090133338000044, -5.775419226999929 ], [ 105.090181200000075, -5.77517271499994 ], [ 105.090268941000033, -5.775139931999945 ], [ 105.090133338000044, -5.775419226999929 ] ] ], [ [ [ 105.086922825000045, -5.775220605999948 ], [ 105.086824437000075, -5.774975446999974 ], [ 105.087062384000035, -5.77488638899996 ], [ 105.086922825000045, -5.775220605999948 ] ] ], [ [ [ 105.089473246000068, -5.774763383999925 ], [ 105.089526460000059, -5.774740901999962 ], [ 105.089493944000083, -5.77479470399993 ], [ 105.089473246000068, -5.774763383999925 ] ] ], [ [ [ 105.088437597000052, -5.772420146999934 ], [ 105.088495828000077, -5.77241436099996 ], [ 105.088438904000043, -5.772459631999936 ], [ 105.088437597000052, -5.772420146999934 ] ] ], [ [ [ 105.08856299200005, -5.772312715999931 ], [ 105.088663986000086, -5.772139311999979 ], [ 105.088735546000066, -5.772075125999947 ], [ 105.08856299200005, -5.772312715999931 ] ] ], [ [ [ 105.089042667000058, -5.771917412999926 ], [ 105.089000504000069, -5.771835629999941 ], [ 105.089048582000032, -5.771810909999942 ], [ 105.089042667000058, -5.771917412999926 ] ] ], [ [ [ 105.088682831000085, -5.770361057999935 ], [ 105.088725281000052, -5.770361819999948 ], [ 105.088681736000069, -5.770380195999962 ], [ 105.088682831000085, -5.770361057999935 ] ] ], [ [ [ 105.088214056000083, -5.769260152999948 ], [ 105.088179873000058, -5.769113642999969 ], [ 105.088266777000058, -5.769183556999963 ], [ 105.088214056000083, -5.769260152999948 ] ] ], [ [ [ 105.088465599000074, -5.768945773999974 ], [ 105.088438212000085, -5.768817421999927 ], [ 105.088500181000086, -5.768809316999977 ], [ 105.088465599000074, -5.768945773999974 ] ] ], [ [ [ 105.089455626000074, -5.767410844999972 ], [ 105.089526816000046, -5.767352021999955 ], [ 105.089540876000058, -5.767361360999928 ], [ 105.089455626000074, -5.767410844999972 ] ] ], [ [ [ 105.089101294000045, -5.765677399999959 ], [ 105.088963322000041, -5.765684805999967 ], [ 105.089045524000085, -5.765612632999932 ], [ 105.089101294000045, -5.765677399999959 ] ] ], [ [ [ 105.089103759000068, -5.765542173999961 ], [ 105.08913965000005, -5.76556553599994 ], [ 105.089079053000034, -5.765598662999935 ], [ 105.089103759000068, -5.765542173999961 ] ] ], [ [ [ 105.089156924000065, -5.765643359999956 ], [ 105.089251596000054, -5.765467830999967 ], [ 105.08931913300006, -5.76547031399997 ], [ 105.089156924000065, -5.765643359999956 ] ] ], [ [ [ 105.089694053000073, -5.765188721999948 ], [ 105.089697904000047, -5.765114366999967 ], [ 105.089724063000062, -5.765122598999938 ], [ 105.089694053000073, -5.765188721999948 ] ] ], [ [ [ 105.089503684000078, -5.765134624999973 ], [ 105.089504495000085, -5.765061605999961 ], [ 105.08957196700004, -5.765091488999929 ], [ 105.089503684000078, -5.765134624999973 ] ] ], [ [ [ 105.085327040000038, -5.764730361999966 ], [ 105.085354278000068, -5.764746474999981 ], [ 105.085349079000082, -5.764769448999971 ], [ 105.085327040000038, -5.764730361999966 ] ] ], [ [ [ 105.089085758000067, -5.764498938999964 ], [ 105.089093317000049, -5.764521570999932 ], [ 105.089077985000074, -5.764505929999928 ], [ 105.089085758000067, -5.764498938999964 ] ] ], [ [ [ 105.087349390000043, -5.763538443999948 ], [ 105.086935776000075, -5.76429281299994 ], [ 105.086538954000048, -5.765104353999959 ], [ 105.086714838000034, -5.764100620999955 ], [ 105.087349390000043, -5.763538443999948 ] ] ], [ [ [ 105.086319413000069, -5.764613538999981 ], [ 105.086295778000078, -5.764245136999932 ], [ 105.08669281400006, -5.763943962999974 ], [ 105.086319413000069, -5.764613538999981 ] ] ], [ [ [ 105.086911428000064, -5.763728006999941 ], [ 105.08696817100008, -5.763704407999967 ], [ 105.086914733000071, -5.763759318999973 ], [ 105.086911428000064, -5.763728006999941 ] ] ], [ [ [ 105.087607034000087, -5.762965703999953 ], [ 105.088136372000065, -5.763282310999955 ], [ 105.087763429000063, -5.764015579999977 ], [ 105.087607034000087, -5.762965703999953 ] ] ], [ [ [ 105.086391075000051, -5.763335301999973 ], [ 105.086452871000063, -5.763226612999972 ], [ 105.086492967000083, -5.763227517999951 ], [ 105.086391075000051, -5.763335301999973 ] ] ], [ [ [ 105.086535752000088, -5.763371623999944 ], [ 105.086628216000065, -5.763200322999978 ], [ 105.086678613000061, -5.763180207999937 ], [ 105.086535752000088, -5.763371623999944 ] ] ], [ [ [ 105.087276788000054, -5.763278140999944 ], [ 105.087224225000057, -5.763175358999945 ], [ 105.087346249000063, -5.763204983999969 ], [ 105.087276788000054, -5.763278140999944 ] ] ], [ [ [ 105.086439614000085, -5.76317475299993 ], [ 105.086474010000074, -5.763159600999927 ], [ 105.086433300000067, -5.76319604899993 ], [ 105.086439614000085, -5.76317475299993 ] ] ], [ [ [ 105.087526080000032, -5.763060518999964 ], [ 105.087558784000066, -5.762944338999944 ], [ 105.087545064000039, -5.763065023999957 ], [ 105.087526080000032, -5.763060518999964 ] ] ], [ [ [ 105.087657304000061, -5.762380655999948 ], [ 105.087612360000037, -5.76236444999995 ], [ 105.087610059000042, -5.762118858999941 ], [ 105.087657304000061, -5.762380655999948 ] ] ], [ [ [ 105.087679484000034, -5.762046253999927 ], [ 105.087616578000052, -5.761995224999964 ], [ 105.087729287000059, -5.761971716999938 ], [ 105.087679484000034, -5.762046253999927 ] ] ], [ [ [ 105.089180167000052, -5.758193079999955 ], [ 105.089177289000077, -5.75805939199995 ], [ 105.089265983000075, -5.758048186999929 ], [ 105.089180167000052, -5.758193079999955 ] ] ], [ [ [ 105.088813237000068, -5.757692438999925 ], [ 105.08884484400005, -5.758006709999961 ], [ 105.088556551000067, -5.757993446999933 ], [ 105.088813237000068, -5.757692438999925 ] ] ], [ [ [ 105.088508060000038, -5.757590554999979 ], [ 105.088473503000046, -5.757511393999948 ], [ 105.088532200000088, -5.75752856899993 ], [ 105.088508060000038, -5.757590554999979 ] ] ], [ [ [ 105.088561006000077, -5.757484587999954 ], [ 105.088568753000061, -5.757498213999952 ], [ 105.088546231000066, -5.757504749999953 ], [ 105.088561006000077, -5.757484587999954 ] ] ], [ [ [ 105.088623247000044, -5.757469221999941 ], [ 105.088670418000049, -5.757437372999959 ], [ 105.088647063000053, -5.757486706999941 ], [ 105.088623247000044, -5.757469221999941 ] ] ], [ [ [ 105.088421406000066, -5.757145226999967 ], [ 105.08848187500007, -5.757022491999976 ], [ 105.088503694000053, -5.75702390899994 ], [ 105.088421406000066, -5.757145226999967 ] ] ], [ [ [ 105.088469657000076, -5.756964212999947 ], [ 105.088302154000075, -5.75701369899997 ], [ 105.088412582000046, -5.756845932999965 ], [ 105.088469657000076, -5.756964212999947 ] ] ], [ [ [ 105.083464562000074, -5.754335001999948 ], [ 105.083537324000076, -5.754274674999976 ], [ 105.083463264000045, -5.754379492999931 ], [ 105.083464562000074, -5.754335001999948 ] ] ], [ [ [ 105.118344078000064, -5.80149744299996 ], [ 105.117562324000062, -5.801815616999932 ], [ 105.11795051200005, -5.801157621999948 ], [ 105.118344078000064, -5.80149744299996 ] ] ], [ [ [ 105.121534656000051, -5.801220997999962 ], [ 105.121337909000033, -5.800645891999977 ], [ 105.12155090300007, -5.80053335499997 ], [ 105.121534656000051, -5.801220997999962 ] ] ], [ [ [ 105.121954588000051, -5.800813940999944 ], [ 105.121667353000078, -5.801177695999968 ], [ 105.121587899000076, -5.800377066999943 ], [ 105.121954588000051, -5.800813940999944 ] ] ], [ [ [ 105.097401089000073, -5.796241976999966 ], [ 105.097400252000057, -5.796131702999958 ], [ 105.097467549000044, -5.79610910599996 ], [ 105.097401089000073, -5.796241976999966 ] ] ], [ [ [ 105.098959748000084, -5.795195433999936 ], [ 105.09879518200006, -5.795280154999944 ], [ 105.098814487000084, -5.795055328999979 ], [ 105.098959748000084, -5.795195433999936 ] ] ], [ [ [ 105.096599164000054, -5.794776958999933 ], [ 105.09658793300008, -5.794623290999937 ], [ 105.096634561000087, -5.794624877999979 ], [ 105.096599164000054, -5.794776958999933 ] ] ], [ [ [ 105.091595697000059, -5.791033260999939 ], [ 105.091473642000039, -5.79079636299997 ], [ 105.091722408000066, -5.790863070999933 ], [ 105.091595697000059, -5.791033260999939 ] ] ], [ [ [ 105.100555588000077, -5.790575647999958 ], [ 105.100240976000066, -5.790489658999945 ], [ 105.100533326000061, -5.790247927999928 ], [ 105.100555588000077, -5.790575647999958 ] ] ], [ [ [ 105.102597252000066, -5.788291127999969 ], [ 105.102625279000051, -5.788079864999929 ], [ 105.102632319000065, -5.788290486999927 ], [ 105.102597252000066, -5.788291127999969 ] ] ], [ [ [ 105.102862826000035, -5.787982362999969 ], [ 105.102686391000077, -5.787952953999934 ], [ 105.10269605600007, -5.787892276999969 ], [ 105.102862826000035, -5.787982362999969 ] ] ], [ [ [ 105.107998025000086, -5.78294597699994 ], [ 105.107899449000058, -5.783033753999973 ], [ 105.107782179000083, -5.782662314999925 ], [ 105.107998025000086, -5.78294597699994 ] ] ], [ [ [ 105.107896121000067, -5.782692398999927 ], [ 105.107820493000077, -5.782461280999939 ], [ 105.107968239000058, -5.782714688999931 ], [ 105.107896121000067, -5.782692398999927 ] ] ], [ [ [ 105.105772288000082, -5.78247122099998 ], [ 105.105508782000072, -5.782186101999969 ], [ 105.105546730000071, -5.782097870999962 ], [ 105.105772288000082, -5.78247122099998 ] ] ], [ [ [ 105.106148666000081, -5.782144238999933 ], [ 105.106166401000053, -5.782049753999956 ], [ 105.106180706000032, -5.782137356999954 ], [ 105.106148666000081, -5.782144238999933 ] ] ], [ [ [ 105.105457573000081, -5.782079830999976 ], [ 105.105464234000067, -5.781960228999935 ], [ 105.105480877000048, -5.782080115999975 ], [ 105.105457573000081, -5.782079830999976 ] ] ], [ [ [ 105.122899370000084, -5.781892292999942 ], [ 105.122891217000074, -5.781805860999953 ], [ 105.122920453000063, -5.781818106999935 ], [ 105.122899370000084, -5.781892292999942 ] ] ], [ [ [ 105.122093237000058, -5.781449307999935 ], [ 105.122087759000067, -5.781332891999966 ], [ 105.122136396000087, -5.781430272999955 ], [ 105.122093237000058, -5.781449307999935 ] ] ], [ [ [ 105.122308546000056, -5.781206984999926 ], [ 105.122166778000064, -5.781221005999953 ], [ 105.122173515000043, -5.781189534999953 ], [ 105.122308546000056, -5.781206984999926 ] ] ], [ [ [ 105.093824760000075, -5.779435001999957 ], [ 105.093346806000056, -5.782413922999979 ], [ 105.091055253000036, -5.782954303999929 ], [ 105.093824760000075, -5.779435001999957 ] ] ], [ [ [ 105.12304894500005, -5.780698967999967 ], [ 105.123098946000084, -5.780638801999942 ], [ 105.123064150000062, -5.780709176999949 ], [ 105.12304894500005, -5.780698967999967 ] ] ], [ [ [ 105.111180753000042, -5.779574253999954 ], [ 105.11119453200007, -5.779424491999976 ], [ 105.111221557000079, -5.779418956999962 ], [ 105.111180753000042, -5.779574253999954 ] ] ], [ [ [ 105.093702185000041, -5.779332799999963 ], [ 105.093723589000035, -5.779344203999926 ], [ 105.093688059000044, -5.779350610999927 ], [ 105.093702185000041, -5.779332799999963 ] ] ], [ [ [ 105.093760882000083, -5.779187141999955 ], [ 105.093781409000087, -5.779191426999944 ], [ 105.093760904000078, -5.779241550999927 ], [ 105.093760882000083, -5.779187141999955 ] ] ], [ [ [ 105.110985594000056, -5.779180275999977 ], [ 105.111015399000053, -5.779150846999926 ], [ 105.111025492000067, -5.779194903999951 ], [ 105.110985594000056, -5.779180275999977 ] ] ], [ [ [ 105.110579544000075, -5.779080259999944 ], [ 105.110497836000036, -5.778909872999975 ], [ 105.11061129400008, -5.779049313999963 ], [ 105.110579544000075, -5.779080259999944 ] ] ], [ [ [ 105.094087737000052, -5.779013410999937 ], [ 105.093857311000079, -5.778905899999927 ], [ 105.093966442000067, -5.778858456999956 ], [ 105.094087737000052, -5.779013410999937 ] ] ], [ [ [ 105.110742135000066, -5.778870499999925 ], [ 105.110750292000034, -5.778830755999934 ], [ 105.110771923000073, -5.778880752999953 ], [ 105.110742135000066, -5.778870499999925 ] ] ], [ [ [ 105.112805379000065, -5.778771406999965 ], [ 105.112852785000086, -5.778762523999944 ], [ 105.112843613000052, -5.778848349999976 ], [ 105.112805379000065, -5.778771406999965 ] ] ], [ [ [ 105.094266449000088, -5.778638572999967 ], [ 105.094088439000075, -5.778634122999961 ], [ 105.094081833000075, -5.778601936999962 ], [ 105.094266449000088, -5.778638572999967 ] ] ], [ [ [ 105.111214524000047, -5.778553038999974 ], [ 105.111228181000058, -5.778529179999964 ], [ 105.111246102000052, -5.778551777999951 ], [ 105.111214524000047, -5.778553038999974 ] ] ], [ [ [ 105.111837318000084, -5.778562190999935 ], [ 105.111706735000041, -5.778722062999975 ], [ 105.111452073000066, -5.778256066999973 ], [ 105.111837318000084, -5.778562190999935 ] ] ], [ [ [ 105.112795315000085, -5.778439920999972 ], [ 105.112851724000052, -5.778428927999926 ], [ 105.11285981900005, -5.77855173699993 ], [ 105.112795315000085, -5.778439920999972 ] ] ], [ [ [ 105.120614645000046, -5.778107567999939 ], [ 105.120617548000041, -5.778062834999957 ], [ 105.120654545000036, -5.778103217999956 ], [ 105.120614645000046, -5.778107567999939 ] ] ], [ [ [ 105.120529471000054, -5.778086548999966 ], [ 105.120524265000086, -5.778008045999968 ], [ 105.12058526900006, -5.778049371999941 ], [ 105.120529471000054, -5.778086548999966 ] ] ], [ [ [ 105.120871731000079, -5.777984425999932 ], [ 105.120910328000036, -5.777995603999955 ], [ 105.120863010000051, -5.77801242399994 ], [ 105.120871731000079, -5.777984425999932 ] ] ], [ [ [ 105.119727862000047, -5.777855601999931 ], [ 105.11970959000007, -5.777754133999963 ], [ 105.119785741000044, -5.777842268999962 ], [ 105.119727862000047, -5.777855601999931 ] ] ], [ [ [ 105.120098098000085, -5.777763655999934 ], [ 105.120127755000055, -5.777665007999929 ], [ 105.12015929100005, -5.777751968999951 ], [ 105.120098098000085, -5.777763655999934 ] ] ], [ [ [ 105.119647293000071, -5.777764780999973 ], [ 105.119533223000076, -5.777651703999936 ], [ 105.119588239000052, -5.777581237999925 ], [ 105.119647293000071, -5.777764780999973 ] ] ], [ [ [ 105.114562599000067, -5.777215869999964 ], [ 105.114490837000062, -5.777537966999944 ], [ 105.114421807000042, -5.777582155999937 ], [ 105.114562599000067, -5.777215869999964 ] ] ], [ [ [ 105.12067969800006, -5.777505504999965 ], [ 105.120589605000077, -5.777253401999928 ], [ 105.120715494000081, -5.777517856999964 ], [ 105.12067969800006, -5.777505504999965 ] ] ], [ [ [ 105.113699498000074, -5.777301320999925 ], [ 105.113715643000035, -5.777251877999959 ], [ 105.113715280000065, -5.777310837999948 ], [ 105.113699498000074, -5.777301320999925 ] ] ], [ [ [ 105.119736604000082, -5.777287116999958 ], [ 105.119661110000038, -5.777238376999946 ], [ 105.119794306000074, -5.77720917299996 ], [ 105.119736604000082, -5.777287116999958 ] ] ], [ [ [ 105.119434818000059, -5.776998438999954 ], [ 105.119488896000064, -5.776966604999927 ], [ 105.119464267000069, -5.777044687999933 ], [ 105.119434818000059, -5.776998438999954 ] ] ], [ [ [ 105.119657959000051, -5.77701837099994 ], [ 105.119613775000062, -5.776918386999967 ], [ 105.11966601000006, -5.776911083999948 ], [ 105.119657959000051, -5.77701837099994 ] ] ], [ [ [ 105.119319634000078, -5.776921895999976 ], [ 105.119334658000071, -5.776807355999949 ], [ 105.119343669000045, -5.776798056999951 ], [ 105.119319634000078, -5.776921895999976 ] ] ], [ [ [ 105.119546409000066, -5.776857097999937 ], [ 105.119584140000086, -5.77673055899993 ], [ 105.119599887000049, -5.77672985099997 ], [ 105.119546409000066, -5.776857097999937 ] ] ], [ [ [ 105.119467671000052, -5.776656755999966 ], [ 105.11949597000006, -5.776673243999937 ], [ 105.119457062000038, -5.776701594999963 ], [ 105.119467671000052, -5.776656755999966 ] ] ], [ [ [ 105.119261448000088, -5.776096390999953 ], [ 105.119329574000062, -5.77597757999996 ], [ 105.119306169000083, -5.776114349999943 ], [ 105.119261448000088, -5.776096390999953 ] ] ], [ [ [ 105.09135927300008, -5.775209882999945 ], [ 105.091477730000065, -5.77515170199996 ], [ 105.091464968000082, -5.775237783999955 ], [ 105.09135927300008, -5.775209882999945 ] ] ], [ [ [ 105.114926337000043, -5.775160798999934 ], [ 105.114774852000039, -5.775063621999948 ], [ 105.114822379000088, -5.775017401999946 ], [ 105.114926337000043, -5.775160798999934 ] ] ], [ [ [ 105.091640747000042, -5.774905636999961 ], [ 105.091627515000084, -5.774786924999944 ], [ 105.091755345000081, -5.774707899999953 ], [ 105.091640747000042, -5.774905636999961 ] ] ], [ [ [ 105.091789814000037, -5.774642864999976 ], [ 105.091841262000059, -5.774649411999974 ], [ 105.091824642000063, -5.774717647999978 ], [ 105.091789814000037, -5.774642864999976 ] ] ], [ [ [ 105.091913594000061, -5.774664458999951 ], [ 105.091963717000056, -5.774556683999947 ], [ 105.091976166000052, -5.774627580999947 ], [ 105.091913594000061, -5.774664458999951 ] ] ], [ [ [ 105.092342699000085, -5.774494406999963 ], [ 105.092173089000084, -5.77446073599998 ], [ 105.092404268000053, -5.774403382999935 ], [ 105.092342699000085, -5.774494406999963 ] ] ], [ [ [ 105.091945399000053, -5.774442610999927 ], [ 105.091995995000048, -5.77440103999993 ], [ 105.091940706000059, -5.774469520999958 ], [ 105.091945399000053, -5.774442610999927 ] ] ], [ [ [ 105.149087463000058, -5.809664918999943 ], [ 105.149000091000062, -5.809987816999978 ], [ 105.149030086000039, -5.809284684999966 ], [ 105.149087463000058, -5.809664918999943 ] ] ], [ [ [ 105.151031767000063, -5.809213883999973 ], [ 105.150811667000085, -5.809042689999956 ], [ 105.151000597000063, -5.808923109999967 ], [ 105.151031767000063, -5.809213883999973 ] ] ], [ [ [ 105.148598882000044, -5.809204553999962 ], [ 105.148653842000044, -5.809050694999939 ], [ 105.148605109000073, -5.809233230999951 ], [ 105.148598882000044, -5.809204553999962 ] ] ], [ [ [ 105.15118681000007, -5.808690178999939 ], [ 105.151096706000033, -5.809017093999955 ], [ 105.151054159000068, -5.808825985999931 ], [ 105.15118681000007, -5.808690178999939 ] ] ], [ [ [ 105.182356182000035, -5.808016481999971 ], [ 105.182158970000046, -5.808221241999945 ], [ 105.18213223500004, -5.80811393099998 ], [ 105.182356182000035, -5.808016481999971 ] ] ], [ [ [ 105.181883650000088, -5.807329422999942 ], [ 105.182196806000036, -5.807957091999981 ], [ 105.181806839000046, -5.80801224399994 ], [ 105.181883650000088, -5.807329422999942 ] ] ], [ [ [ 105.15419858100006, -5.806911654999965 ], [ 105.155136077000066, -5.807132839999952 ], [ 105.154598684000064, -5.808586694999974 ], [ 105.15419858100006, -5.806911654999965 ] ] ], [ [ [ 105.141485690000081, -5.807059256999935 ], [ 105.141373949000069, -5.806805012999973 ], [ 105.14141440700007, -5.806252753999956 ], [ 105.141485690000081, -5.807059256999935 ] ] ], [ [ [ 105.144985471000041, -5.806162086999962 ], [ 105.144942158000049, -5.806018398999981 ], [ 105.145011757000077, -5.806174211999974 ], [ 105.144985471000041, -5.806162086999962 ] ] ], [ [ [ 105.182292062000045, -5.80613612999997 ], [ 105.182231829000045, -5.805986229999974 ], [ 105.18226756200005, -5.805929827999933 ], [ 105.182292062000045, -5.80613612999997 ] ] ], [ [ [ 105.14495899800005, -5.806005245999927 ], [ 105.144984426000065, -5.806006707999927 ], [ 105.144985983000083, -5.806039564999935 ], [ 105.14495899800005, -5.806005245999927 ] ] ], [ [ [ 105.141021637000051, -5.805723641999975 ], [ 105.141454218000035, -5.80608024199995 ], [ 105.141214673000036, -5.806273086999965 ], [ 105.141021637000051, -5.805723641999975 ] ] ], [ [ [ 105.182165224000073, -5.805579013999932 ], [ 105.182074305000071, -5.805531362999943 ], [ 105.182149411000069, -5.805511433999925 ], [ 105.182165224000073, -5.805579013999932 ] ] ], [ [ [ 105.186849575000053, -5.805547833999981 ], [ 105.186560943000075, -5.805243816999962 ], [ 105.186722093000071, -5.80516744099998 ], [ 105.186849575000053, -5.805547833999981 ] ] ], [ [ [ 105.141078770000036, -5.805259072999945 ], [ 105.140993732000084, -5.805162641999971 ], [ 105.141021591000083, -5.805090532999941 ], [ 105.141078770000036, -5.805259072999945 ] ] ], [ [ [ 105.185626355000068, -5.805230561999963 ], [ 105.185262264000073, -5.804721216999951 ], [ 105.185467570000071, -5.804513077999957 ], [ 105.185626355000068, -5.805230561999963 ] ] ], [ [ [ 105.140211251000039, -5.804525277999971 ], [ 105.140026833000036, -5.804483639999944 ], [ 105.140093152000077, -5.804416982999953 ], [ 105.140211251000039, -5.804525277999971 ] ] ], [ [ [ 105.139968558000078, -5.804413360999945 ], [ 105.140001728000072, -5.804444695999962 ], [ 105.139952520000065, -5.804426449999937 ], [ 105.139968558000078, -5.804413360999945 ] ] ], [ [ [ 105.139898507000055, -5.804421162999972 ], [ 105.139826293000056, -5.804239573999951 ], [ 105.139983478000033, -5.804359076999958 ], [ 105.139898507000055, -5.804421162999972 ] ] ], [ [ [ 105.185773926000081, -5.804193664999957 ], [ 105.185815511000044, -5.804075552999961 ], [ 105.185858922000079, -5.804072497999925 ], [ 105.185773926000081, -5.804193664999957 ] ] ], [ [ [ 105.192260249000071, -5.803158818999975 ], [ 105.192281735000051, -5.803160874999946 ], [ 105.192297439000072, -5.803198704999943 ], [ 105.192260249000071, -5.803158818999975 ] ] ], [ [ [ 105.138812074000043, -5.80304211899994 ], [ 105.140052519000051, -5.803344610999943 ], [ 105.13984436800007, -5.803921091999939 ], [ 105.138812074000043, -5.80304211899994 ] ] ], [ [ [ 105.189183501000059, -5.802913470999954 ], [ 105.189190394000036, -5.802935395999953 ], [ 105.189161854000076, -5.80291525399997 ], [ 105.189183501000059, -5.802913470999954 ] ] ], [ [ [ 105.192178531000081, -5.802909556999964 ], [ 105.192231222000032, -5.802906729999961 ], [ 105.192201348000083, -5.802949572999978 ], [ 105.192178531000081, -5.802909556999964 ] ] ], [ [ [ 105.175361081000062, -5.802744338999958 ], [ 105.175158126000042, -5.802593956999942 ], [ 105.175402750000046, -5.802541932999929 ], [ 105.175361081000062, -5.802744338999958 ] ] ], [ [ [ 105.18226218500007, -5.80263451299993 ], [ 105.182322816000067, -5.80258590699998 ], [ 105.182281636000084, -5.802655442999935 ], [ 105.18226218500007, -5.80263451299993 ] ] ], [ [ [ 105.17458103000007, -5.802624543999968 ], [ 105.174563060000082, -5.80254247299996 ], [ 105.174641705000056, -5.802536600999929 ], [ 105.17458103000007, -5.802624543999968 ] ] ], [ [ [ 105.180861402000062, -5.802540440999962 ], [ 105.18082701600008, -5.802408087999936 ], [ 105.180859116000079, -5.80239886399994 ], [ 105.180861402000062, -5.802540440999962 ] ] ], [ [ [ 105.192893338000033, -5.801823472999956 ], [ 105.192255179000085, -5.802514221999957 ], [ 105.192673230000082, -5.80160656299995 ], [ 105.192893338000033, -5.801823472999956 ] ] ], [ [ [ 105.18082535700006, -5.802262148999944 ], [ 105.180582178000066, -5.801690859999951 ], [ 105.180866636000076, -5.801546346999942 ], [ 105.18082535700006, -5.802262148999944 ] ] ], [ [ [ 105.12483932400005, -5.798404375999951 ], [ 105.12501439600004, -5.798774442999957 ], [ 105.124777690000087, -5.798450794999951 ], [ 105.12483932400005, -5.798404375999951 ] ] ], [ [ [ 105.124741974000074, -5.797537643999931 ], [ 105.125594721000084, -5.798312856999928 ], [ 105.124821048000058, -5.798294305999946 ], [ 105.124741974000074, -5.797537643999931 ] ] ], [ [ [ 105.124435222000045, -5.797587733999933 ], [ 105.124438343000065, -5.797432473999947 ], [ 105.124466605000066, -5.797588745999974 ], [ 105.124435222000045, -5.797587733999933 ] ] ], [ [ [ 105.134548429000063, -5.794883075999962 ], [ 105.134152491000066, -5.794707435999953 ], [ 105.134187702000077, -5.794609980999951 ], [ 105.134548429000063, -5.794883075999962 ] ] ], [ [ [ 105.125069111000073, -5.793969150999942 ], [ 105.125100045000067, -5.793953968999972 ], [ 105.125103587000069, -5.793961181999975 ], [ 105.125069111000073, -5.793969150999942 ] ] ], [ [ [ 105.204492403000074, -5.794027392999965 ], [ 105.203883512000061, -5.793662807999965 ], [ 105.204426559000069, -5.793534332999968 ], [ 105.204492403000074, -5.794027392999965 ] ] ], [ [ [ 105.20442819200008, -5.793281777999937 ], [ 105.204051221000043, -5.793506726999965 ], [ 105.20366970300006, -5.793356489999951 ], [ 105.20442819200008, -5.793281777999937 ] ] ], [ [ [ 105.195483868000053, -5.793209383999965 ], [ 105.195428982000067, -5.793094144999941 ], [ 105.195567274000041, -5.793139519999954 ], [ 105.195483868000053, -5.793209383999965 ] ] ], [ [ [ 105.204153218000044, -5.792576441999927 ], [ 105.204099302000088, -5.793296011999928 ], [ 105.203402072000074, -5.79313773399997 ], [ 105.204153218000044, -5.792576441999927 ] ] ], [ [ [ 105.197177326000087, -5.792534666999927 ], [ 105.198108141000034, -5.792745772999979 ], [ 105.197780420000072, -5.793548235999936 ], [ 105.197177326000087, -5.792534666999927 ] ] ], [ [ [ 105.125262160000034, -5.792855505999967 ], [ 105.125256153000066, -5.792750241999954 ], [ 105.125306099000056, -5.792788409999957 ], [ 105.125262160000034, -5.792855505999967 ] ] ], [ [ [ 105.203258886000071, -5.792714108999974 ], [ 105.203268110000067, -5.792578675999948 ], [ 105.203384904000075, -5.792553461999944 ], [ 105.203258886000071, -5.792714108999974 ] ] ], [ [ [ 105.203866145000063, -5.792259018999971 ], [ 105.203538146000085, -5.792412354999954 ], [ 105.203817469000057, -5.792142810999962 ], [ 105.203866145000063, -5.792259018999971 ] ] ], [ [ [ 105.124584735000042, -5.792387846999929 ], [ 105.124265592000086, -5.792208684999935 ], [ 105.124303165000072, -5.792077681999956 ], [ 105.124584735000042, -5.792387846999929 ] ] ], [ [ [ 105.202434468000035, -5.791732286999945 ], [ 105.203699110000059, -5.792100851999976 ], [ 105.202559174000044, -5.792506791999926 ], [ 105.202434468000035, -5.791732286999945 ] ] ], [ [ [ 105.123751646000073, -5.791757949999976 ], [ 105.123814468000035, -5.791740603999926 ], [ 105.123754439000038, -5.791828952999936 ], [ 105.123751646000073, -5.791757949999976 ] ] ], [ [ [ 105.19825207100007, -5.791593825999939 ], [ 105.198275593000062, -5.791615406999938 ], [ 105.198228355000083, -5.791603620999979 ], [ 105.19825207100007, -5.791593825999939 ] ] ], [ [ [ 105.123906306000038, -5.791047675999948 ], [ 105.123948410000082, -5.791026902999931 ], [ 105.123919024000088, -5.791117534999955 ], [ 105.123906306000038, -5.791047675999948 ] ] ], [ [ [ 105.124393137000084, -5.783446225999967 ], [ 105.124357084000053, -5.783362823999937 ], [ 105.124387641000055, -5.783340533999933 ], [ 105.124393137000084, -5.783446225999967 ] ] ], [ [ [ 105.123193634000074, -5.780214858999955 ], [ 105.123186868000062, -5.780107920999967 ], [ 105.123233556000059, -5.780134008999937 ], [ 105.123193634000074, -5.780214858999955 ] ] ] ] } },
{ "type": "Feature", "properties": { "kemendagri_kab_code": 1807, "kemendagri_kab_name": "Kabupaten Lampung Timur", "kemendagri_prov_code": 18, "kemendagri_prov_name": "Lampung" }, "geometry": { "type": "MultiPolygon", "coordinates": [ [ [ [ 106.109651353000061, -5.168220002999931 ], [ 106.107566929000086, -5.171011910999937 ], [ 106.109559728000079, -5.166728880999926 ], [ 106.109651353000061, -5.168220002999931 ] ] ], [ [ [ 106.111030974000073, -5.155568584999969 ], [ 106.10953736600004, -5.155421181999941 ], [ 106.110674748000065, -5.154569334999962 ], [ 106.111030974000073, -5.155568584999969 ] ] ], [ [ [ 105.833473671000036, -4.619938156999979 ], [ 105.857474165000042, -4.634003322999945 ], [ 105.851932677000036, -4.673996697999939 ], [ 105.877973688000054, -4.682319900999971 ], [ 105.88398587100005, -4.700496409999971 ], [ 105.866197356000043, -4.74616410699997 ], [ 105.861423065000054, -4.816938647999962 ], [ 105.869336123000039, -4.868186375999926 ], [ 105.896181433000038, -4.912544667999953 ], [ 105.900598049000052, -4.938181274999977 ], [ 105.873634788000061, -4.963965422999934 ], [ 105.859048470000062, -5.037200950999932 ], [ 105.864273955000044, -5.255357971999956 ], [ 105.844758506000062, -5.296479224999928 ], [ 105.852158105000058, -5.274926339999979 ], [ 105.829287483000087, -5.299146242999939 ], [ 105.81842286400007, -5.336051682999937 ], [ 105.824009334000039, -5.515862530999925 ], [ 105.815501460000064, -5.530986405999954 ], [ 105.822878145000061, -5.539013041999965 ], [ 105.821900053000036, -5.571057370999938 ], [ 105.804485660000068, -5.583340919999955 ], [ 105.798482167000088, -5.603500810999947 ], [ 105.789312893000044, -5.599534071999926 ], [ 105.792750159000036, -5.614090799999929 ], [ 105.78502052500005, -5.609016261999955 ], [ 105.773400877000086, -5.621042822999925 ], [ 105.774817658000075, -5.612845100999948 ], [ 105.759776333000048, -5.615250278999952 ], [ 105.764390417000072, -5.603224139999952 ], [ 105.754070226000067, -5.608625047999965 ], [ 105.756013536000069, -5.591012020999926 ], [ 105.751923322000039, -5.599768175999941 ], [ 105.747047596000073, -5.588317743999937 ], [ 105.739418117000071, -5.602212966999957 ], [ 105.740374197000051, -5.595473523999942 ], [ 105.732737616000065, -5.599351788999968 ], [ 105.736325690000058, -5.592109292999965 ], [ 105.725792495000064, -5.59499115999995 ], [ 105.675626368000053, -5.572548533999964 ], [ 105.660285135000038, -5.55425035899998 ], [ 105.655733521000059, -5.493112728999961 ], [ 105.600289973000088, -5.486805812999933 ], [ 105.587705235000044, -5.475802150999925 ], [ 105.585783480000032, -5.455242317999932 ], [ 105.537221288000069, -5.453418801999931 ], [ 105.527777778000086, -5.468277777999958 ], [ 105.516777778000062, -5.461222221999947 ], [ 105.532555556000034, -5.425111110999978 ], [ 105.523093982000034, -5.373102566999933 ], [ 105.541637305000052, -5.34001571899995 ], [ 105.490194444000053, -5.309388888999933 ], [ 105.481721, -5.286179544999925 ], [ 105.473837506000052, -5.288429101999952 ], [ 105.470805556000073, -5.303694443999973 ], [ 105.416138889000081, -5.303555555999935 ], [ 105.455579615000033, -5.276213784999925 ], [ 105.453913298000089, -5.247431487999961 ], [ 105.432400874000052, -5.24735962799997 ], [ 105.437373149000052, -5.235437047999937 ], [ 105.417561225000043, -5.226137947999973 ], [ 105.418967209000073, -5.217527430999951 ], [ 105.379629886000032, -5.207745479999971 ], [ 105.375675134000062, -5.217867057999968 ], [ 105.343084680000061, -5.234378202999949 ], [ 105.33125, -5.231111110999962 ], [ 105.31989956700005, -5.210009171999957 ], [ 105.303888889000064, -5.220611110999926 ], [ 105.286254104000079, -5.214121009999928 ], [ 105.287714614000038, -5.202182739999955 ], [ 105.278489660000048, -5.197605658999976 ], [ 105.284081508000043, -5.17123806799998 ], [ 105.299401755000076, -5.172268157999952 ], [ 105.300266374000046, -5.178746826999941 ], [ 105.305543965000084, -5.170688783999935 ], [ 105.329928936000044, -5.167608867999945 ], [ 105.334332102000076, -5.145859304999931 ], [ 105.322338366000054, -5.132073142999957 ], [ 105.336396826000055, -5.112150284999927 ], [ 105.349050204000037, -5.108491145999949 ], [ 105.334858347000079, -5.091060096999968 ], [ 105.357899069000041, -5.071542784999963 ], [ 105.354923067000072, -5.063706098999944 ], [ 105.318246027000043, -5.076303112999938 ], [ 105.308824729000037, -5.072080532999962 ], [ 105.316613788000041, -5.054534026999931 ], [ 105.365865817000042, -5.028243001999954 ], [ 105.358163237000042, -5.022220082999979 ], [ 105.364805560000036, -5.020237501999929 ], [ 105.363339108000048, -5.01118534799997 ], [ 105.320158464000087, -5.005161198999929 ], [ 105.346419549000075, -4.964303723999933 ], [ 105.360608109000054, -4.966735205999953 ], [ 105.367241814000067, -4.955151435999937 ], [ 105.379688264000038, -4.966603696999925 ], [ 105.387785081000061, -4.959197417999974 ], [ 105.415767520000088, -4.960959988999946 ], [ 105.399412687000051, -4.92054772399996 ], [ 105.433277641000075, -4.88515707199997 ], [ 105.43885606300006, -4.883675853999932 ], [ 105.446174317000043, -4.900613383999939 ], [ 105.465761040000075, -4.888669820999951 ], [ 105.493812564000052, -4.898619123999936 ], [ 105.508470397000053, -4.891331914999967 ], [ 105.536534978000077, -4.893941039999959 ], [ 105.534834431000036, -4.885616708999976 ], [ 105.54766576600008, -4.89945638699993 ], [ 105.554535244000078, -4.89384335699998 ], [ 105.55303527600006, -4.87801226199997 ], [ 105.590396744000088, -4.882289131999926 ], [ 105.604560645000049, -4.852050258999952 ], [ 105.625559237000061, -4.859626605999949 ], [ 105.637628843000073, -4.85107673899995 ], [ 105.637290558000075, -4.826367476999962 ], [ 105.652452211000082, -4.813187865999964 ], [ 105.64912522700007, -4.794259152999928 ], [ 105.663674013000048, -4.782580620999966 ], [ 105.678944866000052, -4.781993807999925 ], [ 105.683056764000071, -4.746148575999939 ], [ 105.719351248000066, -4.735090463999938 ], [ 105.736063031000072, -4.74586538099993 ], [ 105.747223743000063, -4.731558493999955 ], [ 105.757202671000073, -4.731138784999928 ], [ 105.761747898000067, -4.73802587199998 ], [ 105.784196791000056, -4.739603126999953 ], [ 105.794480867000061, -4.753860584999927 ], [ 105.811159355000086, -4.751544790999958 ], [ 105.814995069000076, -4.743410560999962 ], [ 105.80683431600005, -4.736593121999931 ], [ 105.812188099000082, -4.731516616999954 ], [ 105.804353723000077, -4.72348822899994 ], [ 105.809798683000054, -4.706046805999961 ], [ 105.820436382000082, -4.704078982999931 ], [ 105.814512569000044, -4.696614785999941 ], [ 105.816610493000042, -4.650040755999953 ], [ 105.833473671000036, -4.619938156999979 ] ] ], [ [ [ 106.278471732000071, -5.088505863999956 ], [ 106.274534953000057, -5.085553279999942 ], [ 106.277785436000045, -5.084787794999954 ], [ 106.278471732000071, -5.088505863999956 ] ] ], [ [ [ 106.280440122000073, -5.078663915999925 ], [ 106.277378183000053, -5.074727136999968 ], [ 106.280330767000066, -5.076476816999957 ], [ 106.280440122000073, -5.078663915999925 ] ] ], [ [ [ 105.908245711000063, -4.930090855999936 ], [ 105.911427811000067, -4.930162210999981 ], [ 105.906973203000064, -4.930586387999938 ], [ 105.908245711000063, -4.930090855999936 ] ] ] ] } },
{ "type": "Feature", "properties": { "kemendagri_kab_code": 1808, "kemendagri_kab_name": "Kabupaten Way Kanan", "kemendagri_prov_code": 18, "kemendagri_prov_name": "Lampung" }, "geometry": { "type": "Polygon", "coordinates": [ [ [ 104.946171364000065, -4.192091012999981 ], [ 104.943859162000081, -4.207668103999936 ], [ 104.95255555600005, -4.22375 ], [ 104.941916667000044, -4.232 ], [ 104.954444444000046, -4.248833332999936 ], [ 104.985555556000065, -4.257027777999951 ], [ 104.996361111000056, -4.287972221999951 ], [ 104.997388889000035, -4.316 ], [ 104.988923340000042, -4.33396728799994 ], [ 104.996221530000071, -4.332180964999964 ], [ 105.003208631000064, -4.352719830999945 ], [ 104.98166666700007, -4.351166666999973 ], [ 104.980527778000067, -4.385083332999955 ], [ 105.010416667000072, -4.387888888999953 ], [ 105.026354737000077, -4.409464343999957 ], [ 105.025876745000062, -4.401059905999944 ], [ 105.033754678000037, -4.410911528999975 ], [ 105.038909678000039, -4.399611853999943 ], [ 105.04457033500006, -4.406541365999942 ], [ 105.048896306000074, -4.400886859999957 ], [ 105.068472222000082, -4.439388888999929 ], [ 105.016917620000072, -4.465625433999946 ], [ 105.008361111000056, -4.46444444399998 ], [ 105.009527778000063, -4.44941666699998 ], [ 104.985611111000082, -4.44613888899994 ], [ 104.965583333000041, -4.459694443999979 ], [ 104.967388889000063, -4.475305555999967 ], [ 104.957527778000042, -4.48369444399998 ], [ 104.950444444000084, -4.48819444399993 ], [ 104.944555556000068, -4.480333332999976 ], [ 104.933444444000088, -4.488444443999981 ], [ 104.924471726000036, -4.516497181999966 ], [ 104.892658722000078, -4.524642222999944 ], [ 104.866958846000045, -4.50887845799997 ], [ 104.818038818000048, -4.504009350999979 ], [ 104.789839852000057, -4.51685535799993 ], [ 104.782808771000077, -4.531708988999981 ], [ 104.766344700000047, -4.528386121999972 ], [ 104.730674497000052, -4.53726338599995 ], [ 104.72979330000004, -4.55543776199994 ], [ 104.701587046000043, -4.553156199999933 ], [ 104.699939911000058, -4.567412686999944 ], [ 104.708333300000049, -4.571388888999934 ], [ 104.695702149000056, -4.582848214999956 ], [ 104.699840182000059, -4.597834721999959 ], [ 104.644607991000044, -4.63314674999998 ], [ 104.638286704000052, -4.656390208999937 ], [ 104.610115191000034, -4.676663633999965 ], [ 104.610980879000067, -4.690380095999956 ], [ 104.634484651000037, -4.705024202999937 ], [ 104.623837092000088, -4.715063872999963 ], [ 104.623636618000035, -4.740549163999958 ], [ 104.635342887000036, -4.743299707999938 ], [ 104.633812284000044, -4.762134566999976 ], [ 104.645780298000034, -4.779276676999928 ], [ 104.621412573000043, -4.796091988999933 ], [ 104.622073343000068, -4.822420131999934 ], [ 104.611802419000071, -4.831973341999969 ], [ 104.602777800000069, -4.823611110999934 ], [ 104.548890177000033, -4.831914093999956 ], [ 104.556816352000055, -4.84470852499993 ], [ 104.544757352000033, -4.856414643999926 ], [ 104.546545255000069, -4.866415700999937 ], [ 104.526944400000048, -4.89444444399993 ], [ 104.509569993000071, -4.942924116999961 ], [ 104.478429033000054, -4.931758723999963 ], [ 104.442407211000045, -4.94310724199994 ], [ 104.436958450000077, -4.929127367999968 ], [ 104.441922849000036, -4.91995262699993 ], [ 104.422541338000087, -4.902635941999961 ], [ 104.412129360000051, -4.864088858999935 ], [ 104.351453509000066, -4.874760383999956 ], [ 104.339489548000074, -4.86723577999993 ], [ 104.369049415000063, -4.821730526999943 ], [ 104.347198051000078, -4.824581322999961 ], [ 104.328310685000076, -4.811570912999969 ], [ 104.314176064000037, -4.773353692999933 ], [ 104.304174471000067, -4.765171692999957 ], [ 104.305900044000055, -4.730641031999937 ], [ 104.312583689000064, -4.723914868999941 ], [ 104.307917086000032, -4.704965629999947 ], [ 104.289935401000037, -4.704306530999929 ], [ 104.287216478000062, -4.683716851999975 ], [ 104.296364824000079, -4.667017072999954 ], [ 104.295267341000056, -4.646501635999925 ], [ 104.316289407000056, -4.626161974999945 ], [ 104.324339203000079, -4.627394852999942 ], [ 104.340761916000076, -4.602296627999976 ], [ 104.334620211000072, -4.556548777999978 ], [ 104.323277777000044, -4.556466666999938 ], [ 104.310565109000038, -4.51267452999997 ], [ 104.329197221000072, -4.514238888999955 ], [ 104.321806110000068, -4.458264166999925 ], [ 104.348921682000082, -4.39803123799993 ], [ 104.379060462000041, -4.373952685999939 ], [ 104.384010113000045, -4.347673946999976 ], [ 104.41393675900008, -4.33622190799997 ], [ 104.435456297000087, -4.315848591999952 ], [ 104.434855395000056, -4.306505585999957 ], [ 104.449682877000043, -4.298486024999931 ], [ 104.460678010000038, -4.311438588999977 ], [ 104.472131986000079, -4.31183245099993 ], [ 104.483875333000071, -4.291408902999933 ], [ 104.492188141000042, -4.298210447999963 ], [ 104.507872484000075, -4.279835471999945 ], [ 104.523989814000061, -4.277674495999975 ], [ 104.524777778000043, -4.264286110999933 ], [ 104.584858333000057, -4.243225 ], [ 104.621069886000043, -4.213937241999929 ], [ 104.628130075000058, -4.219730517999949 ], [ 104.621150530000079, -4.225579916999948 ], [ 104.627402246000088, -4.244385375999968 ], [ 104.649599510000087, -4.242913202999944 ], [ 104.678653360000055, -4.257366297999965 ], [ 104.692977585000051, -4.249980892999929 ], [ 104.70639660900008, -4.259328792999952 ], [ 104.763522078000051, -4.24582236599997 ], [ 104.792318773000034, -4.266616031999945 ], [ 104.796850796000058, -4.250515620999977 ], [ 104.815103805000035, -4.241642924999951 ], [ 104.855454745000088, -4.241325854999957 ], [ 104.863748088000079, -4.231352215999948 ], [ 104.87273147600007, -4.235641809999947 ], [ 104.875070571000037, -4.218069726999943 ], [ 104.891206268000076, -4.217368541999974 ], [ 104.892628349000063, -4.208387429999959 ], [ 104.902160880000054, -4.21034822799993 ], [ 104.906062459000054, -4.201037466999935 ], [ 104.927721297000062, -4.19177114699994 ], [ 104.946171364000065, -4.192091012999981 ] ] ] } },
{ "type": "Feature", "properties": { "kemendagri_kab_code": 1809, "kemendagri_kab_name": "Kabupaten Pesawaran", "kemendagri_prov_code": 18, "kemendagri_prov_name": "Lampung" }, "geometry": { "type": "MultiPolygon", "coordinates": [ [ [ [ 105.215113682000037, -5.79057942999998 ], [ 105.215125359000069, -5.790652526999963 ], [ 105.21506172900007, -5.790601521999974 ], [ 105.215113682000037, -5.79057942999998 ] ] ], [ [ [ 105.214704114000085, -5.790222151999956 ], [ 105.21457319600006, -5.790142374999959 ], [ 105.214675152000041, -5.790121927999962 ], [ 105.214704114000085, -5.790222151999956 ] ] ], [ [ [ 105.22014187700006, -5.790000714999962 ], [ 105.220157559000086, -5.790061132999938 ], [ 105.220058345000041, -5.789963643999954 ], [ 105.22014187700006, -5.790000714999962 ] ] ], [ [ [ 105.219803519000038, -5.789698428999941 ], [ 105.219819384000061, -5.789635806999968 ], [ 105.21983974300008, -5.789674650999928 ], [ 105.219803519000038, -5.789698428999941 ] ] ], [ [ [ 105.220007674000044, -5.789671557999952 ], [ 105.220050591000074, -5.789612179999949 ], [ 105.220076371000061, -5.789647523999975 ], [ 105.220007674000044, -5.789671557999952 ] ] ], [ [ [ 105.219858890000069, -5.789583042999936 ], [ 105.219859366000037, -5.789534512999978 ], [ 105.21988990300008, -5.78956734999997 ], [ 105.219858890000069, -5.789583042999936 ] ] ], [ [ [ 105.219971540000074, -5.789493222999965 ], [ 105.220015936000038, -5.789530411999976 ], [ 105.219953826000051, -5.789538034999964 ], [ 105.219971540000074, -5.789493222999965 ] ] ], [ [ [ 105.214126451000084, -5.789181351999957 ], [ 105.214078928000049, -5.789023486999952 ], [ 105.214185011000041, -5.789163006999956 ], [ 105.214126451000084, -5.789181351999957 ] ] ], [ [ [ 105.220077736000064, -5.788992984999936 ], [ 105.220167711000045, -5.789084711999976 ], [ 105.220092756000042, -5.78910957599993 ], [ 105.220077736000064, -5.788992984999936 ] ] ], [ [ [ 105.213279940000064, -5.789048392999973 ], [ 105.213211798000088, -5.788987988999963 ], [ 105.213231586000063, -5.788974637999956 ], [ 105.213279940000064, -5.789048392999973 ] ] ], [ [ [ 105.209018818000061, -5.786136059999933 ], [ 105.208913745000075, -5.786110562999966 ], [ 105.209019134000073, -5.786057696999933 ], [ 105.209018818000061, -5.786136059999933 ] ] ], [ [ [ 105.209120370000051, -5.785687399999972 ], [ 105.209080081000081, -5.78582642799995 ], [ 105.208904026000084, -5.785992758999953 ], [ 105.209120370000051, -5.785687399999972 ] ] ], [ [ [ 105.206137324000053, -5.785546099999976 ], [ 105.206208338000067, -5.785770255999978 ], [ 105.206071225000073, -5.785631796999951 ], [ 105.206137324000053, -5.785546099999976 ] ] ], [ [ [ 105.220830310000053, -5.784744954999951 ], [ 105.220951660000082, -5.785065564999968 ], [ 105.220667002000084, -5.784862417999932 ], [ 105.220830310000053, -5.784744954999951 ] ] ], [ [ [ 105.221674442000051, -5.781299107999928 ], [ 105.222087257000055, -5.781678088999968 ], [ 105.221434423000062, -5.781884150999929 ], [ 105.221674442000051, -5.781299107999928 ] ] ], [ [ [ 105.177670099000068, -5.755351445999963 ], [ 105.182423766000056, -5.752882539999973 ], [ 105.182906591000062, -5.75605072899998 ], [ 105.177670099000068, -5.755351445999963 ] ] ], [ [ [ 105.173573536000049, -5.747668722999947 ], [ 105.175744273000078, -5.745278505999977 ], [ 105.176928990000079, -5.747368262999942 ], [ 105.173573536000049, -5.747668722999947 ] ] ], [ [ [ 105.17353212200004, -5.740057117999925 ], [ 105.174308484000051, -5.740437329999963 ], [ 105.173475109000037, -5.740612203999945 ], [ 105.17353212200004, -5.740057117999925 ] ] ], [ [ [ 105.206754902000057, -5.730451836999976 ], [ 105.220822586000054, -5.731787136999969 ], [ 105.204395539000075, -5.73452800299998 ], [ 105.206754902000057, -5.730451836999976 ] ] ], [ [ [ 105.200986495000052, -5.719169529999931 ], [ 105.200557236000066, -5.71884812199994 ], [ 105.201083444000062, -5.718748328999936 ], [ 105.200986495000052, -5.719169529999931 ] ] ], [ [ [ 105.188900538000041, -5.630267107999941 ], [ 105.188676979000036, -5.630479725999976 ], [ 105.188665429000082, -5.630226972999935 ], [ 105.188900538000041, -5.630267107999941 ] ] ], [ [ [ 105.083419649000064, -5.116770177999967 ], [ 105.083712973000047, -5.143341346999932 ], [ 105.09477955300008, -5.134620939999934 ], [ 105.103359771000044, -5.139743755999973 ], [ 105.092648523000037, -5.150701642999934 ], [ 105.100071750000041, -5.160574385999951 ], [ 105.115634060000048, -5.148089224999978 ], [ 105.116131477000067, -5.157894981999959 ], [ 105.13601609400007, -5.16430821299997 ], [ 105.148398341000075, -5.130395909999947 ], [ 105.153467052000053, -5.137114382999926 ], [ 105.165958884000077, -5.135369774999958 ], [ 105.190549605000058, -5.121805379999955 ], [ 105.226601, -5.154290436999929 ], [ 105.223750065000047, -5.168753949999939 ], [ 105.241324018000057, -5.16773079799998 ], [ 105.258234584000036, -5.178975162999961 ], [ 105.218598390000068, -5.179370198999948 ], [ 105.19481879600005, -5.200384380999935 ], [ 105.172856986000056, -5.19469111799998 ], [ 105.164546417000054, -5.199813057999961 ], [ 105.153151813000079, -5.22965456999998 ], [ 105.167010300000072, -5.237665277999952 ], [ 105.17167580000006, -5.27088277799993 ], [ 105.144974469000033, -5.252570172999981 ], [ 105.115690657000073, -5.301032497999927 ], [ 105.116449157000034, -5.314388723999969 ], [ 105.14122713900008, -5.312725941999929 ], [ 105.152295600000059, -5.326666943999953 ], [ 105.165513346000068, -5.327058603999944 ], [ 105.16761752900004, -5.348308237999959 ], [ 105.201635133000082, -5.34712647899994 ], [ 105.21135471100007, -5.369802499999935 ], [ 105.206864262000067, -5.389065689999939 ], [ 105.195576533000065, -5.38454003399994 ], [ 105.178443688000073, -5.406475051999962 ], [ 105.181783756000073, -5.423434845999964 ], [ 105.19123993900007, -5.42924632699993 ], [ 105.179393246000075, -5.433010443999933 ], [ 105.18797760800004, -5.436218957999927 ], [ 105.180579181000041, -5.446477721999941 ], [ 105.197592549000035, -5.452844973999959 ], [ 105.221563128000071, -5.446075569999948 ], [ 105.224794977000045, -5.489704551999978 ], [ 105.250179808000041, -5.482841407999956 ], [ 105.256777280000051, -5.510114778999935 ], [ 105.266960752000045, -5.519324238999957 ], [ 105.254871269000034, -5.525985854999931 ], [ 105.250856664000082, -5.515290783999944 ], [ 105.246743964000075, -5.514988319999929 ], [ 105.24485145500006, -5.52130755099995 ], [ 105.247149099000069, -5.526997706999964 ], [ 105.250448233000043, -5.528570362999972 ], [ 105.246950447000074, -5.545095616999959 ], [ 105.26170783300006, -5.544860289999974 ], [ 105.250326420000079, -5.564746138999965 ], [ 105.237462619000041, -5.564239236999981 ], [ 105.24164716000007, -5.571893860999978 ], [ 105.250110989000063, -5.576300145999937 ], [ 105.244728073000033, -5.588291007999942 ], [ 105.238911169000062, -5.585961708999946 ], [ 105.235557009000047, -5.592063855999925 ], [ 105.203122067000038, -5.577067021999937 ], [ 105.190640368000061, -5.588451720999956 ], [ 105.179881680000051, -5.586202625999931 ], [ 105.166892415000063, -5.601118940999925 ], [ 105.191370132000088, -5.628253778999976 ], [ 105.18829736400005, -5.63019130899994 ], [ 105.187718339000071, -5.632286831999977 ], [ 105.193274384000063, -5.635501949999934 ], [ 105.190131030000032, -5.650462126999969 ], [ 105.202836035000075, -5.642579127999966 ], [ 105.209838300000058, -5.647086 ], [ 105.173677481000084, -5.666844225999967 ], [ 105.192714648000049, -5.679804441999977 ], [ 105.183166570000083, -5.684042011999964 ], [ 105.193069343000047, -5.702330364999966 ], [ 105.214399554000067, -5.707699542999933 ], [ 105.218625600000053, -5.719959693999954 ], [ 105.208834976000048, -5.729199389999962 ], [ 105.201343130000055, -5.717488217999971 ], [ 105.181305162000058, -5.721164413999929 ], [ 105.170880761000035, -5.738943673999927 ], [ 105.153901323000071, -5.747493789999965 ], [ 105.16659450800006, -5.761487134999925 ], [ 105.162285344000054, -5.769834892999938 ], [ 105.175571537000053, -5.778357374999928 ], [ 105.178522048000048, -5.771125695999956 ], [ 105.203340496000067, -5.772933315999978 ], [ 105.206503037000061, -5.766404435999959 ], [ 105.222168198000077, -5.778746496999929 ], [ 105.218735773000049, -5.786383957999931 ], [ 105.219820027000083, -5.789923812999973 ], [ 105.216210337000064, -5.79053579899994 ], [ 105.210563396000055, -5.785395481999956 ], [ 105.204359580000073, -5.784934600999975 ], [ 105.194900418000088, -5.795027601999948 ], [ 105.150833300000045, -5.7925 ], [ 105.138611100000048, -5.785 ], [ 105.135426229000075, -5.770348530999968 ], [ 105.109904291000078, -5.749771617999954 ], [ 105.096666700000071, -5.706388888999925 ], [ 105.081388900000036, -5.7125 ], [ 105.074166700000035, -5.645555555999977 ], [ 105.05, -5.61972222199995 ], [ 105.03083330000004, -5.621111110999948 ], [ 104.993055600000048, -5.58194444399993 ], [ 104.962885, -5.575613888999953 ], [ 104.967499, -5.55504278199993 ], [ 104.956077085000061, -5.520841728999926 ], [ 104.93429535100006, -5.495407794999949 ], [ 104.94997890500008, -5.447273813999971 ], [ 104.964347147000069, -5.43649792399998 ], [ 104.977298107000081, -5.441152375999934 ], [ 105.001343488000032, -5.422948374999976 ], [ 105.001850402000059, -5.387574938999933 ], [ 105.015521128000046, -5.399665404999951 ], [ 105.039150221000057, -5.386238308999964 ], [ 105.076037396000061, -5.390957266999976 ], [ 105.080936067000039, -5.362922352999931 ], [ 105.068353859000069, -5.360893575999967 ], [ 105.071749126000043, -5.33694064599996 ], [ 105.061171463000051, -5.336939798999936 ], [ 105.059552995000047, -5.316372680999962 ], [ 105.053054665000047, -5.316229086999954 ], [ 105.05550498100007, -5.32514077299993 ], [ 105.044735617000072, -5.320986325999968 ], [ 105.036655108000048, -5.276525960999948 ], [ 105.04496195300004, -5.270397675999959 ], [ 105.037590025000043, -5.258804462999933 ], [ 105.054817780000064, -5.259061577999944 ], [ 105.069535623000036, -5.228798720999976 ], [ 105.097811456000045, -5.229893997999966 ], [ 105.079401277000045, -5.218404194999948 ], [ 105.074900189000061, -5.225798714999939 ], [ 105.053865825000059, -5.211038914999961 ], [ 105.049121166000077, -5.20565206699996 ], [ 105.058574553000085, -5.19419432199993 ], [ 105.040877341000055, -5.185046087999979 ], [ 105.066101476000085, -5.152482289999966 ], [ 105.080194336000034, -5.146457948999966 ], [ 105.071546916000045, -5.133968878999951 ], [ 105.083419649000064, -5.116770177999967 ] ] ], [ [ [ 105.230987798000058, -5.838037166999925 ], [ 105.231803031000084, -5.838164206999977 ], [ 105.231306798000048, -5.838535166999975 ], [ 105.230987798000058, -5.838037166999925 ] ] ], [ [ [ 105.234244224000065, -5.836867711999957 ], [ 105.233130770000059, -5.836286811999969 ], [ 105.234358572000076, -5.836072660999946 ], [ 105.234244224000065, -5.836867711999957 ] ] ], [ [ [ 105.24867424200005, -5.795729553999934 ], [ 105.242018414000086, -5.79715841999996 ], [ 105.249304800000061, -5.792428050999945 ], [ 105.24867424200005, -5.795729553999934 ] ] ], [ [ [ 105.22240024000007, -5.78145557299996 ], [ 105.222384766000062, -5.781374840999945 ], [ 105.222446443000081, -5.781393158999947 ], [ 105.22240024000007, -5.78145557299996 ] ] ], [ [ [ 105.229101186000037, -5.729730890999974 ], [ 105.232609709000087, -5.732267983999975 ], [ 105.22696116700007, -5.732254650999948 ], [ 105.229101186000037, -5.729730890999974 ] ] ], [ [ [ 105.239079, -5.730146 ], [ 105.239035, -5.730424 ], [ 105.238974, -5.73038 ], [ 105.239079, -5.730146 ] ] ], [ [ [ 105.239879, -5.729798 ], [ 105.240089, -5.729636 ], [ 105.240101, -5.729794 ], [ 105.239879, -5.729798 ] ] ], [ [ [ 105.242960587000084, -5.717266613999925 ], [ 105.243757321000032, -5.718937487999938 ], [ 105.242738559000088, -5.718985201999942 ], [ 105.242960587000084, -5.717266613999925 ] ] ], [ [ [ 105.217320695000069, -5.661407955999948 ], [ 105.240561311000079, -5.668279962999975 ], [ 105.226603556000043, -5.687517224999965 ], [ 105.21580491800006, -5.690113252999936 ], [ 105.204800212000066, -5.673080952999953 ], [ 105.217320695000069, -5.661407955999948 ] ] ], [ [ [ 105.240530826000054, -5.675540998999963 ], [ 105.24354162800006, -5.673032078999938 ], [ 105.242648821000046, -5.675824601999977 ], [ 105.240530826000054, -5.675540998999963 ] ] ], [ [ [ 105.240157898000064, -5.67219339899998 ], [ 105.240165277000074, -5.672385813999938 ], [ 105.239981047000072, -5.672248567999929 ], [ 105.240157898000064, -5.67219339899998 ] ] ], [ [ [ 105.232376154000065, -5.643193437999969 ], [ 105.232742079000047, -5.644487142999935 ], [ 105.231931514000053, -5.64490639099995 ], [ 105.232376154000065, -5.643193437999969 ] ] ], [ [ [ 105.223917251000046, -5.617509389999952 ], [ 105.242200295000032, -5.634072510999943 ], [ 105.242080804000068, -5.641602572999943 ], [ 105.212820727000064, -5.637699827999938 ], [ 105.212647598000046, -5.622615218999954 ], [ 105.223917251000046, -5.617509389999952 ] ] ], [ [ [ 105.238055586000087, -5.590009478999946 ], [ 105.238179240000079, -5.590393405999976 ], [ 105.237855960000047, -5.590217029999963 ], [ 105.238055586000087, -5.590009478999946 ] ] ], [ [ [ 105.238411004000056, -5.589878662999979 ], [ 105.238341870000056, -5.589752734999934 ], [ 105.238437930000032, -5.589777095999978 ], [ 105.238411004000056, -5.589878662999979 ] ] ], [ [ [ 105.239781813000036, -5.588555695999958 ], [ 105.239954720000071, -5.589711593999937 ], [ 105.238635355000042, -5.589990242999932 ], [ 105.239781813000036, -5.588555695999958 ] ] ], [ [ [ 105.24389087600008, -5.588080485999967 ], [ 105.244081996000034, -5.588330539999959 ], [ 105.243804444000034, -5.588246932999937 ], [ 105.24389087600008, -5.588080485999967 ] ] ], [ [ [ 105.240435786000035, -5.568344772999978 ], [ 105.240415225000049, -5.568226759999959 ], [ 105.240504882000039, -5.568291000999977 ], [ 105.240435786000035, -5.568344772999978 ] ] ], [ [ [ 105.239525728000046, -5.566779747999931 ], [ 105.239433219000034, -5.566698251999981 ], [ 105.239517917000057, -5.566696788999934 ], [ 105.239525728000046, -5.566779747999931 ] ] ], [ [ [ 105.241551394000055, -5.56569002599997 ], [ 105.240644402000044, -5.566396175999955 ], [ 105.240671439000039, -5.565741619999926 ], [ 105.241551394000055, -5.56569002599997 ] ] ], [ [ [ 105.238789496000038, -5.564959800999929 ], [ 105.23837160100004, -5.564839591999942 ], [ 105.238321252000048, -5.564661884999964 ], [ 105.238789496000038, -5.564959800999929 ] ] ], [ [ [ 105.238306742000077, -5.564624287999948 ], [ 105.238246827000069, -5.564561819999938 ], [ 105.238310022000064, -5.564565186999971 ], [ 105.238306742000077, -5.564624287999948 ] ] ], [ [ [ 105.310079, -5.845297 ], [ 105.310437, -5.845118 ], [ 105.310366, -5.845433 ], [ 105.310079, -5.845297 ] ] ], [ [ [ 105.276794814000084, -5.83997224999996 ], [ 105.277013814000043, -5.840188249999926 ], [ 105.276850814000056, -5.840241249999963 ], [ 105.276794814000084, -5.83997224999996 ] ] ], [ [ [ 105.286730977000047, -5.837407156999973 ], [ 105.287030977000086, -5.837557156999935 ], [ 105.286871977000033, -5.837646156999938 ], [ 105.286730977000047, -5.837407156999973 ] ] ], [ [ [ 105.28944673500007, -5.836169023999958 ], [ 105.290242369000055, -5.836816280999926 ], [ 105.289551938000045, -5.836807884999928 ], [ 105.28944673500007, -5.836169023999958 ] ] ], [ [ [ 105.310740167000063, -5.829199084999971 ], [ 105.321833110000057, -5.82867172899995 ], [ 105.319360201000052, -5.830771857999935 ], [ 105.310740167000063, -5.829199084999971 ] ] ], [ [ [ 105.321959708000065, -5.821101761999955 ], [ 105.321733280000046, -5.821448980999946 ], [ 105.321742026000038, -5.821155206999947 ], [ 105.321959708000065, -5.821101761999955 ] ] ], [ [ [ 105.395277392000082, -5.821652560999951 ], [ 105.39388628100005, -5.820676632999948 ], [ 105.394186093000087, -5.820069869999941 ], [ 105.395277392000082, -5.821652560999951 ] ] ], [ [ [ 105.341827440000088, -5.812151569999969 ], [ 105.347682214000088, -5.820093606999933 ], [ 105.346018255000047, -5.826428158999931 ], [ 105.339435772000058, -5.81979751199998 ], [ 105.341827440000088, -5.812151569999969 ] ] ], [ [ [ 105.292441771000085, -5.800057391999928 ], [ 105.306290273000059, -5.807786827999962 ], [ 105.307512468000084, -5.820073733999948 ], [ 105.295466336000061, -5.818529336999973 ], [ 105.284517058000063, -5.838645313999962 ], [ 105.228089981000039, -5.830593138999973 ], [ 105.249606180000058, -5.814187960999959 ], [ 105.251168, -5.821175 ], [ 105.259848003000059, -5.819033865999927 ], [ 105.27145326200008, -5.805186153999955 ], [ 105.271828403000086, -5.814964858999929 ], [ 105.278024425000069, -5.814290294999978 ], [ 105.291325732000075, -5.788101232999963 ], [ 105.292441771000085, -5.800057391999928 ] ] ], [ [ [ 105.277354091000063, -5.807372705999967 ], [ 105.276733361000083, -5.806856625999956 ], [ 105.277449888000035, -5.806689981999966 ], [ 105.277354091000063, -5.807372705999967 ] ] ], [ [ [ 105.307912223000073, -5.80726799599995 ], [ 105.306920634000051, -5.806798080999954 ], [ 105.308108528000048, -5.807125228999951 ], [ 105.307912223000073, -5.80726799599995 ] ] ], [ [ [ 105.313441225000076, -5.783884651999927 ], [ 105.33007159400006, -5.80648741899995 ], [ 105.33418608900007, -5.821393919999934 ], [ 105.324778119000086, -5.82320440999996 ], [ 105.321585004000042, -5.806544373999941 ], [ 105.306370551000043, -5.79453375099996 ], [ 105.313441225000076, -5.783884651999927 ] ] ], [ [ [ 105.277322113000082, -5.790079311999932 ], [ 105.278899073000048, -5.793698022999934 ], [ 105.275909556000045, -5.793784761999973 ], [ 105.277322113000082, -5.790079311999932 ] ] ], [ [ [ 105.311278854000079, -5.781772523999962 ], [ 105.312498560000051, -5.781754189999958 ], [ 105.312232245000075, -5.782854864999933 ], [ 105.311278854000079, -5.781772523999962 ] ] ], [ [ [ 105.244847748000041, -5.59596387199997 ], [ 105.252452912000081, -5.597173336999958 ], [ 105.253246254000032, -5.598708332999934 ], [ 105.244847748000041, -5.59596387199997 ] ] ], [ [ [ 105.24765416200006, -5.573843617999955 ], [ 105.247639549000041, -5.574027214999944 ], [ 105.247432808000042, -5.573863763999952 ], [ 105.24765416200006, -5.573843617999955 ] ] ], [ [ [ 105.279495527000051, -5.561223979999966 ], [ 105.282483407000086, -5.570855424999934 ], [ 105.27038169900004, -5.57243522999994 ], [ 105.270376207000083, -5.562068099999976 ], [ 105.279495527000051, -5.561223979999966 ] ] ], [ [ [ 105.247989446000076, -5.564835002999928 ], [ 105.249281274000055, -5.565361907999943 ], [ 105.24783108400004, -5.565261894999935 ], [ 105.247989446000076, -5.564835002999928 ] ] ], [ [ [ 105.262984780000068, -5.544615022999949 ], [ 105.264091873000041, -5.543852555999933 ], [ 105.263881945000037, -5.544871178999927 ], [ 105.262984780000068, -5.544615022999949 ] ] ], [ [ [ 105.245979142000067, -5.523551315999953 ], [ 105.245882086000051, -5.523295192999967 ], [ 105.246067435000043, -5.523342194999941 ], [ 105.245979142000067, -5.523551315999953 ] ] ], [ [ [ 105.268861349000076, -5.510814398999969 ], [ 105.272656347000066, -5.51386856299996 ], [ 105.271913130000087, -5.515602249999972 ], [ 105.268861349000076, -5.510814398999969 ] ] ] ] } },
{ "type": "Feature", "properties": { "kemendagri_kab_code": 1810, "kemendagri_kab_name": "Kabupaten Pringsewu", "kemendagri_prov_code": 18, "kemendagri_prov_name": "Lampung" }, "geometry": { "type": "Polygon", "coordinates": [ [ [ 104.792706966000083, -5.156928375999939 ], [ 104.811795198000084, -5.173127038999951 ], [ 104.828877320000061, -5.202647762999959 ], [ 104.861389561000067, -5.201817209999945 ], [ 104.871835645000033, -5.232743097999958 ], [ 104.88783333300006, -5.245277777999945 ], [ 104.910365464000051, -5.247160877999931 ], [ 104.92476206300006, -5.266549772999952 ], [ 105.04898869200008, -5.206504045999964 ], [ 105.074900189000061, -5.225798714999939 ], [ 105.079401277000045, -5.218404194999948 ], [ 105.097811787000069, -5.229854527999976 ], [ 105.069535623000036, -5.228798720999976 ], [ 105.054817780000064, -5.259061577999944 ], [ 105.037590025000043, -5.258804462999933 ], [ 105.044911327000079, -5.266280714999937 ], [ 105.036540499000068, -5.284164342999929 ], [ 105.042428757000039, -5.285597926999969 ], [ 105.044735617000072, -5.320986325999968 ], [ 105.05550498100007, -5.32514077299993 ], [ 105.053054665000047, -5.316229086999954 ], [ 105.059552995000047, -5.316372680999962 ], [ 105.061171463000051, -5.336939798999936 ], [ 105.071749126000043, -5.33694064599996 ], [ 105.068353859000069, -5.360893575999967 ], [ 105.080936067000039, -5.362922352999931 ], [ 105.074838220000061, -5.393382719999977 ], [ 105.039150221000057, -5.386238308999964 ], [ 105.014844137000068, -5.399615665999931 ], [ 105.002730470000074, -5.387036667999951 ], [ 105.001343488000032, -5.422948374999976 ], [ 104.977298107000081, -5.441152375999934 ], [ 104.964347147000069, -5.43649792399998 ], [ 104.94169265000005, -5.460500388999947 ], [ 104.93429535100006, -5.495407794999949 ], [ 104.956077085000061, -5.520841728999926 ], [ 104.967499, -5.55504278199993 ], [ 104.962241655000071, -5.576249207999979 ], [ 104.90687280700007, -5.569056719999935 ], [ 104.889116108000053, -5.552889234999952 ], [ 104.89846792600008, -5.533863950999944 ], [ 104.891167351000036, -5.508252178999953 ], [ 104.900129911000079, -5.511743170999978 ], [ 104.916472200000044, -5.447888888999955 ], [ 104.886669441000038, -5.43524320299997 ], [ 104.892094924000048, -5.428361597999981 ], [ 104.912463900000034, -5.429041666999979 ], [ 104.900955600000088, -5.422316666999961 ], [ 104.90558610000005, -5.4167 ], [ 104.884516700000063, -5.386825 ], [ 104.868185917000062, -5.378122101999963 ], [ 104.86857675300007, -5.337288096999941 ], [ 104.855347380000069, -5.336040475999937 ], [ 104.822208514000067, -5.31223984899998 ], [ 104.809884996000051, -5.299823028999981 ], [ 104.804072710000071, -5.272220042999948 ], [ 104.787445632000072, -5.259534954999936 ], [ 104.78966282600004, -5.239174378999962 ], [ 104.779772685000069, -5.234555219999947 ], [ 104.786427468000056, -5.207761779999942 ], [ 104.771994718000087, -5.180044958999929 ], [ 104.782954740000037, -5.170025874999965 ], [ 104.786341576000041, -5.163193513999943 ], [ 104.790992162000066, -5.157747908999966 ], [ 104.792706966000083, -5.156928375999939 ] ] ] } },
{ "type": "Feature", "properties": { "kemendagri_kab_code": 1811, "kemendagri_kab_name": "Kabupaten Mesuji", "kemendagri_prov_code": 18, "kemendagri_prov_name": "Lampung" }, "geometry": { "type": "Polygon", "coordinates": [ [ [ 105.760162778000051, -4.137232499999925 ], [ 105.754722222000055, -4.194888888999969 ], [ 105.721666667000079, -4.19836111099994 ], [ 105.719821410000065, -4.185451237999928 ], [ 105.682916667000086, -4.188972221999961 ], [ 105.652429010000048, -4.196170776999963 ], [ 105.652698405000081, -4.21764602199994 ], [ 105.616817128000037, -4.223210524999956 ], [ 105.605880893000062, -4.219344424999974 ], [ 105.604944444000068, -4.195916666999949 ], [ 105.529717745000085, -4.165923254999939 ], [ 105.507030874000066, -4.166109474999928 ], [ 105.503111111000067, -4.135555555999929 ], [ 105.467206346000069, -4.135013327999957 ], [ 105.467026052000051, -4.162383693999971 ], [ 105.434490809000067, -4.166091705999975 ], [ 105.422509800000057, -4.162450367999952 ], [ 105.424650705000033, -4.122087842999974 ], [ 105.400174681000067, -4.119720219999977 ], [ 105.400697629000035, -4.138298271999929 ], [ 105.390249131000076, -4.141082582999957 ], [ 105.387785902000076, -4.131266228999948 ], [ 105.366012024000042, -4.129556337999929 ], [ 105.367154742000082, -4.158989720999955 ], [ 105.312186585000063, -4.15678007799994 ], [ 105.276149660000044, -4.184501094999973 ], [ 105.232162969000058, -4.190661175999935 ], [ 105.212678894000078, -4.175711140999965 ], [ 105.195479422000062, -4.178893717999927 ], [ 105.101158498000075, -4.226929995999967 ], [ 105.098012456000049, -4.217566954999938 ], [ 105.066653938000059, -4.213852039999949 ], [ 105.049636192000037, -4.140253797999947 ], [ 105.065756496000063, -4.120277119999969 ], [ 105.061445779000053, -4.097198373999959 ], [ 105.078239650000057, -4.085859393999954 ], [ 105.094729527000084, -4.04589417699998 ], [ 105.119651607000037, -4.047389948999978 ], [ 105.121025102000033, -4.034549992999928 ], [ 105.108283489000087, -4.030415543999936 ], [ 105.105518742000072, -4.019612969999969 ], [ 105.115596289000052, -3.997714377999955 ], [ 105.128266900000085, -3.998552856999936 ], [ 105.134662340000034, -3.989510996999968 ], [ 105.143733522000048, -3.958410884999978 ], [ 105.13588079200008, -3.948733646999926 ], [ 105.13871621800007, -3.936179043999971 ], [ 105.151049413000067, -3.931247748999965 ], [ 105.165374152000084, -3.937630031999959 ], [ 105.177739660000043, -3.907099193999954 ], [ 105.204519559000062, -3.891081695999958 ], [ 105.230314787000054, -3.889684270999965 ], [ 105.244982690000086, -3.906174251999971 ], [ 105.275964921000082, -3.878482721999944 ], [ 105.292969546000052, -3.842702174999943 ], [ 105.282072455000048, -3.828524884999979 ], [ 105.284194629000069, -3.797318743999938 ], [ 105.304313241000045, -3.792034307999927 ], [ 105.319149573000061, -3.731637697999929 ], [ 105.333043309000061, -3.72366604399997 ], [ 105.349223, -3.747241740999925 ], [ 105.357792732000064, -3.796825472999956 ], [ 105.367305307000038, -3.797669539999958 ], [ 105.38724773000007, -3.779104322999956 ], [ 105.416356070000063, -3.777110376999929 ], [ 105.436733446000062, -3.787956846999975 ], [ 105.433053372000074, -3.826323834999926 ], [ 105.479962177000061, -3.821732848999943 ], [ 105.492718721000074, -3.84095745299993 ], [ 105.524228047000065, -3.840506818999927 ], [ 105.512244554000063, -3.873039053999946 ], [ 105.524633022000046, -3.894089798999971 ], [ 105.532130383000037, -3.895676271999946 ], [ 105.547956011000053, -3.880781271999979 ], [ 105.573157994000042, -3.900039478999929 ], [ 105.563124687000084, -3.929157648999933 ], [ 105.583082628000057, -3.937108683999952 ], [ 105.597744809000062, -3.923270658999968 ], [ 105.61017686200006, -3.938356597999928 ], [ 105.589714292000053, -3.953201548999971 ], [ 105.610959049000087, -3.964866742999959 ], [ 105.63064311100004, -4.004429085999959 ], [ 105.612600859000054, -4.02778337899997 ], [ 105.605932604000088, -4.054614026999957 ], [ 105.619396210000048, -4.056121372999939 ], [ 105.624770827000077, -4.039267348999942 ], [ 105.639124, -4.048749771999951 ], [ 105.661079305000044, -4.045953094999959 ], [ 105.662501500000076, -4.054965426999956 ], [ 105.645196956000063, -4.064395558999934 ], [ 105.650305805000073, -4.084212203999925 ], [ 105.665054015000067, -4.089869743999941 ], [ 105.678902095000069, -4.073979561999977 ], [ 105.684978309000087, -4.097845680999967 ], [ 105.708477225000081, -4.101704782999946 ], [ 105.700326621000045, -4.135344522999958 ], [ 105.726700941000047, -4.13040067999998 ], [ 105.743378524000036, -4.144269547999954 ], [ 105.760162778000051, -4.137232499999925 ] ] ] } },
{ "type": "Feature", "properties": { "kemendagri_kab_code": 1812, "kemendagri_kab_name": "Kabupaten Tulang Bawang Barat", "kemendagri_prov_code": 18, "kemendagri_prov_name": "Lampung" }, "geometry": { "type": "Polygon", "coordinates": [ [ [ 105.043173877000072, -4.138668813999971 ], [ 105.053475156000047, -4.143143055999928 ], [ 105.066653938000059, -4.213852039999949 ], [ 105.098012456000049, -4.217566954999938 ], [ 105.101158498000075, -4.226929995999967 ], [ 105.195479422000062, -4.178893717999927 ], [ 105.212678894000078, -4.175711140999965 ], [ 105.232162969000058, -4.190661175999935 ], [ 105.221627510000076, -4.195729761999928 ], [ 105.226645915000063, -4.209925581999926 ], [ 105.215487419000056, -4.214612073999945 ], [ 105.219457399000078, -4.225346565999928 ], [ 105.190342623000049, -4.238458156999968 ], [ 105.189138889000048, -4.268638887999941 ], [ 105.156278399000087, -4.267613256999937 ], [ 105.155976364000082, -4.296731931999943 ], [ 105.178133593000041, -4.296770735999928 ], [ 105.202087350000056, -4.325414744999932 ], [ 105.194642293000072, -4.354614898999955 ], [ 105.222850558000061, -4.343607457999951 ], [ 105.218457716000046, -4.330355286999975 ], [ 105.235391049000043, -4.32824231799998 ], [ 105.22538434900008, -4.34801245899996 ], [ 105.237760679000075, -4.367418190999956 ], [ 105.20722547400004, -4.352441527999929 ], [ 105.195437118000086, -4.35661887699996 ], [ 105.21621719500007, -4.391836714999954 ], [ 105.245341050000036, -4.38550480899994 ], [ 105.255278719000046, -4.401622680999935 ], [ 105.244245315000057, -4.397302064999963 ], [ 105.224972419000039, -4.417156614999953 ], [ 105.213047464000056, -4.415785037999967 ], [ 105.212870799000086, -4.428396204999956 ], [ 105.201876017000075, -4.434606665999979 ], [ 105.204531772000053, -4.46360393599997 ], [ 105.184351811000056, -4.473471123999957 ], [ 105.177858478000076, -4.523115537999956 ], [ 105.158851734000052, -4.543419209999968 ], [ 105.175508253000032, -4.546527559999959 ], [ 105.17110037100008, -4.563196532999939 ], [ 105.180277777000072, -4.564861110999971 ], [ 105.198920448000081, -4.602775160999954 ], [ 105.184227080000085, -4.597937793999961 ], [ 105.172019754000075, -4.610281876999977 ], [ 105.180098632000067, -4.640243113999929 ], [ 105.166560496000045, -4.667752754999981 ], [ 105.155158828000083, -4.677024475999929 ], [ 105.143140534000054, -4.67561490099996 ], [ 105.142282950000038, -4.705897677999928 ], [ 105.125383001000046, -4.726212830999941 ], [ 105.085857069000042, -4.702164760999949 ], [ 105.072009283000057, -4.705949891999978 ], [ 105.045040552000046, -4.66963138899996 ], [ 105.038193909000086, -4.671783165999955 ], [ 105.016373501000032, -4.651474143999963 ], [ 105.002313896000032, -4.651994569999943 ], [ 105.010981229000038, -4.638687283999957 ], [ 105.005432812000038, -4.629321274999938 ], [ 104.994986492000066, -4.636492396999927 ], [ 104.980630943000051, -4.629627579999976 ], [ 104.985836554000059, -4.615279630999964 ], [ 105.000323747000039, -4.608263847999979 ], [ 104.98802183500004, -4.588529889999961 ], [ 104.994437854000068, -4.584505508999939 ], [ 104.988672964000045, -4.584694751999962 ], [ 104.994068639000034, -4.582285617999958 ], [ 104.988283817000081, -4.582536132999962 ], [ 104.981264729000088, -4.535601464999957 ], [ 104.951240232000032, -4.516929260999973 ], [ 104.926315199000044, -4.515440385999966 ], [ 104.933444444000088, -4.488444443999981 ], [ 104.944555556000068, -4.480333332999976 ], [ 104.950444444000084, -4.48819444399993 ], [ 104.957527778000042, -4.48369444399998 ], [ 104.967388889000063, -4.475305555999967 ], [ 104.965583333000041, -4.459694443999979 ], [ 104.985611111000082, -4.44613888899994 ], [ 105.009527778000063, -4.44941666699998 ], [ 105.008361111000056, -4.46444444399998 ], [ 105.016917620000072, -4.465625433999946 ], [ 105.070138889000077, -4.43636111099994 ], [ 105.048896306000074, -4.400886859999957 ], [ 105.04457033500006, -4.406541365999942 ], [ 105.038909678000039, -4.399611853999943 ], [ 105.033754678000037, -4.410911528999975 ], [ 105.025876745000062, -4.401059905999944 ], [ 105.026354737000077, -4.409464343999957 ], [ 105.010416667000072, -4.387888888999953 ], [ 104.980527778000067, -4.385083332999955 ], [ 104.98166666700007, -4.351166666999973 ], [ 105.003208631000064, -4.352719830999945 ], [ 104.996221530000071, -4.332180964999964 ], [ 104.988966379000033, -4.334358755999972 ], [ 104.998083333000068, -4.310166666999976 ], [ 104.994305556000086, -4.27975 ], [ 104.985555556000065, -4.257027777999951 ], [ 104.954444444000046, -4.248833332999936 ], [ 104.941916667000044, -4.232 ], [ 104.95255555600005, -4.22375 ], [ 104.943859162000081, -4.207668103999936 ], [ 104.953172848000065, -4.178199157999927 ], [ 104.967657797000072, -4.171044352999957 ], [ 105.013810184000079, -4.174736977999942 ], [ 105.026938822000034, -4.146453719999954 ], [ 105.043173877000072, -4.138668813999971 ] ] ] } },
{ "type": "Feature", "properties": { "kemendagri_kab_code": 1813, "kemendagri_kab_name": "Kabupaten Pesisir Barat", "kemendagri_prov_code": 18, "kemendagri_prov_name": "Lampung" }, "geometry": { "type": "MultiPolygon", "coordinates": [ [ [ [ 104.602068423000048, -5.933411604999947 ], [ 104.602913131000037, -5.933631704999925 ], [ 104.60208626900004, -5.934161134999954 ], [ 104.602068423000048, -5.933411604999947 ] ] ], [ [ [ 104.602645442000039, -5.93287027699995 ], [ 104.602472931000079, -5.932596638999939 ], [ 104.602764415000081, -5.932566895999969 ], [ 104.602645442000039, -5.93287027699995 ] ] ], [ [ [ 104.603787583000042, -5.931835211999953 ], [ 104.603960094000058, -5.933120120999945 ], [ 104.602895285000045, -5.932138592999934 ], [ 104.601425968000058, -5.93279294499996 ], [ 104.602116012000067, -5.931609162999962 ], [ 104.603787583000042, -5.931835211999953 ] ] ], [ [ [ 104.446901941000078, -5.892427028999975 ], [ 104.439466674000073, -5.892569249999951 ], [ 104.438950833000035, -5.887351862999935 ], [ 104.446901941000078, -5.892427028999975 ] ] ], [ [ [ 103.790488045000075, -4.779014734999976 ], [ 103.826270345000069, -4.801544578999938 ], [ 103.825284918000079, -4.822625522999942 ], [ 103.845407054000077, -4.822869066999942 ], [ 103.869470637000063, -4.856423981999967 ], [ 103.865208286000041, -4.882547487999943 ], [ 103.855702781000048, -4.891922500999954 ], [ 103.812317577000044, -4.891820519999953 ], [ 103.831555556000069, -4.943055555999933 ], [ 103.858416667000085, -4.945444443999975 ], [ 103.867611111000087, -4.960861110999929 ], [ 103.897238763000075, -4.972931462999952 ], [ 103.972638889000052, -4.969083332999958 ], [ 103.974944444000073, -4.9865 ], [ 104.004805556000065, -5.00633333299993 ], [ 104.019072344000051, -5.043740490999937 ], [ 104.01875, -5.066083332999938 ], [ 104.00313888900007, -5.0985 ], [ 104.023833333000084, -5.091972221999981 ], [ 104.063111111000069, -5.099333332999947 ], [ 104.081444444000056, -5.118888888999948 ], [ 104.08365152500005, -5.140887053999961 ], [ 104.120777778000047, -5.174777777999964 ], [ 104.222635842000045, -5.218052974999978 ], [ 104.291007275000084, -5.331710308999959 ], [ 104.314944445000037, -5.35425 ], [ 104.334120259000088, -5.360813889999974 ], [ 104.39038170300006, -5.430853530999968 ], [ 104.418600254000069, -5.452058464999936 ], [ 104.416659727000081, -5.482950605999974 ], [ 104.442951430000051, -5.522836672999972 ], [ 104.453081138000073, -5.519988312999942 ], [ 104.478548026000055, -5.53926307699993 ], [ 104.481548544000077, -5.563162758999965 ], [ 104.486965889000032, -5.559510521999925 ], [ 104.490534513000057, -5.568369187999963 ], [ 104.483508001000075, -5.580115116999934 ], [ 104.494304099000033, -5.582135000999926 ], [ 104.485955597000043, -5.59470375799998 ], [ 104.490252027000054, -5.60759479099994 ], [ 104.499968198000033, -5.601180635999981 ], [ 104.508817711000063, -5.611786348999942 ], [ 104.519858961000068, -5.600018638999927 ], [ 104.534297519000063, -5.616979088999926 ], [ 104.568202185000075, -5.620402566999928 ], [ 104.589504996000073, -5.654093458999967 ], [ 104.627961526000036, -5.691688450999948 ], [ 104.613748767000061, -5.745357783999964 ], [ 104.58855426100007, -5.754503047999947 ], [ 104.617652748000069, -5.801315766999949 ], [ 104.653745558000082, -5.821092700999941 ], [ 104.639324488000057, -5.828800238999975 ], [ 104.634401470000057, -5.843043038999951 ], [ 104.645117653000057, -5.880555896999965 ], [ 104.660140449000039, -5.899574247999965 ], [ 104.658105007000074, -5.913407297999981 ], [ 104.664945096000054, -5.915187425999932 ], [ 104.658596293000073, -5.918747444999951 ], [ 104.658568646000049, -5.936374574999945 ], [ 104.612060334000034, -5.938195487999963 ], [ 104.612643941000044, -5.934746106999967 ], [ 104.611479814000063, -5.932981102999975 ], [ 104.609219567000082, -5.932799789999933 ], [ 104.610759275000078, -5.932010516999981 ], [ 104.602531338000063, -5.92983828499996 ], [ 104.593075490000047, -5.937508656999967 ], [ 104.612306482000065, -5.93606592499998 ], [ 104.584521429000063, -5.943141123999965 ], [ 104.556338949000065, -5.926024875999929 ], [ 104.555053614000087, -5.912949591999961 ], [ 104.56663173000004, -5.914573205999943 ], [ 104.576242898000032, -5.90366635099997 ], [ 104.565353379000044, -5.867388085999949 ], [ 104.45281097600008, -5.764086285999952 ], [ 104.444957938000073, -5.746196677999933 ], [ 104.421282604000055, -5.725404587999947 ], [ 104.416025053000055, -5.70720334899994 ], [ 104.373463642000047, -5.676626 ], [ 104.301030263000087, -5.64187069999997 ], [ 104.299249942000074, -5.62920302699996 ], [ 104.312487714000042, -5.631292930999962 ], [ 104.320233567000059, -5.614515270999959 ], [ 104.29905533200008, -5.576090909999948 ], [ 104.272625693000066, -5.552147255999955 ], [ 104.213175528000079, -5.525085139999931 ], [ 104.212932493000039, -5.509471208999969 ], [ 104.189954038000053, -5.489897762999931 ], [ 104.120028432000083, -5.457236325999929 ], [ 104.108333360000074, -5.42911733699998 ], [ 104.069199835000063, -5.407679949999931 ], [ 104.055925880000075, -5.376577904999976 ], [ 104.026513561000058, -5.358033920999958 ], [ 104.031898886000079, -5.345341530999974 ], [ 104.026416608000034, -5.332728008999936 ], [ 103.994767028000069, -5.317962382999951 ], [ 103.992174194000086, -5.309172048999926 ], [ 104.007935382000085, -5.289893852999967 ], [ 103.992836965000038, -5.263395255999967 ], [ 103.941174080000053, -5.236330824999925 ], [ 103.906532163000065, -5.232021864999979 ], [ 103.903354828000033, -5.211895542999969 ], [ 103.92003044900008, -5.203858156999956 ], [ 103.936140957000077, -5.178557947999934 ], [ 103.931077019000043, -5.151747500999932 ], [ 103.913097421000032, -5.128622607999944 ], [ 103.882035036000048, -5.110310313999946 ], [ 103.866948244000071, -5.110168275999968 ], [ 103.842591680000055, -5.081252741999947 ], [ 103.838920059000088, -5.066069420999952 ], [ 103.794827817000055, -5.046534796999936 ], [ 103.781327476000058, -5.030658109999933 ], [ 103.768058731000053, -5.030954659999963 ], [ 103.757158548000064, -5.045529105999947 ], [ 103.747808252000084, -5.042468127999939 ], [ 103.739649256000064, -5.023847372999967 ], [ 103.749494244000061, -5.015338639999925 ], [ 103.747944760000053, -4.995515886999954 ], [ 103.710971201000064, -4.963113974999942 ], [ 103.686274233000063, -4.962222016999931 ], [ 103.668790425000054, -4.989096028999938 ], [ 103.655788054000084, -4.989631361999955 ], [ 103.652476956000044, -4.974901824999961 ], [ 103.65902178500005, -4.962056906999976 ], [ 103.64132376200007, -4.934131192999928 ], [ 103.595990404000077, -4.922387834999938 ], [ 103.590706375000082, -4.91037731199998 ], [ 103.598667602000035, -4.907265189999976 ], [ 103.603823822000038, -4.888838179999937 ], [ 103.612520260000053, -4.894321742999978 ], [ 103.626035866000052, -4.889813524999965 ], [ 103.637523022000039, -4.867525200999978 ], [ 103.649834284000065, -4.86969107699997 ], [ 103.668125743000076, -4.849310834999926 ], [ 103.69853388100006, -4.837024434999933 ], [ 103.73114115900006, -4.799254530999974 ], [ 103.766731637000078, -4.795003920999932 ], [ 103.790488045000075, -4.779014734999976 ] ] ], [ [ [ 103.847101983000073, -5.11525368599996 ], [ 103.850019646000078, -5.126424009999937 ], [ 103.838239126000076, -5.121832494999978 ], [ 103.847101983000073, -5.11525368599996 ] ] ], [ [ [ 104.611176762000071, -5.933687780999946 ], [ 104.610932867000088, -5.933414142999936 ], [ 104.61131952900007, -5.933449834999976 ], [ 104.611176762000071, -5.933687780999946 ] ] ], [ [ [ 104.605001844000071, -5.932810933999974 ], [ 104.607220194000035, -5.933798425999953 ], [ 104.603808047000086, -5.933891224999968 ], [ 104.605001844000071, -5.932810933999974 ] ] ], [ [ [ 104.608138666000059, -5.932582520999972 ], [ 104.609171352000033, -5.933163109999953 ], [ 104.607848371000046, -5.932925163999926 ], [ 104.608138666000059, -5.932582520999972 ] ] ], [ [ [ 104.607481934000077, -5.93294895799994 ], [ 104.607134533000078, -5.932782395999936 ], [ 104.607510488000059, -5.932806189999951 ], [ 104.607481934000077, -5.93294895799994 ] ] ], [ [ [ 104.606373106000035, -5.932296985999926 ], [ 104.605592642000033, -5.932216083999947 ], [ 104.605673544000069, -5.931821093999929 ], [ 104.606373106000035, -5.932296985999926 ] ] ] ] } },
{ "type": "Feature", "properties": { "kemendagri_kab_code": 1871, "kemendagri_kab_name": "Kota Bandar Lampung", "kemendagri_prov_code": 18, "kemendagri_prov_name": "Lampung" }, "geometry": { "type": "MultiPolygon", "coordinates": [ [ [ [ 105.260025085000052, -5.489083494999932 ], [ 105.26071704800006, -5.488436595999929 ], [ 105.260947255000076, -5.488861934999932 ], [ 105.260025085000052, -5.489083494999932 ] ] ], [ [ [ 105.263208936000069, -5.462749085999974 ], [ 105.266407901000036, -5.464507223999931 ], [ 105.264636690000088, -5.466307607999966 ], [ 105.263208936000069, -5.462749085999974 ] ] ], [ [ [ 105.265955804000043, -5.459940825999979 ], [ 105.265422344000058, -5.460266259999969 ], [ 105.265667688000065, -5.459632330999966 ], [ 105.265955804000043, -5.459940825999979 ] ] ], [ [ [ 105.255929189000085, -5.326673228999937 ], [ 105.262181068000075, -5.329671111999971 ], [ 105.260556350000059, -5.350704761999964 ], [ 105.27118069900007, -5.353151734999926 ], [ 105.27701773800004, -5.34160852499997 ], [ 105.295027419000064, -5.347474771999941 ], [ 105.290774027000055, -5.368928726999968 ], [ 105.306040665000069, -5.35830985299998 ], [ 105.315685466000048, -5.387921712999969 ], [ 105.323846601000071, -5.388796017999937 ], [ 105.325065172000052, -5.405802536999943 ], [ 105.341943608000065, -5.419959838999944 ], [ 105.326054079000073, -5.465480800999956 ], [ 105.350673516000086, -5.514950264999925 ], [ 105.345062403000043, -5.518265078999946 ], [ 105.325273167000034, -5.502302174999954 ], [ 105.324805640000079, -5.486797164999928 ], [ 105.315325288000054, -5.478822052999931 ], [ 105.320195989000069, -5.469327872999941 ], [ 105.289775034000058, -5.445059198999957 ], [ 105.254720488000032, -5.461148428999934 ], [ 105.251547755000047, -5.490231569999935 ], [ 105.245313223000039, -5.481434665999927 ], [ 105.224794977000045, -5.489704551999978 ], [ 105.221118981000075, -5.445728116999931 ], [ 105.197592549000035, -5.452844973999959 ], [ 105.181140388000074, -5.44785868799994 ], [ 105.18797760800004, -5.436218957999927 ], [ 105.179393246000075, -5.433010443999933 ], [ 105.19123993900007, -5.42924632699993 ], [ 105.181783756000073, -5.423434845999964 ], [ 105.178443688000073, -5.406475051999962 ], [ 105.195576533000065, -5.38454003399994 ], [ 105.206864262000067, -5.389065689999939 ], [ 105.206643831000065, -5.372287548999964 ], [ 105.223807014000045, -5.367705887999932 ], [ 105.255929189000085, -5.326673228999937 ] ] ] ] } },
{ "type": "Feature", "properties": { "kemendagri_kab_code": 1872, "kemendagri_kab_name": "Kota Metro", "kemendagri_prov_code": 18, "kemendagri_prov_name": "Lampung" }, "geometry": { "type": "Polygon", "coordinates": [ [ [ 105.299401755000076, -5.172268157999952 ], [ 105.274755569000035, -5.158760801999961 ], [ 105.262523305000059, -5.160303702999954 ], [ 105.291192305000038, -5.109987725999929 ], [ 105.271653941000068, -5.105313061999937 ], [ 105.268783524000071, -5.09567429599997 ], [ 105.316613788000041, -5.054534026999931 ], [ 105.30888204300004, -5.069041052999978 ], [ 105.313814661000038, -5.075661959999934 ], [ 105.354923067000072, -5.063706098999944 ], [ 105.357899069000041, -5.071542784999963 ], [ 105.334858347000079, -5.091060096999968 ], [ 105.349050204000037, -5.108491145999949 ], [ 105.336396826000055, -5.112150284999927 ], [ 105.322321341000077, -5.132127628999967 ], [ 105.334332102000076, -5.145859304999931 ], [ 105.329928936000044, -5.167608867999945 ], [ 105.305543965000084, -5.170688783999935 ], [ 105.300266374000046, -5.178746826999941 ], [ 105.299401755000076, -5.172268157999952 ] ] ] } }
]
}
