{
"type": "FeatureCollection",
"name": "19",
"crs": { "type": "name", "properties": { "name": "urn:ogc:def:crs:OGC:1.3:CRS84" } },
"features": [
{ "type": "Feature", "properties": { "kemendagri_kab_code": 1901, "kemendagri_kab_name": "Kabupaten Bangka", "kemendagri_prov_code": 19, "kemendagri_prov_name": "Kepulauan Bangka Belitung" }, "geometry": { "type": "MultiPolygon", "coordinates": [ [ [ [ 105.755547419000038, -2.235740431999943 ], [ 105.755663299000048, -2.237158185999931 ], [ 105.754989912000042, -2.236974966999981 ], [ 105.755547419000038, -2.235740431999943 ] ] ], [ [ [ 105.745802463000075, -2.23386064999994 ], [ 105.748193821000086, -2.233782127999973 ], [ 105.748479356000075, -2.234360336999941 ], [ 105.745802463000075, -2.23386064999994 ] ] ], [ [ [ 105.760571302000074, -2.231356805999951 ], [ 105.761103239000079, -2.233349921999945 ], [ 105.759274331000086, -2.232391582999981 ], [ 105.760571302000074, -2.231356805999951 ] ] ], [ [ [ 105.773185745000035, -2.210777808999978 ], [ 105.773040101000049, -2.212293668999962 ], [ 105.77254031700005, -2.211970513999972 ], [ 105.773185745000035, -2.210777808999978 ] ] ], [ [ [ 105.767441550000058, -1.736311396999952 ], [ 105.76977518700005, -1.743417662999946 ], [ 105.763321966000035, -1.737237980999964 ], [ 105.767441550000058, -1.736311396999952 ] ] ], [ [ [ 105.757592567000074, -1.733082594999928 ], [ 105.756013281000037, -1.73148273399994 ], [ 105.757174602000077, -1.730999187999942 ], [ 105.757592567000074, -1.733082594999928 ] ] ], [ [ [ 105.741076526000086, -1.683756746999961 ], [ 105.74114637100007, -1.684167257999945 ], [ 105.740585832000079, -1.683848972999954 ], [ 105.741076526000086, -1.683756746999961 ] ] ], [ [ [ 105.738586421000036, -1.683523311999977 ], [ 105.734947911000063, -1.682321530999957 ], [ 105.737343517000056, -1.681529442999931 ], [ 105.738586421000036, -1.683523311999977 ] ] ], [ [ [ 105.75834083500007, -1.669284249999976 ], [ 105.75826999800006, -1.668539791999933 ], [ 105.758795815000042, -1.669168785999943 ], [ 105.75834083500007, -1.669284249999976 ] ] ], [ [ [ 105.756405953000069, -1.66164846099997 ], [ 105.755758269000069, -1.662044148999939 ], [ 105.75558452000007, -1.661297919999924 ], [ 105.756405953000069, -1.66164846099997 ] ] ], [ [ [ 105.76290104800006, -1.647394525999971 ], [ 105.757818583000073, -1.650343217999932 ], [ 105.755772151000087, -1.648330764999969 ], [ 105.76290104800006, -1.647394525999971 ] ] ], [ [ [ 105.755310774000066, -1.645632407999926 ], [ 105.758085225000059, -1.64744079899998 ], [ 105.754573141000037, -1.647345619999953 ], [ 105.755310774000066, -1.645632407999926 ] ] ], [ [ [ 105.746685402000082, -1.638126808999971 ], [ 105.747043273000088, -1.638416150999944 ], [ 105.746563574000049, -1.638314119999961 ], [ 105.746685402000082, -1.638126808999971 ] ] ], [ [ [ 105.712787610000078, -1.631918300999928 ], [ 105.712815911000064, -1.631538131999946 ], [ 105.713513660000046, -1.631470304999937 ], [ 105.712787610000078, -1.631918300999928 ] ] ], [ [ [ 105.714108820000035, -1.629477493999957 ], [ 105.715241287000083, -1.629983795999976 ], [ 105.713757169000075, -1.63018227799995 ], [ 105.714108820000035, -1.629477493999957 ] ] ], [ [ [ 105.719454210000038, -1.583839262999959 ], [ 105.719562271000086, -1.583644346999961 ], [ 105.719573555000068, -1.583814731999951 ], [ 105.719454210000038, -1.583839262999959 ] ] ], [ [ [ 105.697008434000054, -1.531221589999973 ], [ 105.697152988000084, -1.533465092999961 ], [ 105.696649621000063, -1.533564769999941 ], [ 105.697008434000054, -1.531221589999973 ] ] ], [ [ [ 105.697430120000035, -1.530911732999925 ], [ 105.696624891000056, -1.530503760999977 ], [ 105.697281006000082, -1.530132762999926 ], [ 105.697430120000035, -1.530911732999925 ] ] ], [ [ [ 105.693691537000063, -1.53012666799998 ], [ 105.693905466000047, -1.530847961999939 ], [ 105.693310525000072, -1.530770295999957 ], [ 105.693691537000063, -1.53012666799998 ] ] ], [ [ [ 105.687910018000082, -1.527234998999973 ], [ 105.690157885000076, -1.528962172999968 ], [ 105.688387154000054, -1.529451260999963 ], [ 105.687910018000082, -1.527234998999973 ] ] ], [ [ [ 106.155913599000087, -1.98540815399997 ], [ 106.157912346000046, -1.980182857999978 ], [ 106.162565516000086, -1.972104190999971 ], [ 106.159102904000065, -1.981152152999925 ], [ 106.155913599000087, -1.98540815399997 ] ] ], [ [ [ 105.915960048000045, -1.501965073999941 ], [ 105.921593862000066, -1.516133278999973 ], [ 105.909054891000039, -1.531921082999929 ], [ 105.922789140000077, -1.546833164999953 ], [ 105.950257638000039, -1.560460337999928 ], [ 105.980952685000034, -1.550952011999925 ], [ 106.019593278000059, -1.586047571999927 ], [ 106.048300377000032, -1.60033971799993 ], [ 106.054491322000047, -1.620004661999928 ], [ 106.032227577000072, -1.614571251999962 ], [ 106.023531453000032, -1.629440142999954 ], [ 106.025578635000045, -1.676251883999953 ], [ 106.06120130000005, -1.716083187999971 ], [ 106.073136859000044, -1.747697779999953 ], [ 106.094969318000039, -1.757532533999949 ], [ 106.090526363000038, -1.769726653999953 ], [ 106.102733613000055, -1.789423595999949 ], [ 106.129818903000057, -1.804089067999939 ], [ 106.119458511000062, -1.815100430999962 ], [ 106.127941509000038, -1.841558439999972 ], [ 106.111587473000043, -1.841879666999944 ], [ 106.11330782400006, -1.848582608999948 ], [ 106.12338008200004, -1.84165123899993 ], [ 106.127092534000042, -1.84858475599998 ], [ 106.132473257000072, -1.850784546999932 ], [ 106.128177075000053, -1.842415045999928 ], [ 106.133841794000034, -1.851417363999929 ], [ 106.125644183000077, -1.855941060999953 ], [ 106.12464357600004, -1.867071020999958 ], [ 106.135576009000033, -1.85487033499993 ], [ 106.171368751000045, -1.872496767999962 ], [ 106.186147338000069, -1.902564175999942 ], [ 106.162111748000086, -1.925477054999931 ], [ 106.157694080000056, -1.979081444999963 ], [ 106.149049498000068, -1.983650009999963 ], [ 106.163613524000084, -2.06684938199993 ], [ 106.158052948000034, -2.088202763999959 ], [ 106.150094012000068, -2.082416397999964 ], [ 106.129836447000059, -2.096575382999958 ], [ 106.127797744000077, -2.089899623999941 ], [ 106.141632602000072, -2.075924871999973 ], [ 106.130879033000042, -2.057336907999968 ], [ 106.111191701000052, -2.07066230199996 ], [ 106.106521049000037, -2.06581198799995 ], [ 106.108179892000067, -2.07722204199996 ], [ 106.100955153000086, -2.081811244999926 ], [ 106.098117512000044, -2.07543269699994 ], [ 106.071194741000056, -2.07551407099993 ], [ 106.059791301000075, -2.067031221999969 ], [ 106.045403588000056, -2.074391608999974 ], [ 106.041155501000048, -2.092604652999967 ], [ 106.048403054000062, -2.101329626999927 ], [ 106.040173897000045, -2.113271966999946 ], [ 106.08421644200007, -2.129279351999969 ], [ 106.089823606000039, -2.141131325999936 ], [ 106.071462728000085, -2.160641611999949 ], [ 106.043053795000048, -2.164095889999942 ], [ 106.033247171000085, -2.182670420999955 ], [ 106.038227321000079, -2.191811145999964 ], [ 106.020704658000056, -2.212634564999973 ], [ 106.022842050000065, -2.23412462999994 ], [ 105.998491003000083, -2.237809732999949 ], [ 105.979650168000035, -2.228325079999934 ], [ 105.958870791000038, -2.245389293999949 ], [ 105.925013896000053, -2.209617639999976 ], [ 105.926077547000034, -2.227300081999942 ], [ 105.91187808400008, -2.249902430999953 ], [ 105.915242306000039, -2.270082899999977 ], [ 105.901298890000078, -2.278399619999959 ], [ 105.878972031000046, -2.326512944999934 ], [ 105.823584124000035, -2.348593428999948 ], [ 105.818165652000062, -2.341900847999966 ], [ 105.824983115000066, -2.307614894999972 ], [ 105.787467893000041, -2.249664965999955 ], [ 105.791214466000042, -2.177508969999963 ], [ 105.78091076700008, -2.161861383999963 ], [ 105.739669719000062, -2.132591538999975 ], [ 105.722162450000042, -2.046985344999939 ], [ 105.737440270000036, -2.054741361999959 ], [ 105.772448413000063, -2.048897944999965 ], [ 105.782128697000076, -2.026668471999926 ], [ 105.780749864000086, -1.998119784999972 ], [ 105.811510944000077, -1.993850115999976 ], [ 105.767002482000066, -1.975834865999957 ], [ 105.70915480900004, -1.976915066999936 ], [ 105.714490899000054, -1.963595512999973 ], [ 105.702848373000052, -1.898795556999971 ], [ 105.726146177000032, -1.878776749999929 ], [ 105.74252729300008, -1.882588675999955 ], [ 105.749930201000041, -1.873529682999958 ], [ 105.747527267000066, -1.855062154999928 ], [ 105.755677136000088, -1.839552767999976 ], [ 105.740425655000081, -1.826911311999936 ], [ 105.756979483000066, -1.821398574999932 ], [ 105.76083228300007, -1.811185528999943 ], [ 105.752351516000033, -1.80504026899996 ], [ 105.756567347000043, -1.792704277999974 ], [ 105.746085291000043, -1.778099450999946 ], [ 105.774907, -1.767203 ], [ 105.785376736000046, -1.806335771999954 ], [ 105.811026802000072, -1.813662893999947 ], [ 105.8299, -1.805546 ], [ 105.82965, -1.80279 ], [ 105.796546, -1.781798 ], [ 105.786799, -1.754158 ], [ 105.7705, -1.737218 ], [ 105.754581, -1.727682 ], [ 105.740464, -1.686519 ], [ 105.757386, -1.678586 ], [ 105.76191745400007, -1.659626296999932 ], [ 105.753057657000056, -1.65149495999998 ], [ 105.764813247000063, -1.648660335999978 ], [ 105.753215817000068, -1.636711599999956 ], [ 105.734255653000048, -1.634954438999955 ], [ 105.742783775000078, -1.612680361999935 ], [ 105.720082077000086, -1.58181966799998 ], [ 105.720254988000079, -1.54194038299994 ], [ 105.702689315000043, -1.530197461999933 ], [ 105.815323583000065, -1.53118864299995 ], [ 105.877645447000077, -1.519904340999972 ], [ 105.887568584000064, -1.511421052999935 ], [ 105.882926618000056, -1.502087307999943 ], [ 105.915960048000045, -1.501965073999941 ] ] ], [ [ [ 106.127945536000084, -1.847976456999959 ], [ 106.128019087000041, -1.847731114999931 ], [ 106.128080861000058, -1.848025495999934 ], [ 106.127945536000084, -1.847976456999959 ] ] ], [ [ [ 106.127561560000061, -1.845434945999955 ], [ 106.126431416000059, -1.844344240999931 ], [ 106.127599654000051, -1.844258830999934 ], [ 106.127561560000061, -1.845434945999955 ] ] ], [ [ [ 106.12157628600005, -1.81771157999998 ], [ 106.122005609000041, -1.81741373899996 ], [ 106.122081752000042, -1.817447051999977 ], [ 106.12157628600005, -1.81771157999998 ] ] ], [ [ [ 106.126872097000046, -1.809018182999978 ], [ 106.126867566000044, -1.808778096999959 ], [ 106.12698606400005, -1.808882317999974 ], [ 106.126872097000046, -1.809018182999978 ] ] ], [ [ [ 105.814322, -1.807297 ], [ 105.816586, -1.810368 ], [ 105.812533, -1.809001 ], [ 105.814322, -1.807297 ] ] ], [ [ [ 105.819246, -1.809514 ], [ 105.819352, -1.807168 ], [ 105.820245, -1.807432 ], [ 105.819246, -1.809514 ] ] ], [ [ [ 105.812739, -1.808529 ], [ 105.81146, -1.807215 ], [ 105.813987, -1.807076 ], [ 105.812739, -1.808529 ] ] ], [ [ [ 106.130208321000055, -1.803921602999935 ], [ 106.130387750000068, -1.803643862999934 ], [ 106.130466272000035, -1.803836598999965 ], [ 106.130208321000055, -1.803921602999935 ] ] ], [ [ [ 105.812139, -1.795273 ], [ 105.817984, -1.804225 ], [ 105.806116, -1.805498 ], [ 105.80481, -1.799861 ], [ 105.812139, -1.795273 ] ] ], [ [ [ 105.809546243000057, -1.791354222999928 ], [ 105.806448184000033, -1.794687847999967 ], [ 105.806797965000044, -1.79034057299998 ], [ 105.809546243000057, -1.791354222999928 ] ] ], [ [ [ 106.094385880000061, -1.755634709999924 ], [ 106.094250446000046, -1.755071924999925 ], [ 106.094727550000073, -1.755216969999935 ], [ 106.094385880000061, -1.755634709999924 ] ] ], [ [ [ 106.093571531000066, -1.754702656999939 ], [ 106.093109728000059, -1.754105497999944 ], [ 106.093636223000033, -1.753970502999948 ], [ 106.093571531000066, -1.754702656999939 ] ] ], [ [ [ 106.077077582000072, -1.700794721999955 ], [ 106.076304018000087, -1.699919837999971 ], [ 106.077230008000072, -1.699817934999942 ], [ 106.077077582000072, -1.700794721999955 ] ] ], [ [ [ 106.026701356000046, -1.675889646999963 ], [ 106.026133739000045, -1.675824639999973 ], [ 106.026316482000084, -1.675521972999945 ], [ 106.026701356000046, -1.675889646999963 ] ] ], [ [ [ 106.048719761000086, -1.598401346999935 ], [ 106.049401125000088, -1.598909499999934 ], [ 106.048806125000056, -1.599080499999957 ], [ 106.048719761000086, -1.598401346999935 ] ] ], [ [ [ 105.978168697000058, -1.549762733999955 ], [ 105.978568446000054, -1.549697631999948 ], [ 105.978592431000038, -1.54984839399998 ], [ 105.978168697000058, -1.549762733999955 ] ] ], [ [ [ 105.880842312000084, -1.494452781999939 ], [ 105.881874990000085, -1.494230718999972 ], [ 105.882187616000067, -1.495253848999937 ], [ 105.880842312000084, -1.494452781999939 ] ] ] ] } },
{ "type": "Feature", "properties": { "kemendagri_kab_code": 1902, "kemendagri_kab_name": "Kabupaten Belitung", "kemendagri_prov_code": 19, "kemendagri_prov_name": "Kepulauan Bangka Belitung" }, "geometry": { "type": "MultiPolygon", "coordinates": [ [ [ [ 107.21013576200005, -3.315683207999939 ], [ 107.213714007000078, -3.319215821999933 ], [ 107.210520530000053, -3.320791716999963 ], [ 107.21013576200005, -3.315683207999939 ] ] ], [ [ [ 107.219651237000051, -3.304971715999955 ], [ 107.219380064000063, -3.306673726999975 ], [ 107.218603793000057, -3.30552622099998 ], [ 107.219651237000051, -3.304971715999955 ] ] ], [ [ [ 107.361689589000036, -3.080340878999948 ], [ 107.361005238000075, -3.07852704499993 ], [ 107.361207492000062, -3.078140381999958 ], [ 107.361689589000036, -3.080340878999948 ] ] ], [ [ [ 107.418489, -3.064965 ], [ 107.418978, -3.064947 ], [ 107.418659, -3.06532 ], [ 107.418489, -3.064965 ] ] ], [ [ [ 107.418507, -3.062983 ], [ 107.418698, -3.062671 ], [ 107.418587, -3.063225 ], [ 107.418507, -3.062983 ] ] ], [ [ [ 107.368096785000034, -3.061123051999971 ], [ 107.366457753000077, -3.059974174999979 ], [ 107.367452642000046, -3.058515506999925 ], [ 107.368096785000034, -3.061123051999971 ] ] ], [ [ [ 107.418432, -3.060077 ], [ 107.418783, -3.058155 ], [ 107.418765, -3.060628 ], [ 107.418432, -3.060077 ] ] ], [ [ [ 107.358980638000048, -3.059431979999943 ], [ 107.358235312000033, -3.055361835999975 ], [ 107.359320411000056, -3.053761762999954 ], [ 107.358980638000048, -3.059431979999943 ] ] ], [ [ [ 107.395160010000041, -3.051471190999962 ], [ 107.390737215000058, -3.053574554999955 ], [ 107.391453977000083, -3.049161837999975 ], [ 107.395160010000041, -3.051471190999962 ] ] ], [ [ [ 107.384047095000085, -3.056957865999948 ], [ 107.382782759000065, -3.04724067199993 ], [ 107.38386083000006, -3.04375704499995 ], [ 107.386840520000078, -3.052149100999941 ], [ 107.384047095000085, -3.056957865999948 ] ] ], [ [ [ 107.349892511000064, -3.047218546999943 ], [ 107.348573357000078, -3.046571276999941 ], [ 107.348637937000035, -3.046186054999964 ], [ 107.349892511000064, -3.047218546999943 ] ] ], [ [ [ 107.146293384000046, -3.040049969999927 ], [ 107.146177, -3.034429 ], [ 107.151268837000089, -3.032854479999969 ], [ 107.152639407000038, -3.037151786999971 ], [ 107.146293384000046, -3.040049969999927 ] ] ], [ [ [ 107.165279296000051, -3.027159710999968 ], [ 107.173797574000048, -3.027916622999953 ], [ 107.165713398000037, -3.033003472999951 ], [ 107.165279296000051, -3.027159710999968 ] ] ], [ [ [ 107.186853677000045, -3.016997771999968 ], [ 107.183885299000053, -3.017860326999937 ], [ 107.183611661000043, -3.014725386999942 ], [ 107.186853677000045, -3.016997771999968 ] ] ], [ [ [ 107.272213473000079, -2.999766525999974 ], [ 107.269230819000086, -2.999758197999938 ], [ 107.269487800000036, -2.997331147999944 ], [ 107.272213473000079, -2.999766525999974 ] ] ], [ [ [ 107.239461264000056, -2.989459838999949 ], [ 107.232032254000046, -3.001022717999945 ], [ 107.223826473000088, -2.99606178199997 ], [ 107.227993655000034, -2.991049780999958 ], [ 107.239461264000056, -2.989459838999949 ] ] ], [ [ [ 107.108300176000057, -2.989369 ], [ 107.106614176000051, -2.989354 ], [ 107.107403176000048, -2.988433 ], [ 107.108300176000057, -2.989369 ] ] ], [ [ [ 107.130319875000055, -2.988049821999937 ], [ 107.131036875000063, -2.982632821999971 ], [ 107.134240875000046, -2.981663821999973 ], [ 107.130319875000055, -2.988049821999937 ] ] ], [ [ [ 107.427849244000072, -2.973514545999933 ], [ 107.426625253000054, -2.972068027999967 ], [ 107.428656403000048, -2.971752373999948 ], [ 107.427849244000072, -2.973514545999933 ] ] ], [ [ [ 107.230203123000081, -2.961354182999969 ], [ 107.227643453000042, -2.967357464999964 ], [ 107.220710674000088, -2.966096701999959 ], [ 107.230203123000081, -2.961354182999969 ] ] ], [ [ [ 107.413762697000038, -2.956444383999951 ], [ 107.414044697000065, -2.95476038399994 ], [ 107.414359159000071, -2.954780661999962 ], [ 107.413762697000038, -2.956444383999951 ] ] ], [ [ [ 107.42527685400006, -2.954282674999945 ], [ 107.426154405000034, -2.953252178999946 ], [ 107.426216768000074, -2.954260445999978 ], [ 107.42527685400006, -2.954282674999945 ] ] ], [ [ [ 107.430912564000039, -2.945822742999951 ], [ 107.428152202000035, -2.945506104999936 ], [ 107.430318736000061, -2.944210597999927 ], [ 107.430912564000039, -2.945822742999951 ] ] ], [ [ [ 107.415720536000038, -2.925319970999965 ], [ 107.416171278000036, -2.924371081999936 ], [ 107.416699974000039, -2.925029730999938 ], [ 107.415720536000038, -2.925319970999965 ] ] ], [ [ [ 107.354304, -2.923129 ], [ 107.353458, -2.922552 ], [ 107.354615, -2.921943 ], [ 107.354304, -2.923129 ] ] ], [ [ [ 107.414727151000079, -2.921381666999935 ], [ 107.414245311000059, -2.921024746999933 ], [ 107.414804484000058, -2.920858184999929 ], [ 107.414727151000079, -2.921381666999935 ] ] ], [ [ [ 107.461731778000058, -2.821784408999974 ], [ 107.471290072000045, -2.825289354999938 ], [ 107.472689543000058, -2.83210532499993 ], [ 107.479455379000058, -2.844577279999953 ], [ 107.474640239000053, -2.842599742999937 ], [ 107.46496135700005, -2.850831653999933 ], [ 107.486284793000038, -2.850532018999957 ], [ 107.477244028000086, -2.859624071999974 ], [ 107.476246014000083, -2.890963242999931 ], [ 107.462830364000069, -2.897846692999963 ], [ 107.471562551000034, -2.904897709999943 ], [ 107.433183997000071, -2.922158898999953 ], [ 107.430134722000048, -2.92604357099998 ], [ 107.430639444000064, -2.930202861999931 ], [ 107.418553103000079, -2.928042349999942 ], [ 107.41699858700008, -2.919946670999934 ], [ 107.410979456000064, -2.918830273999959 ], [ 107.412479241000085, -2.929245408999975 ], [ 107.424118539000062, -2.93120975599993 ], [ 107.412149185000033, -2.94597681099998 ], [ 107.36552501500006, -2.908777388999965 ], [ 107.358208172000047, -2.890902876999974 ], [ 107.339127274000077, -2.883628864999935 ], [ 107.351355324000053, -2.878060925999932 ], [ 107.374776359000066, -2.885185032999971 ], [ 107.378495457000042, -2.876718909999965 ], [ 107.366966968000042, -2.865447403999951 ], [ 107.380644110000048, -2.848864939999942 ], [ 107.422340471000041, -2.827289058999952 ], [ 107.446681291000061, -2.829320046999953 ], [ 107.461731778000058, -2.821784408999974 ] ] ], [ [ [ 107.340218, -2.86095 ], [ 107.339426, -2.859489 ], [ 107.3406, -2.860428 ], [ 107.340218, -2.86095 ] ] ], [ [ [ 107.419858877000081, -2.824507101999927 ], [ 107.420540665000033, -2.824655549999932 ], [ 107.420133588000056, -2.824966593999932 ], [ 107.419858877000081, -2.824507101999927 ] ] ], [ [ [ 107.395699133000051, -2.81399238399996 ], [ 107.396085796000079, -2.813254750999931 ], [ 107.396417907000057, -2.813827712999966 ], [ 107.395699133000051, -2.81399238399996 ] ] ], [ [ [ 107.395957312000064, -2.81284440099995 ], [ 107.396252365000066, -2.81233995599996 ], [ 107.396385615000042, -2.812815847999957 ], [ 107.395957312000064, -2.81284440099995 ] ] ], [ [ [ 107.418841374000067, -2.792183135999949 ], [ 107.432727492000083, -2.820408364999935 ], [ 107.419497325000066, -2.824268071999938 ], [ 107.400155720000043, -2.834126587999947 ], [ 107.371487974000047, -2.82344756699996 ], [ 107.401761856000064, -2.814003486999979 ], [ 107.398015, -2.804796 ], [ 107.382002812000053, -2.801104428999963 ], [ 107.418841374000067, -2.792183135999949 ] ] ], [ [ [ 107.360000090000085, -2.806573736999951 ], [ 107.359904139000037, -2.805882416999964 ], [ 107.360641978000046, -2.806581075999929 ], [ 107.360000090000085, -2.806573736999951 ] ] ], [ [ [ 107.396602615000063, -2.806157294999934 ], [ 107.397095163000074, -2.8064 ], [ 107.396745382000063, -2.806499936999955 ], [ 107.396602615000063, -2.806157294999934 ] ] ], [ [ [ 107.371726, -2.802634 ], [ 107.370515846000046, -2.806408403999967 ], [ 107.365576085000043, -2.805137771999966 ], [ 107.371726, -2.802634 ] ] ], [ [ [ 107.420230102000062, -2.791869775999942 ], [ 107.420724275000055, -2.791414651999958 ], [ 107.420786238000062, -2.792051348999962 ], [ 107.420230102000062, -2.791869775999942 ] ] ], [ [ [ 107.427699, -2.788815 ], [ 107.428211, -2.789623 ], [ 107.427783, -2.789648 ], [ 107.427699, -2.788815 ] ] ], [ [ [ 107.573288367000089, -3.255313115999968 ], [ 107.573719201000074, -3.254976185999965 ], [ 107.573533500000053, -3.255459499999972 ], [ 107.573288367000089, -3.255313115999968 ] ] ], [ [ [ 107.563187689000074, -3.23974467499994 ], [ 107.568555949000086, -3.24456562499995 ], [ 107.563602298000035, -3.246286881999936 ], [ 107.563187689000074, -3.23974467499994 ] ] ], [ [ [ 107.52525423700007, -3.191770444999975 ], [ 107.551887544000067, -3.202507365999963 ], [ 107.542030627000088, -3.23427911899995 ], [ 107.522447930000055, -3.254864397999938 ], [ 107.515566134000039, -3.249440274999927 ], [ 107.516167075000055, -3.197240825999927 ], [ 107.52525423700007, -3.191770444999975 ] ] ], [ [ [ 107.431011, -3.068146 ], [ 107.430497, -3.066343 ], [ 107.430761, -3.066296 ], [ 107.431011, -3.068146 ] ] ], [ [ [ 107.566922318000081, -3.052646237999966 ], [ 107.564131231000033, -3.050933455999939 ], [ 107.566467433000071, -3.050385576999929 ], [ 107.566922318000081, -3.052646237999966 ] ] ], [ [ [ 107.557944489000079, -3.05483348599995 ], [ 107.554191550000041, -3.041080208999972 ], [ 107.555295994000062, -3.038587596999946 ], [ 107.561248220000039, -3.048079829999949 ], [ 107.557944489000079, -3.05483348599995 ] ] ], [ [ [ 107.499141429000076, -3.025536998999939 ], [ 107.501958835000039, -3.044334309999954 ], [ 107.491962, -3.051949 ], [ 107.488134743000046, -3.030130954999947 ], [ 107.495276914000044, -3.033044936999943 ], [ 107.499141429000076, -3.025536998999939 ] ] ], [ [ [ 107.550796518000084, -3.035014280999974 ], [ 107.540773946000058, -3.032285429999945 ], [ 107.54382458200007, -3.024282188999962 ], [ 107.550796518000084, -3.035014280999974 ] ] ], [ [ [ 107.500286752000079, -2.999774819999971 ], [ 107.506585161000032, -3.003161109999951 ], [ 107.507671741000081, -3.022147128999961 ], [ 107.498837473000037, -3.008032675999971 ], [ 107.500286752000079, -2.999774819999971 ] ] ], [ [ [ 107.508246349000046, -3.001895022999975 ], [ 107.507677931000046, -3.001401933999944 ], [ 107.508226962000037, -3.001278648999971 ], [ 107.508246349000046, -3.001895022999975 ] ] ], [ [ [ 107.506627710000089, -3.000363100999948 ], [ 107.506949316000089, -3.000632078999956 ], [ 107.506604294000056, -3.000406029999965 ], [ 107.506627710000089, -3.000363100999948 ] ] ], [ [ [ 107.50388775600004, -2.999433248999935 ], [ 107.503665602000069, -2.998109070999931 ], [ 107.504991321000034, -2.999182153999925 ], [ 107.50388775600004, -2.999433248999935 ] ] ], [ [ [ 107.533291844000075, -2.970721133999973 ], [ 107.533364531000075, -2.987149335999959 ], [ 107.525224283000057, -3.005386306999981 ], [ 107.516069106000089, -2.972033132999968 ], [ 107.533291844000075, -2.970721133999973 ] ] ], [ [ [ 107.443343958000071, -2.986283905999926 ], [ 107.443137771000067, -2.985054126999955 ], [ 107.443864009000038, -2.985594155999934 ], [ 107.443343958000071, -2.986283905999926 ] ] ], [ [ [ 107.504843907000065, -2.975061230999927 ], [ 107.509030506000045, -2.997574186999941 ], [ 107.507305969000072, -2.999018652999951 ], [ 107.498165958000072, -2.974935625999933 ], [ 107.504843907000065, -2.975061230999927 ] ] ], [ [ [ 107.558167347000051, -2.979358948999959 ], [ 107.559304379000082, -2.981468933999963 ], [ 107.556770564000033, -2.980339447999938 ], [ 107.558167347000051, -2.979358948999959 ] ] ], [ [ [ 107.515234600000042, -2.961445947999948 ], [ 107.522768954000071, -2.962524623999968 ], [ 107.529641311000034, -2.966528066999956 ], [ 107.51637856900004, -2.970385639999961 ], [ 107.515234600000042, -2.961445947999948 ] ] ], [ [ [ 107.528084721000084, -2.960252877999949 ], [ 107.536940748000063, -2.96192438199995 ], [ 107.537524892000079, -2.964304029999937 ], [ 107.528084721000084, -2.960252877999949 ] ] ], [ [ [ 107.468675333000078, -2.927024445999962 ], [ 107.471500507000087, -2.946065329999954 ], [ 107.456055591000052, -2.962719707999952 ], [ 107.465489987000069, -2.966856045999975 ], [ 107.452914293000049, -2.981955221999954 ], [ 107.436837, -2.985019 ], [ 107.439091194000071, -2.978667034999944 ], [ 107.432468386000039, -2.979715425999927 ], [ 107.427408, -2.968783 ], [ 107.437263432000066, -2.952778283999976 ], [ 107.425071738000042, -2.957636804999936 ], [ 107.432073849000062, -2.947767854999938 ], [ 107.432415932000083, -2.939014165999936 ], [ 107.468675333000078, -2.927024445999962 ] ] ], [ [ [ 107.519924401000083, -2.951141883999981 ], [ 107.519077824000078, -2.949466074999975 ], [ 107.520090090000053, -2.949867673999961 ], [ 107.519924401000083, -2.951141883999981 ] ] ], [ [ [ 107.472184894000065, -2.942723609999973 ], [ 107.472145921000049, -2.941940045999957 ], [ 107.47250428500007, -2.942017043999954 ], [ 107.472184894000065, -2.942723609999973 ] ] ], [ [ [ 107.517721664000078, -2.933186737999961 ], [ 107.526787917000036, -2.938487469999927 ], [ 107.528754548000052, -2.950992504999931 ], [ 107.514134486000046, -2.943362994999973 ], [ 107.517721664000078, -2.933186737999961 ] ] ], [ [ [ 107.430894066000064, -2.93861125199993 ], [ 107.431817392000085, -2.93622940299997 ], [ 107.432756526000048, -2.93585567699995 ], [ 107.430894066000064, -2.93861125199993 ] ] ], [ [ [ 107.488463816000035, -2.923305708999976 ], [ 107.482703529000048, -2.943822926999928 ], [ 107.486261789000082, -2.920112657999937 ], [ 107.488463816000035, -2.923305708999976 ] ] ], [ [ [ 107.433340830000077, -2.926648308999972 ], [ 107.431959293000034, -2.925184820999959 ], [ 107.433803793000038, -2.924731339999937 ], [ 107.433340830000077, -2.926648308999972 ] ] ], [ [ [ 107.433152662000055, -2.924438877999933 ], [ 107.433889500000078, -2.923281927999938 ], [ 107.434032111000079, -2.92429866599997 ], [ 107.433152662000055, -2.924438877999933 ] ] ], [ [ [ 107.483824430000084, -2.86340295399998 ], [ 107.506549924000069, -2.846919842999966 ], [ 107.491447579000067, -2.876534227999969 ], [ 107.483824430000084, -2.86340295399998 ] ] ], [ [ [ 107.545944233000057, -2.854177122999943 ], [ 107.546090969000034, -2.853191839999965 ], [ 107.546656471000063, -2.852749759999938 ], [ 107.545944233000057, -2.854177122999943 ] ] ], [ [ [ 107.527180740000063, -2.848608773999956 ], [ 107.526938156000085, -2.849434050999946 ], [ 107.526451075000068, -2.848926722999977 ], [ 107.527180740000063, -2.848608773999956 ] ] ], [ [ [ 107.473060779000036, -2.846759378999934 ], [ 107.472278467000081, -2.845383908999963 ], [ 107.473534293000057, -2.845755745999952 ], [ 107.473060779000036, -2.846759378999934 ] ] ], [ [ [ 107.476326114000074, -2.834000798999966 ], [ 107.473885376000055, -2.832896839999933 ], [ 107.475144174000036, -2.831980836999946 ], [ 107.476326114000074, -2.834000798999966 ] ] ], [ [ [ 107.478236076000087, -2.825174069999946 ], [ 107.505831407000073, -2.826339230999963 ], [ 107.493509827000082, -2.827625416999979 ], [ 107.485985458000073, -2.843654477999962 ], [ 107.478236076000087, -2.825174069999946 ] ] ], [ [ [ 107.53936172300007, -2.783156429999963 ], [ 107.538594347000071, -2.783370580999929 ], [ 107.539040495000052, -2.782698382999968 ], [ 107.53936172300007, -2.783156429999963 ] ] ], [ [ [ 107.536885894000079, -2.782548476999978 ], [ 107.536471867000046, -2.782320048999964 ], [ 107.53698107200006, -2.782167763999951 ], [ 107.536885894000079, -2.782548476999978 ] ] ], [ [ [ 107.566578658000083, -2.781207864999942 ], [ 107.565506503000051, -2.780283812999926 ], [ 107.566368400000044, -2.780095520999964 ], [ 107.566578658000083, -2.781207864999942 ] ] ], [ [ [ 107.535247068000047, -2.778478240999959 ], [ 107.539351638000085, -2.782183061999945 ], [ 107.533076999000059, -2.781176549999941 ], [ 107.529500669000072, -2.782382936999966 ], [ 107.535247068000047, -2.778478240999959 ] ] ], [ [ [ 107.537605443000075, -2.778121489999933 ], [ 107.537914772000079, -2.777907338999967 ], [ 107.537650652000082, -2.778329692999932 ], [ 107.537605443000075, -2.778121489999933 ] ] ], [ [ [ 107.608815766000077, -3.246400177999931 ], [ 107.60780576600007, -3.246799177999947 ], [ 107.606831766000084, -3.244255177999946 ], [ 107.608815766000077, -3.246400177999931 ] ] ], [ [ [ 107.594807109000044, -3.228801105999935 ], [ 107.594118219000052, -3.227653713999928 ], [ 107.595030721000057, -3.227624458999969 ], [ 107.594807109000044, -3.228801105999935 ] ] ], [ [ [ 107.624829786000078, -3.130317010999931 ], [ 107.62528188400006, -3.129275996999979 ], [ 107.625097476000064, -3.130531162999944 ], [ 107.624829786000078, -3.130317010999931 ] ] ], [ [ [ 107.609454859000039, -3.113290460999963 ], [ 107.60767502300007, -3.111139427999944 ], [ 107.608046218000084, -3.109997286999942 ], [ 107.609454859000039, -3.113290460999963 ] ] ], [ [ [ 107.58199518400005, -2.982994504999965 ], [ 107.58218078200008, -2.98281366599997 ], [ 107.58227596100005, -2.983056370999975 ], [ 107.58199518400005, -2.982994504999965 ] ] ], [ [ [ 107.583943963000081, -2.982815251999966 ], [ 107.582209181000053, -2.982439653999961 ], [ 107.583508522000045, -2.981023517999972 ], [ 107.583683412000084, -2.98125551499993 ], [ 107.583590613000069, -2.98174449499993 ], [ 107.583943963000081, -2.982815251999966 ] ] ], [ [ [ 107.587631846000079, -2.831550482999944 ], [ 107.588484103000042, -2.83080859599994 ], [ 107.589205788000072, -2.830716597999981 ], [ 107.587631846000079, -2.831550482999944 ] ] ], [ [ [ 107.587909968000076, -2.82650278999995 ], [ 107.587387918000047, -2.829218134999962 ], [ 107.585894149000069, -2.826936603999968 ], [ 107.587909968000076, -2.82650278999995 ] ] ], [ [ [ 107.584207431000038, -2.785051529999976 ], [ 107.584977431000084, -2.784908529999939 ], [ 107.584433431000036, -2.785300529999972 ], [ 107.584207431000038, -2.785051529999976 ] ] ], [ [ [ 107.594046121000076, -2.782830879999949 ], [ 107.597640609000052, -2.783370459999958 ], [ 107.593560256000046, -2.784987939999951 ], [ 107.594046121000076, -2.782830879999949 ] ] ], [ [ [ 107.603638785000044, -2.770634285999961 ], [ 107.604040153000085, -2.773330157999965 ], [ 107.60271165000006, -2.772793866999962 ], [ 107.603638785000044, -2.770634285999961 ] ] ], [ [ [ 107.602250767000044, -2.770650623999927 ], [ 107.602892369000074, -2.771270941999944 ], [ 107.602372452000054, -2.771302361999972 ], [ 107.602250767000044, -2.770650623999927 ] ] ], [ [ [ 107.600749501000053, -2.769520819999968 ], [ 107.601512119000063, -2.770578790999934 ], [ 107.600390203000075, -2.769915809999929 ], [ 107.600749501000053, -2.769520819999968 ] ] ], [ [ [ 107.603294543000061, -2.770052239999927 ], [ 107.603694292000057, -2.769780981999929 ], [ 107.603565801000059, -2.770109346999959 ], [ 107.603294543000061, -2.770052239999927 ] ] ], [ [ [ 107.603535328000078, -2.768863909999936 ], [ 107.602814351000063, -2.768653929999971 ], [ 107.602735829000039, -2.767768770999965 ], [ 107.603535328000078, -2.768863909999936 ] ] ], [ [ [ 107.59880012800005, -2.766367739999964 ], [ 107.602557579000063, -2.767526621999934 ], [ 107.597919727000033, -2.767157720999933 ], [ 107.59880012800005, -2.766367739999964 ] ] ], [ [ [ 107.607235908000064, -2.764632875999951 ], [ 107.607745209000086, -2.765055392999955 ], [ 107.606983442000057, -2.764777475999949 ], [ 107.607235908000064, -2.764632875999951 ] ] ], [ [ [ 107.62889756900006, -2.748475101999929 ], [ 107.629123618000051, -2.749391193999941 ], [ 107.625304583000059, -2.748891506999939 ], [ 107.62889756900006, -2.748475101999929 ] ] ], [ [ [ 107.610651, -2.746844 ], [ 107.610178, -2.745346 ], [ 107.611307, -2.746398 ], [ 107.610651, -2.746844 ] ] ], [ [ [ 107.60562733900008, -2.712052377999953 ], [ 107.605450943000051, -2.712602506999929 ], [ 107.604592725000089, -2.711540983999953 ], [ 107.60562733900008, -2.712052377999953 ] ] ], [ [ [ 107.608606660000078, -2.710191475999977 ], [ 107.608479406000072, -2.710525121999979 ], [ 107.608267587000057, -2.710209320999979 ], [ 107.608606660000078, -2.710191475999977 ] ] ], [ [ [ 107.61854720000008, -2.706919933999927 ], [ 107.618808389000037, -2.707607120999967 ], [ 107.618222775000049, -2.707442372999935 ], [ 107.61854720000008, -2.706919933999927 ] ] ], [ [ [ 107.619796302000054, -2.706845440999928 ], [ 107.619985840000083, -2.707191299999977 ], [ 107.619659629000068, -2.706939420999959 ], [ 107.619796302000054, -2.706845440999928 ] ] ], [ [ [ 107.615585982000084, -2.700559338999938 ], [ 107.615278843000056, -2.700259579999965 ], [ 107.615604193000081, -2.700228452999966 ], [ 107.615585982000084, -2.700559338999938 ] ] ], [ [ [ 107.628283047000082, -2.680864628999927 ], [ 107.627747669000087, -2.67995805399994 ], [ 107.628818426000066, -2.679708210999934 ], [ 107.628283047000082, -2.680864628999927 ] ] ], [ [ [ 107.627569209000058, -2.679272768999965 ], [ 107.628068896000059, -2.67873025199998 ], [ 107.628468645000055, -2.679422674999955 ], [ 107.627569209000058, -2.679272768999965 ] ] ], [ [ [ 107.623537338000062, -2.589610707999952 ], [ 107.624554795000051, -2.589318444999947 ], [ 107.624394946000052, -2.589992721999977 ], [ 107.623537338000062, -2.589610707999952 ] ] ], [ [ [ 107.616899499000056, -2.587623133999955 ], [ 107.617734572000074, -2.588344857999971 ], [ 107.61721293800008, -2.588521579999963 ], [ 107.616899499000056, -2.587623133999955 ] ] ], [ [ [ 107.624304980000034, -2.587450108999974 ], [ 107.625128130000064, -2.587740734999954 ], [ 107.62396908900007, -2.587571545999936 ], [ 107.624304980000034, -2.587450108999974 ] ] ], [ [ [ 107.623031271000059, -2.578887627999961 ], [ 107.623510543000066, -2.579367262999938 ], [ 107.622546037000063, -2.579542826999955 ], [ 107.623031271000059, -2.578887627999961 ] ] ], [ [ [ 107.626015134000056, -2.574450786999932 ], [ 107.626314655000044, -2.574713506999956 ], [ 107.626211506000061, -2.574766675999967 ], [ 107.626015134000056, -2.574450786999932 ] ] ], [ [ [ 107.623392270000068, -2.567098219999934 ], [ 107.627357776000053, -2.566490349999981 ], [ 107.62826122000007, -2.570300619999955 ], [ 107.623392270000068, -2.567098219999934 ] ] ], [ [ [ 107.62003401700008, -2.555659935999927 ], [ 107.619515871000033, -2.555722142999969 ], [ 107.619811664000053, -2.555327007999949 ], [ 107.62003401700008, -2.555659935999927 ] ] ], [ [ [ 107.622508218000064, -2.538711182999975 ], [ 107.62391288300006, -2.538768081999933 ], [ 107.622859066000046, -2.539210513999933 ], [ 107.622508218000064, -2.538711182999975 ] ] ], [ [ [ 107.619158817000084, -2.536334716999932 ], [ 107.621066681000059, -2.537667347999957 ], [ 107.618382399000041, -2.537869227999977 ], [ 107.619158817000084, -2.536334716999932 ] ] ], [ [ [ 107.622447899000065, -2.536127268999962 ], [ 107.622993803000043, -2.535690167999974 ], [ 107.62355154800008, -2.535774828999934 ], [ 107.622447899000065, -2.536127268999962 ] ] ], [ [ [ 107.622449466000035, -2.534502949999933 ], [ 107.62385482500008, -2.534598527999947 ], [ 107.623250066000082, -2.535135860999958 ], [ 107.622449466000035, -2.534502949999933 ] ] ], [ [ [ 107.704085216000067, -3.339483477999977 ], [ 107.700301873000058, -3.339269326999954 ], [ 107.701044264000075, -3.337598944999968 ], [ 107.704085216000067, -3.339483477999977 ] ] ], [ [ [ 107.689910766000082, -3.330114587999958 ], [ 107.689489602000037, -3.331056854999929 ], [ 107.689396804000069, -3.329957542999978 ], [ 107.689910766000082, -3.330114587999958 ] ] ], [ [ [ 107.639885517000039, -3.241061809999962 ], [ 107.639696350000065, -3.241347345999941 ], [ 107.63989622400004, -3.24084765899994 ], [ 107.639885517000039, -3.241061809999962 ] ] ], [ [ [ 107.639521554000055, -3.240933176999931 ], [ 107.639607215000069, -3.240552462999972 ], [ 107.63968335800007, -3.240733301999967 ], [ 107.639521554000055, -3.240933176999931 ] ] ], [ [ [ 107.673669711000059, -3.240835652999976 ], [ 107.673687555000072, -3.242066241999964 ], [ 107.672858413000085, -3.237985445999925 ], [ 107.673669711000059, -3.240835652999976 ] ] ], [ [ [ 107.647799175000046, -3.234501350999949 ], [ 107.647909632000051, -3.234015528999976 ], [ 107.647948643000063, -3.234496213999932 ], [ 107.647799175000046, -3.234501350999949 ] ] ], [ [ [ 107.657871169000089, -3.232913535999955 ], [ 107.657971107000037, -3.232727937999925 ], [ 107.658063906000052, -3.232899259999954 ], [ 107.657871169000089, -3.232913535999955 ] ] ], [ [ [ 107.658107231000088, -3.230037873999947 ], [ 107.658031088000087, -3.230175882999959 ], [ 107.658012052000061, -3.230118775999927 ], [ 107.658107231000088, -3.230037873999947 ] ] ], [ [ [ 107.657453727000075, -3.229963301999931 ], [ 107.656392627000059, -3.229567545999942 ], [ 107.656549851000079, -3.22934752599997 ], [ 107.657453727000075, -3.229963301999931 ] ] ], [ [ [ 107.632068114000049, -2.748123235999969 ], [ 107.632524971000066, -2.747709209999925 ], [ 107.632824783000046, -2.747873392999963 ], [ 107.632068114000049, -2.748123235999969 ] ] ], [ [ [ 107.628675658000077, -2.679201384999942 ], [ 107.628654243000085, -2.678216287999931 ], [ 107.628932640000073, -2.67918710899994 ], [ 107.628675658000077, -2.679201384999942 ] ] ], [ [ [ 107.629416861000038, -2.677348974999973 ], [ 107.628730386000086, -2.677780846999951 ], [ 107.628787493000061, -2.677057490999971 ], [ 107.629416861000038, -2.677348974999973 ] ] ], [ [ [ 107.631466766000074, -2.645852049999974 ], [ 107.632614856000089, -2.647142906999932 ], [ 107.631425126000067, -2.646702706999974 ], [ 107.631466766000074, -2.645852049999974 ] ] ], [ [ [ 107.635768126000073, -2.611558440999943 ], [ 107.635853519000079, -2.611184754999954 ], [ 107.636003627000036, -2.611291717999961 ], [ 107.635768126000073, -2.611558440999943 ] ] ], [ [ [ 107.632934843000044, -2.607677973999955 ], [ 107.633248785000035, -2.60709385499996 ], [ 107.633422771000085, -2.607456901999967 ], [ 107.632934843000044, -2.607677973999955 ] ] ], [ [ [ 107.629690145000041, -2.606663959999935 ], [ 107.629199381000035, -2.607265802999962 ], [ 107.629147595000063, -2.606685896999977 ], [ 107.629690145000041, -2.606663959999935 ] ] ], [ [ [ 107.629124696000076, -2.593737740999927 ], [ 107.629627570000082, -2.59415142499995 ], [ 107.629058119000035, -2.594319193999979 ], [ 107.629124696000076, -2.593737740999927 ] ] ], [ [ [ 107.640463762000081, -2.581990579999967 ], [ 107.641283341000076, -2.581973009999956 ], [ 107.641231674000039, -2.58266529399998 ], [ 107.640463762000081, -2.581990579999967 ] ] ], [ [ [ 107.629606507000062, -2.581690494999975 ], [ 107.629435939000075, -2.582205508999948 ], [ 107.629190894000033, -2.581875975999935 ], [ 107.629606507000062, -2.581690494999975 ] ] ], [ [ [ 107.644248121000032, -2.563004483999975 ], [ 107.646880230000079, -2.562825352999937 ], [ 107.644852968000066, -2.564118890999964 ], [ 107.644248121000032, -2.563004483999975 ] ] ], [ [ [ 107.656698644000073, -2.558102830999928 ], [ 107.657031008000047, -2.558606614999974 ], [ 107.656445532000077, -2.558376642999974 ], [ 107.656698644000073, -2.558102830999928 ] ] ], [ [ [ 107.705415337000034, -2.554731912999955 ], [ 107.705722288000061, -2.554938925999977 ], [ 107.705472444000065, -2.555260152999949 ], [ 107.705415337000034, -2.554731912999955 ] ] ], [ [ [ 107.707042889000036, -2.553032977999976 ], [ 107.707506884000054, -2.553154329999927 ], [ 107.707307009000033, -2.553282820999925 ], [ 107.707042889000036, -2.553032977999976 ] ] ], [ [ [ 107.648546442000054, -2.55268810299998 ], [ 107.64891332500008, -2.553306766999981 ], [ 107.648331947000088, -2.553189374999931 ], [ 107.648546442000054, -2.55268810299998 ] ] ], [ [ [ 107.708042262000049, -2.552212063999946 ], [ 107.708085093000079, -2.552411938999967 ], [ 107.707949463000034, -2.552319139999952 ], [ 107.708042262000049, -2.552212063999946 ] ] ], [ [ [ 107.658778071000086, -2.551858337999931 ], [ 107.658556885000053, -2.55179372899994 ], [ 107.658777650000047, -2.551653642999952 ], [ 107.658778071000086, -2.551858337999931 ] ] ], [ [ [ 107.644756986000061, -2.550296792999973 ], [ 107.64463569600008, -2.551179092999973 ], [ 107.644272765000039, -2.550566266999965 ], [ 107.644756986000061, -2.550296792999973 ] ] ], [ [ [ 107.66907855900007, -2.550808705999941 ], [ 107.671003264000035, -2.550428629999942 ], [ 107.670072245000085, -2.55138543299995 ], [ 107.66907855900007, -2.550808705999941 ] ] ], [ [ [ 107.672373284000059, -2.549844629999939 ], [ 107.672745029000055, -2.55057680799996 ], [ 107.671634485000084, -2.551135430999977 ], [ 107.672373284000059, -2.549844629999939 ] ] ], [ [ [ 107.665482334000046, -2.550098639999931 ], [ 107.66608061800008, -2.550992564999945 ], [ 107.665688887000044, -2.550921231999951 ], [ 107.665482334000046, -2.550098639999931 ] ] ], [ [ [ 107.648351392000052, -2.547604084999932 ], [ 107.651466925000079, -2.546618059999957 ], [ 107.652913674000047, -2.551179213999944 ], [ 107.648351392000052, -2.547604084999932 ] ] ], [ [ [ 107.671413337000047, -2.547277423999958 ], [ 107.672131458000081, -2.547527266999964 ], [ 107.671503281000071, -2.547680028999935 ], [ 107.671413337000047, -2.547277423999958 ] ] ], [ [ [ 107.648655379000047, -2.540336349999961 ], [ 107.649580826000033, -2.541698500999928 ], [ 107.648016589000065, -2.541925760999959 ], [ 107.648655379000047, -2.540336349999961 ] ] ], [ [ [ 107.646795080000061, -2.540313961999971 ], [ 107.648314035000055, -2.53951559199993 ], [ 107.648465833000046, -2.540622863999943 ], [ 107.646795080000061, -2.540313961999971 ] ] ], [ [ [ 107.689122914000052, -2.538930789999938 ], [ 107.688756477000084, -2.539263914999935 ], [ 107.68882786100005, -2.538679756999954 ], [ 107.689122914000052, -2.538930789999938 ] ] ], [ [ [ 107.645910811000078, -2.53694160699996 ], [ 107.647068180000076, -2.537396559999934 ], [ 107.64700726600006, -2.537933365999947 ], [ 107.645910811000078, -2.53694160699996 ] ] ], [ [ [ 107.651294967000069, -2.532120728999928 ], [ 107.652060202000087, -2.532616608999945 ], [ 107.65107891200006, -2.532475744999942 ], [ 107.651294967000069, -2.532120728999928 ] ] ], [ [ [ 107.72890409300004, -3.350221814999941 ], [ 107.726442557000041, -3.353459571999963 ], [ 107.724121240000045, -3.351650578999966 ], [ 107.72890409300004, -3.350221814999941 ] ] ], [ [ [ 107.723197046000053, -3.351064076999933 ], [ 107.723154216000069, -3.352453681999975 ], [ 107.72254031500006, -3.351287745999969 ], [ 107.723197046000053, -3.351064076999933 ] ] ], [ [ [ 107.732121821000078, -3.272923151999976 ], [ 107.730734840000082, -3.271723254999927 ], [ 107.732510007000087, -3.270848159999957 ], [ 107.732121821000078, -3.272923151999976 ] ] ], [ [ [ 107.762537437000049, -3.248671650999938 ], [ 107.762477715000045, -3.252335466999966 ], [ 107.759078060000036, -3.250417323999955 ], [ 107.762537437000049, -3.248671650999938 ] ] ], [ [ [ 107.75452858500006, -3.246869346999972 ], [ 107.753802965000034, -3.248222861999977 ], [ 107.753749842000047, -3.247199524999928 ], [ 107.75452858500006, -3.246869346999972 ] ] ], [ [ [ 107.821110582000074, -3.247494804999974 ], [ 107.820545458000083, -3.247230091999938 ], [ 107.82129498900008, -3.247078400999953 ], [ 107.821110582000074, -3.247494804999974 ] ] ], [ [ [ 107.832762977000073, -3.229872508999961 ], [ 107.831740014000047, -3.229859351999949 ], [ 107.832438611000043, -3.229656228999943 ], [ 107.832762977000073, -3.229872508999961 ] ] ], [ [ [ 107.721154336000041, -3.224870512999928 ], [ 107.721271450000074, -3.226284010999962 ], [ 107.723099564000051, -3.22940502199998 ], [ 107.721461379000061, -3.227888340999925 ], [ 107.721050216000037, -3.225684710999928 ], [ 107.721154336000041, -3.224870512999928 ] ] ], [ [ [ 107.74332217400007, -3.195501175999937 ], [ 107.743215889000055, -3.195172526999954 ], [ 107.743417821000037, -3.195379150999941 ], [ 107.74332217400007, -3.195501175999937 ] ] ], [ [ [ 107.742499537000072, -3.195577710999942 ], [ 107.742439972000057, -3.195068654999943 ], [ 107.742678760000047, -3.194935174999955 ], [ 107.742499537000072, -3.195577710999942 ] ] ], [ [ [ 107.741347434000033, -3.193634077999945 ], [ 107.741146497000045, -3.193209214999968 ], [ 107.74155571700004, -3.193269792999956 ], [ 107.741347434000033, -3.193634077999945 ] ] ], [ [ [ 107.87846348000005, -3.156651991999979 ], [ 107.878484300000082, -3.157095165999976 ], [ 107.877357267000036, -3.158179693999955 ], [ 107.87846348000005, -3.156651991999979 ] ] ], [ [ [ 107.837162604000071, -3.156706419999978 ], [ 107.837000801000045, -3.15675400899994 ], [ 107.837029355000084, -3.156673106999961 ], [ 107.837162604000071, -3.156706419999978 ] ] ], [ [ [ 107.850496059000079, -3.100945318999948 ], [ 107.862734670000066, -3.106670537999946 ], [ 107.855533426000079, -3.126751613999943 ], [ 107.846483926000076, -3.113227651999978 ], [ 107.839602390000039, -3.10866550999998 ], [ 107.850496059000079, -3.100945318999948 ] ] ], [ [ [ 107.817729543000041, -2.527249593999954 ], [ 107.83359678100004, -2.531768338999939 ], [ 107.826559559000088, -2.54245429599996 ], [ 107.833777796000049, -2.554386054999952 ], [ 107.896437488000061, -2.566655757999968 ], [ 107.903495779000082, -2.577134009999952 ], [ 107.919997705000071, -2.572035261999929 ], [ 107.923550870000042, -2.560763641999927 ], [ 107.938085274000059, -2.566010153999969 ], [ 107.946370813000044, -2.598213660999932 ], [ 107.927361679000057, -2.621410490999949 ], [ 107.895111502000077, -2.632868322999968 ], [ 107.895657587000073, -2.651389905999963 ], [ 107.879112452000072, -2.692071168999973 ], [ 107.905925332000038, -2.712077878999935 ], [ 107.945388889000071, -2.709444443999928 ], [ 107.951277778000076, -2.720111110999937 ], [ 107.945054262000042, -2.732645281999964 ], [ 107.955642879000038, -2.74002308699994 ], [ 107.96536111100005, -2.736 ], [ 107.969361111000069, -2.761638888999926 ], [ 107.984222222000085, -2.777027777999933 ], [ 107.933606161000057, -2.799985712999955 ], [ 107.916544962000046, -2.795122594999953 ], [ 107.866227452000032, -2.802669148999939 ], [ 107.848893826000051, -2.823633920999953 ], [ 107.871556646000045, -2.877773069999932 ], [ 107.823858723000058, -2.879719699999953 ], [ 107.783888889000082, -2.861888888999943 ], [ 107.747361111000089, -2.887972221999973 ], [ 107.759130264000078, -2.898550281999974 ], [ 107.751449811000043, -2.905609341999934 ], [ 107.763279280000063, -2.92454638199996 ], [ 107.764430578000088, -2.943984977999946 ], [ 107.786489798000048, -2.957704255999943 ], [ 107.790461282000081, -2.973814346999973 ], [ 107.823080712000035, -2.992152609999948 ], [ 107.833734078000077, -3.008882212999936 ], [ 107.843714066000075, -3.003514156999927 ], [ 107.864165159000038, -3.017616003999933 ], [ 107.864002729000049, -3.03545993399996 ], [ 107.848219952000079, -3.05941009999998 ], [ 107.810242363000043, -3.08617410599993 ], [ 107.849442956000075, -3.12100350399993 ], [ 107.831734920000088, -3.139809290999949 ], [ 107.832633904000033, -3.164099345999944 ], [ 107.813435497000057, -3.165396814999951 ], [ 107.802706650000061, -3.176826067999968 ], [ 107.78679644500005, -3.174992577999944 ], [ 107.767106744000046, -3.19173337899997 ], [ 107.708355779000044, -3.193074990999946 ], [ 107.671902902000056, -3.20882804699994 ], [ 107.639341503000082, -3.239964712999949 ], [ 107.621949943000061, -3.234640535999972 ], [ 107.608104381000032, -3.244157856999948 ], [ 107.584611567000081, -3.196311169999944 ], [ 107.592571365000083, -3.196799374999955 ], [ 107.629326092000042, -3.142898376999938 ], [ 107.62603658200004, -3.128851525999949 ], [ 107.607822549000048, -3.107890987999951 ], [ 107.59489, -3.106745 ], [ 107.582557829000052, -3.086559614999942 ], [ 107.581058530000064, -3.046871989999943 ], [ 107.560694316000081, -3.000220532999947 ], [ 107.567246063000084, -2.984983629999931 ], [ 107.58388692300008, -2.983088413999951 ], [ 107.598105424000039, -2.955868482999961 ], [ 107.598257274000048, -2.936561211999958 ], [ 107.615077493000058, -2.913215951999973 ], [ 107.586338176000083, -2.912096439999971 ], [ 107.565391773000044, -2.931178035999949 ], [ 107.556369276000055, -2.925273204999939 ], [ 107.530746398000076, -2.936855514999934 ], [ 107.529011565000076, -2.920855957999947 ], [ 107.598583205000068, -2.857796340999926 ], [ 107.598721065000063, -2.813875291999977 ], [ 107.580972815000052, -2.796096915999954 ], [ 107.600690296000039, -2.788291973999947 ], [ 107.594356220000066, -2.788153516999955 ], [ 107.59354723000007, -2.787084805999939 ], [ 107.591163538000046, -2.786086265999927 ], [ 107.590427211000076, -2.785157204999962 ], [ 107.597525713000039, -2.786138409999978 ], [ 107.612964692000048, -2.780721008999933 ], [ 107.599838417000058, -2.782794953999939 ], [ 107.611876095000071, -2.76742274999998 ], [ 107.611527032000083, -2.764662274999978 ], [ 107.605416576000039, -2.763605794999933 ], [ 107.639434349000055, -2.747127100999933 ], [ 107.622869320000063, -2.74688120899998 ], [ 107.628677207000067, -2.716269478999948 ], [ 107.62179038000005, -2.705991853999933 ], [ 107.614169138000079, -2.708024249999937 ], [ 107.609813104000068, -2.705379492999953 ], [ 107.615640008000071, -2.702379333999943 ], [ 107.621377945000063, -2.689917722999951 ], [ 107.625456154000062, -2.690121763999969 ], [ 107.626509447000046, -2.689079884999956 ], [ 107.632058145000087, -2.673993849999931 ], [ 107.630935702000045, -2.649277905999952 ], [ 107.64081867200008, -2.645515055999965 ], [ 107.637374731000079, -2.632865279999976 ], [ 107.646437396000067, -2.62664893799996 ], [ 107.643697763000034, -2.615871197999979 ], [ 107.633212875000083, -2.606392765999942 ], [ 107.627919873000053, -2.605954448999967 ], [ 107.628624922000085, -2.595439649999946 ], [ 107.644773197000063, -2.587511905999975 ], [ 107.651262677000034, -2.569251637999969 ], [ 107.668256572000075, -2.55444997799998 ], [ 107.68624776300004, -2.564735896999935 ], [ 107.704288085000087, -2.559795980999979 ], [ 107.719049403000042, -2.547059659999945 ], [ 107.72946386600006, -2.556830712999954 ], [ 107.765390935000084, -2.557137358999967 ], [ 107.797331904000089, -2.545562682999957 ], [ 107.817729543000041, -2.527249593999954 ] ] ], [ [ [ 107.908266361000074, -2.569162577999975 ], [ 107.907934443000045, -2.571535882999967 ], [ 107.906046324000044, -2.569291068999974 ], [ 107.908266361000074, -2.569162577999975 ] ] ], [ [ [ 107.930749229000071, -2.558925519999946 ], [ 107.930008748000034, -2.558437509999976 ], [ 107.930450318000055, -2.557850106999979 ], [ 107.930749229000071, -2.558925519999946 ] ] ], [ [ [ 107.714719475000038, -2.547682696999971 ], [ 107.714667127000041, -2.547999165999954 ], [ 107.714555293000046, -2.547877812999957 ], [ 107.714719475000038, -2.547682696999971 ] ] ], [ [ [ 107.724218992000033, -2.546481121999932 ], [ 107.724267533000045, -2.546255548999966 ], [ 107.724455986000066, -2.546555360999946 ], [ 107.724218992000033, -2.546481121999932 ] ] ], [ [ [ 107.723089169000048, -2.545977321999942 ], [ 107.722974955000041, -2.546694966999951 ], [ 107.722794116000046, -2.546023007999963 ], [ 107.723089169000048, -2.545977321999942 ] ] ], [ [ [ 107.719021762000068, -2.545338276999928 ], [ 107.719400096000072, -2.545202647999929 ], [ 107.719221636000043, -2.545666642999947 ], [ 107.719021762000068, -2.545338276999928 ] ] ], [ [ [ 107.723837791000051, -2.544443202999958 ], [ 107.723787822000077, -2.544628800999931 ], [ 107.723702162000052, -2.544564554999965 ], [ 107.723837791000051, -2.544443202999958 ] ] ], [ [ [ 107.856160891000059, -2.542054649999955 ], [ 107.870869931000072, -2.544279863999975 ], [ 107.857570664000036, -2.548229324999966 ], [ 107.856160891000059, -2.542054649999955 ] ] ], [ [ [ 107.723861784000064, -2.543085050999935 ], [ 107.723896048000086, -2.544208156999957 ], [ 107.723123199000042, -2.543654217999972 ], [ 107.723861784000064, -2.543085050999935 ] ] ], [ [ [ 107.921287, -2.54394 ], [ 107.923377, -2.542091 ], [ 107.922621, -2.544302 ], [ 107.921287, -2.54394 ] ] ], [ [ [ 107.918897, -2.542989 ], [ 107.918372, -2.540154 ], [ 107.919985, -2.541994 ], [ 107.918897, -2.542989 ] ] ], [ [ [ 107.853814435000061, -2.536602610999978 ], [ 107.85325307800008, -2.535857491999934 ], [ 107.853988066000056, -2.536197417999972 ], [ 107.853814435000061, -2.536602610999978 ] ] ], [ [ [ 107.845110785000088, -2.536163771999952 ], [ 107.844427623000058, -2.534771033999959 ], [ 107.846068990000049, -2.535557146999963 ], [ 107.845110785000088, -2.536163771999952 ] ] ], [ [ [ 107.738647084000036, -2.535485534999964 ], [ 107.738711472000034, -2.535383744999933 ], [ 107.73871983500004, -2.535551391999945 ], [ 107.738647084000036, -2.535485534999964 ] ] ], [ [ [ 107.846466436000071, -2.535300776999975 ], [ 107.846167086000037, -2.534811690999959 ], [ 107.846336775000054, -2.534758906999969 ], [ 107.846466436000071, -2.535300776999975 ] ] ], [ [ [ 107.845607306000034, -2.534786723999957 ], [ 107.845459345000052, -2.534093090999932 ], [ 107.845908077000047, -2.534281853999971 ], [ 107.845607306000034, -2.534786723999957 ] ] ], [ [ [ 107.83722673300008, -2.531934257999978 ], [ 107.839962019000041, -2.535326443999963 ], [ 107.83672598000004, -2.53446860899993 ], [ 107.83722673300008, -2.531934257999978 ] ] ], [ [ [ 107.810896063000087, -2.525792894999938 ], [ 107.810427594000089, -2.524366190999956 ], [ 107.811297790000083, -2.524593817999971 ], [ 107.810896063000087, -2.525792894999938 ] ] ] ] } },
{ "type": "Feature", "properties": { "kemendagri_kab_code": 1903, "kemendagri_kab_name": "Kabupaten Bangka Selatan", "kemendagri_prov_code": 19, "kemendagri_prov_name": "Kepulauan Bangka Belitung" }, "geometry": { "type": "MultiPolygon", "coordinates": [ [ [ [ 106.516199468000082, -3.134462808999956 ], [ 106.516067408000083, -3.134805451999966 ], [ 106.51536427700006, -3.135201631999962 ], [ 106.516199468000082, -3.134462808999956 ] ] ], [ [ [ 106.516839766000032, -3.135403839999981 ], [ 106.516635746000077, -3.134770279999941 ], [ 106.516722863000041, -3.134582600999977 ], [ 106.516839766000032, -3.135403839999981 ] ] ], [ [ [ 106.515202474000034, -3.131768069999964 ], [ 106.515202474000034, -3.133733503999963 ], [ 106.514833657000054, -3.135690610999973 ], [ 106.515202474000034, -3.131768069999964 ] ] ], [ [ [ 106.514521465000087, -3.130877848999944 ], [ 106.514869465000061, -3.129489848999981 ], [ 106.514970465000033, -3.130843848999973 ], [ 106.514521465000087, -3.130877848999944 ] ] ], [ [ [ 106.51429274700007, -3.116902731999971 ], [ 106.514370079000059, -3.117176369999925 ], [ 106.514233260000083, -3.11718826799995 ], [ 106.51429274700007, -3.116902731999971 ] ] ], [ [ [ 106.513680036000039, -3.11674211899998 ], [ 106.513436141000057, -3.116867039999931 ], [ 106.513489679000088, -3.116682631999936 ], [ 106.513680036000039, -3.11674211899998 ] ] ], [ [ [ 106.514414099000078, -3.116630283999939 ], [ 106.514637769000046, -3.11642564999994 ], [ 106.514556867000067, -3.116715944999953 ], [ 106.514414099000078, -3.116630283999939 ] ] ], [ [ [ 106.514834074000078, -3.116331661999936 ], [ 106.515054174000056, -3.116117509999981 ], [ 106.514905458000044, -3.11646848099997 ], [ 106.514834074000078, -3.116331661999936 ] ] ], [ [ [ 106.513221989000044, -3.116278123999962 ], [ 106.513436141000057, -3.116176996999968 ], [ 106.513364757000033, -3.116438736999953 ], [ 106.513221989000044, -3.116278123999962 ] ] ], [ [ [ 106.51244941300007, -3.11572979999994 ], [ 106.511955675000081, -3.115747645999932 ], [ 106.511497629000075, -3.11549185399997 ], [ 106.512300697000057, -3.115164677999928 ], [ 106.51244941300007, -3.11572979999994 ] ] ], [ [ [ 106.517570454000065, -3.112726777999967 ], [ 106.517183792000083, -3.113024210999924 ], [ 106.517165946000034, -3.112756521999927 ], [ 106.517570454000065, -3.112726777999967 ] ] ], [ [ [ 106.510147904000064, -3.11145924799996 ], [ 106.509914717000072, -3.111706711999943 ], [ 106.509952789000067, -3.111430694999967 ], [ 106.510147904000064, -3.11145924799996 ] ] ], [ [ [ 106.499998234000088, -3.101743432999967 ], [ 106.500004183000044, -3.101386513999955 ], [ 106.500170745000048, -3.101624459999925 ], [ 106.499998234000088, -3.101743432999967 ] ] ], [ [ [ 106.497535492000054, -3.099655455999937 ], [ 106.497755592000033, -3.099471047999941 ], [ 106.497838873000035, -3.099601917999962 ], [ 106.497535492000054, -3.099655455999937 ] ] ], [ [ [ 106.495706876000042, -3.098005894999972 ], [ 106.495214328000088, -3.097606144999929 ], [ 106.495649769000067, -3.09765611399996 ], [ 106.495706876000042, -3.098005894999972 ] ] ], [ [ [ 106.352648, -2.976505 ], [ 106.353093, -2.975936 ], [ 106.353021, -2.97668 ], [ 106.352648, -2.976505 ] ] ], [ [ [ 106.141727374000084, -2.87780709599997 ], [ 106.142607374000079, -2.877223095999966 ], [ 106.142285374000039, -2.878097095999976 ], [ 106.141727374000084, -2.87780709599997 ] ] ], [ [ [ 106.030982899000037, -2.442100982999932 ], [ 106.031878985000048, -2.460930838999957 ], [ 106.022649322000063, -2.46973203899995 ], [ 106.034099659000049, -2.513664928999958 ], [ 106.052927407000084, -2.514552049999963 ], [ 106.050987448000058, -2.501852464999956 ], [ 106.060479452000038, -2.491452740999932 ], [ 106.070292715000051, -2.500313268999946 ], [ 106.103205778000074, -2.489446431999966 ], [ 106.146799381000051, -2.506068755999934 ], [ 106.150317311000038, -2.521097782999959 ], [ 106.163293871000064, -2.525306159999957 ], [ 106.187917790000085, -2.559361263999961 ], [ 106.238753445000043, -2.583326460999956 ], [ 106.289464090000081, -2.569729627999948 ], [ 106.311144134000074, -2.547127280999973 ], [ 106.327921110000034, -2.554854388999956 ], [ 106.335876462000044, -2.547667249999961 ], [ 106.371498245000055, -2.553981651999948 ], [ 106.390812985000082, -2.566969241999971 ], [ 106.420610485000054, -2.569459665999943 ], [ 106.429927460000044, -2.562140158999966 ], [ 106.448867867000047, -2.569297260999974 ], [ 106.457646049000061, -2.563500696999938 ], [ 106.447576186000049, -2.58412333299998 ], [ 106.453966007000076, -2.607571364999956 ], [ 106.460841605000041, -2.623572349999961 ], [ 106.471626169000047, -2.624570392999942 ], [ 106.479680991000066, -2.613911094999935 ], [ 106.488379416000043, -2.619576460999951 ], [ 106.485564471000032, -2.661700515999939 ], [ 106.493241457000067, -2.675829982999971 ], [ 106.509273445000076, -2.650933495999936 ], [ 106.568217544000049, -2.652019843999938 ], [ 106.561267326000063, -2.663548565999974 ], [ 106.579550909000034, -2.683991555999967 ], [ 106.633480087000066, -2.694945366999946 ], [ 106.642417641000065, -2.717316269999969 ], [ 106.662557959000083, -2.716054311999926 ], [ 106.644531673000074, -2.75563412899993 ], [ 106.618231359000049, -2.832954887999961 ], [ 106.602124829000047, -2.863379981999969 ], [ 106.592085462000057, -2.939348073999952 ], [ 106.608859906000077, -2.963129950999928 ], [ 106.623905089000061, -2.960631432999946 ], [ 106.638562121000064, -2.974307382999939 ], [ 106.675355118000084, -2.975103910999962 ], [ 106.694271420000064, -3.002930149999941 ], [ 106.739862137000046, -3.005001109999967 ], [ 106.743819654000049, -3.013909226999942 ], [ 106.72883891500004, -3.03176952299998 ], [ 106.74310754000004, -3.05652992399996 ], [ 106.732350259000043, -3.072887052999931 ], [ 106.739625361000037, -3.085369714999956 ], [ 106.720224899000073, -3.082262991999926 ], [ 106.704699994000066, -3.097919883999964 ], [ 106.700062824000042, -3.09408587799993 ], [ 106.684713358000067, -3.089051755999947 ], [ 106.659057539000059, -3.102089285999966 ], [ 106.645236676000081, -3.082994937999956 ], [ 106.608241889000055, -3.08851380599998 ], [ 106.599923455000066, -3.077990505999935 ], [ 106.585112203000051, -3.07684226799995 ], [ 106.551518973000043, -3.094045771999959 ], [ 106.549812899000074, -3.096908262999932 ], [ 106.552639699000053, -3.108522411999957 ], [ 106.544408, -3.101679 ], [ 106.538197561000061, -3.100998556999969 ], [ 106.514601635000076, -3.112671002999946 ], [ 106.514025058000072, -3.116569607999963 ], [ 106.509344216000045, -3.107195862999959 ], [ 106.491244846000086, -3.090784124999971 ], [ 106.499184, -3.068954 ], [ 106.492823619000035, -3.052217344999974 ], [ 106.473944975000052, -3.029584863999958 ], [ 106.441668776000085, -3.011439094999957 ], [ 106.437673773000085, -2.986329671999954 ], [ 106.424467896000067, -2.971269382999935 ], [ 106.336662, -2.967575 ], [ 106.32117252900008, -2.932590901999959 ], [ 106.283818291000046, -2.904614734999939 ], [ 106.23338, -2.899937 ], [ 106.219331598000053, -2.886277072999974 ], [ 106.182478506000052, -2.871448271999952 ], [ 106.142377775000057, -2.875492808999979 ], [ 106.12879786600007, -2.855139446999942 ], [ 106.093641329000036, -2.837174515999948 ], [ 106.035103, -2.833125 ], [ 105.974241954000036, -2.814898559999961 ], [ 105.950245089000077, -2.819609892999949 ], [ 105.95343, -2.782535 ], [ 105.919502950000037, -2.743450156999927 ], [ 105.901676511000062, -2.662499751999974 ], [ 105.886565787000052, -2.64427586499994 ], [ 105.898891289000062, -2.605766261999975 ], [ 105.890908763000084, -2.588669296999967 ], [ 105.90173165200008, -2.585616731999949 ], [ 105.916207913000051, -2.544857801999967 ], [ 105.928143559000034, -2.534977917999925 ], [ 105.952580037000075, -2.534896053999944 ], [ 105.961570497000082, -2.522125435999953 ], [ 105.971823240000049, -2.529502443999945 ], [ 105.992463344000043, -2.51280302999993 ], [ 105.996126314000037, -2.500036623999961 ], [ 105.98538252700007, -2.502369656999974 ], [ 105.984612498000047, -2.488253759999964 ], [ 105.992964473000086, -2.480819060999977 ], [ 105.998045551000075, -2.454560692999962 ], [ 106.020308069000066, -2.440126865999957 ], [ 106.030982899000037, -2.442100982999932 ] ] ], [ [ [ 105.912049785000079, -2.724978030999978 ], [ 105.912660521000078, -2.726379098999928 ], [ 105.911901754000041, -2.726320218999945 ], [ 105.912049785000079, -2.724978030999978 ] ] ], [ [ [ 105.877443759000073, -2.691123183999935 ], [ 105.879173890000061, -2.691723929999966 ], [ 105.877291889000048, -2.691237930999932 ], [ 105.877443759000073, -2.691123183999935 ] ] ], [ [ [ 105.890184045000069, -2.587965500999928 ], [ 105.890283667000062, -2.587495185999956 ], [ 105.890444045000038, -2.587585499999932 ], [ 105.890184045000069, -2.587965500999928 ] ] ], [ [ [ 105.893045344000086, -2.585193475999972 ], [ 105.892968961000065, -2.584813186999952 ], [ 105.893158991000064, -2.584815172999924 ], [ 105.893045344000086, -2.585193475999972 ] ] ], [ [ [ 105.874399312000037, -2.560411002999956 ], [ 105.873895804000085, -2.559769206999931 ], [ 105.874485770000035, -2.559984750999945 ], [ 105.874399312000037, -2.560411002999956 ] ] ], [ [ [ 106.518670955000061, -3.113660716999959 ], [ 106.51889105500004, -3.112845750999952 ], [ 106.518897004000053, -3.113809432999972 ], [ 106.518670955000061, -3.113660716999959 ] ] ], [ [ [ 106.525232319000054, -3.109802420999927 ], [ 106.524804016000076, -3.109735795999939 ], [ 106.525222801000041, -3.109593027999949 ], [ 106.525232319000054, -3.109802420999927 ] ] ], [ [ [ 106.541755613000078, -3.102206387999956 ], [ 106.541957868000054, -3.101903006999976 ], [ 106.54193407300005, -3.102212336999969 ], [ 106.541755613000078, -3.102206387999956 ] ] ], [ [ [ 106.663257099000077, -3.101898970999969 ], [ 106.66350813300005, -3.101255201999948 ], [ 106.663743896000085, -3.102120411999977 ], [ 106.663257099000077, -3.101898970999969 ] ] ], [ [ [ 106.665177324000069, -3.101613434999933 ], [ 106.664977449000048, -3.100535538999964 ], [ 106.665177324000069, -3.100407048999955 ], [ 106.665177324000069, -3.101613434999933 ] ] ], [ [ [ 106.655210086000068, -3.100908727999979 ], [ 106.655542577000062, -3.10009634599993 ], [ 106.655773642000042, -3.100877772999979 ], [ 106.655210086000068, -3.100908727999979 ] ] ], [ [ [ 106.551455119000082, -3.099007152999945 ], [ 106.551605025000072, -3.098029194999981 ], [ 106.55159074900007, -3.099071398999968 ], [ 106.551455119000082, -3.099007152999945 ] ] ], [ [ [ 106.698270204000039, -3.097609201999944 ], [ 106.698449460000063, -3.097389520999968 ], [ 106.698367603000065, -3.097610145999965 ], [ 106.698270204000039, -3.097609201999944 ] ] ], [ [ [ 106.698658720000083, -3.096914 ], [ 106.698987085000056, -3.096906860999979 ], [ 106.69892284000008, -3.097092458999953 ], [ 106.698658720000083, -3.096914 ] ] ], [ [ [ 106.699843691000069, -3.095786134999969 ], [ 106.700300548000087, -3.095093711999937 ], [ 106.700093535000065, -3.095993147999934 ], [ 106.699843691000069, -3.095786134999969 ] ] ], [ [ [ 106.610730429000057, -3.093116017999932 ], [ 106.610919429000035, -3.09297801799994 ], [ 106.610957429000052, -3.093103017999965 ], [ 106.610730429000057, -3.093116017999932 ] ] ], [ [ [ 106.688274752000041, -3.092193148999968 ], [ 106.688845823000065, -3.091888577999953 ], [ 106.68832234100006, -3.09270711299996 ], [ 106.688274752000041, -3.092193148999968 ] ] ], [ [ [ 106.609043, -3.090969 ], [ 106.608090489000062, -3.090615037999953 ], [ 106.608987, -3.09043 ], [ 106.609043, -3.090969 ] ] ], [ [ [ 106.611514895000084, -3.091035968999961 ], [ 106.611015239000039, -3.090698053999972 ], [ 106.611272221000036, -3.090412518999926 ], [ 106.611514895000084, -3.091035968999961 ] ] ], [ [ [ 106.621441567000034, -3.089504697999928 ], [ 106.621684284000082, -3.088497792999931 ], [ 106.622395495000035, -3.08943133899993 ], [ 106.621441567000034, -3.089504697999928 ] ] ], [ [ [ 106.620625048000079, -3.08853604199993 ], [ 106.621004606000042, -3.08789111599998 ], [ 106.62132506100005, -3.088315213999977 ], [ 106.620625048000079, -3.08853604199993 ] ] ], [ [ [ 106.694796417000077, -2.972284729999956 ], [ 106.696962683000038, -2.973725043999934 ], [ 106.696007142000042, -2.974300792999941 ], [ 106.694796417000077, -2.972284729999956 ] ] ], [ [ [ 106.697693719000085, -2.970493413999975 ], [ 106.697990719000074, -2.970362413999965 ], [ 106.697849719000033, -2.970644413999935 ], [ 106.697693719000085, -2.970493413999975 ] ] ], [ [ [ 106.705061327000067, -2.966361921999976 ], [ 106.703207570000075, -2.964636660999929 ], [ 106.703996625000059, -2.964308805999963 ], [ 106.705061327000067, -2.966361921999976 ] ] ], [ [ [ 106.665909330000034, -2.960502020999968 ], [ 106.678850457000067, -2.96203092899998 ], [ 106.676774753000075, -2.968609274999949 ], [ 106.665909330000034, -2.960502020999968 ] ] ], [ [ [ 106.691619717000037, -2.959245897999949 ], [ 106.696246536000046, -2.96398705699994 ], [ 106.690733475000059, -2.966234644999929 ], [ 106.691619717000037, -2.959245897999949 ] ] ], [ [ [ 106.601658642000075, -2.876158650999969 ], [ 106.60214755800007, -2.87549705999993 ], [ 106.60234833700008, -2.875899394999976 ], [ 106.601658642000075, -2.876158650999969 ] ] ], [ [ [ 106.64712290600005, -2.754411085999948 ], [ 106.645980765000047, -2.755060678999939 ], [ 106.645895104000033, -2.754825111999935 ], [ 106.64712290600005, -2.754411085999948 ] ] ], [ [ [ 106.705491143000074, -3.100112109999941 ], [ 106.705125273000078, -3.09973738399998 ], [ 106.705547979000073, -3.099651727999969 ], [ 106.705491143000074, -3.100112109999941 ] ] ], [ [ [ 106.712378647000037, -3.095261574999938 ], [ 106.712638513000059, -3.095752187999949 ], [ 106.712267270000041, -3.095367558999953 ], [ 106.712378647000037, -3.095261574999938 ] ] ], [ [ [ 106.710136973000033, -3.09390400999996 ], [ 106.710874043000047, -3.09410176199998 ], [ 106.710771288000046, -3.094535992999965 ], [ 106.710136973000033, -3.09390400999996 ] ] ], [ [ [ 106.738196857000048, -3.086377159999927 ], [ 106.738541616000077, -3.086379531999967 ], [ 106.738289309000038, -3.086529606999932 ], [ 106.738196857000048, -3.086377159999927 ] ] ], [ [ [ 106.728951489000053, -3.084986693999952 ], [ 106.729691026000069, -3.085350751999954 ], [ 106.729381706000083, -3.085481097999946 ], [ 106.728951489000053, -3.084986693999952 ] ] ], [ [ [ 106.745023648000085, -3.057356897999966 ], [ 106.744980817000055, -3.056336108999972 ], [ 106.745116447000044, -3.05631469399998 ], [ 106.745023648000085, -3.057356897999966 ] ] ], [ [ [ 106.743610248000039, -3.055750761999946 ], [ 106.74425270200004, -3.055186829999968 ], [ 106.743860091000045, -3.056121957999949 ], [ 106.743610248000039, -3.055750761999946 ] ] ], [ [ [ 106.743103423000036, -3.054744249999942 ], [ 106.743503172000032, -3.054344500999946 ], [ 106.743531726000072, -3.054829910999956 ], [ 106.743103423000036, -3.054744249999942 ] ] ], [ [ [ 106.82853835800006, -3.03871703599998 ], [ 106.829033358000061, -3.038218035999932 ], [ 106.829110881000076, -3.03893297299993 ], [ 106.82853835800006, -3.03871703599998 ] ] ], [ [ [ 106.831461108000042, -3.02940715099993 ], [ 106.831466221000085, -3.028965645999961 ], [ 106.831591471000081, -3.029452548999927 ], [ 106.831461108000042, -3.02940715099993 ] ] ], [ [ [ 106.798574666000036, -3.020603919999928 ], [ 106.798274345000038, -3.02032832499998 ], [ 106.798452146000045, -3.020285254999976 ], [ 106.798574666000036, -3.020603919999928 ] ] ], [ [ [ 106.699659462000056, -2.977860416999931 ], [ 106.713502087000052, -2.98179747599994 ], [ 106.709517973000061, -2.992671005999966 ], [ 106.695168343000034, -2.990560375999962 ], [ 106.699659462000056, -2.977860416999931 ] ] ], [ [ [ 106.801867120000054, -2.886701990999939 ], [ 106.832772, -2.900471 ], [ 106.834015, -2.904255 ], [ 106.832669489000068, -2.905762209999978 ], [ 106.833330790000048, -2.907265029999962 ], [ 106.841218831000049, -2.915438709999933 ], [ 106.847824557000081, -2.919392863999974 ], [ 106.893766982000045, -2.930322471999943 ], [ 106.910201846000064, -2.944502214999943 ], [ 106.905920371000036, -2.966195531999972 ], [ 106.879499661000068, -3.007983854999964 ], [ 106.88104486800006, -3.022644929999956 ], [ 106.894761524000046, -3.031469134999952 ], [ 106.884310931000073, -3.029356173999929 ], [ 106.868206739000073, -3.031019416999925 ], [ 106.860925588000043, -3.034824174999926 ], [ 106.854845899000054, -3.040067789999966 ], [ 106.846200294000084, -3.028792241999952 ], [ 106.83104, -3.028246 ], [ 106.823300361000065, -3.03174753199994 ], [ 106.815285, -3.023569 ], [ 106.790567270000054, -3.017939838999951 ], [ 106.771781760000067, -2.996679607999965 ], [ 106.709336076000056, -2.967452116999937 ], [ 106.72991363400007, -2.943651262999936 ], [ 106.732210071000054, -2.925362276999977 ], [ 106.789475133000053, -2.906932904999962 ], [ 106.801867120000054, -2.886701990999939 ] ] ], [ [ [ 106.78183864500005, -2.908452650999948 ], [ 106.781463880000047, -2.907551429999955 ], [ 106.781820799000059, -2.907188561999931 ], [ 106.78183864500005, -2.908452650999948 ] ] ], [ [ [ 106.835847642000033, -2.906604185999925 ], [ 106.834274601000061, -2.907532636999974 ], [ 106.834167739000065, -2.90739405599993 ], [ 106.835847642000033, -2.906604185999925 ] ] ], [ [ [ 106.833575666000058, -2.906316774999937 ], [ 106.833646286000032, -2.905504304999965 ], [ 106.834001166000064, -2.905655095999975 ], [ 106.833575666000058, -2.906316774999937 ] ] ], [ [ [ 106.766350039000088, -2.900627594999946 ], [ 106.770665137000037, -2.903911777999951 ], [ 106.76622868700008, -2.903261658999952 ], [ 106.766350039000088, -2.900627594999946 ] ] ], [ [ [ 106.759856711000054, -2.89737656099993 ], [ 106.76023841500006, -2.897354078999967 ], [ 106.76023841500006, -2.897596783999973 ], [ 106.759856711000054, -2.89737656099993 ] ] ], [ [ [ 106.717260929000076, -2.893079672999932 ], [ 106.717086528000038, -2.892238792999933 ], [ 106.717678412000055, -2.892538699999932 ], [ 106.717260929000076, -2.893079672999932 ] ] ], [ [ [ 106.759903863000034, -2.886113312999953 ], [ 106.777367449000053, -2.887947928999949 ], [ 106.761860384000045, -2.896867635999968 ], [ 106.759903863000034, -2.886113312999953 ] ] ], [ [ [ 106.713876767000045, -2.885520702999941 ], [ 106.712059163000049, -2.884345290999931 ], [ 106.712709185000051, -2.883699520999926 ], [ 106.713876767000045, -2.885520702999941 ] ] ], [ [ [ 106.737572144000069, -2.867155296999954 ], [ 106.748127087000057, -2.88645022299994 ], [ 106.734300947000065, -2.904628370999944 ], [ 106.722565516000088, -2.903038570999968 ], [ 106.718481964000034, -2.890915070999938 ], [ 106.73360963500005, -2.881322936999936 ], [ 106.737572144000069, -2.867155296999954 ] ] ], [ [ [ 106.787463083000034, -2.832873798999969 ], [ 106.803256647000069, -2.840376042999935 ], [ 106.781143310000061, -2.843631035999977 ], [ 106.787463083000034, -2.832873798999969 ] ] ], [ [ [ 106.855169773000057, -3.046103539999933 ], [ 106.855323773000066, -3.045294539999929 ], [ 106.855818773000067, -3.045902539999929 ], [ 106.855169773000057, -3.046103539999933 ] ] ], [ [ [ 106.854840731000081, -3.042438520999951 ], [ 106.854850755000086, -3.04194109499997 ], [ 106.855100905000086, -3.041962526999953 ], [ 106.854840731000081, -3.042438520999951 ] ] ], [ [ [ 106.857773082000051, -3.04027733199996 ], [ 106.85812130000005, -3.03992606099996 ], [ 106.858102980000069, -3.040221259999953 ], [ 106.857773082000051, -3.04027733199996 ] ] ], [ [ [ 106.857878924000033, -3.038849017999951 ], [ 106.857579015000056, -3.038100480999958 ], [ 106.85802222500007, -3.038759006999953 ], [ 106.857878924000033, -3.038849017999951 ] ] ], [ [ [ 106.849195810000083, -3.035437994999938 ], [ 106.84932886200005, -3.035344846999976 ], [ 106.849299340000073, -3.035566272999972 ], [ 106.849195810000083, -3.035437994999938 ] ] ], [ [ [ 106.849960840000051, -3.034482848999971 ], [ 106.850262231000045, -3.034266417999959 ], [ 106.850113174000057, -3.034537247999936 ], [ 106.849960840000051, -3.034482848999971 ] ] ], [ [ [ 106.845688544000041, -3.032087827999931 ], [ 106.845827029000077, -3.031989200999931 ], [ 106.845819088000042, -3.032117669999934 ], [ 106.845688544000041, -3.032087827999931 ] ] ], [ [ [ 106.895336791000034, -3.031674978999945 ], [ 106.895170860000064, -3.031373590999976 ], [ 106.895551751000085, -3.031543625999973 ], [ 106.895336791000034, -3.031674978999945 ] ] ], [ [ [ 106.885451601000057, -3.030450720999966 ], [ 106.885542877000034, -3.030025055999943 ], [ 106.885725107000042, -3.030318425999951 ], [ 106.885451601000057, -3.030450720999966 ] ] ], [ [ [ 106.845651067000063, -3.029223651999928 ], [ 106.845922658000063, -3.029064673999926 ], [ 106.845977252000068, -3.029195766999976 ], [ 106.845651067000063, -3.029223651999928 ] ] ], [ [ [ 106.837914690000048, -2.91044805699994 ], [ 106.836894517000076, -2.909566734999942 ], [ 106.83779011300004, -2.909444587999928 ], [ 106.837914690000048, -2.91044805699994 ] ] ], [ [ [ 107.023341294000033, -2.872509279999974 ], [ 107.022950502000072, -2.874096304999966 ], [ 107.020493610000074, -2.873997604999943 ], [ 107.023341294000033, -2.872509279999974 ] ] ], [ [ [ 107.015397275000055, -2.871808356999964 ], [ 107.016083862000073, -2.875660978999974 ], [ 107.012429338000061, -2.872171657999957 ], [ 107.015123423000034, -2.87071192999997 ], [ 107.015397275000055, -2.871808356999964 ] ] ], [ [ [ 107.024900098000046, -2.873008302999949 ], [ 107.023990556000058, -2.87277258599994 ], [ 107.024700929000062, -2.872504146999972 ], [ 107.024900098000046, -2.873008302999949 ] ] ], [ [ [ 107.016304356000035, -2.872315819999926 ], [ 107.015945851000083, -2.870943959999977 ], [ 107.016761624000083, -2.871550099999979 ], [ 107.016304356000035, -2.872315819999926 ] ] ], [ [ [ 107.013554179000039, -2.870091063999951 ], [ 107.014152909000074, -2.869997780999938 ], [ 107.013722073000054, -2.870454233999965 ], [ 107.013554179000039, -2.870091063999951 ] ] ], [ [ [ 107.05605021100007, -2.819139004999954 ], [ 107.059159291000071, -2.840380392999975 ], [ 107.067505007000079, -2.848524859999941 ], [ 107.075260215000071, -2.841567469999973 ], [ 107.084532012000068, -2.860366100999954 ], [ 107.087714141000049, -2.855457085999944 ], [ 107.092700875000048, -2.86120688799997 ], [ 107.084518694000053, -2.912010846999976 ], [ 107.052870110000072, -2.908531618999973 ], [ 107.019414321000056, -2.878226178999967 ], [ 107.025174562000075, -2.873981810999965 ], [ 107.025408550000066, -2.866991413999926 ], [ 107.027888618000077, -2.870028530999946 ], [ 107.030784640000036, -2.853991162999932 ], [ 107.035238383000035, -2.862623181999936 ], [ 107.036805860000072, -2.864226129999963 ], [ 107.038913619000084, -2.86400335299993 ], [ 107.034556161000069, -2.85104126799996 ], [ 107.040744128000085, -2.838541677999956 ], [ 107.04722928800004, -2.842992941999967 ], [ 107.05605021100007, -2.819139004999954 ] ] ], [ [ [ 107.088435147000041, -2.851743334999981 ], [ 107.095020131000069, -2.854158087999963 ], [ 107.093160062000038, -2.856564402999936 ], [ 107.088435147000041, -2.851743334999981 ] ] ], [ [ [ 106.828758319000087, -2.851131484999939 ], [ 106.853718121000043, -2.844307297999933 ], [ 106.854355122000072, -2.858218329999943 ], [ 106.828758319000087, -2.851131484999939 ] ] ], [ [ [ 107.066783675000067, -2.841791944999954 ], [ 107.064167012000041, -2.843912219999936 ], [ 107.06371572200004, -2.843044803999931 ], [ 107.066783675000067, -2.841791944999954 ] ] ], [ [ [ 107.078079700000046, -2.839954643999931 ], [ 107.082507456000087, -2.843953422999959 ], [ 107.079623112000036, -2.843202813999937 ], [ 107.078079700000046, -2.839954643999931 ] ] ], [ [ [ 107.101207, -2.839639 ], [ 107.102272, -2.839364 ], [ 107.102409, -2.839852 ], [ 107.101207, -2.839639 ] ] ] ] } },
{ "type": "Feature", "properties": { "kemendagri_kab_code": 1904, "kemendagri_kab_name": "Kabupaten Bangka Tengah", "kemendagri_prov_code": 19, "kemendagri_prov_name": "Kepulauan Bangka Belitung" }, "geometry": { "type": "MultiPolygon", "coordinates": [ [ [ [ 106.122617895000076, -2.152213221999943 ], [ 106.13272777800006, -2.145977777999974 ], [ 106.156755257000043, -2.160725071999934 ], [ 106.178063845000054, -2.148042111999928 ], [ 106.204296342000077, -2.196557014999939 ], [ 106.213395173000038, -2.240280881999979 ], [ 106.228364046000081, -2.260824578999973 ], [ 106.22279134200005, -2.271669034999945 ], [ 106.226337110000088, -2.299834506999957 ], [ 106.237211453000043, -2.327888191999932 ], [ 106.299647772000071, -2.420959584999935 ], [ 106.349856818000035, -2.462239745999966 ], [ 106.39480135000008, -2.478127717999939 ], [ 106.423158888000046, -2.480150280999965 ], [ 106.446318879000046, -2.472261242999934 ], [ 106.499350615000083, -2.504102006999972 ], [ 106.848724405000041, -2.572501073999945 ], [ 106.831937308000079, -2.588886042999945 ], [ 106.806191540000043, -2.593987606999974 ], [ 106.82352353400006, -2.588162685999976 ], [ 106.810520969000038, -2.577726369999937 ], [ 106.785378394000077, -2.588433944999963 ], [ 106.784248150000053, -2.594085164999967 ], [ 106.777080024000043, -2.600569195999981 ], [ 106.773861803000045, -2.604264498999953 ], [ 106.772239245000037, -2.607830343999979 ], [ 106.763130434000061, -2.598036259999958 ], [ 106.75230388600005, -2.604008706999934 ], [ 106.707608091000054, -2.642949775999966 ], [ 106.656130984000072, -2.721202234999964 ], [ 106.639322894000088, -2.714444835999927 ], [ 106.633480087000066, -2.694945366999946 ], [ 106.579550909000034, -2.683991555999967 ], [ 106.561267326000063, -2.663548565999974 ], [ 106.568217544000049, -2.652019843999938 ], [ 106.509273445000076, -2.650933495999936 ], [ 106.493241457000067, -2.675829982999971 ], [ 106.485564471000032, -2.661700515999939 ], [ 106.488379416000043, -2.619576460999951 ], [ 106.479680991000066, -2.613911094999935 ], [ 106.471626169000047, -2.624570392999942 ], [ 106.460841605000041, -2.623572349999961 ], [ 106.453966007000076, -2.607571364999956 ], [ 106.447576186000049, -2.58412333299998 ], [ 106.457646049000061, -2.563500696999938 ], [ 106.448867867000047, -2.569297260999974 ], [ 106.429927460000044, -2.562140158999966 ], [ 106.420610485000054, -2.569459665999943 ], [ 106.390812985000082, -2.566969241999971 ], [ 106.371498245000055, -2.553981651999948 ], [ 106.335876462000044, -2.547667249999961 ], [ 106.327921110000034, -2.554854388999956 ], [ 106.311144134000074, -2.547127280999973 ], [ 106.289464090000081, -2.569729627999948 ], [ 106.238753445000043, -2.583326460999956 ], [ 106.187917790000085, -2.559361263999961 ], [ 106.163293871000064, -2.525306159999957 ], [ 106.150317311000038, -2.521097782999959 ], [ 106.146799381000051, -2.506068755999934 ], [ 106.103205778000074, -2.489446431999966 ], [ 106.070292715000051, -2.500313268999946 ], [ 106.060479452000038, -2.491452740999932 ], [ 106.050987448000058, -2.501852464999956 ], [ 106.052927407000084, -2.514552049999963 ], [ 106.034099659000049, -2.513664928999958 ], [ 106.022649322000063, -2.46973203899995 ], [ 106.031878985000048, -2.460930838999957 ], [ 106.028528034000033, -2.440986993999957 ], [ 105.998045551000075, -2.454560692999962 ], [ 105.992964473000086, -2.480819060999977 ], [ 105.984612498000047, -2.488253759999964 ], [ 105.98538252700007, -2.502369656999974 ], [ 105.996126314000037, -2.500036623999961 ], [ 105.992463344000043, -2.51280302999993 ], [ 105.971823240000049, -2.529502443999945 ], [ 105.961570497000082, -2.522125435999953 ], [ 105.954279192000058, -2.534028602999967 ], [ 105.942875644000083, -2.533672372999945 ], [ 105.934093044000065, -2.526378832999967 ], [ 105.937455957000054, -2.496376129999931 ], [ 105.926179453000088, -2.459230116999947 ], [ 105.879170240000064, -2.425987703999965 ], [ 105.868908967000039, -2.428806079999958 ], [ 105.834848784000087, -2.412881046999928 ], [ 105.802278700000045, -2.362266538999961 ], [ 105.817315398000062, -2.337725687999978 ], [ 105.819225887000073, -2.346821553999973 ], [ 105.83546044600007, -2.348485215999972 ], [ 105.878206855000087, -2.327515 ], [ 105.901298890000078, -2.278399619999959 ], [ 105.915242306000039, -2.270082899999977 ], [ 105.91187808400008, -2.249902430999953 ], [ 105.926077547000034, -2.227300081999942 ], [ 105.925013896000053, -2.209617639999976 ], [ 105.958870791000038, -2.245389293999949 ], [ 105.979650168000035, -2.228325079999934 ], [ 105.998491003000083, -2.237809732999949 ], [ 106.020494432000078, -2.23602797999996 ], [ 106.021462704000044, -2.210056061999978 ], [ 106.038227321000079, -2.191811145999964 ], [ 106.033247171000085, -2.182670420999955 ], [ 106.045144227000037, -2.162076830999979 ], [ 106.069072951000066, -2.161716595999962 ], [ 106.088924023000061, -2.144537464999928 ], [ 106.122617895000076, -2.152213221999943 ] ] ], [ [ [ 105.782801846000041, -2.401074025999947 ], [ 105.803362967000055, -2.407766497999944 ], [ 105.791188495000085, -2.422741968999958 ], [ 105.782801846000041, -2.401074025999947 ] ] ], [ [ [ 105.771245364000038, -2.398451537999961 ], [ 105.770547312000076, -2.398187449999966 ], [ 105.771185156000058, -2.397969743999965 ], [ 105.771245364000038, -2.398451537999961 ] ] ], [ [ [ 105.760383502000082, -2.391375842999935 ], [ 105.76562210700007, -2.392562509999948 ], [ 105.763039419000052, -2.396378802999948 ], [ 105.760383502000082, -2.391375842999935 ] ] ], [ [ [ 105.747368065000046, -2.388696817999971 ], [ 105.746415227000057, -2.388022103999958 ], [ 105.746571772000038, -2.387433488999932 ], [ 105.747368065000046, -2.388696817999971 ] ] ], [ [ [ 105.749639524000088, -2.387860236999927 ], [ 105.754079852000075, -2.387685140999963 ], [ 105.754342544000053, -2.388927218999925 ], [ 105.749639524000088, -2.387860236999927 ] ] ], [ [ [ 105.762274503000071, -2.387373736999962 ], [ 105.76140644600008, -2.386923884999931 ], [ 105.76145428600006, -2.386484223999958 ], [ 105.762274503000071, -2.387373736999962 ] ] ], [ [ [ 106.227626048000047, -2.256267527999967 ], [ 106.228137632000085, -2.257274990999974 ], [ 106.227410945000088, -2.256959474999974 ], [ 106.227626048000047, -2.256267527999967 ] ] ], [ [ [ 106.202376958000059, -2.182897127999979 ], [ 106.202249197000071, -2.183230887999969 ], [ 106.202295105000076, -2.18283811799995 ], [ 106.202376958000059, -2.182897127999979 ] ] ], [ [ [ 106.201878223000051, -2.182324748999974 ], [ 106.201962501000082, -2.182678191999969 ], [ 106.201745925000068, -2.182494166999959 ], [ 106.201878223000051, -2.182324748999974 ] ] ], [ [ [ 106.201464010000052, -2.182334973999957 ], [ 106.201110260000064, -2.182452319999925 ], [ 106.201221048000036, -2.181886959999929 ], [ 106.201464010000052, -2.182334973999957 ] ] ], [ [ [ 106.257431809000082, -2.161782871999947 ], [ 106.257874389000051, -2.162264712999956 ], [ 106.25722836500006, -2.161900655999943 ], [ 106.257431809000082, -2.161782871999947 ] ] ], [ [ [ 106.296310799000082, -2.154530156999954 ], [ 106.298004867000088, -2.156467634999956 ], [ 106.293412270000033, -2.157265356999972 ], [ 106.296310799000082, -2.154530156999954 ] ] ], [ [ [ 106.276781455000048, -2.14946069299998 ], [ 106.27499487700004, -2.158148105999942 ], [ 106.267510628000082, -2.157226460999937 ], [ 106.267076903000088, -2.152877123999929 ], [ 106.276781455000048, -2.14946069299998 ] ] ], [ [ [ 106.730222488000038, -2.627916340999946 ], [ 106.730422363000059, -2.628558795999936 ], [ 106.730015475000073, -2.628294675999939 ], [ 106.730222488000038, -2.627916340999946 ] ] ], [ [ [ 106.772529305000035, -2.608190609999951 ], [ 106.772612586000037, -2.607952663999924 ], [ 106.772707764000074, -2.608256044999962 ], [ 106.772529305000035, -2.608190609999951 ] ] ], [ [ [ 106.773689292000086, -2.60591227599997 ], [ 106.773796368000035, -2.605698123999957 ], [ 106.773962930000039, -2.605924172999948 ], [ 106.773689292000086, -2.60591227599997 ] ] ], [ [ [ 106.845809565000081, -2.578637703999959 ], [ 106.84575959700004, -2.579501447999974 ], [ 106.845524030000036, -2.579287296999951 ], [ 106.845809565000081, -2.578637703999959 ] ] ], [ [ [ 106.849626221000051, -2.573599194999929 ], [ 106.849798732000068, -2.573087610999949 ], [ 106.850060473000042, -2.573218481999959 ], [ 106.849626221000051, -2.573599194999929 ] ] ], [ [ [ 106.97181757900006, -2.467818363999925 ], [ 106.971853271000043, -2.467554243999928 ], [ 106.97196748500005, -2.467789809999942 ], [ 106.97181757900006, -2.467818363999925 ] ] ], [ [ [ 106.969980159000045, -2.465913129999933 ], [ 106.969782916000042, -2.465103717999966 ], [ 106.969990867000035, -2.465002985999945 ], [ 106.969980159000045, -2.465913129999933 ] ] ], [ [ [ 106.472810306000042, -2.453661364999959 ], [ 106.474493774000052, -2.454048027999931 ], [ 106.475314688000083, -2.454232435999927 ], [ 106.474701977000052, -2.454309767999973 ], [ 106.472810306000042, -2.453661364999959 ] ] ], [ [ [ 107.077623, -2.407286 ], [ 107.086129, -2.417548 ], [ 107.078417, -2.421192 ], [ 107.061959, -2.411298 ], [ 107.077623, -2.407286 ] ] ], [ [ [ 107.046787, -2.412321 ], [ 107.04737, -2.411759 ], [ 107.047084, -2.412495 ], [ 107.046787, -2.412321 ] ] ], [ [ [ 106.447986084000036, -2.284587904999967 ], [ 106.445676871000046, -2.282133310999939 ], [ 106.448379089000071, -2.280214755999964 ], [ 106.447986084000036, -2.284587904999967 ] ] ], [ [ [ 106.329124234000062, -2.267956431999949 ], [ 106.325542607000045, -2.263937067999962 ], [ 106.328638248000061, -2.262565605999953 ], [ 106.329124234000062, -2.267956431999949 ] ] ], [ [ [ 106.352797945000077, -2.258588920999955 ], [ 106.354525434000038, -2.258974393999949 ], [ 106.351708152000072, -2.259269446999951 ], [ 106.352797945000077, -2.258588920999955 ] ] ], [ [ [ 106.385333411000033, -2.250338318999979 ], [ 106.383862904000068, -2.252001561999975 ], [ 106.38548389400006, -2.249612771999978 ], [ 106.385333411000033, -2.250338318999979 ] ] ] ] } },
{ "type": "Feature", "properties": { "kemendagri_kab_code": 1905, "kemendagri_kab_name": "Kabupaten Bangka Barat", "kemendagri_prov_code": 19, "kemendagri_prov_name": "Kepulauan Bangka Belitung" }, "geometry": { "type": "MultiPolygon", "coordinates": [ [ [ [ 105.127035317000036, -1.988485176999973 ], [ 105.12567252000008, -1.988909977999924 ], [ 105.126815739000051, -1.987944256999924 ], [ 105.127035317000036, -1.988485176999973 ] ] ], [ [ [ 105.57907995000005, -1.53483743399994 ], [ 105.605506546000072, -1.530329700999971 ], [ 105.598761964000062, -1.54645099399994 ], [ 105.612135315000046, -1.564303134999932 ], [ 105.611401962000059, -1.582201981999958 ], [ 105.624044660000038, -1.600727301999939 ], [ 105.622719, -1.609632 ], [ 105.625799, -1.617949 ], [ 105.628953, -1.619796 ], [ 105.625453, -1.620843 ], [ 105.641255767000075, -1.64306849899998 ], [ 105.655593234000037, -1.652071107999973 ], [ 105.679872715000045, -1.654735739999978 ], [ 105.723849477000044, -1.64390483699998 ], [ 105.652239395000038, -1.716340633999948 ], [ 105.655412549000062, -1.746409090999975 ], [ 105.66118216700005, -1.744230241999958 ], [ 105.671977331000051, -1.763495571999954 ], [ 105.700610655000048, -1.782683711999937 ], [ 105.743001205000041, -1.781546019999951 ], [ 105.756166715000063, -1.791789441999924 ], [ 105.75118591100005, -1.802076142999965 ], [ 105.760722602000044, -1.80994117399996 ], [ 105.756979483000066, -1.821398574999932 ], [ 105.740425655000081, -1.826911311999936 ], [ 105.755677136000088, -1.839552767999976 ], [ 105.747527267000066, -1.855062154999928 ], [ 105.748752831000047, -1.875815300999932 ], [ 105.73941325800007, -1.883013176999953 ], [ 105.726146177000032, -1.878776749999929 ], [ 105.721499995000045, -1.888751242999945 ], [ 105.703543151000076, -1.894155281999929 ], [ 105.714490899000054, -1.963595512999973 ], [ 105.70915480900004, -1.976915066999936 ], [ 105.767002482000066, -1.975834865999957 ], [ 105.811510944000077, -1.993850115999976 ], [ 105.780749864000086, -1.998119784999972 ], [ 105.782128697000076, -2.026668471999926 ], [ 105.772448413000063, -2.048897944999965 ], [ 105.737440270000036, -2.054741361999959 ], [ 105.722162450000042, -2.046985344999939 ], [ 105.739669719000062, -2.132591538999975 ], [ 105.717470362000086, -2.12431137599998 ], [ 105.665217518000077, -2.127968619999933 ], [ 105.649413095000057, -2.117172705999963 ], [ 105.591256671000053, -2.123101644999963 ], [ 105.579666605000057, -2.10024636299994 ], [ 105.559698, -2.085713 ], [ 105.566163586000073, -2.070691119999935 ], [ 105.52638580200005, -2.088907286999927 ], [ 105.513492977000055, -2.084111130999929 ], [ 105.48944719900004, -2.092705945999967 ], [ 105.455731, -2.11717 ], [ 105.446346, -2.133906 ], [ 105.418747073000077, -2.119042885999932 ], [ 105.384454575000063, -2.130607098999974 ], [ 105.357096, -2.119965 ], [ 105.323936437000043, -2.13015618999998 ], [ 105.297850348000054, -2.154310470999974 ], [ 105.258854503000066, -2.086131179999938 ], [ 105.229333, -2.066452 ], [ 105.179853346000073, -2.077250987999946 ], [ 105.155390588000046, -2.070846123999956 ], [ 105.130943519000084, -2.085308084999951 ], [ 105.12104772400005, -2.037026627999978 ], [ 105.108508706000066, -2.023975461999953 ], [ 105.132078607000039, -1.979191661999948 ], [ 105.125418405000062, -1.95940087799994 ], [ 105.152256843000032, -1.94828489899993 ], [ 105.16382182600006, -1.929206659999977 ], [ 105.274481798000068, -1.892753661999961 ], [ 105.348624906000055, -1.846461937999948 ], [ 105.389436798000077, -1.796705276999944 ], [ 105.399663696000061, -1.74998246399997 ], [ 105.389576538000085, -1.748206334999963 ], [ 105.389622603000078, -1.734655423999925 ], [ 105.343392898000047, -1.701476340999932 ], [ 105.320173891000081, -1.698433927999929 ], [ 105.367118927000035, -1.680085899999938 ], [ 105.343774053000061, -1.67085622299993 ], [ 105.34109916400007, -1.662864590999959 ], [ 105.344902276000084, -1.661547915999961 ], [ 105.347249995000084, -1.65580186699998 ], [ 105.344616884000061, -1.648238987999946 ], [ 105.359872432000088, -1.652930931999947 ], [ 105.384559921000061, -1.641982460999941 ], [ 105.393310643000063, -1.626710380999953 ], [ 105.390868815000033, -1.607064770999955 ], [ 105.409584819000088, -1.60943012599995 ], [ 105.418173087000071, -1.60792142899993 ], [ 105.42660660100006, -1.604177800999935 ], [ 105.460681538000074, -1.564464321999935 ], [ 105.536217411000052, -1.565695884999968 ], [ 105.559926361000066, -1.550559919999955 ], [ 105.563603856000043, -1.528314902999966 ], [ 105.57907995000005, -1.53483743399994 ] ] ], [ [ [ 105.392898721000051, -1.752973660999942 ], [ 105.397488063000083, -1.75772578599998 ], [ 105.394787100000087, -1.757884630999968 ], [ 105.392898721000051, -1.752973660999942 ] ] ], [ [ [ 105.344385196000076, -1.659320330999947 ], [ 105.344266671000071, -1.658925608999937 ], [ 105.344476881000048, -1.658913358999939 ], [ 105.344385196000076, -1.659320330999947 ] ] ], [ [ [ 105.342897996000033, -1.658448754999938 ], [ 105.343855415000064, -1.659289573999956 ], [ 105.342765507000081, -1.658628451999959 ], [ 105.342897996000033, -1.658448754999938 ] ] ], [ [ [ 105.369913783000072, -1.641161405999981 ], [ 105.368472436000047, -1.641709978999927 ], [ 105.368289324000045, -1.640780400999972 ], [ 105.369913783000072, -1.641161405999981 ] ] ], [ [ [ 105.36788492800008, -1.639100933999941 ], [ 105.367720590000033, -1.639203017999932 ], [ 105.367686326000069, -1.639195403999963 ], [ 105.367795972000067, -1.639088042999958 ], [ 105.36788492800008, -1.639100933999941 ] ] ], [ [ [ 105.38682048700008, -1.623187707999932 ], [ 105.387555693000081, -1.62334773799995 ], [ 105.386901703000035, -1.623755406999976 ], [ 105.38682048700008, -1.623187707999932 ] ] ], [ [ [ 105.382629114000054, -1.623266982999951 ], [ 105.382674038000062, -1.623427643999946 ], [ 105.382565915000043, -1.623391094999931 ], [ 105.382629114000054, -1.623266982999951 ] ] ], [ [ [ 105.383540828000037, -1.622878463999939 ], [ 105.384200637000049, -1.622731397999928 ], [ 105.383737276000033, -1.623169329999939 ], [ 105.383540828000037, -1.622878463999939 ] ] ], [ [ [ 105.417882, -1.607153 ], [ 105.418029, -1.60694 ], [ 105.418083, -1.607154 ], [ 105.417882, -1.607153 ] ] ], [ [ [ 105.393972120000058, -1.60315378599995 ], [ 105.394515671000079, -1.603246193999951 ], [ 105.39446808200006, -1.603374683999959 ], [ 105.393972120000058, -1.60315378599995 ] ] ], [ [ [ 105.39129653100008, -1.601441441999953 ], [ 105.392589582000085, -1.604547870999966 ], [ 105.389498507000042, -1.602197177999926 ], [ 105.39129653100008, -1.601441441999953 ] ] ], [ [ [ 105.446082846000081, -1.568529386999955 ], [ 105.44606976700004, -1.570335690999968 ], [ 105.445251804000065, -1.570043713999951 ], [ 105.446082846000081, -1.568529386999955 ] ] ], [ [ [ 105.453303782000035, -1.566469199999972 ], [ 105.453026438000052, -1.566293436999956 ], [ 105.453311581000037, -1.566170916999965 ], [ 105.453303782000035, -1.566469199999972 ] ] ], [ [ [ 105.454544502000033, -1.564534110999944 ], [ 105.455288115000087, -1.564859446999947 ], [ 105.454428043000064, -1.565304688999959 ], [ 105.454544502000033, -1.564534110999944 ] ] ], [ [ [ 105.452296657000034, -1.564256379999961 ], [ 105.45257648200004, -1.564435315999958 ], [ 105.452350909000074, -1.564472434999971 ], [ 105.452296657000034, -1.564256379999961 ] ] ], [ [ [ 105.471649332000084, -1.558895216999929 ], [ 105.472812394000073, -1.558860425999967 ], [ 105.472166151000067, -1.559857978999958 ], [ 105.471649332000084, -1.558895216999929 ] ] ], [ [ [ 105.500875983000071, -1.557171118999975 ], [ 105.499293471000044, -1.557928080999943 ], [ 105.500436095000055, -1.556083298999965 ], [ 105.500875983000071, -1.557171118999975 ] ] ], [ [ [ 105.478635601000065, -1.552789430999951 ], [ 105.479425392000053, -1.552662494999936 ], [ 105.479481899000064, -1.55354202999996 ], [ 105.478635601000065, -1.552789430999951 ] ] ], [ [ [ 105.536117964000084, -1.535650303999944 ], [ 105.536363964000088, -1.535438303999968 ], [ 105.536298964000082, -1.53565830399998 ], [ 105.536117964000084, -1.535650303999944 ] ] ], [ [ [ 105.593574763000049, -1.527533283999958 ], [ 105.594155495000052, -1.527978110999925 ], [ 105.592924554000035, -1.528367008999965 ], [ 105.593574763000049, -1.527533283999958 ] ] ], [ [ [ 105.514093629000058, -1.502060682999968 ], [ 105.513591767000037, -1.502622717999941 ], [ 105.513334169000075, -1.502254147999963 ], [ 105.514093629000058, -1.502060682999968 ] ] ], [ [ [ 105.63239967800007, -1.622459502999959 ], [ 105.633530112000074, -1.621783164999954 ], [ 105.633734746000073, -1.622720672999947 ], [ 105.63239967800007, -1.622459502999959 ] ] ], [ [ [ 105.631447280000089, -1.621531194999932 ], [ 105.633756217000041, -1.620557374999976 ], [ 105.634110125000063, -1.622507227999961 ], [ 105.633550577000051, -1.621318917999929 ], [ 105.631447280000089, -1.621531194999932 ] ] ], [ [ [ 105.631304988000068, -1.621405989999971 ], [ 105.63106999200005, -1.621178272999941 ], [ 105.631149738000033, -1.621118618999958 ], [ 105.631304988000068, -1.621405989999971 ] ] ], [ [ [ 105.633073383000067, -1.619239952999976 ], [ 105.633883478000087, -1.619188759999929 ], [ 105.634635007000043, -1.619337732999952 ], [ 105.633073383000067, -1.619239952999976 ] ] ], [ [ [ 105.631384260000061, -1.61717755199993 ], [ 105.631095299000037, -1.617408264999938 ], [ 105.631209731000069, -1.616998426999942 ], [ 105.631384260000061, -1.61717755199993 ] ] ], [ [ [ 105.63027657400005, -1.616612883999949 ], [ 105.630297346000077, -1.617511984999965 ], [ 105.630011811000088, -1.617506274999926 ], [ 105.63027657400005, -1.616612883999949 ] ] ], [ [ [ 105.630784002000041, -1.616701494999973 ], [ 105.630817504000049, -1.616269003999946 ], [ 105.631053547000079, -1.616083215999936 ], [ 105.630784002000041, -1.616701494999973 ] ] ], [ [ [ 105.627276765000033, -1.614182520999975 ], [ 105.626492977000055, -1.615755071999956 ], [ 105.626289549000035, -1.615147706999949 ], [ 105.627276765000033, -1.614182520999975 ] ] ], [ [ [ 105.631051754000055, -1.606034378999937 ], [ 105.636858755000048, -1.613684482999929 ], [ 105.637299358000064, -1.618868135999946 ], [ 105.636341560000062, -1.613136849999933 ], [ 105.632615774000044, -1.608479111999941 ], [ 105.63008478900008, -1.60822067099997 ], [ 105.631051754000055, -1.606034378999937 ] ] ], [ [ [ 105.627211795000051, -1.612663821999945 ], [ 105.628482642000051, -1.611952984999959 ], [ 105.627856654000084, -1.612513934999924 ], [ 105.627211795000051, -1.612663821999945 ] ] ], [ [ [ 105.630917687000078, -1.610710873999949 ], [ 105.633427751000056, -1.611285419999945 ], [ 105.631875581000088, -1.612110553999969 ], [ 105.630917687000078, -1.610710873999949 ] ] ], [ [ [ 105.62379358000004, -1.604568445999973 ], [ 105.627308132000053, -1.604611662999957 ], [ 105.627545126000086, -1.604940028999977 ], [ 105.62379358000004, -1.604568445999973 ] ] ], [ [ [ 105.620526291000033, -1.589110022999932 ], [ 105.622670527000082, -1.592252190999943 ], [ 105.621062541000072, -1.595416837999949 ], [ 105.620526291000033, -1.589110022999932 ] ] ], [ [ [ 105.631415622000077, -1.581157076999943 ], [ 105.631272283000044, -1.58117877799998 ], [ 105.631360799000049, -1.581066276999934 ], [ 105.631415622000077, -1.581157076999943 ] ] ], [ [ [ 105.629585721000069, -1.580719598999963 ], [ 105.629629503000046, -1.580882353999925 ], [ 105.62943438700006, -1.580810969999959 ], [ 105.629585721000069, -1.580719598999963 ] ] ], [ [ [ 105.62988800800008, -1.580459761999975 ], [ 105.629746965000038, -1.580372618999945 ], [ 105.62985526600005, -1.580367628999966 ], [ 105.62988800800008, -1.580459761999975 ] ] ], [ [ [ 105.629880774000071, -1.580099225999959 ], [ 105.629885343000069, -1.580179936999969 ], [ 105.629743717000053, -1.580114453999954 ], [ 105.629880774000071, -1.580099225999959 ] ] ], [ [ [ 105.631804902000056, -1.578086772999939 ], [ 105.632020766000039, -1.57844083699996 ], [ 105.631479391000084, -1.578220402999932 ], [ 105.631804902000056, -1.578086772999939 ] ] ], [ [ [ 105.617512129000033, -1.573559490999969 ], [ 105.616884527000082, -1.572968203999949 ], [ 105.617174249000072, -1.572863229999939 ], [ 105.617512129000033, -1.573559490999969 ] ] ], [ [ [ 105.615795447000039, -1.573150664999957 ], [ 105.615282322000041, -1.573339676999979 ], [ 105.615734276000069, -1.573009500999945 ], [ 105.615795447000039, -1.573150664999957 ] ] ], [ [ [ 105.613350819000061, -1.569367063999948 ], [ 105.614116033000073, -1.570023800999934 ], [ 105.612653814000055, -1.570117504999928 ], [ 105.613350819000061, -1.569367063999948 ] ] ], [ [ [ 105.616766571000085, -1.565344568999933 ], [ 105.617456956000069, -1.564407893999942 ], [ 105.617612964000045, -1.564850158999946 ], [ 105.616766571000085, -1.565344568999933 ] ] ], [ [ [ 105.617346807000047, -1.563425109999969 ], [ 105.617817160000072, -1.564076831999955 ], [ 105.617398334000086, -1.564037121999945 ], [ 105.617346807000047, -1.563425109999969 ] ] ], [ [ [ 105.634311943000057, -2.126965828999971 ], [ 105.637261459000058, -2.128835132999939 ], [ 105.63512184800004, -2.129177775999949 ], [ 105.634311943000057, -2.126965828999971 ] ] ], [ [ [ 105.69996823200006, -1.734537930999977 ], [ 105.698218518000033, -1.733424361999937 ], [ 105.699781490000078, -1.73277772199998 ], [ 105.69996823200006, -1.734537930999977 ] ] ], [ [ [ 105.710353626000085, -1.707248101999937 ], [ 105.710906846000057, -1.707471791999978 ], [ 105.710667611000076, -1.707788620999963 ], [ 105.710353626000085, -1.707248101999937 ] ] ], [ [ [ 105.711028960000078, -1.706624258999966 ], [ 105.711952305000068, -1.706736198999977 ], [ 105.711199805000035, -1.707264048999946 ], [ 105.711028960000078, -1.706624258999966 ] ] ], [ [ [ 105.705944911000074, -1.705885090999971 ], [ 105.707201234000081, -1.704447337999966 ], [ 105.707294541000067, -1.705666636999979 ], [ 105.705944911000074, -1.705885090999971 ] ] ], [ [ [ 105.711452230000077, -1.70226592399996 ], [ 105.711078401000066, -1.705495536999933 ], [ 105.707932883000069, -1.703777991999971 ], [ 105.711452230000077, -1.70226592399996 ] ] ], [ [ [ 105.678681165000057, -1.701764447999949 ], [ 105.676854852000076, -1.701447991999942 ], [ 105.676901680000071, -1.700544111999932 ], [ 105.678681165000057, -1.701764447999949 ] ] ], [ [ [ 105.684591878000049, -1.693226223999943 ], [ 105.684083055000087, -1.693848303999971 ], [ 105.683986813000047, -1.69334764499996 ], [ 105.684591878000049, -1.693226223999943 ] ] ], [ [ [ 105.700156861000039, -1.677489565999963 ], [ 105.699086278000038, -1.67742997199997 ], [ 105.699456049000048, -1.67613453499996 ], [ 105.700156861000039, -1.677489565999963 ] ] ], [ [ [ 105.662317600000051, -1.645096343999967 ], [ 105.661389648000068, -1.648737579999931 ], [ 105.659501186000057, -1.649796014999936 ], [ 105.662317600000051, -1.645096343999967 ] ] ], [ [ [ 105.663237953000078, -1.646109240999976 ], [ 105.66348602000005, -1.645324063999965 ], [ 105.663744134000069, -1.645373172999939 ], [ 105.663237953000078, -1.646109240999976 ] ] ], [ [ [ 105.644199513000046, -1.637547478999977 ], [ 105.642841978000035, -1.640424322999934 ], [ 105.641472296000074, -1.640230008999936 ], [ 105.644199513000046, -1.637547478999977 ] ] ], [ [ [ 105.639777334000087, -1.637740765999979 ], [ 105.640934623000078, -1.638138021999964 ], [ 105.639964474000067, -1.639095263999934 ], [ 105.639777334000087, -1.637740765999979 ] ] ], [ [ [ 105.638690989000054, -1.632405656999936 ], [ 105.638662125000053, -1.631814058999964 ], [ 105.63899630800006, -1.632086663999928 ], [ 105.638690989000054, -1.632405656999936 ] ] ], [ [ [ 105.638873606000061, -1.629692835999947 ], [ 105.638767749000067, -1.629370146999975 ], [ 105.638945165000052, -1.629407851999929 ], [ 105.638873606000061, -1.629692835999947 ] ] ], [ [ [ 105.638065018000077, -1.629576363999945 ], [ 105.638150114000041, -1.62897209199997 ], [ 105.63839930000006, -1.629394292999962 ], [ 105.638065018000077, -1.629576363999945 ] ] ], [ [ [ 105.639549931000033, -1.623308098999928 ], [ 105.639116314000034, -1.620533567999928 ], [ 105.639846571000078, -1.621797775999937 ], [ 105.639549931000033, -1.623308098999928 ] ] ], [ [ [ 105.645969751000052, -1.620631401999958 ], [ 105.645876476000069, -1.620519090999949 ], [ 105.64604494200006, -1.620488633999969 ], [ 105.645969751000052, -1.620631401999958 ] ] ], [ [ [ 105.634377359000041, -1.617543872999931 ], [ 105.634996971000078, -1.618574655999964 ], [ 105.634839926000041, -1.618883033999964 ], [ 105.634377359000041, -1.617543872999931 ] ] ], [ [ [ 105.639698235000083, -1.61298047899993 ], [ 105.639632035000034, -1.612607043999958 ], [ 105.639859100000081, -1.612588209999956 ], [ 105.639698235000083, -1.61298047899993 ] ] ], [ [ [ 105.639338786000053, -1.612335989999963 ], [ 105.638828860000046, -1.612759064999977 ], [ 105.638666083000032, -1.61244364099997 ], [ 105.639338786000053, -1.612335989999963 ] ] ], [ [ [ 105.635537640000052, -1.601965987999961 ], [ 105.636270324000066, -1.602361701999939 ], [ 105.635077738000064, -1.602337563999924 ], [ 105.635537640000052, -1.601965987999961 ] ] ], [ [ [ 105.640392491000057, -1.57206939799994 ], [ 105.640481958000066, -1.572285214999965 ], [ 105.640287794000074, -1.572261229999924 ], [ 105.640392491000057, -1.57206939799994 ] ] ] ] } },
{ "type": "Feature", "properties": { "kemendagri_kab_code": 1906, "kemendagri_kab_name": "Kabupaten Belitung Timur", "kemendagri_prov_code": 19, "kemendagri_prov_name": "Kepulauan Bangka Belitung" }, "geometry": { "type": "MultiPolygon", "coordinates": [ [ [ [ 107.961524154000074, -3.411137308999969 ], [ 107.959220837000032, -3.413440625999954 ], [ 107.959496854000065, -3.411013575999959 ], [ 107.961524154000074, -3.411137308999969 ] ] ], [ [ [ 107.99566939400006, -3.28447323499995 ], [ 107.995387620000088, -3.284855906999951 ], [ 107.995184742000049, -3.284589057999938 ], [ 107.99566939400006, -3.28447323499995 ] ] ], [ [ [ 107.985123166000051, -3.274305491999939 ], [ 107.985252609000042, -3.274010438999937 ], [ 107.985397280000086, -3.274280745999931 ], [ 107.985123166000051, -3.274305491999939 ] ] ], [ [ [ 107.984918306000054, -3.272746404999964 ], [ 107.985510218000059, -3.273599201999957 ], [ 107.984789013000068, -3.272866466999972 ], [ 107.984918306000054, -3.272746404999964 ] ] ], [ [ [ 107.99380353500004, -3.268583444999933 ], [ 107.993579621000038, -3.26972471199997 ], [ 107.992514450000044, -3.268923708999978 ], [ 107.99380353500004, -3.268583444999933 ] ] ], [ [ [ 107.959833800000069, -3.266500340999926 ], [ 107.959555107000085, -3.264804398999956 ], [ 107.960206999000036, -3.264938186999927 ], [ 107.959833800000069, -3.266500340999926 ] ] ], [ [ [ 107.972925689000078, -3.264633558999947 ], [ 107.973134130000062, -3.264739206999934 ], [ 107.972994217000064, -3.264804879999929 ], [ 107.972925689000078, -3.264633558999947 ] ] ], [ [ [ 107.972995169000058, -3.264328987999932 ], [ 107.972976133000088, -3.264398467999968 ], [ 107.972940917000074, -3.264369914999975 ], [ 107.972995169000058, -3.264328987999932 ] ] ], [ [ [ 107.972326064000072, -3.264505067999949 ], [ 107.971960580000086, -3.264133871999945 ], [ 107.972437423000088, -3.26405677799994 ], [ 107.972326064000072, -3.264505067999949 ] ] ], [ [ [ 107.959173034000059, -3.262278642999945 ], [ 107.959202725000068, -3.260754043999953 ], [ 107.959616743000083, -3.260707056999934 ], [ 107.959173034000059, -3.262278642999945 ] ] ], [ [ [ 107.951256306000062, -3.254134144999966 ], [ 107.950366315000053, -3.251890293999963 ], [ 107.951515019000055, -3.252220851999937 ], [ 107.951256306000062, -3.254134144999966 ] ] ], [ [ [ 107.953681462000077, -3.232533462999925 ], [ 107.953360334000081, -3.231455109999956 ], [ 107.953654462000088, -3.231483462999961 ], [ 107.953681462000077, -3.232533462999925 ] ] ], [ [ [ 107.941149187000065, -3.227465220999932 ], [ 107.941672668000081, -3.226503917999935 ], [ 107.941996275000065, -3.227398595999944 ], [ 107.941149187000065, -3.227465220999932 ] ] ], [ [ [ 107.944566093000049, -3.227560398999969 ], [ 107.945289449000086, -3.226342114999966 ], [ 107.94527041300006, -3.227427148999936 ], [ 107.944566093000049, -3.227560398999969 ] ] ], [ [ [ 107.907176797000034, -3.228178688999947 ], [ 107.906138820000081, -3.224771770999951 ], [ 107.906901726000058, -3.224347755999929 ], [ 107.907176797000034, -3.228178688999947 ] ] ], [ [ [ 107.946723, -3.220693 ], [ 107.945496, -3.22428 ], [ 107.944849, -3.224637 ], [ 107.945722, -3.220795 ], [ 107.946723, -3.220693 ] ] ], [ [ [ 107.941718576000085, -3.211241504999975 ], [ 107.94129027300005, -3.211294804999966 ], [ 107.941311212000073, -3.211163458999977 ], [ 107.941718576000085, -3.211241504999975 ] ] ], [ [ [ 107.899998344000039, -3.20618092199993 ], [ 107.899191595000048, -3.20608550299994 ], [ 107.899999423000054, -3.205868762999955 ], [ 107.899998344000039, -3.20618092199993 ] ] ], [ [ [ 107.937899769000069, -3.201384566999934 ], [ 107.937421317000087, -3.201670900999943 ], [ 107.937448086000074, -3.20150433799995 ], [ 107.937899769000069, -3.201384566999934 ] ] ], [ [ [ 107.914380376000054, -3.186489250999955 ], [ 107.916456972000049, -3.187775059999979 ], [ 107.91429733700005, -3.186583901999938 ], [ 107.914380376000054, -3.186489250999955 ] ] ], [ [ [ 107.879381729000045, -3.183009671999969 ], [ 107.879039871000089, -3.183273048999979 ], [ 107.879117609000048, -3.183031086999961 ], [ 107.879381729000045, -3.183009671999969 ] ] ], [ [ [ 107.914293496000084, -3.182962158999942 ], [ 107.913950076000049, -3.182567526999946 ], [ 107.914561605000074, -3.182266280999954 ], [ 107.914293496000084, -3.182962158999942 ] ] ], [ [ [ 107.922038546000067, -3.174680446999957 ], [ 107.919197469000039, -3.175729789999934 ], [ 107.918726336000077, -3.174873183999978 ], [ 107.922038546000067, -3.174680446999957 ] ] ], [ [ [ 107.921487581000065, -3.157752946999949 ], [ 107.917856427000061, -3.152713038999934 ], [ 107.920176492000053, -3.150239501999977 ], [ 107.921487581000065, -3.157752946999949 ] ] ], [ [ [ 107.887328963000073, -3.12240425799996 ], [ 107.893799769000054, -3.126259343999948 ], [ 107.890216227000053, -3.127525107999929 ], [ 107.887328963000073, -3.12240425799996 ] ] ], [ [ [ 107.863916235000033, -3.060831401999963 ], [ 107.863969773000065, -3.060605353999961 ], [ 107.864082797000037, -3.060789761999956 ], [ 107.863916235000033, -3.060831401999963 ] ] ], [ [ [ 107.939273924000076, -2.572915540999929 ], [ 107.953695, -2.569453 ], [ 107.958735858000068, -2.57830073699995 ], [ 107.989213324000048, -2.572374245999924 ], [ 108.007286235000038, -2.586357779999958 ], [ 108.010354187000075, -2.585080403999939 ], [ 108.012949448000086, -2.598021452999944 ], [ 108.002574988000049, -2.61815741099997 ], [ 108.012249857000086, -2.619592541999964 ], [ 108.024594926000077, -2.643403810999928 ], [ 108.029190889000063, -2.636272310999971 ], [ 108.025353929000062, -2.649484554999958 ], [ 108.029313115000036, -2.653030937999972 ], [ 108.03462352400004, -2.65088740799996 ], [ 108.039975424000033, -2.636191825999958 ], [ 108.032713730000069, -2.608024487999955 ], [ 108.044304916000044, -2.610703090999948 ], [ 108.041383544000041, -2.598873091999963 ], [ 108.068649580000056, -2.601731780999955 ], [ 108.064487891000056, -2.608640370999979 ], [ 108.086972682000066, -2.59716027199994 ], [ 108.095509511000046, -2.613834676999943 ], [ 108.103954042000055, -2.62147073999995 ], [ 108.11066405300005, -2.620701465999957 ], [ 108.113137356000038, -2.632044553999947 ], [ 108.126963133000061, -2.628987379999955 ], [ 108.13999274300005, -2.649750897999979 ], [ 108.155336348000048, -2.653864961999943 ], [ 108.148008560000051, -2.673708456999975 ], [ 108.161650010000074, -2.675660328999925 ], [ 108.162829033000037, -2.685773037999979 ], [ 108.171149593000052, -2.668943507999927 ], [ 108.196268135000082, -2.682973951999941 ], [ 108.191769175000047, -2.690923451999936 ], [ 108.199460370000054, -2.695415012999945 ], [ 108.202818102000037, -2.690030691999937 ], [ 108.249689002000082, -2.741507636999927 ], [ 108.270304599000042, -2.751179302999958 ], [ 108.266343151000058, -2.769829397999956 ], [ 108.299551805000078, -2.848133288999975 ], [ 108.294151181000075, -2.87876997099994 ], [ 108.263362418000042, -2.897104135999939 ], [ 108.245485244000065, -2.931488384999966 ], [ 108.247173562000057, -2.95518046799998 ], [ 108.207915712000045, -3.01332204199997 ], [ 108.216834980000044, -3.050406678999934 ], [ 108.213002912000036, -3.070109374999959 ], [ 108.206429176000086, -3.071978762999947 ], [ 108.179408042000034, -3.12166329799993 ], [ 108.185245317000067, -3.131106317999979 ], [ 108.201600746000054, -3.131346428999962 ], [ 108.208540036000045, -3.144975613999975 ], [ 108.184844505000058, -3.142252242999973 ], [ 108.174896671000056, -3.159636620999947 ], [ 108.150988919000042, -3.172107364999931 ], [ 108.11723672100004, -3.173719736999942 ], [ 108.118671770000049, -3.178946003999954 ], [ 108.100248975000056, -3.166530933999979 ], [ 108.081559791000075, -3.169014749999974 ], [ 108.068289483000058, -3.188758843999949 ], [ 108.072242293000045, -3.198745901999928 ], [ 108.086572311000054, -3.206674494999959 ], [ 108.080260326000086, -3.224449537999931 ], [ 108.079364389000034, -3.237147724999943 ], [ 108.082431193000048, -3.244540575999963 ], [ 108.060699079000074, -3.23883468899993 ], [ 108.014653364000083, -3.244135657999948 ], [ 107.984703117000038, -3.27252591499996 ], [ 107.966893538000079, -3.246458747999952 ], [ 107.967468711000038, -3.235612578999962 ], [ 107.963922714000034, -3.236948436999967 ], [ 107.958590919000073, -3.23730227599998 ], [ 107.967770509000047, -3.234769617999973 ], [ 107.974100298000053, -3.194580451999968 ], [ 107.964318277000075, -3.168160419999936 ], [ 107.948987255000077, -3.157024474999957 ], [ 107.941634816000033, -3.16497906099994 ], [ 107.949574966000057, -3.156322152999962 ], [ 107.932491522000078, -3.151024187999951 ], [ 107.929436647000045, -3.126292489999969 ], [ 107.925145655000051, -3.132085759999939 ], [ 107.92181241600008, -3.122719338999957 ], [ 107.904403004000073, -3.115304970999944 ], [ 107.88565335800007, -3.116935276999925 ], [ 107.880485169000053, -3.109448540999949 ], [ 107.899007870000048, -3.098043334999943 ], [ 107.888675230000047, -3.081481974999974 ], [ 107.864208234000046, -3.073355921999962 ], [ 107.864254695000056, -3.06089211699998 ], [ 107.863269092000053, -3.059863889999974 ], [ 107.86117207500007, -3.058690528999932 ], [ 107.848195683000085, -3.060059836999926 ], [ 107.864002729000049, -3.03545993399996 ], [ 107.864092718000052, -3.017390924999972 ], [ 107.843661178000048, -3.003499114999954 ], [ 107.833734078000077, -3.008882212999936 ], [ 107.823080712000035, -2.992152609999948 ], [ 107.790461282000081, -2.973814346999973 ], [ 107.786489798000048, -2.957704255999943 ], [ 107.764430578000088, -2.943984977999946 ], [ 107.763279280000063, -2.92454638199996 ], [ 107.751449811000043, -2.905609341999934 ], [ 107.759130264000078, -2.898550281999974 ], [ 107.747361111000089, -2.887972221999973 ], [ 107.783888889000082, -2.861888888999943 ], [ 107.823858723000058, -2.879719699999953 ], [ 107.871556646000045, -2.877773069999932 ], [ 107.848893826000051, -2.823633920999953 ], [ 107.866227452000032, -2.802669148999939 ], [ 107.916544962000046, -2.795122594999953 ], [ 107.933606161000057, -2.799985712999955 ], [ 107.984222222000085, -2.777027777999933 ], [ 107.969361111000069, -2.761638888999926 ], [ 107.96536111100005, -2.736 ], [ 107.955642879000038, -2.74002308699994 ], [ 107.945054262000042, -2.732645281999964 ], [ 107.951277778000076, -2.720111110999937 ], [ 107.945388889000071, -2.709444443999928 ], [ 107.905925332000038, -2.712077878999935 ], [ 107.879112452000072, -2.692071168999973 ], [ 107.895657587000073, -2.651389905999963 ], [ 107.895111502000077, -2.632868322999968 ], [ 107.927361679000057, -2.621410490999949 ], [ 107.937884849000056, -2.610092250999969 ], [ 107.947127410000064, -2.589580154999965 ], [ 107.939273924000076, -2.572915540999929 ] ] ], [ [ [ 108.027729771000054, -2.647873882999932 ], [ 108.029338632000076, -2.650893180999958 ], [ 108.027157920000036, -2.649752957999965 ], [ 108.027729771000054, -2.647873882999932 ] ] ], [ [ [ 108.007826773000033, -2.616633805999925 ], [ 108.007763955000087, -2.615811464999979 ], [ 108.00797792700007, -2.615755810999929 ], [ 108.007826773000033, -2.616633805999925 ] ] ], [ [ [ 108.007828126000049, -2.585086545999957 ], [ 108.00736555800006, -2.58436414199997 ], [ 108.008227875000046, -2.58450690899997 ], [ 108.007828126000049, -2.585086545999957 ] ] ], [ [ [ 107.939072767000084, -2.572066947999929 ], [ 107.938450722000084, -2.570714181999961 ], [ 107.938882410000076, -2.570663065999952 ], [ 107.939072767000084, -2.572066947999929 ] ] ], [ [ [ 107.940345074000049, -2.570958402999963 ], [ 107.939328806000049, -2.572111439999958 ], [ 107.939136308000059, -2.570591966999928 ], [ 107.940345074000049, -2.570958402999963 ] ] ], [ [ [ 107.987911087000043, -2.551432949999935 ], [ 107.990675119000059, -2.55310824399993 ], [ 107.987123390000079, -2.552117091999946 ], [ 107.987911087000043, -2.551432949999935 ] ] ], [ [ [ 108.045306820000064, -3.800182038999935 ], [ 108.046710702000041, -3.801466947999927 ], [ 108.04528302600005, -3.801205206999953 ], [ 108.045306820000064, -3.800182038999935 ] ] ], [ [ [ 108.062106767000046, -3.788509830999942 ], [ 108.06183074900008, -3.789352159999964 ], [ 108.06158328500004, -3.78918559799996 ], [ 108.062106767000046, -3.788509830999942 ] ] ], [ [ [ 108.073989132000065, -3.250922058999947 ], [ 108.073493235000058, -3.25024554099997 ], [ 108.073615177000079, -3.250106403999951 ], [ 108.073989132000065, -3.250922058999947 ] ] ], [ [ [ 108.083922238000071, -3.246195471999954 ], [ 108.084054531000049, -3.245931667999969 ], [ 108.084104856000067, -3.245951491999961 ], [ 108.083922238000071, -3.246195471999954 ] ] ], [ [ [ 108.08104469400007, -3.234976255999925 ], [ 108.081216016000042, -3.235226098999931 ], [ 108.081011382000042, -3.235195165999926 ], [ 108.08104469400007, -3.234976255999925 ] ] ], [ [ [ 108.080723467000041, -3.234771621999926 ], [ 108.080951895000055, -3.234754964999979 ], [ 108.080973311000037, -3.23491200999996 ], [ 108.080723467000041, -3.234771621999926 ] ] ], [ [ [ 108.081175564000034, -3.234571746999961 ], [ 108.081056592000039, -3.23463837099996 ], [ 108.08111369900007, -3.234538434999934 ], [ 108.081175564000034, -3.234571746999961 ] ] ], [ [ [ 108.081004244000042, -3.234355215999926 ], [ 108.080935239000041, -3.234593161999953 ], [ 108.080878132000066, -3.234409943999935 ], [ 108.081004244000042, -3.234355215999926 ] ] ], [ [ [ 108.200381489000051, -3.21876300699995 ], [ 108.195837028000085, -3.22894163999996 ], [ 108.186217802000044, -3.227969515999973 ], [ 108.191856378000068, -3.220257353999955 ], [ 108.200381489000051, -3.21876300699995 ] ] ], [ [ [ 108.090417965000086, -3.220239642999957 ], [ 108.090585717000067, -3.219964814999969 ], [ 108.09062140900005, -3.220114720999959 ], [ 108.090417965000086, -3.220239642999957 ] ] ], [ [ [ 108.090769525000042, -3.219556902999955 ], [ 108.090916100000072, -3.219579745999965 ], [ 108.090788561000068, -3.219617816999971 ], [ 108.090769525000042, -3.219556902999955 ] ] ], [ [ [ 108.086578878000068, -3.209910434999927 ], [ 108.086787319000052, -3.209867603999953 ], [ 108.086750199000051, -3.210027503999925 ], [ 108.086578878000068, -3.209910434999927 ] ] ], [ [ [ 108.206497350000063, -3.199589171999946 ], [ 108.200206903000037, -3.207564193999929 ], [ 108.185961716000065, -3.212281694999945 ], [ 108.192516546000036, -3.20511296199993 ], [ 108.206497350000063, -3.199589171999946 ] ] ], [ [ [ 108.083420985000089, -3.204822017999959 ], [ 108.083456780000063, -3.204657150999935 ], [ 108.083513149000055, -3.204712301999962 ], [ 108.083420985000089, -3.204822017999959 ] ] ], [ [ [ 108.082549792000066, -3.204363950999948 ], [ 108.082624412000087, -3.204418773999976 ], [ 108.082589387000041, -3.204423342999974 ], [ 108.082549792000066, -3.204363950999948 ] ] ], [ [ [ 108.084031550000077, -3.203946346999942 ], [ 108.08416771800006, -3.204052184999966 ], [ 108.084009722000076, -3.20401030599993 ], [ 108.084031550000077, -3.203946346999942 ] ] ], [ [ [ 108.082801063000034, -3.203984759999969 ], [ 108.082872638000083, -3.203954302999932 ], [ 108.082875683000054, -3.203989328999967 ], [ 108.082801063000034, -3.203984759999969 ] ] ], [ [ [ 108.177410717000043, -3.189911102999929 ], [ 108.186761578000073, -3.189502661999938 ], [ 108.187978110000074, -3.19113770499996 ], [ 108.177410717000043, -3.189911102999929 ] ] ], [ [ [ 108.124865702000079, -3.182782452999959 ], [ 108.131528919000061, -3.18166317999993 ], [ 108.132916851000061, -3.185502768999925 ], [ 108.124865702000079, -3.182782452999959 ] ] ], [ [ [ 108.179136858000049, -3.174524957999949 ], [ 108.182843848000061, -3.179442449999954 ], [ 108.176678111000058, -3.177520717999926 ], [ 108.179136858000049, -3.174524957999949 ] ] ], [ [ [ 108.078860963000068, -3.178829070999939 ], [ 108.077068031000067, -3.175857618999942 ], [ 108.078381493000052, -3.174995301999957 ], [ 108.078860963000068, -3.178829070999939 ] ] ], [ [ [ 108.158941821000042, -3.172294434999969 ], [ 108.162770829000067, -3.175843181999937 ], [ 108.158301878000088, -3.17447754899996 ], [ 108.158941821000042, -3.172294434999969 ] ] ], [ [ [ 108.197251535000078, -3.172794602999943 ], [ 108.207946822000054, -3.175705458999971 ], [ 108.197541624000053, -3.176314426999966 ], [ 108.197251535000078, -3.172794602999943 ] ] ], [ [ [ 108.18472724600008, -3.167012066999973 ], [ 108.194757652000078, -3.169676051999943 ], [ 108.180429612000069, -3.173738920999938 ], [ 108.18472724600008, -3.167012066999973 ] ] ], [ [ [ 108.193090478000045, -3.161888172999966 ], [ 108.193504359000087, -3.164072492999935 ], [ 108.191902160000041, -3.163353824999945 ], [ 108.193090478000045, -3.161888172999966 ] ] ], [ [ [ 108.201079999000058, -2.687032764999969 ], [ 108.200380437000035, -2.685390936999966 ], [ 108.202150756000037, -2.687118424999937 ], [ 108.201079999000058, -2.687032764999969 ] ] ], [ [ [ 108.035179, -2.648669 ], [ 108.031655220000061, -2.649757042999966 ], [ 108.033886991000088, -2.64608501999993 ], [ 108.035179, -2.648669 ] ] ], [ [ [ 108.029602183000065, -2.645013709999944 ], [ 108.030361583000058, -2.648024562999979 ], [ 108.028825403000042, -2.646414143999948 ], [ 108.029602183000065, -2.645013709999944 ] ] ], [ [ [ 108.032191856000054, -2.640450083999951 ], [ 108.03497916300006, -2.644556810999973 ], [ 108.031923624000058, -2.647932281999942 ], [ 108.032191856000054, -2.640450083999951 ] ] ], [ [ [ 108.031509909000079, -2.640345164999928 ], [ 108.032271329000082, -2.640085074999945 ], [ 108.031586044000051, -2.640846502999977 ], [ 108.031509909000079, -2.640345164999928 ] ] ], [ [ [ 108.113785688000064, -2.631591894999929 ], [ 108.113996432000079, -2.630888693999964 ], [ 108.114271443000064, -2.630980053999963 ], [ 108.113785688000064, -2.631591894999929 ] ] ], [ [ [ 108.100270149000039, -2.614618470999972 ], [ 108.104168776000051, -2.61854595899996 ], [ 108.102287005000051, -2.619354960999942 ], [ 108.100270149000039, -2.614618470999972 ] ] ], [ [ [ 108.096056855000086, -2.604445151999926 ], [ 108.095174752000048, -2.604501514999924 ], [ 108.095722966000039, -2.604167073999974 ], [ 108.096056855000086, -2.604445151999926 ] ] ], [ [ [ 108.412043557000061, -3.302310869999928 ], [ 108.410015025000064, -3.315923614999974 ], [ 108.40555142900007, -3.316528241999947 ], [ 108.412043557000061, -3.302310869999928 ] ] ], [ [ [ 108.394989896000084, -3.283767705999935 ], [ 108.392280473000085, -3.299271344999966 ], [ 108.382434013000079, -3.303479151999966 ], [ 108.38027818200004, -3.299752507999926 ], [ 108.394989896000084, -3.283767705999935 ] ] ], [ [ [ 108.365571577000082, -3.266778347999946 ], [ 108.364695180000069, -3.268815962999952 ], [ 108.365048624000053, -3.266230655999948 ], [ 108.365571577000082, -3.266778347999946 ] ] ], [ [ [ 108.387339207000082, -3.24363447099995 ], [ 108.391595161000055, -3.252654078999967 ], [ 108.381656609000061, -3.261236271999962 ], [ 108.373684475000061, -3.246377826999947 ], [ 108.387339207000082, -3.24363447099995 ] ] ], [ [ [ 108.391976558000067, -3.246032185999979 ], [ 108.389704173000041, -3.243722680999952 ], [ 108.391758444000061, -3.243185398999969 ], [ 108.391976558000067, -3.246032185999979 ] ] ], [ [ [ 108.309009847000084, -3.237506555999971 ], [ 108.308000126000081, -3.236679505999973 ], [ 108.308666950000088, -3.236266524999962 ], [ 108.309009847000084, -3.237506555999971 ] ] ], [ [ [ 108.287586871000087, -3.231571839999958 ], [ 108.288202759000058, -3.230236927999954 ], [ 108.287821370000074, -3.231954865999967 ], [ 108.287586871000087, -3.231571839999958 ] ] ], [ [ [ 108.303546474000086, -3.226974146999964 ], [ 108.306361921000075, -3.229104132999964 ], [ 108.303877764000049, -3.228704383999968 ], [ 108.303546474000086, -3.226974146999964 ] ] ], [ [ [ 108.273886362000042, -3.226453873999958 ], [ 108.275502016000075, -3.227522251999972 ], [ 108.274110032000067, -3.227593635999938 ], [ 108.273886362000042, -3.226453873999958 ] ] ], [ [ [ 108.290259424000055, -3.224901122999938 ], [ 108.289260051000042, -3.223810377999939 ], [ 108.289965323000047, -3.223327823999966 ], [ 108.290259424000055, -3.224901122999938 ] ] ], [ [ [ 108.287280758000065, -3.208338090999973 ], [ 108.285610270000063, -3.220180194999955 ], [ 108.276065384000049, -3.22438297399998 ], [ 108.275854480000078, -3.212630498999943 ], [ 108.287280758000065, -3.208338090999973 ] ] ], [ [ [ 108.242912858000068, -3.148996714999953 ], [ 108.246278429000085, -3.149311165999961 ], [ 108.242328648000068, -3.150593674999925 ], [ 108.242912858000068, -3.148996714999953 ] ] ], [ [ [ 108.212458297000069, -3.143243169999948 ], [ 108.217919969000036, -3.14732666499998 ], [ 108.211572742000044, -3.150075866999941 ], [ 108.212458297000069, -3.143243169999948 ] ] ], [ [ [ 108.206720856000061, -3.077763138999956 ], [ 108.206608277000043, -3.078032531999952 ], [ 108.206532991000074, -3.077864016999968 ], [ 108.206720856000061, -3.077763138999956 ] ] ], [ [ [ 108.268846780000047, -3.074270877999936 ], [ 108.268011232000049, -3.073073422999926 ], [ 108.269214288000057, -3.073465557999953 ], [ 108.268846780000047, -3.074270877999936 ] ] ], [ [ [ 108.29788767000008, -3.059667014999945 ], [ 108.301010297000062, -3.066504201999976 ], [ 108.296861233000072, -3.068001205999963 ], [ 108.29788767000008, -3.059667014999945 ] ] ], [ [ [ 108.276860922000083, -3.062037164999936 ], [ 108.277185434000046, -3.061861146999945 ], [ 108.277350830000046, -3.062131932999932 ], [ 108.276860922000083, -3.062037164999936 ] ] ], [ [ [ 108.256316747000085, -3.045062126999937 ], [ 108.273525656000061, -3.055089757999951 ], [ 108.255248605000077, -3.058212577999939 ], [ 108.242013463000035, -3.076712546999943 ], [ 108.235288496000067, -3.064221893999957 ], [ 108.243445650000069, -3.04898469099993 ], [ 108.256316747000085, -3.045062126999937 ] ] ], [ [ [ 108.216065965000041, -3.033536356999946 ], [ 108.214701847000072, -3.034301341999935 ], [ 108.21429676200006, -3.033848534999947 ], [ 108.216065965000041, -3.033536356999946 ] ] ], [ [ [ 108.277577668000049, -3.01544150899997 ], [ 108.276739399000064, -3.01356420299993 ], [ 108.278184352000039, -3.014497553999945 ], [ 108.277577668000049, -3.01544150899997 ] ] ], [ [ [ 108.282989365000049, -2.978990411999973 ], [ 108.27798589300005, -2.978356244999929 ], [ 108.281269188000067, -2.97586232499998 ], [ 108.282989365000049, -2.978990411999973 ] ] ], [ [ [ 108.391668076000087, -2.840965064999978 ], [ 108.391867950000062, -2.840401132999943 ], [ 108.392060687000082, -2.841007894999962 ], [ 108.391668076000087, -2.840965064999978 ] ] ], [ [ [ 108.394135532000064, -2.839741087999926 ], [ 108.394459139000048, -2.839691595999966 ], [ 108.394242132000045, -2.839828651999937 ], [ 108.394135532000064, -2.839741087999926 ] ] ], [ [ [ 108.401674634000074, -2.80938305899997 ], [ 108.401771638000071, -2.810706850999964 ], [ 108.404087060000052, -2.814207520999958 ], [ 108.401338636000048, -2.811557508999954 ], [ 108.401674634000074, -2.80938305899997 ] ] ], [ [ [ 108.410117717000048, -2.798571778999928 ], [ 108.410074886000075, -2.797301145999938 ], [ 108.411145644000044, -2.798743099999967 ], [ 108.410117717000048, -2.798571778999928 ] ] ], [ [ [ 108.417390451000074, -2.793133799999964 ], [ 108.415528054000049, -2.791321876999973 ], [ 108.415671694000082, -2.790886025999953 ], [ 108.417390451000074, -2.793133799999964 ] ] ], [ [ [ 108.36846960400004, -2.768743410999946 ], [ 108.369326210000054, -2.765602521999938 ], [ 108.369040675000065, -2.768686303999971 ], [ 108.36846960400004, -2.768743410999946 ] ] ], [ [ [ 108.272756586000071, -2.752528551999944 ], [ 108.272723273000054, -2.753071069999976 ], [ 108.272504363000053, -2.753009203999966 ], [ 108.272756586000071, -2.752528551999944 ] ] ], [ [ [ 108.261782252000046, -2.742380767999975 ], [ 108.261607369000046, -2.742328719999932 ], [ 108.261794148000035, -2.74216847699995 ], [ 108.261782252000046, -2.742380767999975 ] ] ], [ [ [ 108.25792664800008, -2.740389928999946 ], [ 108.256195232000039, -2.739909670999964 ], [ 108.258106032000057, -2.738918816999956 ], [ 108.25792664800008, -2.740389928999946 ] ] ], [ [ [ 108.42082279300007, -2.687231896999947 ], [ 108.412430924000034, -2.68646184399995 ], [ 108.414029209000034, -2.68171775999997 ], [ 108.42082279300007, -2.687231896999947 ] ] ], [ [ [ 108.239180083000065, -2.66494021699998 ], [ 108.237395488000061, -2.66129964199996 ], [ 108.239751154000032, -2.66479744999998 ], [ 108.239180083000065, -2.66494021699998 ] ] ], [ [ [ 108.207902089000072, -2.622573659999944 ], [ 108.20725963600006, -2.621417242999939 ], [ 108.20866589700006, -2.622559383999942 ], [ 108.207902089000072, -2.622573659999944 ] ] ], [ [ [ 108.44039058900006, -3.323953719999963 ], [ 108.445888669000055, -3.330572578999977 ], [ 108.444389923000074, -3.341258134999975 ], [ 108.437607556000046, -3.330211915999939 ], [ 108.44039058900006, -3.323953719999963 ] ] ], [ [ [ 108.459424005000074, -3.32291691699993 ], [ 108.461383332000082, -3.324443638999981 ], [ 108.460245636000082, -3.326066044999948 ], [ 108.459424005000074, -3.32291691699993 ] ] ], [ [ [ 108.458779084000071, -3.312547278999944 ], [ 108.462374753000063, -3.316329861999975 ], [ 108.457916697000087, -3.315928243999963 ], [ 108.458779084000071, -3.312547278999944 ] ] ], [ [ [ 108.462275484000088, -3.306595405999929 ], [ 108.464797850000082, -3.310468993999962 ], [ 108.46214043100008, -3.31036876099995 ], [ 108.462275484000088, -3.306595405999929 ] ] ], [ [ [ 108.460367821000034, -3.304025847999981 ], [ 108.460177737000038, -3.303279245999931 ], [ 108.460853504000056, -3.303298281999957 ], [ 108.460367821000034, -3.304025847999981 ] ] ], [ [ [ 108.428271467000059, -2.708524758999943 ], [ 108.431897040000081, -2.712099920999947 ], [ 108.427557861000082, -2.709161355999925 ], [ 108.428271467000059, -2.708524758999943 ] ] ], [ [ [ 108.490920703000086, -2.679213914999934 ], [ 108.489753219000079, -2.679146940999942 ], [ 108.489706885000032, -2.678077881999968 ], [ 108.490920703000086, -2.679213914999934 ] ] ], [ [ [ 108.423207913000056, -2.673935434999976 ], [ 108.423485834000076, -2.673429084999952 ], [ 108.423737104000054, -2.674141019999979 ], [ 108.423207913000056, -2.673935434999976 ] ] ], [ [ [ 108.492130621000058, -2.631809904999955 ], [ 108.498963234000087, -2.634112676999962 ], [ 108.497653509000088, -2.638975444999971 ], [ 108.492130621000058, -2.631809904999955 ] ] ], [ [ [ 108.61665391300005, -2.592388616999926 ], [ 108.616318409000087, -2.591417796999963 ], [ 108.616482592000068, -2.591178661999948 ], [ 108.61665391300005, -2.592388616999926 ] ] ], [ [ [ 108.730204706000052, -2.582174563999956 ], [ 108.741882860000032, -2.59352337699994 ], [ 108.739269274000037, -2.59854013599994 ], [ 108.726701053000056, -2.593239524999944 ], [ 108.730204706000052, -2.582174563999956 ] ] ], [ [ [ 108.611392925000075, -2.589925398999981 ], [ 108.610172262000049, -2.588312124999959 ], [ 108.610407828000064, -2.587584009999944 ], [ 108.611392925000075, -2.589925398999981 ] ] ], [ [ [ 108.715635279000082, -2.586356321999972 ], [ 108.714980452000077, -2.585415958999931 ], [ 108.715759519000073, -2.584685114999957 ], [ 108.715635279000082, -2.586356321999972 ] ] ], [ [ [ 108.618428, -2.581462647999956 ], [ 108.614144970000041, -2.580491827999936 ], [ 108.613923680000084, -2.572168472999977 ], [ 108.618428, -2.581462647999956 ] ] ], [ [ [ 108.600129347000063, -2.577311405999978 ], [ 108.598971861000052, -2.573956436999936 ], [ 108.600294271000053, -2.573903539999947 ], [ 108.600129347000063, -2.577311405999978 ] ] ], [ [ [ 108.749206428000036, -2.573394768999947 ], [ 108.749359037000033, -2.576419324999961 ], [ 108.748180413000057, -2.573677102999966 ], [ 108.749206428000036, -2.573394768999947 ] ] ], [ [ [ 108.57061480200008, -2.570926437999958 ], [ 108.565532504000089, -2.579909034999957 ], [ 108.561992290000035, -2.565183558999934 ], [ 108.57061480200008, -2.570926437999958 ] ] ], [ [ [ 108.768290316000048, -2.571334972999978 ], [ 108.765078043000074, -2.569603916999938 ], [ 108.765518244000077, -2.568741361999969 ], [ 108.768290316000048, -2.571334972999978 ] ] ], [ [ [ 108.598102047000054, -2.570786923999947 ], [ 108.598330475000068, -2.568545471999926 ], [ 108.59897292900007, -2.570872584999961 ], [ 108.598102047000054, -2.570786923999947 ] ] ], [ [ [ 108.556037409000055, -2.566978899999981 ], [ 108.555523446000052, -2.565084848999959 ], [ 108.556570409000074, -2.566483971999958 ], [ 108.556037409000055, -2.566978899999981 ] ] ], [ [ [ 108.668015571000069, -2.562775629999976 ], [ 108.666466541000034, -2.561819086999947 ], [ 108.666673555000045, -2.561612073999925 ], [ 108.668015571000069, -2.562775629999976 ] ] ], [ [ [ 108.552274419000071, -2.561319827999966 ], [ 108.551903223000068, -2.563090146999969 ], [ 108.55096095600004, -2.561034292999977 ], [ 108.552274419000071, -2.561319827999966 ] ] ], [ [ [ 108.564846346000081, -2.555865365999978 ], [ 108.561632725000038, -2.554567537999958 ], [ 108.562661842000068, -2.552907864999952 ], [ 108.564846346000081, -2.555865365999978 ] ] ], [ [ [ 108.566792588000055, -2.540875325999934 ], [ 108.567762218000041, -2.545347918999937 ], [ 108.564847377000035, -2.543349171999978 ], [ 108.566792588000055, -2.540875325999934 ] ] ], [ [ [ 108.748403415000041, -2.532895574999941 ], [ 108.748254698000039, -2.527095638999981 ], [ 108.750842362000071, -2.531765330999974 ], [ 108.748403415000041, -2.532895574999941 ] ] ], [ [ [ 108.831103695000081, -2.521448789999965 ], [ 108.830260098000053, -2.520561759999964 ], [ 108.829692123000086, -2.520005862999938 ], [ 108.828616188000069, -2.518445047999933 ], [ 108.82850989700006, -2.518002348999971 ], [ 108.831103695000081, -2.521448789999965 ] ] ], [ [ [ 108.770589906000055, -2.522600439999962 ], [ 108.768281828000056, -2.518127053999933 ], [ 108.771827225000038, -2.521767628999953 ], [ 108.770589906000055, -2.522600439999962 ] ] ], [ [ [ 108.77365941000005, -2.519864059999975 ], [ 108.771089592000067, -2.515604824999969 ], [ 108.775182265000069, -2.51919781099997 ], [ 108.77365941000005, -2.519864059999975 ] ] ], [ [ [ 108.526305926000077, -2.512128799999971 ], [ 108.527525121000053, -2.513781449999954 ], [ 108.526272205000055, -2.51371366199993 ], [ 108.526305926000077, -2.512128799999971 ] ] ], [ [ [ 108.871612828000082, -2.507343648999949 ], [ 108.866998577000061, -2.502957826999932 ], [ 108.869115346000058, -2.50178522799996 ], [ 108.871612828000082, -2.507343648999949 ] ] ], [ [ [ 108.546624177000069, -2.495289581999941 ], [ 108.548375910000061, -2.507724461999942 ], [ 108.536737490000064, -2.513138211999944 ], [ 108.534989756000073, -2.499806697999929 ], [ 108.546624177000069, -2.495289581999941 ] ] ], [ [ [ 108.847109106000062, -2.494496650999963 ], [ 108.844915154000034, -2.494150756999943 ], [ 108.84586697900005, -2.49281775399993 ], [ 108.847109106000062, -2.494496650999963 ] ] ], [ [ [ 108.546168512000065, -2.491750112999966 ], [ 108.546384, -2.492374 ], [ 108.545616477000067, -2.492273593999926 ], [ 108.546168512000065, -2.491750112999966 ] ] ] ] } },
{ "type": "Feature", "properties": { "kemendagri_kab_code": 1971, "kemendagri_kab_name": "Kota Pangkal Pinang", "kemendagri_prov_code": 19, "kemendagri_prov_name": "Kepulauan Bangka Belitung" }, "geometry": { "type": "Polygon", "coordinates": [ [ [ 106.150094012000068, -2.082416397999964 ], [ 106.182258176000062, -2.131549388999929 ], [ 106.17468638400004, -2.154490524999972 ], [ 106.156755257000043, -2.160725071999934 ], [ 106.13272777800006, -2.145977777999974 ], [ 106.112399372000084, -2.15460094499997 ], [ 106.088645137000071, -2.14432057099998 ], [ 106.08421644200007, -2.129279351999969 ], [ 106.039428622000059, -2.110490205999952 ], [ 106.048550022000086, -2.098756689999959 ], [ 106.040731050000034, -2.079564861999927 ], [ 106.059791301000075, -2.067031221999969 ], [ 106.071194741000056, -2.07551407099993 ], [ 106.098117512000044, -2.07543269699994 ], [ 106.100955153000086, -2.081811244999926 ], [ 106.108179892000067, -2.07722204199996 ], [ 106.106521049000037, -2.06581198799995 ], [ 106.111191701000052, -2.07066230199996 ], [ 106.130879033000042, -2.057336907999968 ], [ 106.141632602000072, -2.075924871999973 ], [ 106.127797744000077, -2.089899623999941 ], [ 106.129836447000059, -2.096575382999958 ], [ 106.150094012000068, -2.082416397999964 ] ] ] } }
]
}
