{
"type": "FeatureCollection",
"name": "21",
"crs": { "type": "name", "properties": { "name": "urn:ogc:def:crs:OGC:1.3:CRS84" } },
"features": [
{ "type": "Feature", "properties": { "kemendagri_kab_code": 2101, "kemendagri_kab_name": "Kabupaten Bintan", "kemendagri_prov_code": 21, "kemendagri_prov_name": "Kepulauan Riau" }, "geometry": { "type": "MultiPolygon", "coordinates": [ [ [ [ 104.445372039000063, 0.768678771000054 ], [ 104.444386239000039, 0.768870888000038 ], [ 104.445332576000055, 0.769798316000049 ], [ 104.445372039000063, 0.768678771000054 ] ] ], [ [ [ 104.435732792000067, 0.772940831000028 ], [ 104.436277687000086, 0.772556412000029 ], [ 104.435789025000076, 0.772460224000042 ], [ 104.435732792000067, 0.772940831000028 ] ] ], [ [ [ 104.434021621000056, 0.774394032000032 ], [ 104.432797593000032, 0.775527271000044 ], [ 104.434266705000084, 0.775243500000045 ], [ 104.434021621000056, 0.774394032000032 ] ] ], [ [ [ 104.362820114000044, 0.848586441000066 ], [ 104.366160301000036, 0.825537603000043 ], [ 104.356823997000049, 0.813834725000049 ], [ 104.360538878000057, 0.835912163000046 ], [ 104.353271778000078, 0.845443940000052 ], [ 104.362820114000044, 0.848586441000066 ] ] ], [ [ [ 104.388233880000087, 0.859512662000043 ], [ 104.386510702000066, 0.856559823000055 ], [ 104.385589693000043, 0.858900706000043 ], [ 104.388233880000087, 0.859512662000043 ] ] ], [ [ [ 104.226376076000065, 0.983806947000062 ], [ 104.228126447000079, 0.980898353000043 ], [ 104.225696916000061, 0.981635639000046 ], [ 104.226376076000065, 0.983806947000062 ] ] ], [ [ [ 104.260472593000088, 0.98377752600004 ], [ 104.260801226000069, 0.983622112000035 ], [ 104.260441745000037, 0.983571145000042 ], [ 104.260472593000088, 0.98377752600004 ] ] ], [ [ [ 104.260798360000081, 0.98388219900005 ], [ 104.26120278500008, 0.983902078000028 ], [ 104.260862981000059, 0.983771959000023 ], [ 104.260798360000081, 0.98388219900005 ] ] ], [ [ [ 104.242319800000075, 0.997185301000059 ], [ 104.262527692000049, 0.987181742000075 ], [ 104.259983282000064, 0.983134813000049 ], [ 104.262161664000075, 0.978570492000074 ], [ 104.258685725000078, 0.973905106000075 ], [ 104.232095221000066, 0.979378334000046 ], [ 104.242319800000075, 0.997185301000059 ] ] ], [ [ [ 104.426466991000041, 0.998414103000073 ], [ 104.433876492000081, 0.996648434000065 ], [ 104.429377216000034, 0.995669464000059 ], [ 104.426466991000041, 0.998414103000073 ] ] ], [ [ [ 104.244735224000067, 0.996818346000055 ], [ 104.244325033000052, 0.997451506000061 ], [ 104.245324886000049, 0.997389542000064 ], [ 104.244735224000067, 0.996818346000055 ] ] ], [ [ [ 104.396207010000069, 0.999693010000044 ], [ 104.396450535000042, 1.000002325000025 ], [ 104.39675313500004, 0.999740324000072 ], [ 104.396207010000069, 0.999693010000044 ] ] ], [ [ [ 104.393148138000072, 1.015278372000068 ], [ 104.392125605000047, 1.002558453000063 ], [ 104.39722090500004, 0.997249718000035 ], [ 104.36600173000005, 0.98986790400005 ], [ 104.378790648000063, 1.003490577000036 ], [ 104.382978317000038, 1.01533753800004 ], [ 104.393148138000072, 1.015278372000068 ] ] ], [ [ [ 104.436501921000058, 1.010080258000073 ], [ 104.441303792000042, 1.012247248000051 ], [ 104.441996, 1.008046801000035 ], [ 104.436501921000058, 1.010080258000073 ] ] ], [ [ [ 104.447723844000052, 1.015474213000061 ], [ 104.449258155000052, 1.007519455000022 ], [ 104.446620905000088, 1.006713583000021 ], [ 104.442474330000039, 1.009604725000031 ], [ 104.447723844000052, 1.015474213000061 ] ] ], [ [ [ 104.572585802000049, 1.229243858000075 ], [ 104.586808475000055, 1.222149843000068 ], [ 104.587367252000035, 1.204923805000021 ], [ 104.57588622600008, 1.193497335000075 ], [ 104.577422847000037, 1.15502225900002 ], [ 104.597209717000055, 1.125353645000075 ], [ 104.635246213000073, 1.108447682000076 ], [ 104.637878307000051, 1.083175503000064 ], [ 104.657403672000044, 1.045304283000064 ], [ 104.647767198000054, 1.002863770000033 ], [ 104.655193667000049, 1.001168231000065 ], [ 104.647691390000034, 1.002603657000066 ], [ 104.634054657000036, 0.986032778000038 ], [ 104.635092044000032, 0.977063539000028 ], [ 104.646945167000069, 0.95989791300002 ], [ 104.639291471000035, 0.946411264000062 ], [ 104.659923019000075, 0.942893463000075 ], [ 104.660090042000036, 0.914471356000035 ], [ 104.619948737000072, 0.900670491000028 ], [ 104.611438253000074, 0.885798478000027 ], [ 104.610966775000065, 0.831117259000052 ], [ 104.59299678900004, 0.809924099000057 ], [ 104.518671984000036, 0.827430277000076 ], [ 104.513092478000033, 0.849287472000071 ], [ 104.545604759000071, 0.880833859000063 ], [ 104.537652961000049, 0.896539330000053 ], [ 104.552013566000085, 0.915497837000032 ], [ 104.545513454000059, 0.941536662000033 ], [ 104.527681747000088, 0.945564812000043 ], [ 104.519533111000044, 0.960184935000029 ], [ 104.52162303700004, 0.97733211000002 ], [ 104.510927096000046, 0.971401976000038 ], [ 104.498174983000069, 0.976973857000075 ], [ 104.500000103000048, 0.99108331900004 ], [ 104.476426352000033, 0.989108045000023 ], [ 104.473387222000042, 0.977462222000042 ], [ 104.440760131000047, 0.997215547000053 ], [ 104.463700127000038, 1.022207238000021 ], [ 104.485156622000034, 1.016160081000066 ], [ 104.488513, 1.035036 ], [ 104.475911456000063, 1.02724273900003 ], [ 104.452657509000062, 1.055016093000063 ], [ 104.427362878000054, 1.052330257000051 ], [ 104.417187661000071, 1.039666216000057 ], [ 104.41669446700007, 1.054813314000057 ], [ 104.404620153000053, 1.053711262000036 ], [ 104.405420349000053, 1.034256286000073 ], [ 104.374129832000051, 1.010414329000071 ], [ 104.343239915000083, 1.019780559000026 ], [ 104.337539698000057, 1.030010043000061 ], [ 104.321267380000052, 1.042079939000075 ], [ 104.313702034000073, 1.03862226900003 ], [ 104.320718340000042, 1.02459906200005 ], [ 104.338967984000078, 1.025416325000037 ], [ 104.331631947000062, 0.995040328000073 ], [ 104.259639396000068, 1.000020518000042 ], [ 104.227242354000055, 1.018914882000047 ], [ 104.23679984000006, 1.038539169000046 ], [ 104.213728725000067, 1.071523169000045 ], [ 104.218110978000084, 1.08930476200004 ], [ 104.24031463700004, 1.111219806000065 ], [ 104.238693154000032, 1.123838207000063 ], [ 104.25886046800008, 1.122226148000038 ], [ 104.281463171000041, 1.128064030000075 ], [ 104.280677905000061, 1.132418750000056 ], [ 104.277815041000053, 1.134057595000058 ], [ 104.280639104000045, 1.134675422000043 ], [ 104.282610488000046, 1.128379606000067 ], [ 104.328620739000087, 1.137787802000048 ], [ 104.332208380000054, 1.146009792000029 ], [ 104.315210742000033, 1.160880893000069 ], [ 104.330289564000054, 1.163942915000064 ], [ 104.317846468000084, 1.165556999000046 ], [ 104.318147759000055, 1.174060906000022 ], [ 104.316484667000054, 1.175360950000027 ], [ 104.311177554000039, 1.174940592000041 ], [ 104.310487511000076, 1.175521181000022 ], [ 104.312031133000062, 1.18218722000006 ], [ 104.329583770000056, 1.179126987000075 ], [ 104.339716281000051, 1.185436650000042 ], [ 104.339040745000034, 1.191192311000066 ], [ 104.362412626000037, 1.179097997000042 ], [ 104.371538392000048, 1.178873917000033 ], [ 104.380609219000064, 1.185813684000038 ], [ 104.379275481000036, 1.196412205000058 ], [ 104.386918164000065, 1.196727744000043 ], [ 104.392206342000065, 1.200381558000061 ], [ 104.393691411000077, 1.203972325000052 ], [ 104.396391473000051, 1.200379664000025 ], [ 104.419014194000056, 1.198080487000027 ], [ 104.446683852000035, 1.184640370000068 ], [ 104.457563590000063, 1.184958424000058 ], [ 104.464614077000078, 1.176908835000063 ], [ 104.499341118000075, 1.168722202000026 ], [ 104.536729570000034, 1.181922156000041 ], [ 104.54044612000007, 1.196318787000052 ], [ 104.551388842000051, 1.20041720200004 ], [ 104.546141803000069, 1.217605608000042 ], [ 104.572585802000049, 1.229243858000075 ] ] ], [ [ [ 104.22567306500008, 1.022567740000056 ], [ 104.225509174000081, 1.022849519000033 ], [ 104.225811230000033, 1.022750593000069 ], [ 104.22567306500008, 1.022567740000056 ] ] ], [ [ [ 104.329910421000079, 1.029292215000055 ], [ 104.326110611000047, 1.030796546000033 ], [ 104.327307497000049, 1.031491697000035 ], [ 104.329910421000079, 1.029292215000055 ] ] ], [ [ [ 104.328491026000052, 1.031596550000074 ], [ 104.327078656000083, 1.033006861000047 ], [ 104.328192855000054, 1.033775601000059 ], [ 104.328491026000052, 1.031596550000074 ] ] ], [ [ [ 104.326823479000041, 1.035552885000072 ], [ 104.324342343000069, 1.033291348000034 ], [ 104.322481123000045, 1.034386159000064 ], [ 104.326823479000041, 1.035552885000072 ] ] ], [ [ [ 104.21824779700006, 1.046848634000071 ], [ 104.224760343000071, 1.041596648000052 ], [ 104.224029310000049, 1.037130423000065 ], [ 104.21824779700006, 1.046848634000071 ] ] ], [ [ [ 104.215693590000058, 1.090575432000037 ], [ 104.215729282000041, 1.090830986000071 ], [ 104.215842068000086, 1.090666803000033 ], [ 104.215693590000058, 1.090575432000037 ] ] ], [ [ [ 104.217522858000052, 1.100066299000048 ], [ 104.216985607000083, 1.099965947000044 ], [ 104.217171183000062, 1.100419119000037 ], [ 104.217522858000052, 1.100066299000048 ] ] ], [ [ [ 104.237548642000036, 1.117308300000047 ], [ 104.237272700000062, 1.118084348000025 ], [ 104.237337254000067, 1.118256813000073 ], [ 104.237548642000036, 1.117308300000047 ] ] ], [ [ [ 104.280649475000075, 1.130042520000075 ], [ 104.280139061000057, 1.130422986000042 ], [ 104.280750106000085, 1.130485804000045 ], [ 104.280649475000075, 1.130042520000075 ] ] ], [ [ [ 104.263747252000087, 1.142758828000069 ], [ 104.263868162000051, 1.142869978000022 ], [ 104.263897376000045, 1.142732055000067 ], [ 104.263747252000087, 1.142758828000069 ] ] ], [ [ [ 104.284199706000038, 1.145323341000051 ], [ 104.284051399000077, 1.145738496000035 ], [ 104.284417589000043, 1.145567829000072 ], [ 104.284199706000038, 1.145323341000051 ] ] ], [ [ [ 104.279153207000036, 1.149844654000049 ], [ 104.279352024000048, 1.149634673000037 ], [ 104.279155198000069, 1.149667471000043 ], [ 104.279153207000036, 1.149844654000049 ] ] ], [ [ [ 104.279768940000054, 1.150081443000033 ], [ 104.278966069000035, 1.150053692000029 ], [ 104.279981393000071, 1.150421995000045 ], [ 104.279768940000054, 1.150081443000033 ] ] ], [ [ [ 104.315550164000058, 1.16152112900005 ], [ 104.31542752200005, 1.161754958000074 ], [ 104.315655301000049, 1.161721859000068 ], [ 104.315550164000058, 1.16152112900005 ] ] ], [ [ [ 104.315302340000073, 1.170092297000053 ], [ 104.313440150000076, 1.17007770400005 ], [ 104.316229040000053, 1.170850180000059 ], [ 104.315302340000073, 1.170092297000053 ] ] ], [ [ [ 104.308550322000087, 1.177825484000039 ], [ 104.308774951000032, 1.178113901000074 ], [ 104.308859276000078, 1.177859486000045 ], [ 104.308550322000087, 1.177825484000039 ] ] ], [ [ [ 104.308047372000033, 1.179485903000057 ], [ 104.307793429000071, 1.178924250000023 ], [ 104.30758121000008, 1.179123922000031 ], [ 104.308047372000033, 1.179485903000057 ] ] ], [ [ [ 104.361898869000072, 1.181466223000029 ], [ 104.362244015000044, 1.182927912000025 ], [ 104.362353882000036, 1.181508734000033 ], [ 104.361898869000072, 1.181466223000029 ] ] ], [ [ [ 104.318857039000079, 1.183647951000069 ], [ 104.318598870000073, 1.182681028000047 ], [ 104.317677532000062, 1.182952199000056 ], [ 104.318857039000079, 1.183647951000069 ] ] ], [ [ [ 104.333016440000051, 1.185318215000052 ], [ 104.333971615000053, 1.184498593000058 ], [ 104.332690840000055, 1.184413470000038 ], [ 104.333016440000051, 1.185318215000052 ] ] ], [ [ [ 104.354543331000059, 1.185720313000047 ], [ 104.354839243000072, 1.18682885100003 ], [ 104.354575418000081, 1.185688233000064 ], [ 104.354543331000059, 1.185720313000047 ] ] ], [ [ [ 104.318450413000051, 1.186817047000034 ], [ 104.318569386000036, 1.186656433000053 ], [ 104.31838795200008, 1.186724843000036 ], [ 104.318450413000051, 1.186817047000034 ] ] ], [ [ [ 104.321190563000073, 1.187037954000061 ], [ 104.32103445100006, 1.187357420000069 ], [ 104.321383998000044, 1.187538627000038 ], [ 104.321190563000073, 1.187037954000061 ] ] ], [ [ [ 104.354426164000074, 1.187367455000071 ], [ 104.354670431000045, 1.187783095000043 ], [ 104.354749154000046, 1.187452344000064 ], [ 104.354426164000074, 1.187367455000071 ] ] ], [ [ [ 104.358273380000071, 1.190882436000038 ], [ 104.358644063000042, 1.191213293000033 ], [ 104.358809827000073, 1.191012608000051 ], [ 104.358273380000071, 1.190882436000038 ] ] ], [ [ [ 104.359200211000086, 1.191176671000051 ], [ 104.359910608000064, 1.192152185000054 ], [ 104.359902491000071, 1.190812140000048 ], [ 104.359200211000086, 1.191176671000051 ] ] ], [ [ [ 104.358458472000052, 1.192126401000053 ], [ 104.35878142200005, 1.192386569000064 ], [ 104.358584885000084, 1.192050099000028 ], [ 104.358458472000052, 1.192126401000053 ] ] ], [ [ [ 104.376740246000054, 1.194980348000058 ], [ 104.374678719000087, 1.194403148000049 ], [ 104.376217669000084, 1.195605019000027 ], [ 104.376740246000054, 1.194980348000058 ] ] ], [ [ [ 104.373951217000069, 1.194510411000067 ], [ 104.374324692000073, 1.194928908000065 ], [ 104.374451192000038, 1.194468119000021 ], [ 104.373951217000069, 1.194510411000067 ] ] ], [ [ [ 104.376481679000051, 1.195681411000066 ], [ 104.376992879000056, 1.195684355000026 ], [ 104.37681036400005, 1.195432701000072 ], [ 104.376481679000051, 1.195681411000066 ] ] ], [ [ [ 104.37828472700005, 1.196572361000051 ], [ 104.378121871000076, 1.196332020000057 ], [ 104.378088122000065, 1.196524256000032 ], [ 104.37828472700005, 1.196572361000051 ] ] ], [ [ [ 104.379165430000057, 1.19866821100004 ], [ 104.378272386000049, 1.19797819300004 ], [ 104.378165541000044, 1.198467258000051 ], [ 104.379165430000057, 1.19866821100004 ] ] ], [ [ [ 104.41855464300005, 1.199195667000026 ], [ 104.419461720000072, 1.200018555000042 ], [ 104.419596658000046, 1.199475775000053 ], [ 104.41855464300005, 1.199195667000026 ] ] ], [ [ [ 104.391093969000053, 1.200757315000033 ], [ 104.391341192000084, 1.200542510000048 ], [ 104.391015379000066, 1.20050285800005 ], [ 104.391093969000053, 1.200757315000033 ] ] ], [ [ [ 104.406890206000071, 1.203097396000032 ], [ 104.407171262000077, 1.202294555000037 ], [ 104.406561716000056, 1.202438605000054 ], [ 104.406890206000071, 1.203097396000032 ] ] ], [ [ [ 104.404851017000055, 1.203516544000024 ], [ 104.405196841000077, 1.20349515700002 ], [ 104.404997190000074, 1.20329911500005 ], [ 104.404851017000055, 1.203516544000024 ] ] ], [ [ [ 104.394652038000061, 1.203985034000027 ], [ 104.395126821000076, 1.203563900000063 ], [ 104.394472394000047, 1.203442188000054 ], [ 104.394652038000061, 1.203985034000027 ] ] ], [ [ [ 104.583596725000064, 0.747954269000047 ], [ 104.58811714400008, 0.746864810000034 ], [ 104.587468563000073, 0.744846123000059 ], [ 104.583596725000064, 0.747954269000047 ] ] ], [ [ [ 104.587492294000072, 0.750336614000048 ], [ 104.586986789000036, 0.75002274600007 ], [ 104.586675021000076, 0.75025596100005 ], [ 104.587492294000072, 0.750336614000048 ] ] ], [ [ [ 104.586146449000069, 0.752362126000037 ], [ 104.586178769000071, 0.75213595300005 ], [ 104.584548434000055, 0.751987369000062 ], [ 104.586146449000069, 0.752362126000037 ] ] ], [ [ [ 104.524048341000082, 0.756637520000027 ], [ 104.523981004000063, 0.756022601000041 ], [ 104.523766149000039, 0.756064985000023 ], [ 104.524048341000082, 0.756637520000027 ] ] ], [ [ [ 104.520543289000045, 0.756993357000056 ], [ 104.520261057000084, 0.756789768000033 ], [ 104.520471661000045, 0.757095127000071 ], [ 104.520543289000045, 0.756993357000056 ] ] ], [ [ [ 104.485259735000056, 0.755455490000031 ], [ 104.480603657000074, 0.752147151000031 ], [ 104.484607392000044, 0.761994646000062 ], [ 104.485259735000056, 0.755455490000031 ] ] ], [ [ [ 104.537780915000042, 0.763812272000052 ], [ 104.538454934000072, 0.764047002000041 ], [ 104.537719156000037, 0.763554991000035 ], [ 104.537780915000042, 0.763812272000052 ] ] ], [ [ [ 104.537317458000075, 0.764304153000069 ], [ 104.536323280000033, 0.763970437000069 ], [ 104.536185640000042, 0.764176806000023 ], [ 104.537317458000075, 0.764304153000069 ] ] ], [ [ [ 104.538530517000083, 0.765549684000064 ], [ 104.537497078000058, 0.764667489000033 ], [ 104.537856428000055, 0.765968035000071 ], [ 104.538530517000083, 0.765549684000064 ] ] ], [ [ [ 104.543661365000048, 0.769308962000025 ], [ 104.543936604000066, 0.769275066000034 ], [ 104.543799, 0.76914782700004 ], [ 104.543661365000048, 0.769308962000025 ] ] ], [ [ [ 104.543315885000084, 0.769611435000058 ], [ 104.543366468000045, 0.769334375000028 ], [ 104.543197960000043, 0.769306085000039 ], [ 104.543315885000084, 0.769611435000058 ] ] ], [ [ [ 104.544223042000056, 0.769569124000043 ], [ 104.54439156400008, 0.769470191000039 ], [ 104.544189351000057, 0.769464515000038 ], [ 104.544223042000056, 0.769569124000043 ] ] ], [ [ [ 104.547671429000047, 0.797060999000053 ], [ 104.551486700000055, 0.790829710000025 ], [ 104.568868234000035, 0.795916282000064 ], [ 104.585408748000077, 0.786265909000065 ], [ 104.587608754000087, 0.776902421000045 ], [ 104.579164739000078, 0.771243822000031 ], [ 104.567490744000054, 0.774649229000033 ], [ 104.552208739000037, 0.775294361000022 ], [ 104.539750988000037, 0.77115856000006 ], [ 104.521605782000051, 0.761778479000043 ], [ 104.509414683000045, 0.743688825000049 ], [ 104.508722419000037, 0.772891403000074 ], [ 104.535575587000039, 0.785052006000058 ], [ 104.547671429000047, 0.797060999000053 ] ] ], [ [ [ 104.445680773000049, 0.770219607000058 ], [ 104.446292915000072, 0.771042387000023 ], [ 104.44641368200007, 0.771025440000074 ], [ 104.445680773000049, 0.770219607000058 ] ] ], [ [ [ 104.447582046000036, 0.770740050000029 ], [ 104.447430217000033, 0.772065963000045 ], [ 104.448258773000077, 0.771644826000056 ], [ 104.447582046000036, 0.770740050000029 ] ] ], [ [ [ 104.549310710000043, 0.771775611000066 ], [ 104.548999036000055, 0.771088570000074 ], [ 104.548826315000042, 0.771058866000033 ], [ 104.549310710000043, 0.771775611000066 ] ] ], [ [ [ 104.586966911000047, 0.792148067000028 ], [ 104.623780040000042, 0.785306075000051 ], [ 104.633334191000074, 0.791867498000045 ], [ 104.636570333000066, 0.784099402000038 ], [ 104.582677913000055, 0.752449437000053 ], [ 104.57794973700004, 0.767198499000074 ], [ 104.590010119000056, 0.776262293000059 ], [ 104.586966911000047, 0.792148067000028 ] ] ], [ [ [ 104.564286697000057, 0.773947737000071 ], [ 104.564146379000078, 0.772881869000059 ], [ 104.563711005000073, 0.773390720000066 ], [ 104.564286697000057, 0.773947737000071 ] ] ], [ [ [ 104.556265577000033, 0.773551093000037 ], [ 104.556709323000064, 0.773565276000056 ], [ 104.556223457000044, 0.773469100000057 ], [ 104.556265577000033, 0.773551093000037 ] ] ], [ [ [ 104.558124809000049, 0.773684167000056 ], [ 104.55804614200008, 0.773952742000063 ], [ 104.558152869000082, 0.773924481000051 ], [ 104.558124809000049, 0.773684167000056 ] ] ], [ [ [ 104.562854641000058, 0.773634503000039 ], [ 104.563187382000081, 0.774308824000059 ], [ 104.563254862000065, 0.773579414000039 ], [ 104.562854641000058, 0.773634503000039 ] ] ], [ [ [ 104.557287815000052, 0.774187320000067 ], [ 104.557439461000058, 0.774325868000062 ], [ 104.557540579000033, 0.774221272000034 ], [ 104.557287815000052, 0.774187320000067 ] ] ], [ [ [ 104.51314579700005, 0.783109628000034 ], [ 104.516387089000034, 0.780814336000049 ], [ 104.511039867000079, 0.779145679000067 ], [ 104.51314579700005, 0.783109628000034 ] ] ], [ [ [ 104.508983718000081, 0.781882145000054 ], [ 104.508961273000068, 0.781689894000067 ], [ 104.508742197000061, 0.781785992000039 ], [ 104.508983718000081, 0.781882145000054 ] ] ], [ [ [ 104.534657160000052, 0.785399648000066 ], [ 104.534994135000034, 0.78584072600006 ], [ 104.534735836000038, 0.785066048000033 ], [ 104.534657160000052, 0.785399648000066 ] ] ], [ [ [ 104.495925588000034, 0.786524127000064 ], [ 104.495130864000032, 0.785820065000053 ], [ 104.494142372000056, 0.784957658000053 ], [ 104.495925588000034, 0.786524127000064 ] ] ], [ [ [ 104.516518335000058, 0.787390369000036 ], [ 104.518015705000039, 0.783655840000051 ], [ 104.517344464000075, 0.783700997000039 ], [ 104.516518335000058, 0.787390369000036 ] ] ], [ [ [ 104.520054251000033, 0.78750952200005 ], [ 104.519818361000034, 0.787283320000029 ], [ 104.519773402000055, 0.787475563000044 ], [ 104.520054251000033, 0.78750952200005 ] ] ], [ [ [ 104.524288900000045, 0.790584938000052 ], [ 104.524746640000046, 0.791026031000058 ], [ 104.524738254000056, 0.790678287000048 ], [ 104.524288900000045, 0.790584938000052 ] ] ], [ [ [ 104.528363843000079, 0.792626633000054 ], [ 104.528549222000038, 0.792490949000069 ], [ 104.528302066000037, 0.79253615600004 ], [ 104.528363843000079, 0.792626633000054 ] ] ], [ [ [ 104.533009059000051, 0.793464010000037 ], [ 104.533438772000068, 0.793399033000071 ], [ 104.533129852000059, 0.793229367000038 ], [ 104.533009059000051, 0.793464010000037 ] ] ], [ [ [ 104.534326278000037, 0.793311491000054 ], [ 104.533646520000048, 0.794142607000026 ], [ 104.53232642200004, 0.79492276000002 ], [ 104.533612790000063, 0.794385741000042 ], [ 104.534326278000037, 0.793311491000054 ] ] ], [ [ [ 104.57531814500004, 0.795149371000036 ], [ 104.583836458000064, 0.795379247000028 ], [ 104.583491460000062, 0.79084154800006 ], [ 104.57531814500004, 0.795149371000036 ] ] ], [ [ [ 104.502500015000066, 0.795819339000047 ], [ 104.506712726000046, 0.796422036000024 ], [ 104.507594849000043, 0.794341341000063 ], [ 104.502500015000066, 0.795819339000047 ] ] ], [ [ [ 104.534362480000084, 0.796073656000033 ], [ 104.534455181000055, 0.795898381000029 ], [ 104.534295085000053, 0.795980351000026 ], [ 104.534362480000084, 0.796073656000033 ] ] ], [ [ [ 104.490230761000078, 0.797350068000071 ], [ 104.49045682700006, 0.797473078000053 ], [ 104.490373977000047, 0.797095641000055 ], [ 104.490230761000078, 0.797350068000071 ] ] ], [ [ [ 104.48414540400006, 0.797404435000033 ], [ 104.484201886000051, 0.797709776000033 ], [ 104.484183091000034, 0.797345069000073 ], [ 104.48414540400006, 0.797404435000033 ] ] ], [ [ [ 104.556199488000061, 0.803391446000035 ], [ 104.565948388000038, 0.799363742000025 ], [ 104.552568673000053, 0.797513313000024 ], [ 104.556199488000061, 0.803391446000035 ] ] ], [ [ [ 104.48433308400007, 0.800935588000073 ], [ 104.484493425000039, 0.798888741000042 ], [ 104.484195820000082, 0.798111233000043 ], [ 104.48355527700005, 0.79972263600007 ], [ 104.48433308400007, 0.800935588000073 ] ] ], [ [ [ 104.608845250000059, 0.802960295000048 ], [ 104.608103537000034, 0.805598013000065 ], [ 104.610597675000065, 0.804232710000065 ], [ 104.608845250000059, 0.802960295000048 ] ] ], [ [ [ 104.525898651000034, 0.805575476000058 ], [ 104.529653661000054, 0.805626804000042 ], [ 104.529850429000078, 0.804139728000052 ], [ 104.525898651000034, 0.805575476000058 ] ] ], [ [ [ 104.49457579400007, 0.829059989000029 ], [ 104.494316145000084, 0.829294893000053 ], [ 104.494848740000066, 0.829448477000028 ], [ 104.49457579400007, 0.829059989000029 ] ] ], [ [ [ 104.60180286800005, 1.125897204000069 ], [ 104.602342133000036, 1.126120627000034 ], [ 104.602308472000061, 1.125789840000039 ], [ 104.60180286800005, 1.125897204000069 ] ] ], [ [ [ 104.597579155000062, 1.134994463000055 ], [ 104.597775786000057, 1.134909675000074 ], [ 104.597590410000066, 1.134853105000047 ], [ 104.597579155000062, 1.134994463000055 ] ] ], [ [ [ 104.58948302500005, 1.142541946000051 ], [ 104.589252744000078, 1.142233747000034 ], [ 104.589131906000034, 1.142640847000052 ], [ 104.58948302500005, 1.142541946000051 ] ] ], [ [ [ 104.58351635300005, 1.172000594000053 ], [ 104.584254935000047, 1.17302415000006 ], [ 104.584437674000071, 1.171918743000049 ], [ 104.58351635300005, 1.172000594000053 ] ] ], [ [ [ 104.463106720000042, 1.181846206000046 ], [ 104.463332175000062, 1.18233809700007 ], [ 104.463517588000059, 1.182179812000072 ], [ 104.463106720000042, 1.181846206000046 ] ] ], [ [ [ 104.463554024000075, 1.182586929000024 ], [ 104.463778646000037, 1.183028008000065 ], [ 104.463879828000074, 1.182694424000033 ], [ 104.463554024000075, 1.182586929000024 ] ] ], [ [ [ 104.464421669000046, 1.184068524000054 ], [ 104.464129649000085, 1.183553926000059 ], [ 104.463989133000041, 1.183944045000032 ], [ 104.464421669000046, 1.184068524000054 ] ] ], [ [ [ 104.529399760000047, 1.192884658000025 ], [ 104.52964694800005, 1.192839466000066 ], [ 104.52938854100006, 1.192788532000066 ], [ 104.529399760000047, 1.192884658000025 ] ] ], [ [ [ 104.524093366000045, 1.195470605000025 ], [ 104.527652065000041, 1.196279796000056 ], [ 104.528346388000045, 1.193158713000059 ], [ 104.524093366000045, 1.195470605000025 ] ] ], [ [ [ 104.532258165000087, 1.198929656000075 ], [ 104.532555894000041, 1.198997560000066 ], [ 104.532421099000032, 1.198816597000075 ], [ 104.532258165000087, 1.198929656000075 ] ] ], [ [ [ 104.571976057000086, 1.235514575000025 ], [ 104.571942078000063, 1.237208058000022 ], [ 104.572824030000049, 1.23753332900003 ], [ 104.571976057000086, 1.235514575000025 ] ] ], [ [ [ 104.62755668300008, 0.70312205700003 ], [ 104.627809392000074, 0.703843018000043 ], [ 104.628192808000051, 0.703147553000065 ], [ 104.62755668300008, 0.70312205700003 ] ] ], [ [ [ 104.595884445000081, 0.706993918000023 ], [ 104.619773, 0.715855 ], [ 104.625846, 0.710645 ], [ 104.619285279000053, 0.697153169000046 ], [ 104.595884445000081, 0.706993918000023 ] ] ], [ [ [ 104.629211520000069, 0.719072683000036 ], [ 104.62842396700006, 0.716129482000042 ], [ 104.626991620000069, 0.716176014000041 ], [ 104.629211520000069, 0.719072683000036 ] ] ], [ [ [ 104.63543276200005, 0.725857800000028 ], [ 104.635879457000044, 0.724110612000061 ], [ 104.633747803000063, 0.723915361000024 ], [ 104.63543276200005, 0.725857800000028 ] ] ], [ [ [ 104.636161515000083, 0.726604246000022 ], [ 104.636481667000055, 0.726846 ], [ 104.636578601000053, 0.72635407100006 ], [ 104.636161515000083, 0.726604246000022 ] ] ], [ [ [ 104.640496273000053, 0.729161821000048 ], [ 104.639864223000075, 0.730807215000027 ], [ 104.641090194000071, 0.730209355000056 ], [ 104.640496273000053, 0.729161821000048 ] ] ], [ [ [ 104.660082576000036, 0.752806776000057 ], [ 104.645247988000051, 0.733203720000063 ], [ 104.639501797000037, 0.732380536000051 ], [ 104.624905649000084, 0.713598608000041 ], [ 104.613453303000085, 0.721636903000046 ], [ 104.610770623000064, 0.731837412000061 ], [ 104.628092436000088, 0.745816672000046 ], [ 104.660082576000036, 0.752806776000057 ] ] ], [ [ [ 104.649188389000074, 0.793604446000074 ], [ 104.646151210000085, 0.790156383000067 ], [ 104.641457925000054, 0.792089800000042 ], [ 104.649188389000074, 0.793604446000074 ] ] ], [ [ [ 104.651509782000062, 0.792332391000059 ], [ 104.650726254000062, 0.791568973000039 ], [ 104.650599798000087, 0.792400167000039 ], [ 104.651509782000062, 0.792332391000059 ] ] ], [ [ [ 104.651278020000063, 0.792985461000058 ], [ 104.651897295000083, 0.793172110000057 ], [ 104.652091100000064, 0.793010975000072 ], [ 104.651278020000063, 0.792985461000058 ] ] ], [ [ [ 104.620199319000051, 0.798283741000034 ], [ 104.624535021000042, 0.79077787500006 ], [ 104.616172489000064, 0.79119694700006 ], [ 104.620199319000051, 0.798283741000034 ] ] ], [ [ [ 104.626274318000071, 0.797559119000027 ], [ 104.629366745000084, 0.79539657700002 ], [ 104.626927530000046, 0.795107980000068 ], [ 104.626274318000071, 0.797559119000027 ] ] ], [ [ [ 104.60704669200004, 0.799508094000032 ], [ 104.614352219000068, 0.794678493000049 ], [ 104.606478284000048, 0.796077216000072 ], [ 104.60704669200004, 0.799508094000032 ] ] ], [ [ [ 104.63709418600007, 0.799262082000041 ], [ 104.636993116000042, 0.798821027000031 ], [ 104.636818965000032, 0.799047189000021 ], [ 104.63709418600007, 0.799262082000041 ] ] ], [ [ [ 104.675989793000042, 0.804429300000038 ], [ 104.67377420300005, 0.799552144000074 ], [ 104.670252259000051, 0.799301651000064 ], [ 104.675989793000042, 0.804429300000038 ] ] ], [ [ [ 104.64090893000008, 0.807327076000036 ], [ 104.645952249000061, 0.801381866000042 ], [ 104.635158915000034, 0.801117981000061 ], [ 104.64090893000008, 0.807327076000036 ] ] ], [ [ [ 104.638549783000087, 0.806644092000056 ], [ 104.639088902000083, 0.808102987000041 ], [ 104.639442801000087, 0.807890977000056 ], [ 104.638549783000087, 0.806644092000056 ] ] ], [ [ [ 104.654037746000085, 0.814319011000066 ], [ 104.654711803000055, 0.814374200000032 ], [ 104.65409674600005, 0.814094252000075 ], [ 104.654037746000085, 0.814319011000066 ] ] ], [ [ [ 104.662859061000063, 0.81991768000006 ], [ 104.663423627000043, 0.81945971600004 ], [ 104.662757956000064, 0.81986678100003 ], [ 104.662859061000063, 0.81991768000006 ] ] ], [ [ [ 104.665689210000039, 0.819471465000049 ], [ 104.665304159000073, 0.820617123000034 ], [ 104.666046933000075, 0.82018090400004 ], [ 104.665689210000039, 0.819471465000049 ] ] ], [ [ [ 104.675344304000077, 0.827789802000041 ], [ 104.676103082000054, 0.822166496000023 ], [ 104.671637147000069, 0.825355248000051 ], [ 104.675344304000077, 0.827789802000041 ] ] ], [ [ [ 104.62584948600005, 0.835913135000055 ], [ 104.623247496000033, 0.819187062000026 ], [ 104.609257003000039, 0.81453353400002 ], [ 104.617832295000085, 0.836523037000063 ], [ 104.62584948600005, 0.835913135000055 ] ] ], [ [ [ 104.675946728000042, 0.82806126600002 ], [ 104.675870936000081, 0.827556599000047 ], [ 104.675727658000085, 0.828040044000034 ], [ 104.675946728000042, 0.82806126600002 ] ] ], [ [ [ 104.628614244000062, 0.824115411000037 ], [ 104.630113546000075, 0.829352977000042 ], [ 104.629923346000055, 0.836002581000059 ], [ 104.63181981200006, 0.828848478000054 ], [ 104.628614244000062, 0.824115411000037 ] ] ], [ [ [ 104.666404012000044, 0.833844985000042 ], [ 104.667845311000065, 0.828056351000043 ], [ 104.664407374000064, 0.830532713000025 ], [ 104.666404012000044, 0.833844985000042 ] ] ], [ [ [ 104.647114219000059, 0.868113504000064 ], [ 104.664734272000032, 0.850558016000036 ], [ 104.661086818000058, 0.839726579000057 ], [ 104.664913708000086, 0.821143523000046 ], [ 104.655519090000041, 0.819590571000049 ], [ 104.650498179000067, 0.809692011000038 ], [ 104.637564642000086, 0.809860502000049 ], [ 104.632939510000085, 0.803168049000021 ], [ 104.624303002000033, 0.80475332900005 ], [ 104.636956316000067, 0.828443781000033 ], [ 104.632581669000047, 0.84635664700005 ], [ 104.647114219000059, 0.868113504000064 ] ] ], [ [ [ 104.664182006000033, 0.838545066000052 ], [ 104.663878705000059, 0.838205772000038 ], [ 104.663945939000087, 0.840230075000022 ], [ 104.664182006000033, 0.838545066000052 ] ] ], [ [ [ 104.621206888000074, 0.845744869000043 ], [ 104.615789870000071, 0.837869125000054 ], [ 104.612520265000057, 0.841956953000022 ], [ 104.621206888000074, 0.845744869000043 ] ] ], [ [ [ 104.623504337000043, 0.84561504200002 ], [ 104.623554868000042, 0.845858188000022 ], [ 104.623914409000065, 0.845445449000067 ], [ 104.623504337000043, 0.84561504200002 ] ] ], [ [ [ 104.622845604000076, 0.846813718000021 ], [ 104.619757597000046, 0.846296034000034 ], [ 104.621411237000075, 0.848141437000038 ], [ 104.622845604000076, 0.846813718000021 ] ] ], [ [ [ 104.630634293000071, 0.846969436000052 ], [ 104.629930604000037, 0.848377324000069 ], [ 104.630153866000057, 0.848610591000067 ], [ 104.630634293000071, 0.846969436000052 ] ] ], [ [ [ 104.62480817800008, 0.853433842000072 ], [ 104.613866629000086, 0.845587231000025 ], [ 104.62199743900004, 0.860855010000023 ], [ 104.62480817800008, 0.853433842000072 ] ] ], [ [ [ 104.617208920000053, 0.859918580000055 ], [ 104.613807587000053, 0.860285914000031 ], [ 104.615538925000067, 0.861986660000071 ], [ 104.617208920000053, 0.859918580000055 ] ] ], [ [ [ 104.637585434000073, 0.858876062000036 ], [ 104.635542054000041, 0.860063299000046 ], [ 104.636730029000034, 0.86079283600003 ], [ 104.637585434000073, 0.858876062000036 ] ] ], [ [ [ 104.65621244600004, 0.87164272800004 ], [ 104.658532859000047, 0.866248588000076 ], [ 104.657248563000053, 0.864681712000049 ], [ 104.65621244600004, 0.87164272800004 ] ] ], [ [ [ 104.653673703000038, 0.868801130000065 ], [ 104.649485785000081, 0.871565768000039 ], [ 104.654119718000061, 0.874907982000025 ], [ 104.653673703000038, 0.868801130000065 ] ] ], [ [ [ 104.658537670000044, 0.875213730000041 ], [ 104.656773815000065, 0.875581107000073 ], [ 104.656987213000036, 0.876220081000042 ], [ 104.658537670000044, 0.875213730000041 ] ] ], [ [ [ 104.627470776000052, 0.895778771000039 ], [ 104.657652627000061, 0.894085398000072 ], [ 104.661584575000063, 0.880396321000035 ], [ 104.644088900000042, 0.872727250000025 ], [ 104.627803499000038, 0.854049055000075 ], [ 104.617088337000041, 0.871359036000058 ], [ 104.627470776000052, 0.895778771000039 ] ] ], [ [ [ 104.662629810000055, 0.891255805000071 ], [ 104.667499926000062, 0.892149656000072 ], [ 104.665573841000082, 0.884940043000029 ], [ 104.662629810000055, 0.891255805000071 ] ] ], [ [ [ 104.630844881000087, 0.900533085000063 ], [ 104.636216865000051, 0.895983216000047 ], [ 104.62830460400005, 0.899133352000035 ], [ 104.630844881000087, 0.900533085000063 ] ] ], [ [ [ 104.67016740300005, 0.915917017000027 ], [ 104.671751834000077, 0.912139982000042 ], [ 104.668022096000072, 0.910289216000024 ], [ 104.67016740300005, 0.915917017000027 ] ] ], [ [ [ 104.665867947000038, 0.939306288000068 ], [ 104.664789339000038, 0.940078018000065 ], [ 104.666609359000063, 0.940163010000049 ], [ 104.665867947000038, 0.939306288000068 ] ] ], [ [ [ 104.66622990500008, 0.943123083000046 ], [ 104.667026071000066, 0.944140962000063 ], [ 104.667085130000032, 0.943339448000074 ], [ 104.66622990500008, 0.943123083000046 ] ] ], [ [ [ 104.636317943000051, 0.978016446000026 ], [ 104.637407764000045, 0.977620754000043 ], [ 104.636306732000037, 0.977790267000046 ], [ 104.636317943000051, 0.978016446000026 ] ] ], [ [ [ 104.669536319000088, 0.983866983000041 ], [ 104.669421742000054, 0.984420475000036 ], [ 104.669816733000062, 0.98444427000004 ], [ 104.669536319000088, 0.983866983000041 ] ] ], [ [ [ 104.672231337000085, 1.067025234000027 ], [ 104.676941872000043, 1.065270026000064 ], [ 104.674995799000044, 1.061232535000045 ], [ 104.672231337000085, 1.067025234000027 ] ] ], [ [ [ 104.64164697700005, 1.103783440000029 ], [ 104.641714310000054, 1.104442190000043 ], [ 104.642009301000087, 1.103899399000056 ], [ 104.64164697700005, 1.103783440000029 ] ] ], [ [ [ 104.660861558000079, 1.108925603000046 ], [ 104.659586367000088, 1.108761476000041 ], [ 104.659892436000064, 1.109578580000061 ], [ 104.660861558000079, 1.108925603000046 ] ] ], [ [ [ 104.664202008000075, 1.109362359000045 ], [ 104.663821294000059, 1.108696110000039 ], [ 104.663785602000075, 1.109267181000064 ], [ 104.664202008000075, 1.109362359000045 ] ] ], [ [ [ 104.663583348000088, 1.111063674000036 ], [ 104.66432098100006, 1.110730549000039 ], [ 104.663809396000033, 1.110611576000053 ], [ 104.663583348000088, 1.111063674000036 ] ] ], [ [ [ 104.635665637000045, 1.114919117000056 ], [ 104.634879229000035, 1.114398811000058 ], [ 104.634876346000055, 1.114998181000033 ], [ 104.635665637000045, 1.114919117000056 ] ] ], [ [ [ 104.639161448000038, 1.117149031000054 ], [ 104.639728751000064, 1.117819152000038 ], [ 104.639726008000082, 1.11728198000003 ], [ 104.639161448000038, 1.117149031000054 ] ] ], [ [ [ 104.63449784800008, 1.125539563000075 ], [ 104.635112857000081, 1.125740440000072 ], [ 104.635048299000061, 1.125375721000069 ], [ 104.63449784800008, 1.125539563000075 ] ] ], [ [ [ 104.750988388000053, 0.704953823000039 ], [ 104.750602915000059, 0.705075176000037 ], [ 104.751088325000069, 0.705089452000038 ], [ 104.750988388000053, 0.704953823000039 ] ] ], [ [ [ 104.751959208000073, 0.705256015000032 ], [ 104.751626083000076, 0.705215564000071 ], [ 104.751637980000055, 0.705332157000043 ], [ 104.751959208000073, 0.705256015000032 ] ] ], [ [ [ 104.776151706000064, 0.710045470000068 ], [ 104.776218267000047, 0.709901729000023 ], [ 104.776077431000033, 0.709965259000057 ], [ 104.776151706000064, 0.710045470000068 ] ] ], [ [ [ 104.743888180000056, 0.714690140000073 ], [ 104.744152480000082, 0.714870763000022 ], [ 104.744257059000063, 0.714735771000051 ], [ 104.743888180000056, 0.714690140000073 ] ] ], [ [ [ 104.759109096000088, 0.716342587000042 ], [ 104.759519142000045, 0.716382190000047 ], [ 104.759294469000054, 0.716172961000041 ], [ 104.759109096000088, 0.716342587000042 ] ] ], [ [ [ 104.773017860000039, 0.71768858400003 ], [ 104.773848551000071, 0.717218015000071 ], [ 104.773331597000038, 0.71681161500004 ], [ 104.773017860000039, 0.71768858400003 ] ] ], [ [ [ 104.716017469000064, 0.757986077000055 ], [ 104.748103302000061, 0.745621670000048 ], [ 104.75754022700005, 0.747939910000071 ], [ 104.761641562000079, 0.732559863000063 ], [ 104.744696613000087, 0.718971789000022 ], [ 104.731363016000046, 0.71917882200006 ], [ 104.713983824000081, 0.740055553000047 ], [ 104.71658702600007, 0.745238063000045 ], [ 104.716017469000064, 0.757986077000055 ] ] ], [ [ [ 104.692703250000079, 0.762513713000033 ], [ 104.715023165000048, 0.759080155000049 ], [ 104.712673581000047, 0.740865473000042 ], [ 104.697002087000044, 0.737340267000036 ], [ 104.692703250000079, 0.762513713000033 ] ] ], [ [ [ 104.750500011000042, 0.752746487000024 ], [ 104.750980264000077, 0.752975522000042 ], [ 104.750588487000073, 0.752653192000025 ], [ 104.750500011000042, 0.752746487000024 ] ] ], [ [ [ 104.773194, 0.766197002000069 ], [ 104.77380065400007, 0.766202688000021 ], [ 104.773941094000065, 0.766004788000032 ], [ 104.773194, 0.766197002000069 ] ] ], [ [ [ 104.774154509000084, 0.766722923000032 ], [ 104.774710600000049, 0.766892588000076 ], [ 104.774216313000068, 0.766428891000032 ], [ 104.774154509000084, 0.766722923000032 ] ] ], [ [ [ 104.693081094000036, 0.769386756000074 ], [ 104.693345098000066, 0.76940373900004 ], [ 104.693376, 0.769301960000064 ], [ 104.693081094000036, 0.769386756000074 ] ] ], [ [ [ 104.678446299000086, 0.771685631000025 ], [ 104.67688759400005, 0.77103242000004 ], [ 104.676912787000049, 0.772152007000045 ], [ 104.678446299000086, 0.771685631000025 ] ] ], [ [ [ 104.699601743000073, 0.792984795000052 ], [ 104.746132669000076, 0.786780767000039 ], [ 104.752985514000045, 0.754249315000038 ], [ 104.737347496000041, 0.752364030000024 ], [ 104.723195989000033, 0.760857614000031 ], [ 104.703260518000036, 0.764452533000053 ], [ 104.694724929000074, 0.769413737000036 ], [ 104.691801201000033, 0.769515306000073 ], [ 104.685337837000077, 0.780994829000065 ], [ 104.699601743000073, 0.792984795000052 ] ] ], [ [ [ 104.677288846000067, 0.775971631000061 ], [ 104.677036060000034, 0.77617234500002 ], [ 104.677370266000082, 0.776353314000062 ], [ 104.677288846000067, 0.775971631000061 ] ] ], [ [ [ 104.677072556000041, 0.776367427000025 ], [ 104.676833821000059, 0.776460708000059 ], [ 104.677041646000077, 0.77657664000003 ], [ 104.677072556000041, 0.776367427000025 ] ] ], [ [ [ 104.676732671000082, 0.777000702000066 ], [ 104.676960157000053, 0.77711380900007 ], [ 104.676965788000075, 0.776927212000032 ], [ 104.676732671000082, 0.777000702000066 ] ] ], [ [ [ 104.741521656000089, 0.788594095000064 ], [ 104.740802514000052, 0.790878469000063 ], [ 104.74257762600007, 0.789589353000054 ], [ 104.741521656000089, 0.788594095000064 ] ] ], [ [ [ 104.700208349000036, 0.793654895000032 ], [ 104.700031417000048, 0.793524829000035 ], [ 104.700017367000044, 0.793635091000056 ], [ 104.700208349000036, 0.793654895000032 ] ] ], [ [ [ 104.746485522000057, 0.79394639100002 ], [ 104.746637193000083, 0.79382765500003 ], [ 104.746485528000051, 0.793844610000065 ], [ 104.746485522000057, 0.79394639100002 ] ] ], [ [ [ 104.746884334000072, 0.794093432000068 ], [ 104.746519203000048, 0.794302626000047 ], [ 104.747030365000057, 0.794359203000056 ], [ 104.746884334000072, 0.794093432000068 ] ] ], [ [ [ 104.747344875000067, 0.795235671000057 ], [ 104.747552664000068, 0.796004696000068 ], [ 104.747681859000068, 0.796027322000043 ], [ 104.747344875000067, 0.795235671000057 ] ] ], [ [ [ 104.746196915000041, 0.802462604000027 ], [ 104.744544735000034, 0.794679942000073 ], [ 104.738608726000052, 0.795264809000059 ], [ 104.746196915000041, 0.802462604000027 ] ] ], [ [ [ 104.699230747000058, 0.796606463000046 ], [ 104.698122517000058, 0.799922735000052 ], [ 104.699609617000078, 0.800597142000072 ], [ 104.699230747000058, 0.796606463000046 ] ] ], [ [ [ 104.742420892000041, 0.803401173000054 ], [ 104.742778990000033, 0.803379991000043 ], [ 104.742656831000033, 0.803138253000043 ], [ 104.742420892000041, 0.803401173000054 ] ] ], [ [ [ 104.740602171000035, 0.805762518000051 ], [ 104.740703296000049, 0.805519381000067 ], [ 104.740590961000066, 0.805378011000073 ], [ 104.740602171000035, 0.805762518000051 ] ] ], [ [ [ 104.741188149000038, 0.80764685500003 ], [ 104.741622355000061, 0.806431228000065 ], [ 104.740459591000047, 0.806452358000058 ], [ 104.741188149000038, 0.80764685500003 ] ] ], [ [ [ 104.766535143000056, 0.811251802000072 ], [ 104.765872237000053, 0.812518374000035 ], [ 104.767759641000055, 0.812269685000047 ], [ 104.766535143000056, 0.811251802000072 ] ] ], [ [ [ 104.678258651000078, 0.822244155000021 ], [ 104.678639313000076, 0.821365181000033 ], [ 104.67764475000007, 0.822286985000062 ], [ 104.678258651000078, 0.822244155000021 ] ] ], [ [ [ 104.676719306000052, 0.822191927000063 ], [ 104.676609789000054, 0.82196291200006 ], [ 104.676533943000038, 0.822132540000041 ], [ 104.676719306000052, 0.822191927000063 ] ] ], [ [ [ 104.706539930000076, 0.841201859000023 ], [ 104.707017354000072, 0.841767344000061 ], [ 104.70670283000004, 0.841201872000056 ], [ 104.706539930000076, 0.841201859000023 ] ] ], [ [ [ 104.70296271400008, 0.846952195000028 ], [ 104.705098983000084, 0.842859927000063 ], [ 104.702213128000039, 0.842796093000061 ], [ 104.70296271400008, 0.846952195000028 ] ] ], [ [ [ 104.697464358000047, 0.853037401000051 ], [ 104.696120382000061, 0.853639496000028 ], [ 104.697590661000049, 0.854131552000069 ], [ 104.697464358000047, 0.853037401000051 ] ] ], [ [ [ 104.676425603000041, 0.894570566000027 ], [ 104.700187486000061, 0.886574336000024 ], [ 104.690860601000054, 0.87869405400005 ], [ 104.695859578000068, 0.848550445000058 ], [ 104.676733045000049, 0.846326678000025 ], [ 104.660654988000033, 0.863873907000027 ], [ 104.676425603000041, 0.894570566000027 ] ] ], [ [ [ 104.706251166000072, 0.871256834000064 ], [ 104.706904103000056, 0.872198356000069 ], [ 104.707211695000069, 0.871608901000059 ], [ 104.706251166000072, 0.871256834000064 ] ] ], [ [ [ 104.709355864000088, 0.874611599000048 ], [ 104.709136693000062, 0.87587535900002 ], [ 104.710345808000056, 0.875977234000061 ], [ 104.709355864000088, 0.874611599000048 ] ] ], [ [ [ 104.691681919000075, 0.894116048000058 ], [ 104.691625827000053, 0.894264342000042 ], [ 104.691701884000054, 0.894239626000058 ], [ 104.691681919000075, 0.894116048000058 ] ] ], [ [ [ 104.691892979000045, 0.894193997000059 ], [ 104.692028932000085, 0.894219663000058 ], [ 104.691995656000074, 0.89412840600005 ], [ 104.691892979000045, 0.894193997000059 ] ] ], [ [ [ 104.67693672300004, 0.895201084000064 ], [ 104.677256917000079, 0.895110641000031 ], [ 104.677155825000057, 0.894884454000021 ], [ 104.67693672300004, 0.895201084000064 ] ] ], [ [ [ 104.688370354000085, 0.895567995000022 ], [ 104.688718632000075, 0.895517135000034 ], [ 104.688533291000056, 0.895160887000031 ], [ 104.688370354000085, 0.895567995000022 ] ] ], [ [ [ 104.678510193000079, 0.895870041000023 ], [ 104.679080624000051, 0.896232458000043 ], [ 104.679015262000064, 0.895733392000068 ], [ 104.678510193000079, 0.895870041000023 ] ] ], [ [ [ 104.77037135900008, 0.915124774000049 ], [ 104.770691505000059, 0.91584291700002 ], [ 104.770705588000055, 0.915209613000059 ], [ 104.77037135900008, 0.915124774000049 ] ] ], [ [ [ 104.718056267000065, 0.921575619000066 ], [ 104.715363955000043, 0.923941806000073 ], [ 104.716358153000044, 0.924904562000052 ], [ 104.718056267000065, 0.921575619000066 ] ] ], [ [ [ 104.734401287000082, 0.942108352000048 ], [ 104.747714869000049, 0.93776103700003 ], [ 104.755698516000052, 0.918739854000023 ], [ 104.732284346000085, 0.931268524000075 ], [ 104.734401287000082, 0.942108352000048 ] ] ], [ [ [ 104.678235291000078, 0.973871521000035 ], [ 104.678704914000036, 0.974067665000064 ], [ 104.678237272000047, 0.973833877000061 ], [ 104.678235291000078, 0.973871521000035 ] ] ], [ [ [ 104.730161500000065, 0.994668181000065 ], [ 104.730511129000035, 0.994829524000068 ], [ 104.730434928000079, 0.994587510000031 ], [ 104.730161500000065, 0.994668181000065 ] ] ], [ [ [ 104.730893008000066, 0.995331384000053 ], [ 104.730926320000037, 0.994584233000069 ], [ 104.730612232000055, 0.995202893000055 ], [ 104.730893008000066, 0.995331384000053 ] ] ], [ [ [ 104.774867862000065, 1.033120318000044 ], [ 104.775302113000066, 1.033382059000076 ], [ 104.77553411100007, 1.033245240000042 ], [ 104.774867862000065, 1.033120318000044 ] ] ], [ [ [ 104.675625983000089, 1.055936529000064 ], [ 104.675960588000066, 1.052461898000047 ], [ 104.676320501000077, 1.04868758300006 ], [ 104.675625983000089, 1.055936529000064 ] ] ], [ [ [ 104.709438757000044, 1.054371936000052 ], [ 104.708734115000084, 1.050436353000066 ], [ 104.706798734000074, 1.05176780000005 ], [ 104.709438757000044, 1.054371936000052 ] ] ], [ [ [ 104.714741863000086, 1.05326980600006 ], [ 104.715168822000066, 1.053032357000063 ], [ 104.714696938000088, 1.053097340000022 ], [ 104.714741863000086, 1.05326980600006 ] ] ], [ [ [ 104.711489420000078, 1.055535635000069 ], [ 104.711870134000037, 1.055616537000049 ], [ 104.711703571000044, 1.055326243000025 ], [ 104.711489420000078, 1.055535635000069 ] ] ], [ [ [ 104.703823370000066, 1.060789233000037 ], [ 104.704202589000033, 1.060458483000048 ], [ 104.703932942000051, 1.060481075000041 ], [ 104.703823370000066, 1.060789233000037 ] ] ], [ [ [ 106.97656969500008, 0.553764151000053 ], [ 106.978646607000087, 0.55638334300005 ], [ 106.978619006000088, 0.552639856000042 ], [ 106.97656969500008, 0.553764151000053 ] ] ], [ [ [ 107.105411467000067, 0.582706968000025 ], [ 107.107224616000053, 0.580597576000059 ], [ 107.104626245000077, 0.580661822000025 ], [ 107.105411467000067, 0.582706968000025 ] ] ], [ [ [ 107.141605161000086, 0.583475486000054 ], [ 107.142534777000037, 0.583535396000059 ], [ 107.141786471000046, 0.583244171000047 ], [ 107.141605161000086, 0.583475486000054 ] ] ], [ [ [ 107.132996796000043, 0.589448505000064 ], [ 107.134645763000037, 0.579547568000066 ], [ 107.123559854000064, 0.580753954000045 ], [ 107.132996796000043, 0.589448505000064 ] ] ], [ [ [ 106.976540801000056, 0.594788760000029 ], [ 106.977358917000061, 0.594232125000076 ], [ 106.976563644000066, 0.593829361000076 ], [ 106.976540801000056, 0.594788760000029 ] ] ], [ [ [ 107.095665591000056, 0.605623755000067 ], [ 107.08782407800004, 0.595369468000058 ], [ 107.079823140000087, 0.59946214100006 ], [ 107.087241110000036, 0.599230144000046 ], [ 107.095665591000056, 0.605623755000067 ] ] ], [ [ [ 106.974594144000037, 0.609517187000051 ], [ 106.98668656500007, 0.60115576100003 ], [ 106.973780369000053, 0.603625642000054 ], [ 106.974594144000037, 0.609517187000051 ] ] ], [ [ [ 106.992013722000081, 0.604963335000036 ], [ 106.991028625000069, 0.605903222000052 ], [ 106.991633009000054, 0.606529020000039 ], [ 106.992013722000081, 0.604963335000036 ] ] ], [ [ [ 106.991430249000075, 0.609095239000055 ], [ 106.99135648500004, 0.608653849000063 ], [ 106.991255358000046, 0.609020286000032 ], [ 106.991430249000075, 0.609095239000055 ] ] ], [ [ [ 106.977657215000079, 0.618213453000067 ], [ 106.978699418000076, 0.617052276000038 ], [ 106.978083138000045, 0.616781017000051 ], [ 106.977657215000079, 0.618213453000067 ] ] ], [ [ [ 107.033192359000054, 0.619853811000041 ], [ 107.035137568000039, 0.619529610000029 ], [ 107.032053192000035, 0.617084713000054 ], [ 107.033192359000054, 0.619853811000041 ] ] ], [ [ [ 107.013760193000053, 0.648074219000023 ], [ 107.020477412000048, 0.622568776000037 ], [ 107.012560945000075, 0.623917930000061 ], [ 107.013760193000053, 0.648074219000023 ] ] ], [ [ [ 104.784075355000084, 0.706874828000025 ], [ 104.782663538000065, 0.705453611000053 ], [ 104.782045570000037, 0.706332959000065 ], [ 104.784075355000084, 0.706874828000025 ] ] ], [ [ [ 104.780455157000063, 0.712757027000066 ], [ 104.780241012000033, 0.71323631000007 ], [ 104.780667572000084, 0.713026938000041 ], [ 104.780455157000063, 0.712757027000066 ] ] ], [ [ [ 104.781384065000054, 0.718459243000041 ], [ 104.780694118000042, 0.718157649000034 ], [ 104.781023980000043, 0.718580450000047 ], [ 104.781384065000054, 0.718459243000041 ] ] ], [ [ [ 104.779658594000068, 0.723928842000021 ], [ 104.781143336000071, 0.722510089000025 ], [ 104.778234659000077, 0.721795645000043 ], [ 104.779658594000068, 0.723928842000021 ] ] ], [ [ [ 104.810743139000067, 0.742443347000062 ], [ 104.810625250000044, 0.742888246000064 ], [ 104.811556955000071, 0.742644882000036 ], [ 104.810743139000067, 0.742443347000062 ] ] ], [ [ [ 104.799934648000033, 0.754577635000032 ], [ 104.798968924000064, 0.753772172000026 ], [ 104.798474620000036, 0.753401477000068 ], [ 104.797682819000045, 0.753424359000064 ], [ 104.799934648000033, 0.754577635000032 ] ] ], [ [ [ 104.815488883000057, 0.791970104000029 ], [ 104.812280418000057, 0.786319517000038 ], [ 104.809956887000055, 0.78789428400006 ], [ 104.815488883000057, 0.791970104000029 ] ] ], [ [ [ 106.743890700000065, 0.920857210000065 ], [ 106.74415244000005, 0.920631161000074 ], [ 106.743840731000034, 0.920559777000051 ], [ 106.743890700000065, 0.920857210000065 ] ] ], [ [ [ 106.734865801000069, 0.925920148000046 ], [ 106.743813764000038, 0.920265359000041 ], [ 106.743264108000062, 0.919348076000063 ], [ 106.734865801000069, 0.925920148000046 ] ] ], [ [ [ 104.790688747000047, 0.927172976000065 ], [ 104.791070782000077, 0.926302203000034 ], [ 104.790340551000043, 0.925748017000046 ], [ 104.790688747000047, 0.927172976000065 ] ] ], [ [ [ 104.92690015900007, 0.936502499000028 ], [ 104.925181140000063, 0.931668122000076 ], [ 104.927495622000038, 0.927110602000027 ], [ 104.918350245000056, 0.934947608000073 ], [ 104.92690015900007, 0.936502499000028 ] ] ], [ [ [ 104.862489796000034, 0.94850543900003 ], [ 104.863085240000032, 0.948686408000071 ], [ 104.862972912000032, 0.948143568000035 ], [ 104.862489796000034, 0.94850543900003 ] ] ], [ [ [ 104.861961690000044, 0.950133925000046 ], [ 104.86202912400006, 0.949511928000049 ], [ 104.861883072000069, 0.949466686000051 ], [ 104.861961690000044, 0.950133925000046 ] ] ], [ [ [ 104.82417016800008, 0.953020516000038 ], [ 104.824258789000055, 0.952850249000051 ], [ 104.824145841000075, 0.952825924000024 ], [ 104.82417016800008, 0.953020516000038 ] ] ], [ [ [ 104.822917195000059, 0.954868060000024 ], [ 104.823035084000082, 0.954773001000035 ], [ 104.822960928000043, 0.954750187000059 ], [ 104.822917195000059, 0.954868060000024 ] ] ], [ [ [ 104.854953290000083, 0.95587626300005 ], [ 104.855397983000046, 0.955529992000038 ], [ 104.854886850000071, 0.955643758000065 ], [ 104.854953290000083, 0.95587626300005 ] ] ], [ [ [ 104.851827300000082, 0.961318175000031 ], [ 104.852411527000072, 0.961137256000029 ], [ 104.851849780000066, 0.961091995000061 ], [ 104.851827300000082, 0.961318175000031 ] ] ], [ [ [ 104.849254472000041, 0.961793043000057 ], [ 104.850377991000073, 0.961284184000021 ], [ 104.850366770000051, 0.960967530000062 ], [ 104.849254472000041, 0.961793043000057 ] ] ], [ [ [ 104.847636633000036, 0.961894752000035 ], [ 104.848220861000073, 0.961657288000026 ], [ 104.847895057000073, 0.961431092000055 ], [ 104.847636633000036, 0.961894752000035 ] ] ], [ [ [ 104.860591013000032, 0.962430330000075 ], [ 104.861110401000076, 0.962882759000024 ], [ 104.860650394000061, 0.962342308000075 ], [ 104.860591013000032, 0.962430330000075 ] ] ], [ [ [ 104.853709493000053, 0.963327131000028 ], [ 104.853978658000074, 0.963824553000052 ], [ 104.854155233000085, 0.963558372000023 ], [ 104.853709493000053, 0.963327131000028 ] ] ], [ [ [ 104.808639409000079, 0.974230945000045 ], [ 104.817863429000056, 0.972444629000051 ], [ 104.818638693000082, 0.971506020000049 ], [ 104.808639409000079, 0.974230945000045 ] ] ], [ [ [ 104.855471641000065, 0.978857554000058 ], [ 104.856411369000057, 0.978092495000055 ], [ 104.855033676000062, 0.97850930200002 ], [ 104.855471641000065, 0.978857554000058 ] ] ], [ [ [ 104.854709841000044, 0.980749162000052 ], [ 104.854617532000077, 0.980487031000052 ], [ 104.854358400000081, 0.980679477000024 ], [ 104.854709841000044, 0.980749162000052 ] ] ], [ [ [ 104.804993028000069, 0.980841180000027 ], [ 104.805944812000064, 0.981716822000067 ], [ 104.806168482000032, 0.981764411000029 ], [ 104.805521268000064, 0.980960153000069 ], [ 104.804993028000069, 0.980841180000027 ] ] ], [ [ [ 104.856481758000086, 0.98414086400004 ], [ 104.855890070000044, 0.983498107000059 ], [ 104.85559601500006, 0.983503349000046 ], [ 104.856481758000086, 0.98414086400004 ] ] ], [ [ [ 104.856687515000033, 0.984741285000041 ], [ 104.856112372000041, 0.985916276000069 ], [ 104.856324317000087, 0.986490208000021 ], [ 104.856687515000033, 0.984741285000041 ] ] ], [ [ [ 104.788151174000063, 1.02778753900003 ], [ 104.804032696000036, 1.017469061000043 ], [ 104.849344217000066, 1.013298465000048 ], [ 104.843152240000052, 0.997195798000064 ], [ 104.854191355000069, 0.98244362500003 ], [ 104.84059230400004, 0.962018828000055 ], [ 104.824959124000088, 0.956770654000024 ], [ 104.813549701000056, 0.963187935000064 ], [ 104.829704960000072, 0.975368643000024 ], [ 104.80464448400005, 0.989526194000064 ], [ 104.811016194000047, 1.00251326800003 ], [ 104.790517688000079, 1.00428187600005 ], [ 104.782174600000076, 1.020000871000036 ], [ 104.788151174000063, 1.02778753900003 ] ] ], [ [ [ 104.846311235000087, 1.002520782000033 ], [ 104.845586547000039, 1.00303531000003 ], [ 104.846799932000067, 1.003165421000062 ], [ 104.846311235000087, 1.002520782000033 ] ] ], [ [ [ 104.824147027000038, 1.017340173000036 ], [ 104.824826716000075, 1.018030063000026 ], [ 104.825231216000077, 1.017396778000034 ], [ 104.824147027000038, 1.017340173000036 ] ] ], [ [ [ 104.852706358000034, 1.025026222000065 ], [ 104.853069145000063, 1.025280232000057 ], [ 104.852925243000072, 1.02498476300002 ], [ 104.852706358000034, 1.025026222000065 ] ] ], [ [ [ 104.819848971000056, 1.028377567000064 ], [ 104.818191758000069, 1.028824180000072 ], [ 104.819399531000045, 1.028976921000037 ], [ 104.819848971000056, 1.028377567000064 ] ] ], [ [ [ 104.817483941000035, 1.028829794000046 ], [ 104.817467062000048, 1.02929911800004 ], [ 104.817714241000033, 1.029214315000047 ], [ 104.817483941000035, 1.028829794000046 ] ] ], [ [ [ 104.793194768000035, 1.032024576000026 ], [ 104.792992514000048, 1.032143549000068 ], [ 104.793242357000054, 1.032179241000051 ], [ 104.793194768000035, 1.032024576000026 ] ] ], [ [ [ 104.791534003000038, 1.037028583000051 ], [ 104.791801693000082, 1.036641920000022 ], [ 104.791545900000074, 1.036707356000022 ], [ 104.791534003000038, 1.037028583000051 ] ] ], [ [ [ 104.829031665000059, 1.047444913000049 ], [ 104.830766292000078, 1.047184362000053 ], [ 104.829190052000058, 1.046479962000035 ], [ 104.829031665000059, 1.047444913000049 ] ] ], [ [ [ 106.889923877000058, 1.19388265300006 ], [ 106.891483476000076, 1.18675501000007 ], [ 106.886777317000053, 1.189764763000028 ], [ 106.889923877000058, 1.19388265300006 ] ] ], [ [ [ 107.045039191000058, 1.320054774000027 ], [ 107.043825666000089, 1.31343987200006 ], [ 107.041055973000084, 1.314172746000054 ], [ 107.045039191000058, 1.320054774000027 ] ] ], [ [ [ 107.047166273000073, 1.319423491000066 ], [ 107.047168415000044, 1.319666910000024 ], [ 107.047261928000069, 1.319563403000075 ], [ 107.047166273000073, 1.319423491000066 ] ] ], [ [ [ 106.444199751000042, 1.531149221000021 ], [ 106.444660770000041, 1.530680871000072 ], [ 106.443838073000052, 1.530825614000037 ], [ 106.444199751000042, 1.531149221000021 ] ] ], [ [ [ 106.321939576000034, 1.584942128000023 ], [ 106.322587, 1.580794 ], [ 106.319897998000044, 1.581872623000038 ], [ 106.321939576000034, 1.584942128000023 ] ] ], [ [ [ 107.241934117000085, 0.145622952000053 ], [ 107.249888258000055, 0.141460680000023 ], [ 107.228413028000034, 0.122254265000038 ], [ 107.231872169000042, 0.100117545000046 ], [ 107.220909199000062, 0.099836173000028 ], [ 107.205442703000074, 0.127204734000031 ], [ 107.210757586000057, 0.132656436000048 ], [ 107.220798911000088, 0.127933206000023 ], [ 107.241934117000085, 0.145622952000053 ] ] ], [ [ [ 108.030679984000074, 0.239337902000045 ], [ 108.027205971000058, 0.244263386000057 ], [ 108.027586685000074, 0.245060506000073 ], [ 108.030679984000074, 0.239337902000045 ] ] ], [ [ [ 108.043463242000087, 0.250285802000064 ], [ 108.04127156800007, 0.24030983800003 ], [ 108.035677646000067, 0.243984989000069 ], [ 108.043463242000087, 0.250285802000064 ] ] ], [ [ [ 107.148969154000042, 0.515588310000055 ], [ 107.149987563000082, 0.514236776000075 ], [ 107.148321940000073, 0.513741849000041 ], [ 107.148969154000042, 0.515588310000055 ] ] ], [ [ [ 107.150865296000063, 0.517871878000051 ], [ 107.151186811000059, 0.518624503000069 ], [ 107.151081701000066, 0.517643045000057 ], [ 107.150865296000063, 0.517871878000051 ] ] ], [ [ [ 107.180822629000033, 0.568967287000021 ], [ 107.183987312000056, 0.566183318000071 ], [ 107.178936906000047, 0.565755015000036 ], [ 107.180822629000033, 0.568967287000021 ] ] ], [ [ [ 107.188774596000087, 0.568565192000051 ], [ 107.190095197000062, 0.565509964000057 ], [ 107.188125003000039, 0.567269575000068 ], [ 107.188774596000087, 0.568565192000051 ] ] ], [ [ [ 107.171956812000076, 0.582426567000027 ], [ 107.172194759000035, 0.575726005000035 ], [ 107.171833628000059, 0.575660457000026 ], [ 107.171956812000076, 0.582426567000027 ] ] ], [ [ [ 107.325147033000064, 0.743931892000035 ], [ 107.321897879000062, 0.74651598600002 ], [ 107.32442962500005, 0.747711666000043 ], [ 107.325147033000064, 0.743931892000035 ] ] ], [ [ [ 107.52205575000005, 0.880054604000065 ], [ 107.518974348000086, 0.879650096000034 ], [ 107.520961198000066, 0.884135380000032 ], [ 107.52205575000005, 0.880054604000065 ] ] ], [ [ [ 107.541580814000042, 0.895159819000071 ], [ 107.546363530000065, 0.870669217000057 ], [ 107.543418947000077, 0.867540226000074 ], [ 107.541580814000042, 0.895159819000071 ] ] ], [ [ [ 107.468584923000037, 0.903083228000071 ], [ 107.468701025000087, 0.906134743000052 ], [ 107.46911936500004, 0.906421439000042 ], [ 107.468584923000037, 0.903083228000071 ] ] ], [ [ [ 107.500634791000039, 0.924008233000052 ], [ 107.497821368000075, 0.925690059000033 ], [ 107.499612709000075, 0.928258455000048 ], [ 107.500634791000039, 0.924008233000052 ] ] ], [ [ [ 107.498987441000054, 0.95072416000005 ], [ 107.509056131000079, 0.939891664000072 ], [ 107.502974228000085, 0.942083147000062 ], [ 107.502296082000043, 0.929461891000074 ], [ 107.495664524000063, 0.942079578000062 ], [ 107.498987441000054, 0.95072416000005 ] ] ], [ [ [ 107.519079711000074, 0.947438332000047 ], [ 107.519486502000063, 0.943806639000059 ], [ 107.518711987000074, 0.944110020000039 ], [ 107.519079711000074, 0.947438332000047 ] ] ], [ [ [ 107.415634819000047, 0.94603595600006 ], [ 107.41588912800006, 0.946389414000066 ], [ 107.415889904000039, 0.945962221000059 ], [ 107.415634819000047, 0.94603595600006 ] ] ], [ [ [ 107.428826753000067, 0.977803566000034 ], [ 107.445739962000061, 0.96473080800007 ], [ 107.461971298000037, 0.975476116000038 ], [ 107.470890865000058, 0.969004320000067 ], [ 107.477484351000044, 0.941980781000041 ], [ 107.467947472000048, 0.945425051000029 ], [ 107.46830082200006, 0.923503076000031 ], [ 107.455080536000082, 0.920308650000038 ], [ 107.43847308800008, 0.932293995000066 ], [ 107.442870332000041, 0.944104450000054 ], [ 107.429596509000078, 0.951995932000045 ], [ 107.428826753000067, 0.977803566000034 ] ] ], [ [ [ 107.481354545000045, 0.966069651000055 ], [ 107.486647656000059, 0.953695264000032 ], [ 107.481247469000039, 0.943997771000056 ], [ 107.475963481000065, 0.953127029000029 ], [ 107.481354545000045, 0.966069651000055 ] ] ], [ [ [ 107.417783417000066, 0.967180116000065 ], [ 107.422247286000072, 0.96229270300006 ], [ 107.420484754000086, 0.947312511000064 ], [ 107.41192518400004, 0.955416060000061 ], [ 107.417783417000066, 0.967180116000065 ] ] ], [ [ [ 107.489654236000035, 0.970117626000047 ], [ 107.493671201000041, 0.961210549000043 ], [ 107.488994919000049, 0.95369751800007 ], [ 107.489654236000035, 0.970117626000047 ] ] ], [ [ [ 107.493569509000054, 0.965068949000056 ], [ 107.493901153000081, 0.965694659000064 ], [ 107.493962121000038, 0.964985667000064 ], [ 107.493569509000054, 0.965068949000056 ] ] ], [ [ [ 107.393808057000058, 0.972451095000054 ], [ 107.398893650000048, 0.971237305000045 ], [ 107.398833478000086, 0.967582718000074 ], [ 107.393808057000058, 0.972451095000054 ] ] ], [ [ [ 107.462039416000039, 0.976115719000063 ], [ 107.462038416000041, 0.976054719000047 ], [ 107.461994416000039, 0.976103719000037 ], [ 107.462039416000039, 0.976115719000063 ] ] ], [ [ [ 107.397828978000064, 0.980852055000071 ], [ 107.395318618000033, 0.981765099000029 ], [ 107.397545793000063, 0.982402795000041 ], [ 107.397828978000064, 0.980852055000071 ] ] ], [ [ [ 107.415127145000042, 0.990802810000048 ], [ 107.414784503000078, 0.980152342000054 ], [ 107.404286410000054, 0.978877147000048 ], [ 107.400564933000055, 0.987738260000071 ], [ 107.415127145000042, 0.990802810000048 ] ] ], [ [ [ 107.602255218000039, 0.98574257000007 ], [ 107.602106830000082, 0.98604999500003 ], [ 107.602312087000087, 0.985992492000037 ], [ 107.602255218000039, 0.98574257000007 ] ] ], [ [ [ 107.531372498000053, 1.023724911000045 ], [ 107.586789550000049, 1.011099491000039 ], [ 107.60216057000008, 0.997196449000057 ], [ 107.600611541000035, 0.98823064000004 ], [ 107.589881953000088, 0.987812779000024 ], [ 107.585413924000079, 0.974340536000057 ], [ 107.578584871000032, 0.978348738000022 ], [ 107.552988410000069, 0.947100201000069 ], [ 107.553511891000085, 0.953953049000063 ], [ 107.547575136000034, 0.949884171000065 ], [ 107.553546330000074, 0.971118344000047 ], [ 107.578173751000065, 0.991027294000048 ], [ 107.569602933000056, 0.988628797000047 ], [ 107.565377010000077, 0.996599992000029 ], [ 107.573762231000046, 1.002310698000031 ], [ 107.572874692000084, 1.007615111000064 ], [ 107.548623987000042, 0.975254101000075 ], [ 107.54237601400007, 0.973976214000061 ], [ 107.554886331000034, 0.993017967000071 ], [ 107.538325283000063, 0.985183591000066 ], [ 107.535580574000051, 1.001708948000044 ], [ 107.532643130000054, 0.992216088000021 ], [ 107.529364934000057, 0.992773471000021 ], [ 107.530012636000038, 1.00976580300005 ], [ 107.53781131900007, 1.01590124300003 ], [ 107.531372498000053, 1.023724911000045 ] ] ], [ [ [ 107.533551787000079, 0.98973148500005 ], [ 107.533485162000034, 0.985548393000045 ], [ 107.530682157000058, 0.98770894300003 ], [ 107.533551787000079, 0.98973148500005 ] ] ], [ [ [ 107.521634252000069, 0.993380718000026 ], [ 107.527172, 0.99123 ], [ 107.521615216000043, 0.991077400000052 ], [ 107.521634252000069, 0.993380718000026 ] ] ], [ [ [ 107.387458682000045, 0.994488051000076 ], [ 107.394656970000085, 1.009432264000054 ], [ 107.392484103000072, 0.98929130800002 ], [ 107.387458682000045, 0.994488051000076 ] ] ], [ [ [ 107.421835229000067, 1.002050635000046 ], [ 107.421956945000034, 1.000846606000039 ], [ 107.421869912000034, 1.000747658000023 ], [ 107.421835229000067, 1.002050635000046 ] ] ], [ [ [ 107.406882497000083, 1.003915594000034 ], [ 107.408949459000041, 0.999494170000048 ], [ 107.404725916000075, 0.999339505000023 ], [ 107.406882497000083, 1.003915594000034 ] ] ], [ [ [ 107.377017759000069, 1.005213516000026 ], [ 107.377275400000087, 1.005273378000027 ], [ 107.377100888000086, 1.005112344000054 ], [ 107.377017759000069, 1.005213516000026 ] ] ], [ [ [ 107.379620406000072, 1.012392223000063 ], [ 107.385866491000058, 1.007538123000074 ], [ 107.377457569000057, 1.005766379000022 ], [ 107.379620406000072, 1.012392223000063 ] ] ], [ [ [ 107.367216254000084, 1.023198316000048 ], [ 107.373313928000073, 1.019238506000022 ], [ 107.366777687000081, 1.005792964000022 ], [ 107.357372687000066, 1.012324273000047 ], [ 107.367216254000084, 1.023198316000048 ] ] ], [ [ [ 107.569334096000034, 1.017058094000049 ], [ 107.569914089000065, 1.01725142500004 ], [ 107.569655323000063, 1.016861789000075 ], [ 107.569334096000034, 1.017058094000049 ] ] ], [ [ [ 107.572811699000056, 1.02115378700006 ], [ 107.571649433000061, 1.021017406000055 ], [ 107.572726039000088, 1.021372697000061 ], [ 107.572811699000056, 1.02115378700006 ] ] ], [ [ [ 107.571484983000062, 1.021550285000046 ], [ 107.571507755000084, 1.022057982000035 ], [ 107.571771122000087, 1.021775459000025 ], [ 107.571484983000062, 1.021550285000046 ] ] ], [ [ [ 107.572094933000074, 1.022345714000039 ], [ 107.572164486000077, 1.022086536000074 ], [ 107.572023353000077, 1.022082497000042 ], [ 107.572094933000074, 1.022345714000039 ] ] ], [ [ [ 107.514331985000069, 1.022293283000067 ], [ 107.514106827000035, 1.022915505000071 ], [ 107.51425111900005, 1.023015882000038 ], [ 107.514331985000069, 1.022293283000067 ] ] ], [ [ [ 107.511958174000085, 1.023096344000066 ], [ 107.509364561000041, 1.025035605000028 ], [ 107.512070446000052, 1.026485361000027 ], [ 107.511958174000085, 1.023096344000066 ] ] ], [ [ [ 107.516100530000074, 1.025395644000071 ], [ 107.516108675000055, 1.025626201000023 ], [ 107.516210991000037, 1.025460281000051 ], [ 107.516100530000074, 1.025395644000071 ] ] ], [ [ [ 107.377498068000079, 1.032830115000024 ], [ 107.38298233200004, 1.028770653000038 ], [ 107.382770253000047, 1.027309016000061 ], [ 107.377498068000079, 1.032830115000024 ] ] ], [ [ [ 107.501802016000056, 1.049693887000046 ], [ 107.512085296000066, 1.046248113000047 ], [ 107.519958557000052, 1.047114151000073 ], [ 107.503761089000079, 1.036117110000021 ], [ 107.501802016000056, 1.049693887000046 ] ] ], [ [ [ 107.484606428000063, 1.05137421400002 ], [ 107.494257522000055, 1.052730506000046 ], [ 107.493814942000085, 1.045135267000035 ], [ 107.484606428000063, 1.05137421400002 ] ] ], [ [ [ 107.441190555000048, 1.088524878000044 ], [ 107.44500243400006, 1.087127003000035 ], [ 107.441127965000078, 1.085580869000069 ], [ 107.441190555000048, 1.088524878000044 ] ] ], [ [ [ 107.430401355000072, 1.086094833000061 ], [ 107.438289268000062, 1.089533154000037 ], [ 107.434792887000071, 1.084469028000058 ], [ 107.430401355000072, 1.086094833000061 ] ] ], [ [ [ 107.41788628200004, 1.092752465000046 ], [ 107.418110865000074, 1.093092518000049 ], [ 107.418315270000051, 1.092892903000063 ], [ 107.41788628200004, 1.092752465000046 ] ] ], [ [ [ 107.403942122000046, 1.11228613000003 ], [ 107.417438553000068, 1.09799440300003 ], [ 107.388662932000045, 1.088964364000049 ], [ 107.393064935000041, 1.101230485000031 ], [ 107.403942122000046, 1.11228613000003 ] ] ], [ [ [ 107.420713082000077, 1.100461919000054 ], [ 107.421265117000075, 1.100861669000039 ], [ 107.420970064000073, 1.100062170000058 ], [ 107.420713082000077, 1.100461919000054 ] ] ], [ [ [ 107.220164487000034, 1.181539410000028 ], [ 107.220416004000072, 1.180429615000037 ], [ 107.219664095000041, 1.180401061000055 ], [ 107.220164487000034, 1.181539410000028 ] ] ], [ [ [ 107.223473132000038, 1.183073695000076 ], [ 107.223876450000034, 1.183516275000045 ], [ 107.223787221000066, 1.182952343000068 ], [ 107.223473132000038, 1.183073695000076 ] ] ], [ [ [ 107.221681878000084, 1.184265306000043 ], [ 107.22237444600006, 1.183099814000059 ], [ 107.22132971700006, 1.183722789000058 ], [ 107.221681878000084, 1.184265306000043 ] ] ] ] } },
{ "type": "Feature", "properties": { "kemendagri_kab_code": 2102, "kemendagri_kab_name": "Kabupaten Karimun", "kemendagri_prov_code": 21, "kemendagri_prov_name": "Kepulauan Riau" }, "geometry": { "type": "MultiPolygon", "coordinates": [ [ [ [ 103.34727139000006, 0.742106203000048 ], [ 103.346866019000061, 0.742232455000021 ], [ 103.347118545000058, 0.742607226000075 ], [ 103.34727139000006, 0.742106203000048 ] ] ], [ [ [ 103.347254264000071, 0.743412497000065 ], [ 103.34717459400008, 0.743296146000034 ], [ 103.346873734000042, 0.743344363000062 ], [ 103.347254264000071, 0.743412497000065 ] ] ], [ [ [ 103.339090773000066, 0.744832502000065 ], [ 103.339005131000079, 0.745060799000044 ], [ 103.33918501800008, 0.745020824000051 ], [ 103.339090773000066, 0.744832502000065 ] ] ], [ [ [ 103.339343966000058, 0.745159785000055 ], [ 103.33947340900005, 0.745335865000072 ], [ 103.339592382000035, 0.745160737000049 ], [ 103.339343966000058, 0.745159785000055 ] ] ], [ [ [ 103.344670584000085, 0.782649010000057 ], [ 103.344995643000061, 0.78263221900005 ], [ 103.344705716000078, 0.782492458000036 ], [ 103.344670584000085, 0.782649010000057 ] ] ], [ [ [ 103.341430544000048, 0.800921028000062 ], [ 103.341969567000035, 0.800938205000023 ], [ 103.341419364000046, 0.800796676000061 ], [ 103.341430544000048, 0.800921028000062 ] ] ], [ [ [ 103.34210218700008, 0.803448183000057 ], [ 103.342405228000075, 0.803408969000031 ], [ 103.342169926000054, 0.803316283000072 ], [ 103.34210218700008, 0.803448183000057 ] ] ], [ [ [ 103.343080152000084, 0.803832573000022 ], [ 103.343248804000041, 0.803323946000035 ], [ 103.34284449200004, 0.803419868000049 ], [ 103.343080152000084, 0.803832573000022 ] ] ], [ [ [ 103.330608, 0.804712 ], [ 103.330247, 0.804974 ], [ 103.330564, 0.804946 ], [ 103.330608, 0.804712 ] ] ], [ [ [ 103.341703753000047, 0.805685925000034 ], [ 103.340025056000059, 0.805295237000053 ], [ 103.33985646900004, 0.805639950000057 ], [ 103.341703753000047, 0.805685925000034 ] ] ], [ [ [ 103.285327909000046, 0.825100603000067 ], [ 103.283110614000066, 0.823850547000063 ], [ 103.282155919000047, 0.824285337000049 ], [ 103.285327909000046, 0.825100603000067 ] ] ], [ [ [ 103.279774092000082, 0.82701421500002 ], [ 103.280009565000057, 0.827816901000062 ], [ 103.280369177000068, 0.82719533900007 ], [ 103.279774092000082, 0.82701421500002 ] ] ], [ [ [ 103.342665254000053, 0.849195707000035 ], [ 103.343283516000042, 0.847749016000023 ], [ 103.341935944000056, 0.847703218000049 ], [ 103.342665254000053, 0.849195707000035 ] ] ], [ [ [ 103.346752691000063, 0.849813558000051 ], [ 103.348437724000064, 0.848542540000039 ], [ 103.347129856000038, 0.847547192000036 ], [ 103.346752691000063, 0.849813558000051 ] ] ], [ [ [ 103.336604790000081, 0.916311951000068 ], [ 103.343513507000068, 0.911522126000023 ], [ 103.339714281000056, 0.894371686000056 ], [ 103.332151685000042, 0.904915139000025 ], [ 103.336604790000081, 0.916311951000068 ] ] ], [ [ [ 103.342199632000074, 0.917532606000066 ], [ 103.340636902000085, 0.915217312000038 ], [ 103.339878105000082, 0.916878696000026 ], [ 103.342199632000074, 0.917532606000066 ] ] ], [ [ [ 103.343757104000076, 0.919073551000054 ], [ 103.343913954000072, 0.919881886000042 ], [ 103.344239831000039, 0.919441168000048 ], [ 103.343757104000076, 0.919073551000054 ] ] ], [ [ [ 103.346399546000043, 0.928729556000064 ], [ 103.347298885000043, 0.926740409000047 ], [ 103.345530134000057, 0.926733925000065 ], [ 103.346399546000043, 0.928729556000064 ] ] ], [ [ [ 103.342055517000063, 0.932005465000032 ], [ 103.340160225000034, 0.926420223000036 ], [ 103.33785744000005, 0.927719134000029 ], [ 103.342055517000063, 0.932005465000032 ] ] ], [ [ [ 103.337067215000047, 0.936607748000029 ], [ 103.337381984000046, 0.935918335000054 ], [ 103.33643274800005, 0.936528315000032 ], [ 103.337067215000047, 0.936607748000029 ] ] ], [ [ [ 103.343633589000035, 0.939402775000076 ], [ 103.34415907500005, 0.938396938000039 ], [ 103.343344733000038, 0.938718724000069 ], [ 103.343633589000035, 0.939402775000076 ] ] ], [ [ [ 103.303263687000083, 0.978809141000056 ], [ 103.303505812000083, 0.978942996000058 ], [ 103.303511523000054, 0.978832589000035 ], [ 103.303263687000083, 0.978809141000056 ] ] ], [ [ [ 103.29025164400008, 0.988009026000043 ], [ 103.302592028000049, 0.979853825000021 ], [ 103.302850898000088, 0.978706589000069 ], [ 103.29025164400008, 0.988009026000043 ] ] ], [ [ [ 103.345084846000077, 1.006448291000027 ], [ 103.345122569000068, 1.006603738000024 ], [ 103.34518954300006, 1.00645780900004 ], [ 103.345084846000077, 1.006448291000027 ] ] ], [ [ [ 103.345574108000051, 1.005717250000032 ], [ 103.346511386000088, 1.006639035000035 ], [ 103.346663333000038, 1.005972154000062 ], [ 103.345574108000051, 1.005717250000032 ] ] ], [ [ [ 103.311028280000073, 1.043314925000061 ], [ 103.311589056000059, 1.042719550000072 ], [ 103.310965882000062, 1.042510087000039 ], [ 103.311028280000073, 1.043314925000061 ] ] ], [ [ [ 103.308112967000056, 1.053722256000071 ], [ 103.308180718000074, 1.053038392000076 ], [ 103.308079663000058, 1.053004424000051 ], [ 103.308112967000056, 1.053722256000071 ] ] ], [ [ [ 103.308039630000053, 1.054349596000066 ], [ 103.308337022000046, 1.054745403000027 ], [ 103.308118301000036, 1.054242249000026 ], [ 103.308039630000053, 1.054349596000066 ] ] ], [ [ [ 103.308336934000067, 1.054909313000053 ], [ 103.308454612000048, 1.055355892000023 ], [ 103.308460471000046, 1.054903729000046 ], [ 103.308336934000067, 1.054909313000053 ] ] ], [ [ [ 103.307308497000065, 1.056491330000028 ], [ 103.308106313000053, 1.055643957000029 ], [ 103.307387565000056, 1.055649215000074 ], [ 103.307308497000065, 1.056491330000028 ] ] ], [ [ [ 103.289819710000074, 1.101433503000067 ], [ 103.292401034000079, 1.094505611000045 ], [ 103.286924568000074, 1.087460065000073 ], [ 103.284301629000083, 1.088600270000029 ], [ 103.289819710000074, 1.101433503000067 ] ] ], [ [ [ 103.295914603000085, 1.110593670000071 ], [ 103.295813224000085, 1.111124903000075 ], [ 103.296116571000084, 1.110910301000047 ], [ 103.295914603000085, 1.110593670000071 ] ] ], [ [ [ 103.302893589000064, 1.111999422000054 ], [ 103.303613452000036, 1.110061183000028 ], [ 103.302585684000064, 1.110360148000041 ], [ 103.302893589000064, 1.111999422000054 ] ] ], [ [ [ 103.32353831100005, 1.116962551000029 ], [ 103.326116723000041, 1.113718265000045 ], [ 103.324124725000047, 1.112689887000045 ], [ 103.32353831100005, 1.116962551000029 ] ] ], [ [ [ 103.32065222500006, 1.116599157000053 ], [ 103.320848034000051, 1.11788229800004 ], [ 103.321156743000074, 1.11811986400005 ], [ 103.321381787000064, 1.117362611000033 ], [ 103.32065222500006, 1.116599157000053 ] ] ], [ [ [ 103.290376846000072, 1.119694171000049 ], [ 103.290895108000086, 1.116828901000019 ], [ 103.289439647000052, 1.118744082000035 ], [ 103.290376846000072, 1.119694171000049 ] ] ], [ [ [ 103.292322261000038, 1.122709262000058 ], [ 103.292300039000054, 1.122509489000038 ], [ 103.292201039000076, 1.122674579000034 ], [ 103.292322261000038, 1.122709262000058 ] ] ], [ [ [ 103.330919174000087, 1.122878914000069 ], [ 103.334541263000062, 1.12259838600005 ], [ 103.333223144000044, 1.119946776000063 ], [ 103.330919174000087, 1.122878914000069 ] ] ], [ [ [ 103.330202712000073, 1.125622441000075 ], [ 103.329852824000056, 1.125661077000075 ], [ 103.330079672000068, 1.125896804000035 ], [ 103.330202712000073, 1.125622441000075 ] ] ], [ [ [ 103.339508927000054, 1.126088614000025 ], [ 103.338610175000042, 1.126591140000073 ], [ 103.338901914000076, 1.127054785000041 ], [ 103.339508927000054, 1.126088614000025 ] ] ], [ [ [ 103.332804324000051, 1.12722332200002 ], [ 103.332642521000082, 1.12746424200003 ], [ 103.332845965000047, 1.12737620200005 ], [ 103.332804324000051, 1.12722332200002 ] ] ], [ [ [ 103.301077731000078, 1.141491328000029 ], [ 103.309512378000079, 1.14067020400006 ], [ 103.310556308000059, 1.131915756000069 ], [ 103.303732957000079, 1.113672559000065 ], [ 103.293825627000047, 1.117103235000059 ], [ 103.301077731000078, 1.141491328000029 ] ] ], [ [ [ 103.333482565000054, 1.127888185000074 ], [ 103.332291803000032, 1.128407495000033 ], [ 103.332768945000055, 1.128701682000042 ], [ 103.333482565000054, 1.127888185000074 ] ] ], [ [ [ 103.293421386000034, 1.130069105000075 ], [ 103.29128853900005, 1.128417453000054 ], [ 103.29250032200008, 1.130334205000054 ], [ 103.293421386000034, 1.130069105000075 ] ] ], [ [ [ 103.293190394000078, 1.140943464000031 ], [ 103.293179480000049, 1.140406515000052 ], [ 103.292898684000079, 1.140457216000073 ], [ 103.293190394000078, 1.140943464000031 ] ] ], [ [ [ 103.292993541000044, 1.141480289000071 ], [ 103.293150633000039, 1.141712116000065 ], [ 103.293190024000069, 1.141570839000053 ], [ 103.292993541000044, 1.141480289000071 ] ] ], [ [ [ 103.293863545000079, 1.142108184000051 ], [ 103.294431239000062, 1.141181590000031 ], [ 103.293094687000064, 1.141361657000061 ], [ 103.293863545000079, 1.142108184000051 ] ] ], [ [ [ 103.296175304000087, 1.145082534000039 ], [ 103.295553004000055, 1.143386552000038 ], [ 103.295338680000043, 1.144980297000075 ], [ 103.296175304000087, 1.145082534000039 ] ] ], [ [ [ 103.30278465300006, 1.150547517000064 ], [ 103.303752374000055, 1.151264755000057 ], [ 103.303830996000045, 1.151253498000074 ], [ 103.30278465300006, 1.150547517000064 ] ] ], [ [ [ 103.344824221000067, 1.188536882000051 ], [ 103.346072159000073, 1.186378503000071 ], [ 103.344409820000067, 1.186603589000072 ], [ 103.344824221000067, 1.188536882000051 ] ] ], [ [ [ 103.495595033000086, 0.618188142000065 ], [ 103.495265527000072, 0.618578679000052 ], [ 103.495635045000085, 0.618225735000067 ], [ 103.495595033000086, 0.618188142000065 ] ] ], [ [ [ 103.520771994000086, 0.690873698000075 ], [ 103.51601813700006, 0.664552560000061 ], [ 103.48981742400008, 0.624011607000057 ], [ 103.461609305000081, 0.621209986000054 ], [ 103.488938591000078, 0.681759232000047 ], [ 103.520771994000086, 0.690873698000075 ] ] ], [ [ [ 103.504427158000055, 0.705277085000034 ], [ 103.517585408000059, 0.699679539000044 ], [ 103.517143498000053, 0.694264153000063 ], [ 103.496177574000058, 0.692106108000075 ], [ 103.504427158000055, 0.705277085000034 ] ] ], [ [ [ 103.366179122000062, 0.705292821000057 ], [ 103.366699051000069, 0.705807360000051 ], [ 103.366790439000056, 0.705603911000026 ], [ 103.366179122000062, 0.705292821000057 ] ] ], [ [ [ 103.377568756000073, 0.89679492800002 ], [ 103.406453204000059, 0.880137445000059 ], [ 103.404119174000073, 0.862308926000026 ], [ 103.412268349000044, 0.844801302000064 ], [ 103.430613879000077, 0.828806792000023 ], [ 103.472774714000082, 0.809661282000036 ], [ 103.511999621000086, 0.757121203000054 ], [ 103.504806853000048, 0.719300872000019 ], [ 103.456817147000038, 0.637547940000047 ], [ 103.433781390000036, 0.63604304100005 ], [ 103.400283674000036, 0.648773084000027 ], [ 103.400116561000061, 0.674677727000073 ], [ 103.351473072000033, 0.740837417000023 ], [ 103.343209836000085, 0.801369181000041 ], [ 103.352238032000059, 0.843849178000028 ], [ 103.365833319000046, 0.855550435000055 ], [ 103.370139, 0.893201 ], [ 103.377568756000073, 0.89679492800002 ] ] ], [ [ [ 103.450375038000061, 0.820957790000023 ], [ 103.468883204000065, 0.820139699000038 ], [ 103.473917330000063, 0.812612450000074 ], [ 103.450375038000061, 0.820957790000023 ] ] ], [ [ [ 103.445689049000066, 0.828428518000067 ], [ 103.448420287000033, 0.822652768000069 ], [ 103.44127618400006, 0.826651902000037 ], [ 103.445689049000066, 0.828428518000067 ] ] ], [ [ [ 103.410638214000073, 0.885039085000074 ], [ 103.453011473000061, 0.856353809000041 ], [ 103.471929238000087, 0.856853219000072 ], [ 103.494771579000087, 0.844810990000042 ], [ 103.503309784000066, 0.828004858000043 ], [ 103.531205526000065, 0.801413803000059 ], [ 103.532726627000045, 0.787409801000024 ], [ 103.527108069000064, 0.780423920000032 ], [ 103.527637803000061, 0.766798317000053 ], [ 103.495100346000072, 0.791348858000049 ], [ 103.478104144000042, 0.818288333000055 ], [ 103.461190799000065, 0.833283591000054 ], [ 103.443856499000049, 0.847560503000068 ], [ 103.441138244000058, 0.848757722000073 ], [ 103.436072789000036, 0.850044419000028 ], [ 103.426844919000075, 0.855156080000029 ], [ 103.419701424000039, 0.857504522000056 ], [ 103.410638214000073, 0.885039085000074 ] ] ], [ [ [ 103.452069214000062, 0.825163897000039 ], [ 103.451944575000084, 0.828012700000045 ], [ 103.45312477300007, 0.825435630000072 ], [ 103.452069214000062, 0.825163897000039 ] ] ], [ [ [ 103.348755666000045, 0.83302373600003 ], [ 103.348233070000049, 0.83399569300002 ], [ 103.348946245000036, 0.833815124000068 ], [ 103.348755666000045, 0.83302373600003 ] ] ], [ [ [ 103.464859078000075, 0.829384795000067 ], [ 103.459700446000056, 0.824725115000035 ], [ 103.452151642000047, 0.829673742000068 ], [ 103.432188176000068, 0.833181639000031 ], [ 103.420201328000076, 0.843322869000076 ], [ 103.421572908000087, 0.853531663000069 ], [ 103.420454182000071, 0.856719152000039 ], [ 103.464859078000075, 0.829384795000067 ] ] ], [ [ [ 103.495667852000054, 0.850475242000073 ], [ 103.502959911000062, 0.847331021000059 ], [ 103.499914923000063, 0.84377999700007 ], [ 103.495667852000054, 0.850475242000073 ] ] ], [ [ [ 103.416967974000045, 0.845453257000031 ], [ 103.412417508000033, 0.850815490000059 ], [ 103.413663911000071, 0.86484520700003 ], [ 103.420412200000044, 0.854040660000067 ], [ 103.416967974000045, 0.845453257000031 ] ] ], [ [ [ 103.412567252000088, 0.855365714000072 ], [ 103.409921720000057, 0.857280764000052 ], [ 103.411802225000088, 0.858677685000032 ], [ 103.412567252000088, 0.855365714000072 ] ] ], [ [ [ 103.405628910000075, 0.86409005500002 ], [ 103.407674872000086, 0.859173365000061 ], [ 103.404922035000084, 0.862563621000049 ], [ 103.405628910000075, 0.86409005500002 ] ] ], [ [ [ 103.365634344000057, 0.872856529000046 ], [ 103.366033138000034, 0.87256843900002 ], [ 103.365561404000061, 0.872726496000041 ], [ 103.365634344000057, 0.872856529000046 ] ] ], [ [ [ 103.424014782000086, 0.877799119000031 ], [ 103.421407876000046, 0.881223366000029 ], [ 103.424198833000048, 0.880783668000049 ], [ 103.424014782000086, 0.877799119000031 ] ] ], [ [ [ 103.435464618000083, 0.925329731000033 ], [ 103.47531626600005, 0.913940370000034 ], [ 103.487755836000076, 0.855085393000024 ], [ 103.45371, 0.859241 ], [ 103.409895763000065, 0.892257598000072 ], [ 103.407248985000081, 0.909818324000071 ], [ 103.422055581000052, 0.91174103700007 ], [ 103.435464618000083, 0.925329731000033 ] ] ], [ [ [ 103.396623293000061, 0.892111982000074 ], [ 103.394689932000063, 0.894681902000059 ], [ 103.397563437000088, 0.892089239000029 ], [ 103.396623293000061, 0.892111982000074 ] ] ], [ [ [ 103.364964152000084, 0.906741966000027 ], [ 103.373177195000039, 0.898352079000063 ], [ 103.364923603000079, 0.896946615000047 ], [ 103.364964152000084, 0.906741966000027 ] ] ], [ [ [ 103.34856968400004, 0.903207505000069 ], [ 103.348372588000075, 0.904467854000075 ], [ 103.348647682000035, 0.904564067000024 ], [ 103.34856968400004, 0.903207505000069 ] ] ], [ [ [ 103.362363930000072, 0.910253401000034 ], [ 103.357037304000073, 0.90558223000005 ], [ 103.35738208500004, 0.913003751000076 ], [ 103.362363930000072, 0.910253401000034 ] ] ], [ [ [ 103.399237145000086, 0.911188818000028 ], [ 103.403107888000079, 0.906968244000041 ], [ 103.399760780000065, 0.907967220000046 ], [ 103.399237145000086, 0.911188818000028 ] ] ], [ [ [ 103.476758148000044, 0.912731449000034 ], [ 103.477633798000056, 0.913579705000075 ], [ 103.478297217000033, 0.911680731000047 ], [ 103.476758148000044, 0.912731449000034 ] ] ], [ [ [ 103.354506654000033, 0.914478188000032 ], [ 103.353601940000033, 0.915975605000028 ], [ 103.354225146000033, 0.916128503000039 ], [ 103.354506654000033, 0.914478188000032 ] ] ], [ [ [ 103.470995168000059, 0.916414437000071 ], [ 103.470342944000038, 0.918381237000062 ], [ 103.47273603900004, 0.916200389000039 ], [ 103.470995168000059, 0.916414437000071 ] ] ], [ [ [ 103.462884418000044, 0.921328626000047 ], [ 103.462838690000069, 0.923205239000026 ], [ 103.46438917200004, 0.921736260000046 ], [ 103.462884418000044, 0.921328626000047 ] ] ], [ [ [ 103.35083082400007, 0.922242612000048 ], [ 103.348202481000044, 0.923281388000021 ], [ 103.34999865900005, 0.924695277000069 ], [ 103.35083082400007, 0.922242612000048 ] ] ], [ [ [ 103.388479200000063, 0.924944819000075 ], [ 103.386614798000039, 0.925283104000073 ], [ 103.387400523000053, 0.926176527000052 ], [ 103.388479200000063, 0.924944819000075 ] ] ], [ [ [ 103.382290248000061, 0.927152029000069 ], [ 103.386076464000041, 0.923677604000034 ], [ 103.380107060000057, 0.924680976000047 ], [ 103.382290248000061, 0.927152029000069 ] ] ], [ [ [ 103.456027837000079, 0.934699433000048 ], [ 103.460827479000045, 0.925284484000031 ], [ 103.44817103400004, 0.923809291000055 ], [ 103.438349196000047, 0.937890847000062 ], [ 103.456027837000079, 0.934699433000048 ] ] ], [ [ [ 103.419961599000032, 0.948452404000022 ], [ 103.43906135900005, 0.931469881000055 ], [ 103.418607055000052, 0.913452188000065 ], [ 103.408498706000046, 0.940979724000044 ], [ 103.419961599000032, 0.948452404000022 ] ] ], [ [ [ 103.374275535000038, 0.93118970300003 ], [ 103.371814992000054, 0.933573813000066 ], [ 103.374705949000088, 0.935446060000061 ], [ 103.374275535000038, 0.93118970300003 ] ] ], [ [ [ 103.398863168000048, 0.934253289000026 ], [ 103.39873655100007, 0.934858030000044 ], [ 103.399132350000059, 0.93502778200002 ], [ 103.398863168000048, 0.934253289000026 ] ] ], [ [ [ 103.407206659000053, 0.940866343000039 ], [ 103.407754788000034, 0.940269268000065 ], [ 103.407222597000043, 0.940372172000025 ], [ 103.407206659000053, 0.940866343000039 ] ] ], [ [ [ 103.443459412000038, 0.962470017000044 ], [ 103.473170527000036, 0.950387113000033 ], [ 103.475474719000033, 0.920090512000058 ], [ 103.457004661000042, 0.935287725000023 ], [ 103.438527617000034, 0.94075106300005 ], [ 103.425740133000033, 0.956108523000069 ], [ 103.443459412000038, 0.962470017000044 ] ] ], [ [ [ 103.488927616000069, 0.950388436000026 ], [ 103.494439174000036, 0.944071262000023 ], [ 103.489419496000039, 0.94269549400002 ], [ 103.488927616000069, 0.950388436000026 ] ] ], [ [ [ 103.492475827000078, 0.952232740000056 ], [ 103.496181840000077, 0.952788324000039 ], [ 103.496171881000066, 0.949848970000062 ], [ 103.492475827000078, 0.952232740000056 ] ] ], [ [ [ 103.355575013000077, 0.959442033000073 ], [ 103.365301675000069, 0.95699365300004 ], [ 103.363491085000078, 0.950396626000042 ], [ 103.359918825000079, 0.952531461000035 ], [ 103.355575013000077, 0.959442033000073 ] ] ], [ [ [ 103.371558222000033, 0.991234467000027 ], [ 103.389550789000054, 0.988824138000041 ], [ 103.389025656000058, 0.983194185000059 ], [ 103.371558222000033, 0.991234467000027 ] ] ], [ [ [ 103.349817356000074, 1.003412574000038 ], [ 103.349966542000061, 1.003472644000055 ], [ 103.350134542000035, 1.00316364400004 ], [ 103.349817356000074, 1.003412574000038 ] ] ], [ [ [ 103.348500305000073, 1.003645943000038 ], [ 103.348379089000048, 1.003389288000051 ], [ 103.348150916000066, 1.003432064000037 ], [ 103.348500305000073, 1.003645943000038 ] ] ], [ [ [ 103.360421227000074, 1.004876959000057 ], [ 103.360831003000044, 1.005154125000047 ], [ 103.360617851000086, 1.004696187000036 ], [ 103.360421227000074, 1.004876959000057 ] ] ], [ [ [ 103.424202433000062, 1.050518145000069 ], [ 103.424635150000086, 1.049873991000027 ], [ 103.423860195000088, 1.049901860000034 ], [ 103.424202433000062, 1.050518145000069 ] ] ], [ [ [ 103.375902, 1.136323 ], [ 103.38990827300006, 1.119670159000066 ], [ 103.377189767000061, 1.10457965400002 ], [ 103.382538796000063, 1.081299007000041 ], [ 103.399016087000064, 1.051757047000024 ], [ 103.423977285000035, 1.045574854000051 ], [ 103.425169933000063, 1.028403827000034 ], [ 103.446353085000055, 0.995936082000071 ], [ 103.439690594000069, 0.98887503100002 ], [ 103.417395044000045, 0.998313163000034 ], [ 103.414417149000087, 0.992397823000033 ], [ 103.394263160000037, 0.992859298000042 ], [ 103.374758672000041, 1.010574526000028 ], [ 103.352036980000037, 1.00456562200003 ], [ 103.346916549000071, 1.016021870000031 ], [ 103.342904857000065, 1.015673488000061 ], [ 103.345484413000065, 1.014991757000075 ], [ 103.349303448000057, 1.009552309000071 ], [ 103.348768069000073, 1.006804032000048 ], [ 103.344034132000047, 1.011328577000029 ], [ 103.342475124000032, 1.016685403000054 ], [ 103.336123614000087, 1.011559385000055 ], [ 103.328171455000074, 1.016906034000044 ], [ 103.328304659000082, 1.035337894000065 ], [ 103.316264398000044, 1.035177846000067 ], [ 103.310620325000059, 1.057692708000047 ], [ 103.324352218000058, 1.06668058300005 ], [ 103.312781862000065, 1.068625024000028 ], [ 103.311217498000076, 1.087156939000067 ], [ 103.319246004000036, 1.087291838000056 ], [ 103.327413605000061, 1.112244891000046 ], [ 103.342355887000053, 1.118925145000048 ], [ 103.350570008000034, 1.134906345000047 ], [ 103.364382319000072, 1.133610268000041 ], [ 103.369803527000045, 1.124042400000064 ], [ 103.375902, 1.136323 ] ] ], [ [ [ 103.392057241000032, 1.125230500000043 ], [ 103.392450479000047, 1.124959408000052 ], [ 103.392102332000036, 1.124925301000076 ], [ 103.392057241000032, 1.125230500000043 ] ] ], [ [ [ 103.389715651000074, 1.16528706500003 ], [ 103.409174621000034, 1.143853157000024 ], [ 103.409205077000081, 1.129247485000064 ], [ 103.394199953000054, 1.129674408000028 ], [ 103.37973407700008, 1.150099296000064 ], [ 103.381266190000076, 1.161676037000063 ], [ 103.389715651000074, 1.16528706500003 ] ] ], [ [ [ 103.351051503000065, 1.150014893000048 ], [ 103.350971842000035, 1.150350520000075 ], [ 103.351131145000068, 1.150296032000028 ], [ 103.351051503000065, 1.150014893000048 ] ] ], [ [ [ 103.361647402000074, 1.161529359000042 ], [ 103.360916966000048, 1.162246764000031 ], [ 103.361489593000044, 1.162524058000031 ], [ 103.361647402000074, 1.161529359000042 ] ] ], [ [ [ 103.352723987000047, 1.190568868000071 ], [ 103.351707145000034, 1.191508427000031 ], [ 103.352321858000039, 1.191715769000041 ], [ 103.352723987000047, 1.190568868000071 ] ] ], [ [ [ 103.56751063300004, 0.536156504000076 ], [ 103.57086890000005, 0.534523637000063 ], [ 103.570790550000083, 0.533387406000031 ], [ 103.56751063300004, 0.536156504000076 ] ] ], [ [ [ 103.569797932000085, 0.539018731000056 ], [ 103.569264061000069, 0.540844457000048 ], [ 103.57010645400004, 0.540364169000043 ], [ 103.569797932000085, 0.539018731000056 ] ] ], [ [ [ 103.565509022000072, 0.547224180000057 ], [ 103.566869500000053, 0.538917234000053 ], [ 103.559598546000075, 0.538273028000049 ], [ 103.557270734000042, 0.543049752000059 ], [ 103.565509022000072, 0.547224180000057 ] ] ], [ [ [ 103.554502317000072, 0.551138879000064 ], [ 103.553329622000035, 0.547492567000063 ], [ 103.551543677000041, 0.548831834000055 ], [ 103.554502317000072, 0.551138879000064 ] ] ], [ [ [ 103.552137802000061, 0.55331460900004 ], [ 103.554153792000079, 0.55272721800003 ], [ 103.553233233000071, 0.551364679000073 ], [ 103.552137802000061, 0.55331460900004 ] ] ], [ [ [ 103.568793118000087, 0.583901106000042 ], [ 103.56866406000006, 0.58353364200002 ], [ 103.568517839000037, 0.584421092000071 ], [ 103.568927620000068, 0.584941254000057 ], [ 103.568793118000087, 0.583901106000042 ] ] ], [ [ [ 103.568927851000069, 0.584031155000048 ], [ 103.569506138000065, 0.584359165000023 ], [ 103.569197434000046, 0.58382772300007 ], [ 103.568927851000069, 0.584031155000048 ] ] ], [ [ [ 103.565639877000081, 0.585951422000051 ], [ 103.566589256000043, 0.584357581000063 ], [ 103.565117920000034, 0.584928134000052 ], [ 103.565639877000081, 0.585951422000051 ] ] ], [ [ [ 103.562561407000032, 0.591111610000041 ], [ 103.564729369000077, 0.589241105000042 ], [ 103.562640568000063, 0.588980535000076 ], [ 103.562561407000032, 0.591111610000041 ] ] ], [ [ [ 103.531674743000053, 0.591262585000038 ], [ 103.530793092000067, 0.591533679000065 ], [ 103.531646571000067, 0.591630002000045 ], [ 103.531674743000053, 0.591262585000038 ] ] ], [ [ [ 103.56439374100006, 0.605911061000029 ], [ 103.56552298400004, 0.603718083000047 ], [ 103.563748155000042, 0.605272125000056 ], [ 103.56439374100006, 0.605911061000029 ] ] ], [ [ [ 103.564124463000041, 0.61726913900003 ], [ 103.563748201000067, 0.617416009000067 ], [ 103.564034520000064, 0.617636546000028 ], [ 103.564124463000041, 0.61726913900003 ] ] ], [ [ [ 103.564249078000046, 0.617875120000065 ], [ 103.564136807000068, 0.617745076000062 ], [ 103.563642693000077, 0.617637539000043 ], [ 103.563721558000054, 0.616699199000038 ], [ 103.56339581800006, 0.616902611000057 ], [ 103.563496638000061, 0.617852304000053 ], [ 103.564249078000046, 0.617875120000065 ] ] ], [ [ [ 103.564814786000056, 0.623194539000053 ], [ 103.565995326000063, 0.618248679000033 ], [ 103.562395091000042, 0.621396293000032 ], [ 103.564814786000056, 0.623194539000053 ] ] ], [ [ [ 103.552899846000059, 0.631057274000057 ], [ 103.552237267000066, 0.630980777000048 ], [ 103.55292789300006, 0.631164684000055 ], [ 103.552899846000059, 0.631057274000057 ] ] ], [ [ [ 103.55154968100004, 0.631552033000048 ], [ 103.55286908100004, 0.632213774000036 ], [ 103.552779461000057, 0.631405406000056 ], [ 103.55154968100004, 0.631552033000048 ] ] ], [ [ [ 103.556939125000042, 0.634339614000055 ], [ 103.557855271000051, 0.631236505000061 ], [ 103.555277583000077, 0.63225893300006 ], [ 103.556939125000042, 0.634339614000055 ] ] ], [ [ [ 103.556315045000076, 0.638715411000021 ], [ 103.552081016000045, 0.639143821000062 ], [ 103.555213547000051, 0.641948475000049 ], [ 103.556315045000076, 0.638715411000021 ] ] ], [ [ [ 103.549758856000039, 0.641582422000056 ], [ 103.54855178300005, 0.640847221000058 ], [ 103.549090575000037, 0.641813994000074 ], [ 103.549758856000039, 0.641582422000056 ] ] ], [ [ [ 103.551611416000071, 0.643267469000023 ], [ 103.551240635000056, 0.643883512000059 ], [ 103.55194255400005, 0.643844143000024 ], [ 103.551611416000071, 0.643267469000023 ] ] ], [ [ [ 103.550853108000069, 0.652495253000041 ], [ 103.547219795000046, 0.653313844000024 ], [ 103.547056670000075, 0.65429737200003 ], [ 103.550853108000069, 0.652495253000041 ] ] ], [ [ [ 103.568039055000042, 0.668622554000024 ], [ 103.568016139000065, 0.670188369000073 ], [ 103.568752164000045, 0.668752777000066 ], [ 103.568039055000042, 0.668622554000024 ] ] ], [ [ [ 103.558553569000082, 0.672757581000042 ], [ 103.556003613000087, 0.674814425000022 ], [ 103.556918592000045, 0.675888723000071 ], [ 103.558553569000082, 0.672757581000042 ] ] ], [ [ [ 103.539834055000085, 0.684164518000046 ], [ 103.539227847000063, 0.683361647000027 ], [ 103.539092930000038, 0.68385904400003 ], [ 103.539834055000085, 0.684164518000046 ] ] ], [ [ [ 103.557055335000086, 0.68811002700005 ], [ 103.560442759000068, 0.683492747000059 ], [ 103.554288940000049, 0.681568951000031 ], [ 103.557055335000086, 0.68811002700005 ] ] ], [ [ [ 103.566136097000083, 0.685557727000059 ], [ 103.56570337900007, 0.686688152000045 ], [ 103.566135732000077, 0.686784380000063 ], [ 103.566136097000083, 0.685557727000059 ] ] ], [ [ [ 103.53783844600008, 0.687172292000071 ], [ 103.53842287100008, 0.685736684000062 ], [ 103.536738206000052, 0.686007496000059 ], [ 103.53783844600008, 0.687172292000071 ] ] ], [ [ [ 103.528915937000079, 0.686683403000075 ], [ 103.526995100000079, 0.688056410000058 ], [ 103.527455409000083, 0.688520073000063 ], [ 103.528915937000079, 0.686683403000075 ] ] ], [ [ [ 103.544992208000053, 0.687547572000028 ], [ 103.542201093000074, 0.688581162000048 ], [ 103.542914034000034, 0.689242750000062 ], [ 103.544992208000053, 0.687547572000028 ] ] ], [ [ [ 103.534805110000036, 0.690732559000026 ], [ 103.533294283000032, 0.691772186000037 ], [ 103.534624848000078, 0.692603547000033 ], [ 103.534805110000036, 0.690732559000026 ] ] ], [ [ [ 103.527891860000068, 0.693517181000061 ], [ 103.526707287000079, 0.69271978200004 ], [ 103.526639755000076, 0.693200239000021 ], [ 103.527891860000068, 0.693517181000061 ] ] ], [ [ [ 103.558001957000045, 0.695950694000032 ], [ 103.558131079000077, 0.696052484000063 ], [ 103.558237865000081, 0.695741615000031 ], [ 103.558001957000045, 0.695950694000032 ] ] ], [ [ [ 103.558383875000061, 0.695702090000054 ], [ 103.558686865000084, 0.69648791700007 ], [ 103.558642185000053, 0.695690864000028 ], [ 103.558383875000061, 0.695702090000054 ] ] ], [ [ [ 103.565184097000042, 0.695585469000036 ], [ 103.564953354000068, 0.697281231000034 ], [ 103.566172189000042, 0.696281063000072 ], [ 103.565184097000042, 0.695585469000036 ] ] ], [ [ [ 103.570186748000083, 0.697695488000022 ], [ 103.570175018000043, 0.699346100000071 ], [ 103.570372098000064, 0.697554225000033 ], [ 103.570186748000083, 0.697695488000022 ] ] ], [ [ [ 103.557271471000035, 0.697567158000027 ], [ 103.552312255000061, 0.700431567000066 ], [ 103.556877, 0.702140117000056 ], [ 103.557271471000035, 0.697567158000027 ] ] ], [ [ [ 103.540934294000067, 0.699541391000025 ], [ 103.541293289000066, 0.700785102000054 ], [ 103.54184383900008, 0.699976935000052 ], [ 103.540934294000067, 0.699541391000025 ] ] ], [ [ [ 103.564331190000075, 0.711899119000066 ], [ 103.564820416000032, 0.709666425000023 ], [ 103.562922270000058, 0.710157623000043 ], [ 103.564331190000075, 0.711899119000066 ] ] ], [ [ [ 103.517540129000054, 0.731366877000028 ], [ 103.51852812900006, 0.732449877000022 ], [ 103.518292129000088, 0.730923877000066 ], [ 103.517540129000054, 0.731366877000028 ] ] ], [ [ [ 103.556361567000067, 0.746014090000074 ], [ 103.571826021000049, 0.736732182000026 ], [ 103.567187777000072, 0.725440886000058 ], [ 103.556361567000067, 0.746014090000074 ] ] ], [ [ [ 103.547001658000056, 0.75228028500004 ], [ 103.553160973000047, 0.754599972000051 ], [ 103.550846258000036, 0.749641742000051 ], [ 103.547001658000056, 0.75228028500004 ] ] ], [ [ [ 103.553597864000039, 0.766369139000062 ], [ 103.552463149000062, 0.767561483000065 ], [ 103.553456957000037, 0.767920771000036 ], [ 103.553597864000039, 0.766369139000062 ] ] ], [ [ [ 103.533168430000046, 0.792576522000047 ], [ 103.554327881000063, 0.784875400000033 ], [ 103.543359150000072, 0.755096945000048 ], [ 103.531140728000082, 0.761644275000037 ], [ 103.533168430000046, 0.792576522000047 ] ] ], [ [ [ 103.529523764000032, 0.777290356000037 ], [ 103.528046214000085, 0.779336109000042 ], [ 103.529856494000057, 0.781284097000025 ], [ 103.529523764000032, 0.777290356000037 ] ] ], [ [ [ 103.534766679000086, 0.804646495000043 ], [ 103.531499136000036, 0.804771607000021 ], [ 103.53161977700006, 0.805899214000021 ], [ 103.534766679000086, 0.804646495000043 ] ] ], [ [ [ 103.524398948000055, 0.811201769000036 ], [ 103.532575087000055, 0.810927780000043 ], [ 103.52831943700005, 0.808608625000033 ], [ 103.524398948000055, 0.811201769000036 ] ] ], [ [ [ 103.522912360000078, 0.814818931000048 ], [ 103.523225254000067, 0.811407660000043 ], [ 103.521579642000063, 0.812235171000054 ], [ 103.522912360000078, 0.814818931000048 ] ] ], [ [ [ 103.521122701000081, 0.817975283000067 ], [ 103.523537918000045, 0.816353862000028 ], [ 103.52179480500007, 0.815064409000058 ], [ 103.521122701000081, 0.817975283000067 ] ] ], [ [ [ 103.514813419000063, 0.826615835000041 ], [ 103.520607755000071, 0.828675582000074 ], [ 103.520743215000039, 0.826813081000068 ], [ 103.514813419000063, 0.826615835000041 ] ] ], [ [ [ 103.490987499000084, 0.926552402000027 ], [ 103.511076755000033, 0.91166400100002 ], [ 103.526685504000056, 0.882669410000062 ], [ 103.528796755000087, 0.868733563000035 ], [ 103.513363498000047, 0.859253653000053 ], [ 103.501156981000065, 0.862807170000053 ], [ 103.485540425000067, 0.899864283000056 ], [ 103.490987499000084, 0.926552402000027 ] ] ], [ [ [ 103.662961538000047, 0.472661043000073 ], [ 103.661792628000057, 0.474794576000022 ], [ 103.663344037000059, 0.475018246000047 ], [ 103.662961538000047, 0.472661043000073 ] ] ], [ [ [ 103.626575984000056, 0.478170496000075 ], [ 103.62701394000004, 0.478351478000036 ], [ 103.626941054000042, 0.477786170000059 ], [ 103.626575984000056, 0.478170496000075 ] ] ], [ [ [ 103.627127625000071, 0.480388145000063 ], [ 103.626687789000073, 0.480746170000032 ], [ 103.627085031000036, 0.480685593000032 ], [ 103.627127625000071, 0.480388145000063 ] ] ], [ [ [ 103.628777064000076, 0.497624432000066 ], [ 103.633731781000051, 0.487761072000069 ], [ 103.625068080000062, 0.484248827000044 ], [ 103.628777064000076, 0.497624432000066 ] ] ], [ [ [ 103.620613351000088, 0.493117344000041 ], [ 103.620664594000061, 0.489680380000038 ], [ 103.619361821000041, 0.489815780000072 ], [ 103.620613351000088, 0.493117344000041 ] ] ], [ [ [ 103.62879765200006, 0.506612606000033 ], [ 103.639484297000081, 0.503370074000031 ], [ 103.634925765000048, 0.497964893000074 ], [ 103.62879765200006, 0.506612606000033 ] ] ], [ [ [ 103.632913209000037, 0.512965687000076 ], [ 103.622894068000051, 0.515503393000074 ], [ 103.621163035000052, 0.522512634000066 ], [ 103.632913209000037, 0.512965687000076 ] ] ], [ [ [ 103.576502067000035, 0.558720156000049 ], [ 103.607485389000033, 0.51696976900007 ], [ 103.623176510000064, 0.507640238000022 ], [ 103.619221925000033, 0.495648064000022 ], [ 103.597551800000076, 0.491620137000041 ], [ 103.593547537000063, 0.520511014000022 ], [ 103.568985299000076, 0.550295659000028 ], [ 103.576502067000035, 0.558720156000049 ] ] ], [ [ [ 103.634726839000052, 0.535455221000063 ], [ 103.637126420000072, 0.527140260000067 ], [ 103.63494466800006, 0.514968975000045 ], [ 103.619797632000086, 0.526542861000053 ], [ 103.634726839000052, 0.535455221000063 ] ] ], [ [ [ 103.619812582000066, 0.535095725000076 ], [ 103.620211889000075, 0.532314580000047 ], [ 103.618846881000081, 0.534496297000032 ], [ 103.619812582000066, 0.535095725000076 ] ] ], [ [ [ 103.571337047000043, 0.536661879000064 ], [ 103.57019715000007, 0.536706833000039 ], [ 103.570769700000085, 0.537571845000059 ], [ 103.571337047000043, 0.536661879000064 ] ] ], [ [ [ 103.625228288000073, 0.548771381000051 ], [ 103.629340283000033, 0.541881400000022 ], [ 103.626719187000049, 0.536210913000048 ], [ 103.622450572000048, 0.54050051400003 ], [ 103.625228288000073, 0.548771381000051 ] ] ], [ [ [ 103.657491235000066, 0.555930387000046 ], [ 103.657636872000069, 0.557541526000023 ], [ 103.658198606000042, 0.55669935800006 ], [ 103.657491235000066, 0.555930387000046 ] ] ], [ [ [ 103.656209905000082, 0.560395964000065 ], [ 103.65558705400008, 0.558366393000028 ], [ 103.655221620000077, 0.560260064000033 ], [ 103.656209905000082, 0.560395964000065 ] ] ], [ [ [ 103.571968316000039, 0.563104442000053 ], [ 103.575208788000054, 0.561115452000024 ], [ 103.571026105000044, 0.558372819000056 ], [ 103.571968316000039, 0.563104442000053 ] ] ], [ [ [ 103.65699894100004, 0.572295715000052 ], [ 103.667271941000081, 0.562094416000036 ], [ 103.661074836000068, 0.55167448800006 ], [ 103.652344742000082, 0.568003996000073 ], [ 103.65699894100004, 0.572295715000052 ] ] ], [ [ [ 103.628609333000043, 0.564233520000073 ], [ 103.632000898000058, 0.564743088000057 ], [ 103.628974880000044, 0.56188763800003 ], [ 103.628609333000043, 0.564233520000073 ] ] ], [ [ [ 103.644447822000075, 0.575006170000051 ], [ 103.650838469000064, 0.573747078000054 ], [ 103.64795863900008, 0.569970202000036 ], [ 103.644447822000075, 0.575006170000051 ] ] ], [ [ [ 103.635609351000085, 0.583223193000038 ], [ 103.636138449000043, 0.583429132000049 ], [ 103.635859078000067, 0.58304767900006 ], [ 103.635609351000085, 0.583223193000038 ] ] ], [ [ [ 103.571788063000042, 0.587948441000037 ], [ 103.569541345000061, 0.590367256000036 ], [ 103.571748240000034, 0.589977785000031 ], [ 103.571788063000042, 0.587948441000037 ] ] ], [ [ [ 103.638620973000059, 0.590290374000062 ], [ 103.643013146000044, 0.586515271000053 ], [ 103.63880729300007, 0.586118536000072 ], [ 103.638620973000059, 0.590290374000062 ] ] ], [ [ [ 103.63634277400007, 0.594984589000035 ], [ 103.635877372000039, 0.592220180000027 ], [ 103.635191725000084, 0.594532067000046 ], [ 103.63634277400007, 0.594984589000035 ] ] ], [ [ [ 103.65072372700007, 0.595694773000048 ], [ 103.650673074000053, 0.596163958000034 ], [ 103.650911763000067, 0.596033998000053 ], [ 103.65072372700007, 0.595694773000048 ] ] ], [ [ [ 103.659143177000033, 0.595534085000054 ], [ 103.663511261000053, 0.599607013000025 ], [ 103.663854510000078, 0.59915086500007 ], [ 103.659143177000033, 0.595534085000054 ] ] ], [ [ [ 103.63098943600005, 0.62190094400006 ], [ 103.650897802000088, 0.62244895200007 ], [ 103.664263819000041, 0.614838704000022 ], [ 103.636814356000059, 0.615885667000043 ], [ 103.63098943600005, 0.62190094400006 ] ] ], [ [ [ 103.573338703000047, 0.623507775000064 ], [ 103.571630929000037, 0.626192386000071 ], [ 103.574365914000055, 0.62494952000003 ], [ 103.573338703000047, 0.623507775000064 ] ] ], [ [ [ 103.628362590000052, 0.634633955000027 ], [ 103.640108800000064, 0.634780292000073 ], [ 103.641643552000062, 0.627834646000053 ], [ 103.628362590000052, 0.634633955000027 ] ] ], [ [ [ 103.660035045000086, 0.634239143000059 ], [ 103.65619935400008, 0.635752481000054 ], [ 103.658436048000056, 0.637713156000075 ], [ 103.660035045000086, 0.634239143000059 ] ] ], [ [ [ 103.626944159000061, 0.640013917000033 ], [ 103.62708692700005, 0.641260754000029 ], [ 103.628181377000033, 0.640050587000076 ], [ 103.626944159000061, 0.640013917000033 ] ] ], [ [ [ 103.58163189000004, 0.650335496000025 ], [ 103.584125337000046, 0.649499582000033 ], [ 103.583215955000071, 0.648408331000041 ], [ 103.58163189000004, 0.650335496000025 ] ] ], [ [ [ 103.57295569300004, 0.657386232000022 ], [ 103.578395848000071, 0.661288235000029 ], [ 103.580862778000039, 0.65495213600002 ], [ 103.57295569300004, 0.657386232000022 ] ] ], [ [ [ 103.579030784000054, 0.659875214000067 ], [ 103.578862126000047, 0.660570462000067 ], [ 103.579086944000039, 0.659852619000048 ], [ 103.579030784000054, 0.659875214000067 ] ] ], [ [ [ 103.578603696000073, 0.661005654000064 ], [ 103.578541812000083, 0.661412638000058 ], [ 103.57865985400008, 0.660988712000062 ], [ 103.578603696000073, 0.661005654000064 ] ] ], [ [ [ 103.583184950000032, 0.664087761000076 ], [ 103.587098758000081, 0.664450670000065 ], [ 103.586341341000036, 0.662132791000033 ], [ 103.583184950000032, 0.664087761000076 ] ] ], [ [ [ 103.588152024000067, 0.672935879000022 ], [ 103.588932592000049, 0.672834356000067 ], [ 103.588825963000033, 0.672613864000027 ], [ 103.588152024000067, 0.672935879000022 ] ] ], [ [ [ 103.572194166000088, 0.669443428000022 ], [ 103.576391544000046, 0.679433166000024 ], [ 103.586007205000044, 0.672042107000038 ], [ 103.572194166000088, 0.669443428000022 ] ] ], [ [ [ 103.586274830000036, 0.697734300000036 ], [ 103.592308281000044, 0.68929642300003 ], [ 103.586117971000078, 0.677384064000023 ], [ 103.57740554600008, 0.687516983000023 ], [ 103.586274830000036, 0.697734300000036 ] ] ], [ [ [ 103.589515462000065, 0.695926371000041 ], [ 103.590138613000079, 0.696463578000021 ], [ 103.590082671000062, 0.695751304000055 ], [ 103.589515462000065, 0.695926371000041 ] ] ], [ [ [ 103.650640627000087, 0.719031063000045 ], [ 103.653090469000063, 0.721762160000026 ], [ 103.650880399000073, 0.718238836000069 ], [ 103.650640627000087, 0.719031063000045 ] ] ], [ [ [ 103.652821556000049, 0.722121552000033 ], [ 103.652984423000078, 0.722070724000048 ], [ 103.652978818000065, 0.722036804000027 ], [ 103.652821556000049, 0.722121552000033 ] ] ], [ [ [ 103.653671005000035, 0.741956464000054 ], [ 103.654043758000057, 0.741907363000053 ], [ 103.654008045000069, 0.741742205000037 ], [ 103.653671005000035, 0.741956464000054 ] ] ], [ [ [ 103.586167826000064, 0.745845517000021 ], [ 103.581051984000055, 0.748327692000032 ], [ 103.581759874000056, 0.750156308000044 ], [ 103.586167826000064, 0.745845517000021 ] ] ], [ [ [ 103.628044278000061, 0.761173317000043 ], [ 103.628168633000087, 0.758598447000054 ], [ 103.626854116000061, 0.760087574000067 ], [ 103.628044278000061, 0.761173317000043 ] ] ], [ [ [ 103.660222408000038, 0.768326074000072 ], [ 103.666139415000032, 0.765459031000034 ], [ 103.667305458000044, 0.762901404000047 ], [ 103.660222408000038, 0.768326074000072 ] ] ], [ [ [ 103.651008430000047, 0.841207062000024 ], [ 103.659641305000036, 0.836950520000073 ], [ 103.655815506000067, 0.832997759000023 ], [ 103.651008430000047, 0.841207062000024 ] ] ], [ [ [ 103.656222106000087, 0.867054359000065 ], [ 103.655613439000035, 0.865216919000034 ], [ 103.654105401000038, 0.865776027000038 ], [ 103.656222106000087, 0.867054359000065 ] ] ], [ [ [ 103.623056705000067, 0.871233999000026 ], [ 103.622196328000086, 0.866714178000052 ], [ 103.620673670000087, 0.86891825500004 ], [ 103.623056705000067, 0.871233999000026 ] ] ], [ [ [ 103.654576582000061, 0.874101941000049 ], [ 103.655177396000056, 0.873932405000062 ], [ 103.655145080000068, 0.873730657000067 ], [ 103.654576582000061, 0.874101941000049 ] ] ], [ [ [ 103.621723822000035, 0.876598121000029 ], [ 103.620827791000067, 0.877473990000055 ], [ 103.621001762000049, 0.877793444000019 ], [ 103.621723822000035, 0.876598121000029 ] ] ], [ [ [ 103.640516784000056, 0.884810303000052 ], [ 103.642868255000053, 0.881334598000024 ], [ 103.64120022700007, 0.881715561000021 ], [ 103.640516784000056, 0.884810303000052 ] ] ], [ [ [ 103.770406558000047, 0.540033183000048 ], [ 103.770737832000066, 0.540281994000054 ], [ 103.770872661000055, 0.540016318000028 ], [ 103.770406558000047, 0.540033183000048 ] ] ], [ [ [ 103.776374644000043, 0.573903123000036 ], [ 103.768725286000063, 0.577519551000023 ], [ 103.768151733000082, 0.581001828000069 ], [ 103.776374644000043, 0.573903123000036 ] ] ], [ [ [ 103.698261692000074, 0.608026826000071 ], [ 103.700861791000079, 0.604449449000072 ], [ 103.696401489000039, 0.607155165000052 ], [ 103.698261692000074, 0.608026826000071 ] ] ], [ [ [ 103.706459395000081, 0.612404320000053 ], [ 103.717427599000075, 0.605483721000041 ], [ 103.703745698000034, 0.608374767000043 ], [ 103.706459395000081, 0.612404320000053 ] ] ], [ [ [ 103.702222646000052, 0.609898503000068 ], [ 103.703057533000049, 0.610905088000038 ], [ 103.702754459000062, 0.609705521000024 ], [ 103.702222646000052, 0.609898503000068 ] ] ], [ [ [ 103.671137503000068, 0.612599130000035 ], [ 103.680295299000079, 0.609335157000032 ], [ 103.669346747000077, 0.611755737000067 ], [ 103.671137503000068, 0.612599130000035 ] ] ], [ [ [ 103.668278997000073, 0.613452023000036 ], [ 103.66855941700004, 0.614887962000068 ], [ 103.66968832200007, 0.614130740000064 ], [ 103.668278997000073, 0.613452023000036 ] ] ], [ [ [ 103.676258575000077, 0.635054664000052 ], [ 103.693814635000081, 0.627571894000027 ], [ 103.706847015000051, 0.615009827000051 ], [ 103.686107633000063, 0.604461676000028 ], [ 103.670680301000061, 0.617649958000072 ], [ 103.676258575000077, 0.635054664000052 ] ] ], [ [ [ 103.759599184000081, 0.623796127000048 ], [ 103.758352347000084, 0.624833572000057 ], [ 103.75848559700006, 0.625157178000052 ], [ 103.759599184000081, 0.623796127000048 ] ] ], [ [ [ 103.670810766000045, 0.634750415000042 ], [ 103.669676114000083, 0.637209187000053 ], [ 103.670907485000043, 0.637203238000041 ], [ 103.670810766000045, 0.634750415000042 ] ] ], [ [ [ 103.666938278000032, 0.63782237700002 ], [ 103.666919944000085, 0.638890405000041 ], [ 103.667448185000069, 0.638519209000037 ], [ 103.666938278000032, 0.63782237700002 ] ] ], [ [ [ 103.66417909900008, 0.640182073000062 ], [ 103.664699907000056, 0.640425157000038 ], [ 103.664475590000052, 0.639952510000057 ], [ 103.66417909900008, 0.640182073000062 ] ] ], [ [ [ 103.736028526000041, 0.679973367000059 ], [ 103.736178432000088, 0.678406095000071 ], [ 103.735221889000059, 0.679349948000038 ], [ 103.736028526000041, 0.679973367000059 ] ] ], [ [ [ 103.736483518000057, 0.680858704000059 ], [ 103.735576908000041, 0.68162398000004 ], [ 103.735850765000066, 0.681914760000041 ], [ 103.736483518000057, 0.680858704000059 ] ] ], [ [ [ 103.744648518000076, 0.737019160000045 ], [ 103.748643279000078, 0.728381141000057 ], [ 103.73178678000005, 0.71181969600002 ], [ 103.741847141000051, 0.685455268000055 ], [ 103.727257223000038, 0.693168296000067 ], [ 103.721609326000078, 0.687468393000074 ], [ 103.692856274000064, 0.71056470000002 ], [ 103.692424244000051, 0.728959700000075 ], [ 103.711423173000071, 0.725590300000022 ], [ 103.744648518000076, 0.737019160000045 ] ] ], [ [ [ 103.691622252000059, 0.714303449000056 ], [ 103.692380222000054, 0.714823749000061 ], [ 103.692352226000082, 0.714529781000067 ], [ 103.691622252000059, 0.714303449000056 ] ] ], [ [ [ 103.689613261000034, 0.725799910000035 ], [ 103.689792818000058, 0.72630308600003 ], [ 103.689888481000082, 0.725619092000045 ], [ 103.689613261000034, 0.725799910000035 ] ] ], [ [ [ 103.657709013000044, 0.740885010000056 ], [ 103.68024487200006, 0.73387669400006 ], [ 103.688132218000078, 0.723765687000025 ], [ 103.679287678000037, 0.723276940000062 ], [ 103.673804304000043, 0.712449763000052 ], [ 103.657709013000044, 0.740885010000056 ] ] ], [ [ [ 103.689745086000073, 0.726350826000044 ], [ 103.688686319000055, 0.727026356000067 ], [ 103.688899501000037, 0.727766971000051 ], [ 103.689745086000073, 0.726350826000044 ] ] ], [ [ [ 103.689062554000088, 0.730238726000039 ], [ 103.691264090000061, 0.729600574000074 ], [ 103.691416005000065, 0.728594370000053 ], [ 103.689062554000088, 0.730238726000039 ] ] ], [ [ [ 103.723257042000057, 0.740167495000037 ], [ 103.727536345000033, 0.739903035000054 ], [ 103.729097883000065, 0.738676750000025 ], [ 103.723257042000057, 0.740167495000037 ] ] ], [ [ [ 103.720033642000033, 0.739974353000036 ], [ 103.720224175000055, 0.741382041000065 ], [ 103.720561215000032, 0.74105425700003 ], [ 103.720033642000033, 0.739974353000036 ] ] ], [ [ [ 103.731416372000069, 0.75792068800007 ], [ 103.738286477000088, 0.751158677000035 ], [ 103.719068385000071, 0.753923087000032 ], [ 103.71927861100005, 0.755175319000045 ], [ 103.731416372000069, 0.75792068800007 ] ] ], [ [ [ 103.683268711000039, 0.760848638000027 ], [ 103.689448827000035, 0.760808135000048 ], [ 103.686257633000082, 0.756344063000029 ], [ 103.683268711000039, 0.760848638000027 ] ] ], [ [ [ 103.675665525000056, 0.768438329000048 ], [ 103.679686700000047, 0.758167990000061 ], [ 103.668501914000046, 0.761875753000027 ], [ 103.675665525000056, 0.768438329000048 ] ] ], [ [ [ 103.773807550000072, 0.780800480000039 ], [ 103.767876192000074, 0.783992817000069 ], [ 103.768049713000039, 0.785948891000032 ], [ 103.773807550000072, 0.780800480000039 ] ] ], [ [ [ 103.754195854000045, 0.784139180000068 ], [ 103.75412906400004, 0.782104003000029 ], [ 103.753426970000078, 0.782465599000034 ], [ 103.754195854000045, 0.784139180000068 ] ] ], [ [ [ 103.750349272000051, 0.782823027000063 ], [ 103.749974604000045, 0.784434006000026 ], [ 103.750534085000083, 0.78454731100004 ], [ 103.750349272000051, 0.782823027000063 ] ] ], [ [ [ 103.716104636000068, 0.78681778400005 ], [ 103.716590575000055, 0.786261101000036 ], [ 103.715989612000044, 0.786489867000057 ], [ 103.716104636000068, 0.78681778400005 ] ] ], [ [ [ 103.723859428000083, 0.789030560000072 ], [ 103.725696513000059, 0.786716161000072 ], [ 103.724163596000039, 0.786028832000056 ], [ 103.723859428000083, 0.789030560000072 ] ] ], [ [ [ 103.720745088000058, 0.790194145000044 ], [ 103.720737, 0.789097433000052 ], [ 103.720166790000064, 0.789758674000041 ], [ 103.720745088000058, 0.790194145000044 ] ] ], [ [ [ 103.668797969000082, 0.828160381000032 ], [ 103.679765395000061, 0.81164586500006 ], [ 103.704522311000062, 0.803909171000043 ], [ 103.708051007000051, 0.788604491000058 ], [ 103.728710048000039, 0.765794742000026 ], [ 103.72721266800005, 0.75883243200002 ], [ 103.703664151000055, 0.754517726000074 ], [ 103.660489780000034, 0.827159808000033 ], [ 103.668797969000082, 0.828160381000032 ] ] ], [ [ [ 103.710388109000064, 0.797861294000029 ], [ 103.718029748000049, 0.793053593000025 ], [ 103.717326617000083, 0.78872773300003 ], [ 103.710200956000051, 0.791541958000039 ], [ 103.710388109000064, 0.797861294000029 ] ] ], [ [ [ 103.725998418000074, 0.800306435000039 ], [ 103.726812396000071, 0.801352523000048 ], [ 103.725830073000054, 0.799882396000044 ], [ 103.725998418000074, 0.800306435000039 ] ] ], [ [ [ 103.722145748000059, 0.800921421000055 ], [ 103.722370349000073, 0.801028901000052 ], [ 103.72228057600006, 0.800766002000046 ], [ 103.722145748000059, 0.800921421000055 ] ] ], [ [ [ 103.723209419000057, 0.802643138000064 ], [ 103.724648025000079, 0.799588062000055 ], [ 103.722319901000049, 0.800723616000028 ], [ 103.723209419000057, 0.802643138000064 ] ] ], [ [ [ 103.682868926000083, 0.81779175600002 ], [ 103.683205559000044, 0.81875571300003 ], [ 103.683610066000085, 0.818235766000043 ], [ 103.682868926000083, 0.81779175600002 ] ] ], [ [ [ 103.708919317000039, 0.822172961000035 ], [ 103.710289744000079, 0.821681585000022 ], [ 103.710152306000055, 0.821212332000073 ], [ 103.708919317000039, 0.822172961000035 ] ] ], [ [ [ 103.699581996000063, 0.82518583600006 ], [ 103.698282316000075, 0.823995432000061 ], [ 103.697953752000046, 0.824111212000048 ], [ 103.699581996000063, 0.82518583600006 ] ] ], [ [ [ 103.699257476000071, 0.85929670500002 ], [ 103.705478078000056, 0.83942251000002 ], [ 103.697097320000069, 0.836641216000032 ], [ 103.691578480000032, 0.857179815000052 ], [ 103.699257476000071, 0.85929670500002 ] ] ], [ [ [ 103.654731961000039, 0.872582450000039 ], [ 103.672599110000078, 0.863397011000075 ], [ 103.692559861000063, 0.82376742200006 ], [ 103.654731961000039, 0.872582450000039 ] ] ], [ [ [ 103.716495101000078, 0.87714102800004 ], [ 103.716644283000051, 0.876086770000029 ], [ 103.715538040000069, 0.875795252000046 ], [ 103.716495101000078, 0.87714102800004 ] ] ], [ [ [ 103.767074531000048, 0.881153128000051 ], [ 103.77697138700006, 0.877080411000065 ], [ 103.77480458000008, 0.873998672000027 ], [ 103.767074531000048, 0.881153128000051 ] ] ], [ [ [ 103.715767078000056, 0.879359629000021 ], [ 103.717151726000054, 0.878438648000042 ], [ 103.716618493000055, 0.877607453000053 ], [ 103.715767078000056, 0.879359629000021 ] ] ], [ [ [ 103.697619187000043, 0.883762492000074 ], [ 103.702950153000074, 0.879569770000046 ], [ 103.701750133000075, 0.874379807000025 ], [ 103.697619187000043, 0.883762492000074 ] ] ], [ [ [ 103.703404500000033, 0.881141491000051 ], [ 103.703601236000054, 0.880624301000068 ], [ 103.703149059000054, 0.88089831800005 ], [ 103.703404500000033, 0.881141491000051 ] ] ], [ [ [ 103.723589406000087, 0.88144268800005 ], [ 103.722263878000035, 0.881908614000054 ], [ 103.72318471400007, 0.882445981000046 ], [ 103.723589406000087, 0.88144268800005 ] ] ], [ [ [ 103.698415777000037, 0.886261439000066 ], [ 103.698387963000073, 0.885498262000056 ], [ 103.698034159000088, 0.885500963000027 ], [ 103.698415777000037, 0.886261439000066 ] ] ], [ [ [ 103.754050040000038, 0.90043187200007 ], [ 103.767481964000069, 0.888847325000029 ], [ 103.76733755500004, 0.883979836000037 ], [ 103.753544481000063, 0.884082612000043 ], [ 103.744530154000074, 0.894147889000067 ], [ 103.754050040000038, 0.90043187200007 ] ] ], [ [ [ 103.772225139000057, 0.912846965000028 ], [ 103.773371477000069, 0.910930906000033 ], [ 103.771231508000085, 0.911597255000061 ], [ 103.772225139000057, 0.912846965000028 ] ] ], [ [ [ 103.77911122900008, 0.538129796000021 ], [ 103.778212658000086, 0.538446198000031 ], [ 103.77786433700004, 0.539192360000072 ], [ 103.77911122900008, 0.538129796000021 ] ] ], [ [ [ 103.778588733000049, 0.539322531000039 ], [ 103.779661084000054, 0.540549509000073 ], [ 103.778981989000044, 0.538531153000065 ], [ 103.778588733000049, 0.539322531000039 ] ] ], [ [ [ 103.770878202000063, 0.540389434000076 ], [ 103.773342013000047, 0.547654377000072 ], [ 103.777864297000065, 0.539390224000044 ], [ 103.770878202000063, 0.540389434000076 ] ] ], [ [ [ 103.942051458000037, 0.746212686000035 ], [ 103.942337808000048, 0.746535010000059 ], [ 103.942354740000042, 0.746190145000071 ], [ 103.942051458000037, 0.746212686000035 ] ] ], [ [ [ 103.955681801000082, 0.747466556000063 ], [ 103.956134958000064, 0.747901952000063 ], [ 103.95611660700007, 0.747520762000022 ], [ 103.955681801000082, 0.747466556000063 ] ] ], [ [ [ 103.953215359000069, 0.748929879000059 ], [ 103.952079618000084, 0.748316369000065 ], [ 103.951909035000085, 0.749122615000033 ], [ 103.953215359000069, 0.748929879000059 ] ] ], [ [ [ 103.853493549000063, 0.750482787000067 ], [ 103.855449466000039, 0.749673771000062 ], [ 103.853039412000044, 0.749867832000064 ], [ 103.853493549000063, 0.750482787000067 ] ] ], [ [ [ 103.981235316000038, 0.749687692000066 ], [ 103.981101156000079, 0.750539071000048 ], [ 103.981510485000058, 0.749817790000066 ], [ 103.981235316000038, 0.749687692000066 ] ] ], [ [ [ 103.976053839000087, 0.751188708000029 ], [ 103.965774567000039, 0.748209623000037 ], [ 103.962737684000047, 0.750996885000063 ], [ 103.968648956000038, 0.754776935000052 ], [ 103.976053839000087, 0.751188708000029 ] ] ], [ [ [ 103.942132735000087, 0.754248184000062 ], [ 103.938718803000086, 0.750137070000051 ], [ 103.941909066000051, 0.755095272000062 ], [ 103.942132735000087, 0.754248184000062 ] ] ], [ [ [ 103.862069748000067, 0.757165822000047 ], [ 103.859553123000069, 0.759528292000027 ], [ 103.859681848000037, 0.761224356000071 ], [ 103.862069748000067, 0.757165822000047 ] ] ], [ [ [ 103.837582982000072, 0.759867256000064 ], [ 103.83773997600008, 0.760822722000057 ], [ 103.837925677000044, 0.759432038000057 ], [ 103.837582982000072, 0.759867256000064 ] ] ], [ [ [ 103.858384323000053, 0.762015491000056 ], [ 103.856233508000059, 0.761460881000062 ], [ 103.856653763000054, 0.765062227000044 ], [ 103.858384323000053, 0.762015491000056 ] ] ], [ [ [ 103.979953115000058, 0.76652703000002 ], [ 103.976681356000086, 0.767541870000059 ], [ 103.97747895200007, 0.77067990300003 ], [ 103.979953115000058, 0.76652703000002 ] ] ], [ [ [ 103.850704566000047, 0.769957896000051 ], [ 103.852319745000045, 0.763280970000039 ], [ 103.848307167000087, 0.766136816000028 ], [ 103.850704566000047, 0.769957896000051 ] ] ], [ [ [ 103.966391323000039, 0.769264045000057 ], [ 103.950850667000054, 0.763855848000048 ], [ 103.962814993000052, 0.778087087000074 ], [ 103.966391323000039, 0.769264045000057 ] ] ], [ [ [ 103.847715071000039, 0.770738003000019 ], [ 103.847500920000073, 0.771541071000058 ], [ 103.84818501500007, 0.771344765000038 ], [ 103.847715071000039, 0.770738003000019 ] ] ], [ [ [ 103.908161732000053, 0.778161451000074 ], [ 103.907942372000036, 0.779433437000023 ], [ 103.908352354000044, 0.779439198000034 ], [ 103.908161732000053, 0.778161451000074 ] ] ], [ [ [ 103.90607727400004, 0.781439951000038 ], [ 103.906408604000035, 0.78154180100006 ], [ 103.906554716000073, 0.781191321000051 ], [ 103.90607727400004, 0.781439951000038 ] ] ], [ [ [ 103.910878957000079, 0.782125284000074 ], [ 103.911120520000054, 0.781870938000054 ], [ 103.910957673000041, 0.781780439000045 ], [ 103.910878957000079, 0.782125284000074 ] ] ], [ [ [ 103.859291761000065, 0.791786710000054 ], [ 103.869162102000075, 0.781443615000057 ], [ 103.870551221000085, 0.774173648000044 ], [ 103.859291761000065, 0.791786710000054 ] ] ], [ [ [ 103.962103631000048, 0.787243576000037 ], [ 103.967018771000085, 0.78374520400007 ], [ 103.967058269000063, 0.782993280000028 ], [ 103.96340149100007, 0.785253823000062 ], [ 103.962103631000048, 0.787243576000037 ] ] ], [ [ [ 103.844376990000058, 0.78260074700006 ], [ 103.833734391000064, 0.783078320000072 ], [ 103.835969791000082, 0.802458752000064 ], [ 103.837972064000041, 0.791966633000072 ], [ 103.844376990000058, 0.78260074700006 ] ] ], [ [ [ 103.906467829000064, 0.833135871000025 ], [ 103.940780713000038, 0.787316884000063 ], [ 103.91910977200007, 0.754777755000021 ], [ 103.91347950100004, 0.781210089000069 ], [ 103.886417135000045, 0.794556490000048 ], [ 103.895299958000066, 0.802038475000074 ], [ 103.905152376000046, 0.817147347000059 ], [ 103.906467829000064, 0.833135871000025 ] ] ], [ [ [ 103.835735094000086, 0.817999840000027 ], [ 103.832988398000055, 0.819434995000051 ], [ 103.832932113000084, 0.819864635000044 ], [ 103.835735094000086, 0.817999840000027 ] ] ], [ [ [ 103.750042402000076, 0.885004759000026 ], [ 103.772398353000085, 0.872676880000029 ], [ 103.785029832000077, 0.869820449000031 ], [ 103.834659901000066, 0.812228244000039 ], [ 103.830204999000046, 0.752432640000052 ], [ 103.818427559000042, 0.753035536000027 ], [ 103.819687448000082, 0.772356426000044 ], [ 103.757610724000074, 0.803171290000023 ], [ 103.71985623900008, 0.852030948000049 ], [ 103.716373660000045, 0.870928196000023 ], [ 103.724086365000062, 0.881603974000029 ], [ 103.750042402000076, 0.885004759000026 ] ] ], [ [ [ 103.831016392000038, 0.822018008000043 ], [ 103.831263610000065, 0.821644959000025 ], [ 103.83086479800005, 0.82187662900003 ], [ 103.831016392000038, 0.822018008000043 ] ] ], [ [ [ 103.826898752000034, 0.825544494000042 ], [ 103.82630911800004, 0.82534645100003 ], [ 103.826123669000083, 0.825747785000033 ], [ 103.826898752000034, 0.825544494000042 ] ] ], [ [ [ 103.810365325000078, 0.899873687000024 ], [ 103.864281534000042, 0.880567530000064 ], [ 103.901983559000087, 0.849773355000025 ], [ 103.904691182000079, 0.819583888000068 ], [ 103.894305816000042, 0.80230957200007 ], [ 103.883344402000034, 0.797088414000029 ], [ 103.835291895000069, 0.838960936000035 ], [ 103.808986712000035, 0.890675270000031 ], [ 103.810365325000078, 0.899873687000024 ] ] ], [ [ [ 103.797781361000034, 0.860366580000061 ], [ 103.795125282000072, 0.85929726300003 ], [ 103.79457401500008, 0.862129390000064 ], [ 103.797781361000034, 0.860366580000061 ] ] ], [ [ [ 103.907494619000033, 0.867505218000076 ], [ 103.907854002000079, 0.867720156000075 ], [ 103.907944011000041, 0.867205712000043 ], [ 103.907494619000033, 0.867505218000076 ] ] ], [ [ [ 103.905808, 0.86658 ], [ 103.90149, 0.868743 ], [ 103.903428, 0.870104 ], [ 103.905808, 0.86658 ] ] ], [ [ [ 103.793920272000037, 0.878663218000042 ], [ 103.795752972000059, 0.872886139000059 ], [ 103.798690701000055, 0.871315466000055 ], [ 103.800723349000066, 0.872542886000076 ], [ 103.803465890000041, 0.866602129000057 ], [ 103.793551960000059, 0.871302506000063 ], [ 103.793920272000037, 0.878663218000042 ] ] ], [ [ [ 103.809506930000055, 0.872715294000045 ], [ 103.808540495000045, 0.87416789200006 ], [ 103.809787767000046, 0.872619277000069 ], [ 103.809506930000055, 0.872715294000045 ] ] ], [ [ [ 103.795555439000054, 0.875927551000075 ], [ 103.799054264000063, 0.875990868000031 ], [ 103.79796020200007, 0.872587225000075 ], [ 103.795555439000054, 0.875927551000075 ] ] ], [ [ [ 103.807955701000083, 0.876434689000064 ], [ 103.807713506000084, 0.878645061000043 ], [ 103.808151346000045, 0.879340561000049 ], [ 103.807955701000083, 0.876434689000064 ] ] ], [ [ [ 103.805371480000076, 0.878938281000046 ], [ 103.804743228000063, 0.876558031000059 ], [ 103.802192391000062, 0.880045305000067 ], [ 103.805371480000076, 0.878938281000046 ] ] ], [ [ [ 103.779340255000079, 0.880529682000031 ], [ 103.780059534000088, 0.879240974000027 ], [ 103.778851736000036, 0.880280777000053 ], [ 103.779340255000079, 0.880529682000031 ] ] ], [ [ [ 103.773639535000086, 0.881726288000038 ], [ 103.773740717000067, 0.88144365900007 ], [ 103.773510395000073, 0.881635793000044 ], [ 103.773639535000086, 0.881726288000038 ] ] ], [ [ [ 103.807049570000061, 0.88251737500002 ], [ 103.807740742000078, 0.881307787000026 ], [ 103.806993860000034, 0.881098373000043 ], [ 103.807049570000061, 0.88251737500002 ] ] ], [ [ [ 103.806156996000084, 0.881279009000025 ], [ 103.801927471000056, 0.883052783000039 ], [ 103.804852155000049, 0.887203267000075 ], [ 103.806156996000084, 0.881279009000025 ] ] ], [ [ [ 103.798646596000083, 0.886313675000054 ], [ 103.798989804000087, 0.884374702000059 ], [ 103.798085280000066, 0.885386349000044 ], [ 103.798646596000083, 0.886313675000054 ] ] ], [ [ [ 103.793574626000066, 0.888160643000049 ], [ 103.797545763000073, 0.886528141000042 ], [ 103.797373291000042, 0.881468377000033 ], [ 103.793574626000066, 0.888160643000049 ] ] ], [ [ [ 103.794775390000041, 0.891513443000065 ], [ 103.800048304000086, 0.89351644900006 ], [ 103.798976639000045, 0.890367204000029 ], [ 103.794775390000041, 0.891513443000065 ] ] ], [ [ [ 103.790644076000035, 0.902032852000048 ], [ 103.801387855000087, 0.901838564000059 ], [ 103.796941422000032, 0.897043087000043 ], [ 103.790644076000035, 0.902032852000048 ] ] ], [ [ [ 103.834803107000084, 0.905518531000041 ], [ 103.837971490000086, 0.902941610000028 ], [ 103.832321988000047, 0.901571671000056 ], [ 103.834803107000084, 0.905518531000041 ] ] ], [ [ [ 103.802612412000087, 0.905249728000058 ], [ 103.801505378000058, 0.907216712000036 ], [ 103.802314077000062, 0.907313088000024 ], [ 103.802612412000087, 0.905249728000058 ] ] ] ] } },
{ "type": "Feature", "properties": { "kemendagri_kab_code": 2103, "kemendagri_kab_name": "Kabupaten Natuna", "kemendagri_prov_code": 21, "kemendagri_prov_name": "Kepulauan Riau" }, "geometry": { "type": "MultiPolygon", "coordinates": [ [ [ [ 107.788061190000064, 3.01898084100003 ], [ 107.803926247000049, 3.010057862000053 ], [ 107.813227560000087, 2.980198006000023 ], [ 107.756827195000085, 2.972103080000068 ], [ 107.747597266000071, 3.005767694000042 ], [ 107.788061190000064, 3.01898084100003 ] ] ], [ [ [ 107.723228698000071, 3.056929531000037 ], [ 107.72568708700004, 3.055456595000066 ], [ 107.723146752000048, 3.055292936000058 ], [ 107.723228698000071, 3.056929531000037 ] ] ], [ [ [ 107.747976479000044, 3.060530031000042 ], [ 107.729702455000051, 3.059711736000054 ], [ 107.729210778000038, 3.067076364000059 ], [ 107.753712720000067, 3.070022201000029 ], [ 107.747976479000044, 3.060530031000042 ] ] ], [ [ [ 107.729292724000061, 3.074686426000028 ], [ 107.732734468000046, 3.07984159800003 ], [ 107.730439972000056, 3.070922316000065 ], [ 107.729292724000061, 3.074686426000028 ] ] ], [ [ [ 107.781000836000032, 3.071740602000034 ], [ 107.769200569000077, 3.067076364000059 ], [ 107.766824127000064, 3.081805467000038 ], [ 107.783213385000067, 3.085078573000033 ], [ 107.781000836000032, 3.071740602000034 ] ] ], [ [ [ 107.756826679000085, 3.085733193000067 ], [ 107.746665338000071, 3.070922316000065 ], [ 107.742813862000048, 3.074113627000031 ], [ 107.756826679000085, 3.085733193000067 ] ] ], [ [ [ 107.694710048000047, 3.096720043000062 ], [ 107.699453887000061, 3.108145611000054 ], [ 107.704682841000078, 3.109302594000042 ], [ 107.705871240000079, 3.098444699000027 ], [ 107.694710048000047, 3.096720043000062 ] ] ], [ [ [ 107.717738518000033, 3.10983267000006 ], [ 107.717566101000045, 3.11328702000003 ], [ 107.71941049600008, 3.111976963000075 ], [ 107.717738518000033, 3.10983267000006 ] ] ], [ [ [ 107.734943198000053, 3.116309285000057 ], [ 107.720991398000081, 3.115075178000041 ], [ 107.736250436000034, 3.126989003000062 ], [ 107.734943198000053, 3.116309285000057 ] ] ], [ [ [ 107.696321560000058, 3.133264454000027 ], [ 107.694873728000061, 3.117517379000049 ], [ 107.689706106000074, 3.131998102000068 ], [ 107.696321560000058, 3.133264454000027 ] ] ], [ [ [ 107.747389109000039, 3.129593142000033 ], [ 107.753604921000033, 3.135032569000032 ], [ 107.75535093600007, 3.132173386000034 ], [ 107.747389109000039, 3.129593142000033 ] ] ], [ [ [ 107.774506858000052, 3.13565882100005 ], [ 107.777737883000043, 3.140217555000049 ], [ 107.781039148000048, 3.138814870000033 ], [ 107.774506858000052, 3.13565882100005 ] ] ], [ [ [ 107.715517231000035, 3.149831710000058 ], [ 107.698142843000085, 3.14489542900003 ], [ 107.701042535000056, 3.157615798000052 ], [ 107.715517231000035, 3.149831710000058 ] ] ], [ [ [ 107.791645340000059, 3.152561103000039 ], [ 107.78300585900007, 3.147651755000027 ], [ 107.774928296000041, 3.157821094000042 ], [ 107.789046472000052, 3.158171759000027 ], [ 107.791645340000059, 3.152561103000039 ] ] ], [ [ [ 107.554578462000052, 3.302134563000038 ], [ 107.553449484000055, 3.296943938000027 ], [ 107.552825574000053, 3.302104903000043 ], [ 107.554578462000052, 3.302134563000038 ] ] ], [ [ [ 107.837424914000053, 3.394312319000051 ], [ 107.837614346000066, 3.394712898000023 ], [ 107.837710606000087, 3.394467330000055 ], [ 107.837424914000053, 3.394312319000051 ] ] ], [ [ [ 107.83886276800007, 3.397541248000039 ], [ 107.838446828000087, 3.398549611000021 ], [ 107.839136100000076, 3.398430980000057 ], [ 107.83886276800007, 3.397541248000039 ] ] ], [ [ [ 107.928656198000056, 3.873462372000063 ], [ 107.926118539000072, 3.876407332000042 ], [ 107.926085264000051, 3.877422273000036 ], [ 107.928656198000056, 3.873462372000063 ] ] ], [ [ [ 107.895066518000078, 3.912629568000057 ], [ 107.920962142000064, 3.901337254000055 ], [ 107.912882229000047, 3.882231683000043 ], [ 107.89435158100008, 3.891532467000047 ], [ 107.895066518000078, 3.912629568000057 ] ] ], [ [ [ 107.962553982000088, 3.931700292000073 ], [ 107.959786530000088, 3.932561160000034 ], [ 107.96019304400005, 3.934443406000071 ], [ 107.962553982000088, 3.931700292000073 ] ] ], [ [ [ 107.944685561000085, 3.943558788000075 ], [ 107.950253967000037, 3.943194753000057 ], [ 107.959016023000061, 3.937297288000025 ], [ 107.944685561000085, 3.943558788000075 ] ] ], [ [ [ 107.947396839000078, 3.97492767500006 ], [ 107.947320781000087, 3.976938349000022 ], [ 107.947729590000051, 3.974794895000059 ], [ 107.947396839000078, 3.97492767500006 ] ] ], [ [ [ 107.953071102000081, 4.01352864100005 ], [ 107.958888313000045, 4.009663953000029 ], [ 107.951009230000068, 4.011702993000029 ], [ 107.953071102000081, 4.01352864100005 ] ] ], [ [ [ 107.94985633400006, 4.014879327000074 ], [ 107.950778504000084, 4.013499466000042 ], [ 107.949568156000055, 4.013844431000052 ], [ 107.94985633400006, 4.014879327000074 ] ] ], [ [ [ 107.916578413000082, 4.032139211000072 ], [ 107.916905714000052, 4.03222495600005 ], [ 107.916770165000059, 4.032076552000035 ], [ 107.916578413000082, 4.032139211000072 ] ] ], [ [ [ 107.896920768000086, 4.034353303000046 ], [ 107.903231164000033, 4.030526649000024 ], [ 107.901498479000054, 4.027688654000031 ], [ 107.896920768000086, 4.034353303000046 ] ] ], [ [ [ 107.912329851000038, 4.038253155000064 ], [ 107.915620902000057, 4.033141420000049 ], [ 107.911044578000087, 4.035958221000044 ], [ 107.912329851000038, 4.038253155000064 ] ] ], [ [ [ 107.862103, 4.158236 ], [ 107.868875, 4.155713 ], [ 107.862448, 4.125926 ], [ 107.840800809000086, 4.113324617000046 ], [ 107.846101, 4.139029 ], [ 107.862103, 4.158236 ] ] ], [ [ [ 107.68713030300006, 4.422638100000029 ], [ 107.685500372000035, 4.424720128000047 ], [ 107.686713897000061, 4.425088945000027 ], [ 107.68713030300006, 4.422638100000029 ] ] ], [ [ [ 107.732615005000071, 4.51834008000003 ], [ 107.730273616000034, 4.51045930500004 ], [ 107.723573054000042, 4.513466943000026 ], [ 107.724201231000052, 4.520681469000067 ], [ 107.732615005000071, 4.51834008000003 ] ] ], [ [ [ 107.971581581000066, 4.627439131000074 ], [ 107.971589780000045, 4.627771212000027 ], [ 107.971720959000038, 4.627445074000036 ], [ 107.971581581000066, 4.627439131000074 ] ] ], [ [ [ 107.968887456000061, 4.661645404000069 ], [ 107.969274118000044, 4.661136794000072 ], [ 107.969089710000048, 4.661026744000026 ], [ 107.968887456000061, 4.661645404000069 ] ] ], [ [ [ 107.922015513000076, 4.695809852000025 ], [ 107.922286573000065, 4.695230136000021 ], [ 107.921825156000068, 4.694880672000068 ], [ 107.922015513000076, 4.695809852000025 ] ] ], [ [ [ 107.92953556100008, 4.702007366000032 ], [ 107.929298804000041, 4.701639739000029 ], [ 107.929246456000044, 4.701604047000046 ], [ 107.92953556100008, 4.702007366000032 ] ] ], [ [ [ 107.930392365000046, 4.703257842000028 ], [ 107.929868646000045, 4.703003121000052 ], [ 107.93037428100007, 4.703413578000038 ], [ 107.930392365000046, 4.703257842000028 ] ] ], [ [ [ 107.930566819000035, 4.70354978000006 ], [ 107.930711490000078, 4.703545973000075 ], [ 107.930564915000048, 4.703536455000062 ], [ 107.930566819000035, 4.70354978000006 ] ] ], [ [ [ 107.931153008000081, 4.703695972000048 ], [ 107.930784264000067, 4.703543006000075 ], [ 107.931152651000048, 4.703904770000065 ], [ 107.931153008000081, 4.703695972000048 ] ] ], [ [ [ 108.00759666600004, 4.774468527000067 ], [ 107.976750712000069, 4.680140255000026 ], [ 107.964896408000072, 4.669075932000055 ], [ 107.928701627000066, 4.680890176000048 ], [ 107.927841451000063, 4.693892740000024 ], [ 107.958408008000049, 4.708297997000045 ], [ 107.975326620000033, 4.743253997000068 ], [ 107.990234647000079, 4.755626508000034 ], [ 107.992354273000046, 4.769834434000074 ], [ 108.00759666600004, 4.774468527000067 ] ] ], [ [ [ 108.042615, 3.592912 ], [ 108.048589, 3.561416 ], [ 108.043258003000062, 3.557406702000037 ], [ 108.032849374000079, 3.574240506000024 ], [ 108.042615, 3.592912 ] ] ], [ [ [ 108.081124076000037, 3.574103843000046 ], [ 108.09021107600006, 3.577937843000029 ], [ 108.096047076000048, 3.573036843000068 ], [ 108.081124076000037, 3.574103843000046 ] ] ], [ [ [ 108.073918, 3.583164 ], [ 108.074074, 3.583045 ], [ 108.073925, 3.583008 ], [ 108.073918, 3.583164 ] ] ], [ [ [ 108.105904, 3.587232 ], [ 108.106066, 3.587271 ], [ 108.106023, 3.587161 ], [ 108.105904, 3.587232 ] ] ], [ [ [ 108.056524191000051, 3.591366523000033 ], [ 108.053960191000044, 3.592319523000072 ], [ 108.056096191000051, 3.59378752300006 ], [ 108.056524191000051, 3.591366523000033 ] ] ], [ [ [ 108.04198669200008, 3.599401072000035 ], [ 108.038317, 3.605745 ], [ 108.04461858500008, 3.613776635000022 ], [ 108.041801303000057, 3.606428859000061 ], [ 108.04198669200008, 3.599401072000035 ] ] ], [ [ [ 108.108495, 3.635002 ], [ 108.125249, 3.621188 ], [ 108.120808927000041, 3.60706893400004 ], [ 108.103162, 3.601462 ], [ 108.10584, 3.587501 ], [ 108.085262291000049, 3.598411537000061 ], [ 108.079736697000044, 3.583983867000029 ], [ 108.069455356000049, 3.584225312000058 ], [ 108.076856, 3.612918 ], [ 108.088673, 3.613073 ], [ 108.095037, 3.635312 ], [ 108.108495, 3.635002 ] ] ], [ [ [ 108.044275036000045, 3.618090500000051 ], [ 108.044473036000056, 3.616132500000049 ], [ 108.042860955000037, 3.618254776000072 ], [ 108.044275036000045, 3.618090500000051 ] ] ], [ [ [ 108.044935, 3.664195 ], [ 108.073278, 3.665441 ], [ 108.082219, 3.654459 ], [ 108.080949565000083, 3.634330942000076 ], [ 108.04976690500007, 3.632743036000022 ], [ 108.054631190000066, 3.644185661000051 ], [ 108.044935, 3.664195 ] ] ], [ [ [ 108.08553, 3.693877 ], [ 108.084638, 3.682013 ], [ 108.072926, 3.689993 ], [ 108.08553, 3.693877 ] ] ], [ [ [ 108.036624842000037, 3.696452413000031 ], [ 108.036837842000068, 3.696741413000041 ], [ 108.036881842000071, 3.696538413000042 ], [ 108.036624842000037, 3.696452413000031 ] ] ], [ [ [ 108.037001488000044, 3.696892907000063 ], [ 108.036808488000077, 3.697381907000022 ], [ 108.037229488000037, 3.696985907000055 ], [ 108.037001488000044, 3.696892907000063 ] ] ], [ [ [ 108.064243915000077, 3.750760652000054 ], [ 108.057322915000043, 3.744518652000068 ], [ 108.062998915000037, 3.75203465200002 ], [ 108.064243915000077, 3.750760652000054 ] ] ], [ [ [ 108.064116957000067, 3.753807123000058 ], [ 108.064399957000035, 3.754322123000065 ], [ 108.064505957000051, 3.754035123000051 ], [ 108.064116957000067, 3.753807123000058 ] ] ], [ [ [ 108.028726, 3.768859 ], [ 108.029194, 3.768537 ], [ 108.028811, 3.768453 ], [ 108.028726, 3.768859 ] ] ], [ [ [ 108.116587896000055, 3.770124175000035 ], [ 108.111450216000037, 3.766209704000062 ], [ 108.112029031000077, 3.772293397000055 ], [ 108.116587896000055, 3.770124175000035 ] ] ], [ [ [ 108.006498577000059, 3.816237577000038 ], [ 108.031118577000086, 3.803135577000035 ], [ 108.035245577000069, 3.794117577000065 ], [ 108.028867577000085, 3.789091577000022 ], [ 108.038182857000038, 3.781862313000033 ], [ 108.040013770000087, 3.766157554000074 ], [ 108.029973577000078, 3.762800577000064 ], [ 108.034376577000046, 3.774965577000046 ], [ 108.012312744000042, 3.779295022000042 ], [ 108.01543257700007, 3.803557577000049 ], [ 108.003996577000066, 3.812633577000042 ], [ 107.99313864800007, 3.810637282000073 ], [ 108.006498577000059, 3.816237577000038 ] ] ], [ [ [ 107.991765384000075, 3.80152259700003 ], [ 107.992188384000087, 3.801952597000025 ], [ 107.992096384000035, 3.801406597000039 ], [ 107.991765384000075, 3.80152259700003 ] ] ], [ [ [ 108.000152482000033, 3.805405393000058 ], [ 108.000172447000068, 3.805576501000075 ], [ 108.000262647000056, 3.80548721200006 ], [ 108.000152482000033, 3.805405393000058 ] ] ], [ [ [ 108.005030562000059, 3.807251471000029 ], [ 108.005274562000068, 3.807366471000023 ], [ 108.005174562000036, 3.807186471000023 ], [ 108.005030562000059, 3.807251471000029 ] ] ], [ [ [ 108.002370365000047, 3.81118557700006 ], [ 108.000874365000072, 3.810427577000041 ], [ 107.999936554000044, 3.810744130000046 ], [ 108.002370365000047, 3.81118557700006 ] ] ], [ [ [ 108.043269176000081, 3.85211860000004 ], [ 108.045888779000052, 3.84981722200007 ], [ 108.044329842000081, 3.849413639000034 ], [ 108.043269176000081, 3.85211860000004 ] ] ], [ [ [ 108.036026229000072, 3.864708735000022 ], [ 108.035223133000045, 3.862599681000063 ], [ 108.034737213000085, 3.863431846000026 ], [ 108.036026229000072, 3.864708735000022 ] ] ], [ [ [ 108.00487628500008, 3.863793573000066 ], [ 108.001573179000047, 3.863837402000058 ], [ 108.001004325000054, 3.864958137000031 ], [ 108.00487628500008, 3.863793573000066 ] ] ], [ [ [ 108.034833414000047, 3.863971949000074 ], [ 108.034313734000079, 3.864845182000067 ], [ 108.035162172000071, 3.864599402000067 ], [ 108.034833414000047, 3.863971949000074 ] ] ], [ [ [ 108.029002342000069, 3.867460754000035 ], [ 108.028162440000074, 3.868762987000025 ], [ 108.029526584000052, 3.868638700000076 ], [ 108.029002342000069, 3.867460754000035 ] ] ], [ [ [ 107.99167734200006, 3.931494559000043 ], [ 107.992148528000087, 3.930195453000067 ], [ 107.991401040000085, 3.930391948000022 ], [ 107.99167734200006, 3.931494559000043 ] ] ], [ [ [ 107.979368760000057, 3.957794736000039 ], [ 107.978931856000088, 3.958087945000045 ], [ 107.979598726000063, 3.958205060000068 ], [ 107.979368760000057, 3.957794736000039 ] ] ], [ [ [ 107.976573520000045, 3.958030235000024 ], [ 107.976212503000056, 3.957913209000026 ], [ 107.976374188000079, 3.958199479000029 ], [ 107.976573520000045, 3.958030235000024 ] ] ], [ [ [ 107.976536668000051, 3.963410291000059 ], [ 107.981657149000057, 3.959612527000047 ], [ 107.975664781000035, 3.963205469000059 ], [ 107.976536668000051, 3.963410291000059 ] ] ], [ [ [ 107.986439381000082, 3.987498049000067 ], [ 107.987027638000086, 3.987249089000045 ], [ 107.986421555000049, 3.987136464000059 ], [ 107.986439381000082, 3.987498049000067 ] ] ], [ [ [ 107.986766191000072, 3.988404972000069 ], [ 107.986712713000088, 3.98876655600003 ], [ 107.987122710000051, 3.988588728000025 ], [ 107.986766191000072, 3.988404972000069 ] ] ], [ [ [ 108.025429529000064, 4.079051882000044 ], [ 108.019760529000052, 4.074968882000064 ], [ 108.014404529000046, 4.07486588200004 ], [ 108.016281529000082, 4.076887882000051 ], [ 108.025429529000064, 4.079051882000044 ] ] ], [ [ [ 108.015842588000055, 4.07824 ], [ 108.014232588000084, 4.07668 ], [ 108.014682588000085, 4.07786 ], [ 108.015842588000055, 4.07824 ] ] ], [ [ [ 108.088262956000051, 4.102123765000044 ], [ 108.087508091000075, 4.103483632000064 ], [ 108.088589239000044, 4.104061321000074 ], [ 108.088262956000051, 4.102123765000044 ] ] ], [ [ [ 107.993405511000049, 4.101914489000023 ], [ 107.993272511000043, 4.104247489000045 ], [ 107.994825511000045, 4.104864489000022 ], [ 107.993405511000049, 4.101914489000023 ] ] ], [ [ [ 108.115546195000036, 4.152384720000043 ], [ 108.115824329000077, 4.154470365000066 ], [ 108.117479861000049, 4.154916306000075 ], [ 108.115546195000036, 4.152384720000043 ] ] ], [ [ [ 108.021617162000041, 4.795762056000058 ], [ 108.018848388000038, 4.788792779000062 ], [ 108.00814319300008, 4.780945317000032 ], [ 108.010983113000066, 4.794149892000064 ], [ 108.021617162000041, 4.795762056000058 ] ] ], [ [ [ 108.648999088000039, 1.900586153000063 ], [ 108.642289008000034, 1.900529046000031 ], [ 108.641004099000043, 1.902908507000063 ], [ 108.648999088000039, 1.900586153000063 ] ] ], [ [ [ 108.652430271000071, 1.90407349100002 ], [ 108.651088255000047, 1.902688645000069 ], [ 108.650717059000044, 1.904387580000048 ], [ 108.652430271000071, 1.90407349100002 ] ] ], [ [ [ 108.582260246000033, 2.70052994100007 ], [ 108.582196001000057, 2.683890370000029 ], [ 108.563836080000044, 2.654134020000072 ], [ 108.568365518000064, 2.685113175000026 ], [ 108.582260246000033, 2.70052994100007 ] ] ], [ [ [ 108.604601629000058, 2.710381225000049 ], [ 108.605658110000036, 2.71081904600004 ], [ 108.60540112800004, 2.709477030000073 ], [ 108.604601629000058, 2.710381225000049 ] ] ], [ [ [ 108.756053, 2.719305 ], [ 108.753681, 2.716596 ], [ 108.752919, 2.718569 ], [ 108.756053, 2.719305 ] ] ], [ [ [ 108.753984, 2.728334 ], [ 108.75219, 2.724352 ], [ 108.752192, 2.730027 ], [ 108.753984, 2.728334 ] ] ], [ [ [ 108.755746, 2.735533 ], [ 108.754648, 2.732547 ], [ 108.756349, 2.731467 ], [ 108.753075, 2.732481 ], [ 108.755746, 2.735533 ] ] ], [ [ [ 108.728781508000054, 2.911842382000032 ], [ 108.725299845000052, 2.900612894000062 ], [ 108.720908390000034, 2.89824328800006 ], [ 108.723044173000062, 2.911529376000033 ], [ 108.728781508000054, 2.911842382000032 ] ] ], [ [ [ 108.750535032000073, 2.916253461000053 ], [ 108.746921125000085, 2.915184209000074 ], [ 108.750232875000052, 2.919855 ], [ 108.750535032000073, 2.916253461000053 ] ] ], [ [ [ 108.133378916000083, 3.62378488500002 ], [ 108.133509916000037, 3.623738885000023 ], [ 108.133409916000062, 3.623702885000057 ], [ 108.133378916000083, 3.62378488500002 ] ] ], [ [ [ 108.138751, 3.622639 ], [ 108.133762, 3.625115 ], [ 108.13792, 3.627521 ], [ 108.138751, 3.622639 ] ] ], [ [ [ 108.128542701000072, 3.623773567000057 ], [ 108.128120701000057, 3.625171567000052 ], [ 108.128703701000063, 3.625142567000069 ], [ 108.128542701000072, 3.623773567000057 ] ] ], [ [ [ 108.181908, 3.641354 ], [ 108.182334, 3.64108 ], [ 108.181949, 3.641151 ], [ 108.181908, 3.641354 ] ] ], [ [ [ 108.193914, 3.644785 ], [ 108.19424392600007, 3.64419065200002 ], [ 108.193809532000046, 3.644183412000075 ], [ 108.193914, 3.644785 ] ] ], [ [ [ 108.197625, 3.648776 ], [ 108.198228, 3.648344 ], [ 108.197646, 3.648344 ], [ 108.197625, 3.648776 ] ] ], [ [ [ 108.219856795000055, 3.655570677000071 ], [ 108.219636795000042, 3.656827677000024 ], [ 108.220375795000052, 3.655612677000022 ], [ 108.219856795000055, 3.655570677000071 ] ] ], [ [ [ 108.214986425000063, 3.656562260000044 ], [ 108.215469425000038, 3.656956260000072 ], [ 108.215354425000044, 3.656531260000065 ], [ 108.214986425000063, 3.656562260000044 ] ] ], [ [ [ 108.274421500000074, 3.715482464000047 ], [ 108.27393150000006, 3.711776464000025 ], [ 108.273452500000076, 3.714937464000059 ], [ 108.274421500000074, 3.715482464000047 ] ] ], [ [ [ 108.408939761000056, 3.730731398000046 ], [ 108.40998176100004, 3.730766398000071 ], [ 108.409922761000075, 3.730145398000047 ], [ 108.408939761000056, 3.730731398000046 ] ] ], [ [ [ 108.385783010000068, 3.742645019000065 ], [ 108.384160714000075, 3.743883575000041 ], [ 108.388002747000087, 3.745425441000066 ], [ 108.385783010000068, 3.742645019000065 ] ] ], [ [ [ 108.335806193000053, 3.756251140000074 ], [ 108.336068193000074, 3.756481140000062 ], [ 108.336113193000074, 3.756206140000074 ], [ 108.335806193000053, 3.756251140000074 ] ] ], [ [ [ 108.117126663000079, 3.762361424000062 ], [ 108.120513588000051, 3.757138911000027 ], [ 108.126129406000075, 3.75581191200007 ], [ 108.114088773000049, 3.752573832000053 ], [ 108.117126663000079, 3.762361424000062 ] ] ], [ [ [ 108.397385713000062, 3.768590847000041 ], [ 108.397346380000045, 3.769810243000052 ], [ 108.39826247700006, 3.769932553000046 ], [ 108.397385713000062, 3.768590847000041 ] ] ], [ [ [ 108.218443602000036, 3.786332509000033 ], [ 108.218827026000042, 3.786715882000067 ], [ 108.219022795000058, 3.78646420900003 ], [ 108.218443602000036, 3.786332509000033 ] ] ], [ [ [ 108.171279285000082, 3.791091083000026 ], [ 108.170667262000052, 3.790253560000053 ], [ 108.171005392000041, 3.791568925000036 ], [ 108.171279285000082, 3.791091083000026 ] ] ], [ [ [ 108.41213717800008, 3.794555694000053 ], [ 108.410130439000056, 3.79694089000003 ], [ 108.412241982000069, 3.797731565000049 ], [ 108.41213717800008, 3.794555694000053 ] ] ], [ [ [ 108.415529589000073, 3.861376278000023 ], [ 108.410604105000061, 3.860284105000062 ], [ 108.41621368400007, 3.863722426000038 ], [ 108.415529589000073, 3.861376278000023 ] ] ], [ [ [ 108.384172196000065, 3.873487286000056 ], [ 108.382720539000047, 3.874105457000041 ], [ 108.383421083000087, 3.87462361300004 ], [ 108.384172196000065, 3.873487286000056 ] ] ], [ [ [ 108.379844647000084, 3.875834577000035 ], [ 108.380104647000053, 3.876692577000028 ], [ 108.380319647000078, 3.87583257700004 ], [ 108.379844647000084, 3.875834577000035 ] ] ], [ [ [ 108.377117, 3.886183 ], [ 108.382948, 3.883383 ], [ 108.379901, 3.87891 ], [ 108.377117, 3.886183 ] ] ], [ [ [ 108.372523662000049, 3.894040070000074 ], [ 108.375154835000046, 3.890977025000041 ], [ 108.372870553000041, 3.890293232000033 ], [ 108.372523662000049, 3.894040070000074 ] ] ], [ [ [ 108.369018163000078, 3.899409691000074 ], [ 108.368332269000064, 3.89766103900007 ], [ 108.367827271000067, 3.899138348000065 ], [ 108.369018163000078, 3.899409691000074 ] ] ], [ [ [ 108.223571981000077, 4.226169815000048 ], [ 108.228258403000041, 4.217680420000022 ], [ 108.242851316000042, 4.216652733000046 ], [ 108.224686720000079, 4.185124979000022 ], [ 108.233856560000049, 4.128330746000074 ], [ 108.266548200000045, 4.091073788000074 ], [ 108.28386288300004, 4.083043185000065 ], [ 108.299202385000058, 4.086992187000021 ], [ 108.294058555000049, 4.056728969000062 ], [ 108.345349267000074, 4.016154763000031 ], [ 108.34651763100004, 3.998745772000063 ], [ 108.403079175000073, 3.966788725000072 ], [ 108.381952045000048, 3.93138041900005 ], [ 108.394267077000052, 3.915995913000074 ], [ 108.392139497000073, 3.891943728000058 ], [ 108.365234057000066, 3.904641803000061 ], [ 108.355426109000064, 3.898355709000043 ], [ 108.353203296000061, 3.882868613000028 ], [ 108.360743723000041, 3.873222557000076 ], [ 108.35852711800004, 3.887849313000061 ], [ 108.368167915000072, 3.892757482000036 ], [ 108.382025518000034, 3.869599050000033 ], [ 108.377400586000078, 3.856021904000045 ], [ 108.408469316000037, 3.886455234000039 ], [ 108.399865911000063, 3.859742830000073 ], [ 108.409539963000043, 3.858511107000027 ], [ 108.395289999000056, 3.847318452000025 ], [ 108.386976007000044, 3.793689928000049 ], [ 108.365626310000039, 3.783198221000021 ], [ 108.352497720000088, 3.764314973000069 ], [ 108.335872984000048, 3.764809101000026 ], [ 108.309415932000036, 3.731234036000046 ], [ 108.306017211000039, 3.671371276000059 ], [ 108.29714485900007, 3.65887665200006 ], [ 108.276012335000075, 3.665380215000027 ], [ 108.223392478000051, 3.663902887000063 ], [ 108.196421637000071, 3.657584451000048 ], [ 108.187376126000061, 3.642495990000043 ], [ 108.166107447000059, 3.641477241000075 ], [ 108.155528760000038, 3.629844217000027 ], [ 108.145644596000068, 3.659102713000038 ], [ 108.131608023000069, 3.661809946000062 ], [ 108.12131955600006, 3.67570663500004 ], [ 108.127029524000079, 3.664895372000046 ], [ 108.090091310000048, 3.680723151000052 ], [ 108.110266695000064, 3.718695496000066 ], [ 108.120857919000059, 3.724831220000056 ], [ 108.117616310000074, 3.743907511000032 ], [ 108.142505783000047, 3.752283892000037 ], [ 108.14944104500006, 3.74084285400005 ], [ 108.151177877000066, 3.763009476000036 ], [ 108.172859162000066, 3.767719051000029 ], [ 108.188197046000084, 3.783505633000061 ], [ 108.19940187900005, 3.782065928000065 ], [ 108.259299987000077, 3.73158941600002 ], [ 108.268180202000053, 3.715310843000054 ], [ 108.272571667000079, 3.711331560000076 ], [ 108.27628629600008, 3.710745316000043 ], [ 108.266336608000074, 3.738469348000024 ], [ 108.25149385900005, 3.755869870000026 ], [ 108.254990484000075, 3.761112260000061 ], [ 108.227127424000059, 3.77838097800003 ], [ 108.207239419000075, 3.802493032000029 ], [ 108.191305420000049, 3.799615689000063 ], [ 108.186146431000054, 3.806200068000066 ], [ 108.17291614700008, 3.799384877000023 ], [ 108.169781182000065, 3.808331028000055 ], [ 108.154449465000084, 3.805230109000036 ], [ 108.117496902000084, 3.827070952000042 ], [ 108.094508186000041, 3.821031358000027 ], [ 108.086933395000074, 3.83335170600003 ], [ 108.062715419000085, 3.835363251000047 ], [ 108.047088114000076, 3.863505684000074 ], [ 108.018923502000064, 3.878450040000075 ], [ 108.03081912600004, 3.901050390000023 ], [ 107.989893312000049, 3.942541192000022 ], [ 107.994115070000078, 3.982602690000022 ], [ 107.982504490000053, 3.999644390000071 ], [ 107.962488861000054, 4.004410549000056 ], [ 108.013778592000051, 4.027311841000028 ], [ 108.032853587000034, 4.057699799000034 ], [ 108.055159647000039, 4.054888430000062 ], [ 108.074102177000043, 4.067774686000064 ], [ 108.089933575000089, 4.10423522800005 ], [ 108.146606819000056, 4.137737716000061 ], [ 108.195592627000053, 4.195574240000042 ], [ 108.207981637000046, 4.226595061000069 ], [ 108.223571981000077, 4.226169815000048 ] ] ], [ [ [ 108.416218847000039, 4.012921184000049 ], [ 108.420081250000067, 4.006399445000056 ], [ 108.415974618000064, 4.003698205000035 ], [ 108.416218847000039, 4.012921184000049 ] ] ], [ [ [ 108.297560289000046, 4.064536563000047 ], [ 108.298262260000058, 4.06395432100004 ], [ 108.297341470000049, 4.063750385000048 ], [ 108.297560289000046, 4.064536563000047 ] ] ], [ [ [ 108.29940427400004, 4.064223557000048 ], [ 108.299735927000086, 4.064375304000066 ], [ 108.299476075000086, 4.064112617000035 ], [ 108.29940427400004, 4.064223557000048 ] ] ], [ [ [ 108.221645752000086, 4.238933986000063 ], [ 108.219014421000054, 4.23919492400006 ], [ 108.220692971000062, 4.241656109000076 ], [ 108.221645752000086, 4.238933986000063 ] ] ], [ [ [ 108.210547974000065, 4.267521764000037 ], [ 108.199262889000067, 4.247363282000038 ], [ 108.186856216000081, 4.234984204000057 ], [ 108.199103237000088, 4.263384538000025 ], [ 108.210547974000065, 4.267521764000037 ] ] ], [ [ [ 108.895794795000086, 2.291105956000024 ], [ 108.896340795000071, 2.290496956000027 ], [ 108.895702795000034, 2.290474956000025 ], [ 108.895794795000086, 2.291105956000024 ] ] ], [ [ [ 108.896646, 2.295992 ], [ 108.900205, 2.293348 ], [ 108.897322, 2.291534 ], [ 108.896646, 2.295992 ] ] ], [ [ [ 108.943671073000075, 2.468030321000072 ], [ 108.944505073000073, 2.468119321000074 ], [ 108.944141073000083, 2.467486321000024 ], [ 108.943671073000075, 2.468030321000072 ] ] ], [ [ [ 108.953404398000089, 2.500111815000025 ], [ 108.955435441000077, 2.480982091000044 ], [ 108.939470571000072, 2.481516949000024 ], [ 108.946527002000039, 2.486369771000057 ], [ 108.939671358000055, 2.496186085000033 ], [ 108.953404398000089, 2.500111815000025 ] ] ], [ [ [ 108.963152045000072, 2.501057332000073 ], [ 108.961012744000072, 2.497106848000044 ], [ 108.961248792000049, 2.501355778000061 ], [ 108.963152045000072, 2.501057332000073 ] ] ], [ [ [ 108.880220086000065, 2.698274151000021 ], [ 108.878932086000077, 2.706805151000026 ], [ 108.884673086000078, 2.700415151000072 ], [ 108.880220086000065, 2.698274151000021 ] ] ], [ [ [ 108.758841, 2.714373 ], [ 108.760078, 2.715823 ], [ 108.760013, 2.714499 ], [ 108.758841, 2.714373 ] ] ], [ [ [ 108.756428, 2.715917 ], [ 108.757063, 2.716681 ], [ 108.757343, 2.716031 ], [ 108.756428, 2.715917 ] ] ], [ [ [ 108.761681, 2.723233 ], [ 108.757387, 2.719927 ], [ 108.752097, 2.721374 ], [ 108.761681, 2.723233 ] ] ], [ [ [ 108.757032, 2.725802 ], [ 108.758388, 2.72671 ], [ 108.758629, 2.726252 ], [ 108.757032, 2.725802 ] ] ], [ [ [ 108.906357251000088, 2.732179686000052 ], [ 108.907349487000033, 2.73182276700004 ], [ 108.906849800000089, 2.731465848000028 ], [ 108.906357251000088, 2.732179686000052 ] ] ], [ [ [ 108.770565, 2.732454 ], [ 108.770202, 2.733552 ], [ 108.771243, 2.732387 ], [ 108.770565, 2.732454 ] ] ], [ [ [ 108.85079870900006, 2.744095491000053 ], [ 108.842958028000055, 2.742913197000064 ], [ 108.852654458000075, 2.747554047000051 ], [ 108.85079870900006, 2.744095491000053 ] ] ], [ [ [ 108.922109545000069, 2.766493298000057 ], [ 108.928791555000089, 2.756159936000074 ], [ 108.913189947000035, 2.735887551000076 ], [ 108.886123578000081, 2.727231071000062 ], [ 108.922109545000069, 2.766493298000057 ] ] ], [ [ [ 108.854070111000055, 2.748835080000049 ], [ 108.857077154000081, 2.750575061000063 ], [ 108.857987298000069, 2.750589933000072 ], [ 108.854070111000055, 2.748835080000049 ] ] ], [ [ [ 108.929492811000046, 2.755779447000066 ], [ 108.929676029000063, 2.755855589000021 ], [ 108.929635578000045, 2.755722340000034 ], [ 108.929492811000046, 2.755779447000066 ] ] ], [ [ [ 108.872289125000066, 2.760719884000025 ], [ 108.865052241000058, 2.75897021000003 ], [ 108.877139863000082, 2.766597071000035 ], [ 108.872289125000066, 2.760719884000025 ] ] ], [ [ [ 108.925614963000044, 2.768939175000071 ], [ 108.925772008000081, 2.769281817000035 ], [ 108.92572560800005, 2.768907052000031 ], [ 108.925614963000044, 2.768939175000071 ] ] ], [ [ [ 108.922050428000034, 2.77008997300004 ], [ 108.922164642000041, 2.769633117000069 ], [ 108.921857691000071, 2.769868683000027 ], [ 108.922050428000034, 2.77008997300004 ] ] ], [ [ [ 108.905916, 2.807383 ], [ 108.906981, 2.809599 ], [ 108.908, 2.808818 ], [ 108.905916, 2.807383 ] ] ], [ [ [ 108.904670929000076, 2.863434460000065 ], [ 108.906281929000045, 2.861400460000027 ], [ 108.905834929000036, 2.85920746000005 ], [ 108.904670929000076, 2.863434460000065 ] ] ], [ [ [ 108.923109, 2.865982 ], [ 108.922766, 2.869953 ], [ 108.924416, 2.871462 ], [ 108.923109, 2.865982 ] ] ], [ [ [ 108.891711, 2.880156 ], [ 108.886047, 2.874513 ], [ 108.888423, 2.880008 ], [ 108.891711, 2.880156 ] ] ], [ [ [ 108.929966, 2.891216 ], [ 108.92853, 2.894638 ], [ 108.930875, 2.892054 ], [ 108.929966, 2.891216 ] ] ], [ [ [ 108.934114, 2.892675 ], [ 108.935913, 2.896561 ], [ 108.937184, 2.896643 ], [ 108.934114, 2.892675 ] ] ], [ [ [ 108.937467, 2.896564 ], [ 108.938472, 2.89655 ], [ 108.937656, 2.896123 ], [ 108.937467, 2.896564 ] ] ], [ [ [ 108.922687, 2.896158 ], [ 108.923925, 2.897423 ], [ 108.923708, 2.896018 ], [ 108.922687, 2.896158 ] ] ], [ [ [ 108.767196, 2.904771 ], [ 108.768074, 2.906275 ], [ 108.768735, 2.906114 ], [ 108.767196, 2.904771 ] ] ], [ [ [ 108.886768893000067, 2.911065438000037 ], [ 108.887518424000064, 2.910161243000061 ], [ 108.886602331000063, 2.909988732000045 ], [ 108.886768893000067, 2.911065438000037 ] ] ], [ [ [ 108.864835931000073, 3.011450755000055 ], [ 108.890200134000054, 3.000185854000051 ], [ 108.886588140000072, 2.948525269000072 ], [ 108.880495436000047, 2.943197249000036 ], [ 108.877991440000073, 2.948352846000034 ], [ 108.875930180000069, 2.95004725900003 ], [ 108.874414494000064, 2.950104151000062 ], [ 108.87328774100007, 2.951451107000025 ], [ 108.878543450000052, 2.942684705000033 ], [ 108.870302468000034, 2.937321481000026 ], [ 108.869123088000038, 2.934437994000064 ], [ 108.886133632000053, 2.937728452000044 ], [ 108.875636619000034, 2.91745723300005 ], [ 108.887391595000054, 2.91393920500002 ], [ 108.876714793000076, 2.888122390000035 ], [ 108.884832631000052, 2.87923685100003 ], [ 108.864164979000066, 2.878851264000048 ], [ 108.846380239000041, 2.850884822000069 ], [ 108.819212724000067, 2.843525710000051 ], [ 108.786812765000036, 2.864883397000028 ], [ 108.77519920800006, 2.891697960000045 ], [ 108.82805197600004, 2.935533206000059 ], [ 108.836722534000046, 2.951071801000069 ], [ 108.838149599000076, 2.996846117000075 ], [ 108.864835931000073, 3.011450755000055 ] ] ], [ [ [ 108.807179, 2.952523 ], [ 108.803754, 2.954914 ], [ 108.805007, 2.956099 ], [ 108.807179, 2.952523 ] ] ], [ [ [ 108.788694859000088, 2.957485597000073 ], [ 108.783156688000076, 2.959670268000025 ], [ 108.782416957000066, 2.96077862900006 ], [ 108.788694859000088, 2.957485597000073 ] ] ], [ [ [ 108.842483013000049, 3.054911288000028 ], [ 108.868877334000047, 3.042633229000046 ], [ 108.86335123300006, 3.033967330000053 ], [ 108.870097957000041, 3.021167258000048 ], [ 108.864136273000042, 3.013033847000031 ], [ 108.843273830000044, 3.011571438000033 ], [ 108.852317608000078, 3.02339895800003 ], [ 108.834534003000044, 3.043904002000033 ], [ 108.842483013000049, 3.054911288000028 ] ] ], [ [ [ 108.867526875000067, 3.050525373000028 ], [ 108.870518082000046, 3.049196563000066 ], [ 108.867349026000056, 3.046592496000073 ], [ 108.867526875000067, 3.050525373000028 ] ] ], [ [ [ 108.855829934000042, 3.052761399000076 ], [ 108.856097705000082, 3.049718080000048 ], [ 108.854998106000039, 3.049775675000035 ], [ 108.855829934000042, 3.052761399000076 ] ] ], [ [ [ 108.857282629000053, 3.05221378300007 ], [ 108.856787873000087, 3.051829851000036 ], [ 108.85721981100005, 3.052382249000061 ], [ 108.857282629000053, 3.05221378300007 ] ] ], [ [ [ 108.85629937300007, 3.053013503000045 ], [ 108.856085307000058, 3.052971213000035 ], [ 108.856197298000041, 3.053491704000066 ], [ 108.85629937300007, 3.053013503000045 ] ] ], [ [ [ 108.878794610000057, 3.057908554000051 ], [ 108.878993057000059, 3.058057032000022 ], [ 108.878980208000087, 3.057959950000054 ], [ 108.878794610000057, 3.057908554000051 ] ] ], [ [ [ 109.105420064000043, 2.073429922000059 ], [ 109.100392512000042, 2.059596569000064 ], [ 109.088471412000047, 2.078620360000059 ], [ 109.094646113000067, 2.080262188000063 ], [ 109.105420064000043, 2.073429922000059 ] ] ], [ [ [ 109.006788, 2.281427 ], [ 109.006854, 2.282583 ], [ 109.007292, 2.282608 ], [ 109.006788, 2.281427 ] ] ], [ [ [ 109.124898707000057, 2.462269040000024 ], [ 109.126098425000066, 2.456528868000021 ], [ 109.122083097000086, 2.462609565000037 ], [ 109.124898707000057, 2.462269040000024 ] ] ], [ [ [ 109.130548770000075, 2.460205906000056 ], [ 109.130692728000042, 2.460304654000026 ], [ 109.130715332000079, 2.460178542000051 ], [ 109.130548770000075, 2.460205906000056 ] ] ], [ [ [ 108.982672715000035, 2.46248289600004 ], [ 108.981267432000038, 2.464597888000071 ], [ 108.981374203000087, 2.464770292000026 ], [ 108.982672715000035, 2.46248289600004 ] ] ], [ [ [ 108.965121, 2.468365 ], [ 108.965203, 2.468256 ], [ 108.96511, 2.468251 ], [ 108.965121, 2.468365 ] ] ], [ [ [ 108.990567197000075, 2.473826939000048 ], [ 108.994504618000065, 2.471560285000066 ], [ 108.989314668000077, 2.46846639000006 ], [ 108.990567197000075, 2.473826939000048 ] ] ], [ [ [ 108.996241705000045, 2.476906883000026 ], [ 108.996550353000089, 2.475694476000058 ], [ 108.99547190800007, 2.476350708000041 ], [ 108.996241705000045, 2.476906883000026 ] ] ], [ [ [ 108.990204670000082, 2.477053384000044 ], [ 108.990447074000087, 2.476004153000076 ], [ 108.989879017000078, 2.476131871000064 ], [ 108.990204670000082, 2.477053384000044 ] ] ], [ [ [ 108.988395180000055, 2.479649950000066 ], [ 108.988924677000057, 2.478674722000051 ], [ 108.986875589000078, 2.479475385000057 ], [ 108.988395180000055, 2.479649950000066 ] ] ], [ [ [ 108.984547430000077, 2.483149896000043 ], [ 108.987132304000056, 2.481940988000076 ], [ 108.987365949000036, 2.480789479000066 ], [ 108.984547430000077, 2.483149896000043 ] ] ], [ [ [ 108.988849429000084, 2.488903520000065 ], [ 108.987704175000033, 2.488905351000028 ], [ 108.988548415000082, 2.489775033000058 ], [ 108.988849429000084, 2.488903520000065 ] ] ], [ [ [ 109.048258095000051, 2.492174939000051 ], [ 109.049672613000041, 2.490663893000033 ], [ 109.048196114000064, 2.489845310000021 ], [ 109.048258095000051, 2.492174939000051 ] ] ], [ [ [ 108.987861548000069, 2.493620847000045 ], [ 108.988045254000042, 2.494191441000055 ], [ 108.988201386000071, 2.494124698000064 ], [ 108.987861548000069, 2.493620847000045 ] ] ], [ [ [ 108.997751672000049, 2.493728234000059 ], [ 108.997903958000052, 2.494175573000064 ], [ 108.998043394000035, 2.493868622000036 ], [ 108.997751672000049, 2.493728234000059 ] ] ], [ [ [ 108.986564669000074, 2.496925015000045 ], [ 108.997173675000056, 2.493270390000021 ], [ 108.989798391000079, 2.489010448000045 ], [ 108.988800211000068, 2.490838988000064 ], [ 108.986877321000065, 2.490749914000048 ], [ 108.98876408600006, 2.49348356400003 ], [ 108.986564669000074, 2.496925015000045 ] ] ], [ [ [ 109.050494015000083, 2.49578531700007 ], [ 109.05311916800008, 2.493926790000046 ], [ 109.050314981000042, 2.49379701700002 ], [ 109.050494015000083, 2.49578531700007 ] ] ], [ [ [ 108.986395290000075, 2.49821939800006 ], [ 108.986619364000035, 2.497505060000037 ], [ 108.986190202000046, 2.498180208000065 ], [ 108.986395290000075, 2.49821939800006 ] ] ], [ [ [ 108.987774983000065, 2.501984143000072 ], [ 108.986778819000051, 2.498432341000068 ], [ 108.984957553000072, 2.499545514000033 ], [ 108.987774983000065, 2.501984143000072 ] ] ], [ [ [ 108.992758, 2.500247 ], [ 108.99307, 2.500396 ], [ 108.993105, 2.500216 ], [ 108.992758, 2.500247 ] ] ], [ [ [ 108.98274534400008, 2.505067119000046 ], [ 108.986873054000057, 2.501507089000029 ], [ 108.983784514000035, 2.500088930000061 ], [ 108.98274534400008, 2.505067119000046 ] ] ], [ [ [ 108.986893162000058, 2.505730257000039 ], [ 108.987115162000066, 2.505489257000022 ], [ 108.986886162000076, 2.505508257000031 ], [ 108.986893162000058, 2.505730257000039 ] ] ], [ [ [ 108.984261067000034, 2.50668571600005 ], [ 108.984039319000033, 2.506518906000053 ], [ 108.984032021000075, 2.506695966000052 ], [ 108.984261067000034, 2.50668571600005 ] ] ], [ [ [ 108.978915, 2.516642 ], [ 108.97904, 2.516531 ], [ 108.978943, 2.516551 ], [ 108.978915, 2.516642 ] ] ], [ [ [ 108.976161233000084, 2.555956716000026 ], [ 109.019007128000055, 2.554016827000055 ], [ 109.026822245000062, 2.537805949000074 ], [ 109.06371564300008, 2.523314109000069 ], [ 109.119430604000058, 2.531119089000072 ], [ 109.118422, 2.508036 ], [ 109.082248100000072, 2.488992333000056 ], [ 109.054281685000035, 2.504264945000045 ], [ 109.041771828000037, 2.487619434000067 ], [ 109.018027992000043, 2.481271239000023 ], [ 109.006307572000082, 2.490133650000075 ], [ 109.006374108000045, 2.499254248000057 ], [ 109.021833050000055, 2.514230169000029 ], [ 109.033564093000052, 2.515198937000036 ], [ 109.019721921000041, 2.517101489000027 ], [ 109.021002551000038, 2.522779157000059 ], [ 109.005129514000089, 2.532806107000056 ], [ 108.979754501000059, 2.521238130000029 ], [ 108.976006850000033, 2.531921910000051 ], [ 108.976161233000084, 2.555956716000026 ] ] ], [ [ [ 109.007724318000044, 2.526745113000061 ], [ 109.009150772000055, 2.523305423000068 ], [ 109.00777133400004, 2.523207608000064 ], [ 109.007724318000044, 2.526745113000061 ] ] ], [ [ [ 109.005761902000074, 2.53220239500007 ], [ 109.006082651000042, 2.530495406000057 ], [ 109.005145710000079, 2.532676905000073 ], [ 109.005761902000074, 2.53220239500007 ] ] ], [ [ [ 109.145638792000057, 2.546723150000048 ], [ 109.143797971000083, 2.539791903000037 ], [ 109.136739275000082, 2.535336503000053 ], [ 109.139600990000076, 2.543637696000076 ], [ 109.145638792000057, 2.546723150000048 ] ] ], [ [ [ 109.123276141000076, 2.56145086500004 ], [ 109.124766213000044, 2.559180241000035 ], [ 109.122429526000076, 2.558829900000035 ], [ 109.123276141000076, 2.56145086500004 ] ] ], [ [ [ 109.158951291000051, 2.59813521600006 ], [ 109.164257726000073, 2.59058509700003 ], [ 109.159476914000038, 2.582846725000024 ], [ 109.15579070800004, 2.588251349000075 ], [ 109.158951291000051, 2.59813521600006 ] ] ], [ [ [ 109.136931046000086, 2.617210945000068 ], [ 109.137027801000045, 2.619349944000021 ], [ 109.137688173000072, 2.619207384000049 ], [ 109.136931046000086, 2.617210945000068 ] ] ], [ [ [ 109.13708941200008, 2.621665723000035 ], [ 109.135228967000046, 2.622534987000051 ], [ 109.135569213000053, 2.624103749000028 ], [ 109.13708941200008, 2.621665723000035 ] ] ], [ [ [ 109.140336956000056, 2.627699594000035 ], [ 109.143349865000062, 2.623718258000054 ], [ 109.141081249000081, 2.623092830000076 ], [ 109.140336956000056, 2.627699594000035 ] ] ], [ [ [ 109.165720691000047, 2.644767237000053 ], [ 109.165417106000064, 2.64251305800002 ], [ 109.164615350000076, 2.642526222000072 ], [ 109.165720691000047, 2.644767237000053 ] ] ] ] } },
{ "type": "Feature", "properties": { "kemendagri_kab_code": 2104, "kemendagri_kab_name": "Kabupaten Lingga", "kemendagri_prov_code": 21, "kemendagri_prov_name": "Kepulauan Riau" }, "geometry": { "type": "MultiPolygon", "coordinates": [ [ [ [ 104.253886769000076, -0.674529622999955 ], [ 104.254059506000033, -0.674424209999927 ], [ 104.253970327000047, -0.674606445999927 ], [ 104.253886769000076, -0.674529622999955 ] ] ], [ [ [ 104.250437920000081, -0.67425917199995 ], [ 104.250550865000037, -0.674247829999956 ], [ 104.250493837000079, -0.67434364199994 ], [ 104.250437920000081, -0.67425917199995 ] ] ], [ [ [ 104.240426219000085, -0.663794420999977 ], [ 104.240518542000075, -0.663756349999971 ], [ 104.240457628000058, -0.663861997999959 ], [ 104.240426219000085, -0.663794420999977 ] ] ], [ [ [ 104.23797152700007, -0.663701899999978 ], [ 104.237863262000076, -0.663861323999924 ], [ 104.237777601000062, -0.663704278999944 ], [ 104.23797152700007, -0.663701899999978 ] ] ], [ [ [ 104.229050219000044, -0.663153544999943 ], [ 104.229266512000038, -0.66311356999995 ], [ 104.229245302000038, -0.663194137999938 ], [ 104.229050219000044, -0.663153544999943 ] ] ], [ [ [ 104.228299811000056, -0.662458219999962 ], [ 104.227746211000067, -0.663173041999926 ], [ 104.227621636000038, -0.662531755999964 ], [ 104.228299811000056, -0.662458219999962 ] ] ], [ [ [ 104.22925269600006, -0.659011122999971 ], [ 104.229403575000049, -0.659975853999924 ], [ 104.228588142000035, -0.659367595999925 ], [ 104.22925269600006, -0.659011122999971 ] ] ], [ [ [ 104.232972132000043, -0.658714801999963 ], [ 104.242472130000067, -0.657679736999967 ], [ 104.242103314000076, -0.662254249999933 ], [ 104.232972132000043, -0.658714801999963 ] ] ], [ [ [ 104.231381175000081, -0.652692040999966 ], [ 104.231001413000058, -0.652977266999926 ], [ 104.230826523000076, -0.652701725999975 ], [ 104.231381175000081, -0.652692040999966 ] ] ], [ [ [ 104.233462213000053, -0.651945484999942 ], [ 104.233195686000045, -0.652231430999962 ], [ 104.233042211000054, -0.65208985299995 ], [ 104.233462213000053, -0.651945484999942 ] ] ], [ [ [ 104.231793774000039, -0.651863679999963 ], [ 104.23165457500005, -0.65198503199997 ], [ 104.231636729000058, -0.651906509999947 ], [ 104.231793774000039, -0.651863679999963 ] ] ], [ [ [ 104.23267786100007, -0.651324355999975 ], [ 104.232739610000067, -0.652049277999936 ], [ 104.232186502000047, -0.651538506999941 ], [ 104.23267786100007, -0.651324355999975 ] ] ], [ [ [ 104.231965095000078, -0.651542451999944 ], [ 104.231854450000071, -0.65179229599994 ], [ 104.231768789000057, -0.651717342999973 ], [ 104.231965095000078, -0.651542451999944 ] ] ], [ [ [ 104.229594438000049, -0.65046431899998 ], [ 104.229424747000053, -0.651078280999968 ], [ 104.229217842000082, -0.650907468999947 ], [ 104.229594438000049, -0.65046431899998 ] ] ], [ [ [ 104.251290492000066, -0.613696371999936 ], [ 104.250889348000044, -0.612979917999951 ], [ 104.251464193000061, -0.613403697999956 ], [ 104.251290492000066, -0.613696371999936 ] ] ], [ [ [ 104.254013629000042, -0.609610441999962 ], [ 104.251492786000085, -0.611015977999955 ], [ 104.253726904000075, -0.60870981599993 ], [ 104.254013629000042, -0.609610441999962 ] ] ], [ [ [ 104.03026651600004, -0.533548820999954 ], [ 104.031759177000083, -0.539862164999931 ], [ 104.030402507000076, -0.541752561999942 ], [ 104.027503548000084, -0.538805605999926 ], [ 104.03026651600004, -0.533548820999954 ] ] ], [ [ [ 104.035142990000054, -0.514640653999948 ], [ 104.039890522000064, -0.512817089999942 ], [ 104.039213992000043, -0.520089240999937 ], [ 104.035142990000054, -0.514640653999948 ] ] ], [ [ [ 104.041948156000046, -0.50518858099997 ], [ 104.040580927000065, -0.504447607999964 ], [ 104.042091114000073, -0.503944772999944 ], [ 104.041948156000046, -0.50518858099997 ] ] ], [ [ [ 104.03775328100005, -0.501727355999947 ], [ 104.039058108000063, -0.499649079999926 ], [ 104.040803475000075, -0.50053132499994 ], [ 104.040465916000073, -0.502302677999978 ], [ 104.03775328100005, -0.501727355999947 ] ] ], [ [ [ 104.040379016000088, -0.499700157999939 ], [ 104.040031909000049, -0.499903642999925 ], [ 104.039863442000069, -0.499784888999955 ], [ 104.040379016000088, -0.499700157999939 ] ] ], [ [ [ 104.243069973000047, -0.486003383999957 ], [ 104.243921973000056, -0.485657383999978 ], [ 104.243551973000081, -0.486244383999974 ], [ 104.243069973000047, -0.486003383999957 ] ] ], [ [ [ 104.254996678000055, -0.454934223999942 ], [ 104.254969315000039, -0.454726020999942 ], [ 104.255071631000078, -0.454758143999925 ], [ 104.254996678000055, -0.454934223999942 ] ] ], [ [ [ 104.266329380000059, -0.423667901999977 ], [ 104.26663633000004, -0.423450180999964 ], [ 104.266721991000054, -0.423728577999952 ], [ 104.266329380000059, -0.423667901999977 ] ] ], [ [ [ 104.18901388900008, -0.399399946999949 ], [ 104.213605058000041, -0.393166940999947 ], [ 104.214076141000078, -0.395742646999963 ], [ 104.209759214000087, -0.397799433999978 ], [ 104.209169910000071, -0.400858600999925 ], [ 104.228942038000071, -0.393532492999952 ], [ 104.223101758000041, -0.429647322999926 ], [ 104.195431252000049, -0.423610903999929 ], [ 104.19838182500007, -0.409341537999978 ], [ 104.18901388900008, -0.399399946999949 ] ] ], [ [ [ 104.180695590000084, -0.398982087999968 ], [ 104.18088903000006, -0.399101473999963 ], [ 104.180649517000063, -0.399088522999932 ], [ 104.180695590000084, -0.398982087999968 ] ] ], [ [ [ 104.178694780000058, -0.399047715999927 ], [ 104.179123083000036, -0.398728867999978 ], [ 104.179027905000055, -0.399214277999931 ], [ 104.178694780000058, -0.399047715999927 ] ] ], [ [ [ 104.178341860000046, -0.395332896999946 ], [ 104.184112531000039, -0.397625570999935 ], [ 104.179446145000043, -0.397883586999967 ], [ 104.178341860000046, -0.395332896999946 ] ] ], [ [ [ 104.187622852000061, -0.393636613999945 ], [ 104.187822538000034, -0.393749712999977 ], [ 104.187691480000069, -0.393806239999947 ], [ 104.187622852000061, -0.393636613999945 ] ] ], [ [ [ 104.233268439000085, -0.391086479999956 ], [ 104.233561113000064, -0.391004387999942 ], [ 104.233411207000074, -0.391214970999954 ], [ 104.233268439000085, -0.391086479999956 ] ] ], [ [ [ 104.190871721000065, -0.388910264999936 ], [ 104.191648020000059, -0.390775167999948 ], [ 104.19033634200008, -0.389906664999955 ], [ 104.190871721000065, -0.388910264999936 ] ] ], [ [ [ 104.183103697000035, -0.390320171999974 ], [ 104.179827714000055, -0.388541984999961 ], [ 104.180200397000078, -0.38558970899993 ], [ 104.183103697000035, -0.390320171999974 ] ] ], [ [ [ 104.266296831000034, -0.384943362999934 ], [ 104.268827388000034, -0.385760707999964 ], [ 104.268516868000063, -0.38616759599995 ], [ 104.266296831000034, -0.384943362999934 ] ] ], [ [ [ 104.166545460000066, -0.369056945999944 ], [ 104.17825857400004, -0.380085254999926 ], [ 104.175577775000079, -0.39020738399995 ], [ 104.161100519000058, -0.375752524999939 ], [ 104.166545460000066, -0.369056945999944 ] ] ], [ [ [ 104.26541672500008, -0.377692411999931 ], [ 104.263899048000042, -0.376897572999951 ], [ 104.264437401000066, -0.376335424999979 ], [ 104.26541672500008, -0.377692411999931 ] ] ], [ [ [ 104.193148329000053, -0.36137800299997 ], [ 104.203320348000034, -0.373948783999936 ], [ 104.230259850000039, -0.365049193999937 ], [ 104.23408605700007, -0.386673907999977 ], [ 104.191213349000066, -0.387692021999953 ], [ 104.188711097000066, -0.380496558999937 ], [ 104.185175377000064, -0.388694837999935 ], [ 104.171575973000074, -0.371165472999962 ], [ 104.193148329000053, -0.36137800299997 ] ] ], [ [ [ 104.159105405000048, -0.369867080999938 ], [ 104.158580889000064, -0.370776439999929 ], [ 104.157238287000041, -0.37031469599998 ], [ 104.159105405000048, -0.369867080999938 ] ] ], [ [ [ 104.269180341000038, -0.368774885999926 ], [ 104.27179774800004, -0.371358623999924 ], [ 104.271190691000072, -0.372042664999924 ], [ 104.269180341000038, -0.368774885999926 ] ] ], [ [ [ 104.270685255000046, -0.366633656999966 ], [ 104.270806307000043, -0.366331665999951 ], [ 104.270883702000049, -0.366329561999976 ], [ 104.270685255000046, -0.366633656999966 ] ] ], [ [ [ 104.271639449000077, -0.363577387999953 ], [ 104.270101652000051, -0.36483038199998 ], [ 104.269762579000087, -0.364459185999976 ], [ 104.271639449000077, -0.363577387999953 ] ] ], [ [ [ 104.163721644000077, -0.362725117999958 ], [ 104.163744028000053, -0.363612791999969 ], [ 104.163109419000079, -0.363341342999945 ], [ 104.163721644000077, -0.362725117999958 ] ] ], [ [ [ 104.168966324000053, -0.359053834999941 ], [ 104.168986681000035, -0.367174384999942 ], [ 104.164017123000065, -0.362700728999926 ], [ 104.168966324000053, -0.359053834999941 ] ] ], [ [ [ 104.174315411000066, -0.36050298899994 ], [ 104.176287180000088, -0.362293598999941 ], [ 104.173547781000082, -0.361420120999981 ], [ 104.174315411000066, -0.36050298899994 ] ] ], [ [ [ 104.164973456000041, -0.357045740999979 ], [ 104.165556655000046, -0.358823626999936 ], [ 104.164127671000074, -0.358339054999931 ], [ 104.164973456000041, -0.357045740999979 ] ] ], [ [ [ 104.269677098000045, -0.34592182199998 ], [ 104.270926315000054, -0.358585312999935 ], [ 104.258748234000052, -0.362061705999963 ], [ 104.261981922000075, -0.346392954999942 ], [ 104.269677098000045, -0.34592182199998 ] ] ], [ [ [ 104.203556565000042, -0.352911386999949 ], [ 104.209810522000055, -0.353887735999933 ], [ 104.208592130000056, -0.357252853999967 ], [ 104.203556565000042, -0.352911386999949 ] ] ], [ [ [ 104.159624980000046, -0.339199077999979 ], [ 104.176788813000087, -0.352614381999956 ], [ 104.170540790000075, -0.357881262999967 ], [ 104.15946535900008, -0.349294222999958 ], [ 104.16500532200007, -0.36010601299995 ], [ 104.146027040000035, -0.361462249999931 ], [ 104.143653527000083, -0.348000448999926 ], [ 104.159624980000046, -0.339199077999979 ] ] ], [ [ [ 104.199420922000058, -0.350786630999949 ], [ 104.199583219000033, -0.350252652999927 ], [ 104.199882701000035, -0.350836923999964 ], [ 104.199420922000058, -0.350786630999949 ] ] ], [ [ [ 104.20039451100007, -0.349655911999946 ], [ 104.199676852000039, -0.349957394999933 ], [ 104.19962072800007, -0.349498789999927 ], [ 104.20039451100007, -0.349655911999946 ] ] ], [ [ [ 104.256217114000037, -0.348397257999977 ], [ 104.256252356000061, -0.347065716999964 ], [ 104.256637829000056, -0.34828638099998 ], [ 104.256217114000037, -0.348397257999977 ] ] ], [ [ [ 104.202147983000089, -0.347476687999972 ], [ 104.202609599000084, -0.347157840999955 ], [ 104.202782784000078, -0.347807710999973 ], [ 104.202147983000089, -0.347476687999972 ] ] ], [ [ [ 104.202740850000055, -0.346819097999969 ], [ 104.202773801000035, -0.346722358999955 ], [ 104.202858921000086, -0.346783175999974 ], [ 104.202740850000055, -0.346819097999969 ] ] ], [ [ [ 104.26868072700006, -0.34187873999997 ], [ 104.268667640000047, -0.341675295999949 ], [ 104.268759250000073, -0.341868031999979 ], [ 104.26868072700006, -0.34187873999997 ] ] ], [ [ [ 104.231955959000061, -0.327150796999945 ], [ 104.239339550000068, -0.338410090999957 ], [ 104.233440278000046, -0.355774370999939 ], [ 104.221318788000076, -0.34355282599995 ], [ 104.231955959000061, -0.327150796999945 ] ] ], [ [ [ 104.271942007000064, -0.336494990999938 ], [ 104.273234054000056, -0.339546649999932 ], [ 104.271740347000048, -0.34118312399994 ], [ 104.270942633000061, -0.338572260999968 ], [ 104.271942007000064, -0.336494990999938 ] ] ], [ [ [ 104.162585786000079, -0.337264130999927 ], [ 104.162760431000038, -0.338168779999933 ], [ 104.162272094000059, -0.337285389999977 ], [ 104.162585786000079, -0.337264130999927 ] ] ], [ [ [ 104.270596485000056, -0.336720214999957 ], [ 104.270063486000083, -0.336748768999939 ], [ 104.27061171400004, -0.336496188999945 ], [ 104.270596485000056, -0.336720214999957 ] ] ], [ [ [ 104.151403342000037, -0.336760587999947 ], [ 104.151153813000064, -0.33592503999995 ], [ 104.151606228000048, -0.336113007999927 ], [ 104.151403342000037, -0.336760587999947 ] ] ], [ [ [ 104.236783818000049, -0.32447952299998 ], [ 104.235635622000075, -0.324102503999939 ], [ 104.235991389000048, -0.323285830999964 ], [ 104.236783818000049, -0.32447952299998 ] ] ], [ [ [ 104.123474772000066, -0.30279786899996 ], [ 104.119660958000054, -0.312371 ], [ 104.119161, -0.312298 ], [ 104.123474772000066, -0.30279786899996 ] ] ], [ [ [ 104.123590828000033, -0.301255977999972 ], [ 104.123344, -0.299732 ], [ 104.124455, -0.300703 ], [ 104.123590828000033, -0.301255977999972 ] ] ], [ [ [ 104.234880170000054, 0.13085121000006 ], [ 104.234856375000049, 0.131060602000048 ], [ 104.235046732000058, 0.130908317000035 ], [ 104.234880170000054, 0.13085121000006 ] ] ], [ [ [ 104.233895668000059, 0.131252149000034 ], [ 104.233931360000042, 0.131153996000023 ], [ 104.233779669000057, 0.131198611000059 ], [ 104.233895668000059, 0.131252149000034 ] ] ], [ [ [ 104.229588249000074, 0.137347138000052 ], [ 104.238692035000042, 0.131781721000038 ], [ 104.22195700900005, 0.134762823000074 ], [ 104.229588249000074, 0.137347138000052 ] ] ], [ [ [ 104.200729224000042, 0.147410165000053 ], [ 104.205569870000033, 0.147073553000041 ], [ 104.205445811000061, 0.142788884000026 ], [ 104.200729224000042, 0.147410165000053 ] ] ], [ [ [ 104.188193406000039, 0.16092277100006 ], [ 104.196018912000056, 0.155439172000058 ], [ 104.194884811000065, 0.153995694000059 ], [ 104.188193406000039, 0.16092277100006 ] ] ], [ [ [ 104.255644004000033, 0.167135037000037 ], [ 104.255980675000046, 0.168933155000047 ], [ 104.25677, 0.16877951500004 ], [ 104.255644004000033, 0.167135037000037 ] ] ], [ [ [ 104.181490637000081, 0.178761935000068 ], [ 104.188313741000059, 0.172593182000071 ], [ 104.189009734000081, 0.16646607000007 ], [ 104.182518906000041, 0.168255767000062 ], [ 104.181490637000081, 0.178761935000068 ] ] ], [ [ [ 104.269094725000059, 0.174139084000046 ], [ 104.268693072000076, 0.172561977000043 ], [ 104.268067273000042, 0.172802302000036 ], [ 104.269094725000059, 0.174139084000046 ] ] ], [ [ [ 104.263963, 0.17511 ], [ 104.263970631000063, 0.174124813000049 ], [ 104.26316379900004, 0.174990217000072 ], [ 104.263963, 0.17511 ] ] ], [ [ [ 104.254799768000055, 0.182960454000067 ], [ 104.25442144200008, 0.169643302000054 ], [ 104.249165205000054, 0.172547933000033 ], [ 104.254799768000055, 0.182960454000067 ] ] ], [ [ [ 104.233296579000069, 0.199676762000024 ], [ 104.242033522000042, 0.176510617000019 ], [ 104.230704156000058, 0.156039232000069 ], [ 104.201256355000055, 0.167247920000023 ], [ 104.217659951000087, 0.185185845000035 ], [ 104.213659672000063, 0.19145869700003 ], [ 104.233296579000069, 0.199676762000024 ] ] ], [ [ [ 104.267922, 0.178872163000051 ], [ 104.265804280000054, 0.178120253000031 ], [ 104.267474661000051, 0.183792888000028 ], [ 104.267922, 0.178872163000051 ] ] ], [ [ [ 104.257432017000042, 0.185494393000056 ], [ 104.258602147000033, 0.186974605000046 ], [ 104.258109777000072, 0.185007799000061 ], [ 104.257432017000042, 0.185494393000056 ] ] ], [ [ [ 104.256047356000067, 0.191248276000067 ], [ 104.257494009000084, 0.189587631000052 ], [ 104.256451114000072, 0.189415932000031 ], [ 104.256047356000067, 0.191248276000067 ] ] ], [ [ [ 104.234889390000035, 0.201139298000044 ], [ 104.234965533000036, 0.201886449000028 ], [ 104.235141613000053, 0.201091709000025 ], [ 104.234889390000035, 0.201139298000044 ] ] ], [ [ [ 104.274091067000086, 0.35694965600004 ], [ 104.273722213000042, 0.357494303000067 ], [ 104.274306308000064, 0.357590469000058 ], [ 104.274091067000086, 0.35694965600004 ] ] ], [ [ [ 104.281399123000085, 0.366096711000068 ], [ 104.279607491000036, 0.366162534000068 ], [ 104.280887950000078, 0.367125720000047 ], [ 104.281399123000085, 0.366096711000068 ] ] ], [ [ [ 104.279172965000043, 0.36859753300007 ], [ 104.277755786000057, 0.368248753000046 ], [ 104.278210606000073, 0.369581271000072 ], [ 104.279172965000043, 0.36859753300007 ] ] ], [ [ [ 104.275701912000045, 0.37018417400003 ], [ 104.277340020000054, 0.370154156000069 ], [ 104.276920749000055, 0.369162761000041 ], [ 104.275701912000045, 0.37018417400003 ] ] ], [ [ [ 104.256038720000049, 0.375491845000056 ], [ 104.263247535000062, 0.366942441000049 ], [ 104.253253799000049, 0.372132046000047 ], [ 104.256038720000049, 0.375491845000056 ] ] ], [ [ [ 104.275098927000045, 0.372562622000032 ], [ 104.275029708000034, 0.370804189000069 ], [ 104.273827768000046, 0.371917950000068 ], [ 104.275098927000045, 0.372562622000032 ] ] ], [ [ [ 104.273075013000039, 0.373866665000037 ], [ 104.274408002000087, 0.373410684000021 ], [ 104.272114660000057, 0.373284212000044 ], [ 104.273075013000039, 0.373866665000037 ] ] ], [ [ [ 104.25489581100004, 0.375753017000022 ], [ 104.255086460000086, 0.376372721000052 ], [ 104.255471932000034, 0.375869465000051 ], [ 104.25489581100004, 0.375753017000022 ] ] ], [ [ [ 104.274261713000044, 0.376609008000059 ], [ 104.274810211000045, 0.377070810000021 ], [ 104.274624946000074, 0.376164252000024 ], [ 104.274261713000044, 0.376609008000059 ] ] ], [ [ [ 104.265463924000073, 0.38454663300007 ], [ 104.266439324000032, 0.38431489900006 ], [ 104.266557313000078, 0.383789078000063 ], [ 104.265463924000073, 0.38454663300007 ] ] ], [ [ [ 104.265025239000067, 0.412485385000025 ], [ 104.264843614000085, 0.412824614000044 ], [ 104.265264837000075, 0.412901920000024 ], [ 104.265025239000067, 0.412485385000025 ] ] ], [ [ [ 104.264626281000062, 0.414590554000029 ], [ 104.265043829000035, 0.413976178000041 ], [ 104.264592652000033, 0.413836674000038 ], [ 104.264626281000062, 0.414590554000029 ] ] ], [ [ [ 104.264583149000032, 0.415442437000024 ], [ 104.265234712000051, 0.414782850000051 ], [ 104.264259290000041, 0.41519739000006 ], [ 104.264583149000032, 0.415442437000024 ] ] ], [ [ [ 104.348342119000051, -0.667838368999981 ], [ 104.347866227000054, -0.668281543999967 ], [ 104.347589615000061, -0.667859188999955 ], [ 104.348342119000051, -0.667838368999981 ] ] ], [ [ [ 104.341338437000047, -0.657348858999967 ], [ 104.341150460000051, -0.656863448999957 ], [ 104.341421718000049, -0.656796823999969 ], [ 104.341338437000047, -0.657348858999967 ] ] ], [ [ [ 104.33835554500007, -0.656271082999979 ], [ 104.337291926000034, -0.657274024999936 ], [ 104.338401944000054, -0.65531810799996 ], [ 104.33835554500007, -0.656271082999979 ] ] ], [ [ [ 104.340900120000072, -0.65360438099998 ], [ 104.341157102000068, -0.653655776999926 ], [ 104.340943903000039, -0.653760473999967 ], [ 104.340900120000072, -0.65360438099998 ] ] ], [ [ [ 104.340662888000054, -0.653172746999928 ], [ 104.341091191000032, -0.652848544999927 ], [ 104.341162575000055, -0.65298536399996 ], [ 104.340662888000054, -0.653172746999928 ] ] ], [ [ [ 104.339144911000062, -0.633558036999943 ], [ 104.338391812000054, -0.632715706999932 ], [ 104.33863451700006, -0.632415894999951 ], [ 104.339144911000062, -0.633558036999943 ] ] ], [ [ [ 104.341873855000074, -0.631880516999956 ], [ 104.341856009000082, -0.631321342999968 ], [ 104.342123699000069, -0.631413546999966 ], [ 104.341873855000074, -0.631880516999956 ] ] ], [ [ [ 104.334320970000078, -0.611207243999957 ], [ 104.334142511000039, -0.612220893999961 ], [ 104.33351790200004, -0.611903235999932 ], [ 104.334320970000078, -0.611207243999957 ] ] ], [ [ [ 104.32054602900007, -0.596478194999975 ], [ 104.321224087000076, -0.597322573999975 ], [ 104.320674432000033, -0.597265466999943 ], [ 104.32054602900007, -0.596478194999975 ] ] ], [ [ [ 104.31992443300004, -0.595553682999935 ], [ 104.320346788000052, -0.595342505999952 ], [ 104.319951202000084, -0.595687527999928 ], [ 104.31992443300004, -0.595553682999935 ] ] ], [ [ [ 104.321171323000044, -0.595641764999925 ], [ 104.321045211000069, -0.594994550999957 ], [ 104.321423545000073, -0.595330054999977 ], [ 104.321171323000044, -0.595641764999925 ] ] ], [ [ [ 104.320972586000039, -0.594818072999942 ], [ 104.320572946000084, -0.594731610999929 ], [ 104.320648979000055, -0.594587740999941 ], [ 104.320972586000039, -0.594818072999942 ] ] ], [ [ [ 104.321100125000044, -0.594599161999952 ], [ 104.321201014000053, -0.594321240999932 ], [ 104.321160585000086, -0.594615578999935 ], [ 104.321100125000044, -0.594599161999952 ] ] ], [ [ [ 104.322733657000072, -0.593921522999949 ], [ 104.322468109000056, -0.593491792999941 ], [ 104.322656562000077, -0.593416125999966 ], [ 104.322733657000072, -0.593921522999949 ] ] ], [ [ [ 104.32138111200004, -0.584891755999934 ], [ 104.321690268000054, -0.585528150999949 ], [ 104.32093791300008, -0.58537049399996 ], [ 104.32138111200004, -0.584891755999934 ] ] ], [ [ [ 104.320598864000033, -0.585019651999971 ], [ 104.320866553000087, -0.584145200999956 ], [ 104.321250241000087, -0.58445452999996 ], [ 104.320598864000033, -0.585019651999971 ] ] ], [ [ [ 104.309515314000066, -0.559653254999944 ], [ 104.309271036000041, -0.558793540999943 ], [ 104.310001363000083, -0.55939209099995 ], [ 104.309515314000066, -0.559653254999944 ] ] ], [ [ [ 104.31255402000005, -0.556293660999927 ], [ 104.311783543000047, -0.558535375999952 ], [ 104.311076508000042, -0.558253343999979 ], [ 104.31255402000005, -0.556293660999927 ] ] ], [ [ [ 104.309474748000071, -0.554337586999964 ], [ 104.308549390000053, -0.554329190999965 ], [ 104.309573644000068, -0.553953368999942 ], [ 104.309474748000071, -0.554337586999964 ] ] ], [ [ [ 104.353513297000063, -0.397950426999955 ], [ 104.353544519000081, -0.397799655999961 ], [ 104.353563216000055, -0.39795042999998 ], [ 104.353513297000063, -0.397950426999955 ] ] ], [ [ [ 104.352814398000078, -0.397378671999945 ], [ 104.352957938000088, -0.397265599999969 ], [ 104.352970409000079, -0.39740381699994 ], [ 104.352814398000078, -0.397378671999945 ] ] ], [ [ [ 104.353538310000033, -0.397322186999929 ], [ 104.353644397000039, -0.397290785999928 ], [ 104.35364439500006, -0.397315916999958 ], [ 104.353538310000033, -0.397322186999929 ] ] ], [ [ [ 104.329480254000032, -0.396242362999942 ], [ 104.329991920000055, -0.397002578999945 ], [ 104.329411533000041, -0.397172156999943 ], [ 104.329480254000032, -0.396242362999942 ] ] ], [ [ [ 104.345144133000076, -0.390823442999931 ], [ 104.344925223000075, -0.390937656999938 ], [ 104.344839562000061, -0.39065212099996 ], [ 104.345144133000076, -0.390823442999931 ] ] ], [ [ [ 104.343864125000039, -0.386086880999926 ], [ 104.344140125000081, -0.386428880999972 ], [ 104.343809840000063, -0.386438809999959 ], [ 104.343864125000039, -0.386086880999926 ] ] ], [ [ [ 104.327256292000072, -0.349431615999947 ], [ 104.32754562000008, -0.349726067999939 ], [ 104.327037381000082, -0.349751414999957 ], [ 104.327256292000072, -0.349431615999947 ] ] ], [ [ [ 104.351313308000044, -0.255765169999961 ], [ 104.351695212000038, -0.25526905199996 ], [ 104.351559583000039, -0.255765169999961 ], [ 104.351313308000044, -0.255765169999961 ] ] ], [ [ [ 104.292864450000081, 0.175875791000067 ], [ 104.336585519000039, 0.130450815000074 ], [ 104.336576001000083, 0.106035166000026 ], [ 104.324741395000046, 0.105752510000059 ], [ 104.314125081000043, 0.133504904000063 ], [ 104.308053045000065, 0.136336912000047 ], [ 104.308186295000041, 0.125148686000045 ], [ 104.301583290000053, 0.127397277000057 ], [ 104.292339488000039, 0.143656615000054 ], [ 104.300516102000074, 0.152099651000071 ], [ 104.292864450000081, 0.175875791000067 ] ] ], [ [ [ 104.276298814000086, 0.170327068000063 ], [ 104.292983359000061, 0.159209774000033 ], [ 104.290168064000056, 0.147383908000052 ], [ 104.276248455000086, 0.161216667000076 ], [ 104.276298814000086, 0.170327068000063 ] ] ], [ [ [ 104.284155761000079, 0.184869501000037 ], [ 104.285414496000044, 0.180312833000073 ], [ 104.283499030000087, 0.185162175000073 ], [ 104.284155761000079, 0.184869501000037 ] ] ], [ [ [ 104.282073733000061, 0.185895049000067 ], [ 104.282368786000063, 0.18557620100006 ], [ 104.281659706000084, 0.18601878100003 ], [ 104.282073733000061, 0.185895049000067 ] ] ], [ [ [ 104.352125778000072, 0.19095380400006 ], [ 104.353005690000032, 0.190490192000027 ], [ 104.352837213000043, 0.190358253000056 ], [ 104.352125778000072, 0.19095380400006 ] ] ], [ [ [ 104.350841480000042, 0.191345777000038 ], [ 104.350811551000049, 0.190761511000062 ], [ 104.350635541000088, 0.191398539000033 ], [ 104.350841480000042, 0.191345777000038 ] ] ], [ [ [ 104.332589532000043, 0.207710160000033 ], [ 104.342396550000046, 0.185003327000061 ], [ 104.342556001000048, 0.176267601000063 ], [ 104.337190238000062, 0.183295567000073 ], [ 104.332589532000043, 0.207710160000033 ] ] ], [ [ [ 104.342322201000059, 0.203557375000059 ], [ 104.346142906000068, 0.18873908300003 ], [ 104.345129965000069, 0.187358005000021 ], [ 104.342112808000081, 0.197437401000059 ], [ 104.342322201000059, 0.203557375000059 ] ] ], [ [ [ 104.321568740000032, 0.212802771000042 ], [ 104.319233478000058, 0.213395955000067 ], [ 104.320248139000057, 0.214330385000039 ], [ 104.321568740000032, 0.212802771000042 ] ] ], [ [ [ 104.318617019000044, 0.21579018400007 ], [ 104.315771803000075, 0.21636234500005 ], [ 104.31549635600004, 0.21979600700007 ], [ 104.318617019000044, 0.21579018400007 ] ] ], [ [ [ 104.331868464000081, 0.21339824000006 ], [ 104.327056990000074, 0.216042302000062 ], [ 104.324111802000061, 0.222985485000038 ], [ 104.331868464000081, 0.21339824000006 ] ] ], [ [ [ 104.31512013400004, 0.220154382000032 ], [ 104.315297982000061, 0.220094072000052 ], [ 104.315170686000044, 0.220052609000049 ], [ 104.31512013400004, 0.220154382000032 ] ] ], [ [ [ 104.352114375000042, 0.239310458000034 ], [ 104.354467758000055, 0.236967845000038 ], [ 104.353810621000036, 0.236594635000074 ], [ 104.352114375000042, 0.239310458000034 ] ] ], [ [ [ 104.352674110000066, 0.240096419000054 ], [ 104.352279042000077, 0.240976575000047 ], [ 104.352543007000065, 0.241095328000029 ], [ 104.352674110000066, 0.240096419000054 ] ] ], [ [ [ 104.338294166000082, 0.241192793000039 ], [ 104.337324387000081, 0.241456601000039 ], [ 104.337545289000047, 0.241767592000031 ], [ 104.338294166000082, 0.241192793000039 ] ] ], [ [ [ 104.352432521000082, 0.241868056000044 ], [ 104.352258394000046, 0.242256306000058 ], [ 104.352477434000036, 0.242239354000048 ], [ 104.352432521000082, 0.241868056000044 ] ] ], [ [ [ 104.335347384000045, 0.242172704000041 ], [ 104.33691809000004, 0.242436647000034 ], [ 104.33747414000004, 0.241863710000075 ], [ 104.335347384000045, 0.242172704000041 ] ] ], [ [ [ 104.333130675000064, 0.244504 ], [ 104.332426743000042, 0.244624594000072 ], [ 104.332430477000059, 0.24488279600007 ], [ 104.333130675000064, 0.244504 ] ] ], [ [ [ 104.330444125000042, 0.245319959000028 ], [ 104.329884382000046, 0.244988219000049 ], [ 104.32977016600006, 0.24518422400007 ], [ 104.330444125000042, 0.245319959000028 ] ] ], [ [ [ 104.327147230000037, 0.246921806000046 ], [ 104.327806181000085, 0.247783156000025 ], [ 104.328601864000063, 0.247076425000046 ], [ 104.327147230000037, 0.246921806000046 ] ] ], [ [ [ 104.333014353000067, 0.249457060000054 ], [ 104.333418804000075, 0.248049189000028 ], [ 104.333390725000072, 0.247990765000054 ], [ 104.333014353000067, 0.249457060000054 ] ] ], [ [ [ 104.349320634000037, 0.249178942000071 ], [ 104.349676376000048, 0.24855700300003 ], [ 104.349176490000048, 0.249105436000036 ], [ 104.349320634000037, 0.249178942000071 ] ] ], [ [ [ 104.330803359000072, 0.249605842000051 ], [ 104.331391247000056, 0.248867060000066 ], [ 104.330507583000042, 0.24931181300002 ], [ 104.330803359000072, 0.249605842000051 ] ] ], [ [ [ 104.32317813700007, 0.253653353000061 ], [ 104.32535357200004, 0.253133283000068 ], [ 104.326053789000071, 0.252377542000033 ], [ 104.32317813700007, 0.253653353000061 ] ] ], [ [ [ 104.310378, 0.26325 ], [ 104.320137, 0.251365 ], [ 104.307565, 0.262354 ], [ 104.310378, 0.26325 ] ] ], [ [ [ 104.339862240000059, 0.259593004000067 ], [ 104.342165011000077, 0.258684690000052 ], [ 104.341843051000069, 0.257830890000037 ], [ 104.339862240000059, 0.259593004000067 ] ] ], [ [ [ 104.340335805000052, 0.261340174000054 ], [ 104.339938913000083, 0.261270421000063 ], [ 104.339892090000035, 0.261722754000061 ], [ 104.340335805000052, 0.261340174000054 ] ] ], [ [ [ 104.30518466500007, 0.262889394000069 ], [ 104.30673097500005, 0.263961879000021 ], [ 104.307294549000062, 0.262880086000052 ], [ 104.30518466500007, 0.262889394000069 ] ] ], [ [ [ 104.300231805000067, 0.268060293000076 ], [ 104.302069939000035, 0.265282272000036 ], [ 104.299494172000038, 0.267649836000032 ], [ 104.300231805000067, 0.268060293000076 ] ] ], [ [ [ 104.337297247000038, 0.262989155000071 ], [ 104.334028131000082, 0.269934201000069 ], [ 104.339042086000063, 0.262670728000046 ], [ 104.337297247000038, 0.262989155000071 ] ] ], [ [ [ 104.32695788400008, 0.282379973000047 ], [ 104.341931625000086, 0.275009649000026 ], [ 104.347403838000048, 0.275933477000024 ], [ 104.358648928000036, 0.256100994000064 ], [ 104.32695788400008, 0.282379973000047 ] ] ], [ [ [ 104.331189238000036, 0.297156026000039 ], [ 104.347038378000036, 0.288295944000026 ], [ 104.345493128000044, 0.277349788000038 ], [ 104.327255083000068, 0.289232021000032 ], [ 104.331189238000036, 0.297156026000039 ] ] ], [ [ [ 104.351994309000077, 0.288317181000025 ], [ 104.351440140000079, 0.288686555000027 ], [ 104.351471957000058, 0.288754407000056 ], [ 104.351994309000077, 0.288317181000025 ] ] ], [ [ [ 104.352001757000039, 0.28913704200005 ], [ 104.351765881000063, 0.288890124000034 ], [ 104.351518749000036, 0.289054082000064 ], [ 104.352001757000039, 0.28913704200005 ] ] ], [ [ [ 104.34454762200005, 0.290725485000053 ], [ 104.344263066000053, 0.290471024000055 ], [ 104.344100182000034, 0.290644419000046 ], [ 104.34454762200005, 0.290725485000053 ] ] ], [ [ [ 104.311201425000036, 0.301028915000074 ], [ 104.310956100000055, 0.300148728000067 ], [ 104.310525466000058, 0.300819663000027 ], [ 104.311201425000036, 0.301028915000074 ] ] ], [ [ [ 104.335834107000039, 0.300459601000057 ], [ 104.33796460800005, 0.300442769000028 ], [ 104.336508119000086, 0.299799987000029 ], [ 104.335834107000039, 0.300459601000057 ] ] ], [ [ [ 104.340918833000046, 0.300623883000071 ], [ 104.339819865000038, 0.30092914200003 ], [ 104.340531260000034, 0.301298589000055 ], [ 104.340918833000046, 0.300623883000071 ] ] ], [ [ [ 104.32063596900008, 0.302803259000029 ], [ 104.327815628000053, 0.302487076000034 ], [ 104.320769230000053, 0.29733568100005 ], [ 104.32063596900008, 0.302803259000029 ] ] ], [ [ [ 104.304659912000034, 0.303693478000071 ], [ 104.307879857000046, 0.305423857000051 ], [ 104.308117719000052, 0.30392364000005 ], [ 104.304659912000034, 0.303693478000071 ] ] ], [ [ [ 104.303183618000048, 0.307798442000035 ], [ 104.303445483000075, 0.306860401000051 ], [ 104.302942537000035, 0.307089248000068 ], [ 104.303183618000048, 0.307798442000035 ] ] ], [ [ [ 104.315937234000046, 0.309697043000028 ], [ 104.315478526000049, 0.310202115000038 ], [ 104.31582674100008, 0.310228527000049 ], [ 104.315937234000046, 0.309697043000028 ] ] ], [ [ [ 104.301383454000074, 0.312604936000071 ], [ 104.299430452000081, 0.313077135000071 ], [ 104.29949031600006, 0.313787680000075 ], [ 104.301383454000074, 0.312604936000071 ] ] ], [ [ [ 104.305800722000072, 0.346309424000026 ], [ 104.321883108000065, 0.336473924000074 ], [ 104.324091984000063, 0.324702316000071 ], [ 104.318923398000038, 0.321133509000049 ], [ 104.320739226000057, 0.314203048000024 ], [ 104.318559164000078, 0.307171763000042 ], [ 104.313589790000037, 0.312853567000047 ], [ 104.301497324000081, 0.309535743000026 ], [ 104.305800722000072, 0.346309424000026 ] ] ], [ [ [ 104.301653828000042, 0.339663307000023 ], [ 104.30279777800007, 0.338626800000043 ], [ 104.301901049000037, 0.338270521000027 ], [ 104.301653828000042, 0.339663307000023 ] ] ], [ [ [ 104.299089078000065, 0.338651029000061 ], [ 104.300654150000071, 0.33910159200002 ], [ 104.300405255000044, 0.337770960000057 ], [ 104.299089078000065, 0.338651029000061 ] ] ], [ [ [ 104.300513643000045, 0.340452923000043 ], [ 104.301335546000075, 0.339898877000053 ], [ 104.301103425000065, 0.339614262000055 ], [ 104.300513643000045, 0.340452923000043 ] ] ], [ [ [ 104.341647708000039, 0.348978590000058 ], [ 104.343170039000086, 0.345001916000058 ], [ 104.340547223000044, 0.344081980000055 ], [ 104.341647708000039, 0.348978590000058 ] ] ], [ [ [ 104.298595319000071, 0.349140829000021 ], [ 104.301302435000082, 0.348988370000029 ], [ 104.301306220000072, 0.348464426000021 ], [ 104.298595319000071, 0.349140829000021 ] ] ], [ [ [ 104.301184380000052, 0.35047729300004 ], [ 104.30520950500005, 0.350032798000029 ], [ 104.303588383000033, 0.347997183000075 ], [ 104.301184380000052, 0.35047729300004 ] ] ], [ [ [ 104.301912448000053, 0.353117840000039 ], [ 104.301330256000085, 0.352497715000027 ], [ 104.30127591300004, 0.353240288000052 ], [ 104.301912448000053, 0.353117840000039 ] ] ], [ [ [ 104.30300003800005, 0.354663387000073 ], [ 104.303299697000057, 0.353134901000033 ], [ 104.303110656000058, 0.352505385000029 ], [ 104.302653788000043, 0.353447712000047 ], [ 104.30300003800005, 0.354663387000073 ] ] ], [ [ [ 104.286742747000062, 0.358824050000067 ], [ 104.287394286000051, 0.358334074000027 ], [ 104.287413030000039, 0.358117337000067 ], [ 104.286742747000062, 0.358824050000067 ] ] ], [ [ [ 104.284237499000085, 0.363173757000027 ], [ 104.284406123000053, 0.361477533000027 ], [ 104.283762090000039, 0.361818611000047 ], [ 104.284237499000085, 0.363173757000027 ] ] ], [ [ [ 104.284284273000083, 0.363622318000068 ], [ 104.283428696000044, 0.363722143000075 ], [ 104.283578422000062, 0.364319606000038 ], [ 104.284284273000083, 0.363622318000068 ] ] ], [ [ [ 104.305234124000037, 0.384521741000071 ], [ 104.328471337000053, 0.382885792000025 ], [ 104.32583825100005, 0.369458801000064 ], [ 104.305234124000037, 0.384521741000071 ] ] ], [ [ [ 104.308644138000034, 0.379619117000061 ], [ 104.308103054000071, 0.380086478000067 ], [ 104.308728357000064, 0.379960255000071 ], [ 104.308644138000034, 0.379619117000061 ] ] ], [ [ [ 104.312621279000041, 0.388529251000023 ], [ 104.313710886000081, 0.388297529000056 ], [ 104.314173347000064, 0.387871623000024 ], [ 104.312621279000041, 0.388529251000023 ] ] ], [ [ [ 104.291856181000071, 0.390972376000036 ], [ 104.300960021000037, 0.390053333000026 ], [ 104.301645839000059, 0.388057028000048 ], [ 104.291856181000071, 0.390972376000036 ] ] ], [ [ [ 104.344553258000076, 0.418896891000031 ], [ 104.344149176000087, 0.41977520100005 ], [ 104.345094839000069, 0.418756203000044 ], [ 104.344553258000076, 0.418896891000031 ] ] ], [ [ [ 104.342454, 0.421736 ], [ 104.34268, 0.421428 ], [ 104.342493, 0.421406 ], [ 104.342454, 0.421736 ] ] ], [ [ [ 104.339109561000043, 0.42909260700003 ], [ 104.339500561000079, 0.429436607000071 ], [ 104.339466561000052, 0.428913607000027 ], [ 104.339109561000043, 0.42909260700003 ] ] ], [ [ [ 104.37810991300006, -0.683147325999926 ], [ 104.377428839000061, -0.68375261999995 ], [ 104.377209203000064, -0.683382179999967 ], [ 104.37810991300006, -0.683147325999926 ] ] ], [ [ [ 104.360608368000044, -0.403636615999972 ], [ 104.361045125000032, -0.404566447999969 ], [ 104.360689382000032, -0.405006199999946 ], [ 104.360608368000044, -0.403636615999972 ] ] ], [ [ [ 104.36249924100008, -0.403781260999949 ], [ 104.36172541600007, -0.403737222999951 ], [ 104.361744162000036, -0.403504768999937 ], [ 104.36249924100008, -0.403781260999949 ] ] ], [ [ [ 104.362848817000042, -0.402455685999939 ], [ 104.363279355000088, -0.403153070999963 ], [ 104.362493091000033, -0.402556176999951 ], [ 104.362848817000042, -0.402455685999939 ] ] ], [ [ [ 104.37420155600006, -0.402539908999927 ], [ 104.37405521900007, -0.402144917999976 ], [ 104.374344323000059, -0.402355499999942 ], [ 104.37420155600006, -0.402539908999927 ] ] ], [ [ [ 104.355017102000033, -0.400080299999956 ], [ 104.355035841000074, -0.399822722999943 ], [ 104.355129432000069, -0.400080308999975 ], [ 104.355017102000033, -0.400080299999956 ] ] ], [ [ [ 104.353638125000032, -0.397743121999952 ], [ 104.353631909000057, -0.397485542999959 ], [ 104.35388774200004, -0.397711730999958 ], [ 104.353638125000032, -0.397743121999952 ] ] ], [ [ [ 104.365049129000056, -0.38844064999995 ], [ 104.364326514000084, -0.391702323999937 ], [ 104.361899178000044, -0.388931201999981 ], [ 104.365049129000056, -0.38844064999995 ] ] ], [ [ [ 104.384787226000071, -0.296250890999943 ], [ 104.383919838000054, -0.295415272999946 ], [ 104.38519911700007, -0.295880248999936 ], [ 104.384787226000071, -0.296250890999943 ] ] ], [ [ [ 104.380628454000032, -0.285534939999934 ], [ 104.383007915000064, -0.282524921999936 ], [ 104.388794060000066, -0.288416844999972 ], [ 104.380628454000032, -0.285534939999934 ] ] ], [ [ [ 104.380229819000078, -0.278517789999967 ], [ 104.380300390000059, -0.278258728999958 ], [ 104.38033213600005, -0.278508271999954 ], [ 104.380229819000078, -0.278517789999967 ] ] ], [ [ [ 104.380507502000057, -0.277677958999959 ], [ 104.380665499000088, -0.277623066999979 ], [ 104.380638016000034, -0.277730663999932 ], [ 104.380507502000057, -0.277677958999959 ] ] ], [ [ [ 104.378791199000034, -0.275499511999953 ], [ 104.38020772200008, -0.276881734999961 ], [ 104.376856572000065, -0.27703233099993 ], [ 104.378791199000034, -0.275499511999953 ] ] ], [ [ [ 104.351555477000034, 0.188464272000033 ], [ 104.363381702000083, 0.161346637000065 ], [ 104.376658176000035, 0.154049393000037 ], [ 104.374423945000046, 0.165824040000075 ], [ 104.387061690000053, 0.146857574000023 ], [ 104.386904195000056, 0.143752772000028 ], [ 104.381824442000038, 0.146921024000051 ], [ 104.37749431900005, 0.144138938000026 ], [ 104.379984914000033, 0.132175269000072 ], [ 104.347399091000057, 0.178929020000055 ], [ 104.351555477000034, 0.188464272000033 ] ] ], [ [ [ 104.383857130000081, 0.164012651000064 ], [ 104.384660256000075, 0.164152086000058 ], [ 104.384143130000041, 0.163417651000032 ], [ 104.383857130000081, 0.164012651000064 ] ] ], [ [ [ 104.370306268000036, 0.16531924100002 ], [ 104.37096226400007, 0.16563297700003 ], [ 104.370699865000063, 0.16505494200004 ], [ 104.370306268000036, 0.16531924100002 ] ] ], [ [ [ 104.386138870000082, 0.171125179000057 ], [ 104.382311228000049, 0.164235520000034 ], [ 104.380662228000062, 0.169217520000075 ], [ 104.386138870000082, 0.171125179000057 ] ] ], [ [ [ 104.368700495000041, 0.16968134900003 ], [ 104.368683631000067, 0.170146876000047 ], [ 104.369041217000074, 0.169707740000035 ], [ 104.368700495000041, 0.16968134900003 ] ] ], [ [ [ 104.367431816000078, 0.16947306000003 ], [ 104.366813156000035, 0.17046648500002 ], [ 104.367507340000088, 0.170190409000043 ], [ 104.367431816000078, 0.16947306000003 ] ] ], [ [ [ 104.381652665000047, 0.172035343000061 ], [ 104.381367443000045, 0.172421667000037 ], [ 104.381666942000038, 0.172377985000026 ], [ 104.381652665000047, 0.172035343000061 ] ] ], [ [ [ 104.382230874000072, 0.172056758000053 ], [ 104.382245151000063, 0.172634967000022 ], [ 104.382587793000084, 0.172392262000074 ], [ 104.382230874000072, 0.172056758000053 ] ] ], [ [ [ 104.379161369000087, 0.172963332000052 ], [ 104.379040017000079, 0.172663520000071 ], [ 104.378990048000048, 0.172934779000059 ], [ 104.379161369000087, 0.172963332000052 ] ] ], [ [ [ 104.363683018000074, 0.174442028000044 ], [ 104.365027270000041, 0.172785395000062 ], [ 104.36314199900005, 0.173735240000042 ], [ 104.363683018000074, 0.174442028000044 ] ] ], [ [ [ 104.384885381000061, 0.177648828000031 ], [ 104.384207234000087, 0.176435303000062 ], [ 104.383883427000058, 0.177312583000059 ], [ 104.384885381000061, 0.177648828000031 ] ] ], [ [ [ 104.368537351000043, 0.177772530000027 ], [ 104.368668416000048, 0.177237274000049 ], [ 104.368076829000074, 0.177109088000066 ], [ 104.368537351000043, 0.177772530000027 ] ] ], [ [ [ 104.385946335000085, 0.17804641500004 ], [ 104.384949626000036, 0.177984332000051 ], [ 104.385099532000083, 0.178969429000063 ], [ 104.385946335000085, 0.17804641500004 ] ] ], [ [ [ 104.383679088000065, 0.180790528000045 ], [ 104.384319369000082, 0.180521028000044 ], [ 104.383840106000036, 0.18020814700003 ], [ 104.383679088000065, 0.180790528000045 ] ] ], [ [ [ 104.377457741000057, 0.179872382000042 ], [ 104.378641386000083, 0.181350742000063 ], [ 104.379054949000079, 0.180761299000039 ], [ 104.377457741000057, 0.179872382000042 ] ] ], [ [ [ 104.357038152000086, 0.180812322000065 ], [ 104.356467080000073, 0.181457764000072 ], [ 104.357110797000075, 0.181112857000073 ], [ 104.357038152000086, 0.180812322000065 ] ] ], [ [ [ 104.382443799000043, 0.181338486000072 ], [ 104.383014504000073, 0.181661250000047 ], [ 104.383117421000065, 0.181561367000029 ], [ 104.382443799000043, 0.181338486000072 ] ] ], [ [ [ 104.380867048000084, 0.183278296000026 ], [ 104.38155600500005, 0.183084195000049 ], [ 104.381557878000081, 0.182976764000045 ], [ 104.380867048000084, 0.183278296000026 ] ] ], [ [ [ 104.362675, 0.189473 ], [ 104.369683010000074, 0.184568513000045 ], [ 104.366802, 0.177293 ], [ 104.362675, 0.189473 ] ] ], [ [ [ 104.375310394000053, 0.187631861000057 ], [ 104.375718525000082, 0.187320893000049 ], [ 104.375465787000053, 0.187298267000074 ], [ 104.375310394000053, 0.187631861000057 ] ] ], [ [ [ 104.368694230000074, 0.188651264000043 ], [ 104.369467437000083, 0.188036872000055 ], [ 104.368374114000062, 0.188104683000063 ], [ 104.368694230000074, 0.188651264000043 ] ] ], [ [ [ 104.377869977000046, 0.189203444000043 ], [ 104.376986747000046, 0.188595875000033 ], [ 104.377296090000073, 0.189841186000024 ], [ 104.377869977000046, 0.189203444000043 ] ] ], [ [ [ 104.376515983000047, 0.189403558000038 ], [ 104.376261326000076, 0.189735262000056 ], [ 104.376845474000049, 0.189593935000062 ], [ 104.376515983000047, 0.189403558000038 ] ] ], [ [ [ 104.366149834000055, 0.189487149000058 ], [ 104.366560357000083, 0.19044185100006 ], [ 104.366568, 0.189397 ], [ 104.366149834000055, 0.189487149000058 ] ] ], [ [ [ 104.372401013000058, 0.189889675000074 ], [ 104.372294295000074, 0.190061189000062 ], [ 104.372442194000087, 0.189985799000056 ], [ 104.372401013000058, 0.189889675000074 ] ] ], [ [ [ 104.370758337000041, 0.189745337000033 ], [ 104.369943096000043, 0.190634254000031 ], [ 104.371141002000059, 0.18994261000006 ], [ 104.370758337000041, 0.189745337000033 ] ] ], [ [ [ 104.372675177000076, 0.191317642000058 ], [ 104.372562, 0.190469 ], [ 104.371711495000056, 0.191317642000058 ], [ 104.372675177000076, 0.191317642000058 ] ] ], [ [ [ 104.368195993000086, 0.191674342000056 ], [ 104.369548565000059, 0.190710879000051 ], [ 104.368128027000068, 0.190696603000049 ], [ 104.368195993000086, 0.191674342000056 ] ] ], [ [ [ 104.372640639000053, 0.191623647000029 ], [ 104.372393438000074, 0.192109905000052 ], [ 104.37300377400004, 0.191670780000038 ], [ 104.372640639000053, 0.191623647000029 ] ] ], [ [ [ 104.372672386000033, 0.192200383000056 ], [ 104.372387804000084, 0.192598050000072 ], [ 104.372758490000081, 0.192515141000058 ], [ 104.372672386000033, 0.192200383000056 ] ] ], [ [ [ 104.369441079000069, 0.192307694000021 ], [ 104.368916855000066, 0.192833517000054 ], [ 104.369572112000071, 0.192665796000028 ], [ 104.369441079000069, 0.192307694000021 ] ] ], [ [ [ 104.370502396000063, 0.194672825000055 ], [ 104.370245414000067, 0.194073201000037 ], [ 104.370064575000072, 0.194301629000051 ], [ 104.370502396000063, 0.194672825000055 ] ] ], [ [ [ 104.380686668000067, 0.20143782100007 ], [ 104.38035153800007, 0.201824178000038 ], [ 104.380748437000079, 0.201745033000066 ], [ 104.380686668000067, 0.20143782100007 ] ] ], [ [ [ 104.379629148000049, 0.203006928000036 ], [ 104.379029769000056, 0.202890896000042 ], [ 104.379336789000035, 0.203250888000071 ], [ 104.379629148000049, 0.203006928000036 ] ] ], [ [ [ 104.374229294000088, 0.210736891000067 ], [ 104.383058462000065, 0.206833938000045 ], [ 104.387222342000086, 0.200787831000071 ], [ 104.374229294000088, 0.210736891000067 ] ] ], [ [ [ 104.374180731000081, 0.20804359400006 ], [ 104.375699064000059, 0.207252062000066 ], [ 104.373628469000039, 0.207412179000073 ], [ 104.374180731000081, 0.20804359400006 ] ] ], [ [ [ 104.359264721000045, 0.22468522500003 ], [ 104.370348095000054, 0.217007271000057 ], [ 104.373354890000087, 0.213729834000048 ], [ 104.359264721000045, 0.22468522500003 ] ] ], [ [ [ 104.380275330000075, 0.219754979000072 ], [ 104.380245971000079, 0.220339919000025 ], [ 104.380560866000053, 0.219921542000066 ], [ 104.380275330000075, 0.219754979000072 ] ] ], [ [ [ 104.380682175000061, 0.220317320000049 ], [ 104.380470628000069, 0.220334274000038 ], [ 104.380476239000075, 0.220468086000039 ], [ 104.380682175000061, 0.220317320000049 ] ] ], [ [ [ 104.377411496000036, 0.221517762000076 ], [ 104.376949061000062, 0.221962545000054 ], [ 104.37692097200005, 0.222128399000042 ], [ 104.377411496000036, 0.221517762000076 ] ] ], [ [ [ 104.355748752000068, 0.226907170000061 ], [ 104.35802534000004, 0.225237402000062 ], [ 104.355226429000083, 0.226901497000028 ], [ 104.355748752000068, 0.226907170000061 ] ] ], [ [ [ 104.384605934000035, 0.226493798000035 ], [ 104.384237090000056, 0.227159101000041 ], [ 104.38440932900005, 0.227187379000043 ], [ 104.384605934000035, 0.226493798000035 ] ] ], [ [ [ 104.354715535000082, 0.236489229000028 ], [ 104.354967951000049, 0.236698861000036 ], [ 104.355007881000063, 0.236484951000023 ], [ 104.354715535000082, 0.236489229000028 ] ] ], [ [ [ 104.361777049000068, 0.260624525000026 ], [ 104.365974436000045, 0.259855764000065 ], [ 104.363256285000034, 0.255829824000045 ], [ 104.361777049000068, 0.260624525000026 ] ] ], [ [ [ 104.37232283600008, 0.268111826000052 ], [ 104.377250724000078, 0.260088722000035 ], [ 104.372505064000052, 0.25540866700004 ], [ 104.37232283600008, 0.268111826000052 ] ] ], [ [ [ 104.353778532000035, 0.274659748000033 ], [ 104.364886251000087, 0.269043817000068 ], [ 104.366195316000073, 0.26045324100005 ], [ 104.352882051000051, 0.269633110000029 ], [ 104.353778532000035, 0.274659748000033 ] ] ], [ [ [ 104.382958138000049, 0.284961751000026 ], [ 104.386627549000082, 0.285174922000067 ], [ 104.385270305000063, 0.28375752200003 ], [ 104.382958138000049, 0.284961751000026 ] ] ], [ [ [ 104.384639990000039, 0.298100661000035 ], [ 104.383282715000064, 0.297535161000042 ], [ 104.38362339300005, 0.298402169000042 ], [ 104.384639990000039, 0.298100661000035 ] ] ], [ [ [ 104.327650487000085, 0.327996344000042 ], [ 104.340327694000052, 0.313439539000058 ], [ 104.372422646000075, 0.301164311000036 ], [ 104.368643158000054, 0.294395983000072 ], [ 104.377528420000033, 0.293753794000054 ], [ 104.381032625000046, 0.284163540000065 ], [ 104.389877173000059, 0.281805822000024 ], [ 104.375364302000037, 0.283681194000053 ], [ 104.386344974000053, 0.274001043000055 ], [ 104.354640945000085, 0.278996628000073 ], [ 104.355431197000087, 0.289544160000048 ], [ 104.352194160000067, 0.291264739000042 ], [ 104.350688716000036, 0.288692690000062 ], [ 104.340667832000065, 0.302795078000031 ], [ 104.325940514000081, 0.309099802000048 ], [ 104.327650487000085, 0.327996344000042 ] ] ], [ [ [ 104.377753927000072, 0.303036418000033 ], [ 104.378163984000082, 0.302060150000045 ], [ 104.377808274000074, 0.302139289000024 ], [ 104.377753927000072, 0.303036418000033 ] ] ], [ [ [ 104.378744270000084, 0.303613207000069 ], [ 104.378115223000066, 0.303665949000049 ], [ 104.378802285000063, 0.303931738000074 ], [ 104.378744270000084, 0.303613207000069 ] ] ], [ [ [ 104.37872175800004, 0.304406689000075 ], [ 104.378491477000068, 0.304512216000035 ], [ 104.37864122700006, 0.304798709000067 ], [ 104.37872175800004, 0.304406689000075 ] ] ], [ [ [ 104.367904357000043, 0.306183364000049 ], [ 104.369136358000048, 0.303003869000065 ], [ 104.366230763000033, 0.304334334000032 ], [ 104.367904357000043, 0.306183364000049 ] ] ], [ [ [ 104.367147988000056, 0.306435882000073 ], [ 104.366567604000068, 0.306829748000041 ], [ 104.367269670000042, 0.306663935000074 ], [ 104.367147988000056, 0.306435882000073 ] ] ], [ [ [ 104.376886827000078, 0.308170411000049 ], [ 104.377856725000072, 0.306112327000051 ], [ 104.377025552000077, 0.305015357000059 ], [ 104.376886827000078, 0.308170411000049 ] ] ], [ [ [ 104.376840107000078, 0.306775704000074 ], [ 104.376658482000039, 0.307126255000071 ], [ 104.376883138000039, 0.307173384000066 ], [ 104.376840107000078, 0.306775704000074 ] ] ], [ [ [ 104.370605688000069, 0.309323501000051 ], [ 104.376212763000069, 0.309693250000066 ], [ 104.373777333000078, 0.305469396000035 ], [ 104.370605688000069, 0.309323501000051 ] ] ], [ [ [ 104.332111008000084, 0.37595955200004 ], [ 104.371208704000082, 0.355661922000024 ], [ 104.372505364000062, 0.350613464000048 ], [ 104.364541067000062, 0.35254289300002 ], [ 104.371080917000086, 0.346551755000064 ], [ 104.424068964000071, 0.327218858000037 ], [ 104.422530547000065, 0.318185111000048 ], [ 104.433897087000048, 0.307557559000031 ], [ 104.397401663000039, 0.315715171000022 ], [ 104.41067664500008, 0.309213112000066 ], [ 104.413739951000082, 0.301008935000027 ], [ 104.420665684000085, 0.298393150000038 ], [ 104.400132151000037, 0.291531537000026 ], [ 104.398693993000052, 0.29787553500006 ], [ 104.392772888000081, 0.287982162000048 ], [ 104.390223695000088, 0.309796662000053 ], [ 104.382683325000073, 0.296836161000044 ], [ 104.378837726000086, 0.300950330000035 ], [ 104.38069319300007, 0.303426730000069 ], [ 104.37820626000007, 0.315605807000054 ], [ 104.375899638000078, 0.317658154000071 ], [ 104.370436709000046, 0.310192620000066 ], [ 104.351237551000054, 0.316695672000037 ], [ 104.338114128000086, 0.340519709000034 ], [ 104.345596704000059, 0.346338388000049 ], [ 104.358440591000033, 0.339287117000026 ], [ 104.360589766000032, 0.340203243000076 ], [ 104.360344404000045, 0.341820332000054 ], [ 104.331932584000072, 0.362841990000049 ], [ 104.332111008000084, 0.37595955200004 ] ] ], [ [ [ 104.35945137300007, 0.342021942000031 ], [ 104.358150294000041, 0.341090792000045 ], [ 104.358088414000065, 0.342575963000058 ], [ 104.35945137300007, 0.342021942000031 ] ] ], [ [ [ 104.37481200600007, 0.349583086000052 ], [ 104.374593491000041, 0.348519860000067 ], [ 104.374166932000037, 0.349510881000072 ], [ 104.37481200600007, 0.349583086000052 ] ] ], [ [ [ 104.369560340000078, 0.392684938000059 ], [ 104.372883404000049, 0.393120562000036 ], [ 104.372771355000054, 0.389330339000026 ], [ 104.369560340000078, 0.392684938000059 ] ] ], [ [ [ 104.363312160000078, 0.402513378000037 ], [ 104.366258852000044, 0.403765073000045 ], [ 104.36607183600006, 0.401309238000067 ], [ 104.363312160000078, 0.402513378000037 ] ] ], [ [ [ 104.384096875000068, 0.45481834900005 ], [ 104.392484829000068, 0.449505730000055 ], [ 104.390153884000085, 0.447487213000045 ], [ 104.389455948000034, 0.44277905000007 ], [ 104.386192839000046, 0.44139160800006 ], [ 104.386608630000069, 0.439376842000058 ], [ 104.380473838000057, 0.43550317100005 ], [ 104.376752917000033, 0.445757766000042 ], [ 104.384096875000068, 0.45481834900005 ] ] ], [ [ [ 104.374066021000033, 0.446836436000069 ], [ 104.373251607000043, 0.447011647000068 ], [ 104.373901228000079, 0.447245421000048 ], [ 104.374066021000033, 0.446836436000069 ] ] ], [ [ [ 104.369535325000072, 0.446973638000031 ], [ 104.369134687000042, 0.446905753000067 ], [ 104.369514716000083, 0.447116875000063 ], [ 104.369535325000072, 0.446973638000031 ] ] ], [ [ [ 104.375973791000035, 0.449353790000032 ], [ 104.377117726000051, 0.448931703000028 ], [ 104.376073059000078, 0.448788375000049 ], [ 104.375973791000035, 0.449353790000032 ] ] ], [ [ [ 104.369656745000043, 0.450187129000028 ], [ 104.37120701200007, 0.449028147000035 ], [ 104.369696197000053, 0.44860017700006 ], [ 104.369656745000043, 0.450187129000028 ] ] ], [ [ [ 104.376194116000079, 0.453640548000067 ], [ 104.373252808000075, 0.45482578900004 ], [ 104.373866791000069, 0.455869992000032 ], [ 104.376194116000079, 0.453640548000067 ] ] ], [ [ [ 104.366121539000062, 0.456167107000056 ], [ 104.370846799000049, 0.457756357000051 ], [ 104.366878350000036, 0.451050100000032 ], [ 104.366121539000062, 0.456167107000056 ] ] ], [ [ [ 104.381650843000045, 0.46169453400006 ], [ 104.38213206000006, 0.461002876000066 ], [ 104.381574191000084, 0.460533526000063 ], [ 104.381650843000045, 0.46169453400006 ] ] ], [ [ [ 104.371554681000077, 0.474106701000039 ], [ 104.360895223000057, 0.465549012000054 ], [ 104.359183850000079, 0.467801114000054 ], [ 104.371554681000077, 0.474106701000039 ] ] ], [ [ [ 104.381027798000048, 0.478559180000047 ], [ 104.380316546000074, 0.476493429000072 ], [ 104.379698647000055, 0.477343399000063 ], [ 104.381027798000048, 0.478559180000047 ] ] ], [ [ [ 104.386308243000087, 0.496993405000069 ], [ 104.394225057000085, 0.487889497000026 ], [ 104.382832098000051, 0.478235469000026 ], [ 104.377812754000047, 0.480646964000073 ], [ 104.369465958000035, 0.480308061000073 ], [ 104.384197166000035, 0.487276493000024 ], [ 104.386308243000087, 0.496993405000069 ] ] ], [ [ [ 104.357577039000034, 0.493050777000064 ], [ 104.359438014000034, 0.492719247000025 ], [ 104.358655524000085, 0.491959619000056 ], [ 104.357577039000034, 0.493050777000064 ] ] ], [ [ [ 104.356466485000055, 0.496497851000072 ], [ 104.358426759000054, 0.495561335000048 ], [ 104.356350596000084, 0.49462253300004 ], [ 104.356466485000055, 0.496497851000072 ] ] ], [ [ [ 104.355897034000066, 0.499792325000044 ], [ 104.357879837000041, 0.498207446000038 ], [ 104.356389628000045, 0.497549522000043 ], [ 104.355897034000066, 0.499792325000044 ] ] ], [ [ [ 104.400479765000057, -0.857531423999944 ], [ 104.409743534000086, -0.860328764999963 ], [ 104.40422366100006, -0.864232032999951 ], [ 104.400479765000057, -0.857531423999944 ] ] ], [ [ [ 104.392204288000073, -0.667212978999942 ], [ 104.391896669000062, -0.667787908999969 ], [ 104.391734715000041, -0.667295843999966 ], [ 104.392204288000073, -0.667212978999942 ] ] ], [ [ [ 104.390441434000081, -0.666734527999949 ], [ 104.390682925000078, -0.668003369999951 ], [ 104.390029423000044, -0.667613525999968 ], [ 104.390441434000081, -0.666734527999949 ] ] ], [ [ [ 104.391600474000086, -0.664769257999978 ], [ 104.391334028000074, -0.665465827999981 ], [ 104.390666815000088, -0.664973707999934 ], [ 104.391600474000086, -0.664769257999978 ] ] ], [ [ [ 104.396496571000057, -0.664675884999951 ], [ 104.396249372000057, -0.665176186999929 ], [ 104.396073695000041, -0.664603955999951 ], [ 104.396496571000057, -0.664675884999951 ] ] ], [ [ [ 104.392915884000047, -0.664056234999975 ], [ 104.393909760000042, -0.665430212999979 ], [ 104.392539529000032, -0.665336055999944 ], [ 104.392915884000047, -0.664056234999975 ] ] ], [ [ [ 104.40116062900006, -0.633457674999931 ], [ 104.401037849000033, -0.633192126999973 ], [ 104.401360503000035, -0.633414844999947 ], [ 104.40116062900006, -0.633457674999931 ] ] ], [ [ [ 104.402329460000033, -0.628088301999981 ], [ 104.402044911000075, -0.628718521999929 ], [ 104.401660236000055, -0.62799014899997 ], [ 104.402329460000033, -0.628088301999981 ] ] ], [ [ [ 104.388722133000044, -0.405849547999935 ], [ 104.387336536000078, -0.408374997999942 ], [ 104.387355500000069, -0.405126948999964 ], [ 104.388722133000044, -0.405849547999935 ] ] ], [ [ [ 104.386960711000086, -0.404236588999936 ], [ 104.38672977300007, -0.404653735999943 ], [ 104.386513866000087, -0.404389851999952 ], [ 104.386960711000086, -0.404236588999936 ] ] ], [ [ [ 104.387833567000087, -0.390155033999974 ], [ 104.38855772800008, -0.390339249999954 ], [ 104.388360807000083, -0.390682273999971 ], [ 104.387833567000087, -0.390155033999974 ] ] ], [ [ [ 104.418547491000083, -0.357842268999946 ], [ 104.418923446000065, -0.357359237999958 ], [ 104.41927, -0.358037 ], [ 104.418547491000083, -0.357842268999946 ] ] ], [ [ [ 104.414828058000069, -0.353607956999952 ], [ 104.414316313000086, -0.353934614999957 ], [ 104.413935650000042, -0.353614187999938 ], [ 104.414828058000069, -0.353607956999952 ] ] ], [ [ [ 104.417180803000065, -0.352979857999969 ], [ 104.416581706000045, -0.352935842999955 ], [ 104.417236977000073, -0.352835364999976 ], [ 104.417180803000065, -0.352979857999969 ] ] ], [ [ [ 104.395008482000037, -0.309262515999933 ], [ 104.39474634700008, -0.309777670999949 ], [ 104.394559138000034, -0.309714830999951 ], [ 104.395008482000037, -0.309262515999933 ] ] ], [ [ [ 104.397423591000063, -0.308898266999961 ], [ 104.397024208000062, -0.308602965999967 ], [ 104.397635774000037, -0.308804047999956 ], [ 104.397423591000063, -0.308898266999961 ] ] ], [ [ [ 104.394381512000052, -0.308743093999965 ], [ 104.394227452000052, -0.308215985999936 ], [ 104.394647644000088, -0.30860797899993 ], [ 104.394381512000052, -0.308743093999965 ] ] ], [ [ [ 104.395208292000063, -0.30722699699993 ], [ 104.394896237000069, -0.307767271999978 ], [ 104.394709036000052, -0.307390316999943 ], [ 104.395208292000063, -0.30722699699993 ] ] ], [ [ [ 104.391432844000065, -0.305876048999949 ], [ 104.390783781000039, -0.306761837999943 ], [ 104.390602864000073, -0.305712652999944 ], [ 104.391432844000065, -0.305876048999949 ] ] ], [ [ [ 104.388587383000072, -0.302068687999963 ], [ 104.38875583500004, -0.302759776999949 ], [ 104.388643509000076, -0.302759766999941 ], [ 104.388587383000072, -0.302068687999963 ] ] ], [ [ [ 104.386359650000088, -0.299618392999946 ], [ 104.386103774000048, -0.299919934999934 ], [ 104.385779275000061, -0.299624638999944 ], [ 104.386359650000088, -0.299618392999946 ] ] ], [ [ [ 104.38597289900008, -0.296634187999928 ], [ 104.38593551200006, -0.295723219999957 ], [ 104.38664069400005, -0.295635305999951 ], [ 104.38597289900008, -0.296634187999928 ] ] ], [ [ [ 104.388238268000066, -0.295484620999957 ], [ 104.387314658000037, -0.295855234999976 ], [ 104.38728971900008, -0.295384040999977 ], [ 104.388238268000066, -0.295484620999957 ] ] ], [ [ [ 104.392833289000066, -0.285792089999973 ], [ 104.39471306300004, -0.286981343999969 ], [ 104.393498646000069, -0.287237135999931 ], [ 104.392833289000066, -0.285792089999973 ] ] ], [ [ [ 104.416177885000081, -0.281168254999955 ], [ 104.416932978000034, -0.28146985199993 ], [ 104.416127950000032, -0.281306469999947 ], [ 104.416177885000081, -0.281168254999955 ] ] ], [ [ [ 104.403803126000071, -0.276688192999927 ], [ 104.405344500000069, -0.277278828999954 ], [ 104.403590887000064, -0.277913274999946 ], [ 104.403803126000071, -0.276688192999927 ] ] ], [ [ [ 104.412695560000088, 0.076570656000058 ], [ 104.412412866000068, 0.077488527000071 ], [ 104.412734862000036, 0.077497960000073 ], [ 104.412695560000088, 0.076570656000058 ] ] ], [ [ [ 104.39209383900004, 0.103564024000036 ], [ 104.391930251000076, 0.103787098000055 ], [ 104.392171766000047, 0.103776390000064 ], [ 104.39209383900004, 0.103564024000036 ] ] ], [ [ [ 104.397624498000084, 0.118266236000068 ], [ 104.398390231000064, 0.117237178000039 ], [ 104.397789275000036, 0.117223974000069 ], [ 104.397624498000084, 0.118266236000068 ] ] ], [ [ [ 104.411581674000047, 0.120252443000027 ], [ 104.413666082000077, 0.120024014000023 ], [ 104.411904479000043, 0.119062073000066 ], [ 104.411581674000047, 0.120252443000027 ] ] ], [ [ [ 104.377812671000072, 0.143822966000073 ], [ 104.391847287000076, 0.134295049000059 ], [ 104.386626750000062, 0.129148274000045 ], [ 104.395789102000037, 0.128309277000028 ], [ 104.39533309400008, 0.113878484000054 ], [ 104.377812671000072, 0.143822966000073 ] ] ], [ [ [ 104.397961639000073, 0.158849561000068 ], [ 104.397783180000033, 0.157897776000027 ], [ 104.397342980000076, 0.158599717000072 ], [ 104.397961639000073, 0.158849561000068 ] ] ], [ [ [ 104.388232776000052, 0.160260115000028 ], [ 104.387903298000083, 0.159803994000072 ], [ 104.387708587000077, 0.160015086000044 ], [ 104.388232776000052, 0.160260115000028 ] ] ], [ [ [ 104.386544043000072, 0.162574532000065 ], [ 104.388124133000076, 0.162318258000028 ], [ 104.386903523000058, 0.161575633000041 ], [ 104.386544043000072, 0.162574532000065 ] ] ], [ [ [ 104.38893287500008, 0.162985479000042 ], [ 104.389078915000084, 0.162604772000066 ], [ 104.388996539000061, 0.162570844000072 ], [ 104.38893287500008, 0.162985479000042 ] ] ], [ [ [ 104.398824343000058, 0.162922899000023 ], [ 104.398492, 0.163222 ], [ 104.398817204000068, 0.163179881000076 ], [ 104.398824343000058, 0.162922899000023 ] ] ], [ [ [ 104.402794473000085, 0.164652767000064 ], [ 104.403987824000069, 0.163460634000046 ], [ 104.402116327000044, 0.163611753000055 ], [ 104.402794473000085, 0.164652767000064 ] ] ], [ [ [ 104.390014951000069, 0.163841190000028 ], [ 104.390299472000038, 0.165096442000049 ], [ 104.390561575000049, 0.165088914000023 ], [ 104.390014951000069, 0.163841190000028 ] ] ], [ [ [ 104.401601174000064, 0.164821709000023 ], [ 104.399602426000058, 0.163786644000027 ], [ 104.401601174000064, 0.165364226000065 ], [ 104.401601174000064, 0.164821709000023 ] ] ], [ [ [ 104.386355669000068, 0.165984373000072 ], [ 104.385889295000084, 0.166307980000056 ], [ 104.386127241000054, 0.16641267600005 ], [ 104.386355669000068, 0.165984373000072 ] ] ], [ [ [ 104.38674590100004, 0.166274667000039 ], [ 104.386936258000048, 0.166431712000076 ], [ 104.38695053500004, 0.166184248000036 ], [ 104.38674590100004, 0.166274667000039 ] ] ], [ [ [ 104.401498857000036, 0.166166105000059 ], [ 104.401024506000056, 0.166738765000048 ], [ 104.401344192000067, 0.166915635000066 ], [ 104.401498857000036, 0.166166105000059 ] ] ], [ [ [ 104.414728660000037, 0.166835923000065 ], [ 104.414852392000057, 0.167245190000074 ], [ 104.415299731000061, 0.167150012000036 ], [ 104.414728660000037, 0.166835923000065 ] ] ], [ [ [ 104.420384847000037, 0.164023042000053 ], [ 104.41958737300007, 0.163024095000026 ], [ 104.416839026000048, 0.164218949000031 ], [ 104.41572803400004, 0.168339742000057 ], [ 104.410607433000052, 0.174716698000054 ], [ 104.420384847000037, 0.164023042000053 ] ] ], [ [ [ 104.399225731000058, 0.168983077000064 ], [ 104.400071905000061, 0.169948101000045 ], [ 104.400442612000063, 0.169186672000023 ], [ 104.399225731000058, 0.168983077000064 ] ] ], [ [ [ 104.397608150000053, 0.170566222000048 ], [ 104.398559214000045, 0.169974437000064 ], [ 104.397911467000085, 0.169605008000076 ], [ 104.397608150000053, 0.170566222000048 ] ] ], [ [ [ 104.406912614000078, 0.173499182000057 ], [ 104.406459530000063, 0.174434016000021 ], [ 104.406646740000042, 0.174505637000038 ], [ 104.406912614000078, 0.173499182000057 ] ] ], [ [ [ 104.407684497000048, 0.175461655000049 ], [ 104.408225534000053, 0.174685146000058 ], [ 104.40753606700008, 0.174794019000046 ], [ 104.407684497000048, 0.175461655000049 ] ] ], [ [ [ 104.410016470000073, 0.178772835000075 ], [ 104.404834255000083, 0.182112454000048 ], [ 104.405296477000036, 0.183200666000062 ], [ 104.410016470000073, 0.178772835000075 ] ] ], [ [ [ 104.40262884200007, 0.183028371000034 ], [ 104.405167576000053, 0.179888449000032 ], [ 104.402868749000049, 0.178155616000026 ], [ 104.40262884200007, 0.183028371000034 ] ] ], [ [ [ 104.400202573000058, 0.182074603000046 ], [ 104.400363606000042, 0.181022915000028 ], [ 104.39961848300004, 0.181494075000046 ], [ 104.400202573000058, 0.182074603000046 ] ] ], [ [ [ 104.398611207000044, 0.183186556000067 ], [ 104.398701084000038, 0.182775679000031 ], [ 104.398502627000084, 0.183133773000066 ], [ 104.398611207000044, 0.183186556000067 ] ] ], [ [ [ 104.401374471000054, 0.183842543000026 ], [ 104.400745445000041, 0.183401489000062 ], [ 104.400767873000063, 0.184532342000068 ], [ 104.401374471000054, 0.183842543000026 ] ] ], [ [ [ 104.401009276000082, 0.187615803000028 ], [ 104.401604628000086, 0.187334992000046 ], [ 104.401102900000069, 0.18720681800005 ], [ 104.401009276000082, 0.187615803000028 ] ] ], [ [ [ 104.398825632000069, 0.189935697000067 ], [ 104.398708, 0.189426 ], [ 104.398479421000047, 0.190016718000038 ], [ 104.398825632000069, 0.189935697000067 ] ] ], [ [ [ 104.39293639400006, 0.193258465000042 ], [ 104.394698098000049, 0.192891002000067 ], [ 104.393602912000063, 0.192346272000066 ], [ 104.39293639400006, 0.193258465000042 ] ] ], [ [ [ 104.390395710000064, 0.198482899000055 ], [ 104.38931737300004, 0.197994712000025 ], [ 104.388916685000083, 0.199168890000067 ], [ 104.390395710000064, 0.198482899000055 ] ] ], [ [ [ 104.388581575000046, 0.199231074000068 ], [ 104.388218358000074, 0.199736181000048 ], [ 104.388731327000073, 0.199608032000071 ], [ 104.388581575000046, 0.199231074000068 ] ] ], [ [ [ 104.391014824000081, 0.213287627000057 ], [ 104.39369576200005, 0.212575298000047 ], [ 104.394665717000066, 0.207904924000047 ], [ 104.391014824000081, 0.213287627000057 ] ] ], [ [ [ 104.410092594000048, 0.218174779000037 ], [ 104.414461285000073, 0.210960254000042 ], [ 104.406989777000035, 0.212454555000022 ], [ 104.410092594000048, 0.218174779000037 ] ] ], [ [ [ 104.385130621000087, 0.218224986000052 ], [ 104.388865378000048, 0.218817394000041 ], [ 104.389782861000072, 0.215681215000075 ], [ 104.385130621000087, 0.218224986000052 ] ] ], [ [ [ 104.404876565000052, 0.273416781000037 ], [ 104.411352882000074, 0.266994245000035 ], [ 104.410669265000081, 0.264509357000065 ], [ 104.402429806000043, 0.268800069000065 ], [ 104.404876565000052, 0.273416781000037 ] ] ], [ [ [ 104.390850395000086, 0.274421398000072 ], [ 104.398549779000064, 0.276785494000023 ], [ 104.401684406000072, 0.268431148000047 ], [ 104.390850395000086, 0.274421398000072 ] ] ], [ [ [ 104.389611668000043, 0.278132029000062 ], [ 104.389976880000063, 0.275352037000062 ], [ 104.388319922000051, 0.276573274000043 ], [ 104.389611668000043, 0.278132029000062 ] ] ], [ [ [ 104.412676431000079, 0.280082721000042 ], [ 104.416976075000036, 0.277868044000058 ], [ 104.413543121000032, 0.27646674500005 ], [ 104.412676431000079, 0.280082721000042 ] ] ], [ [ [ 104.391670948000069, 0.279157439000073 ], [ 104.394529723000062, 0.279272555000034 ], [ 104.39444369000006, 0.277672393000046 ], [ 104.391670948000069, 0.279157439000073 ] ] ], [ [ [ 104.403003113000068, 0.283297694000055 ], [ 104.408529248000036, 0.283955005000053 ], [ 104.409211859000038, 0.281833560000052 ], [ 104.403003113000068, 0.283297694000055 ] ] ], [ [ [ 104.402682295000034, 0.283432244000039 ], [ 104.402749977000042, 0.282238520000021 ], [ 104.401946341000041, 0.282608951000043 ], [ 104.402682295000034, 0.283432244000039 ] ] ], [ [ [ 104.401030824000088, 0.288423974000068 ], [ 104.40124770500006, 0.284333602000061 ], [ 104.396904385000084, 0.28588114400003 ], [ 104.401030824000088, 0.288423974000068 ] ] ], [ [ [ 104.395646125000042, 0.289126618000068 ], [ 104.394513817000075, 0.289623680000034 ], [ 104.394704087000036, 0.28975351400004 ], [ 104.395646125000042, 0.289126618000068 ] ] ], [ [ [ 104.401365579000071, 0.28924913700007 ], [ 104.408797876000051, 0.289595941000073 ], [ 104.40740633200005, 0.285305412000071 ], [ 104.401365579000071, 0.28924913700007 ] ] ], [ [ [ 104.414580085000068, 0.295474651000063 ], [ 104.425552257000049, 0.295502142000032 ], [ 104.412185825000051, 0.287977568000031 ], [ 104.414580085000068, 0.295474651000063 ] ] ], [ [ [ 104.408229978000065, 0.29311218600003 ], [ 104.410511847000066, 0.29308222700007 ], [ 104.410565382000073, 0.291809341000032 ], [ 104.408229978000065, 0.29311218600003 ] ] ], [ [ [ 104.412798015000078, 0.305501994000053 ], [ 104.414823710000064, 0.305200547000027 ], [ 104.412710094000033, 0.304144964000045 ], [ 104.412798015000078, 0.305501994000053 ] ] ], [ [ [ 104.40865834300007, 0.424271266000062 ], [ 104.409809567000082, 0.426534944000025 ], [ 104.411517109000044, 0.425164864000067 ], [ 104.40865834300007, 0.424271266000062 ] ] ], [ [ [ 104.402151816000071, 0.432967014000042 ], [ 104.402279276000058, 0.43107472600002 ], [ 104.399661881000043, 0.432035746000054 ], [ 104.402151816000071, 0.432967014000042 ] ] ], [ [ [ 104.402030001000071, 0.440508084000044 ], [ 104.401833440000075, 0.440274362000025 ], [ 104.401782876000084, 0.440462830000058 ], [ 104.402030001000071, 0.440508084000044 ] ] ], [ [ [ 104.417871189000039, 0.452175244000045 ], [ 104.414339080000047, 0.442967927000041 ], [ 104.399256859000047, 0.440868988000034 ], [ 104.396463856000082, 0.435953317000042 ], [ 104.39019920700008, 0.440853159000028 ], [ 104.394049731000052, 0.447887364000053 ], [ 104.40762880300008, 0.447174160000031 ], [ 104.417871189000039, 0.452175244000045 ] ] ], [ [ [ 104.391670669000064, 0.446556021000049 ], [ 104.391672580000034, 0.446139494000022 ], [ 104.391404850000072, 0.446292136000068 ], [ 104.391670669000064, 0.446556021000049 ] ] ], [ [ [ 104.391470292000065, 0.44725148200007 ], [ 104.390745732000084, 0.44753036100002 ], [ 104.391678069000079, 0.447694412000033 ], [ 104.391470292000065, 0.44725148200007 ] ] ], [ [ [ 104.393890944000077, 0.448344835000057 ], [ 104.394244810000032, 0.448069697000051 ], [ 104.393546486000048, 0.447992357000032 ], [ 104.393890944000077, 0.448344835000057 ] ] ], [ [ [ 104.396967804000042, 0.450718041000073 ], [ 104.409088115000088, 0.454126672000029 ], [ 104.408972273000074, 0.451301421000039 ], [ 104.396967804000042, 0.450718041000073 ] ] ], [ [ [ 104.391792097000064, 0.462963554000055 ], [ 104.394735780000076, 0.457591346000072 ], [ 104.389694593000058, 0.458354274000044 ], [ 104.389626914000075, 0.461218794000047 ], [ 104.390835633000052, 0.461218794000047 ], [ 104.391792097000064, 0.462963554000055 ] ] ], [ [ [ 104.395626630000038, 0.462436804000049 ], [ 104.394993474000046, 0.463128382000036 ], [ 104.395748391000041, 0.462826426000049 ], [ 104.395626630000038, 0.462436804000049 ] ] ], [ [ [ 104.390877668000087, 0.461645028000021 ], [ 104.388285512000039, 0.461932692000062 ], [ 104.389959263000037, 0.464562366000052 ], [ 104.390877668000087, 0.461645028000021 ] ] ], [ [ [ 104.391918984000085, 0.463360306000027 ], [ 104.392785991000039, 0.46372563500006 ], [ 104.392192984000076, 0.463177306000034 ], [ 104.391918984000085, 0.463360306000027 ] ] ], [ [ [ 104.391327706000084, 0.46344487500005 ], [ 104.391672706000065, 0.463924875000032 ], [ 104.39176470600006, 0.463479875000075 ], [ 104.391327706000084, 0.46344487500005 ] ] ], [ [ [ 104.406663133000052, 0.476024322000058 ], [ 104.424894780000045, 0.465482836000035 ], [ 104.426519536000058, 0.45922329900003 ], [ 104.401258172000041, 0.462640610000051 ], [ 104.396737853000047, 0.473358677000022 ], [ 104.406663133000052, 0.476024322000058 ] ] ], [ [ [ 104.408990448000054, 0.505353674000048 ], [ 104.416865545000064, 0.505503518000069 ], [ 104.414662362000058, 0.494458189000056 ], [ 104.408990448000054, 0.505353674000048 ] ] ], [ [ [ 104.429560956000046, -0.591617490999965 ], [ 104.428065246000074, -0.592137593999951 ], [ 104.42843785000008, -0.590675224999927 ], [ 104.429560956000046, -0.591617490999965 ] ] ], [ [ [ 104.479416323000066, -0.336243463999949 ], [ 104.487048641000058, -0.353333565999947 ], [ 104.538041320000048, -0.370978518999948 ], [ 104.540580799000054, -0.392532270999936 ], [ 104.571539332000043, -0.44311382199993 ], [ 104.601316313000041, -0.467972479999958 ], [ 104.590531, -0.494663560999925 ], [ 104.577264176000085, -0.493555128999958 ], [ 104.56320601300007, -0.502210497999954 ], [ 104.535056620000034, -0.538428407999959 ], [ 104.508568449000052, -0.59455541899996 ], [ 104.504498448000049, -0.643627785999968 ], [ 104.478176212000051, -0.639419200999953 ], [ 104.46840191800004, -0.624844622999944 ], [ 104.456045320000044, -0.621321592999948 ], [ 104.429290507000076, -0.57519614499995 ], [ 104.425246918000084, -0.590562555999952 ], [ 104.396778108000035, -0.602992989999962 ], [ 104.395847203000073, -0.629314891999968 ], [ 104.383116596000036, -0.655098707999969 ], [ 104.389302595000061, -0.667742453999949 ], [ 104.358709624000085, -0.682879391999961 ], [ 104.341226892000066, -0.656022137999969 ], [ 104.343525439000075, -0.618309220999947 ], [ 104.317279830000075, -0.542952526999954 ], [ 104.325329251000085, -0.531539798999972 ], [ 104.32210129200007, -0.520529393999936 ], [ 104.318573840000056, -0.536589351999964 ], [ 104.306777232000059, -0.539700567999944 ], [ 104.244143516000065, -0.48531432599998 ], [ 104.252487366000082, -0.487765602999957 ], [ 104.250316878000035, -0.476758747999952 ], [ 104.260152108000057, -0.474548444999925 ], [ 104.258149940000067, -0.457271092999974 ], [ 104.269416192000051, -0.44220951099993 ], [ 104.26572660000005, -0.429652499999975 ], [ 104.275252193000085, -0.420587689999934 ], [ 104.277280932000053, -0.39602644699994 ], [ 104.312809475000051, -0.389149252999971 ], [ 104.324681598000041, -0.339646548999951 ], [ 104.327557576000061, -0.36220038099998 ], [ 104.337757096000075, -0.388520917999926 ], [ 104.323160912000048, -0.397551938999925 ], [ 104.31057663100006, -0.417439443999967 ], [ 104.322813451000059, -0.423140171999933 ], [ 104.324520117000077, -0.440516940999942 ], [ 104.330042201000083, -0.436650092999969 ], [ 104.327471838000065, -0.441227129999959 ], [ 104.338371328000051, -0.439055276999966 ], [ 104.342169556000044, -0.445525692999979 ], [ 104.349701602000039, -0.430938472999969 ], [ 104.337403325000082, -0.417345363999971 ], [ 104.346217917000047, -0.409574624999948 ], [ 104.340455616000042, -0.39444907099994 ], [ 104.346834026000067, -0.392399359999956 ], [ 104.346990023000046, -0.387136828999928 ], [ 104.354022775000033, -0.401592406999953 ], [ 104.363027806000048, -0.407892387999937 ], [ 104.374714568000059, -0.403724403999945 ], [ 104.385418593000054, -0.413309645999959 ], [ 104.402488807000054, -0.407220162999977 ], [ 104.422251003000042, -0.391303200999971 ], [ 104.427112618000081, -0.396931065999979 ], [ 104.42220341400008, -0.390741648999949 ], [ 104.43230316000006, -0.372962641999948 ], [ 104.424924328000088, -0.363956769999959 ], [ 104.433539687000064, -0.357976526999948 ], [ 104.439755003000073, -0.34016631999998 ], [ 104.448037359000068, -0.337879963999967 ], [ 104.448954290000074, -0.341299486999958 ], [ 104.446452774000079, -0.341807976999974 ], [ 104.445195110000043, -0.342686961999959 ], [ 104.445370807000074, -0.343430571999932 ], [ 104.458069856000066, -0.343066925999949 ], [ 104.457476760000077, -0.349107087999926 ], [ 104.464102667000077, -0.348017889999937 ], [ 104.461693661000083, -0.340710069999943 ], [ 104.479416323000066, -0.336243463999949 ] ] ], [ [ [ 104.422469963000083, -0.386578560999965 ], [ 104.422213878000036, -0.38613072499993 ], [ 104.422112791000075, -0.385967873999959 ], [ 104.422321715000066, -0.386144301999934 ], [ 104.422469963000083, -0.386578560999965 ] ] ], [ [ [ 104.419897832000061, -0.360253708999949 ], [ 104.419685425000068, -0.359881769999959 ], [ 104.419897861000038, -0.359798100999967 ], [ 104.419897832000061, -0.360253708999949 ] ] ], [ [ [ 104.423470596000072, -0.356880966999938 ], [ 104.423805, -0.358814 ], [ 104.42151467900004, -0.357694741999978 ], [ 104.423470596000072, -0.356880966999938 ] ] ], [ [ [ 104.420193864000055, -0.356981037999958 ], [ 104.420453439000084, -0.357413965999967 ], [ 104.420018724000045, -0.357328955999947 ], [ 104.420193864000055, -0.356981037999958 ] ] ], [ [ [ 104.424604170000066, -0.354034226999943 ], [ 104.43340452800004, -0.356406561999961 ], [ 104.426363142000071, -0.359435886999961 ], [ 104.424604170000066, -0.354034226999943 ] ] ], [ [ [ 104.426613114000077, -0.349719327999935 ], [ 104.426982568000085, -0.34968215899994 ], [ 104.426613108000083, -0.349830911999959 ], [ 104.426613114000077, -0.349719327999935 ] ] ], [ [ [ 104.429552538000053, -0.348740864999968 ], [ 104.43011542000005, -0.349080915999934 ], [ 104.430650842000034, -0.349553646999937 ], [ 104.429552538000053, -0.348740864999968 ] ] ], [ [ [ 104.436049478000086, -0.34502877999995 ], [ 104.435544272000072, -0.344544991999953 ], [ 104.436019319000081, -0.34431835099997 ], [ 104.436049478000086, -0.34502877999995 ] ] ], [ [ [ 104.449011096000049, -0.34220774399995 ], [ 104.449408218000087, -0.342830744999958 ], [ 104.448346043000072, -0.343128225999976 ], [ 104.449011096000049, -0.34220774399995 ] ] ], [ [ [ 104.450319031000049, -0.338798183999927 ], [ 104.450520252000047, -0.339117776999956 ], [ 104.450287586000059, -0.339056382999956 ], [ 104.450319031000049, -0.338798183999927 ] ] ], [ [ [ 104.472243368000079, -0.277803467999945 ], [ 104.483376375000034, -0.283282392999979 ], [ 104.492012283000065, -0.307747249999977 ], [ 104.47728378000005, -0.320035279999956 ], [ 104.467673293000075, -0.31839502899993 ], [ 104.465689052000073, -0.313054730999966 ], [ 104.456952370000067, -0.309674256999926 ], [ 104.463585966000039, -0.312979234999943 ], [ 104.459959340000069, -0.328848831999949 ], [ 104.420169557000065, -0.324015316999976 ], [ 104.385985291000054, -0.298267631999977 ], [ 104.405297885000039, -0.280106420999971 ], [ 104.428096862000075, -0.290825111999936 ], [ 104.472243368000079, -0.277803467999945 ] ] ], [ [ [ 104.43985691000006, -0.268391935999944 ], [ 104.439068398000074, -0.268426511999962 ], [ 104.439538748000075, -0.267918848999955 ], [ 104.43985691000006, -0.268391935999944 ] ] ], [ [ [ 104.454959132000056, -0.266511684999955 ], [ 104.452375037000081, -0.267125585999963 ], [ 104.451104405000081, -0.266511684999955 ], [ 104.454959132000056, -0.266511684999955 ] ] ], [ [ [ 104.457443289000082, -0.266056612999932 ], [ 104.45837982200004, -0.267089767999948 ], [ 104.457093508000071, -0.266256487999954 ], [ 104.457443289000082, -0.266056612999932 ] ] ], [ [ [ 104.457286245000034, -0.265114346999951 ], [ 104.457107785000062, -0.265771077999943 ], [ 104.45675086600005, -0.265257113999951 ], [ 104.457286245000034, -0.265114346999951 ] ] ], [ [ [ 104.43776495600008, -0.239814679999938 ], [ 104.436474099000066, -0.240260828999965 ], [ 104.435302543000034, -0.240253972999938 ], [ 104.43776495600008, -0.239814679999938 ] ] ], [ [ [ 104.43323670500007, -0.175270026999954 ], [ 104.435181240000077, -0.175656459999971 ], [ 104.433159921000083, -0.176027319999946 ], [ 104.43323670500007, -0.175270026999954 ] ] ], [ [ [ 104.449958277000064, -0.15232079499998 ], [ 104.455692033000048, -0.156741103999934 ], [ 104.448988378000081, -0.159288441999934 ], [ 104.449958277000064, -0.15232079499998 ] ] ], [ [ [ 104.40434342900005, 0.162538320000067 ], [ 104.440193698000087, 0.131875665000052 ], [ 104.450522230000047, 0.108083930000021 ], [ 104.467813584000055, 0.101921025000024 ], [ 104.464803222000057, 0.097463487000027 ], [ 104.474448707000079, 0.090363682000032 ], [ 104.466055479000033, 0.086087587000065 ], [ 104.477141470000049, 0.089917847000038 ], [ 104.478923979000058, 0.08473831200007 ], [ 104.476028272000065, 0.082232367000074 ], [ 104.476471329000049, 0.07799527800006 ], [ 104.472966610000071, 0.079774463000035 ], [ 104.468552102000046, 0.076909547000071 ], [ 104.477295134000087, 0.073422829000037 ], [ 104.481993191000072, 0.080304825000042 ], [ 104.492346600000076, 0.071533898000041 ], [ 104.487275375000081, 0.044842629000073 ], [ 104.474211386000036, 0.050159501000053 ], [ 104.480514931000073, 0.053663350000022 ], [ 104.471140914000046, 0.062237592000031 ], [ 104.469205186000067, 0.055789280000056 ], [ 104.46130647800004, 0.063712799000029 ], [ 104.45998473700007, 0.062989032000075 ], [ 104.469076113000085, 0.042445067000074 ], [ 104.477498956000034, 0.043575992000058 ], [ 104.477659999000082, 0.03667394100006 ], [ 104.474705742000083, 0.034436690000064 ], [ 104.474657078000064, 0.033352940000043 ], [ 104.475140103000058, 0.031862090000061 ], [ 104.484255619000066, 0.038931943000023 ], [ 104.494009691000088, 0.01410941000006 ], [ 104.46643270800007, 0.027133139000057 ], [ 104.378903059000038, 0.122074894000036 ], [ 104.402439294000033, 0.109241995000048 ], [ 104.403850012000078, 0.115153099000054 ], [ 104.412242497000079, 0.102119834000064 ], [ 104.421442220000074, 0.101856142000031 ], [ 104.424113925000086, 0.093084506000025 ], [ 104.427440715000046, 0.093621712000072 ], [ 104.430119825000077, 0.089571411000065 ], [ 104.435901547000071, 0.089122403000033 ], [ 104.413185752000061, 0.117774650000058 ], [ 104.42815134600005, 0.115050174000032 ], [ 104.415085910000073, 0.120890195000072 ], [ 104.418500167000047, 0.127743832000021 ], [ 104.407657196000059, 0.123319486000071 ], [ 104.397423608000054, 0.142556915000057 ], [ 104.40434342900005, 0.162538320000067 ] ] ], [ [ [ 104.461161010000069, 0.104904882000028 ], [ 104.46101824200008, 0.104512271000033 ], [ 104.460673220000047, 0.104655039000022 ], [ 104.461161010000069, 0.104904882000028 ] ] ], [ [ [ 104.455711853000082, 0.107805081000038 ], [ 104.455427267000061, 0.108604222000054 ], [ 104.456196728000066, 0.108417637000059 ], [ 104.455711853000082, 0.107805081000038 ] ] ], [ [ [ 104.454060583000057, 0.109363751000046 ], [ 104.454800102000036, 0.108040655000025 ], [ 104.453236841000034, 0.108802077000064 ], [ 104.454060583000057, 0.109363751000046 ] ] ], [ [ [ 104.455644418000077, 0.109902830000067 ], [ 104.45523816900004, 0.109081056000036 ], [ 104.454822539000077, 0.109661561000053 ], [ 104.455644418000077, 0.109902830000067 ] ] ], [ [ [ 104.457306283000037, 0.110877329000061 ], [ 104.462483432000056, 0.108474294000075 ], [ 104.460661323000068, 0.106641889000059 ], [ 104.457306283000037, 0.110877329000061 ] ] ], [ [ [ 104.443866310000033, 0.128691859000071 ], [ 104.442789811000068, 0.128997168000069 ], [ 104.442977006000035, 0.129803847000062 ], [ 104.443866310000033, 0.128691859000071 ] ] ], [ [ [ 104.442432011000051, 0.138539730000048 ], [ 104.446803514000067, 0.138008328000069 ], [ 104.445886281000071, 0.132284267000045 ], [ 104.442432011000051, 0.138539730000048 ] ] ], [ [ [ 104.443175224000072, 0.14020776600006 ], [ 104.447134834000053, 0.140238023000052 ], [ 104.445461167000076, 0.138453105000053 ], [ 104.443175224000072, 0.14020776600006 ] ] ], [ [ [ 104.441980786000045, 0.140196429000071 ], [ 104.440827420000062, 0.145241928000075 ], [ 104.442443082000068, 0.145304165000027 ], [ 104.441980786000045, 0.140196429000071 ] ] ], [ [ [ 104.431215691000034, 0.150680953000062 ], [ 104.431972360000088, 0.150780890000021 ], [ 104.431643994000069, 0.150209820000043 ], [ 104.431215691000034, 0.150680953000062 ] ] ], [ [ [ 104.461068615000045, 0.152552148000041 ], [ 104.459848408000084, 0.152241860000061 ], [ 104.460526554000069, 0.153253131000042 ], [ 104.461068615000045, 0.152552148000041 ] ] ], [ [ [ 104.423743735000073, 0.156261693000033 ], [ 104.433100701000058, 0.158135401000038 ], [ 104.443057129000067, 0.14640111500006 ], [ 104.423743735000073, 0.156261693000033 ] ] ], [ [ [ 104.450479521000034, 0.158973289000073 ], [ 104.460508786000048, 0.155247359000043 ], [ 104.458896920000086, 0.152642559000071 ], [ 104.450479521000034, 0.158973289000073 ] ] ], [ [ [ 104.422268356000075, 0.160656910000057 ], [ 104.423341136000033, 0.159311221000053 ], [ 104.421588788000065, 0.159844556000053 ], [ 104.422268356000075, 0.160656910000057 ] ] ], [ [ [ 104.44671611800004, 0.172087403000035 ], [ 104.453096616000039, 0.16584334700002 ], [ 104.448601608000047, 0.164154465000024 ], [ 104.44671611800004, 0.172087403000035 ] ] ], [ [ [ 104.458400288000064, 0.171269758000051 ], [ 104.456619878000083, 0.170659038000053 ], [ 104.456941869000048, 0.171942577000038 ], [ 104.458400288000064, 0.171269758000051 ] ] ], [ [ [ 104.452878384000087, 0.181091760000072 ], [ 104.464554359000033, 0.182363968000061 ], [ 104.464254089000065, 0.180100584000058 ], [ 104.452878384000087, 0.181091760000072 ] ] ], [ [ [ 104.441966692000051, 0.185709333000034 ], [ 104.451404315000048, 0.183425286000045 ], [ 104.449054926000088, 0.177989546000049 ], [ 104.441966692000051, 0.185709333000034 ] ] ], [ [ [ 104.435160308000036, 0.250753517000021 ], [ 104.454599773000041, 0.246620953000047 ], [ 104.474007143000051, 0.227762030000065 ], [ 104.459577717000059, 0.23475335400002 ], [ 104.445519895000075, 0.235727869000073 ], [ 104.449417986000071, 0.239239682000061 ], [ 104.435160308000036, 0.250753517000021 ] ] ], [ [ [ 104.434578636000083, 0.243718823000052 ], [ 104.434071255000049, 0.244180572000062 ], [ 104.433790412000064, 0.244619704000058 ], [ 104.434578636000083, 0.243718823000052 ] ] ], [ [ [ 104.430982088000064, 0.246470428000066 ], [ 104.431545601000039, 0.246807819000026 ], [ 104.43234504600008, 0.246001180000064 ], [ 104.430982088000064, 0.246470428000066 ] ] ], [ [ [ 104.437653363000038, 0.252439888000026 ], [ 104.438090617000057, 0.251186080000025 ], [ 104.437349256000061, 0.251535112000056 ], [ 104.437653363000038, 0.252439888000026 ] ] ], [ [ [ 104.432953250000082, 0.253198782000027 ], [ 104.433548555000073, 0.251026488000036 ], [ 104.431371363000039, 0.252278947000036 ], [ 104.432953250000082, 0.253198782000027 ] ] ], [ [ [ 104.459661677000042, 0.252973760000032 ], [ 104.45990882600006, 0.252427183000066 ], [ 104.459530642000061, 0.252619414000037 ], [ 104.459661677000042, 0.252973760000032 ] ] ], [ [ [ 104.460846763000063, 0.252968155000076 ], [ 104.460301960000038, 0.252990750000038 ], [ 104.460184004000041, 0.253209372000072 ], [ 104.460846763000063, 0.252968155000076 ] ] ], [ [ [ 104.459970537000061, 0.254155525000044 ], [ 104.461106983000036, 0.253407312000036 ], [ 104.461204344000066, 0.253132146000041 ], [ 104.459970537000061, 0.254155525000044 ] ] ], [ [ [ 104.456256225000061, 0.256066726000029 ], [ 104.457373354000083, 0.254931604000035 ], [ 104.457463049000069, 0.253611217000071 ], [ 104.456256225000061, 0.256066726000029 ] ] ], [ [ [ 104.449898542000085, 0.257939376000024 ], [ 104.456057189000035, 0.259436035000022 ], [ 104.45498226400008, 0.254995901000029 ], [ 104.449898542000085, 0.257939376000024 ] ] ], [ [ [ 104.444969044000061, 0.262341478000053 ], [ 104.449886408000054, 0.261817883000049 ], [ 104.448833799000056, 0.259728352000025 ], [ 104.444969044000061, 0.262341478000053 ] ] ], [ [ [ 104.451359295000088, 0.262952886000051 ], [ 104.451863740000078, 0.26309565400004 ], [ 104.451444955000056, 0.262852949000035 ], [ 104.451359295000088, 0.262952886000051 ] ] ], [ [ [ 104.449570995000045, 0.264593142000024 ], [ 104.450790214000051, 0.262941315000035 ], [ 104.44920112300008, 0.263331221000044 ], [ 104.449570995000045, 0.264593142000024 ] ] ], [ [ [ 104.447378084000036, 0.26539598200003 ], [ 104.448258857000042, 0.264080751000051 ], [ 104.447052470000074, 0.265008741000031 ], [ 104.447378084000036, 0.26539598200003 ] ] ], [ [ [ 104.434022852000055, 0.266228429000023 ], [ 104.433171023000057, 0.266194463000033 ], [ 104.433318898000039, 0.266701466000029 ], [ 104.434022852000055, 0.266228429000023 ] ] ], [ [ [ 104.429231886000082, 0.268216634000055 ], [ 104.430959906000055, 0.268048968000073 ], [ 104.429153278000058, 0.267726589000063 ], [ 104.429231886000082, 0.268216634000055 ] ] ], [ [ [ 104.433816826000054, 0.26826584600002 ], [ 104.432620553000049, 0.267368649000048 ], [ 104.432878839000068, 0.268944317000035 ], [ 104.433816826000054, 0.26826584600002 ] ] ], [ [ [ 104.428889193000032, 0.270084414000053 ], [ 104.431819141000062, 0.269980893000024 ], [ 104.431126519000088, 0.268329805000064 ], [ 104.428889193000032, 0.270084414000053 ] ] ], [ [ [ 104.44863678300004, 0.271240692000049 ], [ 104.449838725000063, 0.271082427000067 ], [ 104.449840631000086, 0.270456689000071 ], [ 104.44863678300004, 0.271240692000049 ] ] ], [ [ [ 104.418481654000061, 0.273789350000072 ], [ 104.423060867000061, 0.275998515000026 ], [ 104.424523153000052, 0.273329765000028 ], [ 104.418481654000061, 0.273789350000072 ] ] ], [ [ [ 104.44827341000007, 0.275117648000048 ], [ 104.447266174000049, 0.275138336000055 ], [ 104.447822183000085, 0.275722635000022 ], [ 104.44827341000007, 0.275117648000048 ] ] ], [ [ [ 104.449224408000077, 0.27650111500003 ], [ 104.448438130000056, 0.27572267100004 ], [ 104.447670522000067, 0.276039271000059 ], [ 104.449224408000077, 0.27650111500003 ] ] ], [ [ [ 104.428664234000053, 0.276405896000028 ], [ 104.42954788600008, 0.276767813000049 ], [ 104.430851004000033, 0.274909493000052 ], [ 104.428664234000053, 0.276405896000028 ] ] ], [ [ [ 104.423240557000042, 0.276786351000055 ], [ 104.425380506000067, 0.275448281000024 ], [ 104.423792899000034, 0.275606524000068 ], [ 104.423240557000042, 0.276786351000055 ] ] ], [ [ [ 104.459970345000045, 0.284055780000074 ], [ 104.45979254000008, 0.283073802000047 ], [ 104.459122287000071, 0.283228319000045 ], [ 104.459970345000045, 0.284055780000074 ] ] ], [ [ [ 104.42806868200006, 0.293367451000051 ], [ 104.432876538000073, 0.283375008000064 ], [ 104.421483137000052, 0.27856151800006 ], [ 104.417601684000033, 0.28329824900004 ], [ 104.42806868200006, 0.293367451000051 ] ] ], [ [ [ 104.434095978000073, 0.302508251000063 ], [ 104.434255073000088, 0.30212375800005 ], [ 104.433627934000071, 0.302397032000044 ], [ 104.434095978000073, 0.302508251000063 ] ] ], [ [ [ 104.439871444000062, 0.308289512000044 ], [ 104.446231874000034, 0.303461971000047 ], [ 104.448660253000071, 0.29870139600007 ], [ 104.436804177000056, 0.299482893000061 ], [ 104.439871444000062, 0.308289512000044 ] ] ], [ [ [ 104.433708357000057, 0.304070706000061 ], [ 104.435554352000054, 0.303345163000074 ], [ 104.434103453000034, 0.302706152000042 ], [ 104.433708357000057, 0.304070706000061 ] ] ], [ [ [ 104.426695118000055, 0.305570601000056 ], [ 104.431849210000053, 0.305572758000039 ], [ 104.431678912000052, 0.304166716000054 ], [ 104.426695118000055, 0.305570601000056 ] ] ], [ [ [ 104.44959035800008, 0.307793601000071 ], [ 104.445536549000053, 0.310107072000051 ], [ 104.446019580000041, 0.311418155000069 ], [ 104.44959035800008, 0.307793601000071 ] ] ], [ [ [ 104.440951311000049, 0.313312091000057 ], [ 104.444626432000064, 0.312735549000024 ], [ 104.443913226000063, 0.310943098000052 ], [ 104.440951311000049, 0.313312091000057 ] ] ], [ [ [ 104.440084530000036, 0.315203695000037 ], [ 104.440302964000068, 0.315247953000039 ], [ 104.440272922000077, 0.315098495000029 ], [ 104.440084530000036, 0.315203695000037 ] ] ], [ [ [ 104.428573694000079, 0.325490752000064 ], [ 104.429360072000065, 0.324350512000024 ], [ 104.428435209000043, 0.32445223700006 ], [ 104.428573694000079, 0.325490752000064 ] ] ], [ [ [ 104.427719525000043, 0.355981399000029 ], [ 104.42800552500006, 0.356154399000047 ], [ 104.42796052500006, 0.35592039900007 ], [ 104.427719525000043, 0.355981399000029 ] ] ], [ [ [ 104.417524233000051, 0.368325318000075 ], [ 104.428313920000051, 0.370623245000047 ], [ 104.436292154000057, 0.366645179000045 ], [ 104.427194931000088, 0.359160805000045 ], [ 104.417524233000051, 0.368325318000075 ] ] ], [ [ [ 104.425039520000041, 0.375397990000067 ], [ 104.425826520000044, 0.375105990000066 ], [ 104.425172520000046, 0.374922990000073 ], [ 104.425039520000041, 0.375397990000067 ] ] ], [ [ [ 104.432454164000035, 0.381894658000022 ], [ 104.434375383000088, 0.372765027000071 ], [ 104.42633502700005, 0.377867815000059 ], [ 104.414546689000076, 0.372371208000061 ], [ 104.409260006000068, 0.378185487000053 ], [ 104.432454164000035, 0.381894658000022 ] ] ], [ [ [ 104.453320541000039, 0.382525455000064 ], [ 104.451349090000065, 0.383002172000033 ], [ 104.451311627000052, 0.383267922000073 ], [ 104.453320541000039, 0.382525455000064 ] ] ], [ [ [ 104.450780927000039, 0.38496893000007 ], [ 104.451021252000032, 0.384937997000065 ], [ 104.450935592000064, 0.384833301000072 ], [ 104.450780927000039, 0.38496893000007 ] ] ], [ [ [ 104.457656429000053, 0.392752098000074 ], [ 104.457884857000067, 0.393023356000072 ], [ 104.458013348000065, 0.392630745000019 ], [ 104.457656429000053, 0.392752098000074 ] ] ], [ [ [ 104.43770059600007, 0.393053133000024 ], [ 104.439396850000037, 0.392335152000044 ], [ 104.438039519000085, 0.392063650000068 ], [ 104.43770059600007, 0.393053133000024 ] ] ], [ [ [ 104.435595462000038, 0.399170122000044 ], [ 104.453691201000083, 0.397145610000052 ], [ 104.456696559000079, 0.389753725000048 ], [ 104.442310577000057, 0.390455805000045 ], [ 104.435595462000038, 0.399170122000044 ] ] ], [ [ [ 104.437505068000064, 0.40649872900002 ], [ 104.436301, 0.40387 ], [ 104.43563486100004, 0.405581005000045 ], [ 104.437505068000064, 0.40649872900002 ] ] ], [ [ [ 104.420349152000085, 0.43790462100003 ], [ 104.421818849000033, 0.437654065000061 ], [ 104.42214090300007, 0.437135778000027 ], [ 104.420349152000085, 0.43790462100003 ] ] ], [ [ [ 104.420830199000079, 0.439342726000064 ], [ 104.421627833000059, 0.438325018000057 ], [ 104.420427766000046, 0.438145879000047 ], [ 104.420830199000079, 0.439342726000064 ] ] ], [ [ [ 104.420652110000049, 0.44228670800004 ], [ 104.424136375000046, 0.440863983000042 ], [ 104.419983928000079, 0.439791238000055 ], [ 104.420652110000049, 0.44228670800004 ] ] ], [ [ [ 104.42834085800007, 0.447153766000042 ], [ 104.433322930000088, 0.445320274000039 ], [ 104.427758661000041, 0.44636778000006 ], [ 104.42834085800007, 0.447153766000042 ] ] ], [ [ [ 104.440185889000077, 0.461147483000047 ], [ 104.444937388000085, 0.463347381000062 ], [ 104.444160665000084, 0.459770023000033 ], [ 104.440185889000077, 0.461147483000047 ] ] ], [ [ [ 104.437175300000035, 0.483032861000027 ], [ 104.456222806000085, 0.478369117000057 ], [ 104.461259729000062, 0.454656599000032 ], [ 104.437175300000035, 0.483032861000027 ] ] ], [ [ [ 104.482613652000055, -0.698549546999971 ], [ 104.477143668000053, -0.709721006999928 ], [ 104.478593147000083, -0.695936130999939 ], [ 104.482613652000055, -0.698549546999971 ] ] ], [ [ [ 104.473142781000035, -0.691249969999944 ], [ 104.471805334000067, -0.697725944999945 ], [ 104.470966500000088, -0.697023709999939 ], [ 104.473142781000035, -0.691249969999944 ] ] ], [ [ [ 104.473885845000041, -0.689805348999926 ], [ 104.473700247000068, -0.690262205999943 ], [ 104.473530671000049, -0.69026867499997 ], [ 104.473885845000041, -0.689805348999926 ] ] ], [ [ [ 104.467241022000053, -0.683771562999937 ], [ 104.471469679000052, -0.691076298999974 ], [ 104.465646053000057, -0.697081158999936 ], [ 104.460517583000069, -0.687185644999943 ], [ 104.467241022000053, -0.683771562999937 ] ] ], [ [ [ 104.476732772000048, -0.682730684999967 ], [ 104.477899586000035, -0.68501968399994 ], [ 104.474560585000063, -0.683490640999935 ], [ 104.476732772000048, -0.682730684999967 ] ] ], [ [ [ 104.483936688000085, -0.68156051699998 ], [ 104.484052671000086, -0.682621229999938 ], [ 104.483032493000053, -0.682048305999956 ], [ 104.483936688000085, -0.68156051699998 ] ] ], [ [ [ 104.464623398000072, -0.320587352999951 ], [ 104.469852811000067, -0.325085954999963 ], [ 104.468105251000054, -0.328503588999979 ], [ 104.463892899000086, -0.327177736999943 ], [ 104.464623398000072, -0.320587352999951 ] ] ], [ [ [ 104.461525450000067, -0.270470475999957 ], [ 104.461790515000075, -0.270233953999934 ], [ 104.461780688000033, -0.270395132999965 ], [ 104.461525450000067, -0.270470475999957 ] ] ], [ [ [ 104.464510288000042, -0.269839955999942 ], [ 104.464153369000087, -0.269640080999977 ], [ 104.464453181000067, -0.269582973999945 ], [ 104.464510288000042, -0.269839955999942 ] ] ], [ [ [ 104.462604340000041, -0.269211777999942 ], [ 104.462390973000083, -0.269366626999954 ], [ 104.462329512000053, -0.269333844999949 ], [ 104.462604340000041, -0.269211777999942 ] ] ], [ [ [ 104.466122301000041, -0.268725123999957 ], [ 104.465623876000052, -0.269183224999949 ], [ 104.465309787000081, -0.268847720999929 ], [ 104.466122301000041, -0.268725123999957 ] ] ], [ [ [ 104.464296137000076, -0.26874778399997 ], [ 104.463971860000072, -0.269032512999956 ], [ 104.463996325000039, -0.268804890999945 ], [ 104.464296137000076, -0.26874778399997 ] ] ], [ [ [ 104.465174158000082, -0.268940519999944 ], [ 104.46476672600005, -0.268860611999969 ], [ 104.465181296000083, -0.268619292999972 ], [ 104.465174158000082, -0.268940519999944 ] ] ], [ [ [ 104.463850491000073, -0.268563712999935 ], [ 104.464064805000078, -0.268460674999972 ], [ 104.464098334000084, -0.26850525499998 ], [ 104.463850491000073, -0.268563712999935 ] ] ], [ [ [ 104.459641090000048, -0.266928880999956 ], [ 104.462247421000086, -0.269126117999974 ], [ 104.461590690000037, -0.269504451999978 ], [ 104.459641090000048, -0.266928880999956 ] ] ], [ [ [ 104.468332886000042, -0.266381428999978 ], [ 104.468607430000077, -0.267468328999939 ], [ 104.467771176000042, -0.267700743999967 ], [ 104.468332886000042, -0.266381428999978 ] ] ], [ [ [ 104.466186150000055, -0.265721661999976 ], [ 104.46600516500007, -0.265872438999963 ], [ 104.465768031000039, -0.265658821999978 ], [ 104.466186150000055, -0.265721661999976 ] ] ], [ [ [ 104.470548435000069, -0.263177403999975 ], [ 104.470379931000082, -0.263378436999972 ], [ 104.470323768000071, -0.263321891999965 ], [ 104.470548435000069, -0.263177403999975 ] ] ], [ [ [ 104.462771109000073, -0.247641202999944 ], [ 104.463130879000062, -0.248158703999934 ], [ 104.462135574000058, -0.248032449999926 ], [ 104.462771109000073, -0.247641202999944 ] ] ], [ [ [ 104.480180415000063, -0.131786900999941 ], [ 104.479868391000082, -0.131671291999965 ], [ 104.480192899000087, -0.131673813999953 ], [ 104.480180415000063, -0.131786900999941 ] ] ], [ [ [ 104.479900867000083, -0.130407236999929 ], [ 104.478882381000062, -0.13190749599994 ], [ 104.478785051000045, -0.130937462999952 ], [ 104.479900867000083, -0.130407236999929 ] ] ], [ [ [ 104.479493989000048, -0.130050380999933 ], [ 104.478810023000051, -0.130133290999936 ], [ 104.478600345000075, -0.130047846999958 ], [ 104.479493989000048, -0.130050380999933 ] ] ], [ [ [ 104.479191957000069, -0.129550277999954 ], [ 104.479718654000067, -0.129806615999939 ], [ 104.479231896000044, -0.129806605999931 ], [ 104.479191957000069, -0.129550277999954 ] ] ], [ [ [ 104.471292657000049, 0.054686704000062 ], [ 104.470399632000067, 0.055203131000042 ], [ 104.471180321000077, 0.055395385000054 ], [ 104.471292657000049, 0.054686704000062 ] ] ], [ [ [ 104.477881482000043, 0.08121853800003 ], [ 104.476313133000076, 0.081819443000029 ], [ 104.477496010000038, 0.082517723000024 ], [ 104.477881482000043, 0.08121853800003 ] ] ], [ [ [ 104.482815312000071, 0.096346093000022 ], [ 104.480091300000083, 0.097141431000068 ], [ 104.480149331000064, 0.097944348000055 ], [ 104.482815312000071, 0.096346093000022 ] ] ], [ [ [ 104.471847169000057, 0.095071760000053 ], [ 104.469881924000049, 0.096774037000046 ], [ 104.470305279000058, 0.09815554100004 ], [ 104.471847169000057, 0.095071760000053 ] ] ], [ [ [ 104.466311353000037, 0.098643331000062 ], [ 104.466101961000049, 0.098711145000038 ], [ 104.466339907000076, 0.098750406000022 ], [ 104.466311353000037, 0.098643331000062 ] ] ], [ [ [ 104.46667898000004, 0.099215591000075 ], [ 104.46644103400007, 0.098739699000021 ], [ 104.466333958000064, 0.099072823000029 ], [ 104.46667898000004, 0.099215591000075 ] ] ], [ [ [ 104.452065215000061, 0.137901016000058 ], [ 104.478709492000064, 0.106557760000044 ], [ 104.479606446000048, 0.094956959000058 ], [ 104.445996867000076, 0.126477300000033 ], [ 104.452065215000061, 0.137901016000058 ] ] ], [ [ [ 104.482366991000049, 0.123875748000046 ], [ 104.488048531000061, 0.122544422000033 ], [ 104.488230673000032, 0.121075081000072 ], [ 104.482366991000049, 0.123875748000046 ] ] ], [ [ [ 104.479567239000062, 0.130197363000036 ], [ 104.488575008000055, 0.129281432000028 ], [ 104.479154289000064, 0.127172171000041 ], [ 104.479567239000062, 0.130197363000036 ] ] ], [ [ [ 104.47327696900004, 0.140206332000048 ], [ 104.482977519000087, 0.136462996000034 ], [ 104.478061041000046, 0.130442447000064 ], [ 104.47327696900004, 0.140206332000048 ] ] ], [ [ [ 104.482587458000069, 0.145859831000053 ], [ 104.482433891000085, 0.147329954000043 ], [ 104.48305169200006, 0.147829433000027 ], [ 104.482587458000069, 0.145859831000053 ] ] ], [ [ [ 104.463966685000059, 0.154144856000073 ], [ 104.471837433000076, 0.147725508000065 ], [ 104.471768264000048, 0.142702572000076 ], [ 104.463966685000059, 0.154144856000073 ] ] ], [ [ [ 104.473333077000063, 0.156523681000067 ], [ 104.473228211000048, 0.157049534000066 ], [ 104.473385472000075, 0.157089117000055 ], [ 104.473333077000063, 0.156523681000067 ] ] ], [ [ [ 104.475266994000037, 0.157305909000058 ], [ 104.475944707000053, 0.158218156000032 ], [ 104.476403392000066, 0.158182360000069 ], [ 104.475266994000037, 0.157305909000058 ] ] ], [ [ [ 104.468534702000056, 0.157205842000053 ], [ 104.47396768200008, 0.15890605200002 ], [ 104.471552695000071, 0.154601165000031 ], [ 104.468534702000056, 0.157205842000053 ] ] ], [ [ [ 104.472877865000044, 0.167216007000036 ], [ 104.476038300000084, 0.158958875000053 ], [ 104.46344921900004, 0.162874041000066 ], [ 104.465828680000072, 0.166800152000064 ], [ 104.469876845000044, 0.165044669000054 ], [ 104.472877865000044, 0.167216007000036 ] ] ], [ [ [ 104.469373153000049, 0.167783227000029 ], [ 104.470810989000086, 0.167327147000037 ], [ 104.46953233000005, 0.165785375000041 ], [ 104.469373153000049, 0.167783227000029 ] ] ], [ [ [ 104.461985709000032, 0.167570198000021 ], [ 104.460688165000079, 0.16844642500007 ], [ 104.461757148000061, 0.169160789000045 ], [ 104.461985709000032, 0.167570198000021 ] ] ], [ [ [ 104.484448309000072, 0.169928542000036 ], [ 104.484287363000078, 0.168300080000051 ], [ 104.484115144000043, 0.166967535000026 ], [ 104.484448309000072, 0.169928542000036 ] ] ], [ [ [ 104.462247664000074, 0.168333383000061 ], [ 104.462043603000041, 0.16865944500006 ], [ 104.462066060000041, 0.168985517000067 ], [ 104.462247664000074, 0.168333383000061 ] ] ], [ [ [ 104.462382451000053, 0.168744265000043 ], [ 104.462292577000085, 0.169042064000053 ], [ 104.462468585000067, 0.168746153000029 ], [ 104.462382451000053, 0.168744265000043 ] ] ], [ [ [ 104.466157045000045, 0.169342606000043 ], [ 104.465514591000044, 0.168842919000042 ], [ 104.465585975000067, 0.169413990000066 ], [ 104.466157045000045, 0.169342606000043 ] ] ], [ [ [ 104.474212660000035, 0.169581435000055 ], [ 104.473690308000073, 0.170205279000072 ], [ 104.474070332000053, 0.170561514000042 ], [ 104.474212660000035, 0.169581435000055 ] ] ], [ [ [ 104.471518601000071, 0.169833925000034 ], [ 104.471351953000067, 0.170293801000071 ], [ 104.471475514000076, 0.170329615000071 ], [ 104.471518601000071, 0.169833925000034 ] ] ], [ [ [ 104.464041704000067, 0.170115931000055 ], [ 104.464198749000047, 0.170494265000059 ], [ 104.464391485000078, 0.169916056000034 ], [ 104.464041704000067, 0.170115931000055 ] ] ], [ [ [ 104.469335641000043, 0.169879102000039 ], [ 104.468916272000058, 0.170567024000036 ], [ 104.468921883000064, 0.170757390000063 ], [ 104.469335641000043, 0.169879102000039 ] ] ], [ [ [ 104.471136923000074, 0.179419909000046 ], [ 104.479524467000033, 0.171869725000022 ], [ 104.48510536200007, 0.172898965000059 ], [ 104.483424295000077, 0.167661119000059 ], [ 104.484064738000086, 0.161422517000062 ], [ 104.469386543000041, 0.17665489500007 ], [ 104.465616089000036, 0.172841875000074 ], [ 104.471136923000074, 0.179419909000046 ] ] ], [ [ [ 104.462290669000083, 0.170813747000068 ], [ 104.462713787000041, 0.169958079000025 ], [ 104.461839484000052, 0.17069499400003 ], [ 104.462290669000083, 0.170813747000068 ] ] ], [ [ [ 104.473894359000042, 0.170636905000038 ], [ 104.473752069000057, 0.170957307000037 ], [ 104.473898097000074, 0.170987473000025 ], [ 104.473894359000042, 0.170636905000038 ] ] ], [ [ [ 104.470395279000059, 0.170621727000025 ], [ 104.469446085000072, 0.170834683000066 ], [ 104.469438583000056, 0.171426496000038 ], [ 104.470395279000059, 0.170621727000025 ] ] ], [ [ [ 104.470511339000041, 0.171245588000033 ], [ 104.471162872000036, 0.170567087000052 ], [ 104.470897016000038, 0.170378605000053 ], [ 104.470511339000041, 0.171245588000033 ] ] ], [ [ [ 104.465988149000054, 0.172035184000038 ], [ 104.468418260000078, 0.171040092000055 ], [ 104.468710328000043, 0.170665033000034 ], [ 104.465988149000054, 0.172035184000038 ] ] ], [ [ [ 104.465198122000061, 0.171008228000062 ], [ 104.465476519000049, 0.171814866000034 ], [ 104.465804885000068, 0.170915429000047 ], [ 104.465198122000061, 0.171008228000062 ] ] ], [ [ [ 104.464063595000084, 0.170867602000044 ], [ 104.462168904000066, 0.173041545000046 ], [ 104.462818542000036, 0.173580610000045 ], [ 104.464063595000084, 0.170867602000044 ] ] ], [ [ [ 104.470309138000061, 0.171503800000039 ], [ 104.469492853000077, 0.171712986000045 ], [ 104.470039520000057, 0.172448063000047 ], [ 104.470309138000061, 0.171503800000039 ] ] ], [ [ [ 104.485730706000084, 0.172105491000025 ], [ 104.48522143200006, 0.173192993000043 ], [ 104.485474169000042, 0.173407868000027 ], [ 104.485730706000084, 0.172105491000025 ] ] ], [ [ [ 104.464938761000042, 0.173275855000043 ], [ 104.46489117200008, 0.172716681000054 ], [ 104.464688918000036, 0.173168779000036 ], [ 104.464938761000042, 0.173275855000043 ] ] ], [ [ [ 104.483205096000063, 0.17346434600006 ], [ 104.485210184000039, 0.17375654500006 ], [ 104.485277589000077, 0.173511529000052 ], [ 104.483205096000063, 0.17346434600006 ] ] ], [ [ [ 104.481538838000063, 0.174329414000056 ], [ 104.482853118000037, 0.173724436000043 ], [ 104.481241172000068, 0.174007109000058 ], [ 104.481538838000063, 0.174329414000056 ] ] ], [ [ [ 104.46407311300004, 0.175607489000072 ], [ 104.463380690000065, 0.175314815000036 ], [ 104.463416382000048, 0.17569314900004 ], [ 104.46407311300004, 0.175607489000072 ] ] ], [ [ [ 104.48256407100007, 0.176292173000036 ], [ 104.484560498000064, 0.175213466000059 ], [ 104.481433827000046, 0.175602129000026 ], [ 104.48256407100007, 0.176292173000036 ] ] ], [ [ [ 104.462538361000043, 0.175686011000039 ], [ 104.463080878000085, 0.176121452000075 ], [ 104.463173677000043, 0.175478998000074 ], [ 104.462538361000043, 0.175686011000039 ] ] ], [ [ [ 104.479523821000043, 0.175646804000053 ], [ 104.478784384000051, 0.17620656400004 ], [ 104.479780314000038, 0.17592387000002 ], [ 104.479523821000043, 0.175646804000053 ] ] ], [ [ [ 104.46441916100008, 0.176485092000064 ], [ 104.464031623000039, 0.176481308000064 ], [ 104.46440605500004, 0.176598179000052 ], [ 104.46441916100008, 0.176485092000064 ] ] ], [ [ [ 104.465650101000051, 0.179061276000027 ], [ 104.466306832000043, 0.179532409000046 ], [ 104.466249725000068, 0.178818571000022 ], [ 104.465650101000051, 0.179061276000027 ] ] ], [ [ [ 104.477043636000076, 0.178794331000063 ], [ 104.483427221000056, 0.182777988000055 ], [ 104.483577488000037, 0.179522045000056 ], [ 104.477043636000076, 0.178794331000063 ] ] ], [ [ [ 104.475828554000088, 0.180858126000032 ], [ 104.473417130000087, 0.182682524000029 ], [ 104.475777917000073, 0.183924660000059 ], [ 104.475828554000088, 0.180858126000032 ] ] ], [ [ [ 104.469989048000059, 0.187565870000071 ], [ 104.473132450000037, 0.187006190000034 ], [ 104.471748938000076, 0.185732039000072 ], [ 104.469989048000059, 0.187565870000071 ] ] ], [ [ [ 104.462358117000065, 0.19361168000006 ], [ 104.465409655000087, 0.19032504300003 ], [ 104.460804368000083, 0.192475835000039 ], [ 104.462358117000065, 0.19361168000006 ] ] ], [ [ [ 104.476544026000056, 0.225200710000024 ], [ 104.476014201000055, 0.225249689000066 ], [ 104.476150853000036, 0.225658697000028 ], [ 104.476544026000056, 0.225200710000024 ] ] ], [ [ [ 104.477654199000085, 0.22601873800005 ], [ 104.47642232700008, 0.22557577300006 ], [ 104.476914666000084, 0.226595453000073 ], [ 104.477654199000085, 0.22601873800005 ] ] ], [ [ [ 104.479088281000088, 0.226052716000027 ], [ 104.479374704000065, 0.226618160000044 ], [ 104.479230573000052, 0.226035758000023 ], [ 104.479088281000088, 0.226052716000027 ] ] ], [ [ [ 104.459421862000056, 0.230947406000041 ], [ 104.470373304000077, 0.226369041000055 ], [ 104.471728855000038, 0.223581507000063 ], [ 104.459421862000056, 0.230947406000041 ] ] ], [ [ [ 104.476559154000086, 0.239858978000029 ], [ 104.47690293800008, 0.240001745000029 ], [ 104.47686550700007, 0.239824708000071 ], [ 104.476559154000086, 0.239858978000029 ] ] ], [ [ [ 104.478072925000049, 0.243417138000041 ], [ 104.47663331800004, 0.242301295000061 ], [ 104.475863784000069, 0.242523668000047 ], [ 104.478072925000049, 0.243417138000041 ] ] ], [ [ [ 104.484106739000083, 0.24898124200007 ], [ 104.483573151000087, 0.249412842000027 ], [ 104.484205957000086, 0.249263963000033 ], [ 104.484106739000083, 0.24898124200007 ] ] ], [ [ [ 104.474934995000069, 0.250409207000075 ], [ 104.481472603000043, 0.251421595000068 ], [ 104.480027408000069, 0.245251110000027 ], [ 104.474934995000069, 0.250409207000075 ] ] ], [ [ [ 104.461591892000058, 0.25293991500007 ], [ 104.462537350000048, 0.252632730000073 ], [ 104.461584438000045, 0.252176582000061 ], [ 104.461591892000058, 0.25293991500007 ] ] ], [ [ [ 104.482688017000044, 0.269845584000052 ], [ 104.483938616000046, 0.270375264000052 ], [ 104.484477823000077, 0.26993047600007 ], [ 104.482688017000044, 0.269845584000052 ] ] ], [ [ [ 104.479331150000064, 0.270789714000045 ], [ 104.478827566000064, 0.270158298000069 ], [ 104.479054052000038, 0.271002676000023 ], [ 104.479331150000064, 0.270789714000045 ] ] ], [ [ [ 104.482734777000076, 0.270818132000045 ], [ 104.481940973000064, 0.270852024000021 ], [ 104.482083227000032, 0.271551281000029 ], [ 104.482734777000076, 0.270818132000045 ] ] ], [ [ [ 104.48236963800008, 0.272303326000042 ], [ 104.483172796000076, 0.272514453000042 ], [ 104.48295938800004, 0.272028171000045 ], [ 104.48236963800008, 0.272303326000042 ] ] ], [ [ [ 104.468447617000038, 0.363727947000029 ], [ 104.481869749000055, 0.357620168000039 ], [ 104.490566748000049, 0.345916167000041 ], [ 104.459871977000034, 0.348583295000026 ], [ 104.468447617000038, 0.363727947000029 ] ] ], [ [ [ 104.462201484000047, 0.371957747000067 ], [ 104.472075436000068, 0.372188293000022 ], [ 104.477962998000066, 0.362867528000038 ], [ 104.462201484000047, 0.371957747000067 ] ] ], [ [ [ 104.46265485300006, 0.380509990000064 ], [ 104.472798361000059, 0.381573633000073 ], [ 104.487423010000043, 0.366368109000064 ], [ 104.476223473000061, 0.367059183000038 ], [ 104.471958176000044, 0.374503782000033 ], [ 104.46265485300006, 0.380509990000064 ] ] ], [ [ [ 104.476391066000076, 0.380835509000065 ], [ 104.475991316000034, 0.381427995000024 ], [ 104.476747985000088, 0.380828371000064 ], [ 104.476391066000076, 0.380835509000065 ] ] ], [ [ [ 104.50099603600006, -0.70599576199993 ], [ 104.505295086000046, -0.703895827999929 ], [ 104.504602839000086, -0.70618086199994 ], [ 104.50099603600006, -0.70599576199993 ] ] ], [ [ [ 104.498407500000042, -0.702604 ], [ 104.498736500000064, -0.702465 ], [ 104.498690500000066, -0.702647 ], [ 104.498407500000042, -0.702604 ] ] ], [ [ [ 104.496131619000039, -0.701214264999976 ], [ 104.496325619000061, -0.701160264999942 ], [ 104.496264619000044, -0.701315264999948 ], [ 104.496131619000039, -0.701214264999976 ] ] ], [ [ [ 104.492117137000037, -0.699268088999929 ], [ 104.492355, -0.699686 ], [ 104.491902985000081, -0.699489378999942 ], [ 104.492117137000037, -0.699268088999929 ] ] ], [ [ [ 104.486262612000075, -0.682262457999968 ], [ 104.485352468000087, -0.68266101699993 ], [ 104.485233495000045, -0.681679489999965 ], [ 104.486262612000075, -0.682262457999968 ] ] ], [ [ [ 104.486989220000055, -0.68247133899996 ], [ 104.486845579000033, -0.681786564999925 ], [ 104.487204586000075, -0.682506517999968 ], [ 104.486989220000055, -0.68247133899996 ] ] ], [ [ [ 104.518528755000034, -0.350835723999978 ], [ 104.518594133000079, -0.35381218699996 ], [ 104.517721461000065, -0.350877903999958 ], [ 104.518528755000034, -0.350835723999978 ] ] ], [ [ [ 104.511069802000065, -0.337829171999942 ], [ 104.508839280000075, -0.337314511999978 ], [ 104.50943436600005, -0.335422592999976 ], [ 104.511069802000065, -0.337829171999942 ] ] ], [ [ [ 104.489082693000057, -0.324001219999957 ], [ 104.489288661000046, -0.323523749999936 ], [ 104.489606931000083, -0.323655697999925 ], [ 104.489082693000057, -0.324001219999957 ] ] ], [ [ [ 104.499467216000085, -0.322462499999972 ], [ 104.499612827000078, -0.324678778999953 ], [ 104.499073930000066, -0.325013217999924 ], [ 104.499467216000085, -0.322462499999972 ] ] ], [ [ [ 104.495941215000073, -0.323121992999972 ], [ 104.494849597000041, -0.322811196999965 ], [ 104.494839628000079, -0.322512279999955 ], [ 104.495941215000073, -0.323121992999972 ] ] ], [ [ [ 104.486642754000059, -0.321073394999928 ], [ 104.486773772000049, -0.321739365999974 ], [ 104.486330686000088, -0.321657666999954 ], [ 104.486642754000059, -0.321073394999928 ] ] ], [ [ [ 104.493607308000037, -0.321218251999937 ], [ 104.493054834000077, -0.320782014999963 ], [ 104.493538681000075, -0.320778466999968 ], [ 104.493607308000037, -0.321218251999937 ] ] ], [ [ [ 104.495523241000058, -0.320037212999978 ], [ 104.495616881000046, -0.319471782999926 ], [ 104.496028742000078, -0.319861328999934 ], [ 104.495523241000058, -0.320037212999978 ] ] ], [ [ [ 104.486680310000054, -0.318711139999948 ], [ 104.49092384100004, -0.320816025999932 ], [ 104.488758324000059, -0.32112376699996 ], [ 104.486680310000054, -0.318711139999948 ] ] ], [ [ [ 104.514251676000072, -0.274438950999979 ], [ 104.514324488000057, -0.274075369999935 ], [ 104.514492602000075, -0.274153506999937 ], [ 104.514251676000072, -0.274438950999979 ] ] ], [ [ [ 104.499280351000039, -0.267101940999964 ], [ 104.500915549000069, -0.267847160999963 ], [ 104.500435868000068, -0.268522641999937 ], [ 104.499280351000039, -0.267101940999964 ] ] ], [ [ [ 104.492769186000032, -0.267120172999967 ], [ 104.49401103100007, -0.268163139999956 ], [ 104.493667778000088, -0.268514952999965 ], [ 104.492769186000032, -0.267120172999967 ] ] ], [ [ [ 104.503423918000067, -0.267575474999944 ], [ 104.503413447000071, -0.267169111999976 ], [ 104.503764656000044, -0.267432998999936 ], [ 104.503423918000067, -0.267575474999944 ] ] ], [ [ [ 104.494358620000071, -0.267048821999936 ], [ 104.494639463000055, -0.266690718999939 ], [ 104.494907804000036, -0.266791250999972 ], [ 104.494358620000071, -0.267048821999936 ] ] ], [ [ [ 104.497204399000054, -0.265748438999935 ], [ 104.498346382000079, -0.266942178999955 ], [ 104.496792438000057, -0.267570371999966 ], [ 104.497204399000054, -0.265748438999935 ] ] ], [ [ [ 104.497716160000039, -0.264919151999948 ], [ 104.49789531600004, -0.265479450999976 ], [ 104.497472755000047, -0.265509709999947 ], [ 104.497716160000039, -0.264919151999948 ] ] ], [ [ [ 104.499470122000048, -0.04055670799994 ], [ 104.49985453000005, -0.041097012999955 ], [ 104.499362777000044, -0.040873350999959 ], [ 104.499470122000048, -0.04055670799994 ] ] ], [ [ [ 104.493923610000081, -0.017806087999929 ], [ 104.495211666000046, -0.018170475999966 ], [ 104.494115817000079, -0.01895202999998 ], [ 104.493923610000081, -0.017806087999929 ] ] ], [ [ [ 104.486866829000064, -0.002333270999941 ], [ 104.490321591000054, -0.003916488999948 ], [ 104.490431422000086, -0.00529363499993 ], [ 104.489263191000077, -0.005406720999929 ], [ 104.486866829000064, -0.002333270999941 ] ] ], [ [ [ 104.505210988000044, 0.006768050000062 ], [ 104.512163552000061, 0.001016546000074 ], [ 104.508675832000051, -0.00419882999995 ], [ 104.50201394700008, -0.000408768999932 ], [ 104.505210988000044, 0.006768050000062 ] ] ], [ [ [ 104.503852675000076, 0.009162002000039 ], [ 104.503781291000053, 0.009647412000049 ], [ 104.504190558000062, 0.009219109000071 ], [ 104.503852675000076, 0.009162002000039 ] ] ], [ [ [ 104.504004960000088, 0.00992818900005 ], [ 104.504247665000037, 0.01005192100007 ], [ 104.504409468000063, 0.009818733000031 ], [ 104.504004960000088, 0.00992818900005 ] ] ], [ [ [ 104.504490370000042, 0.010470706000035 ], [ 104.50486632500008, 0.009956742000043 ], [ 104.504385674000048, 0.01037076800003 ], [ 104.504490370000042, 0.010470706000035 ] ] ], [ [ [ 104.515209021000032, 0.025437126000043 ], [ 104.517409207000071, 0.02561355000006 ], [ 104.515514071000041, 0.023904920000064 ], [ 104.515209021000032, 0.025437126000043 ] ] ], [ [ [ 104.522910997000054, 0.026886836000074 ], [ 104.524030560000085, 0.025372599000036 ], [ 104.521288445000039, 0.026101126000071 ], [ 104.522910997000054, 0.026886836000074 ] ] ], [ [ [ 104.517773993000048, 0.028503966000073 ], [ 104.52546, 0.033038563000048 ], [ 104.528018792000069, 0.029627853000022 ], [ 104.517773993000048, 0.028503966000073 ] ] ], [ [ [ 104.512533104000056, 0.039281670000037 ], [ 104.523178675000054, 0.035046099000056 ], [ 104.512789510000061, 0.031189397000048 ], [ 104.512533104000056, 0.039281670000037 ] ] ], [ [ [ 104.513185672000077, 0.051330509000024 ], [ 104.518947376000085, 0.045935146000033 ], [ 104.513393405000045, 0.04450580200006 ], [ 104.497173620000069, 0.02636239800006 ], [ 104.492818885000077, 0.040160871000069 ], [ 104.513185672000077, 0.051330509000024 ] ] ], [ [ [ 104.514966492000042, 0.044377395000026 ], [ 104.515385150000043, 0.042840289000026 ], [ 104.514062787000057, 0.043390767000062 ], [ 104.514966492000042, 0.044377395000026 ] ] ], [ [ [ 104.494090036000046, 0.048472772000025 ], [ 104.490351320000059, 0.048139137000021 ], [ 104.492131728000061, 0.05080988900005 ], [ 104.494090036000046, 0.048472772000025 ] ] ], [ [ [ 104.498678589000065, 0.063471926000034 ], [ 104.507248351000044, 0.056022916000074 ], [ 104.508093045000066, 0.050562131000049 ], [ 104.492700837000086, 0.05420250700007 ], [ 104.498678589000065, 0.063471926000034 ] ] ], [ [ [ 104.511062154000058, 0.069264744000066 ], [ 104.524125128000037, 0.059065712000063 ], [ 104.521775192000064, 0.052163887000063 ], [ 104.508939114000043, 0.062639311000055 ], [ 104.511062154000058, 0.069264744000066 ] ] ], [ [ [ 104.494265408000047, 0.068627646000039 ], [ 104.494365971000036, 0.071131680000065 ], [ 104.494943022000086, 0.071215278000068 ], [ 104.494265408000047, 0.068627646000039 ] ] ], [ [ [ 104.487222453000072, 0.092065829000035 ], [ 104.495963454000048, 0.084001689000047 ], [ 104.502714322000088, 0.074007838000057 ], [ 104.483018342000037, 0.083447498000055 ], [ 104.487222453000072, 0.092065829000035 ] ] ], [ [ [ 104.518200859000046, 0.091880610000032 ], [ 104.516468714000041, 0.092311478000056 ], [ 104.518010794000077, 0.09395891500003 ], [ 104.518200859000046, 0.091880610000032 ] ] ], [ [ [ 104.510756560000061, 0.095893734000072 ], [ 104.510524536000048, 0.096119146000035 ], [ 104.510625129000061, 0.096228588000031 ], [ 104.510756560000061, 0.095893734000072 ] ] ], [ [ [ 104.51263038500008, 0.098574326000062 ], [ 104.516266215000087, 0.094095650000042 ], [ 104.510695884000086, 0.097011020000025 ], [ 104.51263038500008, 0.098574326000062 ] ] ], [ [ [ 104.507006750000073, 0.102479879000043 ], [ 104.508445968000046, 0.101509613000076 ], [ 104.507818071000088, 0.099485716000061 ], [ 104.507006750000073, 0.102479879000043 ] ] ], [ [ [ 104.503469461000066, 0.105986347000055 ], [ 104.505312659000083, 0.105364819000044 ], [ 104.504064840000069, 0.103932801000042 ], [ 104.503469461000066, 0.105986347000055 ] ] ], [ [ [ 104.507884353000065, 0.107230602000072 ], [ 104.506550863000086, 0.106706134000035 ], [ 104.50767515800004, 0.107592483000076 ], [ 104.507884353000065, 0.107230602000072 ] ] ], [ [ [ 104.504883007000046, 0.107638079000026 ], [ 104.505510940000079, 0.107239513000025 ], [ 104.50467532600004, 0.10729666800006 ], [ 104.504883007000046, 0.107638079000026 ] ] ], [ [ [ 104.498027959000069, 0.109172854000064 ], [ 104.501783895000074, 0.11031039300002 ], [ 104.501084621000075, 0.107293344000027 ], [ 104.498027959000069, 0.109172854000064 ] ] ], [ [ [ 104.510391895000055, 0.112373348000062 ], [ 104.509737996000069, 0.113083895000045 ], [ 104.50932423200004, 0.114268164000066 ], [ 104.510391895000055, 0.112373348000062 ] ] ], [ [ [ 104.49784876700005, 0.115160958000047 ], [ 104.498404183000048, 0.11543221300002 ], [ 104.498112699000046, 0.114997961000029 ], [ 104.49784876700005, 0.115160958000047 ] ] ], [ [ [ 104.49119610200006, 0.125587305000067 ], [ 104.497213414000043, 0.117899387000023 ], [ 104.495743815000083, 0.114665081000055 ], [ 104.489659201000052, 0.118400603000055 ], [ 104.49119610200006, 0.125587305000067 ] ] ], [ [ [ 104.494348885000079, 0.123764786000038 ], [ 104.502572030000067, 0.120178569000075 ], [ 104.502794116000075, 0.116191387000072 ], [ 104.494348885000079, 0.123764786000038 ] ] ], [ [ [ 104.523505721000049, 0.121559636000029 ], [ 104.523351584000068, 0.121852032000049 ], [ 104.523705300000074, 0.121634783000047 ], [ 104.523505721000049, 0.121559636000029 ] ] ], [ [ [ 104.523904848000086, 0.122974240000076 ], [ 104.522374753000065, 0.12437901200002 ], [ 104.523533231000044, 0.125368926000021 ], [ 104.523904848000086, 0.122974240000076 ] ] ], [ [ [ 104.522869611000033, 0.126001073000054 ], [ 104.523768501000063, 0.125715224000032 ], [ 104.523771758000066, 0.125489809000044 ], [ 104.522869611000033, 0.126001073000054 ] ] ], [ [ [ 104.489744640000083, 0.151024294000024 ], [ 104.508578630000045, 0.137205798000025 ], [ 104.509654545000046, 0.129250756000033 ], [ 104.520138002000067, 0.121108039000035 ], [ 104.516963135000083, 0.108271354000067 ], [ 104.51095990500005, 0.12177070000007 ], [ 104.485453864000078, 0.140508999000076 ], [ 104.489744640000083, 0.151024294000024 ] ] ], [ [ [ 104.510475556000074, 0.129258944000071 ], [ 104.512357605000034, 0.134729508000021 ], [ 104.517347026000039, 0.130935029000057 ], [ 104.510475556000074, 0.129258944000071 ] ] ], [ [ [ 104.486140482000053, 0.160007076000056 ], [ 104.486245354000062, 0.159309704000066 ], [ 104.485651850000067, 0.159850626000036 ], [ 104.486140482000053, 0.160007076000056 ] ] ], [ [ [ 104.487593298000036, 0.160071194000068 ], [ 104.487984596000047, 0.159613200000024 ], [ 104.487497820000044, 0.15995056600002 ], [ 104.487593298000036, 0.160071194000068 ] ] ], [ [ [ 104.487057861000039, 0.160003326000037 ], [ 104.486380135000047, 0.159907185000066 ], [ 104.486338945000057, 0.160108859000047 ], [ 104.487057861000039, 0.160003326000037 ] ] ], [ [ [ 104.488627127000086, 0.164903818000028 ], [ 104.500886735000051, 0.165182579000032 ], [ 104.500000005000061, 0.158292858000038 ], [ 104.488627127000086, 0.164903818000028 ] ] ], [ [ [ 104.487447649000046, 0.165299592000054 ], [ 104.488494159000084, 0.167274880000036 ], [ 104.491257481000048, 0.167463422000026 ], [ 104.487447649000046, 0.165299592000054 ] ] ], [ [ [ 104.487561776000064, 0.16886183400004 ], [ 104.486814766000066, 0.169372595000027 ], [ 104.487359559000083, 0.169717525000067 ], [ 104.487561776000064, 0.16886183400004 ] ] ], [ [ [ 104.486099324000065, 0.178524068000058 ], [ 104.493981520000034, 0.172523322000075 ], [ 104.496685064000076, 0.167630490000022 ], [ 104.488724545000082, 0.169205962000035 ], [ 104.486099324000065, 0.178524068000058 ] ] ], [ [ [ 104.516252181000084, 0.193628450000062 ], [ 104.517037403000074, 0.193021687000055 ], [ 104.516240284000048, 0.193128763000061 ], [ 104.516252181000084, 0.193628450000062 ] ] ], [ [ [ 104.507973818000039, 0.199650449000046 ], [ 104.51153381000006, 0.199117153000032 ], [ 104.508582960000069, 0.197385202000021 ], [ 104.507973818000039, 0.199650449000046 ] ] ], [ [ [ 104.507139256000073, 0.206350676000056 ], [ 104.508273434000046, 0.206104559000039 ], [ 104.507197915000063, 0.205496527000037 ], [ 104.507139256000073, 0.206350676000056 ] ] ], [ [ [ 104.506121152000048, 0.20683026200004 ], [ 104.50605577400006, 0.206267472000036 ], [ 104.505556087000059, 0.206417378000026 ], [ 104.506121152000048, 0.20683026200004 ] ] ], [ [ [ 104.506669675000069, 0.207202600000073 ], [ 104.507133670000087, 0.207174047000024 ], [ 104.506619706000038, 0.207124078000049 ], [ 104.506669675000069, 0.207202600000073 ] ] ], [ [ [ 104.504689777000067, 0.207744464000029 ], [ 104.506181526000034, 0.207890764000069 ], [ 104.506008798000039, 0.207572613000025 ], [ 104.504689777000067, 0.207744464000029 ] ] ], [ [ [ 104.504142043000058, 0.209743321000076 ], [ 104.503690212000038, 0.210034818000054 ], [ 104.504485017000036, 0.210137382000028 ], [ 104.504142043000058, 0.209743321000076 ] ] ], [ [ [ 104.504649513000061, 0.21077179200006 ], [ 104.504095074000077, 0.210931993000031 ], [ 104.504642374000071, 0.210935975000041 ], [ 104.504649513000061, 0.21077179200006 ] ] ], [ [ [ 104.475660427000037, 0.223366784000063 ], [ 104.500342174000082, 0.20817641800005 ], [ 104.505108609000047, 0.197195441000019 ], [ 104.480891659000065, 0.212333478000062 ], [ 104.475660427000037, 0.223366784000063 ] ] ], [ [ [ 104.505151075000072, 0.211683070000049 ], [ 104.504607768000085, 0.211971903000062 ], [ 104.505225360000054, 0.211821640000039 ], [ 104.505151075000072, 0.211683070000049 ] ] ], [ [ [ 104.515852951000056, 0.223201045000053 ], [ 104.516205361000061, 0.224944873000027 ], [ 104.516957271000081, 0.223993088000043 ], [ 104.515852951000056, 0.223201045000053 ] ] ], [ [ [ 104.514435760000083, 0.237966621000055 ], [ 104.517504304000056, 0.233429167000054 ], [ 104.516288247000034, 0.230255636000038 ], [ 104.512690642000052, 0.230509837000056 ], [ 104.514435760000083, 0.237966621000055 ] ] ], [ [ [ 104.492945759000065, 0.23697740800003 ], [ 104.49369091300008, 0.236082167000063 ], [ 104.492885866000051, 0.236423280000054 ], [ 104.492945759000065, 0.23697740800003 ] ] ], [ [ [ 104.513720916000068, 0.254314023000063 ], [ 104.514215960000058, 0.253619172000072 ], [ 104.513748844000077, 0.253312664000021 ], [ 104.513720916000068, 0.254314023000063 ] ] ], [ [ [ 104.500762635000058, 0.253950074000045 ], [ 104.499424790000035, 0.254028350000056 ], [ 104.499832755000057, 0.254473477000033 ], [ 104.500762635000058, 0.253950074000045 ] ] ], [ [ [ 104.511515423000048, 0.254611080000075 ], [ 104.510462610000047, 0.255546896000055 ], [ 104.511424749000071, 0.255607769000051 ], [ 104.511515423000048, 0.254611080000075 ] ] ], [ [ [ 104.496500763000085, 0.255085436000059 ], [ 104.496583206000082, 0.255368999000041 ], [ 104.496714413000063, 0.255269488000067 ], [ 104.496500763000085, 0.255085436000059 ] ] ], [ [ [ 104.497364508000032, 0.255813552000063 ], [ 104.497124307000036, 0.256207438000047 ], [ 104.497421615000064, 0.255856382000047 ], [ 104.497364508000032, 0.255813552000063 ] ] ], [ [ [ 104.511466555000084, 0.256262867000032 ], [ 104.511843045000035, 0.256269902000042 ], [ 104.511775657000044, 0.255979781000065 ], [ 104.511466555000084, 0.256262867000032 ] ] ], [ [ [ 104.494666199000051, 0.256862894000051 ], [ 104.494766136000067, 0.256584497000063 ], [ 104.494580538000037, 0.25669871100007 ], [ 104.494666199000051, 0.256862894000051 ] ] ], [ [ [ 104.491016344000059, 0.267335182000068 ], [ 104.50707963900004, 0.257219171000031 ], [ 104.510246731000052, 0.248420324000051 ], [ 104.489798910000047, 0.261588662000065 ], [ 104.491016344000059, 0.267335182000068 ] ] ], [ [ [ 104.509268821000035, 0.258221290000051 ], [ 104.508010942000055, 0.259917251000047 ], [ 104.509246006000069, 0.259347185000024 ], [ 104.509268821000035, 0.258221290000051 ] ] ], [ [ [ 104.504954517000044, 0.260544176000053 ], [ 104.505161340000086, 0.260822596000025 ], [ 104.505324031000043, 0.260609700000032 ], [ 104.504954517000044, 0.260544176000053 ] ] ], [ [ [ 104.488062179000053, 0.263884028000064 ], [ 104.488498432000085, 0.263126364000072 ], [ 104.487914309000075, 0.26317345700005 ], [ 104.488062179000053, 0.263884028000064 ] ] ], [ [ [ 104.488038759000062, 0.268914736000056 ], [ 104.486825667000062, 0.266913048000049 ], [ 104.487699860000077, 0.269589470000028 ], [ 104.488038759000062, 0.268914736000056 ] ] ], [ [ [ 104.580204694000088, -0.494806368999946 ], [ 104.581220724000048, -0.49793060099995 ], [ 104.58088760000004, -0.49749991799996 ], [ 104.580204694000088, -0.494806368999946 ] ] ], [ [ [ 104.600302868000085, -0.456233972999939 ], [ 104.600634031000084, -0.456767494999951 ], [ 104.600088717000062, -0.456548061999968 ], [ 104.600302868000085, -0.456233972999939 ] ] ], [ [ [ 104.648957464000034, -0.284466634999944 ], [ 104.65043576100004, -0.284904706999953 ], [ 104.650168392000069, -0.285390230999951 ], [ 104.648957464000034, -0.284466634999944 ] ] ], [ [ [ 104.64414529700008, -0.277764060999971 ], [ 104.64389366100005, -0.278054320999956 ], [ 104.643794063000087, -0.277700719999928 ], [ 104.64414529700008, -0.277764060999971 ] ] ], [ [ [ 104.528743900000052, -0.274491116999968 ], [ 104.529136822000055, -0.274815771999954 ], [ 104.528620168000032, -0.274790928999948 ], [ 104.528743900000052, -0.274491116999968 ] ] ], [ [ [ 104.592217890000086, -0.273980932999962 ], [ 104.592384452000033, -0.274980306999964 ], [ 104.591456462000053, -0.273850062999941 ], [ 104.592217890000086, -0.273980932999962 ] ] ], [ [ [ 104.655829763000042, -0.272166884999933 ], [ 104.655148245000078, -0.272942657999977 ], [ 104.654954352000061, -0.270599441999934 ], [ 104.655829763000042, -0.272166884999933 ] ] ], [ [ [ 104.633796213000039, -0.272635464999951 ], [ 104.637484377000078, -0.268025258999955 ], [ 104.637313004000077, -0.271059976999936 ], [ 104.633796213000039, -0.272635464999951 ] ] ], [ [ [ 104.551501023000071, -0.258723477999979 ], [ 104.551086741000063, -0.258475106999924 ], [ 104.551565268000047, -0.258430803999943 ], [ 104.551501023000071, -0.258723477999979 ] ] ], [ [ [ 104.586821182000051, -0.257972084999949 ], [ 104.59134810900008, -0.259488448999946 ], [ 104.587046205000036, -0.260635952999962 ], [ 104.586821182000051, -0.257972084999949 ] ] ], [ [ [ 104.552807591000033, -0.256864993999955 ], [ 104.553090308000037, -0.256964063999931 ], [ 104.552825745000064, -0.257065447999935 ], [ 104.552807591000033, -0.256864993999955 ] ] ], [ [ [ 104.553503583000065, -0.256484280999928 ], [ 104.554003270000067, -0.256519972999968 ], [ 104.553523494000046, -0.256837831999974 ], [ 104.553503583000065, -0.256484280999928 ] ] ], [ [ [ 104.553040614000054, -0.256156694999959 ], [ 104.552882065000063, -0.256557834999967 ], [ 104.552862155000071, -0.256204283999978 ], [ 104.553040614000054, -0.256156694999959 ] ] ], [ [ [ 104.585730446000071, -0.255126773999962 ], [ 104.58563584500007, -0.255438923999975 ], [ 104.585546767000039, -0.255480318999957 ], [ 104.585730446000071, -0.255126773999962 ] ] ], [ [ [ 104.562206618000062, -0.255062961999954 ], [ 104.561338968000086, -0.255097054999965 ], [ 104.561240618000056, -0.254745961999959 ], [ 104.562206618000062, -0.255062961999954 ] ] ], [ [ [ 104.615571603000035, -0.24030712299998 ], [ 104.614072502000056, -0.238919860999943 ], [ 104.614358037000045, -0.238455865999924 ], [ 104.615571603000035, -0.24030712299998 ] ] ], [ [ [ 104.54899815300007, 0.029378145000067 ], [ 104.652668379000033, -0.051596571999937 ], [ 104.668343580000055, -0.077314215999934 ], [ 104.64950815900005, -0.085855126999945 ], [ 104.62564948000005, -0.073105716999976 ], [ 104.63249105400007, -0.09657459899995 ], [ 104.671593635000079, -0.119239629999925 ], [ 104.660911021000061, -0.090125821999948 ], [ 104.683115251000061, -0.084076358999937 ], [ 104.715757206000035, -0.132533593999938 ], [ 104.734027015000038, -0.140207283999928 ], [ 104.735625154000047, -0.163005300999941 ], [ 104.751099353000086, -0.189187721999929 ], [ 104.777182777000064, -0.191252858999974 ], [ 104.789021124000044, -0.205497398999967 ], [ 104.818749359000037, -0.200133749999964 ], [ 104.826761632000057, -0.192004357999963 ], [ 104.816006569000081, -0.183849645999942 ], [ 104.81264982600004, -0.152211327999964 ], [ 104.82729235100004, -0.133195089999958 ], [ 104.876448350000032, -0.193483065999942 ], [ 104.891675673000066, -0.225499641999932 ], [ 104.955365404000077, -0.276560286999938 ], [ 104.99784205900005, -0.278207804999965 ], [ 104.993350684000063, -0.289399499999945 ], [ 105.000916052000036, -0.303488561999927 ], [ 104.985292949000041, -0.308433640999965 ], [ 104.981171837000034, -0.298243575999948 ], [ 104.952416465000056, -0.294953887999952 ], [ 104.936122702000034, -0.27864726699994 ], [ 104.921092016000046, -0.276259925999966 ], [ 104.899623536000036, -0.287179625999954 ], [ 104.904004192000059, -0.311600647999967 ], [ 104.929448324000077, -0.324051337999947 ], [ 104.916428984000049, -0.339410401999942 ], [ 104.904832978000059, -0.326075630999981 ], [ 104.881581365000045, -0.326662647999967 ], [ 104.865769069000066, -0.312669937999942 ], [ 104.849317873000075, -0.322420651999948 ], [ 104.823288931000036, -0.303537158999973 ], [ 104.826468031000047, -0.292607937999946 ], [ 104.818222552000066, -0.291463037999961 ], [ 104.819619353000064, -0.299965707999945 ], [ 104.788739066000062, -0.278683351999973 ], [ 104.794923259000086, -0.273301549999928 ], [ 104.789962538000054, -0.262433661999978 ], [ 104.778343359000075, -0.259580601999971 ], [ 104.775579894000032, -0.265506079999966 ], [ 104.772060661000069, -0.259249586999942 ], [ 104.769290158000047, -0.265085248999981 ], [ 104.748552888000063, -0.251829093999959 ], [ 104.755299771000068, -0.239495388999956 ], [ 104.750650765000046, -0.232084622999935 ], [ 104.734672250000074, -0.232189792999975 ], [ 104.702961212000048, -0.204557836999925 ], [ 104.647426254000038, -0.217102075999946 ], [ 104.600575924000054, -0.242901477999965 ], [ 104.59550820000004, -0.253176670999949 ], [ 104.593017177000036, -0.246410179999941 ], [ 104.567314759000055, -0.240660749999961 ], [ 104.521467026000039, -0.275880205999954 ], [ 104.503921922000075, -0.26761507599997 ], [ 104.505379128000072, -0.250000000999933 ], [ 104.498394812000072, -0.241878147999955 ], [ 104.461404618000074, -0.24741897399997 ], [ 104.429040159000067, -0.236965233999967 ], [ 104.426521851000075, -0.18417584499997 ], [ 104.449894854000036, -0.181550443999924 ], [ 104.455158633000053, -0.157967433999943 ], [ 104.47580160800004, -0.158207521999941 ], [ 104.469628126000032, -0.137628826999958 ], [ 104.486225885000067, -0.140184447999957 ], [ 104.483357768000076, -0.135460251999973 ], [ 104.505349154000044, -0.130094745999941 ], [ 104.512749810000059, -0.104013919999943 ], [ 104.509709035000071, -0.056481427999927 ], [ 104.498049693000041, -0.051189396999973 ], [ 104.502284866000082, -0.03158936899996 ], [ 104.495276553000053, -0.020324158999927 ], [ 104.49572839800004, -0.011938124999972 ], [ 104.505084415000056, -0.010025765999956 ], [ 104.493668573000036, 0.003134898000042 ], [ 104.505770753000036, -0.00612934399993 ], [ 104.53463183000008, -0.011739575999968 ], [ 104.548144653000065, 0.002417496000021 ], [ 104.556228714000042, 0.000504763000038 ], [ 104.548504584000057, 0.014593784000056 ], [ 104.549603030000071, 0.019162664000021 ], [ 104.547524521000071, 0.023063430000036 ], [ 104.54899815300007, 0.029378145000067 ] ] ], [ [ [ 104.741736392000064, -0.143990562999932 ], [ 104.740892397000039, -0.143578915999967 ], [ 104.741324507000058, -0.143280055999981 ], [ 104.741736392000064, -0.143990562999932 ] ] ], [ [ [ 104.731690448000052, -0.097906350999949 ], [ 104.73008016600005, -0.09767674099993 ], [ 104.731109378000042, -0.096949756999948 ], [ 104.731690448000052, -0.097906350999949 ] ] ], [ [ [ 104.729736133000074, -0.088990234999926 ], [ 104.729170058000079, -0.088578437999956 ], [ 104.729878566000082, -0.088629921999939 ], [ 104.729736133000074, -0.088990234999926 ] ] ], [ [ [ 104.663660976000074, -0.082324994999965 ], [ 104.664235566000059, -0.081866848999937 ], [ 104.663773787000082, -0.082562278999944 ], [ 104.663660976000074, -0.082324994999965 ] ] ], [ [ [ 104.660946524000053, -0.081293067999979 ], [ 104.660905261000039, -0.080779333999942 ], [ 104.661141840000084, -0.081038283999931 ], [ 104.660946524000053, -0.081293067999979 ] ] ], [ [ [ 104.726041137000038, -0.081006976999959 ], [ 104.725274300000081, -0.080647652999971 ], [ 104.725586345000067, -0.080415647999928 ], [ 104.726041137000038, -0.081006976999959 ] ] ], [ [ [ 104.691739293000069, -0.048196839999946 ], [ 104.71051682500007, -0.059949127999971 ], [ 104.727452405000065, -0.088193230999934 ], [ 104.699438408000049, -0.066572721999933 ], [ 104.691739293000069, -0.048196839999946 ] ] ], [ [ [ 104.688419149000083, -0.043034643999931 ], [ 104.689091490000067, -0.04755438199993 ], [ 104.687686074000055, -0.043109514999969 ], [ 104.688419149000083, -0.043034643999931 ] ] ], [ [ [ 104.685685430000035, -0.04062536999993 ], [ 104.685411718000069, -0.040038242999969 ], [ 104.685948146000044, -0.040381657999944 ], [ 104.685685430000035, -0.04062536999993 ] ] ], [ [ [ 104.680356949000043, -0.03723832299994 ], [ 104.684407648000047, -0.038927697999952 ], [ 104.684574066000039, -0.040399655999977 ], [ 104.680356949000043, -0.03723832299994 ] ] ], [ [ [ 104.680880997000088, -0.036177624999937 ], [ 104.680468361000067, -0.03583144199996 ], [ 104.680618294000055, -0.035665282999958 ], [ 104.680880997000088, -0.036177624999937 ] ] ], [ [ [ 104.67687571600004, -0.029238784999961 ], [ 104.677174187000048, -0.029580813999928 ], [ 104.676820690000056, -0.029440952999948 ], [ 104.67687571600004, -0.029238784999961 ] ] ], [ [ [ 104.654321504000052, -0.025577236999936 ], [ 104.653127477000055, -0.024471328999937 ], [ 104.65342660500005, -0.024418177999962 ], [ 104.654321504000052, -0.025577236999936 ] ] ], [ [ [ 104.65922736300007, -0.01719585099994 ], [ 104.669466187000069, -0.019850368999926 ], [ 104.674753395000039, -0.028949368999974 ], [ 104.65922736300007, -0.01719585099994 ] ] ], [ [ [ 104.656272900000033, -0.015003837999927 ], [ 104.655820381000069, -0.014533032999964 ], [ 104.656512231000079, -0.01494428999996 ], [ 104.656272900000033, -0.015003837999927 ] ] ], [ [ [ 104.686816726000075, -0.013409038999953 ], [ 104.685299372000088, -0.013573297999926 ], [ 104.685411544000033, -0.013177021999979 ], [ 104.686816726000075, -0.013409038999953 ] ] ], [ [ [ 104.655957932000035, -0.013362946999962 ], [ 104.655737859000055, -0.01328540399993 ], [ 104.655768117000036, -0.013159394999946 ], [ 104.655957932000035, -0.013362946999962 ] ] ], [ [ [ 104.525637170000039, -0.007802070999958 ], [ 104.52765574700004, -0.009131982999975 ], [ 104.528285920000087, -0.010080787999925 ], [ 104.525637170000039, -0.007802070999958 ] ] ], [ [ [ 104.651802714000041, -0.005657288999942 ], [ 104.657971590000045, -0.005896851999978 ], [ 104.659734909000065, -0.009350340999958 ], [ 104.653834244000052, -0.010339016999978 ], [ 104.651802714000041, -0.005657288999942 ] ] ], [ [ [ 104.527842975000056, -0.004810264999946 ], [ 104.533526902000062, -0.003098121999926 ], [ 104.533625748000077, -0.008308069999941 ], [ 104.527842975000056, -0.004810264999946 ] ] ], [ [ [ 104.534524765000072, -0.005130949999966 ], [ 104.537243166000053, -0.004693302999954 ], [ 104.53575141400006, -0.006423542999926 ], [ 104.534524765000072, -0.005130949999966 ] ] ], [ [ [ 104.54613723600005, 0.005330246000028 ], [ 104.543867316000046, 0.003182210000034 ], [ 104.541905645000043, 0.004448159000049 ], [ 104.54613723600005, 0.005330246000028 ] ] ], [ [ [ 104.53579548600004, 0.019450110000037 ], [ 104.545600705000084, 0.00695883800006 ], [ 104.522970394000083, -0.001278838999951 ], [ 104.51312531800005, 0.013948478000032 ], [ 104.53579548600004, 0.019450110000037 ] ] ], [ [ [ 104.549142226000072, 0.017801962000021 ], [ 104.547978863000083, 0.019500795000056 ], [ 104.549078948000044, 0.019437086000039 ], [ 104.549142226000072, 0.017801962000021 ] ] ], [ [ [ 104.541883732000088, 0.018429484000023 ], [ 104.538071349000063, 0.022945399000037 ], [ 104.543238080000037, 0.01843763100004 ], [ 104.541883732000088, 0.018429484000023 ] ] ], [ [ [ 104.531378217000054, 0.019195890000049 ], [ 104.535822745000075, 0.02254206200007 ], [ 104.535910908000062, 0.019661968000037 ], [ 104.531378217000054, 0.019195890000049 ] ] ], [ [ [ 104.54480243900008, 0.023040471000058 ], [ 104.541997819000073, 0.025398254000038 ], [ 104.542918, 0.027038 ], [ 104.54480243900008, 0.023040471000058 ] ] ], [ [ [ 104.616334327000061, 0.027098907000038 ], [ 104.61677331900006, 0.030102007000039 ], [ 104.618412188000036, 0.029650117000074 ], [ 104.616334327000061, 0.027098907000038 ] ] ], [ [ [ 104.548467095000035, 0.030341819000057 ], [ 104.547942662000082, 0.030129809000073 ], [ 104.547974785000065, 0.030322545000047 ], [ 104.548467095000035, 0.030341819000057 ] ] ], [ [ [ 104.71070620200004, 0.03712857000005 ], [ 104.710363886000039, 0.036654257000066 ], [ 104.710060356000042, 0.037343012000065 ], [ 104.71070620200004, 0.03712857000005 ] ] ], [ [ [ 104.546502511000085, 0.036859987000071 ], [ 104.546445404000053, 0.037137095000048 ], [ 104.546595310000043, 0.037084846000027 ], [ 104.546502511000085, 0.036859987000071 ] ] ], [ [ [ 104.657378922000078, 0.036069 ], [ 104.650902039000073, 0.038824091000038 ], [ 104.644647496000061, 0.048094732000038 ], [ 104.657378922000078, 0.036069 ] ] ], [ [ [ 104.731749062000063, 0.043457395000075 ], [ 104.731135316000064, 0.044356478000054 ], [ 104.732158225000035, 0.043721198000071 ], [ 104.731749062000063, 0.043457395000075 ] ] ], [ [ [ 104.526804950000042, 0.055181228000038 ], [ 104.539585879000072, 0.044552211000052 ], [ 104.544390329000066, 0.032631029000072 ], [ 104.529737017000059, 0.038196255000059 ], [ 104.52146841800004, 0.049973635000072 ], [ 104.526804950000042, 0.055181228000038 ] ] ], [ [ [ 104.731754445000036, 0.044943305000061 ], [ 104.731991330000085, 0.045190956000056 ], [ 104.732007481000039, 0.044652583000072 ], [ 104.731754445000036, 0.044943305000061 ] ] ], [ [ [ 104.547180857000058, 0.064230984000062 ], [ 104.54724159500006, 0.064745801000072 ], [ 104.547932069000069, 0.064388610000037 ], [ 104.547180857000058, 0.064230984000062 ] ] ], [ [ [ 104.536672459000044, 0.07613481900006 ], [ 104.534144581000078, 0.07853469500003 ], [ 104.535387550000053, 0.079382783000028 ], [ 104.536672459000044, 0.07613481900006 ] ] ], [ [ [ 104.616508071000055, 0.079685231000042 ], [ 104.619285484000045, 0.075725760000068 ], [ 104.615249918000075, 0.079180737000058 ], [ 104.616508071000055, 0.079685231000042 ] ] ], [ [ [ 104.622340712000039, 0.080820662000065 ], [ 104.622730943000079, 0.078060487000073 ], [ 104.620332446000077, 0.079726110000024 ], [ 104.622340712000039, 0.080820662000065 ] ] ], [ [ [ 104.627163005000057, 0.08126143100003 ], [ 104.627483872000084, 0.082074295000041 ], [ 104.627754827000047, 0.081425430000024 ], [ 104.627163005000057, 0.08126143100003 ] ] ], [ [ [ 104.624302529000033, 0.083083244000022 ], [ 104.626073243000064, 0.08165122500003 ], [ 104.624183689000063, 0.082233540000061 ], [ 104.624302529000033, 0.083083244000022 ] ] ], [ [ [ 104.541765090000069, 0.099691473000064 ], [ 104.559172753000041, 0.079574286000025 ], [ 104.561853780000035, 0.072453408000058 ], [ 104.533902644000079, 0.096259383000074 ], [ 104.541765090000069, 0.099691473000064 ] ] ], [ [ [ 104.741906, 0.091856 ], [ 104.739408766000054, 0.092759855000054 ], [ 104.739802889000032, 0.093136063000031 ], [ 104.741906, 0.091856 ] ] ], [ [ [ 104.734398336000083, 0.100188542000069 ], [ 104.736423367000043, 0.096604337000031 ], [ 104.733723325000085, 0.093590563000021 ], [ 104.734398336000083, 0.100188542000069 ] ] ], [ [ [ 104.648112729000047, 0.097985766000022 ], [ 104.64727378200007, 0.098326898000039 ], [ 104.648150046000069, 0.098286330000064 ], [ 104.648112729000047, 0.097985766000022 ] ] ], [ [ [ 104.73340008100007, 0.102546322000023 ], [ 104.73262999800005, 0.10073995800002 ], [ 104.731669772000032, 0.102004413000031 ], [ 104.73340008100007, 0.102546322000023 ] ] ], [ [ [ 104.522897962000059, 0.110565793000035 ], [ 104.525227223000059, 0.101783542000021 ], [ 104.520954930000073, 0.103239328000029 ], [ 104.522897962000059, 0.110565793000035 ] ] ], [ [ [ 104.537228818000074, 0.10993940100002 ], [ 104.535428019000051, 0.105822843000055 ], [ 104.534133475000033, 0.106811029000028 ], [ 104.537228818000074, 0.10993940100002 ] ] ], [ [ [ 104.639471751000087, 0.109012387000064 ], [ 104.639323964000084, 0.109527870000022 ], [ 104.639715070000079, 0.10912059900005 ], [ 104.639471751000087, 0.109012387000064 ] ] ], [ [ [ 104.532921603000034, 0.109850960000074 ], [ 104.53161220800007, 0.109553646000052 ], [ 104.53267495700004, 0.110551720000046 ], [ 104.532921603000034, 0.109850960000074 ] ] ], [ [ [ 104.527245840000035, 0.114114270000073 ], [ 104.531397993000041, 0.112395905000028 ], [ 104.531015127000046, 0.108596408000039 ], [ 104.527245840000035, 0.114114270000073 ] ] ], [ [ [ 104.525603742000044, 0.118580196000039 ], [ 104.527659526000036, 0.118428314000028 ], [ 104.527635205000081, 0.116809533000037 ], [ 104.525603742000044, 0.118580196000039 ] ] ], [ [ [ 104.525374892000059, 0.122263705000023 ], [ 104.525516077000077, 0.121296683000025 ], [ 104.526316005000069, 0.121108845000037 ], [ 104.526535060000072, 0.120527324000022 ], [ 104.525215906000085, 0.121100656000067 ], [ 104.525374892000059, 0.122263705000023 ] ] ], [ [ [ 104.524172534000058, 0.125096146000033 ], [ 104.525009822000072, 0.121971300000041 ], [ 104.523851265000076, 0.12527908800007 ], [ 104.524172534000058, 0.125096146000033 ] ] ], [ [ [ 104.707191481000052, 0.127318600000024 ], [ 104.706767983000077, 0.127509717000066 ], [ 104.70679556500005, 0.127800474000026 ], [ 104.707191481000052, 0.127318600000024 ] ] ], [ [ [ 104.512905717000081, 0.247577484000033 ], [ 104.589554588000055, 0.169390898000074 ], [ 104.665833202000044, 0.070983320000039 ], [ 104.687870368000063, 0.05158119500004 ], [ 104.703608432000067, 0.048638328000038 ], [ 104.709632053000064, 0.038285278000046 ], [ 104.70169711300008, 0.018155196000066 ], [ 104.69119575600007, 0.017336792000037 ], [ 104.661697174000039, 0.036769022000044 ], [ 104.621562521000044, 0.074885106000067 ], [ 104.637214722000067, 0.077716417000033 ], [ 104.628070616000059, 0.079953938000074 ], [ 104.630003076000037, 0.083194835000029 ], [ 104.625153375000082, 0.09107719800005 ], [ 104.617258452000044, 0.088468291000027 ], [ 104.615932823000037, 0.097913282000036 ], [ 104.614757974000042, 0.091950897000061 ], [ 104.604456302000074, 0.097446670000068 ], [ 104.618324559000087, 0.08065524400007 ], [ 104.603814902000067, 0.081963495000025 ], [ 104.553664408000088, 0.126496461000045 ], [ 104.548918226000069, 0.150401692000059 ], [ 104.569756163000079, 0.134586360000071 ], [ 104.568683213000043, 0.142224064000061 ], [ 104.555532848000041, 0.147722403000046 ], [ 104.557615542000065, 0.156372923000049 ], [ 104.552818310000077, 0.15316514500006 ], [ 104.554561066000076, 0.159421705000057 ], [ 104.543645162000075, 0.172377807000032 ], [ 104.545057655000051, 0.167590960000041 ], [ 104.542967267000051, 0.168626293000045 ], [ 104.544350313000052, 0.163512246000039 ], [ 104.550607524000043, 0.158206801000063 ], [ 104.544225371000039, 0.145960011000057 ], [ 104.537287092000042, 0.150060994000057 ], [ 104.505982427000049, 0.19047518800005 ], [ 104.510669965000034, 0.195574373000056 ], [ 104.527983605000088, 0.183923335000031 ], [ 104.525064112000052, 0.197649263000073 ], [ 104.509241536000047, 0.204092134000064 ], [ 104.506165296000063, 0.213886148000029 ], [ 104.493996778000053, 0.21605825000006 ], [ 104.491075781000063, 0.227732484000057 ], [ 104.476790719000064, 0.237054082000043 ], [ 104.487667719000058, 0.24658394100004 ], [ 104.493415738000067, 0.235094528000047 ], [ 104.498770061000073, 0.238528805000044 ], [ 104.506324764000055, 0.226491023000051 ], [ 104.529116491000082, 0.213945327000033 ], [ 104.512905717000081, 0.247577484000033 ] ] ], [ [ [ 104.708413509000081, 0.13323325500005 ], [ 104.707794849000038, 0.13395661200002 ], [ 104.708527723000088, 0.133404577000022 ], [ 104.708413509000081, 0.13323325500005 ] ] ], [ [ [ 104.545077645000049, 0.135069715000043 ], [ 104.55103885300008, 0.134012871000039 ], [ 104.55243977400005, 0.130096280000032 ], [ 104.545077645000049, 0.135069715000043 ] ] ], [ [ [ 104.526184415000046, 0.138342268000031 ], [ 104.528159096000081, 0.13679213100005 ], [ 104.526027058000068, 0.136749613000063 ], [ 104.526184415000046, 0.138342268000031 ] ] ], [ [ [ 104.605288547000043, 0.154522482000061 ], [ 104.606386627000063, 0.155214127000022 ], [ 104.605202982000037, 0.154194485000062 ], [ 104.605288547000043, 0.154522482000061 ] ] ], [ [ [ 104.598643643000059, 0.160812910000061 ], [ 104.598928858000079, 0.160666737000042 ], [ 104.59856122900004, 0.160367772000029 ], [ 104.598643643000059, 0.160812910000061 ] ] ], [ [ [ 104.543675059000066, 0.166251815000066 ], [ 104.545745460000035, 0.165802651000035 ], [ 104.545369053000059, 0.164530160000027 ], [ 104.543675059000066, 0.166251815000066 ] ] ], [ [ [ 104.544362994000039, 0.167401807000033 ], [ 104.544002793000061, 0.167163304000042 ], [ 104.543952493000063, 0.167328290000057 ], [ 104.544362994000039, 0.167401807000033 ] ] ], [ [ [ 104.552220833000035, 0.209520215000055 ], [ 104.552139931000056, 0.209220403000074 ], [ 104.552006682000069, 0.20951545600002 ], [ 104.552220833000035, 0.209520215000055 ] ] ], [ [ [ 104.529291368000088, 0.238759539000057 ], [ 104.528087423000045, 0.238864045000071 ], [ 104.528080922000072, 0.23923811100002 ], [ 104.529291368000088, 0.238759539000057 ] ] ], [ [ [ 104.527876433000074, 0.240575929000045 ], [ 104.527955976000044, 0.239411257000029 ], [ 104.527250094000067, 0.241253809000057 ], [ 104.527876433000074, 0.240575929000045 ] ] ], [ [ [ 104.550998195000034, 0.345643594000023 ], [ 104.56627536600007, 0.34271734400005 ], [ 104.555931431000033, 0.334530424000036 ], [ 104.550998195000034, 0.345643594000023 ] ] ], [ [ [ 104.546579, 0.345338 ], [ 104.546785, 0.345019 ], [ 104.546571, 0.344999 ], [ 104.546579, 0.345338 ] ] ], [ [ [ 104.545558506000077, 0.352547838000021 ], [ 104.545245162000072, 0.352989140000034 ], [ 104.545593874000076, 0.35299436300005 ], [ 104.545558506000077, 0.352547838000021 ] ] ], [ [ [ 104.533687161000046, 0.358489783000039 ], [ 104.533916690000069, 0.35916314900004 ], [ 104.534160161000045, 0.358367783000062 ], [ 104.533687161000046, 0.358489783000039 ] ] ], [ [ [ 104.513636213000041, 0.434347674000037 ], [ 104.547709882000049, 0.423917589000041 ], [ 104.56139590500004, 0.413068017000057 ], [ 104.538644530000056, 0.415551432000029 ], [ 104.528488721000087, 0.404583203000072 ], [ 104.533015025000054, 0.360733953000022 ], [ 104.513636213000041, 0.434347674000037 ] ] ], [ [ [ 104.562600971000052, 0.406864323000036 ], [ 104.564796024000088, 0.406364636000035 ], [ 104.56515177600005, 0.404942651000056 ], [ 104.562600971000052, 0.406864323000036 ] ] ], [ [ [ 105.264750593000088, -1.271447215999956 ], [ 105.260358742000051, -1.275244113999975 ], [ 105.256850801000041, -1.273154732999956 ], [ 105.258701657000074, -1.271486744999947 ], [ 105.264750593000088, -1.271447215999956 ] ] ], [ [ [ 105.266118411000036, -1.272096407999925 ], [ 105.265361881000047, -1.272168782999927 ], [ 105.266409449000037, -1.271534611999925 ], [ 105.266118411000036, -1.272096407999925 ] ] ], [ [ [ 105.256955006000055, -1.260263823999935 ], [ 105.254007853000076, -1.262043215999938 ], [ 105.257208195000032, -1.258896706999963 ], [ 105.256955006000055, -1.260263823999935 ] ] ], [ [ [ 105.26180215800008, -1.258696258999976 ], [ 105.262058534000062, -1.259566498999959 ], [ 105.260528509000039, -1.258988212999952 ], [ 105.26180215800008, -1.258696258999976 ] ] ], [ [ [ 105.259666410000079, -1.258624168999972 ], [ 105.259439281000084, -1.25898701999995 ], [ 105.258771997000053, -1.258721967999975 ], [ 105.259666410000079, -1.258624168999972 ] ] ], [ [ [ 105.25874181100005, -1.257248447999928 ], [ 105.257780213000046, -1.256938315999946 ], [ 105.258411188000082, -1.256542529999933 ], [ 105.25874181100005, -1.257248447999928 ] ] ], [ [ [ 105.246092050000073, -1.232438121999962 ], [ 105.245666268000036, -1.231116927999949 ], [ 105.246418412000082, -1.231942784999944 ], [ 105.246092050000073, -1.232438121999962 ] ] ], [ [ [ 105.222860472000036, -1.214384929999937 ], [ 105.223320911000087, -1.214189416999943 ], [ 105.223197736000088, -1.214598234999926 ], [ 105.222860472000036, -1.214384929999937 ] ] ], [ [ [ 105.224408595000057, -1.213420449999944 ], [ 105.223773265000034, -1.211663237999971 ], [ 105.224329974000057, -1.211380592999944 ], [ 105.224408595000057, -1.213420449999944 ] ] ], [ [ [ 105.26009063500004, -1.200648181999952 ], [ 105.273956731000055, -1.212572516999955 ], [ 105.271326922000071, -1.216710923999926 ], [ 105.263245702000063, -1.215138750999927 ], [ 105.26009063500004, -1.200648181999952 ] ] ], [ [ [ 105.259247076000065, -1.199747660999947 ], [ 105.259289202000048, -1.200372454999979 ], [ 105.259024387000068, -1.20026717099995 ], [ 105.259247076000065, -1.199747660999947 ] ] ], [ [ [ 105.312620218000063, -1.177746352999975 ], [ 105.312096402000066, -1.177881956999954 ], [ 105.31179792000006, -1.177149931999963 ], [ 105.312620218000063, -1.177746352999975 ] ] ], [ [ [ 105.311308420000046, -1.176460322999958 ], [ 105.310785244000044, -1.177027040999974 ], [ 105.310473135000052, -1.176445488999946 ], [ 105.311308420000046, -1.176460322999958 ] ] ], [ [ [ 105.317111682000075, -1.169620455999961 ], [ 105.31914499800007, -1.172154362999947 ], [ 105.31613244600004, -1.171416079999972 ], [ 105.317111682000075, -1.169620455999961 ] ] ], [ [ [ 105.314760861000082, -1.171280690999936 ], [ 105.314435613000057, -1.169914537999944 ], [ 105.315510652000057, -1.170715738999945 ], [ 105.314760861000082, -1.171280690999936 ] ] ], [ [ [ 105.315485007000063, -1.169499426999948 ], [ 105.31609119400008, -1.168578612999966 ], [ 105.315821417000052, -1.169884524999929 ], [ 105.315485007000063, -1.169499426999948 ] ] ], [ [ [ 105.276875301000075, -1.146577635999961 ], [ 105.30776164100007, -1.160780225999929 ], [ 105.312299759000041, -1.167756156999928 ], [ 105.31111048300005, -1.174662587999933 ], [ 105.276875301000075, -1.146577635999961 ] ] ], [ [ [ 105.281012126000064, -1.141771563999953 ], [ 105.280777117000071, -1.14309174999994 ], [ 105.279786853000076, -1.14205558499998 ], [ 105.281012126000064, -1.141771563999953 ] ] ], [ [ [ 105.240289879000045, -1.124857090999967 ], [ 105.240402221000068, -1.123594182999966 ], [ 105.241073722000067, -1.124437687999944 ], [ 105.240289879000045, -1.124857090999967 ] ] ], [ [ [ 105.643230474000063, -0.964383080999937 ], [ 105.640163829000073, -0.973272063999957 ], [ 105.640340976000061, -0.968996912999955 ], [ 105.643230474000063, -0.964383080999937 ] ] ], [ [ [ 105.762635484000043, -0.913672688999952 ], [ 105.755673154000078, -0.91282709199993 ], [ 105.754429514000037, -0.911417511999957 ], [ 105.759749959000033, -0.909440849999953 ], [ 105.762635484000043, -0.913672688999952 ] ] ], [ [ [ 104.933113240000068, -0.772851384999967 ], [ 104.933695233000037, -0.782122296999944 ], [ 104.928644589000044, -0.783768883999926 ], [ 104.924775752000073, -0.778329919999976 ], [ 104.933113240000068, -0.772851384999967 ] ] ], [ [ [ 104.939131222000071, -0.76818633299996 ], [ 104.939128941000035, -0.769527984999968 ], [ 104.937457034000033, -0.769286912999974 ], [ 104.939131222000071, -0.76818633299996 ] ] ], [ [ [ 104.939536278000048, -0.768017485999962 ], [ 104.939296325000043, -0.767658790999974 ], [ 104.939766774000077, -0.767785573999959 ], [ 104.939536278000048, -0.768017485999962 ] ] ], [ [ [ 104.940942912000082, -0.761402156999964 ], [ 104.941582511000036, -0.764171848999979 ], [ 104.939047207000044, -0.762342743999966 ], [ 104.940942912000082, -0.761402156999964 ] ] ], [ [ [ 104.927223280000078, -0.347632831999931 ], [ 104.927324080000062, -0.34763111999996 ], [ 104.927243178000083, -0.347667287999968 ], [ 104.927223280000078, -0.347632831999931 ] ] ], [ [ [ 104.927841042000068, -0.336319959999969 ], [ 104.929630634000034, -0.342617678999943 ], [ 104.92596364700006, -0.340403114999958 ], [ 104.927841042000068, -0.336319959999969 ] ] ], [ [ [ 104.982873591000043, -0.322830774999943 ], [ 104.983526356000084, -0.323471770999959 ], [ 104.982819171000074, -0.323334398999975 ], [ 104.982873591000043, -0.322830774999943 ] ] ], [ [ [ 104.981261109000059, -0.321758558999932 ], [ 104.981308698000078, -0.322186861999967 ], [ 104.981165930000088, -0.321787112999971 ], [ 104.981261109000059, -0.321758558999932 ] ] ], [ [ [ 104.866398809000088, -0.319841613999927 ], [ 104.866224316000057, -0.319177298999932 ], [ 104.86665509900007, -0.319692110999938 ], [ 104.866398809000088, -0.319841613999927 ] ] ], [ [ [ 104.865793885000073, -0.318865276999929 ], [ 104.86509650000005, -0.319262913999978 ], [ 104.864887197000087, -0.318813060999958 ], [ 104.865438221000034, -0.31854102899996 ], [ 104.865793885000073, -0.318865276999929 ] ] ], [ [ [ 104.991472764000036, -0.31205293599993 ], [ 104.998301817000083, -0.31928649799994 ], [ 104.983246769000061, -0.320508945999961 ], [ 104.991472764000036, -0.31205293599993 ] ] ], [ [ [ 104.961821547000056, -0.307105996999951 ], [ 104.960756738000043, -0.30732609699993 ], [ 104.961089863000041, -0.306630104999954 ], [ 104.961821547000056, -0.307105996999951 ] ] ], [ [ [ 105.020356486000082, -0.298171318999948 ], [ 105.020841896000036, -0.299277768999957 ], [ 105.019856799000081, -0.298878018999972 ], [ 105.020356486000082, -0.298171318999948 ] ] ], [ [ [ 104.777973778000046, -0.267732776999935 ], [ 104.777499700000078, -0.265610881999976 ], [ 104.77797220900004, -0.26497448899994 ], [ 104.777973778000046, -0.267732776999935 ] ] ], [ [ [ 104.769607486000041, -0.266745549999939 ], [ 104.767962619000059, -0.266308798999944 ], [ 104.770239640000057, -0.26642086499993 ], [ 104.769607486000041, -0.266745549999939 ] ] ], [ [ [ 104.764199882000071, -0.264838900999962 ], [ 104.763146971000083, -0.264648544999943 ], [ 104.763242149000064, -0.264505776999954 ], [ 104.764199882000071, -0.264838900999962 ] ] ], [ [ [ 104.791195221000066, -0.192198835999932 ], [ 104.79401303800006, -0.193869589999963 ], [ 104.792393425000057, -0.194249554999942 ], [ 104.791195221000066, -0.192198835999932 ] ] ], [ [ [ 104.779913753000073, -0.185054915999956 ], [ 104.78018099500008, -0.186926850999953 ], [ 104.778495595000038, -0.187767500999939 ], [ 104.779913753000073, -0.185054915999956 ] ] ], [ [ [ 104.777882883000075, -0.186058552999953 ], [ 104.77800185600006, -0.186079967999945 ], [ 104.777911437000057, -0.186134695999954 ], [ 104.777882883000075, -0.186058552999953 ] ] ], [ [ [ 104.771743426000057, -0.183985836999966 ], [ 104.771686319000082, -0.184471246999976 ], [ 104.771357953000063, -0.184085773999925 ], [ 104.771743426000057, -0.183985836999966 ] ] ], [ [ [ 104.916554470000051, -0.183819608999954 ], [ 104.917001027000083, -0.183856086999924 ], [ 104.916741753000053, -0.183962410999925 ], [ 104.916554470000051, -0.183819608999954 ] ] ], [ [ [ 104.792474462000087, -0.18090837699998 ], [ 104.796510517000058, -0.179714185999956 ], [ 104.794926811000039, -0.183709036999971 ], [ 104.792474462000087, -0.18090837699998 ] ] ], [ [ [ 104.902872061000039, -0.178354714999955 ], [ 104.900397695000038, -0.180178229999967 ], [ 104.900451629000088, -0.177753553999935 ], [ 104.902872061000039, -0.178354714999955 ] ] ], [ [ [ 104.751308135000045, -0.16883391999994 ], [ 104.751101421000044, -0.169126763999941 ], [ 104.751222004000056, -0.168790854999941 ], [ 104.751308135000045, -0.16883391999994 ] ] ], [ [ [ 104.757767927000089, -0.166904595999938 ], [ 104.758319162000078, -0.16656007399996 ], [ 104.758396680000033, -0.166585912999949 ], [ 104.757767927000089, -0.166904595999938 ] ] ], [ [ [ 104.743539075000058, -0.146629470999926 ], [ 104.750862616000063, -0.152803887999937 ], [ 104.752038776000063, -0.156596530999934 ], [ 104.747888468000042, -0.155410032999953 ], [ 104.743539075000058, -0.146629470999926 ] ] ], [ [ [ 104.923990011000058, -0.14004663399993 ], [ 104.923962611000036, -0.139670298999931 ], [ 104.924206627000046, -0.139785159999974 ], [ 104.923990011000058, -0.14004663399993 ] ] ], [ [ [ 104.926477107000039, -0.13464718299997 ], [ 104.927637393000055, -0.135990204999928 ], [ 104.92685055700008, -0.135998245999929 ], [ 104.926477107000039, -0.13464718299997 ] ] ], [ [ [ 104.91687528500006, -0.125045945999943 ], [ 104.925624368000058, -0.132822637999936 ], [ 104.921264768000071, -0.139465353999924 ], [ 104.910898039000074, -0.137808656999937 ], [ 104.91687528500006, -0.125045945999943 ] ] ], [ [ [ 104.77332387000007, -0.130738937999979 ], [ 104.773858251000036, -0.131478935999951 ], [ 104.772924312000043, -0.13194292999998 ], [ 104.77332387000007, -0.130738937999979 ] ] ], [ [ [ 104.76952168300005, -0.125191209999969 ], [ 104.770449673000087, -0.130669918999956 ], [ 104.773359754000069, -0.132854263999945 ], [ 104.770875596000053, -0.13372514699995 ], [ 104.76952168300005, -0.125191209999969 ] ] ], [ [ [ 104.821097328000064, -0.127614825999956 ], [ 104.823752841000044, -0.127485847999935 ], [ 104.821452219000037, -0.13039301799995 ], [ 104.821097328000064, -0.127614825999956 ] ] ], [ [ [ 104.733056142000066, -0.100212450999948 ], [ 104.758014948000039, -0.139515613999947 ], [ 104.766428402000088, -0.14820707299998 ], [ 104.756407201000059, -0.15132926299998 ], [ 104.745390462000046, -0.139774347999946 ], [ 104.733056142000066, -0.100212450999948 ] ] ], [ [ [ 104.824306038000088, -0.124645008999948 ], [ 104.825064921000035, -0.12481992499994 ], [ 104.826648565000085, -0.127127993999977 ], [ 104.824306038000088, -0.124645008999948 ] ] ], [ [ [ 104.914339018000078, -0.124133163999943 ], [ 104.913636057000076, -0.123648632999959 ], [ 104.913741904000062, -0.123407368999949 ], [ 104.914339018000078, -0.124133163999943 ] ] ], [ [ [ 104.906102727000075, -0.119109918999925 ], [ 104.90653721700005, -0.117939382999964 ], [ 104.906794199000046, -0.117725230999952 ], [ 104.906497718000082, -0.118645923999964 ], [ 104.906102727000075, -0.119109918999925 ] ] ], [ [ [ 105.004886319000036, -0.11789398999997 ], [ 105.003011061000052, -0.119314765999945 ], [ 105.004185920000054, -0.116364234999935 ], [ 105.004886319000036, -0.11789398999997 ] ] ], [ [ [ 104.800609, -0.092405 ], [ 104.79848733700004, -0.095057990999976 ], [ 104.79788, -0.090757 ], [ 104.800609, -0.092405 ] ] ], [ [ [ 104.886405816000035, -0.09125142299996 ], [ 104.887455267000064, -0.092103879999968 ], [ 104.886282003000076, -0.092179267999938 ], [ 104.886405816000035, -0.09125142299996 ] ] ], [ [ [ 104.884866844000044, -0.089053177999972 ], [ 104.886478470000043, -0.089683471999933 ], [ 104.885319179000078, -0.090241387999924 ], [ 104.884866844000044, -0.089053177999972 ] ] ], [ [ [ 104.86567324300006, -0.08913989499996 ], [ 104.866138679000073, -0.088907759999927 ], [ 104.866247679000082, -0.08926675999993 ], [ 104.86567324300006, -0.08913989499996 ] ] ], [ [ [ 104.836482274000048, -0.082467182999949 ], [ 104.837606604000086, -0.084536001999936 ], [ 104.835905121000053, -0.084527950999927 ], [ 104.836482274000048, -0.082467182999949 ] ] ], [ [ [ 104.853475, -0.079134 ], [ 104.84893016500007, -0.078378782999948 ], [ 104.851702, -0.076793 ], [ 104.853475, -0.079134 ] ] ], [ [ [ 104.815196315000037, -0.06494052599993 ], [ 104.81508447300007, -0.065634152999962 ], [ 104.814409483000077, -0.065035021999961 ], [ 104.815196315000037, -0.06494052599993 ] ] ], [ [ [ 104.832645948000049, -0.051860390999934 ], [ 104.84346294900007, -0.056519766999941 ], [ 104.844175849000067, -0.070719981999957 ], [ 104.830782691000081, -0.057352080999976 ], [ 104.832645948000049, -0.051860390999934 ] ] ], [ [ [ 104.842747300000042, -0.036367954999946 ], [ 104.857373641000038, -0.059033437999972 ], [ 104.870512224000038, -0.063467646999925 ], [ 104.877730824000082, -0.080211819999931 ], [ 104.847735611000076, -0.063612593999949 ], [ 104.842874830000085, -0.053479626999945 ], [ 104.837531725000076, -0.053167987999927 ], [ 104.833558510000046, -0.038985278999974 ], [ 104.842747300000042, -0.036367954999946 ] ] ], [ [ [ 104.830137143000059, -0.047543128999962 ], [ 104.829943811000078, -0.047067236999965 ], [ 104.830508933000033, -0.04773348599997 ], [ 104.830137143000059, -0.047543128999962 ] ] ], [ [ [ 104.83653872800005, -0.037150035999957 ], [ 104.836210220000055, -0.036746924999932 ], [ 104.836326041000063, -0.03669967999997 ], [ 104.83653872800005, -0.037150035999957 ] ] ], [ [ [ 104.838498333000075, -0.03519909399995 ], [ 104.839700554000046, -0.034937728999978 ], [ 104.83934808500004, -0.035597174999964 ], [ 104.838498333000075, -0.03519909399995 ] ] ], [ [ [ 104.834280334000084, -0.030393724999954 ], [ 104.837589435000041, -0.033040555999946 ], [ 104.836974334000047, -0.036356888999933 ], [ 104.834280334000084, -0.030393724999954 ] ] ], [ [ [ 104.818313570000043, -0.023581 ], [ 104.817742500000065, -0.023071794999964 ], [ 104.81857289900006, -0.023490409999965 ], [ 104.818313570000043, -0.023581 ] ] ], [ [ [ 104.815323188000036, -0.019685385999935 ], [ 104.814492423000047, -0.01889324299998 ], [ 104.81458028600008, -0.018539394999948 ], [ 104.815323188000036, -0.019685385999935 ] ] ], [ [ [ 104.830169105000039, -0.01323651499996 ], [ 104.830436924000082, -0.020651089999944 ], [ 104.82658933600004, -0.020215648999965 ], [ 104.825479668000071, -0.015894083999967 ], [ 104.830169105000039, -0.01323651499996 ] ] ], [ [ [ 104.831624275000081, -0.012108824999927 ], [ 104.83143360400004, -0.013101589999962 ], [ 104.831083377000084, -0.011410665999961 ], [ 104.831624275000081, -0.012108824999927 ] ] ], [ [ [ 104.825243797000041, -0.011402492999935 ], [ 104.825614397000038, -0.010965127999953 ], [ 104.825618516000077, -0.01127125499994 ], [ 104.825243797000041, -0.011402492999935 ] ] ], [ [ [ 104.785073895000039, 0.019600751000041 ], [ 104.786827083000048, 0.018271815000048 ], [ 104.787109025000063, 0.017633751000062 ], [ 104.785073895000039, 0.019600751000041 ] ] ], [ [ [ 104.759297386000071, 0.030595084000026 ], [ 104.758514800000057, 0.030674245000057 ], [ 104.759229985000047, 0.030996554000069 ], [ 104.759297386000071, 0.030595084000026 ] ] ], [ [ [ 104.768713827000056, 0.06137375000003 ], [ 104.784108343000071, 0.030948379000051 ], [ 104.77306167200004, 0.038502038000047 ], [ 104.73975486900008, 0.032208066000067 ], [ 104.738402532000066, 0.047875925000028 ], [ 104.760927440000046, 0.042064657000026 ], [ 104.768713827000056, 0.06137375000003 ] ] ], [ [ [ 104.757515733000048, 0.07282960200007 ], [ 104.757544757000062, 0.073401986000022 ], [ 104.757763422000039, 0.072969409000052 ], [ 104.757515733000048, 0.07282960200007 ] ] ], [ [ [ 104.748818888000073, 0.08722602000006 ], [ 104.754488747000039, 0.078205181000044 ], [ 104.73973783100007, 0.076223540000058 ], [ 104.73943758300004, 0.086624204000032 ], [ 104.748818888000073, 0.08722602000006 ] ] ], [ [ [ 104.746193578000089, 0.094065084000022 ], [ 104.746622260000038, 0.094093427000075 ], [ 104.746464226000057, 0.093656623000072 ], [ 104.746193578000089, 0.094065084000022 ] ] ] ] } },
{ "type": "Feature", "properties": { "kemendagri_kab_code": 2105, "kemendagri_kab_name": "Kabupaten Kepulauan Anambas", "kemendagri_prov_code": 21, "kemendagri_prov_name": "Kepulauan Riau" }, "geometry": { "type": "MultiPolygon", "coordinates": [ [ [ [ 105.597650859000055, 2.301219999000068 ], [ 105.597549613000069, 2.300146793000067 ], [ 105.596216061000064, 2.299895125000035 ], [ 105.597650859000055, 2.301219999000068 ] ] ], [ [ [ 105.382000923000078, 2.741190952000068 ], [ 105.382187092000038, 2.741261765000047 ], [ 105.382038613000077, 2.741139556000064 ], [ 105.382000923000078, 2.741190952000068 ] ] ], [ [ [ 105.379970538000066, 2.740616036000063 ], [ 105.381737122000061, 2.741728027000022 ], [ 105.381947204000085, 2.740801824000073 ], [ 105.379970538000066, 2.740616036000063 ] ] ], [ [ [ 105.736890397000082, 2.810544173000039 ], [ 105.736565642000073, 2.810813649000067 ], [ 105.736808562000078, 2.811003780000021 ], [ 105.736890397000082, 2.810544173000039 ] ] ], [ [ [ 105.771682456000065, 2.842216898000061 ], [ 105.775087682000049, 2.840441026000065 ], [ 105.774654836000082, 2.839245767000023 ], [ 105.771682456000065, 2.842216898000061 ] ] ], [ [ [ 105.775057804000085, 2.843826645000036 ], [ 105.774765183000056, 2.84408533900006 ], [ 105.774893803000055, 2.844200140000055 ], [ 105.775057804000085, 2.843826645000036 ] ] ], [ [ [ 105.772306765000053, 2.879196574000048 ], [ 105.772353388000056, 2.879498123000076 ], [ 105.772535391000076, 2.879340028000058 ], [ 105.772306765000053, 2.879196574000048 ] ] ], [ [ [ 105.79244809000005, 2.882625357000052 ], [ 105.792314540000064, 2.875383967000062 ], [ 105.791060513000048, 2.874375988000054 ], [ 105.784822489000078, 2.879701036000029 ], [ 105.79244809000005, 2.882625357000052 ] ] ], [ [ [ 105.692957809000063, 2.89234969000006 ], [ 105.692197649000036, 2.893071808000059 ], [ 105.692947700000047, 2.893344211000056 ], [ 105.692957809000063, 2.89234969000006 ] ] ], [ [ [ 105.681531635000056, 2.923945175000028 ], [ 105.69476953800006, 2.918168080000044 ], [ 105.687844762000054, 2.909300678000022 ], [ 105.678199308000046, 2.918902550000041 ], [ 105.681531635000056, 2.923945175000028 ] ] ], [ [ [ 105.672585066000067, 2.918594964000022 ], [ 105.674706522000065, 2.917274638000038 ], [ 105.670972773000074, 2.917887047000022 ], [ 105.672585066000067, 2.918594964000022 ] ] ], [ [ [ 105.702513190000047, 2.919927357000063 ], [ 105.702599087000067, 2.92023965900006 ], [ 105.702952364000055, 2.919840914000076 ], [ 105.702513190000047, 2.919927357000063 ] ] ], [ [ [ 105.697319960000073, 3.062856559000068 ], [ 105.711879589000034, 3.050424573000043 ], [ 105.715144716000054, 3.030087060000028 ], [ 105.738739378000048, 3.049792447000073 ], [ 105.736547610000059, 3.009058843000048 ], [ 105.724161406000064, 2.993683659000055 ], [ 105.748215349000077, 2.969258590000038 ], [ 105.756728506000059, 2.968920130000072 ], [ 105.762137204000055, 2.980796736000059 ], [ 105.786425163000047, 2.972439529000042 ], [ 105.787368600000036, 2.986490632000027 ], [ 105.798957593000068, 2.989261273000068 ], [ 105.800673430000074, 2.999676504000035 ], [ 105.808345474000078, 2.989719312000034 ], [ 105.850488469000084, 2.987119839000059 ], [ 105.840333398000041, 2.979024472000049 ], [ 105.846974160000059, 2.977267552000058 ], [ 105.844267973000058, 2.959300822000046 ], [ 105.851908190000074, 2.957151623000073 ], [ 105.834561705000056, 2.958801988000062 ], [ 105.829248963000055, 2.969562191000023 ], [ 105.819894459000068, 2.97063236200006 ], [ 105.821007246000079, 2.948623478000059 ], [ 105.810487183000077, 2.943651610000074 ], [ 105.828110937000076, 2.910392510000065 ], [ 105.79026206900005, 2.908208222000042 ], [ 105.811667588000034, 2.900858165000045 ], [ 105.821494563000044, 2.886127635000037 ], [ 105.799993106000045, 2.887700403000053 ], [ 105.781268379000039, 2.909222580000062 ], [ 105.782462330000044, 2.896711603000028 ], [ 105.765489310000078, 2.893774546000031 ], [ 105.772135248000041, 2.882378182000025 ], [ 105.767039675000035, 2.871603722000032 ], [ 105.742522244000043, 2.867533500000036 ], [ 105.733967026000073, 2.880641630000071 ], [ 105.721279085000049, 2.873637948000066 ], [ 105.738721246000068, 2.850447358000054 ], [ 105.754968212000051, 2.856299659000058 ], [ 105.769399381000085, 2.843056392000051 ], [ 105.769146381000041, 2.833036181000068 ], [ 105.75712386400005, 2.832774871000026 ], [ 105.758513030000074, 2.824938273000043 ], [ 105.746497318000081, 2.826732201000027 ], [ 105.748456227000077, 2.819011863000071 ], [ 105.739763383000081, 2.832818453000073 ], [ 105.732660797000051, 2.814860826000029 ], [ 105.693134469000086, 2.850849720000042 ], [ 105.697755637000057, 2.870449484000062 ], [ 105.691227294000043, 2.878081422000037 ], [ 105.702839916000073, 2.881220840000026 ], [ 105.694223356000066, 2.892786930000057 ], [ 105.707076627000049, 2.925238114000024 ], [ 105.694190630000037, 2.93288624500002 ], [ 105.706672057000048, 2.93495370100004 ], [ 105.706425606000039, 2.951882081000065 ], [ 105.715282392000063, 2.958353264000039 ], [ 105.706544938000036, 2.976744764000046 ], [ 105.713387653000041, 2.974940830000037 ], [ 105.715024848000041, 2.983858977000068 ], [ 105.675051866000047, 3.008823992000032 ], [ 105.692167792000077, 3.005508228000053 ], [ 105.697680699000045, 3.018243462000044 ], [ 105.694972727000049, 3.027723592000029 ], [ 105.705457583000054, 3.031679379000025 ], [ 105.693557956000063, 3.04369054600005 ], [ 105.691059798000083, 3.057694312000024 ], [ 105.697319960000073, 3.062856559000068 ] ] ], [ [ [ 105.849397016000069, 2.953010830000039 ], [ 105.849487345000057, 2.952833646000045 ], [ 105.849325474000068, 2.952848130000064 ], [ 105.849397016000069, 2.953010830000039 ] ] ], [ [ [ 105.848462383000083, 2.954266910000058 ], [ 105.848670111000047, 2.955074539000066 ], [ 105.849162664000062, 2.95476181600003 ], [ 105.848462383000083, 2.954266910000058 ] ] ], [ [ [ 105.693269925000038, 2.97714032500005 ], [ 105.704268424000077, 2.97127830900007 ], [ 105.706735830000071, 2.959651367000049 ], [ 105.691307460000075, 2.969114403000049 ], [ 105.693269925000038, 2.97714032500005 ] ] ], [ [ [ 105.758774874000039, 2.974887204000026 ], [ 105.758253108000076, 2.975181342000042 ], [ 105.758257452000066, 2.975453026000025 ], [ 105.758774874000039, 2.974887204000026 ] ] ], [ [ [ 105.778125027000044, 2.976228370000058 ], [ 105.778740796000079, 2.975883870000075 ], [ 105.777993811000044, 2.975833538000074 ], [ 105.778125027000044, 2.976228370000058 ] ] ], [ [ [ 105.699623694000081, 2.976177539000048 ], [ 105.698271154000054, 2.977643241000067 ], [ 105.700585628000056, 2.978230574000065 ], [ 105.699623694000081, 2.976177539000048 ] ] ], [ [ [ 105.777354937000041, 2.979047846000071 ], [ 105.777089984000042, 2.97806072000003 ], [ 105.777044179000086, 2.97894394900004 ], [ 105.777354937000041, 2.979047846000071 ] ] ], [ [ [ 105.769867227000077, 2.98315038800007 ], [ 105.770141176000038, 2.981674608000048 ], [ 105.769323786000086, 2.982238849000055 ], [ 105.769867227000077, 2.98315038800007 ] ] ], [ [ [ 105.684372272000076, 2.988490175000038 ], [ 105.68768841900004, 2.986096952000025 ], [ 105.68448804500008, 2.985136757000021 ], [ 105.684372272000076, 2.988490175000038 ] ] ], [ [ [ 105.696569772000032, 2.988823830000058 ], [ 105.698342706000062, 2.989326816000073 ], [ 105.697790895000082, 2.987730788000022 ], [ 105.696569772000032, 2.988823830000058 ] ] ], [ [ [ 105.806288640000048, 3.007529893000026 ], [ 105.813560232000043, 3.003690139000071 ], [ 105.81202495000008, 2.999268160000042 ], [ 105.80523433500008, 2.998818199000027 ], [ 105.806288640000048, 3.007529893000026 ] ] ], [ [ [ 105.840116837000039, 3.01216669400003 ], [ 105.837645504000079, 3.00735417900006 ], [ 105.833779433000075, 3.009277900000029 ], [ 105.840116837000039, 3.01216669400003 ] ] ], [ [ [ 105.669964662000041, 3.011351604000026 ], [ 105.671849295000072, 3.010099742000023 ], [ 105.670521965000034, 3.009129879000056 ], [ 105.669964662000041, 3.011351604000026 ] ] ], [ [ [ 105.695338769000045, 3.020760339000049 ], [ 105.69413884100004, 3.020800604000044 ], [ 105.694174773000043, 3.021145249000028 ], [ 105.695338769000045, 3.020760339000049 ] ] ], [ [ [ 105.74638402800008, 3.033574431000034 ], [ 105.747744453000053, 3.028369627000075 ], [ 105.746112495000034, 3.028192829000034 ], [ 105.74638402800008, 3.033574431000034 ] ] ], [ [ [ 105.751833133000048, 3.03431142900007 ], [ 105.752452758000061, 3.031736788000046 ], [ 105.750424813000052, 3.03252446700003 ], [ 105.751833133000048, 3.03431142900007 ] ] ], [ [ [ 105.739594711000052, 3.049794686000041 ], [ 105.739612132000047, 3.049157403000038 ], [ 105.739189897000074, 3.049705209000024 ], [ 105.739594711000052, 3.049794686000041 ] ] ], [ [ [ 105.69078679200004, 3.061255948000053 ], [ 105.689211725000064, 3.061149257000068 ], [ 105.689123527000049, 3.062851115000058 ], [ 105.69078679200004, 3.061255948000053 ] ] ], [ [ [ 105.689195466000058, 3.063649311000063 ], [ 105.688599030000034, 3.063638925000021 ], [ 105.688681436000081, 3.064051756000026 ], [ 105.689195466000058, 3.063649311000063 ] ] ], [ [ [ 105.614456410000059, 3.072678727000039 ], [ 105.614247398000089, 3.072478853000064 ], [ 105.614194859000065, 3.072541670000021 ], [ 105.614456410000059, 3.072678727000039 ] ] ], [ [ [ 105.606499411000073, 3.077388821000056 ], [ 105.613846256000045, 3.075912981000045 ], [ 105.61413179200008, 3.074321122000072 ], [ 105.606499411000073, 3.077388821000056 ] ] ], [ [ [ 105.725631368000052, 3.080796993000035 ], [ 105.727284680000082, 3.080390160000036 ], [ 105.726255771000069, 3.079906179000034 ], [ 105.725631368000052, 3.080796993000035 ] ] ], [ [ [ 105.676070627000058, 3.083364407000033 ], [ 105.67570870600008, 3.083352670000068 ], [ 105.675785047000034, 3.083587188000024 ], [ 105.676070627000058, 3.083364407000033 ] ] ], [ [ [ 105.67225760000008, 3.087998299000049 ], [ 105.67362980300004, 3.082269721000046 ], [ 105.669366044000071, 3.084220166000023 ], [ 105.67225760000008, 3.087998299000049 ] ] ], [ [ [ 105.584114446000058, 3.091143154000065 ], [ 105.597753517000058, 3.091238333000035 ], [ 105.608951260000083, 3.08091623100006 ], [ 105.588456611000083, 3.083352356000034 ], [ 105.584114446000058, 3.091143154000065 ] ] ], [ [ [ 105.698629815000061, 3.09970051800002 ], [ 105.728137670000081, 3.094212574000039 ], [ 105.73510925800008, 3.083846255000026 ], [ 105.723703550000039, 3.086166241000058 ], [ 105.711752416000081, 3.07399970900002 ], [ 105.700939323000057, 3.081417248000037 ], [ 105.698629815000061, 3.09970051800002 ] ] ], [ [ [ 105.646796848000065, 3.090730184000051 ], [ 105.64600746900004, 3.090622957000051 ], [ 105.646089873000051, 3.091050155000062 ], [ 105.646796848000065, 3.090730184000051 ] ] ], [ [ [ 105.640530702000035, 3.093960510000045 ], [ 105.641332230000046, 3.090506126000037 ], [ 105.639542918000075, 3.090571836000038 ], [ 105.640530702000035, 3.093960510000045 ] ] ], [ [ [ 105.700870830000042, 3.100900735000039 ], [ 105.700227581000036, 3.100338685000054 ], [ 105.700335236000058, 3.101110525000024 ], [ 105.700870830000042, 3.100900735000039 ] ] ], [ [ [ 105.691044595000051, 3.103325618000042 ], [ 105.691143583000041, 3.103227897000068 ], [ 105.690985491000049, 3.103243320000047 ], [ 105.691044595000051, 3.103325618000042 ] ] ], [ [ [ 105.65366950300006, 3.118161189000034 ], [ 105.665735697000059, 3.108693122000034 ], [ 105.661509925000075, 3.102046528000074 ], [ 105.675114216000054, 3.091001298000037 ], [ 105.662564266000061, 3.098499385000025 ], [ 105.652763342000071, 3.096594697000057 ], [ 105.655861281000057, 3.08722563300006 ], [ 105.643483460000084, 3.093076491000033 ], [ 105.641473891000032, 3.114844082000047 ], [ 105.65366950300006, 3.118161189000034 ] ] ], [ [ [ 105.67351844600006, 3.117341497000041 ], [ 105.691281382000057, 3.113345729000059 ], [ 105.695410031000051, 3.102725495000072 ], [ 105.675686508000069, 3.106260425000073 ], [ 105.67351844600006, 3.117341497000041 ] ] ], [ [ [ 105.668574516000035, 3.115807516000075 ], [ 105.668500899000037, 3.116118723000056 ], [ 105.668717537000077, 3.116053959000055 ], [ 105.668574516000035, 3.115807516000075 ] ] ], [ [ [ 105.672439162000046, 3.116668888000049 ], [ 105.672850811000046, 3.116230607000034 ], [ 105.672474646000069, 3.116302654000037 ], [ 105.672439162000046, 3.116668888000049 ] ] ], [ [ [ 105.66847768100007, 3.117058776000022 ], [ 105.669613352000056, 3.116889307000065 ], [ 105.669087858000069, 3.116153629000053 ], [ 105.66847768100007, 3.117058776000022 ] ] ], [ [ [ 105.664211881000085, 3.126317293000056 ], [ 105.666293198000062, 3.122612207000032 ], [ 105.666003592000038, 3.12231687700006 ], [ 105.664211881000085, 3.126317293000056 ] ] ], [ [ [ 105.67487841600007, 3.125492231000067 ], [ 105.673323638000056, 3.123751936000076 ], [ 105.674364701000059, 3.126436813000055 ], [ 105.67487841600007, 3.125492231000067 ] ] ], [ [ [ 105.877664063000054, 2.361311147000038 ], [ 105.886105201000078, 2.359044710000035 ], [ 105.880584851000037, 2.355071010000074 ], [ 105.877664063000054, 2.361311147000038 ] ] ], [ [ [ 106.049108257000057, 2.503620389000048 ], [ 106.053545952000036, 2.502692399000068 ], [ 106.049138, 2.498201166000058 ], [ 106.049108257000057, 2.503620389000048 ] ] ], [ [ [ 106.040502509000078, 2.511540830000058 ], [ 106.040092509000033, 2.50854583000006 ], [ 106.040611509000087, 2.506878830000062 ], [ 106.039544509000052, 2.508944830000075 ], [ 106.040502509000078, 2.511540830000058 ] ] ], [ [ [ 106.043975759000034, 2.508876618000045 ], [ 106.043178502000046, 2.510522886000047 ], [ 106.043975759000034, 2.511260838000055 ], [ 106.043975759000034, 2.508876618000045 ] ] ], [ [ [ 106.052259952000043, 2.510751386000038 ], [ 106.052980929000057, 2.510130346000039 ], [ 106.052582358000052, 2.509762170000045 ], [ 106.052259952000043, 2.510751386000038 ] ] ], [ [ [ 106.049941639000053, 2.513877656000034 ], [ 106.039579639000067, 2.514274656000055 ], [ 106.047940639000046, 2.525727656000072 ], [ 106.050640639000051, 2.520235656000068 ], [ 106.049941639000053, 2.513877656000034 ] ] ], [ [ [ 106.170915070000035, 2.760553930000071 ], [ 106.187469512000064, 2.756344765000051 ], [ 106.192576264000081, 2.745705846000021 ], [ 106.184810264000077, 2.739843846000042 ], [ 106.176054706000059, 2.744773345000056 ], [ 106.170915070000035, 2.760553930000071 ] ] ], [ [ [ 106.01337415900008, 2.787457061000055 ], [ 106.020958753000059, 2.784905164000065 ], [ 106.018296158000055, 2.781687243000022 ], [ 106.01337415900008, 2.787457061000055 ] ] ], [ [ [ 106.117773551000084, 2.845607824000069 ], [ 106.123737030000086, 2.842705853000041 ], [ 106.12185379500005, 2.840959421000036 ], [ 106.117773551000084, 2.845607824000069 ] ] ], [ [ [ 106.117210174000036, 2.846061583000051 ], [ 106.115765319000047, 2.847229703000039 ], [ 106.115958825000064, 2.847965442000032 ], [ 106.117210174000036, 2.846061583000051 ] ] ], [ [ [ 106.116753666000079, 2.848937911000064 ], [ 106.11708976500006, 2.849226421000026 ], [ 106.116723923000052, 2.848827861000075 ], [ 106.116753666000079, 2.848937911000064 ] ] ], [ [ [ 106.116420530000084, 2.849142476000054 ], [ 106.116756331000033, 2.849339593000025 ], [ 106.116490457000054, 2.849019231000057 ], [ 106.116420530000084, 2.849142476000054 ] ] ], [ [ [ 106.096833657000047, 2.870452350000051 ], [ 106.104219944000079, 2.873234559000025 ], [ 106.102062838000052, 2.868910818000074 ], [ 106.096833657000047, 2.870452350000051 ] ] ], [ [ [ 106.15152075900005, 2.901193698000043 ], [ 106.152846844000067, 2.899099464000074 ], [ 106.151212383000086, 2.899890901000049 ], [ 106.15152075900005, 2.901193698000043 ] ] ], [ [ [ 106.161806096000078, 2.903028501000051 ], [ 106.161914132000049, 2.903931829000044 ], [ 106.162336448000076, 2.903748910000047 ], [ 106.161806096000078, 2.903028501000051 ] ] ], [ [ [ 106.132847593000065, 2.905707154000027 ], [ 106.133977110000046, 2.903376194000032 ], [ 106.131871121000074, 2.903970642000047 ], [ 106.132847593000065, 2.905707154000027 ] ] ], [ [ [ 106.161201463000054, 2.905903182000031 ], [ 106.157989143000066, 2.90696908700005 ], [ 106.159898868000084, 2.91000411300007 ], [ 106.161201463000054, 2.905903182000031 ] ] ], [ [ [ 106.126912805000075, 2.938876212000025 ], [ 106.145081581000056, 2.929961999000056 ], [ 106.149005358000068, 2.919192023000051 ], [ 106.136586173000069, 2.918260575000033 ], [ 106.133005770000068, 2.929762537000045 ], [ 106.114047931000073, 2.925055558000054 ], [ 106.126912805000075, 2.938876212000025 ] ] ], [ [ [ 105.851998565000088, 2.955509978000066 ], [ 105.850362119000067, 2.954258270000025 ], [ 105.850012735000064, 2.955005294000046 ], [ 105.851998565000088, 2.955509978000066 ] ] ], [ [ [ 105.852402956000049, 2.955095601000039 ], [ 105.852340881000032, 2.954861091000055 ], [ 105.852236290000064, 2.955067008000071 ], [ 105.852402956000049, 2.955095601000039 ] ] ], [ [ [ 105.851448024000035, 2.95886521400007 ], [ 105.851549018000071, 2.958625792000021 ], [ 105.851257450000048, 2.958703804000038 ], [ 105.851448024000035, 2.95886521400007 ] ] ], [ [ [ 106.162389907000033, 2.972875034000026 ], [ 106.167742231000034, 2.955760292000036 ], [ 106.155543758000078, 2.957973683000034 ], [ 106.162389907000033, 2.972875034000026 ] ] ], [ [ [ 105.852183452000077, 2.975020566000069 ], [ 105.850822064000056, 2.973933802000033 ], [ 105.850797772000078, 2.974852903000055 ], [ 105.852183452000077, 2.975020566000069 ] ] ], [ [ [ 105.85054514400008, 2.98603868500004 ], [ 105.850787794000041, 2.98580393900005 ], [ 105.850478315000032, 2.985818540000025 ], [ 105.85054514400008, 2.98603868500004 ] ] ], [ [ [ 106.146482626000079, 3.005038784000021 ], [ 106.149090452000053, 2.994745161000026 ], [ 106.138964093000084, 2.976548054000034 ], [ 106.136584147000065, 2.995581538000067 ], [ 106.146482626000079, 3.005038784000021 ] ] ], [ [ [ 106.124262655000052, 2.992916748000027 ], [ 106.130291784000065, 2.992056986000023 ], [ 106.12602159100004, 2.987989636000066 ], [ 106.124262655000052, 2.992916748000027 ] ] ], [ [ [ 106.119633885000042, 2.993059836000043 ], [ 106.120347937000076, 2.992958587000032 ], [ 106.119750360000069, 2.992892189000031 ], [ 106.119633885000042, 2.993059836000043 ] ] ], [ [ [ 105.965185017000067, 3.017215294000039 ], [ 105.965171100000077, 3.017631752000057 ], [ 105.965302867000048, 3.017222369000024 ], [ 105.965185017000067, 3.017215294000039 ] ] ], [ [ [ 105.967697824000084, 3.021375256000056 ], [ 105.967395141000054, 3.022341848000053 ], [ 105.967862210000078, 3.022179877000042 ], [ 105.967697824000084, 3.021375256000056 ] ] ], [ [ [ 105.957298402000049, 3.045408089000034 ], [ 105.95584718300006, 3.031885823000039 ], [ 105.944866657000034, 3.020202648000065 ], [ 105.950995197000054, 3.041342754000027 ], [ 105.957298402000049, 3.045408089000034 ] ] ], [ [ [ 105.952217841000049, 3.050093523000044 ], [ 105.951482752000061, 3.050740387000076 ], [ 105.952129481000043, 3.051138309000066 ], [ 105.952217841000049, 3.050093523000044 ] ] ], [ [ [ 105.981969695000032, 3.087137354000049 ], [ 105.991469684000037, 3.072219152000059 ], [ 105.982795888000055, 3.057249608000063 ], [ 105.987809103000075, 3.04478042300002 ], [ 105.979738174000033, 3.038431482000021 ], [ 105.985987775000069, 3.028957262000063 ], [ 105.977660327000081, 3.01726850600005 ], [ 105.975468057000057, 3.029638166000041 ], [ 105.965221729000064, 3.024549517000025 ], [ 105.963520876000075, 3.039528727000061 ], [ 105.970407808000061, 3.045582523000064 ], [ 105.966712382000082, 3.070278194000025 ], [ 105.981969695000032, 3.087137354000049 ] ] ], [ [ [ 105.991800831000035, 3.073052331000042 ], [ 105.991779286000053, 3.072925504000068 ], [ 105.991748369000049, 3.07303802000007 ], [ 105.991800831000035, 3.073052331000042 ] ] ], [ [ [ 105.95443348200007, 3.091861751000067 ], [ 105.957735550000052, 3.076662308000039 ], [ 105.954254971000069, 3.070174617000021 ], [ 105.94461571100004, 3.089838836000069 ], [ 105.95443348200007, 3.091861751000067 ] ] ], [ [ [ 105.975726302000055, 3.084553733000064 ], [ 105.976024045000088, 3.084706035000067 ], [ 105.976098358000058, 3.084610232000045 ], [ 105.975726302000055, 3.084553733000064 ] ] ], [ [ [ 105.967400815000076, 3.091376014000048 ], [ 105.973589427000036, 3.087012026000025 ], [ 105.962185027000032, 3.081522502000041 ], [ 105.967400815000076, 3.091376014000048 ] ] ], [ [ [ 105.971503354000049, 3.094546124000033 ], [ 105.971801865000089, 3.096137153000029 ], [ 105.974229895000065, 3.095650259000024 ], [ 105.971503354000049, 3.094546124000033 ] ] ], [ [ [ 105.960664772000086, 3.10119472100007 ], [ 105.960515020000059, 3.091099159000066 ], [ 105.947584990000053, 3.096930324000027 ], [ 105.950674037000056, 3.100776089000021 ], [ 105.960664772000086, 3.10119472100007 ] ] ], [ [ [ 105.947058386000037, 3.098178902000029 ], [ 105.947365867000087, 3.09856994300003 ], [ 105.947740715000066, 3.098411644000066 ], [ 105.947058386000037, 3.098178902000029 ] ] ], [ [ [ 106.110388497000088, 3.114011971000025 ], [ 106.11726335700007, 3.110931743000037 ], [ 106.108954496000081, 3.108725868000022 ], [ 106.110388497000088, 3.114011971000025 ] ] ], [ [ [ 106.142937069000084, 3.126549187000023 ], [ 106.147658693000039, 3.12319896200006 ], [ 106.143682187000081, 3.122226158000046 ], [ 106.142937069000084, 3.126549187000023 ] ] ], [ [ [ 106.115214192000053, 3.140332100000023 ], [ 106.123052667000081, 3.129855631000055 ], [ 106.125586937000037, 3.118577153000047 ], [ 106.111749531000044, 3.11950734800007 ], [ 106.115214192000053, 3.140332100000023 ] ] ], [ [ [ 106.102474474000076, 3.138282970000034 ], [ 106.112044638000043, 3.140850321000073 ], [ 106.104945415000088, 3.133989881000048 ], [ 106.102474474000076, 3.138282970000034 ] ] ], [ [ [ 106.087915075000069, 3.156796162000035 ], [ 106.099074020000046, 3.138285668000037 ], [ 106.088294302000065, 3.122935793000067 ], [ 106.079458785000043, 3.133176205000041 ], [ 106.084551882000085, 3.147447984000053 ], [ 106.074336775000063, 3.146399580000036 ], [ 106.087915075000069, 3.156796162000035 ] ] ], [ [ [ 106.176202439000065, 3.306751332000033 ], [ 106.175299631000087, 3.305332569000029 ], [ 106.175643266000066, 3.308643003000043 ], [ 106.176202439000065, 3.306751332000033 ] ] ], [ [ [ 106.034560626000086, 3.32861288600003 ], [ 106.034362090000059, 3.328832325000064 ], [ 106.034573626000054, 3.328802886000062 ], [ 106.034560626000086, 3.32861288600003 ] ] ], [ [ [ 105.951263146000088, 3.329328715000031 ], [ 105.950964268000064, 3.330456563000041 ], [ 105.951461505000054, 3.330405125000027 ], [ 105.951263146000088, 3.329328715000031 ] ] ], [ [ [ 106.042514414000038, 3.333536696000067 ], [ 106.052082858000063, 3.334893627000042 ], [ 106.051498935000041, 3.328203273000042 ], [ 106.042514414000038, 3.333536696000067 ] ] ], [ [ [ 106.176154670000074, 3.353372706000073 ], [ 106.173635826000066, 3.354582846000028 ], [ 106.174677024000061, 3.35569268100005 ], [ 106.176154670000074, 3.353372706000073 ] ] ], [ [ [ 106.146153793000053, 3.403285500000038 ], [ 106.151699452000059, 3.395677393000028 ], [ 106.14514728100005, 3.389458452000042 ], [ 106.146153793000053, 3.403285500000038 ] ] ], [ [ [ 106.273360576000073, 2.614010345000054 ], [ 106.279090445000065, 2.611537222000038 ], [ 106.274364031000061, 2.607115512000064 ], [ 106.273360576000073, 2.614010345000054 ] ] ], [ [ [ 106.286205090000067, 2.616827372000046 ], [ 106.284238529000049, 2.619420477000062 ], [ 106.285543933000042, 2.619972373000053 ], [ 106.286205090000067, 2.616827372000046 ] ] ], [ [ [ 106.281610452000052, 2.619083266000075 ], [ 106.280327084000078, 2.619830999000044 ], [ 106.28110586300005, 2.620090443000038 ], [ 106.281610452000052, 2.619083266000075 ] ] ], [ [ [ 106.301717047000068, 2.635144091000029 ], [ 106.301472184000033, 2.629199954000057 ], [ 106.299909666000076, 2.629286881000041 ], [ 106.301717047000068, 2.635144091000029 ] ] ], [ [ [ 106.293633037000063, 2.633850247000055 ], [ 106.293894777000048, 2.633868093000046 ], [ 106.293898740000088, 2.63367093100004 ], [ 106.293633037000063, 2.633850247000055 ] ] ], [ [ [ 106.275989286000083, 2.704492740000035 ], [ 106.275908530000038, 2.705252495000025 ], [ 106.276194065000084, 2.705181111000059 ], [ 106.275989286000083, 2.704492740000035 ] ] ], [ [ [ 106.274483427000064, 2.708869960000072 ], [ 106.274730697000052, 2.70922381500003 ], [ 106.274678800000061, 2.708814405000055 ], [ 106.274483427000064, 2.708869960000072 ] ] ], [ [ [ 106.248791002000075, 2.718799956000055 ], [ 106.246787496000081, 2.71772444000004 ], [ 106.248662442000068, 2.719337364000069 ], [ 106.248791002000075, 2.718799956000055 ] ] ], [ [ [ 106.269089933000032, 2.719412886000043 ], [ 106.271159933000035, 2.718174886000043 ], [ 106.269331933000046, 2.717604886000061 ], [ 106.269089933000032, 2.719412886000043 ] ] ], [ [ [ 106.267183032000048, 2.725063918000046 ], [ 106.266709534000086, 2.715434208000033 ], [ 106.251055060000056, 2.712057753000067 ], [ 106.252475598000046, 2.720823688000053 ], [ 106.267183032000048, 2.725063918000046 ] ] ], [ [ [ 106.278685361000043, 2.720402523000075 ], [ 106.282782549000046, 2.719767127000068 ], [ 106.276312549000068, 2.718913127000064 ], [ 106.278685361000043, 2.720402523000075 ] ] ], [ [ [ 106.28716475300007, 2.728477787000031 ], [ 106.284427, 2.726520117000064 ], [ 106.282939837000072, 2.727567080000028 ], [ 106.28716475300007, 2.728477787000031 ] ] ], [ [ [ 106.269632210000054, 2.732683953000048 ], [ 106.277871210000058, 2.731657953000024 ], [ 106.268254994000074, 2.731727568000053 ], [ 106.269632210000054, 2.732683953000048 ] ] ], [ [ [ 106.266344286000049, 2.732705526000075 ], [ 106.267738650000069, 2.732020241000043 ], [ 106.266777348000062, 2.732043040000065 ], [ 106.266344286000049, 2.732705526000075 ] ] ], [ [ [ 106.222787459000074, 2.738875151000059 ], [ 106.221131355000068, 2.736747913000045 ], [ 106.220110566000074, 2.737797255000032 ], [ 106.222787459000074, 2.738875151000059 ] ] ], [ [ [ 106.283893771000066, 2.73962377600003 ], [ 106.284386933000064, 2.738184373000024 ], [ 106.283083794000049, 2.73781660800006 ], [ 106.283893771000066, 2.73962377600003 ] ] ], [ [ [ 106.245682633000058, 2.739728902000024 ], [ 106.245535084000039, 2.739199854000049 ], [ 106.245230536000065, 2.739795527000069 ], [ 106.245682633000058, 2.739728902000024 ] ] ], [ [ [ 106.198428569000043, 2.763899300000048 ], [ 106.198216890000083, 2.762892387000022 ], [ 106.197900681000078, 2.763509577000036 ], [ 106.198428569000043, 2.763899300000048 ] ] ], [ [ [ 106.201500801000066, 2.810736460000044 ], [ 106.225183907000087, 2.806463516000065 ], [ 106.226278129000036, 2.789166646000069 ], [ 106.245461343000045, 2.775934463000056 ], [ 106.238377688000071, 2.760996207000062 ], [ 106.253760903000057, 2.761310296000033 ], [ 106.254560402000038, 2.75557817400005 ], [ 106.243281757000034, 2.753251061000071 ], [ 106.25194061600007, 2.745984188000023 ], [ 106.241318702000058, 2.737989199000026 ], [ 106.253925086000038, 2.723598218000063 ], [ 106.226507985000069, 2.736758541000029 ], [ 106.214436979000084, 2.755282645000023 ], [ 106.201816318000056, 2.756960165000066 ], [ 106.201445122000052, 2.762313953000046 ], [ 106.222917378000034, 2.766254340000046 ], [ 106.215543428000046, 2.783529227000031 ], [ 106.191641743000048, 2.801315698000053 ], [ 106.201500801000066, 2.810736460000044 ] ] ], [ [ [ 106.182104863000063, 2.842324519000044 ], [ 106.181148320000034, 2.843102602000044 ], [ 106.181705113000078, 2.843380999000033 ], [ 106.182104863000063, 2.842324519000044 ] ] ], [ [ [ 106.181419904000052, 2.957969005000052 ], [ 106.185686496000073, 2.949484244000075 ], [ 106.192492745000038, 2.951410120000048 ], [ 106.188002504000053, 2.942111880000027 ], [ 106.175043960000039, 2.948598767000021 ], [ 106.181419904000052, 2.957969005000052 ] ] ], [ [ [ 106.241031977000034, 2.988515274000065 ], [ 106.240684997000074, 2.989226432000066 ], [ 106.241015627000081, 2.989233689000059 ], [ 106.241031977000034, 2.988515274000065 ] ] ], [ [ [ 106.240435357000081, 3.002005832000066 ], [ 106.248872719000076, 2.997768052000026 ], [ 106.239631432000067, 2.990756389000069 ], [ 106.240435357000081, 3.002005832000066 ] ] ], [ [ [ 106.223164281000038, 3.047770995000064 ], [ 106.221589719000065, 3.039735435000068 ], [ 106.218879798000046, 3.048815432000026 ], [ 106.223164281000038, 3.047770995000064 ] ] ], [ [ [ 106.286835170000074, 3.072863521000045 ], [ 106.287484762000076, 3.073755819000041 ], [ 106.289255081000078, 3.072742168000048 ], [ 106.286835170000074, 3.072863521000045 ] ] ], [ [ [ 106.257116598000039, 3.089624127000036 ], [ 106.253641478000077, 3.091235874000063 ], [ 106.255363981000073, 3.09704535700007 ], [ 106.257116598000039, 3.089624127000036 ] ] ], [ [ [ 106.226292557000079, 3.235687895000069 ], [ 106.277313599000081, 3.195307573000036 ], [ 106.281846665000046, 3.181949650000035 ], [ 106.274580666000077, 3.181007571000066 ], [ 106.27522984400008, 3.167599313000039 ], [ 106.284921580000059, 3.179032908000067 ], [ 106.288168984000038, 3.178448207000031 ], [ 106.287943304000066, 3.150552854000068 ], [ 106.267891586000076, 3.117209467000066 ], [ 106.276300601000059, 3.119872084000065 ], [ 106.275415442000053, 3.10557390300005 ], [ 106.283039235000047, 3.119950606000032 ], [ 106.288600035000059, 3.104467453000041 ], [ 106.278655593000053, 3.076451130000066 ], [ 106.272938423000085, 3.079754371000035 ], [ 106.274187640000036, 3.100412852000034 ], [ 106.25956823100006, 3.094123936000074 ], [ 106.261902483000085, 3.112034139000059 ], [ 106.24837524700007, 3.12752443100004 ], [ 106.249089085000037, 3.107751110000038 ], [ 106.243942311000069, 3.100719802000071 ], [ 106.240063790000079, 3.106858812000041 ], [ 106.236899106000067, 3.095675345000075 ], [ 106.222408189000078, 3.108429256000022 ], [ 106.222479573000044, 3.130129940000074 ], [ 106.213818335000042, 3.118494376000058 ], [ 106.204609821000076, 3.134865068000067 ], [ 106.207591269000034, 3.191274208000038 ], [ 106.194617965000077, 3.229997711000067 ], [ 106.208847142000081, 3.22924818100006 ], [ 106.218312908000087, 3.216322576000039 ], [ 106.226292557000079, 3.235687895000069 ] ] ], [ [ [ 106.292170920000046, 3.161986139000021 ], [ 106.295588421000048, 3.161590554000043 ], [ 106.29477643000007, 3.157973773000037 ], [ 106.292170920000046, 3.161986139000021 ] ] ], [ [ [ 106.303386340000088, 3.18061842000003 ], [ 106.310073985000088, 3.173219377000066 ], [ 106.301469854000061, 3.165034031000062 ], [ 106.296691896000084, 3.176012864000029 ], [ 106.303386340000088, 3.18061842000003 ] ] ], [ [ [ 106.281691709000086, 3.189714203000051 ], [ 106.282205673000078, 3.189419150000049 ], [ 106.281863030000068, 3.189228793000041 ], [ 106.281691709000086, 3.189714203000051 ] ] ], [ [ [ 106.280725648000043, 3.191908066000053 ], [ 106.282529279000073, 3.190489907000028 ], [ 106.281901102000063, 3.189928355000063 ], [ 106.280725648000043, 3.191908066000053 ] ] ], [ [ [ 106.303378117000079, 3.201592472000073 ], [ 106.301329401000032, 3.191589218000047 ], [ 106.297962463000033, 3.195058473000074 ], [ 106.298114749000035, 3.187058725000043 ], [ 106.293707987000062, 3.183646578000037 ], [ 106.292758582000033, 3.197304684000073 ], [ 106.303378117000079, 3.201592472000073 ] ] ], [ [ [ 106.300623764000079, 3.205586134000043 ], [ 106.304271478000032, 3.205191144000025 ], [ 106.303724202000069, 3.203753949000031 ], [ 106.300623764000079, 3.205586134000043 ] ] ], [ [ [ 106.303560178000055, 3.235063690000061 ], [ 106.308203101000061, 3.224718984000049 ], [ 106.297379528000079, 3.21581980000002 ], [ 106.292703887000073, 3.228240586000027 ], [ 106.303560178000055, 3.235063690000061 ] ] ], [ [ [ 106.284358687000065, 3.235435812000048 ], [ 106.283120178000047, 3.234636314000056 ], [ 106.283573465000075, 3.236153220000062 ], [ 106.284358687000065, 3.235435812000048 ] ] ], [ [ [ 106.298567104000085, 3.277956751000033 ], [ 106.305057864000048, 3.259222558000033 ], [ 106.296177149000073, 3.23516849400005 ], [ 106.298567104000085, 3.277956751000033 ] ] ], [ [ [ 106.200235487000043, 3.307120216000044 ], [ 106.201670302000082, 3.294591339000021 ], [ 106.198400923000065, 3.288031165000064 ], [ 106.192122715000039, 3.295183825000038 ], [ 106.200235487000043, 3.307120216000044 ] ] ], [ [ [ 106.268833636000068, 3.380476456000054 ], [ 106.301768765000077, 3.380292307000047 ], [ 106.307957954000074, 3.366411571000071 ], [ 106.292029923000086, 3.34724013500005 ], [ 106.298374675000048, 3.331540570000072 ], [ 106.288377369000045, 3.304521790000024 ], [ 106.295487199000036, 3.275818352000044 ], [ 106.289034101000084, 3.251198069000054 ], [ 106.274987771000042, 3.264843919000043 ], [ 106.280047100000047, 3.274474787000031 ], [ 106.272843282000053, 3.300791626000034 ], [ 106.270155458000033, 3.289739305000069 ], [ 106.264515169000049, 3.295788809000044 ], [ 106.258611131000066, 3.285366770000053 ], [ 106.264270628000077, 3.287587554000027 ], [ 106.263804305000065, 3.257592512000031 ], [ 106.282911377000062, 3.243976046000057 ], [ 106.280888835000042, 3.23516014300003 ], [ 106.284502641000074, 3.231620695000061 ], [ 106.283832187000087, 3.225097227000049 ], [ 106.27349763400008, 3.234636662000071 ], [ 106.265868487000034, 3.226962900000046 ], [ 106.227001158000064, 3.259802107000041 ], [ 106.238966494000067, 3.265005350000024 ], [ 106.236855726000044, 3.275454037000031 ], [ 106.247100647000082, 3.289997527000025 ], [ 106.234563844000036, 3.302380419000031 ], [ 106.242034062000073, 3.340294563000043 ], [ 106.252663946000041, 3.351826764000066 ], [ 106.256194221000044, 3.345264412000063 ], [ 106.260253581000086, 3.359098599000049 ], [ 106.264636311000061, 3.335446439000066 ], [ 106.268833636000068, 3.380476456000054 ] ] ], [ [ [ 106.227508339000053, 3.39340780200007 ], [ 106.214707393000083, 3.359268607000047 ], [ 106.222197271000084, 3.357910636000042 ], [ 106.224111023000034, 3.344421960000034 ], [ 106.23506431800007, 3.35017061700006 ], [ 106.235970892000068, 3.333680952000066 ], [ 106.217336782000075, 3.296557261000032 ], [ 106.206388956000069, 3.304872514000067 ], [ 106.20159473700005, 3.327447087000053 ], [ 106.197881499000061, 3.305646684000067 ], [ 106.187196249000067, 3.299779758000057 ], [ 106.172206772000038, 3.334127404000071 ], [ 106.201173142000073, 3.345425982000052 ], [ 106.200709208000035, 3.377152692000038 ], [ 106.227508339000053, 3.39340780200007 ] ] ], [ [ [ 106.305442718000052, 3.357572117000075 ], [ 106.306162511000082, 3.347201195000025 ], [ 106.302701728000045, 3.337070781000023 ], [ 106.301124129000073, 3.353601851000064 ], [ 106.305442718000052, 3.357572117000075 ] ] ], [ [ [ 106.298015364000037, 3.34909753200003 ], [ 106.299314549000087, 3.349183192000055 ], [ 106.299057567000034, 3.347991082000021 ], [ 106.298015364000037, 3.34909753200003 ] ] ], [ [ [ 106.298407975000089, 3.351710180000055 ], [ 106.300667273000045, 3.351417506000075 ], [ 106.298729202000061, 3.350268227000072 ], [ 106.298407975000089, 3.351710180000055 ] ] ], [ [ [ 106.232855986000061, 3.373009575000026 ], [ 106.232883658000048, 3.371683654000037 ], [ 106.231926198000053, 3.372149229000058 ], [ 106.232855986000061, 3.373009575000026 ] ] ], [ [ [ 106.262256487000059, 3.373933166000029 ], [ 106.262049474000037, 3.37584625300002 ], [ 106.263184477000038, 3.37506103100003 ], [ 106.262256487000059, 3.373933166000029 ] ] ], [ [ [ 106.235409168000047, 3.379966184000068 ], [ 106.235358733000055, 3.380935391000037 ], [ 106.235863179000035, 3.380764070000055 ], [ 106.235409168000047, 3.379966184000068 ] ] ], [ [ [ 106.227564452000081, 3.384149184000023 ], [ 106.233349517000079, 3.380385304000072 ], [ 106.227214315000083, 3.378593094000053 ], [ 106.227564452000081, 3.384149184000023 ] ] ], [ [ [ 106.247445250000055, 3.384901941000066 ], [ 106.245571424000048, 3.387513400000046 ], [ 106.24726084200006, 3.387816781000026 ], [ 106.247445250000055, 3.384901941000066 ] ] ], [ [ [ 106.277088483000057, 3.404521784000053 ], [ 106.29093591700007, 3.390793019000057 ], [ 106.290882532000069, 3.387642883000069 ], [ 106.268279718000088, 3.39407833000007 ], [ 106.277088483000057, 3.404521784000053 ] ] ], [ [ [ 106.226877850000051, 3.397700018000023 ], [ 106.229543080000042, 3.396203297000056 ], [ 106.229313525000066, 3.395456931000069 ], [ 106.226877850000051, 3.397700018000023 ] ] ], [ [ [ 106.268896400000074, 3.449730455000065 ], [ 106.268902352000055, 3.450943298000027 ], [ 106.269509114000073, 3.45068274700003 ], [ 106.268896400000074, 3.449730455000065 ] ] ], [ [ [ 106.380721404000042, 3.047232879000035 ], [ 106.379719218000048, 3.039514475000033 ], [ 106.387748114000033, 3.031164947000036 ], [ 106.384809480000058, 3.023925437000059 ], [ 106.380005302000086, 3.029551298000058 ], [ 106.382323419000045, 3.034084863000032 ], [ 106.379246138000042, 3.039475836000065 ], [ 106.378584648000071, 3.04290196300002 ], [ 106.380721404000042, 3.047232879000035 ] ] ], [ [ [ 106.370802621000053, 3.037136826000051 ], [ 106.376670371000046, 3.039292618000047 ], [ 106.373146390000045, 3.034271955000065 ], [ 106.370802621000053, 3.037136826000051 ] ] ], [ [ [ 106.381593227000053, 3.042007567000041 ], [ 106.381301981000036, 3.042131299000062 ], [ 106.381518987000049, 3.042272163000064 ], [ 106.381593227000053, 3.042007567000041 ] ] ], [ [ [ 106.33229461600007, 3.053974811000046 ], [ 106.33243738300007, 3.053703552000059 ], [ 106.332373138000037, 3.053689276000057 ], [ 106.33229461600007, 3.053974811000046 ] ] ], [ [ [ 106.331902005000074, 3.053882012000031 ], [ 106.332080464000057, 3.054210377000061 ], [ 106.33210901800004, 3.053910565000024 ], [ 106.331902005000074, 3.053882012000031 ] ] ], [ [ [ 106.332894240000087, 3.053832043000057 ], [ 106.339304508000055, 3.057936613000038 ], [ 106.335803131000034, 3.050491280000074 ], [ 106.332894240000087, 3.053832043000057 ] ] ], [ [ [ 106.320331347000035, 3.064672220000034 ], [ 106.318123780000064, 3.064419410000028 ], [ 106.319546125000045, 3.066471092000029 ], [ 106.320331347000035, 3.064672220000034 ] ] ], [ [ [ 106.355687097000043, 3.092300789000035 ], [ 106.358114147000038, 3.087896407000073 ], [ 106.354170190000048, 3.048049953000032 ], [ 106.343087851000064, 3.051412131000063 ], [ 106.341578083000059, 3.064403988000038 ], [ 106.355687097000043, 3.092300789000035 ] ] ], [ [ [ 106.322747028000038, 3.072113442000045 ], [ 106.321569195000052, 3.070857087000036 ], [ 106.322761305000085, 3.07331982900007 ], [ 106.322747028000038, 3.072113442000045 ] ] ], [ [ [ 106.326524770000049, 3.079291681000029 ], [ 106.330383066000081, 3.075772458000074 ], [ 106.328009553000072, 3.072410280000042 ], [ 106.326524770000049, 3.079291681000029 ] ] ], [ [ [ 106.330361651000032, 3.081575964000024 ], [ 106.330954136000059, 3.081219044000022 ], [ 106.330397342000083, 3.081176214000038 ], [ 106.330361651000032, 3.081575964000024 ] ] ], [ [ [ 106.308880823000038, 3.084023448000039 ], [ 106.308151610000039, 3.08466769100005 ], [ 106.308745282000075, 3.085133278000058 ], [ 106.308880823000038, 3.084023448000039 ] ] ], [ [ [ 106.33315632700004, 3.094839079000053 ], [ 106.337271605000069, 3.081761562000054 ], [ 106.33491237000004, 3.076943153000059 ], [ 106.331089766000048, 3.082104204000075 ], [ 106.329098157000033, 3.08294653300004 ], [ 106.33315632700004, 3.094839079000053 ] ] ], [ [ [ 106.341590327000063, 3.091512593000061 ], [ 106.344438542000034, 3.086758430000032 ], [ 106.342504040000051, 3.084067259000051 ], [ 106.341590327000063, 3.091512593000061 ] ] ], [ [ [ 106.340873697000063, 3.101545918000056 ], [ 106.340301148000037, 3.101243432000047 ], [ 106.340713083000082, 3.101730327000041 ], [ 106.340873697000063, 3.101545918000056 ] ] ], [ [ [ 106.340337541000054, 3.104375959000038 ], [ 106.348000595000087, 3.096637952000037 ], [ 106.345773419000068, 3.093918228000064 ], [ 106.340337541000054, 3.104375959000038 ] ] ], [ [ [ 106.353584603000058, 3.109376548000057 ], [ 106.354911152000057, 3.102214371000059 ], [ 106.351154578000035, 3.099037790000068 ], [ 106.349875618000056, 3.104599780000058 ], [ 106.353584603000058, 3.109376548000057 ] ] ], [ [ [ 106.31715441700004, 3.168882382000049 ], [ 106.31160281800004, 3.134363952000058 ], [ 106.333860296000069, 3.158439338000051 ], [ 106.326557730000047, 3.13950834700006 ], [ 106.334107760000052, 3.147631826000065 ], [ 106.338281334000044, 3.140579104000039 ], [ 106.340063551000071, 3.151120116000072 ], [ 106.343206819000045, 3.123618306000026 ], [ 106.333536689000084, 3.11822644700004 ], [ 106.330012707000037, 3.124103716000036 ], [ 106.327457166000045, 3.111944670000071 ], [ 106.323504881000076, 3.122790253000062 ], [ 106.315212460000055, 3.089149434000035 ], [ 106.308369130000074, 3.085932403000072 ], [ 106.311229242000081, 3.114562077000073 ], [ 106.298782282000047, 3.126816302000066 ], [ 106.296017665000079, 3.104008757000031 ], [ 106.284928187000048, 3.12466723700004 ], [ 106.31715441700004, 3.168882382000049 ] ] ], [ [ [ 106.382443975000058, 3.153648125000075 ], [ 106.384891139000047, 3.151806343000032 ], [ 106.381490312000039, 3.150046257000042 ], [ 106.382443975000058, 3.153648125000075 ] ] ], [ [ [ 106.371360754000079, 3.16428799800002 ], [ 106.367548857000088, 3.154679734000069 ], [ 106.362287869000056, 3.153294888000062 ], [ 106.371360754000079, 3.16428799800002 ] ] ], [ [ [ 106.366973960000053, 3.160397044000035 ], [ 106.366915659000085, 3.161478656000043 ], [ 106.367325877000042, 3.160503432000041 ], [ 106.366973960000053, 3.160397044000035 ] ] ], [ [ [ 106.36837900900008, 3.18739769900003 ], [ 106.367144340000038, 3.163316204000068 ], [ 106.363937604000057, 3.161328174000062 ], [ 106.362383928000042, 3.183471557000075 ], [ 106.36837900900008, 3.18739769900003 ] ] ], [ [ [ 106.303659169000071, 3.184456237000063 ], [ 106.305687660000046, 3.185051102000045 ], [ 106.304973821000033, 3.183302198000035 ], [ 106.303659169000071, 3.184456237000063 ] ] ], [ [ [ 106.353125617000046, 3.191026042000033 ], [ 106.354938223000033, 3.189860632000034 ], [ 106.35298047200007, 3.189267356000073 ], [ 106.353125617000046, 3.191026042000033 ] ] ], [ [ [ 106.308643420000067, 3.200856718000068 ], [ 106.310190070000033, 3.195342317000041 ], [ 106.308143733000065, 3.193069932000071 ], [ 106.307412120000038, 3.195674157000042 ], [ 106.308643420000067, 3.200856718000068 ] ] ], [ [ [ 106.353447236000079, 3.198643749000041 ], [ 106.352703055000063, 3.197589408000056 ], [ 106.352317239000058, 3.197489412000039 ], [ 106.353447236000079, 3.198643749000041 ] ] ], [ [ [ 106.349281904000065, 3.202756903000022 ], [ 106.350660059000063, 3.200697071000036 ], [ 106.348019097000076, 3.198355388000039 ], [ 106.349281904000065, 3.202756903000022 ] ] ], [ [ [ 106.316058571000042, 3.205837625000072 ], [ 106.317174348000037, 3.205641926000055 ], [ 106.317177917000038, 3.205042302000038 ], [ 106.316058571000042, 3.205837625000072 ] ] ], [ [ [ 106.317256325000074, 3.208788790000028 ], [ 106.318293770000082, 3.209940449000044 ], [ 106.317941610000048, 3.208612710000068 ], [ 106.317256325000074, 3.208788790000028 ] ] ], [ [ [ 106.318493645000046, 3.226425578000033 ], [ 106.319889199000045, 3.226914557000043 ], [ 106.319464465000067, 3.225997275000054 ], [ 106.318493645000046, 3.226425578000033 ] ] ], [ [ [ 106.31434600700004, 3.239484774000061 ], [ 106.316965793000065, 3.238176070000065 ], [ 106.315619018000064, 3.235330235000049 ], [ 106.31434600700004, 3.239484774000061 ] ] ], [ [ [ 106.306400808000035, 3.25020878600003 ], [ 106.307523913000068, 3.24055293400005 ], [ 106.304818466000086, 3.239444105000075 ], [ 106.302905380000084, 3.241809289000059 ], [ 106.306400808000035, 3.25020878600003 ] ] ], [ [ [ 106.311526167000068, 3.252244415000064 ], [ 106.312725415000045, 3.252148047000048 ], [ 106.312589786000046, 3.251319995000074 ], [ 106.311526167000068, 3.252244415000064 ] ] ], [ [ [ 106.310723991000089, 3.253924612000048 ], [ 106.312312281000061, 3.253769947000023 ], [ 106.311550854000075, 3.252865752000048 ], [ 106.310723991000089, 3.253924612000048 ] ] ], [ [ [ 106.308610844000043, 3.260129740000025 ], [ 106.310722441000053, 3.258533696000029 ], [ 106.309975703000077, 3.257351481000057 ], [ 106.308610844000043, 3.260129740000025 ] ] ], [ [ [ 106.311489817000052, 3.262846470000056 ], [ 106.312286936000078, 3.262293245000023 ], [ 106.311828890000072, 3.261704328000064 ], [ 106.311489817000052, 3.262846470000056 ] ] ], [ [ [ 106.313435026000036, 3.264440708000052 ], [ 106.314523629000064, 3.263703075000024 ], [ 106.313292258000047, 3.26384584300007 ], [ 106.313435026000036, 3.264440708000052 ] ] ], [ [ [ 106.300972528000045, 3.278506900000025 ], [ 106.306611850000081, 3.28230214000007 ], [ 106.306106215000057, 3.26798373400004 ], [ 106.300972528000045, 3.278506900000025 ] ] ], [ [ [ 106.328962921000084, 3.292600507000031 ], [ 106.332677854000053, 3.291327495000075 ], [ 106.330075319000059, 3.290006895000033 ], [ 106.328962921000084, 3.292600507000031 ] ] ], [ [ [ 106.326604280000083, 3.302629935000027 ], [ 106.328037905000087, 3.292570764000061 ], [ 106.325384806000045, 3.292350664000026 ], [ 106.326604280000083, 3.302629935000027 ] ] ], [ [ [ 106.321910793000086, 3.312635569000065 ], [ 106.326654843000085, 3.31374796700004 ], [ 106.324656096000069, 3.304533504000062 ], [ 106.321910793000086, 3.312635569000065 ] ] ], [ [ [ 106.303608384000086, 3.318660102000024 ], [ 106.309860591000074, 3.314217847000066 ], [ 106.301569185000062, 3.302541633000033 ], [ 106.303608384000086, 3.318660102000024 ] ] ], [ [ [ 106.320307631000048, 3.317186288000073 ], [ 106.321089879000056, 3.314586727000062 ], [ 106.319367744000033, 3.314783032000037 ], [ 106.320307631000048, 3.317186288000073 ] ] ], [ [ [ 106.303753094000058, 3.359264345000042 ], [ 106.304107594000072, 3.358805818000064 ], [ 106.303326320000053, 3.358755764000023 ], [ 106.303753094000058, 3.359264345000042 ] ] ], [ [ [ 106.31486437600006, 3.36581899600003 ], [ 106.319757738000078, 3.356945986000028 ], [ 106.315049974000033, 3.355097144000069 ], [ 106.313301071000069, 3.360151120000069 ], [ 106.31486437600006, 3.36581899600003 ] ] ], [ [ [ 106.308325330000059, 3.364057917000025 ], [ 106.309039168000083, 3.36339166800002 ], [ 106.30790892400006, 3.362820597000052 ], [ 106.308325330000059, 3.364057917000025 ] ] ], [ [ [ 106.322710253000082, 3.371773993000033 ], [ 106.324901736000072, 3.364885454000046 ], [ 106.321571680000034, 3.365342310000074 ], [ 106.322710253000082, 3.371773993000033 ] ] ], [ [ [ 106.344518981000078, 3.415928315000031 ], [ 106.337926684000081, 3.351168904000076 ], [ 106.321172899000032, 3.322451189000049 ], [ 106.316025540000055, 3.328987151000035 ], [ 106.323589500000082, 3.336828745000048 ], [ 106.316215292000038, 3.342945487000065 ], [ 106.331290320000051, 3.367543975000046 ], [ 106.329203942000049, 3.404690346000052 ], [ 106.344518981000078, 3.415928315000031 ] ] ], [ [ [ 106.316013656000052, 3.376405218000059 ], [ 106.317876774000069, 3.37102287700003 ], [ 106.315849473000071, 3.368039033000059 ], [ 106.316013656000052, 3.376405218000059 ] ] ], [ [ [ 106.34581393600007, 3.380169713000043 ], [ 106.349667728000043, 3.372240102000035 ], [ 106.348238798000068, 3.371660862000056 ], [ 106.34581393600007, 3.380169713000043 ] ] ], [ [ [ 106.413597865000042, 2.991203898000037 ], [ 106.416086781000047, 2.987614465000036 ], [ 106.414666902000079, 2.981137041000068 ], [ 106.413597865000042, 2.991203898000037 ] ] ], [ [ [ 106.394682704000047, 3.016835553000021 ], [ 106.395811837000053, 3.014919320000047 ], [ 106.39491748100005, 3.013886834000061 ], [ 106.394682704000047, 3.016835553000021 ] ] ], [ [ [ 106.401621061000071, 3.019804125000064 ], [ 106.401652693000074, 3.020080520000022 ], [ 106.401810853000086, 3.019874590000029 ], [ 106.401621061000071, 3.019804125000064 ] ] ], [ [ [ 106.406955848000052, 3.037861263000025 ], [ 106.411154994000071, 3.028889692000064 ], [ 106.413507091000042, 3.035392759000047 ], [ 106.415614549000054, 3.035984919000043 ], [ 106.407932309000046, 3.013031779000073 ], [ 106.404639556000063, 3.021290940000029 ], [ 106.397388023000076, 3.019567713000072 ], [ 106.39298023300006, 3.02882627200006 ], [ 106.400286952000044, 3.03760711700005 ], [ 106.404184232000034, 3.024897365000072 ], [ 106.406955848000052, 3.037861263000025 ] ] ], [ [ [ 106.389603420000071, 3.039348865000022 ], [ 106.394912829000077, 3.042493184000023 ], [ 106.394053105000069, 3.036427928000023 ], [ 106.389603420000071, 3.039348865000022 ] ] ], [ [ [ 106.401966057000038, 3.123517821000064 ], [ 106.401866568000059, 3.108969721000051 ], [ 106.398739957000032, 3.106207166000047 ], [ 106.401966057000038, 3.123517821000064 ] ] ], [ [ [ 106.429757873000085, 3.12408504800004 ], [ 106.43097655300005, 3.120859292000034 ], [ 106.428615731000036, 3.123424748000048 ], [ 106.429757873000085, 3.12408504800004 ] ] ], [ [ [ 106.444879075000074, 3.12502981800003 ], [ 106.456455152000046, 3.123090558000058 ], [ 106.454521200000045, 3.120227617000069 ], [ 106.444879075000074, 3.12502981800003 ] ] ], [ [ [ 106.407074913000088, 3.129504148000024 ], [ 106.405819846000043, 3.129537761000051 ], [ 106.406265002000055, 3.130754876000026 ], [ 106.407074913000088, 3.129504148000024 ] ] ], [ [ [ 106.417388970000047, 3.154278996000073 ], [ 106.420177670000044, 3.145769471000051 ], [ 106.430579722000061, 3.149146402000042 ], [ 106.436482689000059, 3.128834371000039 ], [ 106.421994945000051, 3.136984126000073 ], [ 106.418397200000072, 3.130538166000065 ], [ 106.403515772000048, 3.134221781000065 ], [ 106.417388970000047, 3.154278996000073 ] ] ], [ [ [ 106.39540093800008, 3.153494411000054 ], [ 106.395429492000062, 3.13519122200006 ], [ 106.379607147000058, 3.138711697000076 ], [ 106.387063137000041, 3.150964987000066 ], [ 106.39540093800008, 3.153494411000054 ] ] ], [ [ [ 106.401259638000056, 3.144942746000027 ], [ 106.401061191000053, 3.145372477000024 ], [ 106.401399550000065, 3.145205439000051 ], [ 106.401259638000056, 3.144942746000027 ] ] ], [ [ [ 106.407465453000043, 3.159269711000036 ], [ 106.40824090600006, 3.151189489000046 ], [ 106.399222749000046, 3.146757743000023 ], [ 106.398884601000077, 3.154672295000069 ], [ 106.407465453000043, 3.159269711000036 ] ] ], [ [ [ 106.385712070000068, 3.154397637000045 ], [ 106.389445445000035, 3.15620364800003 ], [ 106.386604368000064, 3.151256748000037 ], [ 106.385712070000068, 3.154397637000045 ] ] ], [ [ [ 106.409661390000053, 3.157090180000068 ], [ 106.409870782000041, 3.15732693700005 ], [ 106.409773224000048, 3.157015227000045 ], [ 106.409661390000053, 3.157090180000068 ] ] ], [ [ [ 106.437559104000059, 3.157089561000021 ], [ 106.43995046200007, 3.157636837000041 ], [ 106.438760732000048, 3.156149674000062 ], [ 106.437559104000059, 3.157089561000021 ] ] ], [ [ [ 106.404354295000076, 3.161671014000035 ], [ 106.404390239000065, 3.159896552000021 ], [ 106.402762641000038, 3.161130981000042 ], [ 106.404354295000076, 3.161671014000035 ] ] ], [ [ [ 106.431835310000054, 3.163382046000038 ], [ 106.435939881000081, 3.160319680000043 ], [ 106.427545142000042, 3.156900394000047 ], [ 106.431835310000054, 3.163382046000038 ] ] ], [ [ [ 106.396190010000055, 3.167379435000043 ], [ 106.396918479000078, 3.166186637000067 ], [ 106.395277724000039, 3.165492047000043 ], [ 106.396190010000055, 3.167379435000043 ] ] ], [ [ [ 106.438637912000047, 3.16845969700006 ], [ 106.440291637000087, 3.170625006000023 ], [ 106.439899026000035, 3.168180110000037 ], [ 106.438637912000047, 3.16845969700006 ] ] ], [ [ [ 106.448654618000035, 3.174744710000027 ], [ 106.449282796000034, 3.175449030000038 ], [ 106.449311349000084, 3.174668567000026 ], [ 106.448654618000035, 3.174744710000027 ] ] ], [ [ [ 106.444721647000051, 3.193861517000073 ], [ 106.447248698000067, 3.174066986000071 ], [ 106.440640054000085, 3.177784263000035 ], [ 106.434995322000077, 3.167212526000071 ], [ 106.439284712000074, 3.184363510000026 ], [ 106.43251919800008, 3.188656302000027 ], [ 106.444721647000051, 3.193861517000073 ] ] ], [ [ [ 106.44629245200008, 3.193963628000063 ], [ 106.445115300000055, 3.193735022000055 ], [ 106.446201993000045, 3.194670085000041 ], [ 106.44629245200008, 3.193963628000063 ] ] ], [ [ [ 106.443769906000057, 3.196242850000033 ], [ 106.443401109000035, 3.196346823000056 ], [ 106.443654111000058, 3.19680941200005 ], [ 106.443769906000057, 3.196242850000033 ] ] ], [ [ [ 106.486448574000065, 3.210866018000047 ], [ 106.487563482000041, 3.198843129000068 ], [ 106.500950533000037, 3.201908484000057 ], [ 106.49731074400006, 3.183381550000036 ], [ 106.491620651000062, 3.198591393000072 ], [ 106.488046934000067, 3.18917857200006 ], [ 106.477008417000036, 3.189557482000055 ], [ 106.486448574000065, 3.210866018000047 ] ] ], [ [ [ 106.454091456000072, 3.211038342000052 ], [ 106.455605197000068, 3.211369103000038 ], [ 106.454603555000062, 3.210414073000038 ], [ 106.454091456000072, 3.211038342000052 ] ] ], [ [ [ 106.477281408000067, 3.215378912000062 ], [ 106.486023952000039, 3.218758578000063 ], [ 106.476205131000086, 3.207680862000075 ], [ 106.477281408000067, 3.215378912000062 ] ] ], [ [ [ 106.475127175000068, 3.22544042200002 ], [ 106.476968924000062, 3.226396993000037 ], [ 106.475183045000051, 3.223414419000051 ], [ 106.475127175000068, 3.22544042200002 ] ] ], [ [ [ 106.468959518000077, 3.229335174000028 ], [ 106.474022041000069, 3.225761593000072 ], [ 106.471319555000036, 3.224985854000067 ], [ 106.468959518000077, 3.229335174000028 ] ] ], [ [ [ 106.476631811000061, 3.229091126000071 ], [ 106.475486133000061, 3.229198777000022 ], [ 106.476363946000049, 3.229637184000069 ], [ 106.476631811000061, 3.229091126000071 ] ] ], [ [ [ 106.451712275000034, 3.250792407000063 ], [ 106.451708606000068, 3.233398273000034 ], [ 106.457940354000073, 3.230321844000059 ], [ 106.455539302000034, 3.225473632000046 ], [ 106.437478026000065, 3.239699635000022 ], [ 106.451712275000034, 3.250792407000063 ] ] ], [ [ [ 106.436969287000068, 3.243904870000051 ], [ 106.437799157000086, 3.242918588000066 ], [ 106.436685966000084, 3.242539323000074 ], [ 106.436969287000068, 3.243904870000051 ] ] ], [ [ [ 106.449059207000062, 3.251544229000046 ], [ 106.448991248000084, 3.248967141000037 ], [ 106.44774232900005, 3.24966528300007 ], [ 106.449059207000062, 3.251544229000046 ] ] ], [ [ [ 106.446657375000086, 3.257187252000051 ], [ 106.449168697000061, 3.253496686000062 ], [ 106.444146353000065, 3.25159416300005 ], [ 106.446657375000086, 3.257187252000051 ] ] ], [ [ [ 106.39056559900007, 3.262063716000057 ], [ 106.385937173000059, 3.256291138000051 ], [ 106.39005626900007, 3.262851485000056 ], [ 106.39056559900007, 3.262063716000057 ] ] ], [ [ [ 106.442981212000063, 3.260707383000067 ], [ 106.44415250600008, 3.259606467000026 ], [ 106.442756681000049, 3.257983258000024 ], [ 106.442981212000063, 3.260707383000067 ] ] ], [ [ [ 106.415195766000068, 3.269421328000021 ], [ 106.414951366000082, 3.268354099000021 ], [ 106.414064120000035, 3.267142026000045 ], [ 106.415195766000068, 3.269421328000021 ] ] ], [ [ [ 106.416122961000042, 3.300237221000032 ], [ 106.419855552000058, 3.290559193000036 ], [ 106.412913499000069, 3.269181024000034 ], [ 106.406015933000049, 3.278076327000065 ], [ 106.416122961000042, 3.300237221000032 ] ] ], [ [ [ 106.407733748000055, 3.309392567000032 ], [ 106.410789832000034, 3.298973068000066 ], [ 106.394459085000051, 3.289738211000042 ], [ 106.393350849000058, 3.306576075000066 ], [ 106.404038706000051, 3.300366418000067 ], [ 106.407733748000055, 3.309392567000032 ] ] ], [ [ [ 106.393316148000054, 3.307384758000069 ], [ 106.392817231000038, 3.307514088000062 ], [ 106.393198287000075, 3.307821586000045 ], [ 106.393316148000054, 3.307384758000069 ] ] ], [ [ [ 106.389876530000038, 3.315949253000042 ], [ 106.388721449000059, 3.309756112000059 ], [ 106.385863198000038, 3.305495892000067 ], [ 106.389876530000038, 3.315949253000042 ] ] ], [ [ [ 106.386106015000053, 3.323806711000032 ], [ 106.385722182000052, 3.322883410000031 ], [ 106.385179142000084, 3.321479783000029 ], [ 106.385123113000077, 3.322926198000062 ], [ 106.386106015000053, 3.323806711000032 ] ] ], [ [ [ 106.387093029000084, 3.341170358000056 ], [ 106.389361903000065, 3.338300762000074 ], [ 106.38823539200007, 3.33752994200006 ], [ 106.387093029000084, 3.341170358000056 ] ] ], [ [ [ 106.445726041000057, 3.378169765000052 ], [ 106.459553089000053, 3.380266070000062 ], [ 106.45033029800004, 3.36992493200006 ], [ 106.445726041000057, 3.378169765000052 ] ] ], [ [ [ 106.461769933000085, 3.380020234000028 ], [ 106.461499933000084, 3.380868234000047 ], [ 106.462048635000087, 3.380925125000033 ], [ 106.461769933000085, 3.380020234000028 ] ] ], [ [ [ 106.462419150000073, 3.383799569000075 ], [ 106.463782005000041, 3.381214076000049 ], [ 106.462280490000069, 3.381232006000062 ], [ 106.462419150000073, 3.383799569000075 ] ] ], [ [ [ 106.440491058000077, 3.39508594800003 ], [ 106.442954927000073, 3.379012188000047 ], [ 106.427135143000044, 3.373006929000042 ], [ 106.435565573000076, 3.381223208000051 ], [ 106.433345536000047, 3.394643368000061 ], [ 106.440491058000077, 3.39508594800003 ] ] ], [ [ [ 106.461110202000043, 3.385463060000063 ], [ 106.460776545000044, 3.384319563000076 ], [ 106.460176508000075, 3.385126119000063 ], [ 106.461110202000043, 3.385463060000063 ] ] ], [ [ [ 106.447568667000041, 3.391029856000046 ], [ 106.446741804000055, 3.388275630000066 ], [ 106.44583760900008, 3.388811008000062 ], [ 106.447568667000041, 3.391029856000046 ] ] ], [ [ [ 106.449515769000072, 3.401422096000033 ], [ 106.451383805000034, 3.399167318000025 ], [ 106.444814113000064, 3.393900976000054 ], [ 106.449515769000072, 3.401422096000033 ] ] ] ] } },
{ "type": "Feature", "properties": { "kemendagri_kab_code": 2171, "kemendagri_kab_name": "Kota Batam", "kemendagri_prov_code": 21, "kemendagri_prov_name": "Kepulauan Riau" }, "geometry": { "type": "MultiPolygon", "coordinates": [ [ [ [ 103.80179466800007, 0.91554413800003 ], [ 103.809220591000042, 0.911577992000048 ], [ 103.809777718000078, 0.908152260000065 ], [ 103.80179466800007, 0.91554413800003 ] ] ], [ [ [ 103.812292840000055, 0.928007602000037 ], [ 103.812820836000071, 0.927798607000057 ], [ 103.812669290000088, 0.927521543000069 ], [ 103.812292840000055, 0.928007602000037 ] ] ], [ [ [ 103.809074320000036, 0.93303210800002 ], [ 103.809278320000033, 0.932818108000049 ], [ 103.809074320000036, 0.93285210800002 ], [ 103.809074320000036, 0.93303210800002 ] ] ], [ [ [ 103.763909223000041, 0.935528038000029 ], [ 103.762443465000047, 0.93536922800007 ], [ 103.762358979000055, 0.936064545000022 ], [ 103.763909223000041, 0.935528038000029 ] ] ], [ [ [ 103.767789888000038, 0.935800768000036 ], [ 103.770615037000084, 0.935162949000073 ], [ 103.768773459000045, 0.933664190000059 ], [ 103.767789888000038, 0.935800768000036 ] ] ], [ [ [ 103.767188088000069, 0.946278833000065 ], [ 103.776654016000066, 0.946689241000058 ], [ 103.778054730000065, 0.940146088000063 ], [ 103.770756863000088, 0.931067222000024 ], [ 103.772966678000046, 0.93955918000006 ], [ 103.767188088000069, 0.946278833000065 ] ] ], [ [ [ 103.788284077000071, 0.942822315000058 ], [ 103.79006114200007, 0.936010726000063 ], [ 103.78476226500004, 0.944121333000055 ], [ 103.788284077000071, 0.942822315000058 ] ] ], [ [ [ 103.765065962000051, 0.948607028000026 ], [ 103.765976865000084, 0.945543301000043 ], [ 103.764089828000067, 0.945559585000069 ], [ 103.765065962000051, 0.948607028000026 ] ] ], [ [ [ 103.74327683000007, 0.952337578000026 ], [ 103.742751479000049, 0.953007287000048 ], [ 103.743442200000061, 0.953182790000028 ], [ 103.74327683000007, 0.952337578000026 ] ] ], [ [ [ 103.779989965000084, 0.963869334000037 ], [ 103.792960487000073, 0.964385609000033 ], [ 103.794198649000066, 0.957008501000075 ], [ 103.779989965000084, 0.963869334000037 ] ] ], [ [ [ 103.779843378000066, 0.965455022000071 ], [ 103.778973070000063, 0.964875248000055 ], [ 103.778762196000059, 0.965618575000065 ], [ 103.779843378000066, 0.965455022000071 ] ] ], [ [ [ 103.766780315000062, 0.96475775600004 ], [ 103.765302701000053, 0.966294896000022 ], [ 103.767257019000056, 0.96662632500005 ], [ 103.766780315000062, 0.96475775600004 ] ] ], [ [ [ 103.799008009000033, 0.96777409200007 ], [ 103.807281324000087, 0.966242154000042 ], [ 103.802231379000034, 0.96080187900003 ], [ 103.799008009000033, 0.96777409200007 ] ] ], [ [ [ 103.711568113000055, 0.968007539000041 ], [ 103.709508090000043, 0.965149102000055 ], [ 103.708092072000056, 0.967180853000059 ], [ 103.711568113000055, 0.968007539000041 ] ] ], [ [ [ 103.706763158000058, 0.969062828000062 ], [ 103.707181991000084, 0.967912582000054 ], [ 103.706249371000069, 0.968842160000065 ], [ 103.706763158000058, 0.969062828000062 ] ] ], [ [ [ 103.806518049000033, 0.972720589000062 ], [ 103.806220078000081, 0.973593921000031 ], [ 103.806854867000084, 0.973172975000068 ], [ 103.806518049000033, 0.972720589000062 ] ] ], [ [ [ 103.765529057000037, 0.97705873700005 ], [ 103.776395274000038, 0.972562745000062 ], [ 103.771956848000059, 0.969231360000038 ], [ 103.765529057000037, 0.97705873700005 ] ] ], [ [ [ 103.814156977000039, 0.973635309000031 ], [ 103.814386718000037, 0.975144831000023 ], [ 103.814819588000034, 0.973963437000066 ], [ 103.814156977000039, 0.973635309000031 ] ] ], [ [ [ 103.766247358000044, 0.978633428000023 ], [ 103.766938042000049, 0.978938959000061 ], [ 103.76648050700004, 0.978427172000067 ], [ 103.766247358000044, 0.978633428000023 ] ] ], [ [ [ 103.767693412000085, 0.978970331000028 ], [ 103.767791602000045, 0.97922759000005 ], [ 103.767982619000065, 0.979049584000052 ], [ 103.767693412000085, 0.978970331000028 ] ] ], [ [ [ 103.780714685000078, 0.978904457000056 ], [ 103.778321705000053, 0.980167084000072 ], [ 103.779447524000034, 0.980826103000027 ], [ 103.780714685000078, 0.978904457000056 ] ] ], [ [ [ 103.812310463000074, 0.986026759000026 ], [ 103.810459724000054, 0.978535433000047 ], [ 103.808872784000073, 0.987399280000034 ], [ 103.812310463000074, 0.986026759000026 ] ] ], [ [ [ 103.75964091700007, 0.98345034700003 ], [ 103.759093352000036, 0.983407743000043 ], [ 103.759219650000034, 0.983588693000058 ], [ 103.75964091700007, 0.98345034700003 ] ] ], [ [ [ 103.758143947000065, 0.984122520000028 ], [ 103.759464214000047, 0.982887785000059 ], [ 103.757613250000077, 0.984029043000021 ], [ 103.758143947000065, 0.984122520000028 ] ] ], [ [ [ 103.757169254000075, 0.984917739000025 ], [ 103.756961319000084, 0.984467212000027 ], [ 103.75665519100005, 0.984747347000052 ], [ 103.757169254000075, 0.984917739000025 ] ] ], [ [ [ 103.809966601000042, 0.99123263000007 ], [ 103.815539202000082, 0.987870905000023 ], [ 103.815966941000056, 0.985332709000033 ], [ 103.809966601000042, 0.99123263000007 ] ] ], [ [ [ 103.767529229000047, 1.000812612000061 ], [ 103.767355961000078, 1.000715028000059 ], [ 103.767314491000036, 1.000787091000063 ], [ 103.767529229000047, 1.000812612000061 ] ] ], [ [ [ 103.80901010000008, 1.001457573000039 ], [ 103.810452738000038, 0.998169439000037 ], [ 103.809340718000044, 0.998123808000059 ], [ 103.80901010000008, 1.001457573000039 ] ] ], [ [ [ 103.767434956000045, 1.001041532000045 ], [ 103.767321985000081, 1.000897332000022 ], [ 103.767288029000042, 1.001028757000029 ], [ 103.767434956000045, 1.001041532000045 ] ] ], [ [ [ 103.766642194000042, 1.001928790000022 ], [ 103.766481487000078, 1.001821318000054 ], [ 103.766451311000083, 1.001917411000022 ], [ 103.766642194000042, 1.001928790000022 ] ] ], [ [ [ 103.766202649000036, 1.001935690000039 ], [ 103.766372068000067, 1.002253749000033 ], [ 103.766601957000034, 1.002063039000063 ], [ 103.766202649000036, 1.001935690000039 ] ] ], [ [ [ 103.771585892000076, 1.008360171000049 ], [ 103.767650499000069, 1.000579819000052 ], [ 103.769736446000081, 1.010626418000072 ], [ 103.771585892000076, 1.008360171000049 ] ] ], [ [ [ 103.766722720000075, 1.009867734000068 ], [ 103.765843992000043, 1.008917655000062 ], [ 103.765054924000083, 1.009985814000061 ], [ 103.766722720000075, 1.009867734000068 ] ] ], [ [ [ 103.768747365000081, 1.048547969000026 ], [ 103.787132249000081, 1.037706553000021 ], [ 103.791569614000082, 1.046499124000036 ], [ 103.796124207000048, 1.027180421000025 ], [ 103.799710910000044, 1.02439785100006 ], [ 103.796296017000088, 0.997294651000061 ], [ 103.805478923000067, 0.973036805000049 ], [ 103.797721535000051, 0.968760135000025 ], [ 103.782425080000053, 0.978221037000026 ], [ 103.774482550000073, 0.989092159000052 ], [ 103.776345125000034, 1.002691759000072 ], [ 103.770866671000078, 1.010705994000034 ], [ 103.762135212000032, 1.013020478000044 ], [ 103.762024222000036, 1.014275452000049 ], [ 103.76103962500008, 1.014331605000052 ], [ 103.759601054000086, 1.019294577000039 ], [ 103.757108139000081, 1.022770337000054 ], [ 103.754671979000079, 1.022345395000059 ], [ 103.755916890000037, 1.024624126000049 ], [ 103.748862513000063, 1.028754204000052 ], [ 103.770335534000083, 1.033595772000069 ], [ 103.768747365000081, 1.048547969000026 ] ] ], [ [ [ 103.754629092000073, 1.016296445000023 ], [ 103.756346389000043, 1.014765676000025 ], [ 103.760911896000039, 1.006733624000049 ], [ 103.758426606000057, 1.003402927000025 ], [ 103.75464237500006, 1.007810982000024 ], [ 103.754629092000073, 1.016296445000023 ] ] ], [ [ [ 103.757558151000069, 1.01511040500003 ], [ 103.762191443000063, 1.010448282000027 ], [ 103.761679435000076, 1.009464425000033 ], [ 103.757558151000069, 1.01511040500003 ] ] ], [ [ [ 103.761733073000073, 1.01373263000005 ], [ 103.761858756000038, 1.013472630000024 ], [ 103.761662781000041, 1.013642151000056 ], [ 103.761733073000073, 1.01373263000005 ] ] ], [ [ [ 103.802959528000088, 1.014366167000048 ], [ 103.802798404000043, 1.015383704000044 ], [ 103.80342160400005, 1.014581165000038 ], [ 103.802959528000088, 1.014366167000048 ] ] ], [ [ [ 103.754555196000069, 1.01743235400005 ], [ 103.754129314000068, 1.017834980000032 ], [ 103.754641781000032, 1.017610464000029 ], [ 103.754555196000069, 1.01743235400005 ] ] ], [ [ [ 103.802550361000044, 1.020522471000049 ], [ 103.806399336000084, 1.017742478000059 ], [ 103.806320136000068, 1.014542670000026 ], [ 103.802550361000044, 1.020522471000049 ] ] ], [ [ [ 103.756768246000036, 1.018355044000032 ], [ 103.755692421000049, 1.01724377000005 ], [ 103.755487307000067, 1.018320627000037 ], [ 103.756768246000036, 1.018355044000032 ] ] ], [ [ [ 103.754306180000071, 1.018373517000043 ], [ 103.754325177000055, 1.017958013000055 ], [ 103.753933280000069, 1.01815713600007 ], [ 103.754306180000071, 1.018373517000043 ] ] ], [ [ [ 103.757376165000039, 1.01810653900003 ], [ 103.757556796000074, 1.018654971000046 ], [ 103.757742824000047, 1.018225398000027 ], [ 103.757376165000039, 1.01810653900003 ] ] ], [ [ [ 103.754177691000052, 1.01939952400005 ], [ 103.754724305000082, 1.018551755000033 ], [ 103.752919749000057, 1.018347538000057 ], [ 103.754177691000052, 1.01939952400005 ] ] ], [ [ [ 103.796399326000085, 1.027459275000069 ], [ 103.796610375000057, 1.027285516000063 ], [ 103.796373008000046, 1.02731086600005 ], [ 103.796399326000085, 1.027459275000069 ] ] ], [ [ [ 103.799106890000076, 1.027636966000046 ], [ 103.796830588000034, 1.029467773000022 ], [ 103.798096119000036, 1.03046888700004 ], [ 103.799106890000076, 1.027636966000046 ] ] ], [ [ [ 103.801071183000033, 1.03352280200005 ], [ 103.804304152000043, 1.025767682000037 ], [ 103.802274968000063, 1.024998068000059 ], [ 103.801071183000033, 1.03352280200005 ] ] ], [ [ [ 103.803673537000066, 1.040155125000069 ], [ 103.809196062000069, 1.035527155000068 ], [ 103.801569888000074, 1.037016736000055 ], [ 103.803673537000066, 1.040155125000069 ] ] ], [ [ [ 103.711656350000055, 1.040021164000052 ], [ 103.71179533600008, 1.040331509000055 ], [ 103.71191916500004, 1.040080301000046 ], [ 103.711656350000055, 1.040021164000052 ] ] ], [ [ [ 103.799250266000058, 1.039966875000061 ], [ 103.796923968000044, 1.041124909000075 ], [ 103.798013216000072, 1.043347075000042 ], [ 103.799250266000058, 1.039966875000061 ] ] ], [ [ [ 103.802561878000063, 1.041539896000074 ], [ 103.802878103000069, 1.04221276100003 ], [ 103.80306427000005, 1.041421369000034 ], [ 103.802561878000063, 1.041539896000074 ] ] ], [ [ [ 103.794442482000079, 1.045448859000032 ], [ 103.79787876000006, 1.044839629000023 ], [ 103.795443801000033, 1.041107515000022 ], [ 103.794442482000079, 1.045448859000032 ] ] ], [ [ [ 103.808920138000076, 1.056540452000036 ], [ 103.809278114000051, 1.056404910000026 ], [ 103.808897609000041, 1.05634116400006 ], [ 103.808920138000076, 1.056540452000036 ] ] ], [ [ [ 103.809296652000057, 1.057193556000072 ], [ 103.809639298000036, 1.05774064700006 ], [ 103.809737465000069, 1.057193726000037 ], [ 103.809296652000057, 1.057193556000072 ] ] ], [ [ [ 103.810537211000053, 1.059950166000021 ], [ 103.814617340000041, 1.057221180000056 ], [ 103.810684409000032, 1.055970281000043 ], [ 103.810537211000053, 1.059950166000021 ] ] ], [ [ [ 103.805000341000039, 1.062446291000072 ], [ 103.806432599000061, 1.060988293000037 ], [ 103.804925740000044, 1.060490216000062 ], [ 103.805000341000039, 1.062446291000072 ] ] ], [ [ [ 103.812793192000072, 1.06237615200007 ], [ 103.811883819000059, 1.062681080000061 ], [ 103.812059556000065, 1.062907281000037 ], [ 103.812793192000072, 1.06237615200007 ] ] ], [ [ [ 103.814485359000059, 1.083413705000055 ], [ 103.81447380700007, 1.084053941000036 ], [ 103.81471874500005, 1.083952277000037 ], [ 103.814485359000059, 1.083413705000055 ] ] ], [ [ [ 103.779810431000044, 1.088082759000031 ], [ 103.779919782000036, 1.087858087000029 ], [ 103.779746467000052, 1.08787073600007 ], [ 103.779810431000044, 1.088082759000031 ] ] ], [ [ [ 103.780616481000038, 1.088634280000065 ], [ 103.780185924000079, 1.091237432000071 ], [ 103.782702273000041, 1.09230268500005 ], [ 103.780616481000038, 1.088634280000065 ] ] ], [ [ [ 103.814040552000051, 1.093627688000026 ], [ 103.813358870000059, 1.092944777000071 ], [ 103.813207895000062, 1.093627357000059 ], [ 103.814040552000051, 1.093627688000026 ] ] ], [ [ [ 103.814978625000037, 1.093827341000065 ], [ 103.814823716000035, 1.094933919000027 ], [ 103.815057341000056, 1.094861932000072 ], [ 103.814978625000037, 1.093827341000065 ] ] ], [ [ [ 103.796338128000059, 1.107832978000033 ], [ 103.812521407000077, 1.09558596200003 ], [ 103.812296060000051, 1.08414636200007 ], [ 103.800216459000069, 1.085409321000043 ], [ 103.791030135000085, 1.096878979000053 ], [ 103.796338128000059, 1.107832978000033 ] ] ], [ [ [ 103.77781686600008, 1.098618203000058 ], [ 103.781615717000079, 1.095965557000056 ], [ 103.779498950000061, 1.094374711000057 ], [ 103.77781686600008, 1.098618203000058 ] ] ], [ [ [ 103.805605041000035, 1.10373445700003 ], [ 103.804463478000059, 1.103623756000047 ], [ 103.805623847000049, 1.103815024000028 ], [ 103.805605041000035, 1.10373445700003 ] ] ], [ [ [ 103.718594930000052, 1.104698109000026 ], [ 103.717889735000085, 1.106160078000073 ], [ 103.719115157000033, 1.105473826000036 ], [ 103.718594930000052, 1.104698109000026 ] ] ], [ [ [ 103.792261291000045, 1.109741303000021 ], [ 103.79164324900006, 1.110097206000034 ], [ 103.791770931000087, 1.111127569000075 ], [ 103.792261291000045, 1.109741303000021 ] ] ], [ [ [ 103.710513510000055, 1.11718922700004 ], [ 103.716147266000064, 1.115914105000058 ], [ 103.716894914000079, 1.114359825000065 ], [ 103.710513510000055, 1.11718922700004 ] ] ], [ [ [ 103.775126245000081, 1.12386105500002 ], [ 103.775523139000086, 1.124346465000031 ], [ 103.775320409000074, 1.123785388000044 ], [ 103.775126245000081, 1.12386105500002 ] ] ], [ [ [ 103.703007555000056, 1.125518460000023 ], [ 103.703759465000076, 1.124457221000057 ], [ 103.702419828000075, 1.12566122800007 ], [ 103.703007555000056, 1.125518460000023 ] ] ], [ [ [ 103.651415009000061, 1.151900595000029 ], [ 103.659696784000062, 1.146404173000064 ], [ 103.660467135000033, 1.140976027000022 ], [ 103.651415009000061, 1.151900595000029 ] ] ], [ [ [ 103.813846708000085, 1.15709219200005 ], [ 103.814078346000088, 1.157094307000023 ], [ 103.813967287000082, 1.156973728000025 ], [ 103.813846708000085, 1.15709219200005 ] ] ], [ [ [ 103.818001050000078, 0.921632553000052 ], [ 103.816461645000061, 0.923316735000071 ], [ 103.817197093000061, 0.92415932900002 ], [ 103.818001050000078, 0.921632553000052 ] ] ], [ [ [ 103.83526659000006, 0.939498591000074 ], [ 103.835505726000065, 0.93954049000007 ], [ 103.835420232000047, 0.939373290000049 ], [ 103.83526659000006, 0.939498591000074 ] ] ], [ [ [ 103.830529762000083, 0.942116053000063 ], [ 103.831816316000072, 0.940844478000031 ], [ 103.830453988000045, 0.941977519000034 ], [ 103.830529762000083, 0.942116053000063 ] ] ], [ [ [ 103.821235164000086, 0.957645483000022 ], [ 103.820218450000084, 0.958125665000068 ], [ 103.820712651000065, 0.958221944000059 ], [ 103.821235164000086, 0.957645483000022 ] ] ], [ [ [ 103.828523049000069, 0.963759286000027 ], [ 103.832056625000064, 0.961097769000048 ], [ 103.832580002000043, 0.957977287000062 ], [ 103.828523049000069, 0.963759286000027 ] ] ], [ [ [ 103.815835009000068, 0.966044472000021 ], [ 103.815576430000078, 0.966705822000051 ], [ 103.816216761000078, 0.96649687300004 ], [ 103.815835009000068, 0.966044472000021 ] ] ], [ [ [ 103.825136245000067, 0.964232994000042 ], [ 103.822625400000049, 0.965255378000052 ], [ 103.820764400000087, 0.971043759000054 ], [ 103.825136245000067, 0.964232994000042 ] ] ], [ [ [ 103.818810893000034, 0.968239013000073 ], [ 103.818737988000066, 0.967928054000026 ], [ 103.818603119000045, 0.968154140000024 ], [ 103.818810893000034, 0.968239013000073 ] ] ], [ [ [ 103.833796061000044, 0.97720948500006 ], [ 103.833852320000062, 0.976932489000035 ], [ 103.833638844000063, 0.977090709000038 ], [ 103.833796061000044, 0.97720948500006 ] ] ], [ [ [ 103.83370046400006, 0.977554307000048 ], [ 103.833593811000071, 0.97738466900006 ], [ 103.833576937000032, 0.977458157000058 ], [ 103.83370046400006, 0.977554307000048 ] ] ], [ [ [ 103.821266149000053, 0.976764121000031 ], [ 103.822248452000053, 0.978358713000034 ], [ 103.822742709000067, 0.97830235400005 ], [ 103.821266149000053, 0.976764121000031 ] ] ], [ [ [ 103.820382571000039, 0.980952411000032 ], [ 103.818090985000083, 0.982297622000033 ], [ 103.819882207000035, 0.983406316000071 ], [ 103.820382571000039, 0.980952411000032 ] ] ], [ [ [ 103.816555213000072, 0.989414631000045 ], [ 103.815532880000035, 0.989860878000059 ], [ 103.815611371000045, 0.990250986000035 ], [ 103.816555213000072, 0.989414631000045 ] ] ], [ [ [ 103.827551593000067, 1.005938827000023 ], [ 103.82850979300008, 0.996915264000052 ], [ 103.824028603000045, 0.99500282200006 ], [ 103.827551593000067, 1.005938827000023 ] ] ], [ [ [ 103.82229665300008, 1.007084553000027 ], [ 103.822628192000082, 1.007107287000053 ], [ 103.822467539000058, 1.006835868000053 ], [ 103.82229665300008, 1.007084553000027 ] ] ], [ [ [ 103.820337031000065, 1.008412376000024 ], [ 103.821915151000042, 1.006304252000064 ], [ 103.819754635000038, 1.007513282000048 ], [ 103.820337031000065, 1.008412376000024 ] ] ], [ [ [ 103.825389922000056, 1.010364624000033 ], [ 103.825721399000088, 1.010562612000058 ], [ 103.825887271000056, 1.01029131100006 ], [ 103.825389922000056, 1.010364624000033 ] ] ], [ [ [ 103.835536504000061, 1.028603880000048 ], [ 103.835089103000087, 1.029457376000039 ], [ 103.835822748000055, 1.028869694000036 ], [ 103.835536504000061, 1.028603880000048 ] ] ], [ [ [ 103.834572608000087, 1.033128005000037 ], [ 103.834141529000078, 1.034079065000071 ], [ 103.834818531000053, 1.033755621000068 ], [ 103.834572608000087, 1.033128005000037 ] ] ], [ [ [ 103.833385594000049, 1.033526880000068 ], [ 103.833794584000088, 1.034185948000072 ], [ 103.834038572000054, 1.033741949000046 ], [ 103.833385594000049, 1.033526880000068 ] ] ], [ [ [ 103.83547303000006, 1.038440217000073 ], [ 103.834805622000033, 1.036472595000021 ], [ 103.833257889000038, 1.037811870000041 ], [ 103.83547303000006, 1.038440217000073 ] ] ], [ [ [ 103.832740639000065, 1.03734244900005 ], [ 103.832866013000057, 1.037924792000069 ], [ 103.833301920000054, 1.03765975400006 ], [ 103.832740639000065, 1.03734244900005 ] ] ], [ [ [ 103.820085489000064, 1.03989869000003 ], [ 103.828686467000068, 1.037883663000059 ], [ 103.827777710000078, 1.036532171000033 ], [ 103.820085489000064, 1.03989869000003 ] ] ], [ [ [ 103.831044744000053, 1.043659231000049 ], [ 103.831496648000041, 1.044236044000058 ], [ 103.831568419000064, 1.043731508000064 ], [ 103.831044744000053, 1.043659231000049 ] ] ], [ [ [ 103.820832436000046, 1.044076795000024 ], [ 103.819595929000059, 1.046021078000024 ], [ 103.821324240000081, 1.045416824000029 ], [ 103.820832436000046, 1.044076795000024 ] ] ], [ [ [ 103.832283803000053, 1.044999543000074 ], [ 103.832441797000058, 1.04566952700003 ], [ 103.832547555000076, 1.044953002000057 ], [ 103.832283803000053, 1.044999543000074 ] ] ], [ [ [ 103.825345096000035, 1.053389573000061 ], [ 103.830788949000066, 1.044312326000068 ], [ 103.818535301000054, 1.047807133000049 ], [ 103.825345096000035, 1.053389573000061 ] ] ], [ [ [ 103.835213266000039, 1.050347934000058 ], [ 103.835092842000051, 1.049966286000029 ], [ 103.834983463000071, 1.050284247000036 ], [ 103.835213266000039, 1.050347934000058 ] ] ], [ [ [ 103.81724007400004, 1.056006719000038 ], [ 103.818607756000063, 1.052598277000072 ], [ 103.811575969000046, 1.049633244000063 ], [ 103.81559165300007, 1.05787734200004 ], [ 103.81724007400004, 1.056006719000038 ] ] ], [ [ [ 103.830568914000082, 1.056773451000026 ], [ 103.833244853000053, 1.054353408000054 ], [ 103.833094292000055, 1.053963268000075 ], [ 103.830568914000082, 1.056773451000026 ] ] ], [ [ [ 103.822645008000052, 1.056110381000053 ], [ 103.820706034000068, 1.05582697400007 ], [ 103.821272837000038, 1.058094182000048 ], [ 103.822645008000052, 1.056110381000053 ] ] ], [ [ [ 103.823412681000036, 1.058569882000029 ], [ 103.824302337000063, 1.057264297000074 ], [ 103.82381510600004, 1.057128430000034 ], [ 103.823412681000036, 1.058569882000029 ] ] ], [ [ [ 103.836552642000072, 1.058306366000068 ], [ 103.836743605000038, 1.058125530000041 ], [ 103.836472335000053, 1.058119774000033 ], [ 103.836552642000072, 1.058306366000068 ] ] ], [ [ [ 103.822721132000083, 1.058535697000025 ], [ 103.823165207000045, 1.059215773000062 ], [ 103.82318828800004, 1.058620676000032 ], [ 103.822721132000083, 1.058535697000025 ] ] ], [ [ [ 103.815427425000053, 1.059919171000047 ], [ 103.815292237000051, 1.058743225000057 ], [ 103.814945206000061, 1.059817225000074 ], [ 103.815427425000053, 1.059919171000047 ] ] ], [ [ [ 103.83300326300008, 1.060625249000054 ], [ 103.832743674000085, 1.059611784000026 ], [ 103.83176020500008, 1.059903972000029 ], [ 103.83300326300008, 1.060625249000054 ] ] ], [ [ [ 103.818412761000047, 1.066980141000045 ], [ 103.825011310000036, 1.06000079100005 ], [ 103.821334531000048, 1.05881783500007 ], [ 103.819481904000043, 1.05603002600003 ], [ 103.812044284000081, 1.06343303500006 ], [ 103.818412761000047, 1.066980141000045 ] ] ], [ [ [ 103.823104877000048, 1.062193562000061 ], [ 103.824099334000039, 1.062731012000029 ], [ 103.823883660000035, 1.061837700000069 ], [ 103.823104877000048, 1.062193562000061 ] ] ], [ [ [ 103.827511487000038, 1.064579009000056 ], [ 103.826361102000078, 1.06456160800002 ], [ 103.827104375000033, 1.065121576000024 ], [ 103.827511487000038, 1.064579009000056 ] ] ], [ [ [ 103.827746923000063, 1.065211662000024 ], [ 103.82819397600008, 1.065324900000064 ], [ 103.82811866600008, 1.065211804000057 ], [ 103.827746923000063, 1.065211662000024 ] ] ], [ [ [ 103.820621913000082, 1.067785211000057 ], [ 103.820859146000032, 1.068124504000025 ], [ 103.821013744000084, 1.067798083000071 ], [ 103.820621913000082, 1.067785211000057 ] ] ], [ [ [ 103.814523665000081, 1.072042040000042 ], [ 103.817568989000051, 1.069278743000041 ], [ 103.815014679000058, 1.068866471000035 ], [ 103.814523665000081, 1.072042040000042 ] ] ], [ [ [ 103.817780160000041, 1.070793705000028 ], [ 103.826573255000085, 1.072437993000051 ], [ 103.827114105000078, 1.066977057000031 ], [ 103.817780160000041, 1.070793705000028 ] ] ], [ [ [ 103.827368034000074, 1.072594833000039 ], [ 103.828329296000049, 1.07126383700006 ], [ 103.827078215000085, 1.071827278000058 ], [ 103.827368034000074, 1.072594833000039 ] ] ], [ [ [ 103.82734147900004, 1.073069705000023 ], [ 103.827658072000077, 1.072785746000022 ], [ 103.827160728000081, 1.072815234000075 ], [ 103.82734147900004, 1.073069705000023 ] ] ], [ [ [ 103.819326137000076, 1.076845607000052 ], [ 103.819111148000047, 1.077447604000042 ], [ 103.819536905000064, 1.077418090000037 ], [ 103.819326137000076, 1.076845607000052 ] ] ], [ [ [ 103.83020597400008, 1.078535348000059 ], [ 103.830458295000085, 1.078832248000026 ], [ 103.830575197000087, 1.078560931000027 ], [ 103.83020597400008, 1.078535348000059 ] ] ], [ [ [ 103.829506165000055, 1.079258708000054 ], [ 103.829661824000084, 1.079445329000066 ], [ 103.829692052000041, 1.079219207000051 ], [ 103.829506165000055, 1.079258708000054 ] ] ], [ [ [ 103.834778665000044, 1.081890978000047 ], [ 103.834247867000045, 1.080720525000061 ], [ 103.834224752000068, 1.082051885000055 ], [ 103.834778665000044, 1.081890978000047 ] ] ], [ [ [ 103.81887316600006, 1.08735015600007 ], [ 103.818715207000082, 1.086620813000025 ], [ 103.818338358000062, 1.086832665000031 ], [ 103.81887316600006, 1.08735015600007 ] ] ], [ [ [ 103.823785943000075, 1.088068650000025 ], [ 103.824182349000068, 1.086003918000074 ], [ 103.822606922000034, 1.087389785000028 ], [ 103.823785943000075, 1.088068650000025 ] ] ], [ [ [ 103.825567929000044, 1.088404310000044 ], [ 103.825229141000079, 1.087619774000075 ], [ 103.824716499000033, 1.08823013500006 ], [ 103.825567929000044, 1.088404310000044 ] ] ], [ [ [ 103.838343583000039, 1.089978103000021 ], [ 103.837940954000032, 1.088633856000058 ], [ 103.837593808000065, 1.089982052000039 ], [ 103.838343583000039, 1.089978103000021 ] ] ], [ [ [ 103.832321233000073, 1.094024985000033 ], [ 103.832743443000084, 1.093435786000043 ], [ 103.832182025000066, 1.093516127000044 ], [ 103.832321233000073, 1.094024985000033 ] ] ], [ [ [ 103.827927583000076, 1.095341907000034 ], [ 103.828463412000076, 1.09323906700007 ], [ 103.827110804000085, 1.09325125600003 ], [ 103.827927583000076, 1.095341907000034 ] ] ], [ [ [ 103.832448692000071, 1.09568712500004 ], [ 103.831861156000059, 1.095101771000031 ], [ 103.832053071000075, 1.095716650000043 ], [ 103.832448692000071, 1.09568712500004 ] ] ], [ [ [ 103.831397395000067, 1.095962314000076 ], [ 103.829954829000087, 1.09476606100003 ], [ 103.830485475000046, 1.096313878000046 ], [ 103.831397395000067, 1.095962314000076 ] ] ], [ [ [ 103.828872469000032, 1.097415649000027 ], [ 103.828951815000039, 1.096839037000052 ], [ 103.828360054000086, 1.097436647000052 ], [ 103.828872469000032, 1.097415649000027 ] ] ], [ [ [ 103.825296578000064, 1.098296161000064 ], [ 103.824565783000082, 1.097939710000048 ], [ 103.824038366000082, 1.097786861000031 ], [ 103.825296578000064, 1.098296161000064 ] ] ], [ [ [ 103.822366901000066, 1.103840935000051 ], [ 103.823350591000064, 1.103027245000021 ], [ 103.824454907000074, 1.102060961000063 ], [ 103.824304608000034, 1.101017858000034 ], [ 103.822366901000066, 1.103840935000051 ] ] ], [ [ [ 103.816861222000057, 1.10917291100003 ], [ 103.81703777000007, 1.109407821000048 ], [ 103.817085359000032, 1.109320971000045 ], [ 103.816861222000057, 1.10917291100003 ] ] ], [ [ [ 103.833002993000036, 1.121297167000023 ], [ 103.832442279000077, 1.119583971000054 ], [ 103.831800988000055, 1.121542606000048 ], [ 103.833002993000036, 1.121297167000023 ] ] ], [ [ [ 103.834502542000052, 1.121327448000045 ], [ 103.841495223000038, 1.121974728000055 ], [ 103.835695147000081, 1.116256849000024 ], [ 103.834502542000052, 1.121327448000045 ] ] ], [ [ [ 103.825603990000047, 1.128654856000026 ], [ 103.829176964000055, 1.125760372000059 ], [ 103.828363525000043, 1.12477635800002 ], [ 103.825603990000047, 1.128654856000026 ] ] ], [ [ [ 103.840553908000061, 1.132950264000044 ], [ 103.840923110000062, 1.133047934000047 ], [ 103.840862993000087, 1.132628146000059 ], [ 103.840553908000061, 1.132950264000044 ] ] ], [ [ [ 103.835621752000065, 1.133342596000034 ], [ 103.834970039000041, 1.133070970000063 ], [ 103.834758773000033, 1.133749290000026 ], [ 103.835621752000065, 1.133342596000034 ] ] ], [ [ [ 103.830726277000053, 1.136236547000067 ], [ 103.82922676700008, 1.136096015000021 ], [ 103.829433739000081, 1.136727863000033 ], [ 103.830726277000053, 1.136236547000067 ] ] ], [ [ [ 103.837774939000042, 1.138278866000064 ], [ 103.837293799000065, 1.135442089000037 ], [ 103.83607237800004, 1.137107926000056 ], [ 103.837774939000042, 1.138278866000064 ] ] ], [ [ [ 103.835634070000083, 1.140215691000037 ], [ 103.835212540000043, 1.139070711000045 ], [ 103.83385592500008, 1.139617122000061 ], [ 103.835634070000083, 1.140215691000037 ] ] ], [ [ [ 103.835761985000033, 1.140686386000027 ], [ 103.835973079000041, 1.140440550000051 ], [ 103.835882753000078, 1.140190352000047 ], [ 103.835761985000033, 1.140686386000027 ] ] ], [ [ [ 103.833952760000045, 1.142415580000034 ], [ 103.833982701000082, 1.142915916000049 ], [ 103.834284355000079, 1.142339395000022 ], [ 103.833952760000045, 1.142415580000034 ] ] ], [ [ [ 103.830775533000065, 1.144890454000063 ], [ 103.830334297000036, 1.14589515800003 ], [ 103.831434842000078, 1.145013686000027 ], [ 103.830775533000065, 1.144890454000063 ] ] ], [ [ [ 103.841820041000062, 0.966024216000051 ], [ 103.849914610000042, 0.961883035000028 ], [ 103.84223187200007, 0.960580139000058 ], [ 103.841820041000062, 0.966024216000051 ] ] ], [ [ [ 103.848416291000035, 1.015404572000023 ], [ 103.848428043000069, 1.014136800000074 ], [ 103.847610094000061, 1.015192280000065 ], [ 103.848416291000035, 1.015404572000023 ] ] ], [ [ [ 103.850994178000064, 1.024905703000059 ], [ 103.850530579000065, 1.025405862000071 ], [ 103.85111082700007, 1.025321271000053 ], [ 103.850994178000064, 1.024905703000059 ] ] ], [ [ [ 103.853329735000045, 1.025983521000057 ], [ 103.851664154000048, 1.026771570000051 ], [ 103.853156064000075, 1.026992593000045 ], [ 103.853329735000045, 1.025983521000057 ] ] ], [ [ [ 103.853638938000074, 1.027698820000069 ], [ 103.854161833000035, 1.028188362000037 ], [ 103.85450409200007, 1.02754673000004 ], [ 103.853638938000074, 1.027698820000069 ] ] ], [ [ [ 103.85370176400005, 1.028701534000049 ], [ 103.852186842000037, 1.029612599000075 ], [ 103.852759393000042, 1.029981691000046 ], [ 103.85370176400005, 1.028701534000049 ] ] ], [ [ [ 103.852005726000073, 1.030363023000064 ], [ 103.852540821000048, 1.030117294000036 ], [ 103.852265850000038, 1.02992639200005 ], [ 103.852005726000073, 1.030363023000064 ] ] ], [ [ [ 103.849993580000046, 1.030977101000076 ], [ 103.850430519000042, 1.031278303000022 ], [ 103.850487133000058, 1.03100272000006 ], [ 103.849993580000046, 1.030977101000076 ] ] ], [ [ [ 103.866532840000048, 1.032868848000021 ], [ 103.866400706000036, 1.033615055000041 ], [ 103.866728682000087, 1.033085163000067 ], [ 103.866532840000048, 1.032868848000021 ] ] ], [ [ [ 103.872963809000055, 1.034168618000024 ], [ 103.873178190000033, 1.035237197000072 ], [ 103.873585373000083, 1.034465646000058 ], [ 103.872963809000055, 1.034168618000024 ] ] ], [ [ [ 103.864810599000066, 1.034034251000037 ], [ 103.86370594300007, 1.036077569000042 ], [ 103.86474974500004, 1.035641218000023 ], [ 103.864810599000066, 1.034034251000037 ] ] ], [ [ [ 103.845481500000062, 1.03570602800005 ], [ 103.845926036000037, 1.035833393000075 ], [ 103.845587044000069, 1.035566146000065 ], [ 103.845481500000062, 1.03570602800005 ] ] ], [ [ [ 103.845718700000077, 1.036151321000034 ], [ 103.846212171000047, 1.036405904000048 ], [ 103.845888294000076, 1.036015701000053 ], [ 103.845718700000077, 1.036151321000034 ] ] ], [ [ [ 103.86344452600008, 1.039032542000029 ], [ 103.86383638600006, 1.03897332300005 ], [ 103.863734742000076, 1.038740082000061 ], [ 103.86344452600008, 1.039032542000029 ] ] ], [ [ [ 103.860166074000063, 1.04172830300007 ], [ 103.861025530000063, 1.040541395000048 ], [ 103.860358723000047, 1.04034187000002 ], [ 103.860166074000063, 1.04172830300007 ] ] ], [ [ [ 103.844303129000082, 1.074900118000073 ], [ 103.849248428000067, 1.068529661000071 ], [ 103.855293749000055, 1.073475847000054 ], [ 103.868373228000053, 1.058411497000066 ], [ 103.878138452000087, 1.060331592000068 ], [ 103.879804375000049, 1.04814191600002 ], [ 103.870421304000047, 1.05228532700005 ], [ 103.867205126000044, 1.04828999700004 ], [ 103.876171701000032, 1.039227930000038 ], [ 103.860832397000081, 1.042181968000023 ], [ 103.842128054000057, 1.036366244000021 ], [ 103.846456539000087, 1.027417089000039 ], [ 103.836106376000032, 1.028715001000023 ], [ 103.838526243000047, 1.046502846000067 ], [ 103.837267131000033, 1.058607678000044 ], [ 103.832811906000074, 1.063532906000034 ], [ 103.84293768200007, 1.068166871000074 ], [ 103.844303129000082, 1.074900118000073 ] ] ], [ [ [ 103.872533196000063, 1.064198533000024 ], [ 103.872683993000066, 1.063955490000069 ], [ 103.872523237000053, 1.063955431000068 ], [ 103.872533196000063, 1.064198533000024 ] ] ], [ [ [ 103.842717429000061, 1.072774301000038 ], [ 103.843129461000046, 1.072514402000024 ], [ 103.843029040000033, 1.072378683000068 ], [ 103.842717429000061, 1.072774301000038 ] ] ], [ [ [ 103.859894435000058, 1.082771011000034 ], [ 103.86858664600004, 1.072415770000021 ], [ 103.869821761000082, 1.064016624000033 ], [ 103.859443292000037, 1.069982795000044 ], [ 103.859894435000058, 1.082771011000034 ] ] ], [ [ [ 103.872469436000074, 1.073387036000042 ], [ 103.87240859800005, 1.07490072500002 ], [ 103.873154938000084, 1.074002103000055 ], [ 103.872469436000074, 1.073387036000042 ] ] ], [ [ [ 103.872173950000047, 1.077754216000073 ], [ 103.874104169000077, 1.074651189000065 ], [ 103.870038235000038, 1.076150668000025 ], [ 103.872173950000047, 1.077754216000073 ] ] ], [ [ [ 103.872207482000078, 1.07878032900004 ], [ 103.872388391000072, 1.078623514000071 ], [ 103.872120857000084, 1.078691255000024 ], [ 103.872207482000078, 1.07878032900004 ] ] ], [ [ [ 103.873563682000054, 1.079285406000054 ], [ 103.873066716000039, 1.078263359000061 ], [ 103.87259940000007, 1.078581192000058 ], [ 103.873563682000054, 1.079285406000054 ] ] ], [ [ [ 103.867353910000077, 1.080754392000074 ], [ 103.872772188000056, 1.080014406000032 ], [ 103.869751756000085, 1.076506728000027 ], [ 103.867353910000077, 1.080754392000074 ] ] ], [ [ [ 103.850915769000039, 1.081799652000029 ], [ 103.851146235000044, 1.080107958000042 ], [ 103.850245158000064, 1.081689155000049 ], [ 103.850915769000039, 1.081799652000029 ] ] ], [ [ [ 103.868346681000048, 1.086402273000033 ], [ 103.866380388000039, 1.085146468000062 ], [ 103.866285776000041, 1.086270053000021 ], [ 103.868346681000048, 1.086402273000033 ] ] ], [ [ [ 103.869857464000063, 1.086123276000023 ], [ 103.870901770000046, 1.084393714000043 ], [ 103.869710826000073, 1.085304885000028 ], [ 103.869857464000063, 1.086123276000023 ] ] ], [ [ [ 103.85220103000006, 1.090538899000023 ], [ 103.853494365000074, 1.087880878000021 ], [ 103.851493815000083, 1.087587549000034 ], [ 103.85220103000006, 1.090538899000023 ] ] ], [ [ [ 103.864758677000054, 1.088890122000066 ], [ 103.865353771000059, 1.089450037000063 ], [ 103.865112918000079, 1.088695213000051 ], [ 103.864758677000054, 1.088890122000066 ] ] ], [ [ [ 103.851523329000088, 1.089245422000033 ], [ 103.851078817000086, 1.08903748900002 ], [ 103.850920527000085, 1.089156149000075 ], [ 103.851523329000088, 1.089245422000033 ] ] ], [ [ [ 103.859394709000071, 1.092902166000044 ], [ 103.864549934000081, 1.090355847000069 ], [ 103.864739413000052, 1.087438747000022 ], [ 103.859394709000071, 1.092902166000044 ] ] ], [ [ [ 103.862476960000038, 1.09483807700002 ], [ 103.870635028000038, 1.092458254000064 ], [ 103.874007611000081, 1.09126806300003 ], [ 103.866277644000036, 1.087372749000053 ], [ 103.866058213000088, 1.08978527000005 ], [ 103.862476960000038, 1.09483807700002 ] ] ], [ [ [ 103.856449640000051, 1.094208181000056 ], [ 103.856009069000038, 1.093538082000066 ], [ 103.85592974900004, 1.094059580000021 ], [ 103.856449640000051, 1.094208181000056 ] ] ], [ [ [ 103.851805834000061, 1.09718297400002 ], [ 103.851165618000039, 1.096398316000034 ], [ 103.850660412000082, 1.097263092000048 ], [ 103.851805834000061, 1.09718297400002 ] ] ], [ [ [ 103.869318006000071, 1.097999543000071 ], [ 103.871455146000073, 1.095808232000024 ], [ 103.870486931000073, 1.095544979000067 ], [ 103.869318006000071, 1.097999543000071 ] ] ], [ [ [ 103.872392534000085, 1.097903190000068 ], [ 103.872569701000032, 1.097682772000041 ], [ 103.872313489000078, 1.097695395000073 ], [ 103.872392534000085, 1.097903190000068 ] ] ], [ [ [ 103.848557649000043, 1.098229010000068 ], [ 103.848938152000073, 1.098326679000024 ], [ 103.848975861000042, 1.098246132000043 ], [ 103.848557649000043, 1.098229010000068 ] ] ], [ [ [ 103.862353087000088, 1.101018792000048 ], [ 103.867342612000073, 1.098319774000061 ], [ 103.858737830000052, 1.096319408000056 ], [ 103.862353087000088, 1.101018792000048 ] ] ], [ [ [ 103.856345544000078, 1.100441034000028 ], [ 103.855682966000074, 1.099011877000066 ], [ 103.855173692000051, 1.100661064000064 ], [ 103.856345544000078, 1.100441034000028 ] ] ], [ [ [ 103.871875590000059, 1.099929754000073 ], [ 103.872523545000035, 1.100197126000069 ], [ 103.872459621000075, 1.099857895000071 ], [ 103.871875590000059, 1.099929754000073 ] ] ], [ [ [ 103.847168948000046, 1.100474149000036 ], [ 103.847324559000072, 1.100790800000027 ], [ 103.847324696000044, 1.100434636000045 ], [ 103.847168948000046, 1.100474149000036 ] ] ], [ [ [ 103.859371771000042, 1.101548863000062 ], [ 103.859034755000039, 1.102679418000037 ], [ 103.859854015000053, 1.101622544000065 ], [ 103.859371771000042, 1.101548863000062 ] ] ], [ [ [ 103.847203497000066, 1.102079728000035 ], [ 103.84752973600007, 1.102854370000045 ], [ 103.847454792000065, 1.101785849000066 ], [ 103.847203497000066, 1.102079728000035 ] ] ], [ [ [ 103.866976630000067, 1.102238729000021 ], [ 103.865725701000088, 1.102327291000051 ], [ 103.865525719000061, 1.10309466800004 ], [ 103.866976630000067, 1.102238729000021 ] ] ], [ [ [ 103.858683004000056, 1.102928033000069 ], [ 103.858758454000053, 1.102679311000031 ], [ 103.85854743200008, 1.102752724000027 ], [ 103.858683004000056, 1.102928033000069 ] ] ], [ [ [ 103.860726708000072, 1.102350752000063 ], [ 103.859942588000081, 1.103474068000025 ], [ 103.861596680000048, 1.103347504000055 ], [ 103.860726708000072, 1.102350752000063 ] ] ], [ [ [ 103.858672924000075, 1.103012830000068 ], [ 103.858702991000087, 1.103210711000031 ], [ 103.858944196000039, 1.10302989500002 ], [ 103.858672924000075, 1.103012830000068 ] ] ], [ [ [ 103.857996664000041, 1.103391552000062 ], [ 103.858603219000088, 1.103531709000038 ], [ 103.858663556000067, 1.103391810000062 ], [ 103.857996664000041, 1.103391552000062 ] ] ], [ [ [ 103.856104310000035, 1.105862777000027 ], [ 103.857013475000088, 1.102886605000037 ], [ 103.855698544000063, 1.102852176000056 ], [ 103.856104310000035, 1.105862777000027 ] ] ], [ [ [ 103.861643422000043, 1.104512338000063 ], [ 103.861918554000056, 1.104287720000059 ], [ 103.861594512000067, 1.104325756000037 ], [ 103.861643422000043, 1.104512338000063 ] ] ], [ [ [ 103.860795298000085, 1.104614714000036 ], [ 103.859875343000056, 1.106246785000053 ], [ 103.860768212000039, 1.106480334000025 ], [ 103.860795298000085, 1.104614714000036 ] ] ], [ [ [ 103.865533217000063, 1.105375774000038 ], [ 103.865050550000035, 1.106410166000046 ], [ 103.865883488000065, 1.105719355000076 ], [ 103.865533217000063, 1.105375774000038 ] ] ], [ [ [ 103.844980301000078, 1.105938716000026 ], [ 103.844961066000053, 1.106964799000025 ], [ 103.845665660000066, 1.10689299400002 ], [ 103.844980301000078, 1.105938716000026 ] ] ], [ [ [ 103.863291141000047, 1.106053322000037 ], [ 103.863803121000046, 1.107198340000025 ], [ 103.86415381200004, 1.106439502000057 ], [ 103.863291141000047, 1.106053322000037 ] ] ], [ [ [ 103.861222937000036, 1.110444033000022 ], [ 103.860545909000052, 1.107386681000037 ], [ 103.85930525200007, 1.110167685000022 ], [ 103.861222937000036, 1.110444033000022 ] ] ], [ [ [ 103.843585456000085, 1.109967668000024 ], [ 103.842873688000054, 1.10910665900002 ], [ 103.842831871000044, 1.110064892000025 ], [ 103.843585456000085, 1.109967668000024 ] ] ], [ [ [ 103.842099707000045, 1.111203717000024 ], [ 103.842065400000081, 1.11222555300003 ], [ 103.84267615300007, 1.11125058500005 ], [ 103.842099707000045, 1.111203717000024 ] ] ], [ [ [ 103.846473287000038, 1.113181302000044 ], [ 103.847822815000086, 1.111443412000028 ], [ 103.846210523000082, 1.11066261000002 ], [ 103.846473287000038, 1.113181302000044 ] ] ], [ [ [ 103.841125303000069, 1.117160588000047 ], [ 103.841275531000065, 1.118390259000023 ], [ 103.84153234200005, 1.116846987000031 ], [ 103.841125303000069, 1.117160588000047 ] ] ], [ [ [ 103.844816416000072, 1.117678993000027 ], [ 103.84453362000005, 1.117418377000035 ], [ 103.844589071000087, 1.117823164000072 ], [ 103.844816416000072, 1.117678993000027 ] ] ], [ [ [ 103.871237314000041, 1.118867685000055 ], [ 103.873655900000074, 1.119742079000048 ], [ 103.872567260000039, 1.119084444000066 ], [ 103.873961806000068, 1.117868078000072 ], [ 103.872304402000054, 1.116760775000046 ], [ 103.871237314000041, 1.118867685000055 ] ] ], [ [ [ 103.841689930000086, 1.118526105000058 ], [ 103.842096851000065, 1.11851354700002 ], [ 103.841731407000054, 1.118445561000044 ], [ 103.841689930000086, 1.118526105000058 ] ] ], [ [ [ 103.841831700000057, 1.122100516000046 ], [ 103.842396913000073, 1.121973539000066 ], [ 103.841888298000072, 1.121892776000038 ], [ 103.841831700000057, 1.122100516000046 ] ] ], [ [ [ 103.844467512000051, 1.126210168000057 ], [ 103.843111340000064, 1.125649941000063 ], [ 103.843351960000064, 1.12696021000005 ], [ 103.844467512000051, 1.126210168000057 ] ] ], [ [ [ 103.854028936000077, 1.129198968000026 ], [ 103.850521752000077, 1.127632995000056 ], [ 103.85010888000005, 1.133187300000031 ], [ 103.854028936000077, 1.129198968000026 ] ] ], [ [ [ 103.870730975000072, 1.130655656000044 ], [ 103.875580132000039, 1.130674511000052 ], [ 103.871737847000077, 1.128404565000039 ], [ 103.870730975000072, 1.130655656000044 ] ] ], [ [ [ 103.869521643000041, 1.13031597600002 ], [ 103.869174635000036, 1.131274098000063 ], [ 103.870052691000069, 1.130863154000053 ], [ 103.869521643000041, 1.13031597600002 ] ] ], [ [ [ 103.870884731000046, 1.132529833000035 ], [ 103.871257513000046, 1.133123591000071 ], [ 103.871321832000035, 1.132436722000023 ], [ 103.870884731000046, 1.132529833000035 ] ] ], [ [ [ 103.84920868200004, 1.13416989600006 ], [ 103.849690782000039, 1.13461529500006 ], [ 103.849676010000053, 1.133856319000074 ], [ 103.84920868200004, 1.13416989600006 ] ] ], [ [ [ 103.868820485000072, 1.152841225000031 ], [ 103.876482827000075, 1.146857270000055 ], [ 103.871672324000087, 1.144273154000075 ], [ 103.868820485000072, 1.152841225000031 ] ] ], [ [ [ 103.867746962000069, 1.161562636000042 ], [ 103.865066821000084, 1.155133601000045 ], [ 103.863152691000039, 1.155323634000069 ], [ 103.867746962000069, 1.161562636000042 ] ] ], [ [ [ 103.866284518000043, 1.162876469000025 ], [ 103.866099271000053, 1.164436742000021 ], [ 103.86631023700005, 1.164517389000025 ], [ 103.866284518000043, 1.162876469000025 ] ] ], [ [ [ 103.905581545000075, 0.917419583000026 ], [ 103.901981817000035, 0.916163393000033 ], [ 103.905188098000053, 0.918403174000048 ], [ 103.905581545000075, 0.917419583000026 ] ] ], [ [ [ 103.888147723000088, 0.939007550000042 ], [ 103.893650914000034, 0.935473626000032 ], [ 103.887383414000055, 0.935949518000029 ], [ 103.888147723000088, 0.939007550000042 ] ] ], [ [ [ 103.867389325000033, 1.031928078000021 ], [ 103.873623986000041, 1.030765694000024 ], [ 103.875336843000071, 1.031286422000051 ], [ 103.877435352000077, 1.035125867000033 ], [ 103.883687117000079, 1.028202584000041 ], [ 103.874846393000041, 1.018761016000042 ], [ 103.877749779000055, 1.012150311000028 ], [ 103.884093520000079, 1.015114935000042 ], [ 103.887391322000042, 1.008247100000062 ], [ 103.900169272000085, 0.999382458000071 ], [ 103.922422474000086, 1.008905679000065 ], [ 103.927600721000033, 0.998724468000034 ], [ 103.931572050000057, 0.997459371000048 ], [ 103.937963771000057, 0.99731446100003 ], [ 103.966819828000041, 0.967664766000041 ], [ 103.962959094000041, 0.937235779000048 ], [ 103.942698175000032, 0.92554371600005 ], [ 103.943854179000084, 0.909776200000067 ], [ 103.833559957000034, 0.977836927000055 ], [ 103.833872574000054, 1.01723972700006 ], [ 103.859229800000037, 1.006976576000056 ], [ 103.848046384000043, 1.024260725000033 ], [ 103.854466953000042, 1.022844034000059 ], [ 103.854856402000053, 1.029554779000023 ], [ 103.853388012000039, 1.033788655000023 ], [ 103.867389325000033, 1.031928078000021 ] ] ], [ [ [ 103.900970268000037, 1.001545 ], [ 103.899112574000071, 1.002222793000044 ], [ 103.901049130000047, 1.002320971000074 ], [ 103.900970268000037, 1.001545 ] ] ], [ [ [ 103.884987542000033, 1.013386426000068 ], [ 103.885281384000052, 1.013492531000054 ], [ 103.885232534000068, 1.013115144000039 ], [ 103.884987542000033, 1.013386426000068 ] ] ], [ [ [ 103.879181571000061, 1.013350488000071 ], [ 103.879882259000055, 1.01363905900007 ], [ 103.879686512000035, 1.013138659000049 ], [ 103.879181571000061, 1.013350488000071 ] ] ], [ [ [ 103.87959924200004, 1.014923711000051 ], [ 103.880468642000039, 1.017629198000066 ], [ 103.881471001000079, 1.017171617000031 ], [ 103.87959924200004, 1.014923711000051 ] ] ], [ [ [ 103.889189317000046, 1.010996455000054 ], [ 103.88362535300007, 1.019381462000069 ], [ 103.884452820000035, 1.023507374000076 ], [ 103.890121976000046, 1.016063713000051 ], [ 103.889189317000046, 1.010996455000054 ] ] ], [ [ [ 103.895541454000067, 1.039135306000048 ], [ 103.907130079000069, 1.019655927000031 ], [ 103.919788230000051, 1.012485883000068 ], [ 103.903303878000088, 1.003096897000034 ], [ 103.884727507000036, 1.030100056000038 ], [ 103.89448944600008, 1.030608054000027 ], [ 103.895541454000067, 1.039135306000048 ] ] ], [ [ [ 103.873940727000047, 1.031077941000035 ], [ 103.874121505000062, 1.031281529000069 ], [ 103.874174318000087, 1.031094984000049 ], [ 103.873940727000047, 1.031077941000035 ] ] ], [ [ [ 103.873748325000065, 1.031790207000029 ], [ 103.873932870000033, 1.031993797000041 ], [ 103.873951773000044, 1.031811480000044 ], [ 103.873748325000065, 1.031790207000029 ] ] ], [ [ [ 103.893912725000064, 1.032583210000041 ], [ 103.892658361000088, 1.031764427000041 ], [ 103.892541411000082, 1.032201119000035 ], [ 103.893912725000064, 1.032583210000041 ] ] ], [ [ [ 103.883185962000084, 1.032459245000041 ], [ 103.882685053000046, 1.031899374000034 ], [ 103.882545439000069, 1.032501419000027 ], [ 103.883185962000084, 1.032459245000041 ] ] ], [ [ [ 103.883110560000034, 1.032594902000028 ], [ 103.882993739000085, 1.032658462000029 ], [ 103.883076614000061, 1.032700892000037 ], [ 103.883110560000034, 1.032594902000028 ] ] ], [ [ [ 103.873510669000041, 1.032621180000035 ], [ 103.873710244000051, 1.032939258000056 ], [ 103.873879872000032, 1.032706114000064 ], [ 103.873510669000041, 1.032621180000035 ] ] ], [ [ [ 103.874987070000088, 1.034131179000042 ], [ 103.875126889000057, 1.032952483000031 ], [ 103.874584017000075, 1.033876630000066 ], [ 103.874987070000088, 1.034131179000042 ] ] ], [ [ [ 103.87894301700004, 1.045173802000022 ], [ 103.890044193000051, 1.040907977000074 ], [ 103.888223591000042, 1.032388948000062 ], [ 103.879062891000046, 1.036464684000066 ], [ 103.87894301700004, 1.045173802000022 ] ] ], [ [ [ 103.888579919000051, 1.047199775000024 ], [ 103.888154903000043, 1.045109249000063 ], [ 103.886688968000044, 1.045939788000055 ], [ 103.888579919000051, 1.047199775000024 ] ] ], [ [ [ 103.901138135000053, 1.04725077300003 ], [ 103.901450935000071, 1.047026156000072 ], [ 103.901096772000074, 1.047013311000057 ], [ 103.901138135000053, 1.04725077300003 ] ] ], [ [ [ 103.874432175000038, 1.04812126500002 ], [ 103.874598009000067, 1.047968681000043 ], [ 103.874407090000034, 1.048030800000049 ], [ 103.874432175000038, 1.04812126500002 ] ] ], [ [ [ 103.874869273000058, 1.047997047000024 ], [ 103.875155500000062, 1.048330704000023 ], [ 103.875251037000055, 1.048081986000057 ], [ 103.874869273000058, 1.047997047000024 ] ] ], [ [ [ 103.875155397000071, 1.048619030000054 ], [ 103.875100198000041, 1.048449407000021 ], [ 103.874964522000084, 1.04855677300003 ], [ 103.875155397000071, 1.048619030000054 ] ] ], [ [ [ 103.881541936000076, 1.047430469000062 ], [ 103.88137525500008, 1.049970229000053 ], [ 103.882690972000034, 1.047757369000067 ], [ 103.881541936000076, 1.047430469000062 ] ] ], [ [ [ 103.89025551800006, 1.050143012000035 ], [ 103.890481135000073, 1.051410887000031 ], [ 103.891058170000065, 1.049787129000038 ], [ 103.89025551800006, 1.050143012000035 ] ] ], [ [ [ 103.891824015000054, 1.058740306000061 ], [ 103.900466197000071, 1.056292609000025 ], [ 103.899954236000042, 1.038789179000048 ], [ 103.892640543000084, 1.040363932000048 ], [ 103.891824015000054, 1.058740306000061 ] ] ], [ [ [ 103.876284165000072, 1.061907434000034 ], [ 103.875597934000041, 1.063306413000021 ], [ 103.876268524000068, 1.063484742000071 ], [ 103.876284165000072, 1.061907434000034 ] ] ], [ [ [ 103.875890417000051, 1.063702262000049 ], [ 103.876292289000048, 1.063753290000022 ], [ 103.876297345000069, 1.063662837000038 ], [ 103.875890417000051, 1.063702262000049 ] ] ], [ [ [ 103.893512931000032, 1.064757627000063 ], [ 103.894066828000064, 1.064651824000066 ], [ 103.89356200900005, 1.064486277000071 ], [ 103.893512931000032, 1.064757627000063 ] ] ], [ [ [ 103.889658781000037, 1.064788148000048 ], [ 103.889372408000042, 1.064855886000032 ], [ 103.88821915300008, 1.065767091000055 ], [ 103.889225065000062, 1.06597522200002 ], [ 103.889658781000037, 1.064788148000048 ] ] ], [ [ [ 103.87299328000006, 1.07303530300004 ], [ 103.875168406000057, 1.069898442000067 ], [ 103.871977253000068, 1.069587736000074 ], [ 103.87299328000006, 1.07303530300004 ] ] ], [ [ [ 103.880469141000049, 1.076612379000039 ], [ 103.879967630000067, 1.077710379000052 ], [ 103.880694875000074, 1.077519844000051 ], [ 103.880469141000049, 1.076612379000039 ] ] ], [ [ [ 103.885984714000074, 1.086444226000026 ], [ 103.886436565000054, 1.087211853000042 ], [ 103.886696648000054, 1.086919382000076 ], [ 103.885984714000074, 1.086444226000026 ] ] ], [ [ [ 103.88503453900006, 1.088347681000073 ], [ 103.885098333000087, 1.089051562000066 ], [ 103.88550170700006, 1.088445377000028 ], [ 103.88503453900006, 1.088347681000073 ] ] ], [ [ [ 103.883595300000081, 1.089834175000021 ], [ 103.884389873000032, 1.090992020000044 ], [ 103.884755726000037, 1.089961811000023 ], [ 103.883595300000081, 1.089834175000021 ] ] ], [ [ [ 103.883364052000047, 1.093667141000026 ], [ 103.881237893000048, 1.096736176000036 ], [ 103.882236155000044, 1.097266564000051 ], [ 103.883364052000047, 1.093667141000026 ] ] ], [ [ [ 103.902957640000068, 1.099867304000043 ], [ 103.902407426000082, 1.100180870000031 ], [ 103.903059312000039, 1.100028467000072 ], [ 103.902957640000068, 1.099867304000043 ] ] ], [ [ [ 103.903590419000068, 1.100448436000022 ], [ 103.907312931000035, 1.100670298000068 ], [ 103.90527551100007, 1.098023703000024 ], [ 103.903590419000068, 1.100448436000022 ] ] ], [ [ [ 103.908846738000079, 1.099822836000044 ], [ 103.908548805000066, 1.100581711000075 ], [ 103.909174478000068, 1.099988322000058 ], [ 103.908846738000079, 1.099822836000044 ] ] ], [ [ [ 103.874753001000045, 1.103026113000055 ], [ 103.872779169000069, 1.101753335000069 ], [ 103.872183705000054, 1.102168637000034 ], [ 103.874753001000045, 1.103026113000055 ] ] ], [ [ [ 103.89557878100004, 1.102730122000025 ], [ 103.911815888000035, 1.109864586000072 ], [ 103.911584685000037, 1.103275318000044 ], [ 103.89557878100004, 1.102730122000025 ] ] ], [ [ [ 103.878736298000035, 1.105221965000055 ], [ 103.878574129000071, 1.105633192000028 ], [ 103.878864307000072, 1.10547641900007 ], [ 103.878736298000035, 1.105221965000055 ] ] ], [ [ [ 103.877620572000069, 1.106455408000045 ], [ 103.877145601000052, 1.107070041000043 ], [ 103.877789910000047, 1.107019405000074 ], [ 103.877620572000069, 1.106455408000045 ] ] ], [ [ [ 103.909246605000078, 1.111184969000021 ], [ 103.909525878000068, 1.11103644700006 ], [ 103.909323850000078, 1.110962186000052 ], [ 103.909246605000078, 1.111184969000021 ] ] ], [ [ [ 103.908104090000052, 1.111203092000039 ], [ 103.906769786000041, 1.112546718000033 ], [ 103.907881360000033, 1.112369047000072 ], [ 103.908104090000052, 1.111203092000039 ] ] ], [ [ [ 103.908533175000059, 1.111682660000042 ], [ 103.908379074000038, 1.111883022000029 ], [ 103.908618835000084, 1.111988183000051 ], [ 103.908533175000059, 1.111682660000042 ] ] ], [ [ [ 103.908405982000033, 1.112030001000051 ], [ 103.908456750000084, 1.112155094000059 ], [ 103.908517189000065, 1.112086566000073 ], [ 103.908405982000033, 1.112030001000051 ] ] ], [ [ [ 103.904056306000086, 1.11430112000005 ], [ 103.904320769000037, 1.11236347800002 ], [ 103.902847334000057, 1.112952305000022 ], [ 103.904056306000086, 1.11430112000005 ] ] ], [ [ [ 103.909298290000038, 1.115762090000032 ], [ 103.906932750000067, 1.11398035000002 ], [ 103.906371186000058, 1.114408393000076 ], [ 103.909298290000038, 1.115762090000032 ] ] ], [ [ [ 103.905903022000075, 1.116990460000068 ], [ 103.905526819000045, 1.115421470000058 ], [ 103.904750291000084, 1.116383689000031 ], [ 103.905903022000075, 1.116990460000068 ] ] ], [ [ [ 103.875435086000039, 1.117673602000025 ], [ 103.877910172000043, 1.118603135000058 ], [ 103.880608728000084, 1.116454443000066 ], [ 103.875435086000039, 1.117673602000025 ] ] ], [ [ [ 103.909222429000067, 1.117131627000049 ], [ 103.908441872000083, 1.118797709000035 ], [ 103.910318632000042, 1.117772297000045 ], [ 103.909222429000067, 1.117131627000049 ] ] ], [ [ [ 103.878599789000077, 1.118310834000056 ], [ 103.878611146000082, 1.118170915000064 ], [ 103.878452868000068, 1.118251416000021 ], [ 103.878599789000077, 1.118310834000056 ] ] ], [ [ [ 103.889542335000044, 1.119172181000067 ], [ 103.886214991000088, 1.120150375000037 ], [ 103.889168586000039, 1.121126729000025 ], [ 103.889542335000044, 1.119172181000067 ] ] ], [ [ [ 103.886994514000037, 1.121244621000073 ], [ 103.887280900000064, 1.121159929000044 ], [ 103.886753505000058, 1.12089966700006 ], [ 103.886994514000037, 1.121244621000073 ] ] ], [ [ [ 103.890860082000074, 1.121797312000069 ], [ 103.890176920000044, 1.124943214000041 ], [ 103.892415440000036, 1.12379075900003 ], [ 103.890860082000074, 1.121797312000069 ] ] ], [ [ [ 103.893010333000063, 1.124910377000049 ], [ 103.891672851000067, 1.124659699000063 ], [ 103.891548413000066, 1.12492677900002 ], [ 103.893010333000063, 1.124910377000049 ] ] ], [ [ [ 103.880994068000064, 1.126758687000063 ], [ 103.883787816000051, 1.122019331000047 ], [ 103.878587487000061, 1.124014414000044 ], [ 103.880994068000064, 1.126758687000063 ] ] ], [ [ [ 103.876233869000032, 1.130560204000062 ], [ 103.880214293000051, 1.126334375000056 ], [ 103.873545954000065, 1.124580633000051 ], [ 103.876233869000032, 1.130560204000062 ] ] ], [ [ [ 103.893106150000051, 1.130592169000067 ], [ 103.892298210000035, 1.124922825000056 ], [ 103.88904959100006, 1.126927154000043 ], [ 103.893106150000051, 1.130592169000067 ] ] ], [ [ [ 103.873923127000069, 1.128519900000072 ], [ 103.873866719000034, 1.128235792000055 ], [ 103.873599195000054, 1.12826112800002 ], [ 103.873923127000069, 1.128519900000072 ] ] ], [ [ [ 103.881257430000062, 1.132745886000066 ], [ 103.880677477000063, 1.131986683000036 ], [ 103.879949903000067, 1.13299130300004 ], [ 103.881257430000062, 1.132745886000066 ] ] ], [ [ [ 103.873951776000069, 1.132395351000071 ], [ 103.87428691000008, 1.132917013000053 ], [ 103.874592218000032, 1.132616086000041 ], [ 103.873951776000069, 1.132395351000071 ] ] ], [ [ [ 103.877383157000054, 1.137009171000045 ], [ 103.876851547000058, 1.134657126000036 ], [ 103.875514596000073, 1.136296104000053 ], [ 103.877383157000054, 1.137009171000045 ] ] ], [ [ [ 103.886730406000083, 1.158378713000047 ], [ 103.891291495000075, 1.143501958000058 ], [ 103.873533760000043, 1.143346597000061 ], [ 103.886348686000076, 1.151696156000071 ], [ 103.886730406000083, 1.158378713000047 ] ] ], [ [ [ 103.905837861000066, 1.150274829000068 ], [ 103.905983761000073, 1.149726495000039 ], [ 103.90500363600006, 1.150981196000032 ], [ 103.905837861000066, 1.150274829000068 ] ] ], [ [ [ 103.883525688000077, 1.152750849000029 ], [ 103.883202081000036, 1.153873955000051 ], [ 103.882840403000046, 1.154873329000054 ], [ 103.883487616000082, 1.153788294000037 ], [ 103.883525688000077, 1.152750849000029 ] ] ], [ [ [ 103.875321240000062, 1.159250591000045 ], [ 103.882502960000068, 1.158740401000045 ], [ 103.876743335000072, 1.155138271000055 ], [ 103.875321240000062, 1.159250591000045 ] ] ], [ [ [ 103.898672014000056, 1.16490047800005 ], [ 103.904752538000082, 1.15730454800007 ], [ 103.90472690200005, 1.155375278000065 ], [ 103.898057002000087, 1.157361300000048 ], [ 103.898672014000056, 1.16490047800005 ] ] ], [ [ [ 103.889076196000076, 1.172045510000032 ], [ 103.892596426000068, 1.169422283000074 ], [ 103.892939725000076, 1.168345430000045 ], [ 103.889076196000076, 1.172045510000032 ] ] ], [ [ [ 103.887438557000053, 1.17559964000003 ], [ 103.887291030000085, 1.175061881000033 ], [ 103.887243441000066, 1.175030948000028 ], [ 103.887136110000085, 1.17542561800002 ], [ 103.887438557000053, 1.17559964000003 ] ] ], [ [ [ 103.88836060400007, 1.184655493000037 ], [ 103.888322582000058, 1.184334387000035 ], [ 103.888242870000056, 1.184641338000063 ], [ 103.88836060400007, 1.184655493000037 ] ] ], [ [ [ 103.883044281000082, 1.184514761000059 ], [ 103.882909074000054, 1.18497252100002 ], [ 103.88326266200005, 1.18461512600004 ], [ 103.883044281000082, 1.184514761000059 ] ] ], [ [ [ 103.972936517000051, 0.86851305600004 ], [ 103.970898179000073, 0.86691251700006 ], [ 103.970740554000088, 0.868263694000063 ], [ 103.972936517000051, 0.86851305600004 ] ] ], [ [ [ 103.961306924000041, 0.881467960000066 ], [ 103.965188946000069, 0.87764154100006 ], [ 103.959740109000052, 0.880839968000032 ], [ 103.961306924000041, 0.881467960000066 ] ] ], [ [ [ 103.971303896000052, 0.882641057000058 ], [ 103.969732369000042, 0.87869438000007 ], [ 103.965940494000051, 0.881480565000061 ], [ 103.971303896000052, 0.882641057000058 ] ] ], [ [ [ 103.968534281000075, 0.885167460000048 ], [ 103.969792966000057, 0.883008123000025 ], [ 103.967944963000036, 0.883680389000062 ], [ 103.968534281000075, 0.885167460000048 ] ] ], [ [ [ 103.933096522000085, 0.886085966000053 ], [ 103.933033522000073, 0.886890966000067 ], [ 103.933343522000087, 0.88609496600003 ], [ 103.933096522000085, 0.886085966000053 ] ] ], [ [ [ 103.981423040000038, 0.88904380200006 ], [ 103.979946464000079, 0.886991115000058 ], [ 103.979232823000075, 0.888257335000048 ], [ 103.981423040000038, 0.88904380200006 ] ] ], [ [ [ 103.973812851000048, 0.888487624000049 ], [ 103.971139072000085, 0.889696754000056 ], [ 103.973126897000043, 0.891172912000059 ], [ 103.973812851000048, 0.888487624000049 ] ] ], [ [ [ 103.950525391000042, 0.894185524000022 ], [ 103.953581334000035, 0.892088913000066 ], [ 103.952615392000041, 0.891777688000047 ], [ 103.950525391000042, 0.894185524000022 ] ] ], [ [ [ 103.950422327000069, 0.901088543000071 ], [ 103.959099542000047, 0.901882556000032 ], [ 103.959613121000075, 0.893108287000075 ], [ 103.955675672000041, 0.894209617000058 ], [ 103.954366272000073, 0.89691166700004 ], [ 103.951967558000035, 0.898618365000061 ], [ 103.952169462000086, 0.899630419000061 ], [ 103.951382871000078, 0.900636533000068 ], [ 103.950422327000069, 0.901088543000071 ] ] ], [ [ [ 103.951119125000048, 0.899839299000064 ], [ 103.950843700000064, 0.900602455000069 ], [ 103.951377343000047, 0.90032558300004 ], [ 103.951119125000048, 0.899839299000064 ] ] ], [ [ [ 103.951516321000042, 0.905329063000067 ], [ 103.946833341000058, 0.901336259000061 ], [ 103.950555359000077, 0.907228394000072 ], [ 103.951516321000042, 0.905329063000067 ] ] ], [ [ [ 103.966793555000038, 0.903897455000049 ], [ 103.963968015000034, 0.90546835300006 ], [ 103.967056952000064, 0.905938492000075 ], [ 103.966793555000038, 0.903897455000049 ] ] ], [ [ [ 103.937581599000055, 0.906353932000059 ], [ 103.942490770000063, 0.904987210000058 ], [ 103.939851778000047, 0.90244232200007 ], [ 103.937581599000055, 0.906353932000059 ] ] ], [ [ [ 103.946678296000073, 0.91309569200007 ], [ 103.947386116000075, 0.912598384000034 ], [ 103.947330010000087, 0.912394838000068 ], [ 103.946678296000073, 0.91309569200007 ] ] ], [ [ [ 103.951917241000046, 0.923252112000057 ], [ 103.964594952000084, 0.918908212000019 ], [ 103.964659763000043, 0.908324639000057 ], [ 103.95232661600005, 0.906053966000059 ], [ 103.947055560000081, 0.915742691000048 ], [ 103.951917241000046, 0.923252112000057 ] ] ], [ [ [ 103.945566695000082, 0.917449636000072 ], [ 103.944885915000043, 0.921491752000065 ], [ 103.946016031000056, 0.917387579000035 ], [ 103.945566695000082, 0.917449636000072 ] ] ], [ [ [ 103.972386607000033, 0.919894898000052 ], [ 103.97190291000004, 0.91994366800003 ], [ 103.971935428000052, 0.920118427000034 ], [ 103.972386607000033, 0.919894898000052 ] ] ], [ [ [ 103.971495426000047, 0.920192598000028 ], [ 103.971809423000082, 0.92065489600003 ], [ 103.971878522000054, 0.920512650000035 ], [ 103.971495426000047, 0.920192598000028 ] ] ], [ [ [ 103.965110791000086, 0.921961321000026 ], [ 103.968127623000044, 0.919316302000027 ], [ 103.963914818000035, 0.920768056000043 ], [ 103.965110791000086, 0.921961321000026 ] ] ], [ [ [ 103.919413785000074, 0.920708525000066 ], [ 103.918581950000032, 0.922709625000039 ], [ 103.919817530000046, 0.922828727000024 ], [ 103.919413785000074, 0.920708525000066 ] ] ], [ [ [ 103.946621690000086, 0.920531158000074 ], [ 103.945205768000051, 0.922464265000031 ], [ 103.946059045000084, 0.923917493000033 ], [ 103.946621690000086, 0.920531158000074 ] ] ], [ [ [ 103.969580886000074, 0.924241042000062 ], [ 103.968542224000032, 0.922866905000035 ], [ 103.967486184000052, 0.923330195000062 ], [ 103.969580886000074, 0.924241042000062 ] ] ], [ [ [ 103.950085796000053, 0.924845884000035 ], [ 103.954534344000081, 0.923886092000032 ], [ 103.951574416000085, 0.923998286000028 ], [ 103.950085796000053, 0.924845884000035 ] ] ], [ [ [ 103.957515245000081, 0.925139774000058 ], [ 103.953325747000065, 0.925205031000075 ], [ 103.952359944000079, 0.925413853000066 ], [ 103.957515245000081, 0.925139774000058 ] ] ], [ [ [ 103.954533624000078, 0.926345412000046 ], [ 103.948158684000077, 0.927067173000069 ], [ 103.954639860000043, 0.927973683000062 ], [ 103.954533624000078, 0.926345412000046 ] ] ], [ [ [ 103.963573718000077, 0.934885059000067 ], [ 103.965163864000033, 0.932607119000068 ], [ 103.960878537000042, 0.932317513000044 ], [ 103.963573718000077, 0.934885059000067 ] ] ], [ [ [ 103.980787832000033, 0.93701025200005 ], [ 103.982022741000037, 0.939560413000038 ], [ 103.982350050000036, 0.934195187000057 ], [ 103.980787832000033, 0.93701025200005 ] ] ], [ [ [ 103.976425541000083, 0.950136742000041 ], [ 103.976964738000049, 0.950119942000072 ], [ 103.976801937000062, 0.949848518000067 ], [ 103.976425541000083, 0.950136742000041 ] ] ], [ [ [ 103.980339319000052, 0.953479217000051 ], [ 103.97787975500006, 0.951771080000071 ], [ 103.97611409600006, 0.958701924000025 ], [ 103.980339319000052, 0.953479217000051 ] ] ], [ [ [ 103.970878814000059, 0.95109469700003 ], [ 103.966042920000064, 0.960818988000028 ], [ 103.968827283000053, 0.96568196000004 ], [ 103.974722184000086, 0.95532062500007 ], [ 103.970878814000059, 0.95109469700003 ] ] ], [ [ [ 103.993046035000077, 0.966005875000064 ], [ 103.995795791000035, 0.954976362000025 ], [ 103.997768328000063, 0.951166357000034 ], [ 103.991874531000065, 0.957920771000033 ], [ 103.993934594000052, 0.962155985000038 ], [ 103.993046035000077, 0.966005875000064 ] ] ], [ [ [ 103.980269216000067, 0.962626808000039 ], [ 103.979641761000039, 0.957210420000024 ], [ 103.977225013000066, 0.962631544000033 ], [ 103.980269216000067, 0.962626808000039 ] ] ], [ [ [ 103.976012671000035, 0.959798701000068 ], [ 103.975652769000078, 0.961274194000055 ], [ 103.976282268000034, 0.959798782000064 ], [ 103.976012671000035, 0.959798701000068 ] ] ], [ [ [ 103.983051210000042, 0.975517986000057 ], [ 103.992648060000079, 0.963263723000068 ], [ 103.991122416000053, 0.956167909000044 ], [ 103.995477383000036, 0.948966405000021 ], [ 103.989204767000047, 0.945046572000024 ], [ 103.983051210000042, 0.975517986000057 ] ] ], [ [ [ 103.979296847000057, 0.964961474000063 ], [ 103.974852978000058, 0.968736763000038 ], [ 103.976919356000053, 0.970518291000076 ], [ 103.979296847000057, 0.964961474000063 ] ] ], [ [ [ 103.992270727000061, 0.966723660000071 ], [ 103.991893879000088, 0.968532723000067 ], [ 103.992585276000057, 0.966667217000065 ], [ 103.992270727000061, 0.966723660000071 ] ] ], [ [ [ 103.989784347000068, 0.970732435000059 ], [ 103.98836250800008, 0.97351926500005 ], [ 103.990042761000041, 0.970568556000046 ], [ 103.989784347000068, 0.970732435000059 ] ] ], [ [ [ 103.986491523000041, 0.975672746000043 ], [ 103.987019518000068, 0.975571140000056 ], [ 103.987542020000035, 0.975056815000073 ], [ 103.986491523000041, 0.975672746000043 ] ] ], [ [ [ 103.987247676000038, 0.982649599000069 ], [ 103.987713692000057, 0.983203800000069 ], [ 103.988028345000032, 0.982802486000026 ], [ 103.987247676000038, 0.982649599000069 ] ] ], [ [ [ 103.981557799000086, 0.982790959000056 ], [ 103.985971894000045, 0.984748479000075 ], [ 103.98671911100007, 0.984081575000062 ], [ 103.981557799000086, 0.982790959000056 ] ] ], [ [ [ 103.973834124000064, 0.985400562000052 ], [ 103.977540721000082, 0.986662473000024 ], [ 103.977917992000073, 0.983524815000067 ], [ 103.973834124000064, 0.985400562000052 ] ] ], [ [ [ 103.942289739000046, 0.999012943000025 ], [ 103.977921263000042, 0.98200115700007 ], [ 103.975485986000081, 0.974277528000073 ], [ 103.942289739000046, 0.999012943000025 ] ] ], [ [ [ 103.979680323000082, 0.987776904000043 ], [ 103.979590233000067, 0.988511851000055 ], [ 103.980365546000087, 0.987805384000069 ], [ 103.979680323000082, 0.987776904000043 ] ] ], [ [ [ 103.968249622000087, 0.990492748000065 ], [ 103.970968365000033, 0.989549442000055 ], [ 103.97116002000007, 0.987310662000027 ], [ 103.968249622000087, 0.990492748000065 ] ] ], [ [ [ 103.979140631000064, 0.989393681000024 ], [ 103.978511855000079, 0.988449327000069 ], [ 103.977635407000037, 0.989268835000075 ], [ 103.979140631000064, 0.989393681000024 ] ] ], [ [ [ 103.96597435800004, 0.992193777000068 ], [ 103.962277880000045, 0.994550171000071 ], [ 103.966272023000045, 0.992244753000023 ], [ 103.96597435800004, 0.992193777000068 ] ] ], [ [ [ 103.976600116000043, 1.000865771000065 ], [ 103.974998761000052, 0.99718311700002 ], [ 103.970572624000056, 0.997871470000064 ], [ 103.976600116000043, 1.000865771000065 ] ] ], [ [ [ 103.94254797800005, 0.999403124000025 ], [ 103.942368274000046, 0.999318262000031 ], [ 103.94236823600005, 0.99943698800007 ], [ 103.94254797800005, 0.999403124000025 ] ] ], [ [ [ 103.926728050000065, 1.004246428000044 ], [ 103.934240944000067, 0.999677447000067 ], [ 103.932258733000083, 0.998302982000041 ], [ 103.926728050000065, 1.004246428000044 ] ] ], [ [ [ 103.967160575000037, 1.003661642000054 ], [ 103.963544324000054, 1.001107880000063 ], [ 103.960955444000035, 1.002472404000059 ], [ 103.967160575000037, 1.003661642000054 ] ] ], [ [ [ 103.960321760000056, 1.002503322000052 ], [ 103.960476286000073, 1.002350724000053 ], [ 103.960095740000042, 1.002359083000044 ], [ 103.960321760000056, 1.002503322000052 ] ] ], [ [ [ 103.974854523000033, 1.00444397800004 ], [ 103.967131425000048, 1.001782911000021 ], [ 103.974989674000085, 1.00601290700007 ], [ 103.974854523000033, 1.00444397800004 ] ] ], [ [ [ 103.955039144000068, 1.00321398400007 ], [ 103.953723580000087, 1.00515981500007 ], [ 103.955713548000062, 1.003286285000058 ], [ 103.955039144000068, 1.00321398400007 ] ] ], [ [ [ 103.970943460000058, 1.004807400000061 ], [ 103.970886219000079, 1.007118306000052 ], [ 103.972931997000046, 1.007517537000069 ], [ 103.970943460000058, 1.004807400000061 ] ] ], [ [ [ 103.992666420000035, 1.011607105000053 ], [ 103.992711156000041, 1.00088351200003 ], [ 103.98283886300004, 1.003115053000045 ], [ 103.983278182000049, 1.008004191000055 ], [ 103.992666420000035, 1.011607105000053 ] ] ], [ [ [ 103.925169813000082, 1.00703876700004 ], [ 103.925420694000081, 1.007954726000037 ], [ 103.925702345000047, 1.006954141000051 ], [ 103.925169813000082, 1.00703876700004 ] ] ], [ [ [ 103.92512176300005, 1.018039208000062 ], [ 103.931230387000085, 1.014619433000064 ], [ 103.93136654400007, 1.013037894000036 ], [ 103.92512176300005, 1.018039208000062 ] ] ], [ [ [ 103.91473205300008, 1.024272965000023 ], [ 103.911767280000049, 1.02300839000003 ], [ 103.912139589000049, 1.025073468000073 ], [ 103.91473205300008, 1.024272965000023 ] ] ], [ [ [ 103.92242961900007, 1.023999969000045 ], [ 103.918831578000038, 1.023570494000069 ], [ 103.918465314000059, 1.025936376000061 ], [ 103.92242961900007, 1.023999969000045 ] ] ], [ [ [ 103.917673158000071, 1.028704926000046 ], [ 103.917009565000058, 1.030103950000068 ], [ 103.918351313000073, 1.028815402000021 ], [ 103.917673158000071, 1.028704926000046 ] ] ], [ [ [ 103.935287047000088, 1.085822653000037 ], [ 103.935358276000045, 1.086848801000031 ], [ 103.935701373000086, 1.086208656000053 ], [ 103.935287047000088, 1.085822653000037 ] ] ], [ [ [ 103.927940962000037, 1.098648800000035 ], [ 103.928111682000065, 1.098897618000024 ], [ 103.928141905000075, 1.098671487000047 ], [ 103.927940962000037, 1.098648800000035 ] ] ], [ [ [ 103.914742783000065, 1.102279792000047 ], [ 103.914434228000061, 1.101156040000035 ], [ 103.914147853000088, 1.101215297000067 ], [ 103.914742783000065, 1.102279792000047 ] ] ], [ [ [ 103.919542495000087, 1.102811821000046 ], [ 103.91915780800008, 1.10383355700003 ], [ 103.920009452000045, 1.103515857000048 ], [ 103.919542495000087, 1.102811821000046 ] ] ], [ [ [ 103.924308886000063, 1.10257610900004 ], [ 103.921396070000071, 1.103359478000073 ], [ 103.922706551000033, 1.105369791000044 ], [ 103.924308886000063, 1.10257610900004 ] ] ], [ [ [ 103.913006517000042, 1.109877747000041 ], [ 103.920355296000082, 1.105720864000034 ], [ 103.912008893000063, 1.107549539000047 ], [ 103.913006517000042, 1.109877747000041 ] ] ], [ [ [ 103.912874533000036, 1.110178748000067 ], [ 103.913066475000051, 1.110772439000073 ], [ 103.913349183000037, 1.110441813000023 ], [ 103.912874533000036, 1.110178748000067 ] ] ], [ [ [ 103.914193539000053, 1.119736525000064 ], [ 103.917978733000041, 1.113509152000063 ], [ 103.909958119000066, 1.110495678000063 ], [ 103.914193539000053, 1.119736525000064 ] ] ], [ [ [ 103.914049074000047, 1.123444383000049 ], [ 103.908912504000057, 1.124127768000051 ], [ 103.91285749900004, 1.127661489000047 ], [ 103.914049074000047, 1.123444383000049 ] ] ], [ [ [ 103.93727425600008, 1.143937073000075 ], [ 103.937665860000038, 1.144638262000058 ], [ 103.937671142000056, 1.143937221000044 ], [ 103.93727425600008, 1.143937073000075 ] ] ], [ [ [ 103.972375167000052, 1.148221653000064 ], [ 103.977368623000075, 1.146748357000035 ], [ 103.975081694000039, 1.14281100900007 ], [ 103.972375167000052, 1.148221653000064 ] ] ], [ [ [ 103.945346673000074, 1.149014962000024 ], [ 103.943752521000079, 1.145714209000062 ], [ 103.943400988000064, 1.145937291000052 ], [ 103.945346673000074, 1.149014962000024 ] ] ], [ [ [ 104.076755983000055, 0.626754165000023 ], [ 104.076509426000086, 0.626381710000032 ], [ 104.076279314000033, 0.626873426000031 ], [ 104.076755983000055, 0.626754165000023 ] ] ], [ [ [ 104.07232328300006, 0.630582377000053 ], [ 104.072477328000048, 0.63105745200005 ], [ 104.072584095000082, 0.63073759200006 ], [ 104.07232328300006, 0.630582377000053 ] ] ], [ [ [ 104.075519642000074, 0.63169775700004 ], [ 104.07500045200004, 0.630883633000053 ], [ 104.074151287000063, 0.632260888000076 ], [ 104.075519642000074, 0.63169775700004 ] ] ], [ [ [ 104.032467410000038, 0.63332639500004 ], [ 104.035692281000081, 0.631109476000063 ], [ 104.032660114000066, 0.630448329000046 ], [ 104.032467410000038, 0.63332639500004 ] ] ], [ [ [ 104.074283962000038, 0.632910221000031 ], [ 104.07335901600004, 0.63359994800004 ], [ 104.073588983000036, 0.633888832000025 ], [ 104.074283962000038, 0.632910221000031 ] ] ], [ [ [ 104.041284824000059, 0.636327505000054 ], [ 104.036610244000087, 0.63322447500002 ], [ 104.039330481000036, 0.637697661000061 ], [ 104.041284824000059, 0.636327505000054 ] ] ], [ [ [ 104.026668743000073, 0.86338293700004 ], [ 104.026985635000074, 0.86345069500004 ], [ 104.026670898000077, 0.863280583000062 ], [ 104.026668743000073, 0.86338293700004 ] ] ], [ [ [ 104.029101309000055, 0.886883874000034 ], [ 104.02951125800007, 0.887115786000038 ], [ 104.029140641000083, 0.886821693000059 ], [ 104.029101309000055, 0.886883874000034 ] ] ], [ [ [ 104.037216698000066, 0.88908531800007 ], [ 104.037150230000066, 0.885483859000033 ], [ 104.030623105000075, 0.888020678000032 ], [ 104.037216698000066, 0.88908531800007 ] ] ], [ [ [ 104.049503220000076, 0.92065919700002 ], [ 104.057069888000058, 0.916771414000038 ], [ 104.051665180000043, 0.900911132000033 ], [ 104.035115188000077, 0.892567476000067 ], [ 104.032080009000083, 0.90101902300006 ], [ 104.049503220000076, 0.92065919700002 ] ] ], [ [ [ 104.028798167000048, 0.918066995000061 ], [ 104.029070483000055, 0.918400640000073 ], [ 104.029101472000036, 0.918038809000052 ], [ 104.028798167000048, 0.918066995000061 ] ] ], [ [ [ 104.032507467000073, 0.919854590000057 ], [ 104.032507215000066, 0.920787458000063 ], [ 104.032799522000062, 0.919888592000063 ], [ 104.032507467000073, 0.919854590000057 ] ] ], [ [ [ 104.052451036000036, 0.924182290000033 ], [ 104.052686927000082, 0.924216276000038 ], [ 104.052670090000049, 0.924165388000063 ], [ 104.052451036000036, 0.924182290000033 ] ] ], [ [ [ 104.028563267000038, 0.924749649000034 ], [ 104.028046715000073, 0.924093673000073 ], [ 104.027782657000046, 0.924376288000076 ], [ 104.028563267000038, 0.924749649000034 ] ] ], [ [ [ 104.037453887000083, 0.926674363000075 ], [ 104.037960068000075, 0.924141620000057 ], [ 104.036415261000059, 0.92499491500007 ], [ 104.037453887000083, 0.926674363000075 ] ] ], [ [ [ 104.052675283000042, 0.925765409000064 ], [ 104.051355509000075, 0.925222291000068 ], [ 104.052337922000049, 0.927122225000062 ], [ 104.052675283000042, 0.925765409000064 ] ] ], [ [ [ 104.053461438000056, 0.926438420000068 ], [ 104.052955845000042, 0.926788818000034 ], [ 104.053028797000081, 0.927031950000071 ], [ 104.053461438000056, 0.926438420000068 ] ] ], [ [ [ 104.047630984000079, 0.927748522000059 ], [ 104.047838761000037, 0.927898403000029 ], [ 104.047861278000084, 0.927709008000022 ], [ 104.047630984000079, 0.927748522000059 ] ] ], [ [ [ 104.009281747000045, 0.933679967000046 ], [ 104.009629896000035, 0.93396840500003 ], [ 104.00945869800006, 0.933581077000042 ], [ 104.009281747000045, 0.933679967000046 ] ] ], [ [ [ 104.006552353000075, 0.942648788000042 ], [ 104.013276633000032, 0.938461311000026 ], [ 104.009537091000084, 0.934434809000038 ], [ 104.006552353000075, 0.942648788000042 ] ] ], [ [ [ 104.045060044000081, 0.943004511000026 ], [ 104.045076942000037, 0.942829249000056 ], [ 104.045015155000044, 0.942840539000031 ], [ 104.045060044000081, 0.943004511000026 ] ] ], [ [ [ 104.059200014000055, 0.974135318000037 ], [ 104.061823783000079, 0.961217139000041 ], [ 104.065430250000077, 0.959321285000044 ], [ 104.066149211000038, 0.959259291000023 ], [ 104.069012834000034, 0.96265801200002 ], [ 104.07976691600004, 0.949170933000062 ], [ 104.073398797000038, 0.944371962000048 ], [ 104.080363168000076, 0.935121342000059 ], [ 104.068306660000076, 0.914396950000025 ], [ 104.044763721000038, 0.937998020000066 ], [ 104.047482740000078, 0.946332422000069 ], [ 104.045685852000076, 0.965034584000023 ], [ 104.057550594000077, 0.967245716000036 ], [ 104.059200014000055, 0.974135318000037 ] ] ], [ [ [ 104.045228095000084, 0.944652630000064 ], [ 104.045197247000033, 0.944494316000032 ], [ 104.045118610000088, 0.944505602000049 ], [ 104.045228095000084, 0.944652630000064 ] ] ], [ [ [ 104.047131506000085, 0.947027739000021 ], [ 104.04695741200004, 0.946942884000066 ], [ 104.046940535000033, 0.947038994000025 ], [ 104.047131506000085, 0.947027739000021 ] ] ], [ [ [ 104.044157106000057, 0.948341415000073 ], [ 104.044393016000072, 0.948307558000067 ], [ 104.044320017000075, 0.948242519000075 ], [ 104.044157106000057, 0.948341415000073 ] ] ], [ [ [ 104.042356810000058, 0.948872367000035 ], [ 104.042011241000068, 0.949389590000067 ], [ 104.042084241000055, 0.949448975000053 ], [ 104.042356810000058, 0.948872367000035 ] ] ], [ [ [ 104.041547755000067, 0.949785224000038 ], [ 104.041174096000077, 0.950322227000072 ], [ 104.041508221000072, 0.950571085000036 ], [ 104.041547755000067, 0.949785224000038 ] ] ], [ [ [ 104.041173983000078, 0.950732124000069 ], [ 104.041078535000054, 0.950602061000041 ], [ 104.041067296000051, 0.95062467300005 ], [ 104.041173983000078, 0.950732124000069 ] ] ], [ [ [ 104.043434364000063, 0.95196527500002 ], [ 104.04352986300006, 0.951911591000055 ], [ 104.04343160500008, 0.95178435400004 ], [ 104.043434364000063, 0.95196527500002 ] ] ], [ [ [ 104.034228301000041, 0.953059519000021 ], [ 104.03428731300005, 0.952926673000036 ], [ 104.034177772000078, 0.952983180000047 ], [ 104.034228301000041, 0.953059519000021 ] ] ], [ [ [ 104.033388411000033, 0.95376034700007 ], [ 104.03353461100005, 0.95316391800003 ], [ 104.033590854000067, 0.952892554000073 ], [ 104.033388411000033, 0.95376034700007 ] ] ], [ [ [ 104.036634954000078, 0.95341073000003 ], [ 104.036671479000063, 0.953351376000057 ], [ 104.036573186000055, 0.953357002000075 ], [ 104.036634954000078, 0.95341073000003 ] ] ], [ [ [ 104.036595570000088, 0.953653831000054 ], [ 104.036266879000038, 0.954066462000071 ], [ 104.036418512000068, 0.954128696000055 ], [ 104.036595570000088, 0.953653831000054 ] ] ], [ [ [ 104.002280215000042, 0.954890630000023 ], [ 104.001597895000032, 0.954539902000022 ], [ 104.001123113000062, 0.955153189000043 ], [ 104.002280215000042, 0.954890630000023 ] ] ], [ [ [ 104.021027188000062, 0.959857199000055 ], [ 104.029986411000039, 0.95767459800004 ], [ 104.028378816000043, 0.952028883000025 ], [ 104.021027188000062, 0.959857199000055 ] ] ], [ [ [ 104.028050979000056, 0.959392782000066 ], [ 104.027845936000062, 0.959511452000072 ], [ 104.028067794000037, 0.959514342000034 ], [ 104.028050979000056, 0.959392782000066 ] ] ], [ [ [ 104.065542578000077, 0.959346758000038 ], [ 104.065634982000063, 0.960353159000022 ], [ 104.066222137000068, 0.959595712000066 ], [ 104.065542578000077, 0.959346758000038 ] ] ], [ [ [ 104.065623349000077, 0.96182314400005 ], [ 104.063475248000088, 0.96069744600004 ], [ 104.065331191000041, 0.962142503000052 ], [ 104.065623349000077, 0.96182314400005 ] ] ], [ [ [ 104.063284131000046, 0.96124015700002 ], [ 104.062051001000043, 0.962169866000067 ], [ 104.062983317000032, 0.962404756000069 ], [ 104.063284131000046, 0.96124015700002 ] ] ], [ [ [ 104.040814414000067, 0.961216918000048 ], [ 104.039766813000085, 0.961519097000064 ], [ 104.040527419000057, 0.963158902000032 ], [ 104.040814414000067, 0.961216918000048 ] ] ], [ [ [ 104.065800246000038, 0.961933442000031 ], [ 104.06593489800008, 0.962484724000035 ], [ 104.066227015000038, 0.962318018000076 ], [ 104.065800246000038, 0.961933442000031 ] ] ], [ [ [ 104.063002663000077, 0.963549655000065 ], [ 104.062969235000082, 0.962554578000038 ], [ 104.062547967000057, 0.962596865000023 ], [ 104.063002663000077, 0.963549655000065 ] ] ], [ [ [ 104.070961835000048, 0.962709432000054 ], [ 104.074882270000046, 0.962959272000035 ], [ 104.075702818000082, 0.961102218000065 ], [ 104.070961835000048, 0.962709432000054 ] ] ], [ [ [ 104.063612056000068, 0.963640284000064 ], [ 104.063505366000072, 0.963535659000058 ], [ 104.063468839000052, 0.963603495000029 ], [ 104.063612056000068, 0.963640284000064 ] ] ], [ [ [ 104.040996194000058, 0.963947734000044 ], [ 104.041136566000034, 0.964111733000038 ], [ 104.041220886000076, 0.963865819000034 ], [ 104.040996194000058, 0.963947734000044 ] ] ], [ [ [ 104.040993293000042, 0.96427847800004 ], [ 104.040212305000068, 0.965222434000054 ], [ 104.040223453000067, 0.965527740000027 ], [ 104.040993293000042, 0.96427847800004 ] ] ], [ [ [ 104.036019367000051, 0.965444564000052 ], [ 104.036128659000042, 0.966272869000022 ], [ 104.03623536200007, 0.966326610000067 ], [ 104.036019367000051, 0.965444564000052 ] ] ], [ [ [ 104.077184247000048, 0.965596854000069 ], [ 104.076993050000056, 0.965683113000068 ], [ 104.076678274000074, 0.96641515500005 ], [ 104.077184247000048, 0.965596854000069 ] ] ], [ [ [ 104.033253, 0.967901999000048 ], [ 104.035694010000043, 0.963980150000054 ], [ 104.034879899000032, 0.962871783000026 ], [ 104.033253, 0.967901999000048 ] ] ], [ [ [ 104.022936357000049, 0.971447890000036 ], [ 104.025701397000034, 0.965761039000029 ], [ 104.019645870000033, 0.968334557000048 ], [ 104.022936357000049, 0.971447890000036 ] ] ], [ [ [ 104.040402207000056, 0.969018986000037 ], [ 104.040186066000047, 0.968654257000026 ], [ 104.040157854000086, 0.969109376000063 ], [ 104.040402207000056, 0.969018986000037 ] ] ], [ [ [ 104.049271105000059, 0.96872750700004 ], [ 104.049397370000065, 0.969126134000021 ], [ 104.049484534000044, 0.968753009000068 ], [ 104.049271105000059, 0.96872750700004 ] ] ], [ [ [ 104.048038228000053, 0.968741293000051 ], [ 104.046521582000082, 0.969198819000042 ], [ 104.046518651000042, 0.969634158000019 ], [ 104.048038228000053, 0.968741293000051 ] ] ], [ [ [ 104.020927975000063, 0.972883351000064 ], [ 104.017971166000052, 0.971565170000019 ], [ 104.019161170000075, 0.974106865000067 ], [ 104.020927975000063, 0.972883351000064 ] ] ], [ [ [ 103.999843078000083, 0.973064764000071 ], [ 104.000045267000075, 0.972529485000052 ], [ 103.999596015000066, 0.972827235000068 ], [ 103.999843078000083, 0.973064764000071 ] ] ], [ [ [ 104.050805080000032, 0.976609301000053 ], [ 104.057317070000067, 0.968797615000028 ], [ 104.049939597000048, 0.968368681000072 ], [ 104.049267690000079, 0.970901381000033 ], [ 104.050887593000084, 0.972787373000074 ], [ 104.050336888000061, 0.973731397000051 ], [ 104.050937807000082, 0.973994468000058 ], [ 104.051246585000058, 0.974503395000056 ], [ 104.050805080000032, 0.976609301000053 ] ] ], [ [ [ 104.050887197000065, 0.97420647000007 ], [ 104.050918112000033, 0.974121672000024 ], [ 104.050817006000045, 0.974138605000064 ], [ 104.050887197000065, 0.97420647000007 ] ] ], [ [ [ 104.030914058000064, 0.974347745000046 ], [ 104.02851024000006, 0.973874961000035 ], [ 104.028686779000054, 0.975226255000052 ], [ 104.030914058000064, 0.974347745000046 ] ] ], [ [ [ 104.050718605000043, 0.974523034000072 ], [ 104.050696165000033, 0.974426913000059 ], [ 104.050597866000032, 0.974449500000048 ], [ 104.050718605000043, 0.974523034000072 ] ] ], [ [ [ 103.999966003000054, 0.975241471000061 ], [ 104.001100658000041, 0.974370075000024 ], [ 104.00078063400008, 0.973943126000052 ], [ 103.999966003000054, 0.975241471000061 ] ] ], [ [ [ 104.039938863000032, 0.978816813000037 ], [ 104.047561440000038, 0.976495302000046 ], [ 104.039586372000088, 0.974013846000048 ], [ 104.039938863000032, 0.978816813000037 ] ] ], [ [ [ 104.051498630000083, 0.977036358000021 ], [ 104.051689522000061, 0.977310620000026 ], [ 104.051580086000058, 0.976988324000047 ], [ 104.051498630000083, 0.977036358000021 ] ] ], [ [ [ 104.048350192000044, 0.977917450000064 ], [ 104.048114247000058, 0.978067207000038 ], [ 104.048431605000076, 0.978024895000033 ], [ 104.048350192000044, 0.977917450000064 ] ] ], [ [ [ 104.069496351000055, 0.981437257000039 ], [ 104.080003481000062, 0.978110082000057 ], [ 104.078852717000075, 0.975610776000053 ], [ 104.069496351000055, 0.981437257000039 ] ] ], [ [ [ 104.069607389000055, 0.986124291000067 ], [ 104.075201952000043, 0.985300404000043 ], [ 104.068928490000076, 0.983478120000029 ], [ 104.069607389000055, 0.986124291000067 ] ] ], [ [ [ 104.058603126000037, 0.989578467000058 ], [ 104.058501998000054, 0.989668899000037 ], [ 104.058633999000051, 0.989646322000056 ], [ 104.058603126000037, 0.989578467000058 ] ] ], [ [ [ 104.057689647000075, 0.992235485000037 ], [ 104.057403144000034, 0.992399363000061 ], [ 104.057636207000087, 0.992520986000045 ], [ 104.057689647000075, 0.992235485000037 ] ] ], [ [ [ 104.057265491000067, 0.99254914900007 ], [ 104.057254195000041, 0.992766816000028 ], [ 104.057484541000065, 0.992563346000054 ], [ 104.057265491000067, 0.99254914900007 ] ] ], [ [ [ 104.054751930000066, 0.992718040000057 ], [ 104.053462914000079, 0.992593286000044 ], [ 104.053490759000056, 0.993432880000057 ], [ 104.054751930000066, 0.992718040000057 ] ] ], [ [ [ 104.074799711000082, 0.997718890000044 ], [ 104.073879327000043, 0.99494260900002 ], [ 104.071042358000057, 0.998519487000067 ], [ 104.071653996000066, 0.998763953000037 ], [ 104.073069716000077, 0.997763631000055 ], [ 104.074799711000082, 0.997718890000044 ] ] ], [ [ [ 104.099155561000032, 1.198725335000063 ], [ 104.144010152000078, 1.163004280000052 ], [ 104.140986386000066, 1.148265858000059 ], [ 104.14944180100008, 1.143784738000022 ], [ 104.145688429000074, 1.125192145000028 ], [ 104.155495973000086, 1.119511628000055 ], [ 104.144254464000085, 1.110666353000056 ], [ 104.141297648000034, 1.092165842000043 ], [ 104.135342688000037, 1.092868336000038 ], [ 104.139874811000084, 1.049817959000052 ], [ 104.133402677000049, 1.051255153000056 ], [ 104.138114010000038, 1.043345825000074 ], [ 104.132773072000077, 1.034251525000059 ], [ 104.119880012000067, 1.030970747000026 ], [ 104.116640928000038, 1.040625607000038 ], [ 104.109873194000045, 1.033079456000053 ], [ 104.106040047000079, 1.043602468000074 ], [ 104.097858356000074, 1.026866708000057 ], [ 104.087341504000051, 1.02898699900004 ], [ 104.078811896000047, 1.024345009000058 ], [ 104.08270834800004, 1.00834298500007 ], [ 104.096186216000035, 0.985987489000024 ], [ 104.10084630700004, 0.98255404300005 ], [ 104.08408498700004, 0.985133259000065 ], [ 104.07557749700004, 0.998236434000034 ], [ 104.071398367000086, 0.998990032000052 ], [ 104.070440864000034, 0.998404591000053 ], [ 104.071544027000073, 0.990291692000028 ], [ 104.066973845000064, 0.983486052000046 ], [ 104.061965751000059, 0.986093864000054 ], [ 104.057697983000082, 0.992552100000069 ], [ 104.052194530000065, 0.996273630000076 ], [ 104.034179567000081, 0.980240537000043 ], [ 104.008272570000088, 0.985877492000043 ], [ 103.990876830000047, 1.017457315000058 ], [ 103.981283125000061, 1.00818935500007 ], [ 103.942151025000044, 1.007861126000023 ], [ 103.933604992000085, 1.023575483000059 ], [ 103.911047219000068, 1.037911534000045 ], [ 103.908340828000064, 1.066930379000041 ], [ 103.889615008000078, 1.094637739000063 ], [ 103.911639035000064, 1.098134050000056 ], [ 103.915408407000086, 1.087604298000031 ], [ 103.909088156000053, 1.087893178000058 ], [ 103.916077035000058, 1.079561720000072 ], [ 103.923139276000086, 1.082217198000023 ], [ 103.923788523000042, 1.071035373000029 ], [ 103.936534785000049, 1.082513774000063 ], [ 103.935978422000062, 1.089641315000051 ], [ 103.928869238000061, 1.098276 ], [ 103.92948771600004, 1.111638093000067 ], [ 103.939997757000071, 1.112253134000071 ], [ 103.923750797000082, 1.126508485000045 ], [ 103.920702708000078, 1.143397900000025 ], [ 103.942793447000042, 1.136947537000026 ], [ 103.947719855000059, 1.145446483000057 ], [ 103.956903256000032, 1.136311516000035 ], [ 103.961844486000075, 1.142356711000048 ], [ 103.966388055000039, 1.127237515000047 ], [ 103.977997950000088, 1.137555863000046 ], [ 103.980377918000045, 1.128605862000029 ], [ 103.988132673000052, 1.13355417300005 ], [ 103.985926309000035, 1.128391880000038 ], [ 103.987444345000085, 1.125149909000072 ], [ 103.988337024000032, 1.130882386000053 ], [ 103.997138154000083, 1.124680798000043 ], [ 103.990215546000059, 1.139169653000067 ], [ 103.985121747000051, 1.142510877000063 ], [ 103.984681398000077, 1.144109029000049 ], [ 103.991281551000043, 1.140988883000034 ], [ 103.991774102000079, 1.148631232000071 ], [ 104.001389821000032, 1.149930855000036 ], [ 103.993755444000044, 1.156652658000041 ], [ 104.002138700000046, 1.164981291000061 ], [ 103.998194717000047, 1.178428105000023 ], [ 104.020309659000077, 1.19239200100003 ], [ 104.029125263000083, 1.181838961000039 ], [ 104.025071538000077, 1.176795941000023 ], [ 104.041394437000065, 1.177083316000051 ], [ 104.045012651000036, 1.17051066800002 ], [ 104.039380467000058, 1.16924717400002 ], [ 104.049973827000088, 1.168697519000034 ], [ 104.043006765000086, 1.159678172000042 ], [ 104.058625547000076, 1.15868950600003 ], [ 104.050393605000068, 1.149236039000073 ], [ 104.053902853000068, 1.131213548000062 ], [ 104.063276322000036, 1.135489742000061 ], [ 104.079205485000045, 1.125703052000063 ], [ 104.078646466000066, 1.143838611000035 ], [ 104.089229407000062, 1.141064285000027 ], [ 104.093284217000075, 1.155906328000071 ], [ 104.070472199000051, 1.162006139000027 ], [ 104.071757594000076, 1.186943783000061 ], [ 104.099155561000032, 1.198725335000063 ] ] ], [ [ [ 104.068428840000081, 1.136112705000073 ], [ 104.073967417000063, 1.133007448000058 ], [ 104.072216013000059, 1.132131958000059 ], [ 104.068428840000081, 1.136112705000073 ] ] ], [ [ [ 104.098759476000055, 0.599330676000022 ], [ 104.099264927000036, 0.598971685000038 ], [ 104.098871321000047, 0.598783034000064 ], [ 104.098759476000055, 0.599330676000022 ] ] ], [ [ [ 104.09831816600007, 0.602031840000052 ], [ 104.098670525000045, 0.602277484000069 ], [ 104.098546594000084, 0.601874795000072 ], [ 104.09831816600007, 0.602031840000052 ] ] ], [ [ [ 104.078178126000068, 0.602914595000072 ], [ 104.077587502000085, 0.603819226000041 ], [ 104.078175600000066, 0.603831274000072 ], [ 104.078178126000068, 0.602914595000072 ] ] ], [ [ [ 104.098832268000081, 0.603829985000061 ], [ 104.097559118000049, 0.603333405000058 ], [ 104.097789925000086, 0.604294707000065 ], [ 104.098832268000081, 0.603829985000061 ] ] ], [ [ [ 104.102390764000063, 0.609192197000027 ], [ 104.100631489000079, 0.607590104000053 ], [ 104.100583924000034, 0.608463803000063 ], [ 104.102390764000063, 0.609192197000027 ] ] ], [ [ [ 104.08638245800006, 0.643034225000065 ], [ 104.092896886000062, 0.630927602000042 ], [ 104.103967014000034, 0.624863939000022 ], [ 104.089254950000054, 0.616771640000024 ], [ 104.08362005400005, 0.602613433000045 ], [ 104.084923219000075, 0.626590522000072 ], [ 104.077596781000068, 0.643548832000022 ], [ 104.08638245800006, 0.643034225000065 ] ] ], [ [ [ 104.107023453000068, 0.626337939000052 ], [ 104.107420221000041, 0.62664182900005 ], [ 104.107406074000039, 0.626196124000046 ], [ 104.107023453000068, 0.626337939000052 ] ] ], [ [ [ 104.105803577000074, 0.628450461000057 ], [ 104.10614915900004, 0.62901622000004 ], [ 104.106188972000041, 0.628339438000069 ], [ 104.105803577000074, 0.628450461000057 ] ] ], [ [ [ 104.091979804000061, 0.637016431000063 ], [ 104.092365277000056, 0.637282931000072 ], [ 104.092250731000036, 0.636942336000061 ], [ 104.091979804000061, 0.637016431000063 ] ] ], [ [ [ 104.078510207000079, 0.637244205000059 ], [ 104.077574669000057, 0.638462 ], [ 104.078790207000054, 0.638168205000056 ], [ 104.078510207000079, 0.637244205000059 ] ] ], [ [ [ 104.150155594000069, 0.788408723000032 ], [ 104.150736721000044, 0.788715301000025 ], [ 104.150549822000073, 0.78824417800007 ], [ 104.150155594000069, 0.788408723000032 ] ] ], [ [ [ 104.14775555500006, 0.81321715100006 ], [ 104.150737437000032, 0.789464 ], [ 104.14192, 0.819935 ], [ 104.14775555500006, 0.81321715100006 ] ] ], [ [ [ 104.143004758000075, 0.835334285000044 ], [ 104.141465761000063, 0.83545833300002 ], [ 104.142633814000078, 0.836453680000034 ], [ 104.143004758000075, 0.835334285000044 ] ] ], [ [ [ 104.137692380000033, 0.856269560000044 ], [ 104.137978814000064, 0.856348779000029 ], [ 104.137754176000044, 0.856213035000053 ], [ 104.137692380000033, 0.856269560000044 ] ] ], [ [ [ 104.123661103000074, 0.859726539000064 ], [ 104.123088344000053, 0.859098825000046 ], [ 104.122751236000056, 0.85956802000004 ], [ 104.123661103000074, 0.859726539000064 ] ] ], [ [ [ 104.124649711000075, 0.859410149000041 ], [ 104.124262078000072, 0.859771909000074 ], [ 104.124441786000034, 0.859885029000054 ], [ 104.124649711000075, 0.859410149000041 ] ] ], [ [ [ 104.124638246000075, 0.860427848000029 ], [ 104.124171853000064, 0.861338017000037 ], [ 104.124480671000072, 0.861779092000063 ], [ 104.124638246000075, 0.860427848000029 ] ] ], [ [ [ 104.09178912200008, 0.884183221000058 ], [ 104.091519441000059, 0.884513904000073 ], [ 104.092117769000083, 0.883889302000057 ], [ 104.09178912200008, 0.884183221000058 ] ] ], [ [ [ 104.156685408000044, 0.929729814000041 ], [ 104.156617806000042, 0.930572234000067 ], [ 104.157656995000082, 0.930261517000019 ], [ 104.156685408000044, 0.929729814000041 ] ] ], [ [ [ 104.148888764000048, 0.931723767000051 ], [ 104.152506039000059, 0.931583296000042 ], [ 104.152730940000083, 0.930627836000042 ], [ 104.148888764000048, 0.931723767000051 ] ] ], [ [ [ 104.146112706000054, 0.937292206000052 ], [ 104.147528392000083, 0.936286154000072 ], [ 104.148017406000065, 0.934838869000032 ], [ 104.146112706000054, 0.937292206000052 ] ] ], [ [ [ 104.148994096000081, 0.937490800000035 ], [ 104.148786206000068, 0.937767791000056 ], [ 104.149038976000043, 0.937716968000075 ], [ 104.148994096000081, 0.937490800000035 ] ] ], [ [ [ 104.12526850200004, 0.938027688000034 ], [ 104.124987765000071, 0.937609230000021 ], [ 104.124706935000063, 0.937569582000037 ], [ 104.12526850200004, 0.938027688000034 ] ] ], [ [ [ 104.125004505000049, 0.938055891000033 ], [ 104.124729286000047, 0.938038860000063 ], [ 104.124903380000035, 0.938146328000073 ], [ 104.125004505000049, 0.938055891000033 ] ] ], [ [ [ 104.141182133000086, 0.956033726000044 ], [ 104.141035890000069, 0.956853507000062 ], [ 104.141929176000076, 0.956028260000039 ], [ 104.141182133000086, 0.956033726000044 ] ] ], [ [ [ 104.096875751000084, 0.959321304000071 ], [ 104.097131234000074, 0.959632333000059 ], [ 104.09710324100007, 0.959281787000066 ], [ 104.096875751000084, 0.959321304000071 ] ] ], [ [ [ 104.084035548000088, 0.960177250000072 ], [ 104.088318875000084, 0.958168464000039 ], [ 104.088108417000058, 0.957521044000032 ], [ 104.084035548000088, 0.960177250000072 ] ] ], [ [ [ 104.098216317000038, 0.966355049000072 ], [ 104.100660832000074, 0.961778907000053 ], [ 104.096147654000049, 0.962066053000058 ], [ 104.098216317000038, 0.966355049000072 ] ] ], [ [ [ 104.08406603800006, 0.972166200000061 ], [ 104.089989770000045, 0.969120394000072 ], [ 104.090924991000065, 0.96903584000006 ], [ 104.09321923300007, 0.969873227000051 ], [ 104.093329600000061, 0.966712759000075 ], [ 104.095080131000088, 0.96332374900004 ], [ 104.095033685000033, 0.958393583000031 ], [ 104.08406603800006, 0.972166200000061 ] ] ], [ [ [ 104.144561579000083, 0.974890401000039 ], [ 104.152128590000075, 0.97069711000006 ], [ 104.154816406000066, 0.970177625000076 ], [ 104.172177420000082, 0.973749595000072 ], [ 104.174363576000076, 0.968935784000053 ], [ 104.153437721000046, 0.957738623000068 ], [ 104.144561579000083, 0.974890401000039 ] ] ], [ [ [ 104.094410755000069, 0.967015530000026 ], [ 104.094116180000071, 0.96585641300004 ], [ 104.093484054000044, 0.966746724000075 ], [ 104.094410755000069, 0.967015530000026 ] ] ], [ [ [ 104.093714243000079, 0.967122766000045 ], [ 104.093731047000063, 0.967295213000057 ], [ 104.093801281000083, 0.967207597000026 ], [ 104.093714243000079, 0.967122766000045 ] ] ], [ [ [ 104.090079389000039, 0.970058956000059 ], [ 104.09056266500005, 0.969191222000063 ], [ 104.089784639000072, 0.969564165000065 ], [ 104.090079389000039, 0.970058956000059 ] ] ], [ [ [ 104.090927479000072, 0.970237281000038 ], [ 104.090674816000046, 0.969886675000055 ], [ 104.090649370000051, 0.970522725000023 ], [ 104.090927479000072, 0.970237281000038 ] ] ], [ [ [ 104.151128552000046, 0.971621275000075 ], [ 104.151148241000044, 0.971502547000057 ], [ 104.151089264000063, 0.971499705000042 ], [ 104.151128552000046, 0.971621275000075 ] ] ], [ [ [ 104.150842092000062, 0.971612722000032 ], [ 104.151061128000038, 0.971706067000071 ], [ 104.151077985000086, 0.971680628000058 ], [ 104.150842092000062, 0.971612722000032 ] ] ], [ [ [ 104.15059767300005, 0.971949069000061 ], [ 104.150743774000034, 0.971700333000058 ], [ 104.150482534000048, 0.971917943000051 ], [ 104.15059767300005, 0.971949069000061 ] ] ], [ [ [ 104.091024751000077, 0.974056475000054 ], [ 104.092693489000055, 0.972021545000075 ], [ 104.089475142000083, 0.971704058000057 ], [ 104.091024751000077, 0.974056475000054 ] ] ], [ [ [ 104.087314883000033, 0.973928255000033 ], [ 104.087851694000051, 0.97241882700007 ], [ 104.08696137000004, 0.972641912000029 ], [ 104.087314883000033, 0.973928255000033 ] ] ], [ [ [ 104.110959257000047, 0.983263501000067 ], [ 104.113609987000075, 0.97419822400002 ], [ 104.120790572000033, 0.965490308000028 ], [ 104.103210415000035, 0.974172839000062 ], [ 104.110959257000047, 0.983263501000067 ] ] ], [ [ [ 104.080194186000085, 0.979088245000071 ], [ 104.080399009000075, 0.979786549000039 ], [ 104.080744516000038, 0.979515261000074 ], [ 104.080194186000085, 0.979088245000071 ] ] ], [ [ [ 104.112447854000038, 0.982774840000047 ], [ 104.112391704000061, 0.982704151000064 ], [ 104.112346751000075, 0.982771986000046 ], [ 104.112447854000038, 0.982774840000047 ] ] ], [ [ [ 104.112279298000033, 0.982964199000037 ], [ 104.112357962000033, 0.982859624000071 ], [ 104.11220067000005, 0.982933082000045 ], [ 104.112279298000033, 0.982964199000037 ] ] ], [ [ [ 104.095696640000085, 0.989357047000055 ], [ 104.100454612000078, 0.987492578000058 ], [ 104.099764069000059, 0.98626833000003 ], [ 104.095696640000085, 0.989357047000055 ] ] ], [ [ [ 104.117100693000054, 0.996167292000052 ], [ 104.126601779000055, 0.995768415000043 ], [ 104.132057463000081, 0.989375303000031 ], [ 104.11643762500006, 0.986609234000071 ], [ 104.117100693000054, 0.996167292000052 ] ] ], [ [ [ 104.145791964000068, 0.984850099000028 ], [ 104.142839570000035, 0.998517681000067 ], [ 104.148775980000039, 0.99025602100005 ], [ 104.145791964000068, 0.984850099000028 ] ] ], [ [ [ 104.166394738000065, 0.996567511000023 ], [ 104.166226249000033, 0.996488313000043 ], [ 104.166271150000057, 0.996624019000024 ], [ 104.166394738000065, 0.996567511000023 ] ] ], [ [ [ 104.134986767000044, 0.999818836000031 ], [ 104.134514697000043, 1.00076574000002 ], [ 104.134921942000062, 1.000698001000046 ], [ 104.134986767000044, 0.999818836000031 ] ] ], [ [ [ 104.12964747500007, 1.007126623000033 ], [ 104.13381965800005, 1.00314060900007 ], [ 104.12915883900007, 1.002748114000042 ], [ 104.12964747500007, 1.007126623000033 ] ] ], [ [ [ 104.155510449000076, 1.008116691000055 ], [ 104.156017131000056, 1.007994698000061 ], [ 104.155485210000052, 1.007973639000056 ], [ 104.155510449000076, 1.008116691000055 ] ] ], [ [ [ 104.137006900000074, 1.00666949500004 ], [ 104.135502268000039, 1.009149628000046 ], [ 104.136586285000078, 1.010577930000068 ], [ 104.137006900000074, 1.00666949500004 ] ] ], [ [ [ 104.141409924000072, 1.011321010000074 ], [ 104.139337659000034, 1.007700258000057 ], [ 104.139738574000035, 1.010354876000065 ], [ 104.141409924000072, 1.011321010000074 ] ] ], [ [ [ 104.146569062000083, 1.011456378000048 ], [ 104.14684337500006, 1.008514714000057 ], [ 104.144207125000037, 1.011481194000055 ], [ 104.146569062000083, 1.011456378000048 ] ] ], [ [ [ 104.179034405000039, 1.027969202000065 ], [ 104.184290188000034, 1.017159024000023 ], [ 104.175880794000079, 1.000604018000047 ], [ 104.157598471000085, 0.997011920000034 ], [ 104.155113395000058, 1.015437478000024 ], [ 104.165748480000047, 1.01370223400005 ], [ 104.179034405000039, 1.027969202000065 ] ] ], [ [ [ 104.114946833000033, 1.016812126000048 ], [ 104.108482729000059, 1.00503220500002 ], [ 104.099897342000077, 1.004952377000052 ], [ 104.102538369000058, 1.015297968000027 ], [ 104.114946833000033, 1.016812126000048 ] ] ], [ [ [ 104.093205363000038, 1.017231787000071 ], [ 104.104355926000039, 1.021663023000031 ], [ 104.095445019000067, 1.006361208000044 ], [ 104.093205363000038, 1.017231787000071 ] ] ], [ [ [ 104.140292543000044, 1.020658519000051 ], [ 104.14135473500005, 1.014195250000057 ], [ 104.138340577000065, 1.014573256000062 ], [ 104.140292543000044, 1.020658519000051 ] ] ], [ [ [ 104.121158999000045, 1.019459286000028 ], [ 104.118950313000084, 1.021918682000035 ], [ 104.120775610000067, 1.022682460000055 ], [ 104.121158999000045, 1.019459286000028 ] ] ], [ [ [ 104.152833010000052, 1.02277474300007 ], [ 104.154436538000084, 1.018944628000042 ], [ 104.151658243000043, 1.019461793000062 ], [ 104.152833010000052, 1.02277474300007 ] ] ], [ [ [ 104.081129669000063, 1.021070120000047 ], [ 104.090175164000073, 1.022835011000041 ], [ 104.088334075000034, 1.018389441000068 ], [ 104.081129669000063, 1.021070120000047 ] ] ], [ [ [ 104.124748380000085, 1.023029005000069 ], [ 104.124922581000078, 1.022752013000058 ], [ 104.124557448000076, 1.022864990000073 ], [ 104.124748380000085, 1.023029005000069 ] ] ], [ [ [ 104.120223459000044, 1.024761806000072 ], [ 104.120835537000062, 1.025381075000041 ], [ 104.121155876000046, 1.024747928000068 ], [ 104.120223459000044, 1.024761806000072 ] ] ], [ [ [ 104.142145722000066, 1.026467850000074 ], [ 104.14186929400006, 1.024631949000025 ], [ 104.140967888000034, 1.026295087000051 ], [ 104.142145722000066, 1.026467850000074 ] ] ], [ [ [ 104.13617146200005, 1.034998349000034 ], [ 104.131856791000075, 1.025612821000038 ], [ 104.128658691000055, 1.026959269000031 ], [ 104.13617146200005, 1.034998349000034 ] ] ], [ [ [ 104.117557411000064, 1.031801277000056 ], [ 104.111979464000058, 1.030923930000029 ], [ 104.116268394000087, 1.035600887000044 ], [ 104.117557411000064, 1.031801277000056 ] ] ], [ [ [ 104.15252692200005, 1.033281926000029 ], [ 104.151067356000055, 1.034291325000027 ], [ 104.152074704000086, 1.03558408400005 ], [ 104.15252692200005, 1.033281926000029 ] ] ], [ [ [ 104.156004505000055, 1.035059324000031 ], [ 104.15674030100007, 1.035180515000036 ], [ 104.156260763000034, 1.034594639000034 ], [ 104.156004505000055, 1.035059324000031 ] ] ], [ [ [ 104.166151206000052, 1.077388704000043 ], [ 104.165235639000059, 1.077309297000056 ], [ 104.164819938000051, 1.077439223000056 ], [ 104.166151206000052, 1.077388704000043 ] ] ], [ [ [ 104.144498961000068, 1.150447934000056 ], [ 104.142987963000053, 1.150340054000026 ], [ 104.142757585000084, 1.150583102000041 ], [ 104.144498961000068, 1.150447934000056 ] ] ], [ [ [ 104.147683113000085, 1.162573156000065 ], [ 104.145026288000054, 1.162142651000067 ], [ 104.147744851000084, 1.162742793000064 ], [ 104.147683113000085, 1.162573156000065 ] ] ], [ [ [ 104.146340441000063, 1.163075947000038 ], [ 104.14452048000004, 1.162996237000073 ], [ 104.146424674000059, 1.163160781000045 ], [ 104.146340441000063, 1.163075947000038 ] ] ], [ [ [ 104.079756592000081, 1.206322185000033 ], [ 104.076670362000073, 1.201764466000043 ], [ 104.07719949300008, 1.204186340000035 ], [ 104.079756592000081, 1.206322185000033 ] ] ], [ [ [ 104.236813185000074, 0.523157673000071 ], [ 104.237492403000033, 0.52175457900006 ], [ 104.236461132000045, 0.523020189000022 ], [ 104.236813185000074, 0.523157673000071 ] ] ], [ [ [ 104.236333845000047, 0.524559049000061 ], [ 104.235662496000032, 0.524899022000056 ], [ 104.235791394000046, 0.525127232000045 ], [ 104.236333845000047, 0.524559049000061 ] ] ], [ [ [ 104.195479497000065, 0.543338537000068 ], [ 104.198622295000064, 0.542403965000062 ], [ 104.196402689000081, 0.541452360000051 ], [ 104.195479497000065, 0.543338537000068 ] ] ], [ [ [ 104.224492170000076, 0.556169930000067 ], [ 104.234003653000059, 0.554357057000061 ], [ 104.238549117000048, 0.530823329000043 ], [ 104.222480100000041, 0.535394521000057 ], [ 104.224492170000076, 0.556169930000067 ] ] ], [ [ [ 104.196150199000044, 0.54500218000004 ], [ 104.19625641600004, 0.545214178000037 ], [ 104.196293428000047, 0.545027981000032 ], [ 104.196150199000044, 0.54500218000004 ] ] ], [ [ [ 104.195222526000066, 0.544961952000051 ], [ 104.195480505000035, 0.54517684800004 ], [ 104.195504244000062, 0.544972493000046 ], [ 104.195222526000066, 0.544961952000051 ] ] ], [ [ [ 104.194634445000077, 0.544828180000025 ], [ 104.194386791000056, 0.545464114000026 ], [ 104.194893310000054, 0.545472777000043 ], [ 104.194634445000077, 0.544828180000025 ] ] ], [ [ [ 104.234609198000044, 0.553739549000056 ], [ 104.237327537000056, 0.552605471000049 ], [ 104.235849386000041, 0.548951037000052 ], [ 104.234609198000044, 0.553739549000056 ] ] ], [ [ [ 104.235045907000085, 0.562580494000031 ], [ 104.241547732000072, 0.554444473000046 ], [ 104.231350545000055, 0.557172791000028 ], [ 104.235045907000085, 0.562580494000031 ] ] ], [ [ [ 104.196644605000074, 0.560586922000027 ], [ 104.196896371000037, 0.561131831000068 ], [ 104.196993751000036, 0.56062479000002 ], [ 104.196644605000074, 0.560586922000027 ] ] ], [ [ [ 104.213759485000082, 0.567248432000042 ], [ 104.220397690000084, 0.560122307000029 ], [ 104.211346675000073, 0.556377878000035 ], [ 104.208464265000032, 0.561660762000031 ], [ 104.209561242000063, 0.561128845000042 ], [ 104.211599395000064, 0.561924747000035 ], [ 104.213759485000082, 0.567248432000042 ] ] ], [ [ [ 104.209308609000061, 0.563195694000058 ], [ 104.209039588000053, 0.561585610000066 ], [ 104.208085521000044, 0.563049157000023 ], [ 104.208373896000069, 0.562946066000052 ], [ 104.209308609000061, 0.563195694000058 ] ] ], [ [ [ 104.193960301000061, 0.56268618200005 ], [ 104.19349408100004, 0.563380522000045 ], [ 104.193797952000068, 0.563706280000019 ], [ 104.193960301000061, 0.56268618200005 ] ] ], [ [ [ 104.212190444000043, 0.566198283000062 ], [ 104.210986178000041, 0.562182108000059 ], [ 104.209990707000088, 0.562267235000036 ], [ 104.212190444000043, 0.566198283000062 ] ] ], [ [ [ 104.208252435000077, 0.563160108000034 ], [ 104.208019596000042, 0.566044088000069 ], [ 104.20893777200007, 0.565590273000055 ], [ 104.209541884000032, 0.565544450000061 ], [ 104.209525955000061, 0.563386958000024 ], [ 104.208252435000077, 0.563160108000034 ] ] ], [ [ [ 104.213115572000049, 0.566226493000045 ], [ 104.211679120000042, 0.563804754000046 ], [ 104.212931986000058, 0.566528695000045 ], [ 104.213115572000049, 0.566226493000045 ] ] ], [ [ [ 104.212263406000034, 0.565374699000074 ], [ 104.212475038000036, 0.56600925500004 ], [ 104.21257122600008, 0.566022521000036 ], [ 104.212263406000034, 0.565374699000074 ] ] ], [ [ [ 104.212376103000054, 0.567173989000025 ], [ 104.210042762000057, 0.56428909400006 ], [ 104.209664577000069, 0.567441220000035 ], [ 104.212376103000054, 0.567173989000025 ] ] ], [ [ [ 104.212488123000071, 0.56607228300004 ], [ 104.21234495200008, 0.566308882000044 ], [ 104.21255268200008, 0.566325240000026 ], [ 104.212488123000071, 0.56607228300004 ] ] ], [ [ [ 104.207499695000081, 0.567350837000049 ], [ 104.209456844000044, 0.566093869000042 ], [ 104.209056333000035, 0.565661184000021 ], [ 104.207499695000081, 0.567350837000049 ] ] ], [ [ [ 104.207025605000069, 0.56727594900002 ], [ 104.20675028800008, 0.566178154000056 ], [ 104.206381151000073, 0.566811986000062 ], [ 104.207025605000069, 0.56727594900002 ] ] ], [ [ [ 104.213004810000086, 0.566801711000039 ], [ 104.213214187000062, 0.56717272000003 ], [ 104.213418807000039, 0.567096260000028 ], [ 104.213004810000086, 0.566801711000039 ] ] ], [ [ [ 104.22934489000005, 0.568194654000024 ], [ 104.23003787500005, 0.569010228000025 ], [ 104.229724451000038, 0.56800679600002 ], [ 104.22934489000005, 0.568194654000024 ] ] ], [ [ [ 104.206116300000076, 0.570874285000059 ], [ 104.204856778000078, 0.570629358000076 ], [ 104.204459374000066, 0.570939169000042 ], [ 104.206116300000076, 0.570874285000059 ] ] ], [ [ [ 104.212193427000045, 0.573007889000053 ], [ 104.207674712000085, 0.569652269000073 ], [ 104.206205152000052, 0.573260583000035 ], [ 104.212193427000045, 0.573007889000053 ] ] ], [ [ [ 104.196648106000055, 0.609059907000074 ], [ 104.22987925700005, 0.570346592000021 ], [ 104.206893433000062, 0.57560546000002 ], [ 104.198085311000057, 0.561001836000059 ], [ 104.192329177000033, 0.571247561000064 ], [ 104.192833750000034, 0.562990439000032 ], [ 104.196378745000061, 0.545427135000068 ], [ 104.184457213000087, 0.588557372000025 ], [ 104.196648106000055, 0.609059907000074 ] ] ], [ [ [ 104.178231785000037, 0.586098334000042 ], [ 104.177663625000037, 0.58160383400002 ], [ 104.176457238000069, 0.582881604000022 ], [ 104.178231785000037, 0.586098334000042 ] ] ], [ [ [ 104.244323783000084, 0.636545657000056 ], [ 104.243451876000051, 0.63511253300004 ], [ 104.242753338000057, 0.635742589000074 ], [ 104.244323783000084, 0.636545657000056 ] ] ], [ [ [ 104.243079198000032, 0.636943015000043 ], [ 104.245282452000083, 0.644872611000039 ], [ 104.250046260000033, 0.636852001000022 ], [ 104.243079198000032, 0.636943015000043 ] ] ], [ [ [ 104.243679882000038, 0.648588397000026 ], [ 104.243382369000074, 0.649515456000074 ], [ 104.243559001000051, 0.649539079000022 ], [ 104.243679882000038, 0.648588397000026 ] ] ], [ [ [ 104.232131626000069, 0.656888103000028 ], [ 104.240913892000037, 0.64904518100002 ], [ 104.23986810100007, 0.647333997000032 ], [ 104.232131626000069, 0.656888103000028 ] ] ], [ [ [ 104.242664948000083, 0.653487565000034 ], [ 104.244380961000047, 0.652007324000067 ], [ 104.242225321000035, 0.65257306500007 ], [ 104.242664948000083, 0.653487565000034 ] ] ], [ [ [ 104.242491650000034, 0.655359917000055 ], [ 104.241028103000076, 0.655896731000041 ], [ 104.242448293000052, 0.65599854900006 ], [ 104.242491650000034, 0.655359917000055 ] ] ], [ [ [ 104.246776566000051, 0.65772753400006 ], [ 104.245976346000077, 0.657089344000042 ], [ 104.246365912000044, 0.657820578000042 ], [ 104.246776566000051, 0.65772753400006 ] ] ], [ [ [ 104.240378636000059, 0.660120389000042 ], [ 104.239758848000065, 0.658734138000057 ], [ 104.239001674000065, 0.660112913000034 ], [ 104.240378636000059, 0.660120389000042 ] ] ], [ [ [ 104.241156662000037, 0.663858017000052 ], [ 104.243175252000071, 0.663778502000071 ], [ 104.241459645000077, 0.662551749000045 ], [ 104.241156662000037, 0.663858017000052 ] ] ], [ [ [ 104.221288384000047, 0.668552377000026 ], [ 104.226631424000061, 0.666294573000073 ], [ 104.227542859000039, 0.664803146000054 ], [ 104.221288384000047, 0.668552377000026 ] ] ], [ [ [ 104.208076951000066, 0.714081616000044 ], [ 104.207751410000071, 0.715474676000042 ], [ 104.208046464000063, 0.715717381000047 ], [ 104.208076951000066, 0.714081616000044 ] ] ], [ [ [ 104.210424259000035, 0.718724147000046 ], [ 104.207874981000032, 0.718235984000046 ], [ 104.209353501000066, 0.719750289000046 ], [ 104.210424259000035, 0.718724147000046 ] ] ], [ [ [ 104.191885913000078, 0.723932485000034 ], [ 104.192204166000067, 0.724336993000065 ], [ 104.192152799000041, 0.723795592000045 ], [ 104.191885913000078, 0.723932485000034 ] ] ], [ [ [ 104.18765135700005, 0.735292428000037 ], [ 104.187193674000071, 0.736028200000021 ], [ 104.188203016000045, 0.735753 ], [ 104.18765135700005, 0.735292428000037 ] ] ], [ [ [ 104.182307688000037, 0.739348816000074 ], [ 104.183934815000043, 0.738100711000072 ], [ 104.18139414400008, 0.73747682100003 ], [ 104.182307688000037, 0.739348816000074 ] ] ], [ [ [ 104.180644906000055, 0.739059662000045 ], [ 104.180625056000054, 0.740447188000076 ], [ 104.181378155000061, 0.739968916000066 ], [ 104.180644906000055, 0.739059662000045 ] ] ], [ [ [ 104.180929037000055, 0.742325781000034 ], [ 104.178576177000082, 0.742300526000065 ], [ 104.180060726000079, 0.743209473000036 ], [ 104.180929037000055, 0.742325781000034 ] ] ], [ [ [ 104.259867919000044, 0.80117828300007 ], [ 104.260885651000081, 0.795055092000041 ], [ 104.278160192000087, 0.794546472000036 ], [ 104.258480472000088, 0.769879849000063 ], [ 104.263845981000088, 0.74337500300004 ], [ 104.27315632400007, 0.729814514000054 ], [ 104.309498044000065, 0.709897296000065 ], [ 104.278243640000085, 0.709269457000062 ], [ 104.273801032000051, 0.701303663000033 ], [ 104.267609496000034, 0.706035288000066 ], [ 104.260710165000035, 0.702749580000045 ], [ 104.259170083000072, 0.692069452000055 ], [ 104.241490384000087, 0.696566749000056 ], [ 104.219245467000064, 0.722798109000053 ], [ 104.207127202000038, 0.719987441000058 ], [ 104.200370664000047, 0.728477216000044 ], [ 104.196212259000049, 0.720921703000045 ], [ 104.187897776000057, 0.73357678800005 ], [ 104.189460617000066, 0.735134766000044 ], [ 104.190072708000059, 0.750000008000029 ], [ 104.181762874000071, 0.76424946000003 ], [ 104.171937743000058, 0.772790708000059 ], [ 104.169324587000062, 0.780072498000038 ], [ 104.180974207000077, 0.77649017400006 ], [ 104.197536289000084, 0.784194122000031 ], [ 104.197946242000057, 0.784533442000054 ], [ 104.199484539000082, 0.788078799000061 ], [ 104.198871677000056, 0.791437159000054 ], [ 104.201319674000047, 0.796039996000047 ], [ 104.216599224000049, 0.784944089000021 ], [ 104.259867919000044, 0.80117828300007 ] ] ], [ [ [ 104.184960438000076, 0.755195214000025 ], [ 104.185151354000084, 0.755460988000038 ], [ 104.18492118100005, 0.754878584000039 ], [ 104.184960438000076, 0.755195214000025 ] ] ], [ [ [ 104.184836547000032, 0.75694227200006 ], [ 104.184786049000081, 0.756665217000034 ], [ 104.184690512000088, 0.756953553000073 ], [ 104.184836547000032, 0.75694227200006 ] ] ], [ [ [ 104.183066545000088, 0.761007151000058 ], [ 104.183313700000042, 0.760882810000055 ], [ 104.183201411000084, 0.760650975000033 ], [ 104.183066545000088, 0.761007151000058 ] ] ], [ [ [ 104.180723682000064, 0.764851409000073 ], [ 104.180993294000075, 0.764777959000071 ], [ 104.181066377000036, 0.764427427000044 ], [ 104.180723682000064, 0.764851409000073 ] ] ], [ [ [ 104.180844254000078, 0.78048185800003 ], [ 104.178625687000078, 0.780419228000028 ], [ 104.178344566000078, 0.781906169000024 ], [ 104.180844254000078, 0.78048185800003 ] ] ], [ [ [ 104.189055112000062, 0.784147245000042 ], [ 104.186572376000072, 0.785011820000022 ], [ 104.187072090000072, 0.785888286000045 ], [ 104.189055112000062, 0.784147245000042 ] ] ], [ [ [ 104.198692453000035, 0.788774089000071 ], [ 104.19406448400008, 0.787817663000055 ], [ 104.198107945000061, 0.790713298000071 ], [ 104.198692453000035, 0.788774089000071 ] ] ], [ [ [ 104.211771723000084, 0.790310851000072 ], [ 104.219779153000047, 0.790588910000054 ], [ 104.216570477000062, 0.786617658000068 ], [ 104.211771723000084, 0.790310851000072 ] ] ], [ [ [ 104.216675278000082, 0.798689047000039 ], [ 104.222399669000083, 0.793680665000068 ], [ 104.212350607000076, 0.797585680000054 ], [ 104.216675278000082, 0.798689047000039 ] ] ], [ [ [ 104.209828602000073, 0.798094055000035 ], [ 104.211997077000035, 0.795883752000066 ], [ 104.208660595000083, 0.796674671000062 ], [ 104.209828602000073, 0.798094055000035 ] ] ], [ [ [ 104.205064908000054, 0.801819125000065 ], [ 104.201633700000059, 0.798686133000047 ], [ 104.202868634000083, 0.802531101000056 ], [ 104.205064908000054, 0.801819125000065 ] ] ], [ [ [ 104.233641895000062, 0.807077224000068 ], [ 104.230608252000081, 0.810214643000052 ], [ 104.235309855000082, 0.808247929000061 ], [ 104.233641895000062, 0.807077224000068 ] ] ], [ [ [ 104.244989286000077, 0.831696474000069 ], [ 104.244882330000053, 0.832773049000025 ], [ 104.245481283000061, 0.832259715000021 ], [ 104.244989286000077, 0.831696474000069 ] ] ], [ [ [ 104.241484896000088, 0.869703075000075 ], [ 104.241731756000036, 0.871116640000025 ], [ 104.242332746000045, 0.871190265000052 ], [ 104.241484896000088, 0.869703075000075 ] ] ], [ [ [ 104.119993892000082, 0.96193663400004 ], [ 104.117296567000039, 0.955832570000041 ], [ 104.127057732000083, 0.948188188000074 ], [ 104.123564168000087, 0.936551594000036 ], [ 104.139904688000058, 0.943088767000063 ], [ 104.147892640000066, 0.928124800000035 ], [ 104.154346628000042, 0.927063419000035 ], [ 104.156875802000059, 0.908239232000028 ], [ 104.149304834000077, 0.894068698000069 ], [ 104.164734477000081, 0.904947641000035 ], [ 104.16989215500007, 0.898585301000026 ], [ 104.166889734000051, 0.867119095000021 ], [ 104.180874725000081, 0.878157155000054 ], [ 104.182592879000083, 0.867864465000025 ], [ 104.200676324000085, 0.880318472000056 ], [ 104.224008744000059, 0.880029423000053 ], [ 104.239108999000052, 0.869521664000047 ], [ 104.237150522000036, 0.860474780000061 ], [ 104.255968856000038, 0.866403030000072 ], [ 104.265914846000044, 0.85964834400005 ], [ 104.25870136900005, 0.837533825000037 ], [ 104.256218462000049, 0.838938391000056 ], [ 104.243128, 0.832017 ], [ 104.245114571000045, 0.819936729000062 ], [ 104.21382955100006, 0.803166487000055 ], [ 104.202179904000047, 0.806042105000074 ], [ 104.177541260000055, 0.782544909000023 ], [ 104.165505205000045, 0.789884200000074 ], [ 104.144409873000086, 0.856661195000072 ], [ 104.130368999000041, 0.865186926000035 ], [ 104.120753972000045, 0.861899787000027 ], [ 104.116366494000033, 0.87763351600006 ], [ 104.099313786000039, 0.879503675000024 ], [ 104.091930054000045, 0.87039635900004 ], [ 104.094513966000079, 0.92641246900007 ], [ 104.078094789000033, 0.94286364900006 ], [ 104.083945097000083, 0.951778464000029 ], [ 104.077587561000087, 0.959918256000037 ], [ 104.089679510000053, 0.952953164000064 ], [ 104.105165685000088, 0.961121424000055 ], [ 104.11054286600006, 0.953798249000045 ], [ 104.119993892000082, 0.96193663400004 ] ] ], [ [ [ 104.180180510000071, 0.880633443000022 ], [ 104.186962675000075, 0.881208817000072 ], [ 104.18463816700006, 0.877290097000071 ], [ 104.180180510000071, 0.880633443000022 ] ] ], [ [ [ 104.186170106000077, 0.896771232000049 ], [ 104.186659117000033, 0.895199534000028 ], [ 104.184945758000083, 0.896222522000073 ], [ 104.186170106000077, 0.896771232000049 ] ] ], [ [ [ 104.211322184000039, 0.923398717000055 ], [ 104.207343775000083, 0.905271063000043 ], [ 104.193543924000039, 0.901722946000064 ], [ 104.198595694000062, 0.917125566000038 ], [ 104.211322184000039, 0.923398717000055 ] ] ], [ [ [ 104.176297500000032, 0.938153232000047 ], [ 104.190953681000053, 0.930670793000047 ], [ 104.188355649000073, 0.919283066000048 ], [ 104.161385607000057, 0.910377480000022 ], [ 104.158180352000045, 0.926072072000068 ], [ 104.176297500000032, 0.938153232000047 ] ] ], [ [ [ 104.185296039000036, 0.93691713100003 ], [ 104.187346618000049, 0.93512529800006 ], [ 104.184920108000085, 0.935181271000033 ], [ 104.185296039000036, 0.93691713100003 ] ] ], [ [ [ 104.189665649000062, 0.938371226000072 ], [ 104.189356686000053, 0.938518157000033 ], [ 104.189907130000051, 0.93856917200003 ], [ 104.189665649000062, 0.938371226000072 ] ] ], [ [ [ 104.202678223000078, 0.946306804000073 ], [ 104.20688047200008, 0.942858827000066 ], [ 104.202005361000033, 0.941178467000043 ], [ 104.202678223000078, 0.946306804000073 ] ] ], [ [ [ 104.169234461000087, 0.960914384000034 ], [ 104.173962303000053, 0.955860894000068 ], [ 104.198375405000036, 0.947402682000074 ], [ 104.152609386000051, 0.933943839000051 ], [ 104.142010973000083, 0.954606320000039 ], [ 104.169234461000087, 0.960914384000034 ] ] ], [ [ [ 104.173789138000075, 0.975152175000062 ], [ 104.176693587000045, 0.973131598000066 ], [ 104.174261387000058, 0.97340521700005 ], [ 104.173789138000075, 0.975152175000062 ] ] ], [ [ [ 104.178472826000075, 1.028579968000031 ], [ 104.178332454000042, 1.028370734000021 ], [ 104.178180756000074, 1.02851769800003 ], [ 104.178472826000075, 1.028579968000031 ] ] ], [ [ [ 104.164068290000046, 1.06529716700004 ], [ 104.184080496000036, 1.050620607000042 ], [ 104.180778631000067, 1.034887846000061 ], [ 104.167602361000036, 1.022256008000056 ], [ 104.162919577000082, 1.040097787000036 ], [ 104.154841053000041, 1.041584583000031 ], [ 104.164909354000088, 1.048828861000061 ], [ 104.164068290000046, 1.06529716700004 ] ] ], [ [ [ 104.176545389000069, 1.06794377600005 ], [ 104.182135059000075, 1.06761339000002 ], [ 104.17544322100008, 1.06406712200004 ], [ 104.176545389000069, 1.06794377600005 ] ] ], [ [ [ 104.301057340000057, 0.464457637000066 ], [ 104.30361784300004, 0.46289564600005 ], [ 104.300869566000074, 0.462651751000067 ], [ 104.301057340000057, 0.464457637000066 ] ] ], [ [ [ 104.299044354000046, 0.465058730000067 ], [ 104.30072748200007, 0.464423744000044 ], [ 104.299694115000079, 0.463756452000041 ], [ 104.299044354000046, 0.465058730000067 ] ] ], [ [ [ 104.305460121000067, 0.46623730500005 ], [ 104.304921009000054, 0.465507866000053 ], [ 104.304825477000065, 0.466035583000064 ], [ 104.305460121000067, 0.46623730500005 ] ] ], [ [ [ 104.27712026100005, 0.476261068000042 ], [ 104.27787285800008, 0.476347841000063 ], [ 104.27788971700005, 0.476257377000024 ], [ 104.27712026100005, 0.476261068000042 ] ] ], [ [ [ 104.276388003000079, 0.478556561000062 ], [ 104.276459220000049, 0.477968535000059 ], [ 104.275940614000035, 0.47808156800005 ], [ 104.276388003000079, 0.478556561000062 ] ] ], [ [ [ 104.276262440000039, 0.479928606000044 ], [ 104.27481903100005, 0.479713600000025 ], [ 104.276180017000058, 0.480245228000058 ], [ 104.276262440000039, 0.479928606000044 ] ] ], [ [ [ 104.275472196000067, 0.481639836000056 ], [ 104.276082557000052, 0.481387349000045 ], [ 104.275118403000079, 0.481221394000045 ], [ 104.275472196000067, 0.481639836000056 ] ] ], [ [ [ 104.274451813000042, 0.482248489000028 ], [ 104.274775787000067, 0.481330667000066 ], [ 104.273946402000036, 0.481590667000035 ], [ 104.274451813000042, 0.482248489000028 ] ] ], [ [ [ 104.276183544000048, 0.482435255000041 ], [ 104.276825706000068, 0.482186548000072 ], [ 104.275878425000087, 0.481965936000051 ], [ 104.276183544000048, 0.482435255000041 ] ] ], [ [ [ 104.287253705000069, 0.483557682000026 ], [ 104.287661877000062, 0.48309032800006 ], [ 104.28728183700008, 0.483075202000066 ], [ 104.287253705000069, 0.483557682000026 ] ] ], [ [ [ 104.296839081000087, 0.48439174400005 ], [ 104.296159494000051, 0.484282343000075 ], [ 104.29638219800006, 0.484819505000075 ], [ 104.296839081000087, 0.48439174400005 ] ] ], [ [ [ 104.27817712600006, 0.484923276000075 ], [ 104.277430198000047, 0.484350253000059 ], [ 104.277068811000049, 0.484842117000028 ], [ 104.27817712600006, 0.484923276000075 ] ] ], [ [ [ 104.275394963000053, 0.486153687000069 ], [ 104.275355117000061, 0.485835402000021 ], [ 104.27507948300007, 0.486099890000048 ], [ 104.275394963000053, 0.486153687000069 ] ] ], [ [ [ 104.278588799000033, 0.486698721000039 ], [ 104.278379172000086, 0.486302905000059 ], [ 104.278102072000081, 0.486434807000023 ], [ 104.278588799000033, 0.486698721000039 ] ] ], [ [ [ 104.263964568000063, 0.49442250900006 ], [ 104.263932827000076, 0.493715751000025 ], [ 104.263380487000063, 0.494139739000047 ], [ 104.263964568000063, 0.49442250900006 ] ] ], [ [ [ 104.264193632000058, 0.502110107000021 ], [ 104.273248428000045, 0.491714578000028 ], [ 104.274163832000056, 0.484073261000049 ], [ 104.266117318000056, 0.495795446000045 ], [ 104.256708468000056, 0.499895340000023 ], [ 104.264193632000058, 0.502110107000021 ] ] ], [ [ [ 104.26206798700008, 0.49529491100003 ], [ 104.262354496000057, 0.49467299600002 ], [ 104.261388450000084, 0.494836851000059 ], [ 104.26206798700008, 0.49529491100003 ] ] ], [ [ [ 104.259974846000034, 0.496921180000072 ], [ 104.260386648000065, 0.496566891000043 ], [ 104.259738849000087, 0.496817489000023 ], [ 104.259974846000034, 0.496921180000072 ] ] ], [ [ [ 104.281860016000053, 0.526867718000062 ], [ 104.292110742000034, 0.521720820000041 ], [ 104.290160680000042, 0.520622728000035 ], [ 104.289324020000038, 0.508825940000065 ], [ 104.295795084000076, 0.474849294000023 ], [ 104.287002688000086, 0.487592783000025 ], [ 104.281860016000053, 0.526867718000062 ] ] ], [ [ [ 104.25624382400008, 0.501623195000036 ], [ 104.255675711000038, 0.502167296000039 ], [ 104.256399205000037, 0.502039986000057 ], [ 104.25624382400008, 0.501623195000036 ] ] ], [ [ [ 104.249843892000058, 0.505803577000052 ], [ 104.248978646000069, 0.506012779000059 ], [ 104.249117228000046, 0.506446899000025 ], [ 104.249843892000058, 0.505803577000052 ] ] ], [ [ [ 104.24848413400008, 0.507021199000064 ], [ 104.248069993000058, 0.507422846000054 ], [ 104.248711130000061, 0.50719319600006 ], [ 104.24848413400008, 0.507021199000064 ] ] ], [ [ [ 104.290564434000032, 0.512105096000028 ], [ 104.289933395000048, 0.51142773600003 ], [ 104.289705222000066, 0.511684420000051 ], [ 104.290564434000032, 0.512105096000028 ] ] ], [ [ [ 104.304668679000088, 0.532272973000033 ], [ 104.305428115000041, 0.530707040000038 ], [ 104.303171013000053, 0.530933867000044 ], [ 104.304668679000088, 0.532272973000033 ] ] ], [ [ [ 104.250976298000069, 0.537598370000069 ], [ 104.251953959000048, 0.536211956000045 ], [ 104.250725988000056, 0.536674463000054 ], [ 104.250976298000069, 0.537598370000069 ] ] ], [ [ [ 104.251772073000041, 0.540065005000031 ], [ 104.250376513000049, 0.538037315000054 ], [ 104.25000000600005, 0.538135949000036 ], [ 104.251772073000041, 0.540065005000031 ] ] ], [ [ [ 104.248400385000082, 0.541105307000066 ], [ 104.249712230000057, 0.540028617000075 ], [ 104.248720280000043, 0.539586327000052 ], [ 104.248400385000082, 0.541105307000066 ] ] ], [ [ [ 104.247249772000032, 0.543063346000054 ], [ 104.247901274000071, 0.542043731000035 ], [ 104.247297709000065, 0.542013575000055 ], [ 104.247249772000032, 0.543063346000054 ] ] ], [ [ [ 104.307439059000046, 0.596200397000075 ], [ 104.307718694000073, 0.598130723000054 ], [ 104.307929707000085, 0.596071428000073 ], [ 104.307439059000046, 0.596200397000075 ] ] ], [ [ [ 104.304732470000033, 0.603057856000021 ], [ 104.30503787300006, 0.603389445000062 ], [ 104.304992772000048, 0.603017786000066 ], [ 104.304732470000033, 0.603057856000021 ] ] ], [ [ [ 104.298378077000052, 0.615210791000038 ], [ 104.297233281000047, 0.616271563000055 ], [ 104.297588019000045, 0.616533157000049 ], [ 104.298378077000052, 0.615210791000038 ] ] ], [ [ [ 104.297306254000034, 0.616803080000068 ], [ 104.297210207000035, 0.617200126000057 ], [ 104.297393898000053, 0.616815693000035 ], [ 104.297306254000034, 0.616803080000068 ] ] ], [ [ [ 104.292442316000063, 0.623588888000029 ], [ 104.296678688000043, 0.621007411000051 ], [ 104.296275684000079, 0.618421337000029 ], [ 104.292442316000063, 0.623588888000029 ] ] ], [ [ [ 104.289486938000039, 0.631839325000044 ], [ 104.291593960000057, 0.628863326000044 ], [ 104.289300651000076, 0.628954681000039 ], [ 104.289486938000039, 0.631839325000044 ] ] ], [ [ [ 104.260121346000062, 0.637298424000051 ], [ 104.261981658000082, 0.630905923000057 ], [ 104.257901569000069, 0.632709933000058 ], [ 104.260121346000062, 0.637298424000051 ] ] ], [ [ [ 104.255780145000074, 0.641398636000019 ], [ 104.255885655000043, 0.642749711000022 ], [ 104.256938897000055, 0.642001465000021 ], [ 104.255780145000074, 0.641398636000019 ] ] ], [ [ [ 104.246914995000054, 0.65562589600006 ], [ 104.247135700000058, 0.655835727000067 ], [ 104.247086406000051, 0.655623442000035 ], [ 104.246914995000054, 0.65562589600006 ] ] ], [ [ [ 104.215829092000035, 0.71804400700006 ], [ 104.241873695000038, 0.688903093000022 ], [ 104.261122713000077, 0.676315503000069 ], [ 104.260261143000037, 0.688402653000026 ], [ 104.28120776600008, 0.668814785000052 ], [ 104.28862575800008, 0.610698231000072 ], [ 104.273211751000076, 0.624825381000051 ], [ 104.263926502000061, 0.621903592000024 ], [ 104.265557085000069, 0.631631722000066 ], [ 104.246573923000085, 0.667760217000023 ], [ 104.234145998000088, 0.670351450000055 ], [ 104.226992743000039, 0.687826846000064 ], [ 104.221151167000073, 0.682972745000029 ], [ 104.209557243000063, 0.710062909000044 ], [ 104.215829092000035, 0.71804400700006 ] ] ], [ [ [ 104.307508756000061, 0.671243831000027 ], [ 104.304727187000083, 0.669251189000022 ], [ 104.307037859000047, 0.674061921000032 ], [ 104.307508756000061, 0.671243831000027 ] ] ], [ [ [ 104.303679603000035, 0.674313067000071 ], [ 104.303893090000088, 0.672288282000068 ], [ 104.302466910000078, 0.672100083000032 ], [ 104.303679603000035, 0.674313067000071 ] ] ], [ [ [ 104.31872566800007, 0.684641707000026 ], [ 104.326677483000083, 0.678732412000045 ], [ 104.329217227000072, 0.65990935700006 ], [ 104.308170332000088, 0.668837101000065 ], [ 104.31872566800007, 0.684641707000026 ] ] ], [ [ [ 104.330568721000077, 0.672798699000055 ], [ 104.341483803000074, 0.674732079000023 ], [ 104.342031774000077, 0.670811849000074 ], [ 104.330568721000077, 0.672798699000055 ] ] ], [ [ [ 104.27613612500005, 0.676414089000048 ], [ 104.274122228000067, 0.676644871000065 ], [ 104.273813278000034, 0.677350709000052 ], [ 104.27613612500005, 0.676414089000048 ] ] ], [ [ [ 104.298563325000032, 0.679385642000057 ], [ 104.301927258000035, 0.674853297000027 ], [ 104.301303171000086, 0.672336993000044 ], [ 104.297083300000054, 0.673417954000058 ], [ 104.298563325000032, 0.679385642000057 ] ] ], [ [ [ 104.305672461000086, 0.67965924400005 ], [ 104.304120496000053, 0.674776174000044 ], [ 104.300692355000081, 0.677507804000072 ], [ 104.305672461000086, 0.67965924400005 ] ] ], [ [ [ 104.338238591000049, 0.677662745000021 ], [ 104.344681424000044, 0.677610912000034 ], [ 104.348248762000082, 0.676814127000057 ], [ 104.338238591000049, 0.677662745000021 ] ] ], [ [ [ 104.305357831000038, 0.679815190000056 ], [ 104.305697295000073, 0.680393466000055 ], [ 104.306362589000059, 0.680434554000044 ], [ 104.305357831000038, 0.679815190000056 ] ] ], [ [ [ 104.270619212000042, 0.683148324000058 ], [ 104.300231488000065, 0.686233566000055 ], [ 104.294014286000049, 0.672166683000057 ], [ 104.270619212000042, 0.683148324000058 ] ] ], [ [ [ 104.316516624000087, 0.686508882000055 ], [ 104.315585481000085, 0.68646061000004 ], [ 104.315563771000086, 0.687059934000047 ], [ 104.316516624000087, 0.686508882000055 ] ] ], [ [ [ 104.308699304000072, 0.698172305000071 ], [ 104.322897137000041, 0.698532053000065 ], [ 104.336422675000051, 0.682531866000033 ], [ 104.320588805000057, 0.68518774000006 ], [ 104.308699304000072, 0.698172305000071 ] ] ], [ [ [ 104.263926322000088, 0.695429570000044 ], [ 104.262017514000036, 0.696968585000036 ], [ 104.265430495000032, 0.697316709000063 ], [ 104.263926322000088, 0.695429570000044 ] ] ], [ [ [ 104.366772127000047, 0.739442247000056 ], [ 104.371152378000033, 0.737738312000033 ], [ 104.364908595000088, 0.738499987000068 ], [ 104.366772127000047, 0.739442247000056 ] ] ], [ [ [ 104.360049522000054, 0.744649868000067 ], [ 104.360104512000078, 0.745029840000029 ], [ 104.360299842000074, 0.744727743000055 ], [ 104.360049522000054, 0.744649868000067 ] ] ], [ [ [ 104.309485786000039, 0.763100228000042 ], [ 104.354842673000064, 0.749629038000023 ], [ 104.356573944000047, 0.740417869000055 ], [ 104.327733429000034, 0.753844435000076 ], [ 104.315797105000058, 0.748714599000039 ], [ 104.313433286000077, 0.752332531000036 ], [ 104.298753169000065, 0.756409639000026 ], [ 104.309485786000039, 0.763100228000042 ] ] ], [ [ [ 104.329372121000063, 0.751670102000048 ], [ 104.329728122000063, 0.752085739000051 ], [ 104.329364604000034, 0.751547123000023 ], [ 104.329372121000063, 0.751670102000048 ] ] ], [ [ [ 104.325017105000086, 0.752422373000059 ], [ 104.324796758000048, 0.751945269000032 ], [ 104.324630917000036, 0.752297215000056 ], [ 104.325017105000086, 0.752422373000059 ] ] ], [ [ [ 104.327554788000043, 0.752270105000036 ], [ 104.327618870000038, 0.752081407000048 ], [ 104.327496409000048, 0.752119554000046 ], [ 104.327554788000043, 0.752270105000036 ] ] ], [ [ [ 104.308072312000036, 0.753273094000065 ], [ 104.308330395000041, 0.753370669000049 ], [ 104.308256958000072, 0.753141664000054 ], [ 104.308072312000036, 0.753273094000065 ] ] ], [ [ [ 104.332835257000056, 0.757133639000074 ], [ 104.332846404000065, 0.757701885000074 ], [ 104.332975685000065, 0.757085600000039 ], [ 104.332835257000056, 0.757133639000074 ] ] ], [ [ [ 104.331731245000071, 0.75913504500005 ], [ 104.331924846000049, 0.760302662000072 ], [ 104.332421949000036, 0.760209446000033 ], [ 104.331731245000071, 0.75913504500005 ] ] ], [ [ [ 104.30454418100004, 0.762177802000053 ], [ 104.304354020000062, 0.761450507000063 ], [ 104.303837800000053, 0.761598844000048 ], [ 104.30454418100004, 0.762177802000053 ] ] ], [ [ [ 104.309757599000079, 0.76345416700002 ], [ 104.309979500000054, 0.763219556000024 ], [ 104.309518925000077, 0.763199692000057 ], [ 104.309757599000079, 0.76345416700002 ] ] ], [ [ [ 104.284184666000044, 0.773064273000045 ], [ 104.284407175000069, 0.771834540000043 ], [ 104.282346097000072, 0.772215843000026 ], [ 104.284184666000044, 0.773064273000045 ] ] ], [ [ [ 104.279823596000085, 0.82172889900005 ], [ 104.281175579000035, 0.815376750000041 ], [ 104.277822173000061, 0.816244051000069 ], [ 104.279823596000085, 0.82172889900005 ] ] ], [ [ [ 104.290731909000044, 0.819525755000029 ], [ 104.300342556000032, 0.818382494000048 ], [ 104.291083081000068, 0.818852977000063 ], [ 104.290731909000044, 0.819525755000029 ] ] ] ] } },
{ "type": "Feature", "properties": { "kemendagri_kab_code": 2172, "kemendagri_kab_name": "Kota Tanjung Pinang", "kemendagri_prov_code": 21, "kemendagri_prov_name": "Kepulauan Riau" }, "geometry": { "type": "MultiPolygon", "coordinates": [ [ [ [ 104.425247421000051, 0.861801577000051 ], [ 104.424691954000082, 0.857642776000034 ], [ 104.419810330000075, 0.860316502000046 ], [ 104.425247421000051, 0.861801577000051 ] ] ], [ [ [ 104.431364450000046, 0.861511306000068 ], [ 104.431117365000034, 0.861067408000054 ], [ 104.431431785000086, 0.861983448000046 ], [ 104.431364450000046, 0.861511306000068 ] ] ], [ [ [ 104.410056408000059, 0.930060239000056 ], [ 104.427003876000072, 0.927001262000033 ], [ 104.408779074000051, 0.926639201000057 ], [ 104.410056408000059, 0.930060239000056 ] ] ], [ [ [ 104.421836193000047, 0.946374053000056 ], [ 104.42215655800004, 0.945926713000063 ], [ 104.421557406000034, 0.946043231000033 ], [ 104.421836193000047, 0.946374053000056 ] ] ], [ [ [ 104.422457964000046, 0.946191807000048 ], [ 104.422518235000041, 0.946306316000062 ], [ 104.42258230300007, 0.946246957000028 ], [ 104.422457964000046, 0.946191807000048 ] ] ], [ [ [ 104.346521065000047, 0.952252123000051 ], [ 104.337943983000059, 0.95092457100003 ], [ 104.33650524400008, 0.954893523000067 ], [ 104.346521065000047, 0.952252123000051 ] ] ], [ [ [ 104.409961788000032, 0.959685186000058 ], [ 104.404258391000042, 0.954660392000051 ], [ 104.401629117000084, 0.957153454000036 ], [ 104.403861430000063, 0.960156251000058 ], [ 104.409961788000032, 0.959685186000058 ] ] ], [ [ [ 104.45532727300008, 0.859007147000057 ], [ 104.454816859000061, 0.853765537000072 ], [ 104.450797747000081, 0.854412378000063 ], [ 104.45532727300008, 0.859007147000057 ] ] ], [ [ [ 104.436536011000044, 0.869351838000057 ], [ 104.436044014000061, 0.869587114000069 ], [ 104.436336360000041, 0.869964981000066 ], [ 104.436536011000044, 0.869351838000057 ] ] ], [ [ [ 104.454688483000041, 0.887527448000071 ], [ 104.485165283000072, 0.870456922000074 ], [ 104.461913075000041, 0.858407931000045 ], [ 104.447531075000086, 0.86929480200007 ], [ 104.435490462000075, 0.870476294000071 ], [ 104.429027708000035, 0.866706767000039 ], [ 104.416742043000056, 0.87616057300005 ], [ 104.454688483000041, 0.887527448000071 ] ] ], [ [ [ 104.49979311900006, 0.989763975000074 ], [ 104.497792865000065, 0.977923728000064 ], [ 104.504523182000071, 0.972635097000023 ], [ 104.52162303700004, 0.97733211000002 ], [ 104.520186184000067, 0.957143019000057 ], [ 104.528037399000084, 0.945052257000043 ], [ 104.545513454000059, 0.941536662000033 ], [ 104.552013566000085, 0.915497837000032 ], [ 104.537688607000064, 0.896727479000049 ], [ 104.544004070000085, 0.875969404000045 ], [ 104.515283110000041, 0.853127491000066 ], [ 104.514547892000053, 0.84415161000004 ], [ 104.498455984000088, 0.838561120000065 ], [ 104.489907256000038, 0.850776415000041 ], [ 104.475367409000057, 0.850618958000041 ], [ 104.478277914000046, 0.865088767000032 ], [ 104.487919200000078, 0.868853046000027 ], [ 104.490858820000085, 0.875918535000039 ], [ 104.437465461000045, 0.911575241000037 ], [ 104.443160511000087, 0.934413800000073 ], [ 104.455337881000048, 0.924964395000075 ], [ 104.467258832000084, 0.930976913000052 ], [ 104.465785560000086, 0.92266485500005 ], [ 104.467555884000035, 0.921481421000067 ], [ 104.474142949000054, 0.929194789000064 ], [ 104.476965463000056, 0.918710936000025 ], [ 104.480137654000032, 0.932711621000067 ], [ 104.448908289000087, 0.936924389000069 ], [ 104.408975050000038, 0.963567160000025 ], [ 104.415732800000058, 0.978478614000039 ], [ 104.466183339000054, 0.983550488000049 ], [ 104.473387222000042, 0.977462222000042 ], [ 104.476426352000033, 0.989108045000023 ], [ 104.49979311900006, 0.989763975000074 ] ] ], [ [ [ 104.467465108000056, 0.92211571100006 ], [ 104.46761106200006, 0.922743362000062 ], [ 104.467993050000075, 0.922619024000028 ], [ 104.467465108000056, 0.92211571100006 ] ] ], [ [ [ 104.453603068000064, 0.933202603000041 ], [ 104.454945494000071, 0.933751280000024 ], [ 104.455546652000066, 0.932993698000075 ], [ 104.453603068000064, 0.933202603000041 ] ] ] ] } }
]
}
