{
"type": "FeatureCollection",
"name": "32",
"crs": { "type": "name", "properties": { "name": "urn:ogc:def:crs:OGC:1.3:CRS84" } },
"features": [
{ "type": "Feature", "properties": { "kemendagri_kab_code": 3201, "kemendagri_kab_name": "Kabupaten Bogor", "kemendagri_prov_code": 32, "kemendagri_prov_name": "Jawa Barat" }, "geometry": { "type": "Polygon", "coordinates": [ [ [ 106.991004550000071, -6.36327748399998 ], [ 106.997564573000034, -6.378836748999959 ], [ 107.006372603000045, -6.378026525999928 ], [ 107.008683644000087, -6.401588295999943 ], [ 107.020037045000038, -6.400468817999979 ], [ 107.023456270000054, -6.409438326999975 ], [ 107.041528, -6.40694 ], [ 107.051443, -6.394363 ], [ 107.062490370000035, -6.399079284999971 ], [ 107.051208956000039, -6.417232435999949 ], [ 107.058411421000073, -6.423073669999951 ], [ 107.05538546400004, -6.435730906999936 ], [ 107.06387733400004, -6.434244150999973 ], [ 107.119961754000087, -6.468171923999932 ], [ 107.129127649000054, -6.471764776999976 ], [ 107.132251, -6.46362 ], [ 107.173604460000035, -6.484872290999931 ], [ 107.164749302000075, -6.510863914999959 ], [ 107.178687, -6.551969998999937 ], [ 107.193107749000035, -6.57828583099996 ], [ 107.220512548000045, -6.59074893199994 ], [ 107.227155440000047, -6.60220335899993 ], [ 107.225793721000059, -6.620703748999972 ], [ 107.21360166900007, -6.626965929999926 ], [ 107.21234749100006, -6.640438470999925 ], [ 107.179682642000046, -6.646315576999939 ], [ 107.169900176000056, -6.638681579999968 ], [ 107.134595980000086, -6.670465041999933 ], [ 107.121044856000083, -6.663283014999934 ], [ 107.068519523000077, -6.665221692999978 ], [ 107.051325462000079, -6.656587871999932 ], [ 106.992482659000075, -6.667768498999976 ], [ 107.003987656000049, -6.688295024999945 ], [ 106.986537792000036, -6.72033679599997 ], [ 106.984981941000058, -6.744670819999953 ], [ 106.968168452000043, -6.754368901999953 ], [ 106.965208305000033, -6.770465440999942 ], [ 106.946998758000063, -6.760793271999944 ], [ 106.917961296000044, -6.787473734999935 ], [ 106.814377732000082, -6.768577730999937 ], [ 106.793177578000041, -6.752360180999972 ], [ 106.777567127000054, -6.754759751999927 ], [ 106.740596850000088, -6.715317241999969 ], [ 106.725243516000035, -6.718351734999942 ], [ 106.693807045000085, -6.744809425999961 ], [ 106.682967882000071, -6.746531308999977 ], [ 106.673198742000068, -6.73163909799996 ], [ 106.659094160000052, -6.731782654999961 ], [ 106.656048212000087, -6.747749780999925 ], [ 106.632578049000074, -6.754975178999928 ], [ 106.588958755000078, -6.743732166999962 ], [ 106.57645434300008, -6.717367306999961 ], [ 106.547127, -6.751976 ], [ 106.524709281000071, -6.76237699099994 ], [ 106.466348654000058, -6.75060498199997 ], [ 106.463398484000038, -6.73690339999996 ], [ 106.450711288000036, -6.726714580999953 ], [ 106.448446992000072, -6.705560875999936 ], [ 106.429479382000068, -6.682022532999952 ], [ 106.430010821000053, -6.580048113999965 ], [ 106.417086217000076, -6.562311403999956 ], [ 106.422037140000043, -6.549911084999962 ], [ 106.403790475000051, -6.516722350999942 ], [ 106.411853532000066, -6.46804502699996 ], [ 106.401214180000068, -6.455121730999963 ], [ 106.44053434500006, -6.449510773999975 ], [ 106.454560631000049, -6.427228769999942 ], [ 106.444559379000054, -6.422333677999973 ], [ 106.453929337000034, -6.413958968999964 ], [ 106.434042198000043, -6.393809561999944 ], [ 106.43799105100004, -6.387926057999948 ], [ 106.427404291000073, -6.376433777999978 ], [ 106.431945107000047, -6.366558443999963 ], [ 106.425423179000063, -6.349795975999939 ], [ 106.465821001000052, -6.304967327999975 ], [ 106.484039386000063, -6.324608653999974 ], [ 106.476269440000067, -6.350747770999931 ], [ 106.519325716000083, -6.354865034999932 ], [ 106.531883480000033, -6.339636740999936 ], [ 106.513298255000052, -6.325706414999956 ], [ 106.526839550000034, -6.324617167999975 ], [ 106.557955524000079, -6.340609667999956 ], [ 106.577294355000049, -6.338565284999959 ], [ 106.593864616000076, -6.36272452299994 ], [ 106.718813, -6.358748 ], [ 106.737851, -6.438313 ], [ 106.787552422000033, -6.439039071999957 ], [ 106.795146769000041, -6.441644848999942 ], [ 106.794316433000063, -6.451135853999972 ], [ 106.823252, -6.444389998999952 ], [ 106.824155660000088, -6.461867180999946 ], [ 106.850218150000046, -6.435976787999948 ], [ 106.855446365000034, -6.45555257999996 ], [ 106.882127962000084, -6.456558565999956 ], [ 106.891895785000088, -6.427329239999949 ], [ 106.905350173000045, -6.412661956999955 ], [ 106.914674147000085, -6.414962031999949 ], [ 106.921818660000042, -6.388869517999979 ], [ 106.945519680000075, -6.368461839999952 ], [ 106.950246081000046, -6.344180526999935 ], [ 106.961841479000043, -6.335861650999959 ], [ 106.966685193000046, -6.303068376999931 ], [ 106.98094870400007, -6.315054895999936 ], [ 106.975763726000082, -6.341004791999978 ], [ 106.966188, -6.34242 ], [ 106.981809473000055, -6.357752752999943 ], [ 106.979769399000077, -6.36412568999998 ], [ 106.991004550000071, -6.36327748399998 ] ], [ [ 106.788993, -6.515797 ], [ 106.765091159000065, -6.515495263999981 ], [ 106.762777859000039, -6.549461788999963 ], [ 106.739900547000047, -6.542337413999974 ], [ 106.735484197000062, -6.565328084999976 ], [ 106.74125136400005, -6.575494047999939 ], [ 106.749442039000087, -6.572296300999938 ], [ 106.762897, -6.583116 ], [ 106.790482230000066, -6.627551465999943 ], [ 106.771599907000052, -6.653705539999976 ], [ 106.784761976000084, -6.660374096999931 ], [ 106.795155692000037, -6.643700639999963 ], [ 106.8058, -6.652168 ], [ 106.809972, -6.646176 ], [ 106.819062009000049, -6.671999500999959 ], [ 106.831087, -6.681089 ], [ 106.843907379000086, -6.678644669999926 ], [ 106.848483120000083, -6.647568029999945 ], [ 106.831946337000034, -6.613600270999939 ], [ 106.837944459000084, -6.579862420999973 ], [ 106.82928882300007, -6.550353099999938 ], [ 106.818865, -6.538141 ], [ 106.80972558600007, -6.546476035999945 ], [ 106.802995415000055, -6.538221800999963 ], [ 106.796278, -6.550889 ], [ 106.78873320100007, -6.539739634999933 ], [ 106.788993, -6.515797 ] ] ] } },
{ "type": "Feature", "properties": { "kemendagri_kab_code": 3202, "kemendagri_kab_name": "Kabupaten Sukabumi", "kemendagri_prov_code": 32, "kemendagri_prov_name": "Jawa Barat" }, "geometry": { "type": "MultiPolygon", "coordinates": [ [ [ [ 106.379801364000059, -7.248732728999926 ], [ 106.379677694000065, -7.248756842999967 ], [ 106.379685980000033, -7.248653373999957 ], [ 106.379801364000059, -7.248732728999926 ] ] ], [ [ [ 106.378692682000064, -7.247306141999957 ], [ 106.378979826000034, -7.247311085999968 ], [ 106.378983368000036, -7.247467675999928 ], [ 106.378793583000061, -7.24755795699997 ], [ 106.378692682000064, -7.247306141999957 ] ] ], [ [ [ 106.37749378500007, -7.246774180999978 ], [ 106.377239279000037, -7.246810512999957 ], [ 106.377405630000055, -7.246711029999972 ], [ 106.37749378500007, -7.246774180999978 ] ] ], [ [ [ 106.377041345000066, -7.245994464999967 ], [ 106.377455874000077, -7.246423458999971 ], [ 106.377005630000042, -7.246442379999962 ], [ 106.377041345000066, -7.245994464999967 ] ] ], [ [ [ 106.390366076000078, -7.228093957999931 ], [ 106.390041902000064, -7.228239980999945 ], [ 106.390227630000084, -7.228003058999946 ], [ 106.390366076000078, -7.228093957999931 ] ] ], [ [ [ 106.388602865000053, -7.218718851999938 ], [ 106.388572263000071, -7.219100823999952 ], [ 106.388377024000079, -7.218963392999967 ], [ 106.388602865000053, -7.218718851999938 ] ] ], [ [ [ 106.380969965000077, -7.209125927999935 ], [ 106.38134116100008, -7.20850250899997 ], [ 106.381767084000046, -7.208600066999963 ], [ 106.380969965000077, -7.209125927999935 ] ] ], [ [ [ 106.417763570000034, -7.186584103999962 ], [ 106.417588680000051, -7.186212907999959 ], [ 106.417881354000087, -7.186584103999962 ], [ 106.417763570000034, -7.186584103999962 ] ] ], [ [ [ 106.43446024800005, -7.184481849999941 ], [ 106.434495940000033, -7.184057115999963 ], [ 106.434581601000048, -7.184506834999979 ], [ 106.43446024800005, -7.184481849999941 ] ] ], [ [ [ 106.442875212000047, -7.184312907999981 ], [ 106.442232758000046, -7.184127309999951 ], [ 106.44213282000004, -7.183763252999938 ], [ 106.442875212000047, -7.184312907999981 ] ] ], [ [ [ 106.446392683000056, -7.181089652999958 ], [ 106.447417930000086, -7.181828676999942 ], [ 106.447448260000044, -7.182086510999966 ], [ 106.446392683000056, -7.181089652999958 ] ] ], [ [ [ 106.448129967000057, -7.153253463999931 ], [ 106.448657497000056, -7.153326800999935 ], [ 106.448749485000064, -7.153616509999949 ], [ 106.448129967000057, -7.153253463999931 ] ] ], [ [ [ 106.456924920000063, -6.95706606899995 ], [ 106.456852772000047, -6.957249230999935 ], [ 106.456663897000055, -6.95722419699996 ], [ 106.456924920000063, -6.95706606899995 ] ] ], [ [ [ 106.580853471000069, -7.413613477999945 ], [ 106.581517673000064, -7.415079883999965 ], [ 106.581060688000036, -7.415727128999947 ], [ 106.580853471000069, -7.413613477999945 ] ] ], [ [ [ 106.588217341000075, -7.413430567999967 ], [ 106.588120565000054, -7.413423493999971 ], [ 106.58818670800008, -7.413379039999938 ], [ 106.588217341000075, -7.413430567999967 ] ] ], [ [ [ 106.581120379000083, -7.412638576999939 ], [ 106.581235977000063, -7.413646256999925 ], [ 106.580584918000056, -7.413136934999955 ], [ 106.581120379000083, -7.412638576999939 ] ] ], [ [ [ 106.493464177000078, -7.380508394999936 ], [ 106.493540015000065, -7.380854820999957 ], [ 106.493371341000056, -7.380805348999957 ], [ 106.493464177000078, -7.380508394999936 ] ] ], [ [ [ 106.490072510000061, -7.378076832999966 ], [ 106.489901005000036, -7.378058961999955 ], [ 106.489998317000072, -7.37798337299995 ], [ 106.490072510000061, -7.378076832999966 ] ] ], [ [ [ 106.489046022000082, -7.376570099999981 ], [ 106.48894690700007, -7.376835084999925 ], [ 106.489004624000074, -7.376557979999973 ], [ 106.489046022000082, -7.376570099999981 ] ] ], [ [ [ 106.487888688000055, -7.376262120999968 ], [ 106.487966949000054, -7.376729968999939 ], [ 106.487706593000041, -7.376364831999979 ], [ 106.487888688000055, -7.376262120999968 ] ] ], [ [ [ 106.480174095000052, -7.373925306999979 ], [ 106.480054201000087, -7.373992781999959 ], [ 106.480068623000079, -7.373905971999932 ], [ 106.480174095000052, -7.373925306999979 ] ] ], [ [ [ 106.477978391000079, -7.373245161999932 ], [ 106.477739058000054, -7.373357564999935 ], [ 106.477903086000083, -7.373139 ], [ 106.477978391000079, -7.373245161999932 ] ] ], [ [ [ 106.477145987000085, -7.372955450999939 ], [ 106.477297974000066, -7.373113854999929 ], [ 106.477235603000054, -7.373227272999941 ], [ 106.477145987000085, -7.372955450999939 ] ] ], [ [ [ 106.732638909000059, -6.715684334999935 ], [ 106.777567127000054, -6.754759751999927 ], [ 106.793177578000041, -6.752360180999972 ], [ 106.814377732000082, -6.768577730999937 ], [ 106.831305528000087, -6.766972221999936 ], [ 106.899864380000054, -6.788224266999975 ], [ 106.920494242000075, -6.786666423999975 ], [ 106.935638598000082, -6.767532394999932 ], [ 106.958992159000047, -6.761791292999931 ], [ 106.992909904000044, -6.79901038099996 ], [ 106.995953649000057, -6.834403800999951 ], [ 107.031474824000043, -6.871351358999959 ], [ 107.031818704000045, -6.897064547999946 ], [ 107.048401556000044, -6.910566127999971 ], [ 107.048580341000047, -6.942241443999933 ], [ 107.063976755000056, -6.961539279999954 ], [ 107.041699146000042, -6.962791057999937 ], [ 107.032312070000046, -6.981157021999934 ], [ 107.057094433000088, -7.016154928999981 ], [ 107.056055665000088, -7.031340711999974 ], [ 107.048076810000055, -7.030754725999941 ], [ 107.039408908000041, -7.045874136999942 ], [ 107.011365684000054, -7.030057073999956 ], [ 106.99586333600007, -7.031803755999931 ], [ 106.984528941000065, -7.014403892999951 ], [ 106.974875138000073, -7.01671400999993 ], [ 106.958364129000074, -7.033273985999926 ], [ 106.953977960000088, -7.06829672899994 ], [ 106.943575923000083, -7.07484140899993 ], [ 106.948275768000087, -7.08597543299993 ], [ 106.936625081000045, -7.109111369999937 ], [ 106.942359532000069, -7.132854625999926 ], [ 106.965908973000069, -7.144947100999957 ], [ 106.967430332000049, -7.155955948999974 ], [ 106.95785182700007, -7.164548025999977 ], [ 106.974816107000038, -7.185738941999944 ], [ 106.967895875000067, -7.195912947999943 ], [ 106.982637869000087, -7.222401041999944 ], [ 106.979957940000077, -7.24119006799998 ], [ 106.966973885000073, -7.245513944999971 ], [ 106.960317871000086, -7.260270022999975 ], [ 106.975995134000073, -7.284710925999946 ], [ 106.967168972000081, -7.312170025999933 ], [ 106.95374501200007, -7.321150897999928 ], [ 106.940593117000049, -7.317818012999965 ], [ 106.934109083000067, -7.33412801299994 ], [ 106.915077005000057, -7.32298101799995 ], [ 106.909399145000066, -7.349296040999945 ], [ 106.895278083000051, -7.341427026999952 ], [ 106.876838202000044, -7.353529078999941 ], [ 106.875366106000058, -7.363960052999971 ], [ 106.868642082000065, -7.355588979999936 ], [ 106.85565686700005, -7.362025967999955 ], [ 106.858555889000058, -7.354220087999977 ], [ 106.823135174000072, -7.362458051999965 ], [ 106.795123957000044, -7.396819970999957 ], [ 106.777145138000037, -7.401954971999942 ], [ 106.780847066000035, -7.415602085999978 ], [ 106.789830103000043, -7.409734036999964 ], [ 106.794285063000075, -7.426977056999931 ], [ 106.792558280000037, -7.437249708999957 ], [ 106.597827256000073, -7.412952092999944 ], [ 106.581265617000042, -7.41236880799994 ], [ 106.575059622000083, -7.418054721999965 ], [ 106.560044863000087, -7.417034394999973 ], [ 106.52373958700008, -7.407855658999949 ], [ 106.490725796000049, -7.376272373999939 ], [ 106.442922921000047, -7.360612810999953 ], [ 106.414087363000078, -7.36291554099995 ], [ 106.405354035000073, -7.38250024599995 ], [ 106.398106853000058, -7.332647018999978 ], [ 106.372638712000082, -7.308028376999971 ], [ 106.378335463000042, -7.295255015999942 ], [ 106.370272576000048, -7.279553259999943 ], [ 106.384963496000069, -7.267916391999961 ], [ 106.378351032000069, -7.241735177999942 ], [ 106.373221889000035, -7.236901032999981 ], [ 106.375954368000066, -7.236485339999945 ], [ 106.376266416000078, -7.237641158999963 ], [ 106.377623922000055, -7.237458395999965 ], [ 106.378706689000069, -7.239092082999946 ], [ 106.380081134000079, -7.239827822999928 ], [ 106.380934540000055, -7.239837946999955 ], [ 106.39136472000007, -7.228583477999962 ], [ 106.389011947000085, -7.217921855999975 ], [ 106.386642709000057, -7.21651038899995 ], [ 106.398372787000085, -7.207831944999953 ], [ 106.400924749000069, -7.18639217499998 ], [ 106.424813044000075, -7.190536152999925 ], [ 106.436623030000078, -7.184502686999963 ], [ 106.443683727000064, -7.191747235999969 ], [ 106.462214564000078, -7.181070603999956 ], [ 106.466219587000069, -7.172320391999961 ], [ 106.449185691000082, -7.153217857999948 ], [ 106.457169954000051, -7.129242202999933 ], [ 106.46735749700008, -7.127734368999938 ], [ 106.484247938000067, -7.104004811999971 ], [ 106.505982005000078, -7.096142375999932 ], [ 106.54530873200008, -7.054654195999944 ], [ 106.54524654800008, -7.027374706999979 ], [ 106.539940834000049, -7.026413942999966 ], [ 106.533226131000049, -7.021741859999963 ], [ 106.543164311000055, -7.025543502999938 ], [ 106.534471674000088, -7.019921112999953 ], [ 106.53770802400004, -7.02172539999998 ], [ 106.540754983000056, -7.020807909999974 ], [ 106.544113201000073, -6.987862216999929 ], [ 106.513606425000035, -6.966134276999981 ], [ 106.444628117000036, -6.952085446999945 ], [ 106.416662365000036, -6.963144712999963 ], [ 106.413487896000049, -6.975945018999937 ], [ 106.393608887000084, -6.973669566999945 ], [ 106.390707651000071, -6.933714682999948 ], [ 106.400299245000042, -6.924049525999976 ], [ 106.392898544000047, -6.900634793999927 ], [ 106.431079992000036, -6.862095580999949 ], [ 106.436089924000044, -6.819777742999975 ], [ 106.447384929000066, -6.818386953999948 ], [ 106.457240771000045, -6.803730993999977 ], [ 106.497649476000049, -6.791170723999926 ], [ 106.525589333000084, -6.768530602999931 ], [ 106.525703674000056, -6.758563882999965 ], [ 106.547127, -6.751976 ], [ 106.575542, -6.71754 ], [ 106.588958755000078, -6.743732166999962 ], [ 106.631743928000049, -6.754998291999925 ], [ 106.656048212000087, -6.747749780999925 ], [ 106.659415172000081, -6.731672513999968 ], [ 106.673198742000068, -6.73163909799996 ], [ 106.682967882000071, -6.746531308999977 ], [ 106.694279685000083, -6.744681193999952 ], [ 106.732638909000059, -6.715684334999935 ] ], [ [ 106.914591, -6.89260894399996 ], [ 106.90099, -6.913942 ], [ 106.900634, -6.933246 ], [ 106.911524025000062, -6.952324733999944 ], [ 106.873792664000064, -6.963114775999941 ], [ 106.874842555000043, -6.976121515999978 ], [ 106.888745601000039, -6.969342431999962 ], [ 106.897304138000038, -6.978071385999954 ], [ 106.911830616000088, -6.978195512999946 ], [ 106.931261758000062, -6.965348060999929 ], [ 106.946500614000058, -6.968960498999934 ], [ 106.95566849800008, -6.958359136999945 ], [ 106.954437, -6.904015 ], [ 106.918065398000067, -6.902888718999975 ], [ 106.914591, -6.89260894399996 ] ] ], [ [ [ 106.525561683000035, -7.07275859799995 ], [ 106.524829363000038, -7.073032009999963 ], [ 106.525372323000056, -7.07240275099997 ], [ 106.525561683000035, -7.07275859799995 ] ] ] ] } },
{ "type": "Feature", "properties": { "kemendagri_kab_code": 3203, "kemendagri_kab_name": "Kabupaten Cianjur", "kemendagri_prov_code": 32, "kemendagri_prov_name": "Jawa Barat" }, "geometry": { "type": "Polygon", "coordinates": [ [ [ 107.302148970000076, -6.728436952999971 ], [ 107.290352896000059, -6.736672971999951 ], [ 107.284425873000089, -6.774384959999963 ], [ 107.291239957000073, -6.788398989999962 ], [ 107.314156069000035, -6.800709911999945 ], [ 107.324282131000075, -6.851801995999949 ], [ 107.338000976000046, -6.857628996999949 ], [ 107.343495051000048, -6.848949260999973 ], [ 107.349327004000088, -6.865817040999957 ], [ 107.341136092000056, -6.885737929999948 ], [ 107.323242481000079, -6.887883509999938 ], [ 107.283213720000049, -6.92330273999994 ], [ 107.250899760000038, -6.92852462999997 ], [ 107.19022902100005, -6.968105892999972 ], [ 107.184567916000049, -6.996020366999971 ], [ 107.195629, -7.021112023999933 ], [ 107.181935683000063, -7.058126868999977 ], [ 107.223352446000035, -7.058302900999934 ], [ 107.224445576000051, -7.049142734999975 ], [ 107.252173203000041, -7.048257520999925 ], [ 107.285574476000079, -7.085195712999962 ], [ 107.304442265000034, -7.085604720999982 ], [ 107.318181835000075, -7.103289169999925 ], [ 107.304163532000075, -7.164710678999938 ], [ 107.275865130000057, -7.180628040999977 ], [ 107.272233542000038, -7.169290219999937 ], [ 107.251447951000046, -7.201308186999938 ], [ 107.282160082000075, -7.206340154999964 ], [ 107.289005040000063, -7.214006969999957 ], [ 107.306412326000043, -7.204061262999971 ], [ 107.306041822000054, -7.193667246999951 ], [ 107.318402400000082, -7.190363003999948 ], [ 107.331148511000038, -7.207259119999947 ], [ 107.342980106000084, -7.204374634999965 ], [ 107.355667392000043, -7.217544117999978 ], [ 107.353322114000036, -7.235513427999933 ], [ 107.378469954000082, -7.239575767999952 ], [ 107.383576283000082, -7.251374852999959 ], [ 107.395276111000044, -7.244897223999942 ], [ 107.422577196000077, -7.256977918999951 ], [ 107.437978104000081, -7.251941778999935 ], [ 107.442157514000087, -7.242557233999946 ], [ 107.477712814000085, -7.255222112999945 ], [ 107.454944245000036, -7.292119796999941 ], [ 107.484564086000034, -7.35690714499998 ], [ 107.473816056000032, -7.401505010999927 ], [ 107.431880017000083, -7.423579995999944 ], [ 107.420308962000036, -7.46207293599997 ], [ 107.42606498400005, -7.502847078999935 ], [ 107.406733573000054, -7.502221447999943 ], [ 107.399274794000064, -7.493687349999959 ], [ 107.351963907000084, -7.499639550999973 ], [ 107.239675542000043, -7.488076026999977 ], [ 107.079672041000038, -7.452341108999974 ], [ 106.874119820000033, -7.434419134999928 ], [ 106.79379539100006, -7.436830073999943 ], [ 106.789830103000043, -7.409734036999964 ], [ 106.780847066000035, -7.415602085999978 ], [ 106.777145138000037, -7.401954971999942 ], [ 106.795123957000044, -7.396819970999957 ], [ 106.823135174000072, -7.362458051999965 ], [ 106.858555889000058, -7.354220087999977 ], [ 106.85565686700005, -7.362025967999955 ], [ 106.868642082000065, -7.355588979999936 ], [ 106.875366106000058, -7.363960052999971 ], [ 106.876838202000044, -7.353529078999941 ], [ 106.895278083000051, -7.341427026999952 ], [ 106.909399145000066, -7.349296040999945 ], [ 106.915077005000057, -7.32298101799995 ], [ 106.934109083000067, -7.33412801299994 ], [ 106.940593117000049, -7.317818012999965 ], [ 106.95374501200007, -7.321150897999928 ], [ 106.967168972000081, -7.312170025999933 ], [ 106.975995134000073, -7.284710925999946 ], [ 106.960317871000086, -7.260270022999975 ], [ 106.966973885000073, -7.245513944999971 ], [ 106.979957940000077, -7.24119006799998 ], [ 106.982637869000087, -7.222401041999944 ], [ 106.967895875000067, -7.195912947999943 ], [ 106.974816107000038, -7.185738941999944 ], [ 106.95785182700007, -7.164548025999977 ], [ 106.967430332000049, -7.155955948999974 ], [ 106.965908973000069, -7.144947100999957 ], [ 106.942359532000069, -7.132854625999926 ], [ 106.936404688000039, -7.117076762999943 ], [ 106.958738925000034, -7.032575933999965 ], [ 106.98240204800004, -7.013717020999934 ], [ 106.99586333600007, -7.031803755999931 ], [ 107.011365684000054, -7.030057073999956 ], [ 107.039408908000041, -7.045874136999942 ], [ 107.059407615000055, -7.023187553999946 ], [ 107.032543931000077, -6.983733043999962 ], [ 107.041699146000042, -6.962791057999937 ], [ 107.063976755000056, -6.961539279999954 ], [ 107.048580341000047, -6.942241443999933 ], [ 107.048401556000044, -6.910566127999971 ], [ 107.031818704000045, -6.897064547999946 ], [ 107.031474824000043, -6.871351358999959 ], [ 106.995953649000057, -6.834403800999951 ], [ 106.992909904000044, -6.79901038099996 ], [ 106.964517628000067, -6.76789428099994 ], [ 106.968168452000043, -6.754368901999953 ], [ 106.984981941000058, -6.744670819999953 ], [ 106.986537792000036, -6.72033679599997 ], [ 107.003936411000041, -6.688503240999978 ], [ 106.992391330000032, -6.667847166999934 ], [ 107.051325462000079, -6.656587871999932 ], [ 107.068519523000077, -6.665221692999978 ], [ 107.121044856000083, -6.663283014999934 ], [ 107.134595980000086, -6.670465041999933 ], [ 107.169900176000056, -6.638681579999968 ], [ 107.179682642000046, -6.646315576999939 ], [ 107.21234749100006, -6.640438470999925 ], [ 107.21360166900007, -6.626965929999926 ], [ 107.225793721000059, -6.620703748999972 ], [ 107.227155440000047, -6.60220335899993 ], [ 107.26838820100005, -6.644619628999976 ], [ 107.251442816000065, -6.693943068999943 ], [ 107.271444098000075, -6.707375581999941 ], [ 107.289159826000059, -6.708657992999974 ], [ 107.302148970000076, -6.728436952999971 ] ] ] } },
{ "type": "Feature", "properties": { "kemendagri_kab_code": 3204, "kemendagri_kab_name": "Kabupaten Bandung", "kemendagri_prov_code": 32, "kemendagri_prov_name": "Jawa Barat" }, "geometry": { "type": "Polygon", "coordinates": [ [ [ 107.914663439000037, -6.952776916999937 ], [ 107.916247465000083, -6.968247351999935 ], [ 107.88941202400008, -6.982501045999925 ], [ 107.906422942000063, -6.990224209999951 ], [ 107.910073848000081, -7.035920959999942 ], [ 107.934630319000064, -7.035152005999976 ], [ 107.938432276000071, -7.043779273999974 ], [ 107.923740698000074, -7.053364587999965 ], [ 107.891959646000089, -7.050547771999959 ], [ 107.849292499000057, -7.059013059999927 ], [ 107.834792175000075, -7.069370570999979 ], [ 107.833842814000036, -7.089929580999978 ], [ 107.811121509000088, -7.098010321999936 ], [ 107.807240965000062, -7.142879904999972 ], [ 107.788315558000079, -7.161517241999945 ], [ 107.764745954000034, -7.15567780899994 ], [ 107.736687875000086, -7.17342307399997 ], [ 107.721148076000077, -7.198374414999932 ], [ 107.725318200000061, -7.211865640999974 ], [ 107.707112772000073, -7.227445907999936 ], [ 107.706207228000039, -7.237907435999944 ], [ 107.710961324000039, -7.249057465999954 ], [ 107.737715733000073, -7.264161199999933 ], [ 107.736824854000076, -7.275661699999944 ], [ 107.722283081000057, -7.289491921999968 ], [ 107.730979693000052, -7.294490872999972 ], [ 107.726535901000034, -7.297910405999971 ], [ 107.70865774300006, -7.295987102999959 ], [ 107.696498338000083, -7.282311795999931 ], [ 107.667602639000052, -7.301150072999974 ], [ 107.657666719000076, -7.289773521999962 ], [ 107.607794596000076, -7.309305695999967 ], [ 107.59922763700007, -7.282952286999944 ], [ 107.582155163000039, -7.276700884999968 ], [ 107.554997619000062, -7.250606264999931 ], [ 107.546253784000044, -7.257486124999957 ], [ 107.533931421000034, -7.247992020999959 ], [ 107.520410540000057, -7.256946407999976 ], [ 107.502902733000042, -7.249723648999975 ], [ 107.492615931000046, -7.258699007999951 ], [ 107.442157514000087, -7.242557233999946 ], [ 107.437978104000081, -7.251941778999935 ], [ 107.422577196000077, -7.256977918999951 ], [ 107.395276111000044, -7.244897223999942 ], [ 107.383810119000088, -7.251447269999971 ], [ 107.378469954000082, -7.239575767999952 ], [ 107.353322114000036, -7.235513427999933 ], [ 107.355667392000043, -7.217544117999978 ], [ 107.342980106000084, -7.204374634999965 ], [ 107.331148511000038, -7.207259119999947 ], [ 107.318402400000082, -7.190363003999948 ], [ 107.306041822000054, -7.193667246999951 ], [ 107.306412326000043, -7.204061262999971 ], [ 107.289005040000063, -7.214006969999957 ], [ 107.282160082000075, -7.206340154999964 ], [ 107.251447951000046, -7.201308186999938 ], [ 107.272233542000038, -7.169290219999937 ], [ 107.275865130000057, -7.180628040999977 ], [ 107.301562704000048, -7.168215804999932 ], [ 107.310284796000076, -7.124308857999949 ], [ 107.330593286000067, -7.098224036999966 ], [ 107.354705662000072, -7.098239201999945 ], [ 107.358981920000076, -7.090256085999954 ], [ 107.370745598000042, -7.103523233999965 ], [ 107.376194, -7.092213 ], [ 107.390969, -7.099603 ], [ 107.396234, -7.092181998999934 ], [ 107.408947609000052, -7.096888974999956 ], [ 107.422140001000059, -7.07516 ], [ 107.419415, -7.056717 ], [ 107.437651, -7.046044 ], [ 107.477738685000077, -7.057180555999935 ], [ 107.481654534000086, -7.02253675399993 ], [ 107.469366075000039, -6.998464756999965 ], [ 107.486480001000075, -6.999969998999973 ], [ 107.487731454000084, -6.97972634599995 ], [ 107.5049, -6.981793 ], [ 107.530918438000072, -6.942012960999932 ], [ 107.522326220000082, -6.935580020999964 ], [ 107.527642984000067, -6.916880676999938 ], [ 107.543905254000038, -6.919383772999936 ], [ 107.561080721000053, -6.949035761999937 ], [ 107.583770368000046, -6.961938686999929 ], [ 107.694284434000053, -6.969499126999949 ], [ 107.71609314300008, -6.961348508999947 ], [ 107.713028762000079, -6.947474067999963 ], [ 107.738144456000043, -6.89958480699994 ], [ 107.726037758000075, -6.895092383999952 ], [ 107.714946002000033, -6.90401991899995 ], [ 107.714523028000087, -6.890163027999961 ], [ 107.707674286000042, -6.889801440999975 ], [ 107.699950557000079, -6.908294135999938 ], [ 107.680875290000074, -6.889558179999938 ], [ 107.668796823000037, -6.892082112999958 ], [ 107.670125612000049, -6.883989687999929 ], [ 107.654335509000077, -6.894793629999981 ], [ 107.632407344000057, -6.889400171999966 ], [ 107.624852, -6.858423 ], [ 107.660663, -6.832137 ], [ 107.68999393200005, -6.82924114399998 ], [ 107.689251, -6.835442 ], [ 107.7034, -6.84026 ], [ 107.727208, -6.832668 ], [ 107.750000082000042, -6.812844997999946 ], [ 107.740986915000065, -6.85486586299993 ], [ 107.758846819000041, -6.89919158899994 ], [ 107.753576726000063, -6.955671724999945 ], [ 107.781360324000048, -6.955125305999957 ], [ 107.828546219000089, -6.971636778999937 ], [ 107.831037656000035, -6.964224832999946 ], [ 107.844739323000056, -6.969562862999965 ], [ 107.889926775000049, -6.963863734999961 ], [ 107.899984954000047, -6.953100594999967 ], [ 107.914663439000037, -6.952776916999937 ] ] ] } },
{ "type": "Feature", "properties": { "kemendagri_kab_code": 3205, "kemendagri_kab_name": "Kabupaten Garut", "kemendagri_prov_code": 32, "kemendagri_prov_name": "Jawa Barat" }, "geometry": { "type": "MultiPolygon", "coordinates": [ [ [ [ 107.899391518000073, -7.740605405999929 ], [ 107.899061932000052, -7.740278424999929 ], [ 107.89925895600004, -7.740236663999951 ], [ 107.899391518000073, -7.740605405999929 ] ] ], [ [ [ 107.919230076000076, -7.740006148999953 ], [ 107.919019493000064, -7.74026669999995 ], [ 107.918891002000066, -7.740234576999967 ], [ 107.919230076000076, -7.740006148999953 ] ] ], [ [ [ 107.906867189000081, -7.738622016999955 ], [ 107.906263996000064, -7.73886472199996 ], [ 107.906196181000041, -7.738743368999963 ], [ 107.906867189000081, -7.738622016999955 ] ] ], [ [ [ 107.850803287000076, -7.735503046999952 ], [ 107.849726398000087, -7.736580003999961 ], [ 107.849656903000039, -7.735728846999962 ], [ 107.850803287000076, -7.735503046999952 ] ] ], [ [ [ 107.919294750000063, -6.947306781999941 ], [ 107.931422929000064, -6.955915670999957 ], [ 107.966550672000039, -6.958736399999964 ], [ 107.990688870000042, -6.981968524999957 ], [ 108.023082856000087, -6.981772622999927 ], [ 108.042116078000049, -6.996352560999981 ], [ 108.082116251000059, -6.987134568999977 ], [ 108.100058466000064, -7.019531640999958 ], [ 108.126226863000056, -7.03719939299998 ], [ 108.136350840000034, -7.060369962999971 ], [ 108.117986276000067, -7.078060407999942 ], [ 108.126002279000033, -7.10214988599995 ], [ 108.122505717000081, -7.114765337999927 ], [ 108.113357231000066, -7.102631326999926 ], [ 108.099380973000052, -7.10288225499994 ], [ 108.067974475000085, -7.130209143999934 ], [ 108.087699502000078, -7.162674847999938 ], [ 108.078628406000064, -7.17089244999994 ], [ 108.063441995000062, -7.22017778999998 ], [ 107.989540883000075, -7.245200392999948 ], [ 107.973558628000035, -7.270319989999962 ], [ 107.922471504000043, -7.289005558999975 ], [ 107.931497700000079, -7.30301408899993 ], [ 107.928537491000043, -7.312703437999971 ], [ 107.940271012000039, -7.316213609999977 ], [ 107.947053033000088, -7.330861818999949 ], [ 107.937903432000041, -7.330998830999931 ], [ 107.929111813000077, -7.349793682999973 ], [ 107.904539855000053, -7.362680602999944 ], [ 107.940942152000048, -7.393387250999979 ], [ 107.940391799000054, -7.407561069999929 ], [ 107.951478269000063, -7.421802276999927 ], [ 107.945315346000086, -7.438325885999973 ], [ 107.953370396000082, -7.460348520999958 ], [ 107.943272539000077, -7.503937048999944 ], [ 107.946868094000081, -7.540439069999934 ], [ 107.935161196000081, -7.557318532999943 ], [ 107.94034116000006, -7.580982424999945 ], [ 107.916945995000049, -7.597521904999951 ], [ 107.925174201000061, -7.618016692999959 ], [ 107.923250550000034, -7.652110206999964 ], [ 107.930264887000078, -7.65742985299994 ], [ 107.923311033000061, -7.665380450999976 ], [ 107.931142625000064, -7.682578589999935 ], [ 107.92708, -7.700429271999951 ], [ 107.906946218000087, -7.736982315999967 ], [ 107.87468726700007, -7.740241565999952 ], [ 107.850346872000046, -7.734429201999944 ], [ 107.843321514000081, -7.735273910999979 ], [ 107.831505063000066, -7.70255771199993 ], [ 107.789899357000081, -7.681065708999938 ], [ 107.718465895000065, -7.666297869999937 ], [ 107.690392476000056, -7.668223891999958 ], [ 107.675224232000062, -7.62836185499998 ], [ 107.625671361000059, -7.598389611999949 ], [ 107.600679556000046, -7.571089240999981 ], [ 107.499947723000048, -7.535180194999953 ], [ 107.483207004000064, -7.538917844999958 ], [ 107.473848026000042, -7.518519805999972 ], [ 107.423319212000081, -7.505204815999946 ], [ 107.420281938000073, -7.462552037999956 ], [ 107.43383982000006, -7.420406001999936 ], [ 107.47435104300007, -7.400408098999947 ], [ 107.484798726000065, -7.352523899999937 ], [ 107.465884579000033, -7.32697432599997 ], [ 107.454944245000036, -7.292119796999941 ], [ 107.480637129000058, -7.251571331999969 ], [ 107.492615931000046, -7.258699007999951 ], [ 107.502902733000042, -7.249723648999975 ], [ 107.520410540000057, -7.256946407999976 ], [ 107.533774376000054, -7.247984882999958 ], [ 107.546062910000046, -7.257467083999927 ], [ 107.557397236000043, -7.251450696999939 ], [ 107.582155163000039, -7.276700884999968 ], [ 107.59922763700007, -7.282952286999944 ], [ 107.607794596000076, -7.309305695999967 ], [ 107.657666719000076, -7.289773521999962 ], [ 107.667602639000052, -7.301150072999974 ], [ 107.696243886000047, -7.282338143999937 ], [ 107.715526627000088, -7.299189948999981 ], [ 107.73096184700006, -7.294651485999964 ], [ 107.722283081000057, -7.289491921999968 ], [ 107.736824854000076, -7.275661699999944 ], [ 107.737691938000069, -7.264104091999968 ], [ 107.710961324000039, -7.249057465999954 ], [ 107.706207228000039, -7.237907435999944 ], [ 107.707112772000073, -7.227445907999936 ], [ 107.725318200000061, -7.211865640999974 ], [ 107.721148076000077, -7.198374414999932 ], [ 107.736687875000086, -7.17342307399997 ], [ 107.764745954000034, -7.15567780899994 ], [ 107.788315558000079, -7.161517241999945 ], [ 107.807240965000062, -7.142879904999972 ], [ 107.811121509000088, -7.098010321999936 ], [ 107.833842814000036, -7.089929580999978 ], [ 107.834792175000075, -7.069370570999979 ], [ 107.849292499000057, -7.059013059999927 ], [ 107.891959646000089, -7.050547771999959 ], [ 107.923740698000074, -7.053364587999965 ], [ 107.938432276000071, -7.043779273999974 ], [ 107.934630319000064, -7.035152005999976 ], [ 107.910073848000081, -7.035920959999942 ], [ 107.906422942000063, -6.990224209999951 ], [ 107.88941202400008, -6.982501045999925 ], [ 107.916247465000083, -6.968247351999935 ], [ 107.919294750000063, -6.947306781999941 ] ] ] ] } },
{ "type": "Feature", "properties": { "kemendagri_kab_code": 3206, "kemendagri_kab_name": "Kabupaten Tasikmalaya", "kemendagri_prov_code": 32, "kemendagri_prov_name": "Jawa Barat" }, "geometry": { "type": "MultiPolygon", "coordinates": [ [ [ [ 108.322808814000041, -7.819621219999931 ], [ 108.323178665000057, -7.820226740999942 ], [ 108.321954432000041, -7.820458738999946 ], [ 108.322808814000041, -7.819621219999931 ] ] ], [ [ [ 108.322300799000061, -7.818946642999947 ], [ 108.322611318000043, -7.819378514999926 ], [ 108.321614324000052, -7.819677136999928 ], [ 108.322300799000061, -7.818946642999947 ] ] ], [ [ [ 108.32187321400005, -7.818681994999963 ], [ 108.322215856000071, -7.81877193899993 ], [ 108.321824673000037, -7.818881869999927 ], [ 108.32187321400005, -7.818681994999963 ] ] ], [ [ [ 108.297982019000074, -7.816782177999926 ], [ 108.298722853000072, -7.816746092999949 ], [ 108.298802457000079, -7.817326598999955 ], [ 108.297982019000074, -7.816782177999926 ] ] ], [ [ [ 108.129874591000089, -7.040557354999976 ], [ 108.139310141000067, -7.039367062999929 ], [ 108.156152023000061, -7.066881226999953 ], [ 108.19371209600007, -7.07078138299994 ], [ 108.20883303800008, -7.087972927999942 ], [ 108.219642148000048, -7.087944721999975 ], [ 108.21994654000008, -7.123327235999966 ], [ 108.201405069000089, -7.137451983999938 ], [ 108.203347850000057, -7.152059023999925 ], [ 108.192577873000062, -7.169590113999959 ], [ 108.199306823000086, -7.225367345999928 ], [ 108.188519875000054, -7.25494983699997 ], [ 108.193317310000054, -7.269313203999957 ], [ 108.179171860000054, -7.27158486999997 ], [ 108.176373160000082, -7.288405319999981 ], [ 108.153491079000048, -7.295133891999967 ], [ 108.161288332000083, -7.321511686999941 ], [ 108.152471423000065, -7.334803161999957 ], [ 108.167136552000045, -7.344116558999929 ], [ 108.163610485000049, -7.363088000999937 ], [ 108.171173162000059, -7.38561434099995 ], [ 108.184632690000058, -7.39527418199998 ], [ 108.178948768000055, -7.406824765999943 ], [ 108.186311320000073, -7.414281949999975 ], [ 108.183784396000078, -7.441188882999938 ], [ 108.193807135000043, -7.441569958999935 ], [ 108.187475004000078, -7.446478949999971 ], [ 108.19969171200006, -7.450503948999938 ], [ 108.213158794000037, -7.434689730999935 ], [ 108.268589825000049, -7.425393637999946 ], [ 108.277903872000081, -7.404977516999963 ], [ 108.271277276000035, -7.393355609999958 ], [ 108.282525237000073, -7.384623870999974 ], [ 108.265202890000069, -7.374429665999969 ], [ 108.284427893000043, -7.363734821999969 ], [ 108.286098078000066, -7.348343549999981 ], [ 108.297339755000053, -7.340345842999966 ], [ 108.323529600000086, -7.339399974999935 ], [ 108.34244397100008, -7.355866110999955 ], [ 108.405236465000087, -7.36012145199993 ], [ 108.414938742000061, -7.377030113999979 ], [ 108.400191116000087, -7.389256164999949 ], [ 108.395933412000034, -7.408226815999967 ], [ 108.404883699000038, -7.421927172999972 ], [ 108.42061497900005, -7.423076646999959 ], [ 108.424714119000043, -7.484135853999931 ], [ 108.442410031000065, -7.488629732999925 ], [ 108.427714423000054, -7.500790516999928 ], [ 108.416731065000079, -7.489130715999977 ], [ 108.410450529000059, -7.497921574999964 ], [ 108.399887017000083, -7.479398713999956 ], [ 108.374025935000077, -7.478952341999957 ], [ 108.352028076000067, -7.49801804699996 ], [ 108.339691775000063, -7.494817728999976 ], [ 108.334301423000056, -7.507488214999967 ], [ 108.333185067000045, -7.548626442999932 ], [ 108.353844030000062, -7.562201533999939 ], [ 108.358888691000061, -7.608114916999966 ], [ 108.361636590000046, -7.605044778999968 ], [ 108.367361620000054, -7.608707355999968 ], [ 108.359276918000035, -7.613761827999951 ], [ 108.36477837700005, -7.622578048999969 ], [ 108.357521277000046, -7.622299688999931 ], [ 108.354648503000078, -7.637568975999955 ], [ 108.366402869000069, -7.658749166999939 ], [ 108.354429523000078, -7.672282172999928 ], [ 108.355573133000064, -7.68335488799994 ], [ 108.340358264000088, -7.681701434999979 ], [ 108.329930971000067, -7.690890544999945 ], [ 108.323717383000087, -7.682859383999926 ], [ 108.324800226000036, -7.69299439599996 ], [ 108.31445061900007, -7.690225754999972 ], [ 108.324305112000047, -7.714739012999928 ], [ 108.332007648000058, -7.712163910999948 ], [ 108.32448203000007, -7.720007154999962 ], [ 108.319729651000046, -7.714604862999977 ], [ 108.320502205000082, -7.72598396799998 ], [ 108.312933656000041, -7.724589648999938 ], [ 108.324174735000042, -7.757233758999973 ], [ 108.325131316000068, -7.778975761999959 ], [ 108.318096727000068, -7.786620241999969 ], [ 108.34349214000008, -7.803138184999966 ], [ 108.340765659000056, -7.816824678999978 ], [ 108.145067661000041, -7.785941325999943 ], [ 107.99448921700008, -7.742773448999969 ], [ 107.910067923000042, -7.731059800999958 ], [ 107.931234343000085, -7.686092211999949 ], [ 107.923612223000077, -7.676383475999955 ], [ 107.930264887000078, -7.65742985299994 ], [ 107.923250550000034, -7.652110206999964 ], [ 107.925174201000061, -7.618016692999959 ], [ 107.917006118000074, -7.597104337999951 ], [ 107.942482742000038, -7.57354991099993 ], [ 107.935161196000081, -7.557318532999943 ], [ 107.946168540000087, -7.545005281999977 ], [ 107.943272539000077, -7.503937048999944 ], [ 107.953370396000082, -7.460348520999958 ], [ 107.945585147000088, -7.450951133999979 ], [ 107.951732504000063, -7.424245613999972 ], [ 107.940391799000054, -7.407561069999929 ], [ 107.943601485000045, -7.398180210999953 ], [ 107.904539855000053, -7.362680602999944 ], [ 107.929111813000077, -7.349793682999973 ], [ 107.937903432000041, -7.330998830999931 ], [ 107.947053033000088, -7.330861818999949 ], [ 107.940271012000039, -7.316213609999977 ], [ 107.928537491000043, -7.312703437999971 ], [ 107.931497700000079, -7.30301408899993 ], [ 107.922471504000043, -7.289005558999975 ], [ 107.973558628000035, -7.270319989999962 ], [ 107.989540883000075, -7.245200392999948 ], [ 108.064877084000045, -7.218615138999951 ], [ 108.078628406000064, -7.17089244999994 ], [ 108.087699502000078, -7.162674847999938 ], [ 108.067974475000085, -7.130209143999934 ], [ 108.099380973000052, -7.10288225499994 ], [ 108.113357231000066, -7.102631326999926 ], [ 108.122505717000081, -7.114765337999927 ], [ 108.126002279000033, -7.10214988599995 ], [ 108.117986276000067, -7.078060407999942 ], [ 108.136350840000034, -7.060369962999971 ], [ 108.129874591000089, -7.040557354999976 ] ] ] ] } },
{ "type": "Feature", "properties": { "kemendagri_kab_code": 3207, "kemendagri_kab_name": "Kabupaten Ciamis", "kemendagri_prov_code": 32, "kemendagri_prov_name": "Jawa Barat" }, "geometry": { "type": "Polygon", "coordinates": [ [ [ 108.355833307000069, -7.051581820999957 ], [ 108.416741, -7.089174 ], [ 108.41377, -7.096343 ], [ 108.425519, -7.094923 ], [ 108.426245, -7.102316 ], [ 108.43871, -7.106531 ], [ 108.43945, -7.117905 ], [ 108.46801, -7.117999 ], [ 108.51131, -7.131885 ], [ 108.50569, -7.140437 ], [ 108.51629, -7.141329 ], [ 108.50847, -7.160861 ], [ 108.519433, -7.160454 ], [ 108.51695, -7.165678 ], [ 108.52895, -7.171062 ], [ 108.52587, -7.181057 ], [ 108.581108355000083, -7.206225940999957 ], [ 108.585318268000037, -7.218453452999938 ], [ 108.581804547000047, -7.253707830999929 ], [ 108.573172294000074, -7.254456561999973 ], [ 108.567343136000034, -7.278009044999976 ], [ 108.555976009000062, -7.287800042999947 ], [ 108.564344736000066, -7.303875956999946 ], [ 108.559189625000045, -7.332261099999926 ], [ 108.546604709000064, -7.344299181999929 ], [ 108.535410991000049, -7.34344876199998 ], [ 108.523764783000047, -7.359330223999962 ], [ 108.489172966000069, -7.350014032999979 ], [ 108.469712836000042, -7.361610289999931 ], [ 108.478214541000057, -7.368752097999959 ], [ 108.469615256000054, -7.381886133999956 ], [ 108.532933716000059, -7.41588300899997 ], [ 108.544117786000072, -7.412299860999951 ], [ 108.565423076000059, -7.429809044999956 ], [ 108.567096082000035, -7.444531996999956 ], [ 108.600236873000085, -7.394469504999961 ], [ 108.615591104000089, -7.40584427999994 ], [ 108.631060163000086, -7.381731898999931 ], [ 108.650502411000048, -7.388222323999969 ], [ 108.666251377000037, -7.35305791299993 ], [ 108.683141983000041, -7.36942046799993 ], [ 108.677941654000051, -7.376647097999978 ], [ 108.685143318000087, -7.37934142499995 ], [ 108.687491317000081, -7.399986970999976 ], [ 108.697153510000078, -7.400098822999951 ], [ 108.699569110000084, -7.414749208999979 ], [ 108.723060789000044, -7.430560662999937 ], [ 108.712385511000036, -7.458504765999976 ], [ 108.718110315000047, -7.469421851999925 ], [ 108.707692534000046, -7.469298332999927 ], [ 108.706117745000086, -7.477244905999953 ], [ 108.698425498000063, -7.461796353999944 ], [ 108.648715119000087, -7.467887340999937 ], [ 108.646186211000042, -7.479487870999947 ], [ 108.659662827000034, -7.512782414999947 ], [ 108.646612635000054, -7.540278497999964 ], [ 108.590296362000061, -7.564173654999934 ], [ 108.527779028000054, -7.573915372999977 ], [ 108.521274651000056, -7.544870062999962 ], [ 108.53463707800006, -7.535726886999953 ], [ 108.52701978500005, -7.526871968999956 ], [ 108.494330275000038, -7.531524680999951 ], [ 108.458061884000074, -7.516163431999928 ], [ 108.45307645400004, -7.503590118999966 ], [ 108.433615180000061, -7.505028640999967 ], [ 108.427080002000082, -7.500570876999973 ], [ 108.442569678000041, -7.488338351999971 ], [ 108.425427389000049, -7.486279696999929 ], [ 108.42061497900005, -7.423076646999959 ], [ 108.404883699000038, -7.421927172999972 ], [ 108.39607978500004, -7.408786833999955 ], [ 108.400191116000087, -7.389256164999949 ], [ 108.414938742000061, -7.377030113999979 ], [ 108.405742701000065, -7.360332863999929 ], [ 108.373685343000034, -7.359819352999978 ], [ 108.362739257000044, -7.352261078999959 ], [ 108.34244397100008, -7.355866110999955 ], [ 108.323529600000086, -7.339399974999935 ], [ 108.278035149000061, -7.334502102999977 ], [ 108.269939362000059, -7.318852609999965 ], [ 108.252488635000077, -7.321373515999937 ], [ 108.249509022000041, -7.312986812999952 ], [ 108.198645663000036, -7.282818632999977 ], [ 108.188128340000048, -7.262038747999952 ], [ 108.199251470000036, -7.230660388999979 ], [ 108.192515632000038, -7.170156622999968 ], [ 108.203347850000057, -7.152059023999925 ], [ 108.201405069000089, -7.137451983999938 ], [ 108.21994654000008, -7.123327235999966 ], [ 108.219642148000048, -7.087944721999975 ], [ 108.167025395000053, -7.063493907999941 ], [ 108.209630665000077, -7.053396314999929 ], [ 108.227804143000071, -7.054595270999926 ], [ 108.245007936000036, -7.066621794999946 ], [ 108.314554223000073, -7.056578311999942 ], [ 108.342364893000081, -7.069960567999942 ], [ 108.355833307000069, -7.051581820999957 ] ] ] } },
{ "type": "Feature", "properties": { "kemendagri_kab_code": 3208, "kemendagri_kab_name": "Kabupaten Kuningan", "kemendagri_prov_code": 32, "kemendagri_prov_name": "Jawa Barat" }, "geometry": { "type": "Polygon", "coordinates": [ [ [ 108.760469937000039, -6.988018534999981 ], [ 108.792022974000076, -7.003107635999982 ], [ 108.795330229000058, -7.01784969299996 ], [ 108.792067191000058, -7.031581551999977 ], [ 108.776341895000087, -7.038835232999929 ], [ 108.787469977000057, -7.056495533999964 ], [ 108.768662748000054, -7.112455485999931 ], [ 108.726015028000063, -7.115182814999969 ], [ 108.697696866000058, -7.150970288999929 ], [ 108.676298926000072, -7.156533192999973 ], [ 108.657525612000086, -7.156950190999964 ], [ 108.635073896000051, -7.138700808999943 ], [ 108.589786784000069, -7.15443806299993 ], [ 108.562581115000057, -7.170762974999946 ], [ 108.562961207000058, -7.194385361999935 ], [ 108.52587, -7.181057 ], [ 108.52895, -7.171062 ], [ 108.51695, -7.165678 ], [ 108.519433, -7.160454 ], [ 108.50847, -7.160861 ], [ 108.51629, -7.141329 ], [ 108.50569, -7.140437 ], [ 108.51131, -7.131885 ], [ 108.46801, -7.117999 ], [ 108.43945, -7.117905 ], [ 108.43871, -7.106531 ], [ 108.426245, -7.102316 ], [ 108.425519, -7.094923 ], [ 108.41377, -7.096343 ], [ 108.416741, -7.089174 ], [ 108.385742544000038, -7.073510165999949 ], [ 108.39314, -7.05709 ], [ 108.390571139000087, -7.042646227999967 ], [ 108.38318, -7.041376 ], [ 108.39396490300004, -7.031857262999949 ], [ 108.38314, -7.006654 ], [ 108.38566, -6.952741 ], [ 108.40133, -6.935283 ], [ 108.40765, -6.892491 ], [ 108.397963053000069, -6.795139257999949 ], [ 108.418952990000037, -6.781827796999949 ], [ 108.447341978000054, -6.782544969999947 ], [ 108.455940308000038, -6.799124128999949 ], [ 108.468254140000056, -6.791321627999935 ], [ 108.478286786000069, -6.799146062999966 ], [ 108.512512273000084, -6.791162867999958 ], [ 108.505027806000044, -6.822901616999957 ], [ 108.511856132000048, -6.828585493999981 ], [ 108.508071959000063, -6.851958642999932 ], [ 108.524673507000045, -6.857621556999959 ], [ 108.523208651000061, -6.870391249999955 ], [ 108.536483796000084, -6.868393305999973 ], [ 108.53762822200008, -6.877532849999966 ], [ 108.578926129000081, -6.898766896999973 ], [ 108.609596304000036, -6.90205229399993 ], [ 108.62103277500006, -6.910411728999975 ], [ 108.654258770000069, -6.902603522999925 ], [ 108.665779169000075, -6.917182826999976 ], [ 108.652420072000041, -6.931586171999925 ], [ 108.655998258000068, -6.936700229999929 ], [ 108.669288685000083, -6.94040098399995 ], [ 108.682853745000045, -6.923323531999927 ], [ 108.683967631000087, -6.931869899999981 ], [ 108.715454137000052, -6.94383946499994 ], [ 108.725601250000068, -6.962715066999976 ], [ 108.717475948000072, -6.994316958999946 ], [ 108.736579951000067, -7.00627508599996 ], [ 108.742037887000038, -6.995019597999942 ], [ 108.760469937000039, -6.988018534999981 ] ] ] } },
{ "type": "Feature", "properties": { "kemendagri_kab_code": 3209, "kemendagri_kab_name": "Kabupaten Cirebon", "kemendagri_prov_code": 32, "kemendagri_prov_name": "Jawa Barat" }, "geometry": { "type": "Polygon", "coordinates": [ [ [ 108.539092174000075, -6.516445812999962 ], [ 108.562970404000055, -6.690594072999943 ], [ 108.547956602000056, -6.70127705699997 ], [ 108.542918134000047, -6.696510641999964 ], [ 108.548818580000045, -6.72556945599996 ], [ 108.518230847000041, -6.737212237999927 ], [ 108.537238320000085, -6.760767390999945 ], [ 108.529604919000064, -6.779184434999934 ], [ 108.544329865000066, -6.796348721999948 ], [ 108.560408968000047, -6.755870932999926 ], [ 108.570182, -6.750107998999965 ], [ 108.588811814000053, -6.749587618999954 ], [ 108.591098217000081, -6.743284241999959 ], [ 108.60250680200005, -6.763369245999968 ], [ 108.626372977000074, -6.769525098999964 ], [ 108.628900917000067, -6.759425524999926 ], [ 108.630971999000053, -6.768197168999961 ], [ 108.642353693000075, -6.764138009999954 ], [ 108.653373197000064, -6.74672491299998 ], [ 108.676155109000035, -6.76489257399993 ], [ 108.684990667000079, -6.80051427099994 ], [ 108.718770930000062, -6.810612122999942 ], [ 108.729451841000071, -6.808338314999958 ], [ 108.731715144000077, -6.798252465999951 ], [ 108.732067344000086, -6.808366867999951 ], [ 108.75027564700008, -6.815435631999947 ], [ 108.796223096000062, -6.791587462999928 ], [ 108.81117355300006, -6.772415430999956 ], [ 108.803746266000076, -6.75923638699993 ], [ 108.824441768000042, -6.74763259499997 ], [ 108.825064185000087, -6.738434294999934 ], [ 108.844680189000087, -6.735756384999945 ], [ 108.838192682000056, -6.751518812999961 ], [ 108.846638773000052, -6.758007514999974 ], [ 108.834965366000063, -6.756839083999978 ], [ 108.82699540200008, -6.768556087999968 ], [ 108.83266334800004, -6.800554086999966 ], [ 108.825442622000082, -6.802791272999968 ], [ 108.824700172000064, -6.832263664999971 ], [ 108.792921693000039, -6.880139428999939 ], [ 108.783255771000086, -6.884682794999947 ], [ 108.778694786000074, -6.874801120999962 ], [ 108.771360223000045, -6.895240102999935 ], [ 108.761240201000078, -6.896120980999967 ], [ 108.766976512000042, -6.901521655999943 ], [ 108.752789931000052, -6.922002006999946 ], [ 108.763399549000042, -6.939218230999927 ], [ 108.757159878000039, -6.958233981999967 ], [ 108.762831580000068, -6.962128890999963 ], [ 108.760469937000039, -6.988018534999981 ], [ 108.742037887000038, -6.995019597999942 ], [ 108.737312354000039, -7.006006617999958 ], [ 108.717475948000072, -6.994316958999946 ], [ 108.725601250000068, -6.962715066999976 ], [ 108.715454137000052, -6.94383946499994 ], [ 108.683967631000087, -6.931869899999981 ], [ 108.682853745000045, -6.923323531999927 ], [ 108.669288685000083, -6.94040098399995 ], [ 108.655998258000068, -6.936700229999929 ], [ 108.652420072000041, -6.931586171999925 ], [ 108.665779169000075, -6.917182826999976 ], [ 108.654258770000069, -6.902603522999925 ], [ 108.62103277500006, -6.910411728999975 ], [ 108.609596304000036, -6.90205229399993 ], [ 108.578926129000081, -6.898766896999973 ], [ 108.53762822200008, -6.877532849999966 ], [ 108.536483796000084, -6.868393305999973 ], [ 108.523048436000067, -6.870254392999925 ], [ 108.524673507000045, -6.857621556999959 ], [ 108.508071959000063, -6.851958642999932 ], [ 108.511856132000048, -6.828585493999981 ], [ 108.505027806000044, -6.822901616999957 ], [ 108.512512273000084, -6.791162867999958 ], [ 108.478286786000069, -6.799146062999966 ], [ 108.468254140000056, -6.791321627999935 ], [ 108.455940308000038, -6.799124128999949 ], [ 108.447341978000054, -6.782544969999947 ], [ 108.418952990000037, -6.781827796999949 ], [ 108.397963053000069, -6.795139257999949 ], [ 108.392204330000084, -6.788790099999972 ], [ 108.39900214100004, -6.773615735999954 ], [ 108.358757068000045, -6.750737540999978 ], [ 108.370224054000062, -6.733170376999965 ], [ 108.35829932200005, -6.713955265999971 ], [ 108.368103082000061, -6.699173314999939 ], [ 108.336604001000069, -6.671501 ], [ 108.345985465000069, -6.625000352999962 ], [ 108.323524545000055, -6.619488585999932 ], [ 108.328636233000054, -6.598352785999964 ], [ 108.360862782000083, -6.554777030999958 ], [ 108.432273933000033, -6.520614515999966 ], [ 108.446838412000034, -6.532069099999944 ], [ 108.443275508000056, -6.564678559999948 ], [ 108.45603185300007, -6.572876812999937 ], [ 108.47529607000007, -6.558253191999938 ], [ 108.488281301000086, -6.55837764599994 ], [ 108.490692187000036, -6.545453928999962 ], [ 108.524467520000087, -6.518243703999929 ], [ 108.539092174000075, -6.516445812999962 ] ] ] } },
{ "type": "Feature", "properties": { "kemendagri_kab_code": 3210, "kemendagri_kab_name": "Kabupaten Majalengka", "kemendagri_prov_code": 32, "kemendagri_prov_name": "Jawa Barat" }, "geometry": { "type": "Polygon", "coordinates": [ [ [ 108.323585574000049, -6.620817042999931 ], [ 108.345985465000069, -6.625000352999962 ], [ 108.336604001000069, -6.671501 ], [ 108.368103082000061, -6.699173314999939 ], [ 108.35829932200005, -6.713955265999971 ], [ 108.370224054000062, -6.733170376999965 ], [ 108.358947821000072, -6.751168616999962 ], [ 108.400817941000071, -6.778875233999941 ], [ 108.392196713000033, -6.788957955999933 ], [ 108.40765, -6.892491 ], [ 108.40133, -6.935283 ], [ 108.38566, -6.952741 ], [ 108.38271, -7.000726 ], [ 108.39372, -7.028324 ], [ 108.38318, -7.041376 ], [ 108.390571139000087, -7.042646227999967 ], [ 108.391327887000045, -7.063110923999943 ], [ 108.385589133000053, -7.073635965999927 ], [ 108.355833307000069, -7.051581820999957 ], [ 108.342364893000081, -7.069960567999942 ], [ 108.314554223000073, -7.056578311999942 ], [ 108.245007936000036, -7.066621794999946 ], [ 108.227804143000071, -7.054595270999926 ], [ 108.209630665000077, -7.053396314999929 ], [ 108.156152023000061, -7.066881226999953 ], [ 108.136306923000063, -7.038552707999941 ], [ 108.165001363000044, -6.998486580999952 ], [ 108.170791990000055, -6.968373634999978 ], [ 108.219861927000068, -6.928162847999943 ], [ 108.211209882000048, -6.915282260999959 ], [ 108.215514118000044, -6.902505910999935 ], [ 108.209532056000057, -6.906629029999976 ], [ 108.214134013000034, -6.88901150099997 ], [ 108.205274913000039, -6.892846117999966 ], [ 108.193357877000039, -6.88543582099993 ], [ 108.198354967000057, -6.870700543999931 ], [ 108.188980671000081, -6.865251982999951 ], [ 108.188532585000075, -6.85305655999997 ], [ 108.179445999000052, -6.85200838999998 ], [ 108.179076186000088, -6.833638696999969 ], [ 108.164799057000039, -6.835209703999965 ], [ 108.159742271000084, -6.826479620999976 ], [ 108.162121795000076, -6.810416835999945 ], [ 108.154361655000059, -6.795572918999937 ], [ 108.165692240000055, -6.796433132999937 ], [ 108.169648040000084, -6.783979186999943 ], [ 108.164191050000056, -6.761177912999926 ], [ 108.148650628000041, -6.755122616999927 ], [ 108.162268972000049, -6.724226826999939 ], [ 108.137909473000036, -6.707216107999955 ], [ 108.11774795000008, -6.706356874999926 ], [ 108.091862869000067, -6.672630857999934 ], [ 108.054217277000078, -6.652160984999966 ], [ 108.04394317100008, -6.631494647999943 ], [ 108.070900026000061, -6.614144642999975 ], [ 108.073448253000038, -6.575182277999943 ], [ 108.104789801000038, -6.562071655999944 ], [ 108.122779917000059, -6.540738913999974 ], [ 108.13223273300008, -6.554964878999954 ], [ 108.127868731000035, -6.56577236399994 ], [ 108.141998363000084, -6.565186829999959 ], [ 108.147667006000063, -6.578002319999939 ], [ 108.148458637000033, -6.606277688999967 ], [ 108.162213106000081, -6.614447218999942 ], [ 108.172601310000061, -6.603243365999958 ], [ 108.187735109000073, -6.609824800999945 ], [ 108.207397517000061, -6.573372226999936 ], [ 108.223718751000035, -6.573335114999963 ], [ 108.276277, -6.591488 ], [ 108.273169, -6.610437998999942 ], [ 108.280847854000058, -6.620628685999975 ], [ 108.292511043000047, -6.620893809999927 ], [ 108.285514885000055, -6.611677034999957 ], [ 108.293828045000055, -6.608476166999935 ], [ 108.308578558000079, -6.623897898999928 ], [ 108.315437374000055, -6.60784946299998 ], [ 108.323585574000049, -6.620817042999931 ] ] ] } },
{ "type": "Feature", "properties": { "kemendagri_kab_code": 3211, "kemendagri_kab_name": "Kabupaten Sumedang", "kemendagri_prov_code": 32, "kemendagri_prov_name": "Jawa Barat" }, "geometry": { "type": "Polygon", "coordinates": [ [ [ 108.031844702000058, -6.637069790999931 ], [ 108.050281694000034, -6.637957911999933 ], [ 108.058347156000082, -6.655455382999946 ], [ 108.069938079000053, -6.657056160999957 ], [ 108.068757269000059, -6.665690776999952 ], [ 108.091862869000067, -6.672630857999934 ], [ 108.11774795000008, -6.706356874999926 ], [ 108.137909473000036, -6.707216107999955 ], [ 108.162268972000049, -6.724226826999939 ], [ 108.148650628000041, -6.755122616999927 ], [ 108.164191050000056, -6.761177912999926 ], [ 108.169648040000084, -6.783979186999943 ], [ 108.165692240000055, -6.796433132999937 ], [ 108.154361655000059, -6.795572918999937 ], [ 108.162121795000076, -6.810416835999945 ], [ 108.159742271000084, -6.826479620999976 ], [ 108.164799057000039, -6.835209703999965 ], [ 108.179076186000088, -6.833638696999969 ], [ 108.179445999000052, -6.85200838999998 ], [ 108.188532585000075, -6.85305655999997 ], [ 108.188980671000081, -6.865251982999951 ], [ 108.198354967000057, -6.870700543999931 ], [ 108.193357877000039, -6.88543582099993 ], [ 108.205274913000039, -6.892846117999966 ], [ 108.214134013000034, -6.88901150099997 ], [ 108.209532056000057, -6.906629029999976 ], [ 108.215514118000044, -6.902505910999935 ], [ 108.211209882000048, -6.915282260999959 ], [ 108.219861927000068, -6.928162847999943 ], [ 108.170791990000055, -6.968373634999978 ], [ 108.165001363000044, -6.998486580999952 ], [ 108.13766925300007, -7.038797643999942 ], [ 108.129409409000061, -7.040722500999948 ], [ 108.100205932000051, -7.019684136999956 ], [ 108.082116251000059, -6.987134568999977 ], [ 108.042116078000049, -6.996352560999981 ], [ 108.023082856000087, -6.981772622999927 ], [ 107.990688870000042, -6.981968524999957 ], [ 107.966550672000039, -6.958736399999964 ], [ 107.931422929000064, -6.955915670999957 ], [ 107.915975734000085, -6.945705798999938 ], [ 107.912679488000038, -6.954529987999933 ], [ 107.899984954000047, -6.953100594999967 ], [ 107.889926775000049, -6.963863734999961 ], [ 107.844739323000056, -6.969562862999965 ], [ 107.831048965000036, -6.964222885999959 ], [ 107.828640866000057, -6.971632172999932 ], [ 107.781360324000048, -6.955125305999957 ], [ 107.752880637000032, -6.95523579099995 ], [ 107.759239889000071, -6.903440914999976 ], [ 107.743247403000055, -6.870719021999946 ], [ 107.745507891000045, -6.823992355999962 ], [ 107.750000082000042, -6.812844997999946 ], [ 107.773245200000076, -6.802871828999969 ], [ 107.801922464000086, -6.810904888999971 ], [ 107.836662333000049, -6.776748281999971 ], [ 107.832534143000032, -6.716600698999969 ], [ 107.839020893000054, -6.69764963199998 ], [ 107.82764480700007, -6.688031653999928 ], [ 107.851037433000045, -6.654506087999948 ], [ 107.855712522000033, -6.601453578999951 ], [ 107.848681982000073, -6.580935273999955 ], [ 107.906078663000073, -6.593852778999974 ], [ 107.939473553000084, -6.625350078999929 ], [ 108.01881069600006, -6.663304789999927 ], [ 108.029348158000062, -6.66344745899994 ], [ 108.034866005000083, -6.654747639999925 ], [ 108.031844702000058, -6.637069790999931 ] ] ] } },
{ "type": "Feature", "properties": { "kemendagri_kab_code": 3212, "kemendagri_kab_name": "Kabupaten Indramayu", "kemendagri_prov_code": 32, "kemendagri_prov_name": "Jawa Barat" }, "geometry": { "type": "MultiPolygon", "coordinates": [ [ [ [ 108.198997945000087, -6.222130976999949 ], [ 108.240739878000056, -6.249657850999938 ], [ 108.321400886000049, -6.254807387999961 ], [ 108.335316791000082, -6.272949918999927 ], [ 108.340083327000059, -6.25269594699995 ], [ 108.348611315000085, -6.247213668999962 ], [ 108.357473494000033, -6.262358915999926 ], [ 108.35791727600008, -6.250157610999963 ], [ 108.372644177000041, -6.331789805999961 ], [ 108.385225662000039, -6.357732583999962 ], [ 108.453034209000066, -6.435320716999968 ], [ 108.492082671000048, -6.464688165999974 ], [ 108.542602915000089, -6.484724528999948 ], [ 108.53642721500006, -6.484341623999967 ], [ 108.539018271000089, -6.516149817999974 ], [ 108.502769518000036, -6.534015087999933 ], [ 108.486999559000083, -6.559305565999978 ], [ 108.47529607000007, -6.558253191999938 ], [ 108.454551740000056, -6.573065656999972 ], [ 108.443275508000056, -6.564678559999948 ], [ 108.44702916600005, -6.533040881999966 ], [ 108.437568733000035, -6.522149927999976 ], [ 108.394073543000047, -6.534411793999936 ], [ 108.386093175000042, -6.545595997999953 ], [ 108.360862782000083, -6.554777030999958 ], [ 108.328636233000054, -6.598352785999964 ], [ 108.323585574000049, -6.620817042999931 ], [ 108.315437374000055, -6.60784946299998 ], [ 108.307701173000055, -6.624185903999944 ], [ 108.293828045000055, -6.608476166999935 ], [ 108.285514885000055, -6.611677034999957 ], [ 108.292511043000047, -6.620893809999927 ], [ 108.280847854000058, -6.620628685999975 ], [ 108.273269, -6.610972 ], [ 108.273900001000072, -6.590012 ], [ 108.223718751000035, -6.573335114999963 ], [ 108.207397517000061, -6.573372226999936 ], [ 108.187735109000073, -6.609824800999945 ], [ 108.172601310000061, -6.603243365999958 ], [ 108.162213106000081, -6.614447218999942 ], [ 108.148458637000033, -6.606277688999967 ], [ 108.142097548000038, -6.565329876999954 ], [ 108.127868731000035, -6.56577236399994 ], [ 108.13223273300008, -6.554964878999954 ], [ 108.119758662000038, -6.54115042799998 ], [ 108.104789801000038, -6.562071655999944 ], [ 108.073448253000038, -6.575182277999943 ], [ 108.070900026000061, -6.614144642999975 ], [ 108.049095222000062, -6.623360011999978 ], [ 108.042796720000069, -6.640618504999964 ], [ 108.031844702000058, -6.637069790999931 ], [ 108.034866005000083, -6.654747639999925 ], [ 108.028027708000081, -6.663958629999968 ], [ 107.990167092000036, -6.653347105999956 ], [ 107.939473553000084, -6.625350078999929 ], [ 107.906078663000073, -6.593852778999974 ], [ 107.855322648000083, -6.579054819999953 ], [ 107.85143120400005, -6.571598628999936 ], [ 107.867277568000077, -6.565490376999946 ], [ 107.869971511000074, -6.572588594999957 ], [ 107.88644383500008, -6.555394618999969 ], [ 107.893681581000067, -6.557140530999959 ], [ 107.898415087000046, -6.549233541999968 ], [ 107.893005876000075, -6.546112880999942 ], [ 107.909506603000068, -6.537573461999955 ], [ 107.920808716000067, -6.513587191999932 ], [ 107.915146500000048, -6.498718947999976 ], [ 107.905760918000055, -6.504453765999926 ], [ 107.919181104000074, -6.483618453999952 ], [ 107.897915531000081, -6.482364928999971 ], [ 107.894841760000077, -6.459904673999972 ], [ 107.886243841000066, -6.455941725999935 ], [ 107.897262771000044, -6.424698413999977 ], [ 107.887950055000033, -6.416312950999952 ], [ 107.890502778000041, -6.403600388999962 ], [ 107.900431138000044, -6.405474800999968 ], [ 107.895865980000053, -6.394521343999941 ], [ 107.923513355000068, -6.359858394999947 ], [ 107.916608499000063, -6.34750988899998 ], [ 107.925419021000039, -6.279590644999928 ], [ 107.91183609400008, -6.269775312999968 ], [ 107.919644041000083, -6.249802342999942 ], [ 107.966390087000036, -6.269814135999979 ], [ 107.972245619000034, -6.264028789999941 ], [ 107.969949390000068, -6.270221438999954 ], [ 107.974720011000045, -6.272669901999961 ], [ 107.974242110000034, -6.265131784999937 ], [ 107.975055487000077, -6.27285681199993 ], [ 108.031386057000077, -6.306850504999943 ], [ 108.129766308000058, -6.335207513999933 ], [ 108.13797893800006, -6.322219780999944 ], [ 108.158453978000068, -6.315987242999938 ], [ 108.190864186000056, -6.294449792999956 ], [ 108.197185938000075, -6.279246226999931 ], [ 108.211891388000083, -6.275495434999925 ], [ 108.202136359000065, -6.241820540999981 ], [ 108.189586701000053, -6.243626075999941 ], [ 108.194509330000074, -6.237275770999929 ], [ 108.167726117000086, -6.228915296999958 ], [ 108.198997945000087, -6.222130976999949 ] ] ], [ [ [ 108.377394240000058, -5.925041789999966 ], [ 108.387273992000075, -5.929082612999935 ], [ 108.385118831000057, -5.934628131999943 ], [ 108.374981790000049, -5.932015840999952 ], [ 108.377394240000058, -5.925041789999966 ] ] ], [ [ [ 108.406138334000048, -5.868466776999981 ], [ 108.405832322000037, -5.86848746499993 ], [ 108.405808554000089, -5.868348559999959 ], [ 108.406138334000048, -5.868466776999981 ] ] ], [ [ [ 108.456048271000043, -5.806566434999979 ], [ 108.455563404000088, -5.806782795999936 ], [ 108.455010799000036, -5.806779248999931 ], [ 108.456048271000043, -5.806566434999979 ] ] ] ] } },
{ "type": "Feature", "properties": { "kemendagri_kab_code": 3213, "kemendagri_kab_name": "Kabupaten Subang", "kemendagri_prov_code": 32, "kemendagri_prov_name": "Jawa Barat" }, "geometry": { "type": "Polygon", "coordinates": [ [ [ 107.919644041000083, -6.249802342999942 ], [ 107.91183609400008, -6.269775312999968 ], [ 107.925419021000039, -6.279590644999928 ], [ 107.916608499000063, -6.34750988899998 ], [ 107.923513355000068, -6.359858394999947 ], [ 107.895865980000053, -6.394521343999941 ], [ 107.900431138000044, -6.405474800999968 ], [ 107.890502778000041, -6.403600388999962 ], [ 107.887950055000033, -6.416312950999952 ], [ 107.897262771000044, -6.424698413999977 ], [ 107.886243841000066, -6.455941725999935 ], [ 107.894841760000077, -6.459904673999972 ], [ 107.897915531000081, -6.482364928999971 ], [ 107.919181104000074, -6.483618453999952 ], [ 107.905760918000055, -6.504453765999926 ], [ 107.915146500000048, -6.498718947999976 ], [ 107.920808716000067, -6.513587191999932 ], [ 107.909506603000068, -6.537573461999955 ], [ 107.893005876000075, -6.546112880999942 ], [ 107.898415087000046, -6.549233541999968 ], [ 107.893681581000067, -6.557140530999959 ], [ 107.88644383500008, -6.555394618999969 ], [ 107.869971511000074, -6.572588594999957 ], [ 107.866730276000055, -6.565483345999951 ], [ 107.850887790000058, -6.572586656999931 ], [ 107.856025909000039, -6.626588650999963 ], [ 107.848423604000061, -6.638701555999944 ], [ 107.851037433000045, -6.654506087999948 ], [ 107.82764480700007, -6.688031653999928 ], [ 107.839020893000054, -6.69764963199998 ], [ 107.832534143000032, -6.716600698999969 ], [ 107.836662333000049, -6.776748281999971 ], [ 107.801922464000086, -6.810904888999971 ], [ 107.776743008000039, -6.802633882999942 ], [ 107.733535876000076, -6.814269807999949 ], [ 107.707649319000041, -6.792939911999952 ], [ 107.688018900000088, -6.798347241999977 ], [ 107.671104516000071, -6.776344087999973 ], [ 107.62902, -6.77413299899996 ], [ 107.618473, -6.760269 ], [ 107.600668928000061, -6.761392709999939 ], [ 107.602356062000069, -6.736107582999978 ], [ 107.591393, -6.724441998999964 ], [ 107.584133153000039, -6.689538220999964 ], [ 107.598928, -6.65329 ], [ 107.579518999000072, -6.633898 ], [ 107.590400792000082, -6.599836577999952 ], [ 107.58243570500008, -6.595281359999944 ], [ 107.584215062000055, -6.584669 ], [ 107.573745832000043, -6.583972700999936 ], [ 107.564544799000089, -6.567636232999973 ], [ 107.55341350100008, -6.564168666999933 ], [ 107.562408546000086, -6.546832298999959 ], [ 107.555732818000081, -6.540621980999958 ], [ 107.563652157000035, -6.52771400599994 ], [ 107.554802045000088, -6.517446258999939 ], [ 107.565483190000066, -6.487187141999925 ], [ 107.545349229000067, -6.470151635999969 ], [ 107.542343256000038, -6.446117630999936 ], [ 107.526069755000037, -6.433430894999958 ], [ 107.539642455000035, -6.403827435999972 ], [ 107.537765602000036, -6.386966946999962 ], [ 107.562042345000066, -6.358652339999935 ], [ 107.582733262000033, -6.312414400999955 ], [ 107.58065044600005, -6.256397504999939 ], [ 107.599433995000084, -6.252996220999933 ], [ 107.602073767000036, -6.238819390999936 ], [ 107.642941330000042, -6.215523571999938 ], [ 107.667838299000039, -6.239295674999937 ], [ 107.690185467000049, -6.231337861999975 ], [ 107.695812359000058, -6.220840476999967 ], [ 107.721236481000062, -6.237505424999938 ], [ 107.746210289000032, -6.230850547999978 ], [ 107.763958530000082, -6.213100402999942 ], [ 107.781197410000061, -6.221065307999936 ], [ 107.786214856000072, -6.215741037999976 ], [ 107.776287109000066, -6.20722109999997 ], [ 107.78246448200008, -6.204751684999962 ], [ 107.805181563000076, -6.220902548999959 ], [ 107.804363047000038, -6.197545327999933 ], [ 107.818982707000089, -6.186901793999937 ], [ 107.85003695000006, -6.189454654999963 ], [ 107.853898786000059, -6.190761713999962 ], [ 107.855715495000084, -6.190706384999942 ], [ 107.860259533000033, -6.190838077999956 ], [ 107.863802363000048, -6.19180687599993 ], [ 107.848063139000033, -6.192940774999954 ], [ 107.854573344000073, -6.212368597999955 ], [ 107.859233281000058, -6.212459968999951 ], [ 107.871530811000071, -6.207001091999928 ], [ 107.876323346000049, -6.193524380999975 ], [ 107.886149568000064, -6.193288338999935 ], [ 107.88673570800006, -6.182032377999974 ], [ 107.898632728000052, -6.187122107999926 ], [ 107.897121247000086, -6.207317418999935 ], [ 107.886744893000071, -6.204764732999934 ], [ 107.886395379000078, -6.226585643999954 ], [ 107.919644041000083, -6.249802342999942 ] ] ] } },
{ "type": "Feature", "properties": { "kemendagri_kab_code": 3214, "kemendagri_kab_name": "Kabupaten Purwakarta", "kemendagri_prov_code": 32, "kemendagri_prov_name": "Jawa Barat" }, "geometry": { "type": "Polygon", "coordinates": [ [ [ 107.529403799000079, -6.418358085999955 ], [ 107.526725871000053, -6.437024822999945 ], [ 107.542091473000085, -6.445762406999961 ], [ 107.545349229000067, -6.470151635999969 ], [ 107.565483190000066, -6.487187141999925 ], [ 107.554817326000034, -6.517335636999974 ], [ 107.563675031000059, -6.527871850999929 ], [ 107.553939917000037, -6.56657099399996 ], [ 107.584354909000069, -6.584903598999972 ], [ 107.58243570500008, -6.595281359999944 ], [ 107.590400792000082, -6.600230440999951 ], [ 107.579674999000076, -6.635433998999929 ], [ 107.599484001000064, -6.658157998999968 ], [ 107.584133153000039, -6.689538220999964 ], [ 107.593772991000037, -6.728543997999964 ], [ 107.570969339000044, -6.736148027999945 ], [ 107.561361942000076, -6.773154432999945 ], [ 107.512568, -6.754424 ], [ 107.50158500100008, -6.736568 ], [ 107.487292, -6.735384 ], [ 107.453575259000047, -6.700992321999934 ], [ 107.425140500000055, -6.700015261999965 ], [ 107.410888785000054, -6.688835792999953 ], [ 107.395973314000059, -6.695651227999974 ], [ 107.371650798000076, -6.689589198999954 ], [ 107.370803976000047, -6.701046174999931 ], [ 107.34346, -6.69455 ], [ 107.323684, -6.72264 ], [ 107.302148970000076, -6.728436952999971 ], [ 107.289159826000059, -6.708657992999974 ], [ 107.271444098000075, -6.707375581999941 ], [ 107.251549060000059, -6.694103995999967 ], [ 107.26838820100005, -6.644619628999976 ], [ 107.220512548000045, -6.59074893199994 ], [ 107.250062424000077, -6.573036601999945 ], [ 107.273077668000042, -6.536070150999933 ], [ 107.284057651000069, -6.530794650999951 ], [ 107.289136, -6.501727 ], [ 107.328913999000065, -6.480181 ], [ 107.348682, -6.479792 ], [ 107.390452805000052, -6.511201147999941 ], [ 107.389572268000052, -6.491845806999947 ], [ 107.373222457000054, -6.468302912999945 ], [ 107.433258186000046, -6.459513867999931 ], [ 107.445048688000043, -6.438557635999928 ], [ 107.454430333000062, -6.440460738999946 ], [ 107.461377, -6.426590000999965 ], [ 107.478253496000036, -6.431914309999968 ], [ 107.500325376000035, -6.408376680999936 ], [ 107.529403799000079, -6.418358085999955 ] ] ] } },
{ "type": "Feature", "properties": { "kemendagri_kab_code": 3215, "kemendagri_kab_name": "Kabupaten Karawang", "kemendagri_prov_code": 32, "kemendagri_prov_name": "Jawa Barat" }, "geometry": { "type": "Polygon", "coordinates": [ [ [ 107.642941330000042, -6.215523571999938 ], [ 107.602073767000036, -6.238819390999936 ], [ 107.599433995000084, -6.252996220999933 ], [ 107.580635165000047, -6.25642419899998 ], [ 107.582733262000033, -6.312414400999955 ], [ 107.562042345000066, -6.358652339999935 ], [ 107.537765602000036, -6.386966946999962 ], [ 107.534843556000055, -6.415009245999954 ], [ 107.520950396000046, -6.418183296999928 ], [ 107.500325376000035, -6.408376680999936 ], [ 107.478253496000036, -6.431914309999968 ], [ 107.461377, -6.426590000999965 ], [ 107.454430333000062, -6.440460738999946 ], [ 107.445048688000043, -6.438557635999928 ], [ 107.433258186000046, -6.459513867999931 ], [ 107.373222457000054, -6.468302912999945 ], [ 107.389572268000052, -6.491845806999947 ], [ 107.390452805000052, -6.511201147999941 ], [ 107.348682, -6.479792 ], [ 107.305816776000086, -6.491047565999963 ], [ 107.289136, -6.501727 ], [ 107.284057651000069, -6.530794650999951 ], [ 107.273077668000042, -6.536070150999933 ], [ 107.250062424000077, -6.573036601999945 ], [ 107.220512548000045, -6.59074893199994 ], [ 107.205124049000062, -6.587025300999926 ], [ 107.178687, -6.551969998999937 ], [ 107.164238119000061, -6.501979006999932 ], [ 107.182243492000055, -6.467800748999935 ], [ 107.199096822000058, -6.460510884999962 ], [ 107.208908223000037, -6.468166981999957 ], [ 107.21687330900005, -6.461359669999979 ], [ 107.205375809000088, -6.451929699999937 ], [ 107.211708209000051, -6.449280886999929 ], [ 107.196212932000037, -6.422990935999962 ], [ 107.221412808000082, -6.408061662999955 ], [ 107.221222055000055, -6.384235072999957 ], [ 107.204795980000085, -6.37567058999997 ], [ 107.214988864000077, -6.349893714999951 ], [ 107.226600783000038, -6.349158437999961 ], [ 107.214721824000037, -6.32995858299995 ], [ 107.224739211000042, -6.320559665999951 ], [ 107.217399726000053, -6.315148969999939 ], [ 107.223938138000051, -6.316335832999926 ], [ 107.233139194000046, -6.299007082999935 ], [ 107.238495024000088, -6.306086225999934 ], [ 107.236450340000033, -6.296673450999947 ], [ 107.254989769000076, -6.294834781999953 ], [ 107.276146073000064, -6.267049977999932 ], [ 107.269134658000041, -6.231987170999957 ], [ 107.283683928000073, -6.225881772999969 ], [ 107.272216943000046, -6.216876689999935 ], [ 107.291038646000061, -6.216982068999926 ], [ 107.296623361000059, -6.202945868999961 ], [ 107.278587474000062, -6.162015150999935 ], [ 107.292656076000071, -6.141432005999945 ], [ 107.282417444000089, -6.148042397999973 ], [ 107.281189115000075, -6.127599442999951 ], [ 107.270630004000054, -6.129683199999931 ], [ 107.265327588000048, -6.111335923999945 ], [ 107.248504772000047, -6.116098113999954 ], [ 107.24679579900004, -6.10109203899998 ], [ 107.221634030000075, -6.103863414999978 ], [ 107.189125208000064, -6.089252622999936 ], [ 107.185684339000034, -6.076560183999959 ], [ 107.177017364000051, -6.081719551999981 ], [ 107.15963759300007, -6.067674326999963 ], [ 107.143593002000046, -6.071304470999962 ], [ 107.140541232000032, -6.057171017999963 ], [ 107.130340708000062, -6.061526916999981 ], [ 107.136161949000041, -6.04963603799996 ], [ 107.126594715000067, -6.054319040999928 ], [ 107.111320658000068, -6.028898374999926 ], [ 107.093948528000055, -6.027396809999971 ], [ 107.101577904000067, -6.016244572999938 ], [ 107.084617772000058, -6.002277496999966 ], [ 107.084381270000051, -5.990820085999928 ], [ 107.098222802000066, -5.93987988799995 ], [ 107.133102996000048, -5.976094541999942 ], [ 107.167801705000045, -5.988770726999974 ], [ 107.233243703000085, -5.977267793999943 ], [ 107.266370412000072, -5.960663764999936 ], [ 107.304048031000036, -5.958303073999957 ], [ 107.342742523000084, -5.970194604999961 ], [ 107.389002872000049, -6.017407267999943 ], [ 107.473251006000055, -6.148590193999951 ], [ 107.542513439000061, -6.178507336999928 ], [ 107.620444163000059, -6.187486774999968 ], [ 107.642941330000042, -6.215523571999938 ] ] ] } },
{ "type": "Feature", "properties": { "kemendagri_kab_code": 3216, "kemendagri_kab_name": "Kabupaten Bekasi", "kemendagri_prov_code": 32, "kemendagri_prov_name": "Jawa Barat" }, "geometry": { "type": "Polygon", "coordinates": [ [ [ 107.015897326000072, -5.926806013999965 ], [ 107.036033152000073, -5.936433162999947 ], [ 107.036606602000063, -5.931005611999979 ], [ 107.030067844000087, -5.931076995999945 ], [ 107.019666392000033, -5.92106675399998 ], [ 107.020180355000036, -5.918849096999963 ], [ 107.037055493000082, -5.923065501999929 ], [ 107.034017049000056, -5.927840956999944 ], [ 107.038118764000046, -5.93217347999996 ], [ 107.038109629000076, -5.92384319699994 ], [ 107.042849515000057, -5.925461229999939 ], [ 107.032737613000052, -5.956383305999964 ], [ 107.074400786000069, -5.968570904999979 ], [ 107.071297969000057, -5.943619876999946 ], [ 107.061943070000041, -5.930253777999951 ], [ 107.057591074000072, -5.938999319999937 ], [ 107.059304285000053, -5.932631882999942 ], [ 107.046999419000088, -5.926124536999964 ], [ 107.096342008000079, -5.93756065599996 ], [ 107.097137591000035, -5.961317214999951 ], [ 107.084381270000051, -5.990820085999928 ], [ 107.084617772000058, -6.002277496999966 ], [ 107.101577904000067, -6.016244572999938 ], [ 107.093948528000055, -6.027396809999971 ], [ 107.111320658000068, -6.028898374999926 ], [ 107.126594715000067, -6.054319040999928 ], [ 107.136161949000041, -6.04963603799996 ], [ 107.130340708000062, -6.061526916999981 ], [ 107.140541232000032, -6.057171017999963 ], [ 107.143593002000046, -6.071304470999962 ], [ 107.15963759300007, -6.067674326999963 ], [ 107.177017364000051, -6.081719551999981 ], [ 107.185684339000034, -6.076560183999959 ], [ 107.189125208000064, -6.089252622999936 ], [ 107.221634030000075, -6.103863414999978 ], [ 107.24679579900004, -6.10109203899998 ], [ 107.248504772000047, -6.116098113999954 ], [ 107.265327588000048, -6.111335923999945 ], [ 107.270630004000054, -6.129683199999931 ], [ 107.281189115000075, -6.127599442999951 ], [ 107.282417444000089, -6.148042397999973 ], [ 107.292656076000071, -6.141432005999945 ], [ 107.278587474000062, -6.162015150999935 ], [ 107.296623361000059, -6.202945868999961 ], [ 107.291038646000061, -6.216982068999926 ], [ 107.272216943000046, -6.216876689999935 ], [ 107.283683928000073, -6.225881772999969 ], [ 107.269134658000041, -6.231987170999957 ], [ 107.276146073000064, -6.267049977999932 ], [ 107.254989769000076, -6.294834781999953 ], [ 107.236450340000033, -6.296673450999947 ], [ 107.238495024000088, -6.306086225999934 ], [ 107.233139194000046, -6.299007082999935 ], [ 107.223938138000051, -6.316335832999926 ], [ 107.217399726000053, -6.315148969999939 ], [ 107.224739211000042, -6.320559665999951 ], [ 107.214721824000037, -6.32995858299995 ], [ 107.226600783000038, -6.349158437999961 ], [ 107.214988864000077, -6.349893714999951 ], [ 107.204795980000085, -6.37567058999997 ], [ 107.221222055000055, -6.384235072999957 ], [ 107.221412808000082, -6.408061662999955 ], [ 107.196212932000037, -6.422990935999962 ], [ 107.211708209000051, -6.449280886999929 ], [ 107.205375809000088, -6.451929699999937 ], [ 107.21687330900005, -6.461359669999979 ], [ 107.208908223000037, -6.468166981999957 ], [ 107.199096822000058, -6.460510884999962 ], [ 107.182243492000055, -6.467800748999935 ], [ 107.173950345000037, -6.485828759999947 ], [ 107.05538546400004, -6.435730906999936 ], [ 107.058411421000073, -6.423073669999951 ], [ 107.051208956000039, -6.417232435999949 ], [ 107.062490370000035, -6.399079284999971 ], [ 107.051443, -6.394363 ], [ 107.041528, -6.40694 ], [ 107.023456270000054, -6.409438326999975 ], [ 107.020037045000038, -6.400468817999979 ], [ 107.008683644000087, -6.401588295999943 ], [ 107.006372603000045, -6.378026525999928 ], [ 106.997564573000034, -6.378836748999959 ], [ 106.990960534000067, -6.363450680999961 ], [ 107.001949392000085, -6.353781344999959 ], [ 107.016332241000043, -6.357885950999957 ], [ 107.016507344000047, -6.330391037999959 ], [ 107.028965107000033, -6.33014331499993 ], [ 107.04117046600004, -6.307439256999942 ], [ 107.036613233000082, -6.282685417999971 ], [ 107.02754391700006, -6.277863686999979 ], [ 107.01546892600004, -6.291247681999948 ], [ 107.014056794000055, -6.28643068699995 ], [ 107.017937087000064, -6.262786902999949 ], [ 107.041720689000044, -6.245210391999933 ], [ 107.042389589000038, -6.233754355999963 ], [ 107.030260032000058, -6.226615761999938 ], [ 107.033783841000059, -6.198784046999947 ], [ 107.006413987000087, -6.193227079999929 ], [ 107.010644813000056, -6.172440295999934 ], [ 106.977371064000067, -6.175702890999958 ], [ 106.971581, -6.168941 ], [ 106.970621262000066, -6.088324462999935 ], [ 106.990437955000061, -6.08729564999993 ], [ 107.000342702000069, -6.076853215999961 ], [ 107.002206867000041, -6.085611915999948 ], [ 107.016112304000046, -6.076940940999975 ], [ 107.001555396000072, -6.069919547999973 ], [ 106.996749519000048, -6.052796311999941 ], [ 106.971836875000065, -6.052552223999953 ], [ 106.98878054100004, -6.045687954999948 ], [ 107.006443641000033, -6.049591290999956 ], [ 107.007148913000037, -6.038210169999957 ], [ 107.01611091500007, -6.034540088999961 ], [ 107.013080434000074, -6.023248118999959 ], [ 106.994943230000047, -6.028151711999953 ], [ 106.993306161000078, -6.012671890999968 ], [ 107.006052252000075, -6.015801151999938 ], [ 106.994825003000074, -6.007406412999956 ], [ 107.008844787000044, -6.000587829999972 ], [ 107.01625092900008, -5.958576513999958 ], [ 107.004353624000032, -5.94102560999994 ], [ 106.990705036000065, -5.941668063999941 ], [ 107.008646553000062, -5.919976326999972 ], [ 107.015647006000052, -5.918552456999976 ], [ 107.015897326000072, -5.926806013999965 ] ] ] } },
{ "type": "Feature", "properties": { "kemendagri_kab_code": 3217, "kemendagri_kab_name": "Kabupaten Bandung Barat", "kemendagri_prov_code": 32, "kemendagri_prov_name": "Jawa Barat" }, "geometry": { "type": "Polygon", "coordinates": [ [ [ 107.593772991000037, -6.728543997999964 ], [ 107.602356062000069, -6.736107582999978 ], [ 107.600668928000061, -6.761392709999939 ], [ 107.618473, -6.760269 ], [ 107.62902, -6.77413299899996 ], [ 107.671104516000071, -6.776344087999973 ], [ 107.688018900000088, -6.798347241999977 ], [ 107.707649319000041, -6.792939911999952 ], [ 107.72621164800006, -6.810884743999964 ], [ 107.745692507000058, -6.815084070999944 ], [ 107.727208, -6.832668 ], [ 107.7034, -6.84026 ], [ 107.689251, -6.835442 ], [ 107.68999393200005, -6.82924114399998 ], [ 107.660663, -6.832137 ], [ 107.622882527000058, -6.863002625999968 ], [ 107.616042947000039, -6.847144263999951 ], [ 107.604543, -6.859352 ], [ 107.597591417000046, -6.836887229999945 ], [ 107.570516038000051, -6.882775960999936 ], [ 107.561819653000043, -6.872971907999954 ], [ 107.563238062000039, -6.856084772999964 ], [ 107.551500152000074, -6.847252416999936 ], [ 107.551750308000067, -6.829350964999946 ], [ 107.539599130000056, -6.832049544999961 ], [ 107.536063130000059, -6.857978782999965 ], [ 107.522285446000069, -6.865528100999938 ], [ 107.510319348000053, -6.898183777999975 ], [ 107.525659374000043, -6.921212283999978 ], [ 107.522326220000082, -6.935580020999964 ], [ 107.530918438000072, -6.942012960999932 ], [ 107.5049, -6.981793 ], [ 107.487645871000041, -6.979834401999938 ], [ 107.486480001000075, -6.999969998999973 ], [ 107.469366075000039, -6.998464756999965 ], [ 107.481654534000086, -7.02253675399993 ], [ 107.477738685000077, -7.057180555999935 ], [ 107.437651, -7.046044 ], [ 107.419415, -7.056717 ], [ 107.422140001000059, -7.07516 ], [ 107.408947609000052, -7.096888974999956 ], [ 107.396234, -7.092181998999934 ], [ 107.390969, -7.099603 ], [ 107.376194, -7.092213 ], [ 107.370745598000042, -7.103523233999965 ], [ 107.358981920000076, -7.090256085999954 ], [ 107.354705662000072, -7.098239201999945 ], [ 107.337140972000043, -7.095807912999931 ], [ 107.320738833000064, -7.107184305999965 ], [ 107.304442265000034, -7.085604720999982 ], [ 107.285574476000079, -7.085195712999962 ], [ 107.252173203000041, -7.048257520999925 ], [ 107.224445576000051, -7.049142734999975 ], [ 107.223352446000035, -7.058302900999934 ], [ 107.182171198000049, -7.05855717299994 ], [ 107.195629, -7.021112023999933 ], [ 107.184567916000049, -6.996020366999971 ], [ 107.19022902100005, -6.968105892999972 ], [ 107.250899760000038, -6.92852462999997 ], [ 107.283213720000049, -6.92330273999994 ], [ 107.323242481000079, -6.887883509999938 ], [ 107.341136092000056, -6.885737929999948 ], [ 107.349327004000088, -6.865817040999957 ], [ 107.343495051000048, -6.848949260999973 ], [ 107.338000976000046, -6.857628996999949 ], [ 107.324282131000075, -6.851801995999949 ], [ 107.314156069000035, -6.800709911999945 ], [ 107.291239957000073, -6.788398989999962 ], [ 107.284425873000089, -6.774384959999963 ], [ 107.293566961000067, -6.73271697399997 ], [ 107.323684, -6.72264 ], [ 107.34346, -6.69455 ], [ 107.370803976000047, -6.701046174999931 ], [ 107.371650798000076, -6.689589198999954 ], [ 107.395973314000059, -6.695651227999974 ], [ 107.40985882700005, -6.688577359999954 ], [ 107.425140500000055, -6.700015261999965 ], [ 107.453575259000047, -6.700992321999934 ], [ 107.487292, -6.735384 ], [ 107.50158500100008, -6.736568 ], [ 107.512568, -6.754424 ], [ 107.554819206000047, -6.774563473999933 ], [ 107.562000827000077, -6.771883800999944 ], [ 107.570969339000044, -6.736148027999945 ], [ 107.593772991000037, -6.728543997999964 ] ] ] } },
{ "type": "Feature", "properties": { "kemendagri_kab_code": 3218, "kemendagri_kab_name": "Kabupaten Pangandaran", "kemendagri_prov_code": 32, "kemendagri_prov_name": "Jawa Barat" }, "geometry": { "type": "MultiPolygon", "coordinates": [ [ [ [ 108.497125412000059, -7.79388531799998 ], [ 108.496563859000048, -7.793580746999965 ], [ 108.497168242000043, -7.793504603999963 ], [ 108.497125412000059, -7.79388531799998 ] ] ], [ [ [ 108.498203758000045, -7.792979994999939 ], [ 108.498166599000058, -7.792583001999958 ], [ 108.498447214000066, -7.792672059999973 ], [ 108.498203758000045, -7.792979994999939 ] ] ], [ [ [ 108.500489732000062, -7.788888449999945 ], [ 108.499868692000064, -7.788474422999968 ], [ 108.500625361000061, -7.788360208999961 ], [ 108.500489732000062, -7.788888449999945 ] ] ], [ [ [ 108.501032249000048, -7.787753446999943 ], [ 108.500632499000062, -7.788003289999949 ], [ 108.500521854000056, -7.787974736999956 ], [ 108.501032249000048, -7.787753446999943 ] ] ], [ [ [ 108.503483966000033, -7.782813605999934 ], [ 108.502965244000052, -7.782666079999956 ], [ 108.503165118000084, -7.782390061999934 ], [ 108.503483966000033, -7.782813605999934 ] ] ], [ [ [ 108.505851065000058, -7.775629447999961 ], [ 108.505822512000066, -7.775258251999958 ], [ 108.505965280000055, -7.77557947899993 ], [ 108.505851065000058, -7.775629447999961 ] ] ], [ [ [ 108.506667221000043, -7.754114360999949 ], [ 108.506554196000081, -7.753781236999941 ], [ 108.506696964000071, -7.753876414999979 ], [ 108.506667221000043, -7.754114360999949 ] ] ], [ [ [ 108.648715119000087, -7.467887340999937 ], [ 108.698929944000042, -7.461901049999938 ], [ 108.706117745000086, -7.477244905999953 ], [ 108.707692534000046, -7.469298332999927 ], [ 108.720304270000042, -7.472208145999957 ], [ 108.71862989300007, -7.48402785299993 ], [ 108.735202901000036, -7.504479795999941 ], [ 108.75477905200006, -7.559280908999938 ], [ 108.74848589000004, -7.567474296999933 ], [ 108.750799606000044, -7.591859381999939 ], [ 108.740542416000039, -7.592633676999981 ], [ 108.731845238000062, -7.613402651999934 ], [ 108.741093769000088, -7.613371103999953 ], [ 108.74884055800004, -7.633028852999928 ], [ 108.769414374000064, -7.654132148999963 ], [ 108.785200430000089, -7.658990393999943 ], [ 108.787797509000086, -7.669330790999936 ], [ 108.800386633000073, -7.667735759999971 ], [ 108.794653400000072, -7.690572599999939 ], [ 108.776533194000081, -7.69948648999997 ], [ 108.775013169000033, -7.690146505999962 ], [ 108.762183964000087, -7.696444051999947 ], [ 108.701702579000084, -7.674377296999978 ], [ 108.674037097000053, -7.681871754999975 ], [ 108.658509210000034, -7.701778726999976 ], [ 108.675963404000072, -7.71625217899998 ], [ 108.670212723000077, -7.730774504999943 ], [ 108.651025463000053, -7.718882672999939 ], [ 108.655370013000038, -7.699541288999967 ], [ 108.640591638000046, -7.687658514999953 ], [ 108.590512090000061, -7.682984290999968 ], [ 108.539125479000063, -7.691283108999926 ], [ 108.502707002000079, -7.711230282999963 ], [ 108.496808521000048, -7.740923583999972 ], [ 108.507659919000048, -7.763750638999966 ], [ 108.495669452000072, -7.794524490999947 ], [ 108.445827386000076, -7.820099934999973 ], [ 108.375463523000064, -7.813526230999969 ], [ 108.342464132000089, -7.819236762999935 ], [ 108.34349214000008, -7.803138184999966 ], [ 108.318096727000068, -7.786620241999969 ], [ 108.325131316000068, -7.778975761999959 ], [ 108.324174735000042, -7.757233758999973 ], [ 108.312933656000041, -7.724589648999938 ], [ 108.321060618000047, -7.725418967999929 ], [ 108.320194995000065, -7.714131465999969 ], [ 108.323877607000043, -7.720081060999973 ], [ 108.332016635000059, -7.713429527999949 ], [ 108.324305112000047, -7.714739012999928 ], [ 108.31445061900007, -7.690225754999972 ], [ 108.324800226000036, -7.69299439599996 ], [ 108.323717383000087, -7.682859383999926 ], [ 108.329930971000067, -7.690890544999945 ], [ 108.340358264000088, -7.681701434999979 ], [ 108.354708186000039, -7.683890092999945 ], [ 108.354429523000078, -7.672282172999928 ], [ 108.366399673000046, -7.659269302999974 ], [ 108.355217226000036, -7.642093495999973 ], [ 108.357521277000046, -7.622299688999931 ], [ 108.36477837700005, -7.622578048999969 ], [ 108.359276918000035, -7.613761827999951 ], [ 108.367361620000054, -7.608707355999968 ], [ 108.358888691000061, -7.608114916999966 ], [ 108.353844030000062, -7.562201533999939 ], [ 108.333185067000045, -7.548626442999932 ], [ 108.339691775000063, -7.494817728999976 ], [ 108.352028076000067, -7.49801804699996 ], [ 108.373491073000082, -7.479064551999954 ], [ 108.399887017000083, -7.479398713999956 ], [ 108.410450529000059, -7.497921574999964 ], [ 108.420305556000073, -7.489833332999979 ], [ 108.432918061000066, -7.504849060999959 ], [ 108.45307645400004, -7.503590118999966 ], [ 108.458061884000074, -7.516163431999928 ], [ 108.485388889000035, -7.528491666999969 ], [ 108.520872846000088, -7.523789077999936 ], [ 108.53463707800006, -7.535726886999953 ], [ 108.52129934800007, -7.544752452999944 ], [ 108.524116849000052, -7.568922923999935 ], [ 108.553003326000066, -7.574307831999931 ], [ 108.646612635000054, -7.540278497999964 ], [ 108.659662827000034, -7.512782414999947 ], [ 108.646186211000042, -7.479487870999947 ], [ 108.648715119000087, -7.467887340999937 ] ] ] ] } },
{ "type": "Feature", "properties": { "kemendagri_kab_code": 3271, "kemendagri_kab_name": "Kota Bogor", "kemendagri_prov_code": 32, "kemendagri_prov_name": "Jawa Barat" }, "geometry": { "type": "Polygon", "coordinates": [ [ [ 106.765091159000065, -6.515495263999981 ], [ 106.788993, -6.515797 ], [ 106.78873320100007, -6.539739634999933 ], [ 106.796278, -6.550889 ], [ 106.802995415000055, -6.538221800999963 ], [ 106.80972558600007, -6.546476035999945 ], [ 106.818865, -6.538141 ], [ 106.82928882300007, -6.550353099999938 ], [ 106.837944459000084, -6.579862420999973 ], [ 106.831946337000034, -6.613600270999939 ], [ 106.848483120000083, -6.647568029999945 ], [ 106.843907379000086, -6.678644669999926 ], [ 106.831087, -6.681089 ], [ 106.819062009000049, -6.671999500999959 ], [ 106.809972, -6.646176 ], [ 106.8058, -6.652168 ], [ 106.805397064000033, -6.648696714999971 ], [ 106.795155692000037, -6.643700639999963 ], [ 106.784761976000084, -6.660374096999931 ], [ 106.771599907000052, -6.653705539999976 ], [ 106.790482230000066, -6.627551465999943 ], [ 106.762897, -6.583116 ], [ 106.749442039000087, -6.572296300999938 ], [ 106.74125136400005, -6.575494047999939 ], [ 106.735484197000062, -6.565328084999976 ], [ 106.739900547000047, -6.542337413999974 ], [ 106.762777859000039, -6.549461788999963 ], [ 106.765091159000065, -6.515495263999981 ] ] ] } },
{ "type": "Feature", "properties": { "kemendagri_kab_code": 3272, "kemendagri_kab_name": "Kota Sukabumi", "kemendagri_prov_code": 32, "kemendagri_prov_name": "Jawa Barat" }, "geometry": { "type": "Polygon", "coordinates": [ [ [ 106.915089035000051, -6.89318359899994 ], [ 106.918065398000067, -6.902888718999975 ], [ 106.954437, -6.904015 ], [ 106.95566849800008, -6.958359136999945 ], [ 106.946500614000058, -6.968960498999934 ], [ 106.931261758000062, -6.965348060999929 ], [ 106.911830616000088, -6.978195512999946 ], [ 106.897304138000038, -6.978071385999954 ], [ 106.888745601000039, -6.969342431999962 ], [ 106.874842555000043, -6.976121515999978 ], [ 106.873792664000064, -6.963114775999941 ], [ 106.911524025000062, -6.952324733999944 ], [ 106.900634, -6.933246 ], [ 106.90099, -6.913942 ], [ 106.915089035000051, -6.89318359899994 ] ] ] } },
{ "type": "Feature", "properties": { "kemendagri_kab_code": 3273, "kemendagri_kab_name": "Kota Bandung", "kemendagri_prov_code": 32, "kemendagri_prov_name": "Jawa Barat" }, "geometry": { "type": "Polygon", "coordinates": [ [ [ 107.616042947000039, -6.847144263999951 ], [ 107.632407344000057, -6.889400171999966 ], [ 107.643216883000036, -6.893025095999974 ], [ 107.645994448000067, -6.888121658999978 ], [ 107.656402071000059, -6.89430822099996 ], [ 107.670125612000049, -6.883989687999929 ], [ 107.668796823000037, -6.892082112999958 ], [ 107.680875290000074, -6.889558179999938 ], [ 107.699950557000079, -6.908294135999938 ], [ 107.707674286000042, -6.889801440999975 ], [ 107.714523028000087, -6.890163027999961 ], [ 107.714946002000033, -6.90401991899995 ], [ 107.726037758000075, -6.895092383999952 ], [ 107.738192045000062, -6.89962763699998 ], [ 107.713028762000079, -6.947474067999963 ], [ 107.71609314300008, -6.961348508999947 ], [ 107.694284434000053, -6.969499126999949 ], [ 107.587071871000035, -6.962485665999964 ], [ 107.561080721000053, -6.949035761999937 ], [ 107.545546181000077, -6.926755134999951 ], [ 107.564526, -6.932265 ], [ 107.568972, -6.910362 ], [ 107.556437594000045, -6.889656136999974 ], [ 107.576185715000065, -6.891020799999978 ], [ 107.575717753000049, -6.867535051999937 ], [ 107.597591417000046, -6.836887229999945 ], [ 107.604543, -6.859352 ], [ 107.616042947000039, -6.847144263999951 ] ] ] } },
{ "type": "Feature", "properties": { "kemendagri_kab_code": 3274, "kemendagri_kab_name": "Kota Cirebon", "kemendagri_prov_code": 32, "kemendagri_prov_name": "Jawa Barat" }, "geometry": { "type": "MultiPolygon", "coordinates": [ [ [ [ 108.562162327000067, -6.691476805999969 ], [ 108.568408907000048, -6.706039871999963 ], [ 108.571590778000086, -6.703465226999981 ], [ 108.574316175000035, -6.707341991999954 ], [ 108.577695763000065, -6.704479032999927 ], [ 108.575021116000073, -6.70699538599996 ], [ 108.574001304000035, -6.707554220999953 ], [ 108.570872331000032, -6.704257973999972 ], [ 108.571369186000084, -6.71727952699996 ], [ 108.573617492000039, -6.715870438999957 ], [ 108.572034644000041, -6.714866731999962 ], [ 108.573378099000081, -6.713019756999927 ], [ 108.573038697000072, -6.712035030999971 ], [ 108.573057677000065, -6.711797832999935 ], [ 108.57351496800004, -6.710567612999967 ], [ 108.578515480000078, -6.705809301999977 ], [ 108.57454363800008, -6.718224429999964 ], [ 108.583934978000059, -6.72961536899993 ], [ 108.589185561000079, -6.726667573999976 ], [ 108.582133098000043, -6.732878254999946 ], [ 108.583307356000034, -6.734568619999948 ], [ 108.585536900000079, -6.73168822599996 ], [ 108.589869871000076, -6.728798646999962 ], [ 108.590283629000055, -6.726975351999954 ], [ 108.589900557000078, -6.728833088999977 ], [ 108.585372708000079, -6.733177717999979 ], [ 108.591098217000081, -6.743284241999959 ], [ 108.560408968000047, -6.755870932999926 ], [ 108.544459308000057, -6.796386793999943 ], [ 108.529604919000064, -6.779184434999934 ], [ 108.537238320000085, -6.760767390999945 ], [ 108.518230847000041, -6.737212237999927 ], [ 108.548818580000045, -6.72556945599996 ], [ 108.542918134000047, -6.696510641999964 ], [ 108.547956602000056, -6.70127705699997 ], [ 108.562162327000067, -6.691476805999969 ] ] ], [ [ [ 108.562307526000041, -6.691181898999957 ], [ 108.562243200000069, -6.691186762999962 ], [ 108.562366667000049, -6.691095226999948 ], [ 108.562307526000041, -6.691181898999957 ] ] ] ] } },
{ "type": "Feature", "properties": { "kemendagri_kab_code": 3275, "kemendagri_kab_name": "Kota Bekasi", "kemendagri_prov_code": 32, "kemendagri_prov_name": "Jawa Barat" }, "geometry": { "type": "Polygon", "coordinates": [ [ [ 107.001949392000085, -6.353781344999959 ], [ 106.979769399000077, -6.36412568999998 ], [ 106.981809473000055, -6.357752752999943 ], [ 106.966188, -6.34242 ], [ 106.975763726000082, -6.341004791999978 ], [ 106.98094870400007, -6.315054895999936 ], [ 106.966712406000056, -6.303057509999974 ], [ 106.961841479000043, -6.335861650999959 ], [ 106.950246081000046, -6.344180526999935 ], [ 106.953818805000083, -6.350698489999957 ], [ 106.943948352000064, -6.358053403999975 ], [ 106.936745927000061, -6.382355821999965 ], [ 106.921818660000042, -6.388869517999979 ], [ 106.921195932000046, -6.397007929999972 ], [ 106.897827, -6.396705 ], [ 106.916177829000048, -6.362938705999966 ], [ 106.922816994000073, -6.314253123999947 ], [ 106.920724972000073, -6.300234290999981 ], [ 106.910284928000067, -6.29413631999995 ], [ 106.904349549000074, -6.26205244099998 ], [ 106.919243641000037, -6.25117834699995 ], [ 106.944002521000073, -6.252396328999964 ], [ 106.942663411000069, -6.23758801799994 ], [ 106.966238194000084, -6.20692921999995 ], [ 106.973004209000067, -6.174971727999946 ], [ 107.010273792000078, -6.172354150999979 ], [ 107.006413987000087, -6.193227079999929 ], [ 107.033783841000059, -6.198784046999947 ], [ 107.030260032000058, -6.226615761999938 ], [ 107.042389589000038, -6.233754355999963 ], [ 107.041496638000069, -6.246120026999961 ], [ 107.01674113100006, -6.264652609999928 ], [ 107.01460787700006, -6.290743697999972 ], [ 107.02493155500008, -6.278818151999928 ], [ 107.036107647000051, -6.282355589999952 ], [ 107.04117046600004, -6.307439256999942 ], [ 107.028965107000033, -6.33014331499993 ], [ 107.016507344000047, -6.330391037999959 ], [ 107.016332241000043, -6.357885950999957 ], [ 107.001949392000085, -6.353781344999959 ] ] ] } },
{ "type": "Feature", "properties": { "kemendagri_kab_code": 3276, "kemendagri_kab_name": "Kota Depok", "kemendagri_prov_code": 32, "kemendagri_prov_name": "Jawa Barat" }, "geometry": { "type": "Polygon", "coordinates": [ [ [ 106.84011683600005, -6.335898182999927 ], [ 106.849012939000033, -6.336942896999972 ], [ 106.862265, -6.357206666999957 ], [ 106.868370906000052, -6.353005535999955 ], [ 106.871593228000052, -6.353084050999939 ], [ 106.884677102000069, -6.372512970999935 ], [ 106.901275640000051, -6.370207186999949 ], [ 106.906024474000048, -6.359665125999925 ], [ 106.914266563000069, -6.36554481099995 ], [ 106.897724, -6.396416 ], [ 106.918458212000075, -6.395645356999978 ], [ 106.917074966000087, -6.409583190999967 ], [ 106.891895785000088, -6.427329239999949 ], [ 106.882127962000084, -6.456558565999956 ], [ 106.855446365000034, -6.45555257999996 ], [ 106.852752984000062, -6.436100152999927 ], [ 106.824155660000088, -6.461867180999946 ], [ 106.823252, -6.444389998999952 ], [ 106.794316433000063, -6.451135853999972 ], [ 106.795146769000041, -6.441644848999942 ], [ 106.787552422000033, -6.439039071999957 ], [ 106.737851, -6.438313 ], [ 106.717914476000033, -6.364108188999978 ], [ 106.769895, -6.361234 ], [ 106.781752891000053, -6.315988706999974 ], [ 106.80924334000008, -6.314835276999929 ], [ 106.792407619000073, -6.348382417999971 ], [ 106.794577962000062, -6.364594416999978 ], [ 106.836290654000038, -6.355077422999955 ], [ 106.84011683600005, -6.335898182999927 ] ] ] } },
{ "type": "Feature", "properties": { "kemendagri_kab_code": 3277, "kemendagri_kab_name": "Kota Cimahi", "kemendagri_prov_code": 32, "kemendagri_prov_name": "Jawa Barat" }, "geometry": { "type": "Polygon", "coordinates": [ [ [ 107.561819653000043, -6.872971907999954 ], [ 107.576185715000065, -6.891020799999978 ], [ 107.556437594000045, -6.889656136999974 ], [ 107.568972, -6.910362 ], [ 107.564153, -6.932868 ], [ 107.545546181000077, -6.926755134999951 ], [ 107.542575688000056, -6.918846942999949 ], [ 107.517982063000034, -6.917443502999959 ], [ 107.511943505000033, -6.889289454999926 ], [ 107.522285446000069, -6.865528100999938 ], [ 107.534770810000055, -6.86054478899996 ], [ 107.539599130000056, -6.832049544999961 ], [ 107.54690673500005, -6.82737691899996 ], [ 107.554924671000038, -6.853574444999936 ], [ 107.563238062000039, -6.856084772999964 ], [ 107.561819653000043, -6.872971907999954 ] ] ] } },
{ "type": "Feature", "properties": { "kemendagri_kab_code": 3278, "kemendagri_kab_name": "Kota Tasikmalaya", "kemendagri_prov_code": 32, "kemendagri_prov_name": "Jawa Barat" }, "geometry": { "type": "Polygon", "coordinates": [ [ [ 108.309448245000056, -7.337143332999972 ], [ 108.286869925000076, -7.347164464999935 ], [ 108.284427893000043, -7.363734821999969 ], [ 108.265202890000069, -7.374429665999969 ], [ 108.282525237000073, -7.384623870999974 ], [ 108.271277276000035, -7.393355609999958 ], [ 108.277903872000081, -7.404977516999963 ], [ 108.268589825000049, -7.425393637999946 ], [ 108.213158794000037, -7.434689730999935 ], [ 108.19969171200006, -7.450503948999938 ], [ 108.187475004000078, -7.446478949999971 ], [ 108.193807135000043, -7.441569958999935 ], [ 108.183784396000078, -7.441188882999938 ], [ 108.186311320000073, -7.414281949999975 ], [ 108.178948768000055, -7.406824765999943 ], [ 108.184632690000058, -7.39527418199998 ], [ 108.171173162000059, -7.38561434099995 ], [ 108.163610485000049, -7.363088000999937 ], [ 108.167136552000045, -7.344116558999929 ], [ 108.152471423000065, -7.334803161999957 ], [ 108.161288332000083, -7.321511686999941 ], [ 108.156400805000033, -7.289485441999943 ], [ 108.176373160000082, -7.288405319999981 ], [ 108.179171860000054, -7.27158486999997 ], [ 108.193317310000054, -7.269313203999957 ], [ 108.202149764000069, -7.286511060999942 ], [ 108.249509022000041, -7.312986812999952 ], [ 108.252488635000077, -7.321373515999937 ], [ 108.269646583000053, -7.318697207999946 ], [ 108.278035149000061, -7.334502102999977 ], [ 108.309448245000056, -7.337143332999972 ] ] ] } },
{ "type": "Feature", "properties": { "kemendagri_kab_code": 3279, "kemendagri_kab_name": "Kota Banjar", "kemendagri_prov_code": 32, "kemendagri_prov_name": "Jawa Barat" }, "geometry": { "type": "Polygon", "coordinates": [ [ [ 108.661982614000067, -7.342293695999956 ], [ 108.650502411000048, -7.388222323999969 ], [ 108.631060163000086, -7.381731898999931 ], [ 108.615591104000089, -7.40584427999994 ], [ 108.600236873000085, -7.394469504999961 ], [ 108.567096082000035, -7.444531996999956 ], [ 108.565423076000059, -7.429809044999956 ], [ 108.544117786000072, -7.412299860999951 ], [ 108.532933716000059, -7.41588300899997 ], [ 108.469615256000054, -7.381886133999956 ], [ 108.478214541000057, -7.368752097999959 ], [ 108.469712836000042, -7.361610289999931 ], [ 108.489172966000069, -7.350014032999979 ], [ 108.523764783000047, -7.359330223999962 ], [ 108.535410991000049, -7.34344876199998 ], [ 108.546604709000064, -7.344299181999929 ], [ 108.559189625000045, -7.332261099999926 ], [ 108.575080613000068, -7.334008360999974 ], [ 108.583440713000073, -7.349767910999958 ], [ 108.645414010000081, -7.345652085999973 ], [ 108.647952055000076, -7.336999283999944 ], [ 108.661982614000067, -7.342293695999956 ] ] ] } }
]
}
