{
"type": "FeatureCollection",
"name": "33",
"crs": { "type": "name", "properties": { "name": "urn:ogc:def:crs:OGC:1.3:CRS84" } },
"features": [
{ "type": "Feature", "properties": { "kemendagri_kab_code": 3301, "kemendagri_kab_name": "Kabupaten Cilacap", "kemendagri_prov_code": 33, "kemendagri_prov_name": "Jawa Tengah" }, "geometry": { "type": "MultiPolygon", "coordinates": [ [ [ [ 108.863654006000047, -7.696435364999957 ], [ 108.868755571000065, -7.697153961999959 ], [ 108.870135658000038, -7.697092095999949 ], [ 108.872110611000039, -7.696521024999981 ], [ 108.873776233000058, -7.697349077999945 ], [ 108.875108732000058, -7.698981387999936 ], [ 108.875302658000066, -7.701576189999969 ], [ 108.876815995000072, -7.705166796999947 ], [ 108.880077594000056, -7.708056369999952 ], [ 108.863654006000047, -7.696435364999957 ] ] ], [ [ [ 108.784882284000048, -7.698377626999957 ], [ 108.78506987600008, -7.698575827999946 ], [ 108.784860482000056, -7.69847589099993 ], [ 108.784882284000048, -7.698377626999957 ] ] ], [ [ [ 108.84788152200008, -7.680514487999972 ], [ 108.871199665000063, -7.696594944999958 ], [ 108.841703209000059, -7.683565019999946 ], [ 108.84788152200008, -7.680514487999972 ] ] ], [ [ [ 108.875184902000058, -7.694264750999935 ], [ 108.869279814000038, -7.688479240999925 ], [ 108.869499529000052, -7.678055657999948 ], [ 108.870882899000037, -7.685053361999962 ], [ 108.875184902000058, -7.694264750999935 ] ] ], [ [ [ 108.867231205000053, -7.683348992999981 ], [ 108.864348831000086, -7.687075331999949 ], [ 108.86301261400007, -7.685524377999968 ], [ 108.867231205000053, -7.683348992999981 ] ] ], [ [ [ 108.819731017000038, -7.683326822999959 ], [ 108.819420568000055, -7.677330157999961 ], [ 108.824126624000087, -7.678343474999963 ], [ 108.824176348000037, -7.679300803999979 ], [ 108.819731017000038, -7.683326822999959 ] ] ], [ [ [ 108.828141982000034, -7.682325304999949 ], [ 108.821472519000054, -7.683510635999937 ], [ 108.828919157000087, -7.67656726499996 ], [ 108.828141982000034, -7.682325304999949 ] ] ], [ [ [ 108.858312413000078, -7.675753357999952 ], [ 108.867268933000048, -7.682749668999975 ], [ 108.862735196000074, -7.685296951999931 ], [ 108.848743966000086, -7.680342913999937 ], [ 108.837203239000075, -7.681896690999963 ], [ 108.858312413000078, -7.675753357999952 ] ] ], [ [ [ 108.817524198000058, -7.680021527999941 ], [ 108.809877007000068, -7.679306842999949 ], [ 108.820049448000077, -7.676300138999977 ], [ 108.817524198000058, -7.680021527999941 ] ] ], [ [ [ 108.811203036000052, -7.676161572999945 ], [ 108.811886351000055, -7.672526995999931 ], [ 108.820381732000044, -7.672998099999973 ], [ 108.811203036000052, -7.676161572999945 ] ] ], [ [ [ 108.859980828000062, -7.67530970699994 ], [ 108.840792854000085, -7.676774978999958 ], [ 108.828934686000082, -7.682595272999947 ], [ 108.85177991200004, -7.665309569999977 ], [ 108.859980828000062, -7.67530970699994 ] ] ], [ [ [ 109.047585407000042, -7.77799519499996 ], [ 109.047457511000061, -7.777813760999948 ], [ 109.047567561000051, -7.777822683999943 ], [ 109.047585407000042, -7.77799519499996 ] ] ], [ [ [ 109.045796414000051, -7.777848277999965 ], [ 109.045784517000072, -7.777705510999965 ], [ 109.045888426000033, -7.777758167999934 ], [ 109.045796414000051, -7.777848277999965 ] ] ], [ [ [ 109.047220765000077, -7.77756347199994 ], [ 109.04729369000006, -7.777919661999931 ], [ 109.047243607000041, -7.777948944999935 ], [ 109.047220765000077, -7.77756347199994 ] ] ], [ [ [ 109.047288341000069, -7.777446402999942 ], [ 109.04708690800004, -7.777496102999976 ], [ 109.047265368000069, -7.777305745999968 ], [ 109.047288341000069, -7.777446402999942 ] ] ], [ [ [ 108.913862182000059, -7.753413330999933 ], [ 108.913510022000082, -7.75367031299993 ], [ 108.913462432000074, -7.753508509999961 ], [ 108.913862182000059, -7.753413330999933 ] ] ], [ [ [ 108.796441488000085, -7.680249436999929 ], [ 108.819917359000044, -7.684990422999931 ], [ 108.841491931000064, -7.684251599999925 ], [ 108.87477767200005, -7.708888229999957 ], [ 108.898042889000067, -7.710295524999935 ], [ 108.910316634000083, -7.707959016999951 ], [ 108.921477349000043, -7.709875341999975 ], [ 108.924446980000084, -7.707049423999933 ], [ 108.925656462000063, -7.71352983099996 ], [ 108.932168726000043, -7.720045809999931 ], [ 108.93415049500004, -7.718460830999959 ], [ 108.933682774000033, -7.712727038999958 ], [ 108.937835776000043, -7.721063891999961 ], [ 108.963244879000058, -7.718414786999972 ], [ 108.984722054000088, -7.741735421999977 ], [ 109.025177041000063, -7.764808028999937 ], [ 109.043533882000077, -7.760021029999962 ], [ 109.050128862000065, -7.774838512999963 ], [ 109.044922602000042, -7.777565375999927 ], [ 109.044315535000067, -7.78390367999998 ], [ 109.038634162000051, -7.784361591999925 ], [ 109.021526247000054, -7.773083080999982 ], [ 109.017397882000068, -7.778555840999957 ], [ 108.995685300000048, -7.775129417999949 ], [ 108.975227884000049, -7.763291598999956 ], [ 108.864200600000061, -7.740648218999979 ], [ 108.813939245000086, -7.734459240999968 ], [ 108.79945546600004, -7.742489921999947 ], [ 108.795891033000089, -7.734675771999946 ], [ 108.785190212000089, -7.735789488999956 ], [ 108.799687463000055, -7.710788734999937 ], [ 108.782952392000084, -7.701995359999955 ], [ 108.798889599000063, -7.693097544999944 ], [ 108.796441488000085, -7.680249436999929 ] ] ], [ [ [ 108.926800790000073, -7.712696900999958 ], [ 108.931032515000084, -7.711971146999929 ], [ 108.932483824000087, -7.718308297999954 ], [ 108.926800790000073, -7.712696900999958 ] ] ], [ [ [ 108.881756482000071, -7.697575235999977 ], [ 108.889771469000038, -7.703738320999946 ], [ 108.894899664000036, -7.708687540999961 ], [ 108.877090517000056, -7.704933980999954 ], [ 108.875491519000036, -7.699495484999943 ], [ 108.878442050000046, -7.699319403999937 ], [ 108.881756482000071, -7.697575235999977 ] ] ], [ [ [ 108.871435410000061, -7.693727274999958 ], [ 108.880759020000085, -7.697582669999974 ], [ 108.875547119000089, -7.699157204999949 ], [ 108.871435410000061, -7.693727274999958 ] ] ], [ [ [ 108.886914397000055, -7.696586335999939 ], [ 108.885535855000057, -7.694985924999969 ], [ 108.887538306000067, -7.694055312999978 ], [ 108.886914397000055, -7.696586335999939 ] ] ], [ [ [ 108.663306046000059, -7.155566550999936 ], [ 108.695453912000062, -7.15192138599997 ], [ 108.696908093000047, -7.166818488999979 ], [ 108.717633198000044, -7.178906150999978 ], [ 108.724105332000079, -7.195241150999948 ], [ 108.775156668000079, -7.198501011999952 ], [ 108.787172946000055, -7.209779657999945 ], [ 108.815180584000075, -7.203244605999942 ], [ 108.818021660000056, -7.231122370999969 ], [ 108.864735239000083, -7.243381353999951 ], [ 108.865267508000045, -7.271645040999942 ], [ 108.881961807000039, -7.271587933999967 ], [ 108.897114215000045, -7.28658805699996 ], [ 108.910363053000083, -7.287730197999963 ], [ 108.911162552000064, -7.30234960599995 ], [ 108.932006631000036, -7.320928437999953 ], [ 108.946454718000041, -7.309507024999959 ], [ 108.955191157000058, -7.33619069699995 ], [ 108.976025176000064, -7.334707543999968 ], [ 108.968288754000071, -7.349550946999955 ], [ 108.945734256000037, -7.362397932999954 ], [ 108.955404687000055, -7.366948203999925 ], [ 108.946450422000055, -7.374736448999954 ], [ 108.950964158000033, -7.382241732999944 ], [ 108.938033331000042, -7.386450003999926 ], [ 108.938480387000084, -7.417862456999956 ], [ 108.91115549500006, -7.446478996999929 ], [ 108.889394457000037, -7.450058048999949 ], [ 108.899287395000044, -7.472116326999981 ], [ 108.917418782000084, -7.462022040999955 ], [ 108.956062133000046, -7.470030670999961 ], [ 108.964422115000048, -7.485973605999959 ], [ 108.956426728000054, -7.495825387999957 ], [ 108.972862489000079, -7.518410614999937 ], [ 109.004391459000033, -7.527387499999975 ], [ 109.003389746000039, -7.544519531999981 ], [ 109.024357523000049, -7.543477802999973 ], [ 109.043579125000065, -7.559563787999934 ], [ 109.058182685000077, -7.556017180999959 ], [ 109.066262270000038, -7.572996283999942 ], [ 109.109064282000077, -7.581612094999969 ], [ 109.153154604000065, -7.578623022999977 ], [ 109.166750830000069, -7.571296730999961 ], [ 109.171320036000054, -7.551251827999977 ], [ 109.180571217000079, -7.549217451999937 ], [ 109.214713751000033, -7.564460943999961 ], [ 109.252090399000053, -7.58998928099993 ], [ 109.267562615000088, -7.591927787999964 ], [ 109.26158231900007, -7.619879862999937 ], [ 109.34315889700008, -7.64171844599997 ], [ 109.35950491400007, -7.639582723999979 ], [ 109.357631982000044, -7.652482819999932 ], [ 109.390430263000042, -7.669950152999945 ], [ 109.378759359000071, -7.686786619999964 ], [ 109.393938713000068, -7.696351610999955 ], [ 109.385871919000067, -7.714915392999956 ], [ 109.39166425500008, -7.725436439999953 ], [ 109.344004526000049, -7.709903709999935 ], [ 109.239161571000068, -7.695593593999945 ], [ 109.14563856500007, -7.688927947999957 ], [ 109.140667337000082, -7.689608746999966 ], [ 109.139845157000082, -7.693377200999976 ], [ 109.138919755000074, -7.69505715899993 ], [ 109.131596720000061, -7.699211240999944 ], [ 109.139955802000088, -7.690136375999941 ], [ 109.133351877000052, -7.694674739999925 ], [ 109.131709865000062, -7.688097672999959 ], [ 109.107152135000035, -7.682623945999978 ], [ 109.041659945000049, -7.707041601999947 ], [ 109.026219157000071, -7.723015466999925 ], [ 109.021646044000079, -7.752094878999969 ], [ 109.015897172000052, -7.752192092999962 ], [ 108.967265903000055, -7.712387373999945 ], [ 108.938114574000053, -7.71981029799997 ], [ 108.935509762000038, -7.71243580099997 ], [ 108.925099355000043, -7.706243582999946 ], [ 108.896873923000044, -7.709326869999927 ], [ 108.887709262000044, -7.692939058999968 ], [ 108.875957361000076, -7.694513703999974 ], [ 108.869478419000075, -7.671557138999958 ], [ 108.859615018000056, -7.658486104999952 ], [ 108.843105474000083, -7.656732251999927 ], [ 108.821537105000061, -7.671400698999946 ], [ 108.787797509000086, -7.669330790999936 ], [ 108.785200430000089, -7.658990393999943 ], [ 108.769414374000064, -7.654132148999963 ], [ 108.74884055800004, -7.633028852999928 ], [ 108.741093769000088, -7.613371103999953 ], [ 108.731845238000062, -7.613402651999934 ], [ 108.740542416000039, -7.592633676999981 ], [ 108.750799606000044, -7.591859381999939 ], [ 108.74848589000004, -7.567474296999933 ], [ 108.75477905200006, -7.559280908999938 ], [ 108.735202901000036, -7.504479795999941 ], [ 108.717355040000086, -7.480510572999947 ], [ 108.712385511000036, -7.458504765999976 ], [ 108.723367649000068, -7.431118358999981 ], [ 108.699569110000084, -7.414749208999979 ], [ 108.697153510000078, -7.400098822999951 ], [ 108.686815140000078, -7.398994824999932 ], [ 108.676291972000058, -7.357589811999958 ], [ 108.647952055000076, -7.336999283999944 ], [ 108.645414010000081, -7.345652085999973 ], [ 108.618606990000046, -7.344588605999945 ], [ 108.617493609000064, -7.350143511999931 ], [ 108.612262661000045, -7.343937019999942 ], [ 108.598640473000046, -7.350498331999972 ], [ 108.591023835000044, -7.344618719999971 ], [ 108.583440713000073, -7.349767910999958 ], [ 108.573937514000079, -7.333538802999954 ], [ 108.558449540000083, -7.334721485999978 ], [ 108.564344736000066, -7.303875956999946 ], [ 108.555976009000062, -7.287800042999947 ], [ 108.585698136000076, -7.242516016999957 ], [ 108.581108355000083, -7.206225940999957 ], [ 108.562688605000062, -7.194199236999964 ], [ 108.562581115000057, -7.170762974999946 ], [ 108.635073896000051, -7.138700808999943 ], [ 108.663306046000059, -7.155566550999936 ] ] ] ] } },
{ "type": "Feature", "properties": { "kemendagri_kab_code": 3302, "kemendagri_kab_name": "Kabupaten Banyumas", "kemendagri_prov_code": 33, "kemendagri_prov_name": "Jawa Tengah" }, "geometry": { "type": "Polygon", "coordinates": [ [ [ 109.361701255000071, -7.485382504999961 ], [ 109.364265869000064, -7.517508272999976 ], [ 109.382367609000084, -7.522286996999981 ], [ 109.404030310000053, -7.540893645999972 ], [ 109.433013942000059, -7.536399311999958 ], [ 109.432853703000035, -7.549708792999979 ], [ 109.415390051000088, -7.569726884999966 ], [ 109.446372991000032, -7.620688869999981 ], [ 109.434837358000038, -7.635749299999929 ], [ 109.424858101000041, -7.632428578999964 ], [ 109.414955155000087, -7.648546169999975 ], [ 109.38842012200007, -7.645273154999927 ], [ 109.381329832000063, -7.66584292899995 ], [ 109.376957168000047, -7.657369503999973 ], [ 109.357631982000044, -7.652482819999932 ], [ 109.359202480000079, -7.639387284999941 ], [ 109.34315889700008, -7.64171844599997 ], [ 109.26158231900007, -7.619879862999937 ], [ 109.267562615000088, -7.591927787999964 ], [ 109.252090399000053, -7.58998928099993 ], [ 109.180571217000079, -7.549217451999937 ], [ 109.171320036000054, -7.551251827999977 ], [ 109.166750830000069, -7.571296730999961 ], [ 109.153154604000065, -7.578623022999977 ], [ 109.109064282000077, -7.581612094999969 ], [ 109.066262270000038, -7.572996283999942 ], [ 109.058182685000077, -7.556017180999959 ], [ 109.043579125000065, -7.559563787999934 ], [ 109.024357523000049, -7.543477802999973 ], [ 109.003389746000039, -7.544519531999981 ], [ 109.004391459000033, -7.527387499999975 ], [ 108.972862489000079, -7.518410614999937 ], [ 108.956426728000054, -7.495825387999957 ], [ 108.964422115000048, -7.485973605999959 ], [ 108.956062133000046, -7.470030670999961 ], [ 108.917418782000084, -7.462022040999955 ], [ 108.899554057000046, -7.47226302699994 ], [ 108.889271545000042, -7.450348321999968 ], [ 108.91115549500006, -7.446478996999929 ], [ 108.938480387000084, -7.417862456999956 ], [ 108.938033331000042, -7.386450003999926 ], [ 108.950964158000033, -7.382241732999944 ], [ 108.946450422000055, -7.374736448999954 ], [ 108.955404687000055, -7.366948203999925 ], [ 108.945734256000037, -7.362397932999954 ], [ 108.968288754000071, -7.349550946999955 ], [ 108.975834678000069, -7.334928413999933 ], [ 109.005158, -7.335054 ], [ 109.011038, -7.328733 ], [ 109.017149, -7.335092 ], [ 109.02814, -7.326226 ], [ 109.039006, -7.339843 ], [ 109.034781, -7.351505 ], [ 109.047409, -7.338789 ], [ 109.064506, -7.338573 ], [ 109.087082, -7.29503 ], [ 109.118786, -7.296597 ], [ 109.123196, -7.283388 ], [ 109.130593, -7.282298 ], [ 109.123108, -7.275486 ], [ 109.137493, -7.275602 ], [ 109.146965, -7.266515 ], [ 109.165132, -7.271215 ], [ 109.202712045000055, -7.246898080999927 ], [ 109.223674, -7.246289 ], [ 109.254933055000038, -7.280550916999971 ], [ 109.312642, -7.410392 ], [ 109.33352874600007, -7.430126063999978 ], [ 109.331324, -7.443055 ], [ 109.341089177000072, -7.457395 ], [ 109.331767450000086, -7.469622890999972 ], [ 109.32659, -7.462517 ], [ 109.320937, -7.482287 ], [ 109.334918, -7.485695 ], [ 109.337378, -7.4935 ], [ 109.345174, -7.47817 ], [ 109.361701255000071, -7.485382504999961 ] ] ] } },
{ "type": "Feature", "properties": { "kemendagri_kab_code": 3303, "kemendagri_kab_name": "Kabupaten Purbalingga", "kemendagri_prov_code": 33, "kemendagri_prov_name": "Jawa Tengah" }, "geometry": { "type": "Polygon", "coordinates": [ [ [ 109.532358784000053, -7.231390728999941 ], [ 109.549813167000082, -7.255424753999932 ], [ 109.569353061000072, -7.264704802999972 ], [ 109.584662058000049, -7.293275300999937 ], [ 109.567304024000066, -7.300747323999929 ], [ 109.562570482000069, -7.332282791999944 ], [ 109.527546935000089, -7.323420698999939 ], [ 109.518544604000056, -7.342791150999972 ], [ 109.530755833000057, -7.355930369999953 ], [ 109.546353369000087, -7.405343253999945 ], [ 109.501684225000076, -7.411298083999952 ], [ 109.505315545000087, -7.450155484999925 ], [ 109.47366161900004, -7.441718584999933 ], [ 109.459401145000072, -7.452642061999939 ], [ 109.450375376000068, -7.446498143999975 ], [ 109.447227468000051, -7.455668892999938 ], [ 109.439912667000044, -7.448544394999942 ], [ 109.430880046000084, -7.459212838999974 ], [ 109.426567090000049, -7.45485730799993 ], [ 109.418209692000062, -7.479075730999966 ], [ 109.402555588000041, -7.46719415299998 ], [ 109.402425561000086, -7.47584158199993 ], [ 109.380666634000079, -7.482794773999956 ], [ 109.373632169000075, -7.477743430999965 ], [ 109.364276418000088, -7.487353331999941 ], [ 109.345174, -7.47817 ], [ 109.337378, -7.4935 ], [ 109.334918, -7.485695 ], [ 109.321229880000033, -7.482780269999978 ], [ 109.32659, -7.462517 ], [ 109.331767450000086, -7.469622890999972 ], [ 109.341089177000072, -7.457395 ], [ 109.331324, -7.443055 ], [ 109.33352874600007, -7.430126063999978 ], [ 109.312806, -7.410701 ], [ 109.254933055000038, -7.280550916999971 ], [ 109.223674, -7.246289 ], [ 109.224617, -7.239105 ], [ 109.277616459000058, -7.219571812999959 ], [ 109.346244959000046, -7.211587515999952 ], [ 109.382482702000061, -7.190183582999964 ], [ 109.410090423000042, -7.201579031999927 ], [ 109.443865170000038, -7.163338385999964 ], [ 109.453283483000064, -7.166379871999936 ], [ 109.456940817000088, -7.195795523999948 ], [ 109.477975167000068, -7.223667811999974 ], [ 109.506933385000082, -7.239194813999973 ], [ 109.532358784000053, -7.231390728999941 ] ] ] } },
{ "type": "Feature", "properties": { "kemendagri_kab_code": 3304, "kemendagri_kab_name": "Kabupaten Banjarnegara", "kemendagri_prov_code": 33, "kemendagri_prov_name": "Jawa Tengah" }, "geometry": { "type": "Polygon", "coordinates": [ [ [ 109.916905621000069, -7.189850483999976 ], [ 109.906604950000087, -7.221644305999973 ], [ 109.870011936000083, -7.226868415999945 ], [ 109.854942918000063, -7.240837434999946 ], [ 109.840240261000076, -7.28600176599997 ], [ 109.796626639000067, -7.327330662999941 ], [ 109.783054789000062, -7.362844912999947 ], [ 109.751179826000055, -7.38865459799996 ], [ 109.792884663000052, -7.412171298999965 ], [ 109.82949353500004, -7.419783963999976 ], [ 109.832779268000081, -7.446540594999931 ], [ 109.787750561000053, -7.448012395999967 ], [ 109.765385047000052, -7.436434463999944 ], [ 109.684417200000041, -7.503461057999971 ], [ 109.645996852000053, -7.494783740999935 ], [ 109.638229229000046, -7.478789495999933 ], [ 109.613227641000037, -7.50420984699997 ], [ 109.587110152000037, -7.515575211999931 ], [ 109.562639582000088, -7.509301295999933 ], [ 109.551388149000047, -7.511525067999969 ], [ 109.545031706000088, -7.52267206099998 ], [ 109.497863507000034, -7.503251964999947 ], [ 109.481820220000088, -7.517864061999944 ], [ 109.404030310000053, -7.540893645999972 ], [ 109.362333127000056, -7.515169388999936 ], [ 109.361701255000071, -7.485382504999961 ], [ 109.37306465100005, -7.478005089999954 ], [ 109.380666634000079, -7.482794773999956 ], [ 109.402425561000086, -7.47584158199993 ], [ 109.402555588000041, -7.46719415299998 ], [ 109.418209692000062, -7.479075730999966 ], [ 109.422697411000058, -7.459187773999929 ], [ 109.439280569000061, -7.448552337999956 ], [ 109.447227468000051, -7.455668892999938 ], [ 109.450375376000068, -7.446498143999975 ], [ 109.459401145000072, -7.452642061999939 ], [ 109.481908230000045, -7.441167120999978 ], [ 109.505315545000087, -7.450155484999925 ], [ 109.501684225000076, -7.411298083999952 ], [ 109.546353369000087, -7.405343253999945 ], [ 109.530755833000057, -7.355930369999953 ], [ 109.518544604000056, -7.342791150999972 ], [ 109.527546935000089, -7.323420698999939 ], [ 109.562570482000069, -7.332282791999944 ], [ 109.567304024000066, -7.300747323999929 ], [ 109.584662058000049, -7.293275300999937 ], [ 109.569353061000072, -7.264704802999972 ], [ 109.538612481000087, -7.244427952999956 ], [ 109.567470406000041, -7.221856427999967 ], [ 109.578204742000082, -7.22201066699995 ], [ 109.589900795000062, -7.206993122999961 ], [ 109.61133624100006, -7.210769367999944 ], [ 109.635818626000059, -7.176619421999931 ], [ 109.680977810000059, -7.173183930999926 ], [ 109.689907107000067, -7.195122392999963 ], [ 109.726387957000043, -7.20195027099993 ], [ 109.752759275000074, -7.17950841499993 ], [ 109.799113181000052, -7.170980690999954 ], [ 109.833039, -7.189549474999978 ], [ 109.848395222000079, -7.177700099999981 ], [ 109.877042741000082, -7.190900812999928 ], [ 109.886753931000044, -7.17857817099997 ], [ 109.904311981000035, -7.195768615999953 ], [ 109.916905621000069, -7.189850483999976 ] ] ] } },
{ "type": "Feature", "properties": { "kemendagri_kab_code": 3305, "kemendagri_kab_name": "Kabupaten Kebumen", "kemendagri_prov_code": 33, "kemendagri_prov_name": "Jawa Tengah" }, "geometry": { "type": "MultiPolygon", "coordinates": [ [ [ [ 109.411624176000089, -7.777923373999954 ], [ 109.411059054000077, -7.777685427999927 ], [ 109.411451666000062, -7.777447481999957 ], [ 109.411624176000089, -7.777923373999954 ] ] ], [ [ [ 109.411022768000066, -7.776324970999951 ], [ 109.411040614000058, -7.776220869999975 ], [ 109.411070357000085, -7.77630712499996 ], [ 109.411022768000066, -7.776324970999951 ] ] ], [ [ [ 109.410769950000088, -7.775733079999952 ], [ 109.410808616000054, -7.775462416999972 ], [ 109.410885949000033, -7.775435647999927 ], [ 109.410769950000088, -7.775733079999952 ] ] ], [ [ [ 109.410323801000061, -7.775495133999925 ], [ 109.410216725000055, -7.775575440999944 ], [ 109.410231597000063, -7.775447544999963 ], [ 109.410323801000061, -7.775495133999925 ] ] ], [ [ [ 109.390690194000058, -7.731431584999939 ], [ 109.390749681000045, -7.731333432999975 ], [ 109.390770501000077, -7.731407790999981 ], [ 109.390690194000058, -7.731431584999939 ] ] ], [ [ [ 109.759179786000061, -7.475387543999943 ], [ 109.755025686000067, -7.496181081999964 ], [ 109.773437739000087, -7.519143431999964 ], [ 109.741116752000039, -7.530889025999954 ], [ 109.730521288000034, -7.559788128999969 ], [ 109.738372751000043, -7.560706269999969 ], [ 109.765411915000072, -7.60439146899995 ], [ 109.802030522000052, -7.611683610999933 ], [ 109.814503587000047, -7.601396267999974 ], [ 109.814743, -7.631305 ], [ 109.798421, -7.646797000999925 ], [ 109.807933, -7.6705 ], [ 109.797773780000057, -7.695322141999952 ], [ 109.802563788000043, -7.708937378999963 ], [ 109.830337, -7.715736000999925 ], [ 109.832002186000068, -7.723231523999971 ], [ 109.839250760000084, -7.77355049199997 ], [ 109.823600276000036, -7.831230020999953 ], [ 109.607263067000076, -7.779643241999963 ], [ 109.504139442000053, -7.76271423399993 ], [ 109.467626922000079, -7.758467448999966 ], [ 109.438055821000034, -7.766677108999943 ], [ 109.434218940000051, -7.775656599999934 ], [ 109.421383181000067, -7.769846234999932 ], [ 109.412155348000056, -7.776336213999969 ], [ 109.409821930000078, -7.766400774999966 ], [ 109.387638969000079, -7.755716030999963 ], [ 109.39297932900007, -7.722739682999929 ], [ 109.385871919000067, -7.714915392999956 ], [ 109.393938713000068, -7.696351610999955 ], [ 109.378759359000071, -7.686786619999964 ], [ 109.390594471000043, -7.672007262999955 ], [ 109.379485549000037, -7.666814044999967 ], [ 109.388183596000033, -7.658491549999951 ], [ 109.383659378000061, -7.652772830999936 ], [ 109.390769979000083, -7.643653814999936 ], [ 109.414955155000087, -7.648546169999975 ], [ 109.424858101000041, -7.632428578999964 ], [ 109.434837358000038, -7.635749299999929 ], [ 109.446372991000032, -7.620863374999942 ], [ 109.415390051000088, -7.569726884999966 ], [ 109.432975786000043, -7.549471323999967 ], [ 109.436638665000089, -7.527570730999969 ], [ 109.481820220000088, -7.517864061999944 ], [ 109.497863507000034, -7.503251964999947 ], [ 109.545031706000088, -7.52267206099998 ], [ 109.551388149000047, -7.511525067999969 ], [ 109.562639582000088, -7.509301295999933 ], [ 109.587110152000037, -7.515575211999931 ], [ 109.613227641000037, -7.50420984699997 ], [ 109.638229229000046, -7.478789495999933 ], [ 109.645996852000053, -7.494783740999935 ], [ 109.684417200000041, -7.503461057999971 ], [ 109.751579709000055, -7.445676052999943 ], [ 109.759179786000061, -7.475387543999943 ] ] ] ] } },
{ "type": "Feature", "properties": { "kemendagri_kab_code": 3306, "kemendagri_kab_name": "Kabupaten Purworejo", "kemendagri_prov_code": 33, "kemendagri_prov_name": "Jawa Tengah" }, "geometry": { "type": "Polygon", "coordinates": [ [ [ 110.04428650400007, -7.534747619999962 ], [ 110.05904276800004, -7.559323199999938 ], [ 110.059700004000035, -7.575487234999969 ], [ 110.067824342000051, -7.570982413999957 ], [ 110.074666149000052, -7.576467051999941 ], [ 110.091518519000033, -7.56557511799997 ], [ 110.101688677000084, -7.569610358999967 ], [ 110.103036177000035, -7.590555467999934 ], [ 110.141558400000065, -7.646558095999978 ], [ 110.115563679000047, -7.673608760999969 ], [ 110.138508302000048, -7.694256707999955 ], [ 110.127238616000056, -7.71602272399997 ], [ 110.134346301000051, -7.721342038999978 ], [ 110.123513724000077, -7.730632860999947 ], [ 110.130719130000045, -7.746946299999934 ], [ 110.112621034000085, -7.764626110999927 ], [ 110.111361112000054, -7.777416666999954 ], [ 110.101705855000034, -7.775072693999959 ], [ 110.080602250000084, -7.806240942999978 ], [ 110.063000031000058, -7.812505551999948 ], [ 110.041590654000061, -7.884441684999956 ], [ 110.031358270000055, -7.896295948999978 ], [ 110.02623075200006, -7.888857771999938 ], [ 110.003453188000037, -7.88828962499997 ], [ 109.823600276000036, -7.831230020999953 ], [ 109.839250760000084, -7.77355049199997 ], [ 109.832002186000068, -7.723231523999971 ], [ 109.830337, -7.715736000999925 ], [ 109.802563788000043, -7.708937378999963 ], [ 109.797773780000057, -7.695322141999952 ], [ 109.807933, -7.6705 ], [ 109.798421, -7.646797000999925 ], [ 109.814743, -7.631305 ], [ 109.818330557000081, -7.590608413999973 ], [ 109.872425701000054, -7.547892434999937 ], [ 109.868035661000079, -7.530932566999979 ], [ 109.874769875000084, -7.526518329999931 ], [ 109.880649130000052, -7.533241259999954 ], [ 109.901237525000056, -7.517686052999977 ], [ 109.941112032000035, -7.534010133999971 ], [ 109.973706812000046, -7.535036755999954 ], [ 109.968294105000041, -7.56289862899996 ], [ 109.978932383000085, -7.576867339999978 ], [ 109.995383458000049, -7.57539788899993 ], [ 109.997256245000074, -7.589864177999971 ], [ 110.017092494000053, -7.586074640999925 ], [ 110.014229710000052, -7.56634225199997 ], [ 110.035409644000083, -7.552216896999937 ], [ 110.033827513000062, -7.532921485999964 ], [ 110.04428650400007, -7.534747619999962 ] ] ] } },
{ "type": "Feature", "properties": { "kemendagri_kab_code": 3307, "kemendagri_kab_name": "Kabupaten Wonosobo", "kemendagri_prov_code": 33, "kemendagri_prov_name": "Jawa Tengah" }, "geometry": { "type": "Polygon", "coordinates": [ [ [ 109.922675106000042, -7.186791333999963 ], [ 109.994394, -7.260332 ], [ 109.9901, -7.280855 ], [ 109.996319976000052, -7.300957147999952 ], [ 110.018969513000059, -7.322007859999928 ], [ 110.031581, -7.348046 ], [ 110.074301404000039, -7.385140237999963 ], [ 110.059548495000058, -7.421824776999927 ], [ 110.064959056000077, -7.459512367999935 ], [ 110.051879834000033, -7.48252378199993 ], [ 110.045794553000064, -7.534527719999971 ], [ 110.033827513000062, -7.532921485999964 ], [ 110.035409644000083, -7.552216896999937 ], [ 110.014229710000052, -7.56634225199997 ], [ 110.017092494000053, -7.586074640999925 ], [ 109.997256245000074, -7.589864177999971 ], [ 109.995383458000049, -7.57539788899993 ], [ 109.978932383000085, -7.576867339999978 ], [ 109.968294105000041, -7.56289862899996 ], [ 109.973706812000046, -7.535036755999954 ], [ 109.941112032000035, -7.534010133999971 ], [ 109.901237525000056, -7.517686052999977 ], [ 109.880649130000052, -7.533241259999954 ], [ 109.874769875000084, -7.526518329999931 ], [ 109.867618950000065, -7.531302295999978 ], [ 109.872425701000054, -7.547892434999937 ], [ 109.844929454000066, -7.565329728999927 ], [ 109.803310939000085, -7.611380673999975 ], [ 109.765411915000072, -7.60439146899995 ], [ 109.738372751000043, -7.560706269999969 ], [ 109.730521288000034, -7.559788128999969 ], [ 109.741116752000039, -7.530889025999954 ], [ 109.773559773000045, -7.518596849999938 ], [ 109.755025686000067, -7.496181081999964 ], [ 109.761341088000052, -7.478890199999967 ], [ 109.752193451000039, -7.446273142999928 ], [ 109.767211656000086, -7.436162435999961 ], [ 109.787750561000053, -7.448012395999967 ], [ 109.832779268000081, -7.446540594999931 ], [ 109.832994247000045, -7.422843972999942 ], [ 109.792884663000052, -7.412171298999965 ], [ 109.751179826000055, -7.38865459799996 ], [ 109.783054789000062, -7.362844912999947 ], [ 109.796626639000067, -7.327330662999941 ], [ 109.840240261000076, -7.28600176599997 ], [ 109.861728077000066, -7.232819519999964 ], [ 109.906604950000087, -7.221644305999973 ], [ 109.910677530000044, -7.199983935999967 ], [ 109.922675106000042, -7.186791333999963 ] ] ] } },
{ "type": "Feature", "properties": { "kemendagri_kab_code": 3308, "kemendagri_kab_name": "Kabupaten Magelang", "kemendagri_prov_code": 33, "kemendagri_prov_name": "Jawa Tengah" }, "geometry": { "type": "Polygon", "coordinates": [ [ [ 110.439345723000088, -7.45358263299994 ], [ 110.432605055000067, -7.476532749999933 ], [ 110.41655705800008, -7.49533228599995 ], [ 110.395418638000081, -7.498621926999931 ], [ 110.377131472000087, -7.51212452599998 ], [ 110.418039324000063, -7.518968966999978 ], [ 110.444924736000075, -7.541798184999948 ], [ 110.36483402500005, -7.615938645999961 ], [ 110.302845722000086, -7.655776906999961 ], [ 110.271926460000088, -7.706460257999936 ], [ 110.260739740000076, -7.687496260999978 ], [ 110.263764668000078, -7.646228792999977 ], [ 110.251226498000051, -7.641972307999936 ], [ 110.238756008000053, -7.653295875999959 ], [ 110.214905478000048, -7.645856056999946 ], [ 110.202501086000041, -7.65392004399996 ], [ 110.189388188000066, -7.64564562299995 ], [ 110.144445762000089, -7.650538389999952 ], [ 110.103036177000035, -7.590555467999934 ], [ 110.101688677000084, -7.569610358999967 ], [ 110.091518519000033, -7.56557511799997 ], [ 110.074666149000052, -7.576467051999941 ], [ 110.067824342000051, -7.570982413999957 ], [ 110.059700004000035, -7.575487234999969 ], [ 110.05904276800004, -7.559323199999938 ], [ 110.044027534000065, -7.537601802999973 ], [ 110.051879834000033, -7.48252378199993 ], [ 110.064959056000077, -7.459512367999935 ], [ 110.059548495000058, -7.421824776999927 ], [ 110.077361774000053, -7.382497460999957 ], [ 110.133220492000078, -7.388460344999942 ], [ 110.17445586000008, -7.381904060999943 ], [ 110.188774504000037, -7.38808770199995 ], [ 110.195427656000049, -7.380940443999975 ], [ 110.214084702000036, -7.390456365999967 ], [ 110.214531448000059, -7.403962888999956 ], [ 110.222478039000066, -7.382167201999948 ], [ 110.232837553000081, -7.38337274099996 ], [ 110.235541159000036, -7.372447485999942 ], [ 110.252518847000033, -7.370391917999939 ], [ 110.254883823000057, -7.382228300999941 ], [ 110.266565330000049, -7.381926652999937 ], [ 110.287582216000033, -7.362998155999946 ], [ 110.315697021000062, -7.353172307999955 ], [ 110.326545296000063, -7.323765980999951 ], [ 110.379139997000038, -7.334552224999925 ], [ 110.381539884000063, -7.354055054999947 ], [ 110.403282340000032, -7.364710368999965 ], [ 110.41434109100004, -7.416649351999979 ], [ 110.439345723000088, -7.45358263299994 ] ], [ [ 110.230831901000045, -7.435356358999968 ], [ 110.211873724000043, -7.446403310999926 ], [ 110.209871169000053, -7.473854200999938 ], [ 110.19889230800004, -7.493030920999956 ], [ 110.205999645000077, -7.492410670999959 ], [ 110.201976027000057, -7.499130957999967 ], [ 110.21248, -7.506027 ], [ 110.236656189000087, -7.504207577999978 ], [ 110.227327610000088, -7.466367029999958 ], [ 110.230831901000045, -7.435356358999968 ] ] ] } },
{ "type": "Feature", "properties": { "kemendagri_kab_code": 3309, "kemendagri_kab_name": "Kabupaten Boyolali", "kemendagri_prov_code": 33, "kemendagri_prov_name": "Jawa Tengah" }, "geometry": { "type": "Polygon", "coordinates": [ [ [ 110.838813386000083, -7.262613684999963 ], [ 110.804247921000069, -7.262539106999952 ], [ 110.794238740000083, -7.275011744999972 ], [ 110.803234325000062, -7.327521312999977 ], [ 110.799827505000053, -7.34898390099994 ], [ 110.786594515000047, -7.363476466999941 ], [ 110.802241852000066, -7.368444877999934 ], [ 110.77272049000004, -7.392305212999929 ], [ 110.76894498300004, -7.415698832999965 ], [ 110.782181691000062, -7.432842831999949 ], [ 110.771278987000073, -7.442086002999929 ], [ 110.789234483000087, -7.458565798999928 ], [ 110.804627433000064, -7.459178295999948 ], [ 110.81541023300008, -7.522693797999978 ], [ 110.807926527000063, -7.534484750999979 ], [ 110.780999970000039, -7.523719454999934 ], [ 110.709249685000088, -7.53226230599995 ], [ 110.711268025000038, -7.548734073999981 ], [ 110.726470401000086, -7.55374878799995 ], [ 110.702649722000046, -7.593577499999981 ], [ 110.641291953000064, -7.58619787899994 ], [ 110.600203753000073, -7.569056417999946 ], [ 110.597141603000068, -7.588338221999948 ], [ 110.573227314000064, -7.582092374999945 ], [ 110.545140396000079, -7.603267732999939 ], [ 110.551130847000081, -7.609788156999969 ], [ 110.541696671000068, -7.616419244999975 ], [ 110.543911827000045, -7.625498304999951 ], [ 110.530636307000066, -7.626124219999951 ], [ 110.514228745000082, -7.608753236999974 ], [ 110.522305071000062, -7.603099449999945 ], [ 110.490604752000081, -7.581955341999958 ], [ 110.465447881000046, -7.54502518399994 ], [ 110.439352145000043, -7.539672734999954 ], [ 110.418039324000063, -7.518968966999978 ], [ 110.377131472000087, -7.51212452599998 ], [ 110.395418638000081, -7.498621926999931 ], [ 110.41655705800008, -7.49533228599995 ], [ 110.433635997000067, -7.474485906999973 ], [ 110.449619204000044, -7.429523523999933 ], [ 110.464411032000044, -7.408930763999933 ], [ 110.480795228000034, -7.402464303999977 ], [ 110.499977182000066, -7.412377196999955 ], [ 110.507390479000037, -7.406601267999974 ], [ 110.516269735000037, -7.415899379999928 ], [ 110.511291247000088, -7.419770133999975 ], [ 110.517347731000086, -7.43972852099995 ], [ 110.538846937000073, -7.434062902999926 ], [ 110.556409900000062, -7.449855871999944 ], [ 110.565255828000033, -7.427147851999962 ], [ 110.57078628000005, -7.437207149999949 ], [ 110.575560960000075, -7.425525149999942 ], [ 110.59628357400004, -7.450893544999929 ], [ 110.585319337000044, -7.449464220999971 ], [ 110.582608676000063, -7.439840620999973 ], [ 110.56591198700005, -7.443745314999944 ], [ 110.582998792000069, -7.447600899999941 ], [ 110.585039081000048, -7.462837121999939 ], [ 110.578562743000077, -7.463853339999957 ], [ 110.601684937000073, -7.490411751999943 ], [ 110.661491847000036, -7.496672038999975 ], [ 110.655322819000048, -7.472883588999935 ], [ 110.628387392000036, -7.466566546999957 ], [ 110.648732347000077, -7.44761011199995 ], [ 110.621704282000053, -7.45435772299993 ], [ 110.638506025000083, -7.405795987999966 ], [ 110.634952189000046, -7.389499256999954 ], [ 110.623067860000049, -7.38087408399997 ], [ 110.636377472000049, -7.370424321999963 ], [ 110.632196924000084, -7.338417309999954 ], [ 110.643442383000036, -7.325056807999943 ], [ 110.608029335000083, -7.334444234999978 ], [ 110.599874514000078, -7.291763570999933 ], [ 110.614056457000061, -7.282754250999972 ], [ 110.624092470000051, -7.28557131499997 ], [ 110.625492640000061, -7.269506263999972 ], [ 110.637073643000065, -7.263601710999978 ], [ 110.623140682000042, -7.222545174999937 ], [ 110.662184365000087, -7.223627693999958 ], [ 110.673795891000054, -7.237567672999944 ], [ 110.692988393000064, -7.241107371999931 ], [ 110.694276082000044, -7.224283057999969 ], [ 110.705835056000069, -7.215096805999963 ], [ 110.692820158000075, -7.205294100999936 ], [ 110.690180741000063, -7.189354209999976 ], [ 110.718025995000062, -7.17205695399997 ], [ 110.742194450000056, -7.139133375999961 ], [ 110.749960071000089, -7.148775141999977 ], [ 110.743837759000087, -7.164280288999976 ], [ 110.768005564000077, -7.176611292999951 ], [ 110.760235468000076, -7.186352486999965 ], [ 110.776754722000078, -7.184281190999968 ], [ 110.775656032000086, -7.190744773999938 ], [ 110.785505682000064, -7.193873076999978 ], [ 110.766790980000053, -7.24444415399995 ], [ 110.801862936000077, -7.234655194999959 ], [ 110.830944084000066, -7.197621104999939 ], [ 110.858449289000077, -7.211751840999966 ], [ 110.843677168000056, -7.216417171999979 ], [ 110.828587149000043, -7.239450761999933 ], [ 110.838813386000083, -7.262613684999963 ] ], [ [ 110.578847040000085, -7.453056959999969 ], [ 110.576961360000041, -7.451454149999961 ], [ 110.575644431000057, -7.453085673999965 ], [ 110.578847040000085, -7.453056959999969 ] ] ] } },
{ "type": "Feature", "properties": { "kemendagri_kab_code": 3310, "kemendagri_kab_name": "Kabupaten Klaten", "kemendagri_prov_code": 33, "kemendagri_prov_name": "Jawa Tengah" }, "geometry": { "type": "Polygon", "coordinates": [ [ [ 110.454628602000071, -7.539069779999977 ], [ 110.477476998000043, -7.555658250999954 ], [ 110.490604752000081, -7.581955341999958 ], [ 110.522305071000062, -7.603099449999945 ], [ 110.514228745000082, -7.608753236999974 ], [ 110.530636307000066, -7.626124219999951 ], [ 110.543911827000045, -7.625498304999951 ], [ 110.541696671000068, -7.616419244999975 ], [ 110.551130847000081, -7.609788156999969 ], [ 110.545140396000079, -7.603267732999939 ], [ 110.573227314000064, -7.582092374999945 ], [ 110.597141603000068, -7.588338221999948 ], [ 110.600203753000073, -7.569056417999946 ], [ 110.641291953000064, -7.58619787899994 ], [ 110.690647087000059, -7.587185958999953 ], [ 110.743614193000042, -7.599055504999967 ], [ 110.747316315000035, -7.616648909999981 ], [ 110.767203087000041, -7.623365755999941 ], [ 110.763490760000082, -7.635948824999957 ], [ 110.799276431000067, -7.642078800999968 ], [ 110.791164546000061, -7.648110973999962 ], [ 110.793868736000036, -7.657048335999946 ], [ 110.786204019000081, -7.656340334999925 ], [ 110.789948759000083, -7.662750984999946 ], [ 110.778060937000078, -7.664741637999953 ], [ 110.781692578000047, -7.681347827999957 ], [ 110.77645842000004, -7.677914094999949 ], [ 110.767398924000076, -7.688689063999959 ], [ 110.774248792000037, -7.69384195899994 ], [ 110.767457384000068, -7.70097732399995 ], [ 110.770359008000071, -7.716855877999933 ], [ 110.742707223000082, -7.761068439999974 ], [ 110.730300670000076, -7.762428544999977 ], [ 110.719300185000066, -7.777808406999952 ], [ 110.710050539000065, -7.804191989999936 ], [ 110.681688376000068, -7.806249018999949 ], [ 110.67123833800008, -7.786138834999974 ], [ 110.65767648700006, -7.804803036999942 ], [ 110.650725650000084, -7.792424315999938 ], [ 110.625783364000085, -7.80318693199996 ], [ 110.604250630000081, -7.798275353999941 ], [ 110.600064176000046, -7.806737406999957 ], [ 110.585814916000061, -7.808581259999926 ], [ 110.586156926000058, -7.802687383999967 ], [ 110.575856121000072, -7.805880204999937 ], [ 110.58197020700004, -7.789032307999946 ], [ 110.563278558000036, -7.781759663999935 ], [ 110.55307360900008, -7.787109794999935 ], [ 110.555027219000067, -7.795060711999952 ], [ 110.546972, -7.790333 ], [ 110.531157651000058, -7.798260357999936 ], [ 110.509520427000041, -7.769298770999967 ], [ 110.491828688000055, -7.766823500999976 ], [ 110.468477001000053, -7.617411398999934 ], [ 110.455012774000068, -7.554800606999947 ], [ 110.445224912000072, -7.541161558999931 ], [ 110.454628602000071, -7.539069779999977 ] ] ] } },
{ "type": "Feature", "properties": { "kemendagri_kab_code": 3311, "kemendagri_kab_name": "Kabupaten Sukoharjo", "kemendagri_prov_code": 33, "kemendagri_prov_name": "Jawa Tengah" }, "geometry": { "type": "Polygon", "coordinates": [ [ [ 110.762777451000034, -7.541705242999967 ], [ 110.783950058000073, -7.563713216999929 ], [ 110.782484310000086, -7.575838949999934 ], [ 110.802043480000066, -7.571498812999948 ], [ 110.818866269000068, -7.59463193299996 ], [ 110.833081169000081, -7.594865119999952 ], [ 110.847097860000076, -7.572930772999939 ], [ 110.868235008000056, -7.566589870999962 ], [ 110.912456058000089, -7.584265440999957 ], [ 110.906440405000069, -7.61379104599996 ], [ 110.946857253000076, -7.618409769999971 ], [ 110.947841194000034, -7.669957286999932 ], [ 110.960435003000043, -7.684079356999973 ], [ 110.95414147200006, -7.683322204999968 ], [ 110.949521553000068, -7.695403688999932 ], [ 110.935710682000035, -7.78018835499995 ], [ 110.910781536000059, -7.756031978999943 ], [ 110.883454164000057, -7.755111763999935 ], [ 110.877374413000041, -7.746417194999935 ], [ 110.878257832000088, -7.752170476999936 ], [ 110.860553222000078, -7.759365370999944 ], [ 110.852287096000055, -7.817923900999972 ], [ 110.83783860300008, -7.797575041999949 ], [ 110.806460496000057, -7.791003807999971 ], [ 110.785325916000033, -7.800102528999957 ], [ 110.785583593000069, -7.816719380999928 ], [ 110.767649046000088, -7.808237146999943 ], [ 110.755113667000046, -7.825690425999937 ], [ 110.743536693000067, -7.818024670999932 ], [ 110.740332084000045, -7.804845322999938 ], [ 110.714777778000041, -7.791277777999937 ], [ 110.770359008000071, -7.716855877999933 ], [ 110.767457384000068, -7.70097732399995 ], [ 110.774248792000037, -7.69384195899994 ], [ 110.767398924000076, -7.688689063999959 ], [ 110.77645842000004, -7.677914094999949 ], [ 110.780276808000053, -7.682152063999979 ], [ 110.781692578000047, -7.681347827999957 ], [ 110.778060937000078, -7.664741637999953 ], [ 110.789910128000088, -7.662792109999941 ], [ 110.786204019000081, -7.656340334999925 ], [ 110.793868736000036, -7.657048335999946 ], [ 110.791196596000077, -7.648030985999981 ], [ 110.799576331000083, -7.643050716999937 ], [ 110.776935066000078, -7.633213387999945 ], [ 110.772550030000048, -7.640271832999929 ], [ 110.763490760000082, -7.635948824999957 ], [ 110.767203087000041, -7.623365755999941 ], [ 110.747316315000035, -7.616648909999981 ], [ 110.743670166000072, -7.599081909999938 ], [ 110.702649722000046, -7.593577499999981 ], [ 110.726470401000086, -7.55374878799995 ], [ 110.711585242000069, -7.546496996999963 ], [ 110.725431818000061, -7.538053285999979 ], [ 110.758896557000071, -7.549836376999963 ], [ 110.762777451000034, -7.541705242999967 ] ] ] } },
{ "type": "Feature", "properties": { "kemendagri_kab_code": 3312, "kemendagri_kab_name": "Kabupaten Wonogiri", "kemendagri_prov_code": 33, "kemendagri_prov_name": "Jawa Tengah" }, "geometry": { "type": "Polygon", "coordinates": [ [ [ 111.142420242000071, -7.709197259999939 ], [ 111.190757718000043, -7.71149242599995 ], [ 111.211997698000062, -7.72220221799995 ], [ 111.236492221000049, -7.750321411999948 ], [ 111.243811089000076, -7.740485480999951 ], [ 111.256516101000045, -7.746063359999937 ], [ 111.271938371000033, -7.737483784999938 ], [ 111.288921787000049, -7.74153257699993 ], [ 111.281907210000043, -7.784575398999948 ], [ 111.297099497000033, -7.80161960199996 ], [ 111.305671256000039, -7.823234444999969 ], [ 111.302492457000085, -7.836955941999975 ], [ 111.314506284000061, -7.851638170999934 ], [ 111.29419086300004, -7.861346222999941 ], [ 111.297162333000074, -7.876933165999958 ], [ 111.280099522000057, -7.91844740199997 ], [ 111.25056655700007, -7.945808654999951 ], [ 111.232675165000046, -7.948690603999978 ], [ 111.222174093000035, -7.930363344999932 ], [ 111.191323810000085, -7.934418441999981 ], [ 111.193110626000077, -7.923175556999979 ], [ 111.183433380000054, -7.915746566999928 ], [ 111.15439069200005, -7.922033509999949 ], [ 111.140202313000088, -7.936914835999971 ], [ 111.144639538000035, -7.952667076999944 ], [ 111.125722449000079, -7.96985942799995 ], [ 111.134994454000037, -8.021206942999981 ], [ 111.116739971000072, -8.04193889499993 ], [ 111.117469348000043, -8.05937475099995 ], [ 111.091048765000039, -8.06343641199993 ], [ 111.079561276000049, -8.042700890999981 ], [ 111.066028879000044, -8.061309526999935 ], [ 111.028550506000045, -8.079954877999967 ], [ 111.00469997600004, -8.072854015999951 ], [ 110.982880848000036, -8.078854974999956 ], [ 110.953412854000078, -8.06165995799995 ], [ 110.915289286000075, -8.11594652499997 ], [ 110.907916637000085, -8.116531994999946 ], [ 110.89528623700005, -8.166718546999959 ], [ 110.900098581000066, -8.211254466999947 ], [ 110.837259085000085, -8.20599426299998 ], [ 110.832625863000032, -8.169175505999931 ], [ 110.825089993000063, -8.168276272999947 ], [ 110.822262195000064, -8.18187349599998 ], [ 110.813843215000077, -8.179634236999959 ], [ 110.815283208000039, -8.153540859999964 ], [ 110.828838142000052, -8.14623925799998 ], [ 110.830492750000076, -8.136343460999967 ], [ 110.814699119000068, -8.137828983999952 ], [ 110.803707609000071, -8.162502440999958 ], [ 110.785615372000052, -8.150690371999929 ], [ 110.788735401000054, -8.110769377999929 ], [ 110.755686482000044, -8.024925369999949 ], [ 110.767476424000051, -7.982264640999972 ], [ 110.77052074900007, -7.903881575999947 ], [ 110.785389085000077, -7.853502592999973 ], [ 110.782482977000086, -7.804026857999929 ], [ 110.803084612000077, -7.791418349999958 ], [ 110.832841337000048, -7.795347879999952 ], [ 110.852287096000055, -7.817923900999972 ], [ 110.863728280000089, -7.753251550999948 ], [ 110.878257832000088, -7.752170476999936 ], [ 110.877374413000041, -7.746417194999935 ], [ 110.883454164000057, -7.755111763999935 ], [ 110.903158046000044, -7.75237587099997 ], [ 110.935710682000035, -7.78018835499995 ], [ 110.941366698000081, -7.739727968999944 ], [ 110.95937990300007, -7.733940839999946 ], [ 110.974714207000034, -7.753055510999957 ], [ 110.964749807000089, -7.766749924999942 ], [ 110.968516372000067, -7.771481096999935 ], [ 110.980118695000044, -7.761857221999946 ], [ 110.999561834000076, -7.767113212999959 ], [ 111.018474046000051, -7.759532551999939 ], [ 111.046040577000042, -7.783012968999969 ], [ 111.050679192000075, -7.759448523999936 ], [ 111.070291351000037, -7.757365235999941 ], [ 111.078863746000081, -7.748381400999961 ], [ 111.093548037000062, -7.751734365999937 ], [ 111.109854455000061, -7.73736598399995 ], [ 111.111794449000058, -7.748618265999937 ], [ 111.129407295000078, -7.729165145999957 ], [ 111.123581051000087, -7.720492090999926 ], [ 111.142420242000071, -7.709197259999939 ] ] ] } },
{ "type": "Feature", "properties": { "kemendagri_kab_code": 3313, "kemendagri_kab_name": "Kabupaten Karanganyar", "kemendagri_prov_code": 33, "kemendagri_prov_name": "Jawa Tengah" }, "geometry": { "type": "MultiPolygon", "coordinates": [ [ [ [ 110.825609259000089, -7.458242987999938 ], [ 110.863977420000083, -7.473249946999942 ], [ 110.872197511000081, -7.48903162299996 ], [ 110.939467440000044, -7.494950681999967 ], [ 111.02230067000005, -7.533935233999955 ], [ 111.024302013000067, -7.527839628999971 ], [ 111.049528976000033, -7.53743013199994 ], [ 111.040658922000034, -7.511424684999952 ], [ 111.057098678000045, -7.509461852999948 ], [ 111.06383930800007, -7.496859948999941 ], [ 111.078382495000085, -7.497243886999968 ], [ 111.078866400000038, -7.524910322999972 ], [ 111.092376910000041, -7.531272340999976 ], [ 111.11156629900006, -7.53153304999995 ], [ 111.109745349000036, -7.523893379999947 ], [ 111.125960636000059, -7.511799767999946 ], [ 111.135962977000077, -7.51400453399998 ], [ 111.148035973000049, -7.525399480999965 ], [ 111.15234812500006, -7.561421196999959 ], [ 111.16833280700007, -7.590218107999931 ], [ 111.196617894000042, -7.609865180999975 ], [ 111.185897054000066, -7.65343371299997 ], [ 111.195568878000074, -7.673190604999945 ], [ 111.18250634900005, -7.689340622999964 ], [ 111.182028078000087, -7.712366316999976 ], [ 111.166331221000064, -7.716470379999976 ], [ 111.142420242000071, -7.709197259999939 ], [ 111.121948642000064, -7.72212077699993 ], [ 111.128869595000083, -7.721340820999956 ], [ 111.129407295000078, -7.729165145999957 ], [ 111.111794449000058, -7.748618265999937 ], [ 111.109854455000061, -7.73736598399995 ], [ 111.093548037000062, -7.751734365999937 ], [ 111.078863746000081, -7.748381400999961 ], [ 111.070291351000037, -7.757365235999941 ], [ 111.050679192000075, -7.759448523999936 ], [ 111.046040577000042, -7.783012968999969 ], [ 111.018474046000051, -7.759532551999939 ], [ 110.999561834000076, -7.767113212999959 ], [ 110.980118695000044, -7.761857221999946 ], [ 110.967793963000076, -7.771037805999981 ], [ 110.974714207000034, -7.753055510999957 ], [ 110.966552480000075, -7.750757349999958 ], [ 110.969103840000059, -7.741295779999973 ], [ 110.95937990300007, -7.733940839999946 ], [ 110.941366698000081, -7.739727968999944 ], [ 110.949617559000046, -7.695087778999948 ], [ 110.95414147200006, -7.683322204999968 ], [ 110.960435003000043, -7.684079356999973 ], [ 110.947841194000034, -7.669957286999932 ], [ 110.946857253000076, -7.618409769999971 ], [ 110.906440405000069, -7.61379104599996 ], [ 110.912456058000089, -7.584265440999957 ], [ 110.861628049000046, -7.567733351999948 ], [ 110.869038324000087, -7.547510578999947 ], [ 110.857757525000068, -7.549825932999966 ], [ 110.858333404000064, -7.533875508999927 ], [ 110.817198516000076, -7.528765373999931 ], [ 110.804626970000072, -7.459169277999933 ], [ 110.825609259000089, -7.458242987999938 ] ] ], [ [ [ 110.726687061000064, -7.526127301999963 ], [ 110.791226294000069, -7.52674516299993 ], [ 110.800815809000085, -7.533477649999952 ], [ 110.796110015000068, -7.548779580999962 ], [ 110.708360900000059, -7.540188243999978 ], [ 110.709249685000088, -7.53226230599995 ], [ 110.726687061000064, -7.526127301999963 ] ] ] ] } },
{ "type": "Feature", "properties": { "kemendagri_kab_code": 3314, "kemendagri_kab_name": "Kabupaten Sragen", "kemendagri_prov_code": 33, "kemendagri_prov_name": "Jawa Tengah" }, "geometry": { "type": "Polygon", "coordinates": [ [ [ 111.148724286000061, -7.264458730999934 ], [ 111.134356808000064, -7.297741377999955 ], [ 111.155279829000051, -7.313331098999981 ], [ 111.141903687000081, -7.332356191999963 ], [ 111.145275784000034, -7.368481436999957 ], [ 111.118424102000063, -7.414884610999934 ], [ 111.128607002000081, -7.461073799999951 ], [ 111.137167106000049, -7.465494968999963 ], [ 111.135153077000041, -7.483595399999956 ], [ 111.152680391000047, -7.499529225999936 ], [ 111.148035973000049, -7.525399480999965 ], [ 111.127629016000071, -7.510951632999934 ], [ 111.109745349000036, -7.523893379999947 ], [ 111.11156629900006, -7.53153304999995 ], [ 111.081414247000055, -7.527601825999966 ], [ 111.078382495000085, -7.497243886999968 ], [ 111.06383930800007, -7.496859948999941 ], [ 111.057098678000045, -7.509461852999948 ], [ 111.040658922000034, -7.511424684999952 ], [ 111.049528976000033, -7.53743013199994 ], [ 111.024302013000067, -7.527839628999971 ], [ 111.02230067000005, -7.533935233999955 ], [ 110.939467440000044, -7.494950681999967 ], [ 110.872197511000081, -7.48903162299996 ], [ 110.863977420000083, -7.473249946999942 ], [ 110.847181201000069, -7.471619762999978 ], [ 110.837860892000037, -7.459166996999954 ], [ 110.793368299000065, -7.460654173999956 ], [ 110.770531310000081, -7.440572854999971 ], [ 110.782181691000062, -7.432842831999949 ], [ 110.769093695000038, -7.418053639999926 ], [ 110.77272049000004, -7.392305212999929 ], [ 110.802241852000066, -7.368444877999934 ], [ 110.786594515000047, -7.363476466999941 ], [ 110.799827505000053, -7.34898390099994 ], [ 110.803234325000062, -7.327521312999977 ], [ 110.793003038000052, -7.278054685999962 ], [ 110.803307973000074, -7.262951251999937 ], [ 110.838813386000083, -7.262613684999963 ], [ 110.858418418000042, -7.271810608999942 ], [ 110.86749252900006, -7.265150798999969 ], [ 110.874349636000034, -7.276205215999937 ], [ 110.895050194000078, -7.273841531999949 ], [ 110.904689768000082, -7.283213952999972 ], [ 110.919701112000041, -7.280487189999974 ], [ 110.922239238000088, -7.269586335999975 ], [ 110.928850787000044, -7.277649544999974 ], [ 110.972361528000079, -7.281612067999959 ], [ 111.007255526000051, -7.260852988999943 ], [ 111.029871556000046, -7.256734061999964 ], [ 111.03197911500007, -7.264497474999928 ], [ 111.057848948000071, -7.270611585999973 ], [ 111.102683132000038, -7.247286060999954 ], [ 111.121641259000057, -7.248054213999978 ], [ 111.127452649000077, -7.257988746999956 ], [ 111.148724286000061, -7.264458730999934 ] ] ] } },
{ "type": "Feature", "properties": { "kemendagri_kab_code": 3315, "kemendagri_kab_name": "Kabupaten Grobogan", "kemendagri_prov_code": 33, "kemendagri_prov_name": "Jawa Tengah" }, "geometry": { "type": "Polygon", "coordinates": [ [ [ 111.097964733000083, -6.930380321999962 ], [ 111.11177886300004, -6.97877021499994 ], [ 111.169365884000058, -6.98399775799993 ], [ 111.217952331000049, -7.03028756599997 ], [ 111.216145511000036, -7.096672358999967 ], [ 111.226584648000085, -7.097582040999953 ], [ 111.249206041000036, -7.177112997999927 ], [ 111.239453704000084, -7.22549274499994 ], [ 111.243233480000072, -7.238714547999962 ], [ 111.222928847000048, -7.254875894999941 ], [ 111.203997811000079, -7.244514592999963 ], [ 111.197847907000039, -7.246758283999952 ], [ 111.199882660000071, -7.255870883999933 ], [ 111.177755873000081, -7.264554396999927 ], [ 111.159661179000068, -7.258016139999938 ], [ 111.146484842000064, -7.264521099999968 ], [ 111.127124862000073, -7.257787875999952 ], [ 111.121641259000057, -7.248054213999978 ], [ 111.102683132000038, -7.247286060999954 ], [ 111.057848948000071, -7.270611585999973 ], [ 111.03197911500007, -7.264497474999928 ], [ 111.029871556000046, -7.256734061999964 ], [ 111.007255526000051, -7.260852988999943 ], [ 110.972361528000079, -7.281612067999959 ], [ 110.928850787000044, -7.277649544999974 ], [ 110.922239238000088, -7.269586335999975 ], [ 110.917349983000065, -7.282009788999972 ], [ 110.900831554000035, -7.28206554999997 ], [ 110.889188421000085, -7.272666890999972 ], [ 110.876991123000039, -7.277279817999954 ], [ 110.867967207000049, -7.26531526399998 ], [ 110.858418418000042, -7.271810608999942 ], [ 110.840206460000047, -7.263576538999928 ], [ 110.827869316000033, -7.248580164999964 ], [ 110.843677168000056, -7.216417171999979 ], [ 110.858720701000038, -7.213595428999952 ], [ 110.849249977000056, -7.201468141999953 ], [ 110.830944084000066, -7.197621104999939 ], [ 110.801862936000077, -7.234655194999959 ], [ 110.766790980000053, -7.24444415399995 ], [ 110.785505682000064, -7.193873076999978 ], [ 110.775656032000086, -7.190744773999938 ], [ 110.776754722000078, -7.184281190999968 ], [ 110.760235468000076, -7.186352486999965 ], [ 110.768005564000077, -7.176611292999951 ], [ 110.743837759000087, -7.164280288999976 ], [ 110.749960071000089, -7.148775141999977 ], [ 110.742359811000085, -7.139133467999955 ], [ 110.718025995000062, -7.17205695399997 ], [ 110.690180741000063, -7.189354209999976 ], [ 110.692820158000075, -7.205294100999936 ], [ 110.705835056000069, -7.215096805999963 ], [ 110.694276082000044, -7.224283057999969 ], [ 110.692988393000064, -7.241107371999931 ], [ 110.644074498000066, -7.219048502999954 ], [ 110.613121934000048, -7.227694309999947 ], [ 110.613564549000046, -7.197545846999958 ], [ 110.601694872000053, -7.194771678999928 ], [ 110.591793050000035, -7.20314081999993 ], [ 110.588103259000036, -7.196007823999935 ], [ 110.580858269000089, -7.200691330999973 ], [ 110.570425162000049, -7.188956471999973 ], [ 110.568752063000034, -7.194382528999938 ], [ 110.555491104000055, -7.186937605999958 ], [ 110.546271230000059, -7.195117270999958 ], [ 110.544938087000048, -7.182426310999972 ], [ 110.537907991000054, -7.180471810999961 ], [ 110.548245974000054, -7.167892801999926 ], [ 110.570485868000048, -7.162125498999956 ], [ 110.581747934000077, -7.119297828999947 ], [ 110.560997231000044, -7.084122688999969 ], [ 110.575328480000053, -7.070107447999931 ], [ 110.588303835000033, -7.072894399999939 ], [ 110.596552904000077, -7.052715769999963 ], [ 110.605572775000041, -7.050639312999976 ], [ 110.625797183000088, -7.010539865999931 ], [ 110.624438229000077, -6.975574368999958 ], [ 110.65852512500004, -6.972532540999964 ], [ 110.671558908000065, -6.975873888999956 ], [ 110.668207799000072, -6.983005089999949 ], [ 110.678456679000078, -6.987223471999926 ], [ 110.673184502000083, -7.008148094999967 ], [ 110.690847575000078, -7.021788944999969 ], [ 110.670411315000081, -7.042838699999947 ], [ 110.669285055000046, -7.05417698399998 ], [ 110.693670696000083, -7.018250320999925 ], [ 110.729170593000049, -7.032927194999957 ], [ 110.762629314000037, -7.02187435899998 ], [ 110.753105312000059, -7.018125247999933 ], [ 110.763885756000036, -7.018857642999933 ], [ 110.764111780000064, -7.004167400999961 ], [ 110.775672135000036, -7.001928097999951 ], [ 110.763876153000069, -7.00007009199993 ], [ 110.772728656000083, -6.989845942999978 ], [ 110.761235267000075, -6.983223614999929 ], [ 110.77416465500005, -6.975625957999966 ], [ 110.764534108000078, -6.968923665999966 ], [ 110.776505809000071, -6.963982425999973 ], [ 110.778586875000087, -6.948726074999968 ], [ 110.79263923600007, -6.956766688999949 ], [ 110.812224396000033, -7.00069045999993 ], [ 110.819431844000064, -6.996008887999949 ], [ 110.827741320000086, -7.002010889999951 ], [ 110.835542252000039, -6.991060379999965 ], [ 110.845272960000045, -6.99021044999995 ], [ 110.851550426000074, -6.999850391999928 ], [ 110.856894307000061, -6.985828301999959 ], [ 110.879032450000068, -6.970650535999937 ], [ 110.893029120000051, -6.984697229999938 ], [ 110.905750510000075, -6.982651928999928 ], [ 110.915121422000084, -6.961136428999964 ], [ 110.931453657000077, -6.972756383999979 ], [ 110.948057173000052, -6.963747600999966 ], [ 110.962689482000087, -6.973313460999975 ], [ 111.060475687000064, -6.969596057999979 ], [ 111.085908905000053, -6.961949789999949 ], [ 111.080041296000047, -6.94603196199995 ], [ 111.097964733000083, -6.930380321999962 ] ] ] } },
{ "type": "Feature", "properties": { "kemendagri_kab_code": 3316, "kemendagri_kab_name": "Kabupaten Blora", "kemendagri_prov_code": 33, "kemendagri_prov_name": "Jawa Tengah" }, "geometry": { "type": "Polygon", "coordinates": [ [ [ 111.263377855000044, -6.855764288999978 ], [ 111.295217496000078, -6.86817280899993 ], [ 111.33008807300007, -6.868999392999967 ], [ 111.347924736000039, -6.886312434999979 ], [ 111.377718013000049, -6.891547824999975 ], [ 111.399675848000072, -6.891165163999972 ], [ 111.412986021000052, -6.882451362999973 ], [ 111.413588021000066, -6.890046419999976 ], [ 111.425441250000063, -6.89414469899998 ], [ 111.453451201000064, -6.875828051999974 ], [ 111.476683023000078, -6.886541699999952 ], [ 111.488117806000048, -6.881225517999951 ], [ 111.497912801000041, -6.894050837999941 ], [ 111.532998149000036, -6.889218214999971 ], [ 111.543832472000076, -6.909006833999968 ], [ 111.58555646700006, -6.906265730999962 ], [ 111.590045986000064, -6.913437033999969 ], [ 111.577186966000056, -6.917456827999956 ], [ 111.567328811000039, -6.952330753999945 ], [ 111.622848334000082, -6.980080990999966 ], [ 111.61322920300006, -7.006695634999971 ], [ 111.613528095000049, -7.035028088999979 ], [ 111.629897822000089, -7.059535807999964 ], [ 111.628120394000064, -7.075416855999947 ], [ 111.619123786000046, -7.073464841999964 ], [ 111.612642124000047, -7.082189333999963 ], [ 111.621996600000045, -7.108428180999965 ], [ 111.613405185000033, -7.110678021999945 ], [ 111.606046512000034, -7.127911053999981 ], [ 111.610556106000047, -7.143463402999942 ], [ 111.598657975000037, -7.145341370999972 ], [ 111.584152796000069, -7.170713840999952 ], [ 111.587221104000037, -7.185557130999939 ], [ 111.565774797000074, -7.187328354999977 ], [ 111.566815903000077, -7.206499039999926 ], [ 111.549764404000086, -7.204629754999928 ], [ 111.536672819000046, -7.215919631999952 ], [ 111.541639289000045, -7.227513934999934 ], [ 111.528009255000086, -7.227142667999942 ], [ 111.502749566000034, -7.248256281999943 ], [ 111.487837407000086, -7.242929336999964 ], [ 111.490291762000084, -7.260429785999975 ], [ 111.477253623000081, -7.25190358499998 ], [ 111.461640166000052, -7.262418901999979 ], [ 111.451898438000057, -7.248000463999972 ], [ 111.451431561000049, -7.274134035999964 ], [ 111.437982305000048, -7.269704895999951 ], [ 111.441930905000049, -7.289592605999928 ], [ 111.423560257000076, -7.31017680399998 ], [ 111.457640085000037, -7.321560200999954 ], [ 111.446163155000079, -7.337050202999933 ], [ 111.462735974000054, -7.345534430999976 ], [ 111.449678970000036, -7.343177838999964 ], [ 111.441750179000053, -7.351059734999978 ], [ 111.444925175000037, -7.361098788999925 ], [ 111.45989942500006, -7.353458658999955 ], [ 111.456069009000089, -7.367904108999937 ], [ 111.462488437000047, -7.37812159799995 ], [ 111.433025522000037, -7.365209199999981 ], [ 111.420189513000082, -7.345667756999944 ], [ 111.371992889000069, -7.340598179999972 ], [ 111.360746426000048, -7.330071216999954 ], [ 111.347053068000037, -7.336232847999952 ], [ 111.344529453000064, -7.319002396999963 ], [ 111.333147232000044, -7.320775006999952 ], [ 111.315365540000073, -7.304878556999938 ], [ 111.295505295000055, -7.301640169999928 ], [ 111.28654687900007, -7.289219938999963 ], [ 111.243551842000045, -7.285007268999948 ], [ 111.222928847000048, -7.254875894999941 ], [ 111.243233480000072, -7.238714547999962 ], [ 111.239453704000084, -7.22549274499994 ], [ 111.249206041000036, -7.177112997999927 ], [ 111.226584648000085, -7.097582040999953 ], [ 111.216145511000036, -7.096672358999967 ], [ 111.217952331000049, -7.03028756599997 ], [ 111.169365884000058, -6.98399775799993 ], [ 111.110651546000042, -6.977375466999945 ], [ 111.097922552000057, -6.930014790999962 ], [ 111.103877690000047, -6.917210965999971 ], [ 111.117316439000035, -6.909004488999926 ], [ 111.136450222000065, -6.920449641999937 ], [ 111.143808034000074, -6.899514437999926 ], [ 111.162800147000041, -6.90886850499993 ], [ 111.20149398600006, -6.89663222799993 ], [ 111.203113220000034, -6.874564863999979 ], [ 111.221938312000077, -6.869119199999943 ], [ 111.225436243000047, -6.84944391199997 ], [ 111.243144600000051, -6.862912649999942 ], [ 111.263377855000044, -6.855764288999978 ] ] ] } },
{ "type": "Feature", "properties": { "kemendagri_kab_code": 3317, "kemendagri_kab_name": "Kabupaten Rembang", "kemendagri_prov_code": 33, "kemendagri_prov_name": "Jawa Tengah" }, "geometry": { "type": "MultiPolygon", "coordinates": [ [ [ [ 111.49260438400006, -6.620666412999981 ], [ 111.508737945000064, -6.632504598999958 ], [ 111.541425700000048, -6.630556810999963 ], [ 111.56232033100008, -6.639273928999955 ], [ 111.69139365500007, -6.75417089299998 ], [ 111.684801574000062, -6.771214228999952 ], [ 111.675145554000039, -6.775243941999975 ], [ 111.669452766000063, -6.763424028999964 ], [ 111.660750563000079, -6.776910366999971 ], [ 111.668128078000052, -6.801727632999928 ], [ 111.656435951000049, -6.826324216999978 ], [ 111.635531512000057, -6.828787152999951 ], [ 111.619195580000053, -6.821665457999927 ], [ 111.60233603000006, -6.911712468999951 ], [ 111.576621168000088, -6.904970569999932 ], [ 111.543832472000076, -6.909006833999968 ], [ 111.532998149000036, -6.889218214999971 ], [ 111.497912801000041, -6.894050837999941 ], [ 111.488117806000048, -6.881225517999951 ], [ 111.476683023000078, -6.886541699999952 ], [ 111.453451201000064, -6.875828051999974 ], [ 111.425441250000063, -6.89414469899998 ], [ 111.413588021000066, -6.890046419999976 ], [ 111.412986021000052, -6.882451362999973 ], [ 111.399675848000072, -6.891165163999972 ], [ 111.377718013000049, -6.891547824999975 ], [ 111.347924736000039, -6.886312434999979 ], [ 111.33008807300007, -6.868999392999967 ], [ 111.295217496000078, -6.86817280899993 ], [ 111.263377855000044, -6.855764288999978 ], [ 111.255839766000065, -6.836656286999926 ], [ 111.270875001000036, -6.828728643999966 ], [ 111.244592763000071, -6.796224250999956 ], [ 111.246992759000079, -6.764228068999955 ], [ 111.233942514000034, -6.752747151999927 ], [ 111.242798854000057, -6.707455351999954 ], [ 111.234176063000064, -6.687284426999952 ], [ 111.291779076000068, -6.687844168999959 ], [ 111.332607394000036, -6.701526847999958 ], [ 111.338490691000061, -6.692906017999974 ], [ 111.342311081000048, -6.702887368999939 ], [ 111.378782988000069, -6.702724474999968 ], [ 111.460991292000074, -6.664768643999935 ], [ 111.467326090000086, -6.657564004999927 ], [ 111.464906001000088, -6.641340520999961 ], [ 111.49260438400006, -6.620666412999981 ] ] ], [ [ [ 111.38377, -6.682175 ], [ 111.383374, -6.68164 ], [ 111.383727, -6.681533 ], [ 111.38377, -6.682175 ] ] ], [ [ [ 111.259288793000053, -6.666154199999937 ], [ 111.25970342100004, -6.666813742999977 ], [ 111.258701397000038, -6.66679133699995 ], [ 111.259288793000053, -6.666154199999937 ] ] ], [ [ [ 111.290445537000039, -6.653666842999939 ], [ 111.290165075000061, -6.652840565999952 ], [ 111.290992200000062, -6.652014287999975 ], [ 111.290445537000039, -6.653666842999939 ] ] ] ] } },
{ "type": "Feature", "properties": { "kemendagri_kab_code": 3318, "kemendagri_kab_name": "Kabupaten Pati", "kemendagri_prov_code": 33, "kemendagri_prov_name": "Jawa Tengah" }, "geometry": { "type": "Polygon", "coordinates": [ [ [ 111.234176063000064, -6.687284426999952 ], [ 111.242798854000057, -6.707455351999954 ], [ 111.233942514000034, -6.752747151999927 ], [ 111.246992759000079, -6.764228068999955 ], [ 111.244592763000071, -6.796224250999956 ], [ 111.270875001000036, -6.828728643999966 ], [ 111.255839766000065, -6.836656286999926 ], [ 111.263377855000044, -6.855764288999978 ], [ 111.243144600000051, -6.862912649999942 ], [ 111.225436243000047, -6.84944391199997 ], [ 111.221938312000077, -6.869119199999943 ], [ 111.203113220000034, -6.874564863999979 ], [ 111.20149398600006, -6.89663222799993 ], [ 111.162800147000041, -6.90886850499993 ], [ 111.143808034000074, -6.899514437999926 ], [ 111.136450222000065, -6.920449641999937 ], [ 111.117708527000048, -6.909045072999959 ], [ 111.107985024000072, -6.914000791999968 ], [ 111.080041296000047, -6.94603196199995 ], [ 111.085908905000053, -6.961949789999949 ], [ 111.060475687000064, -6.969596057999979 ], [ 110.962689482000087, -6.973313460999975 ], [ 110.948057173000052, -6.963747600999966 ], [ 110.931453657000077, -6.972756383999979 ], [ 110.915121422000084, -6.961136428999964 ], [ 110.905750510000075, -6.982651928999928 ], [ 110.893029120000051, -6.984697229999938 ], [ 110.878075970000054, -6.970902519999981 ], [ 110.856894307000061, -6.985828301999959 ], [ 110.851550426000074, -6.999850391999928 ], [ 110.845272960000045, -6.99021044999995 ], [ 110.83472289000008, -6.991253720999964 ], [ 110.827921680000088, -7.001990729999932 ], [ 110.819431844000064, -6.996008887999949 ], [ 110.812952996000035, -7.000989817999937 ], [ 110.804374440000061, -6.990208649999943 ], [ 110.814910889000089, -6.938874244999965 ], [ 110.844196379000039, -6.935801621999929 ], [ 110.857254982000086, -6.901165425999977 ], [ 110.882656097000051, -6.905691861999969 ], [ 110.882004142000085, -6.867550950999942 ], [ 110.947844090000046, -6.85880790899995 ], [ 110.976997137000069, -6.833348035999961 ], [ 110.963046551000048, -6.755891099999928 ], [ 110.944821, -6.755648731999941 ], [ 110.940987289000077, -6.73540948699997 ], [ 110.930771709000055, -6.737997319999977 ], [ 110.924901545000068, -6.737368624999931 ], [ 110.925375938000059, -6.714599310999972 ], [ 110.932098210000049, -6.720733329999973 ], [ 110.937881470000036, -6.710555076999981 ], [ 110.935317993000069, -6.697871684999939 ], [ 110.92517852800006, -6.691744326999981 ], [ 110.897743225000056, -6.636268138999981 ], [ 110.912002993000044, -6.600664993999942 ], [ 110.906098998000061, -6.583095040999979 ], [ 110.917780180000079, -6.540262645999974 ], [ 110.908342679000043, -6.524888922999935 ], [ 110.912549374000037, -6.499683049999931 ], [ 110.929421994000052, -6.495833889999972 ], [ 110.937087944000041, -6.483456006999972 ], [ 110.945489705000057, -6.485259135999968 ], [ 110.973455967000064, -6.456662771999959 ], [ 110.976181512000039, -6.423473204999937 ], [ 110.969325335000065, -6.410414852999963 ], [ 111.047177490000081, -6.427299934999951 ], [ 111.043258445000049, -6.438544607999972 ], [ 111.05948158800004, -6.50892560099993 ], [ 111.117258850000042, -6.625035314999934 ], [ 111.143719181000051, -6.65319233699995 ], [ 111.192808713000034, -6.665824699999973 ], [ 111.234176063000064, -6.687284426999952 ] ] ] } },
{ "type": "Feature", "properties": { "kemendagri_kab_code": 3319, "kemendagri_kab_name": "Kabupaten Kudus", "kemendagri_prov_code": 33, "kemendagri_prov_name": "Jawa Tengah" }, "geometry": { "type": "Polygon", "coordinates": [ [ [ 110.90236800200006, -6.626481174999981 ], [ 110.898086548000038, -6.639787196999976 ], [ 110.909011841000051, -6.648598193999931 ], [ 110.937843323000038, -6.709939002999931 ], [ 110.932098210000049, -6.720733329999973 ], [ 110.925375938000059, -6.714599310999972 ], [ 110.924901545000068, -6.737368624999931 ], [ 110.940987289000077, -6.73540948699997 ], [ 110.944821, -6.755648731999941 ], [ 110.963046551000048, -6.755891099999928 ], [ 110.976997137000069, -6.833348035999961 ], [ 110.947844090000046, -6.85880790899995 ], [ 110.882075787000076, -6.867487117999929 ], [ 110.882656097000051, -6.905691861999969 ], [ 110.857254982000086, -6.901165425999977 ], [ 110.844196379000039, -6.935801621999929 ], [ 110.814910889000089, -6.938874244999965 ], [ 110.812011719000054, -6.976159095999947 ], [ 110.803886414000033, -6.979651927999953 ], [ 110.79263923600007, -6.956766688999949 ], [ 110.772857879000071, -6.944601959999943 ], [ 110.784672216000047, -6.936544721999951 ], [ 110.778105477000054, -6.932405063999965 ], [ 110.788962840000067, -6.931550969999932 ], [ 110.785978080000064, -6.911257049999961 ], [ 110.833580160000054, -6.850389959999973 ], [ 110.797440120000033, -6.83831996999993 ], [ 110.779030079000052, -6.805525050999961 ], [ 110.758323418000089, -6.79422070499993 ], [ 110.767633920000037, -6.770118058999969 ], [ 110.792207522000069, -6.754361395999979 ], [ 110.798141480000083, -6.758519172999968 ], [ 110.816787720000036, -6.748054980999939 ], [ 110.829162598000039, -6.756445884999948 ], [ 110.836906433000081, -6.73794698699993 ], [ 110.822326660000044, -6.732764243999952 ], [ 110.827148437000062, -6.721290110999973 ], [ 110.820541382000044, -6.707716464999976 ], [ 110.83907318100006, -6.702939986999979 ], [ 110.833221436000088, -6.689070224999966 ], [ 110.852828980000083, -6.663197993999972 ], [ 110.86196136500007, -6.624179839999954 ], [ 110.889373779000039, -6.617441176999932 ], [ 110.90236800200006, -6.626481174999981 ] ] ] } },
{ "type": "Feature", "properties": { "kemendagri_kab_code": 3320, "kemendagri_kab_name": "Kabupaten Jepara", "kemendagri_prov_code": 33, "kemendagri_prov_name": "Jawa Tengah" }, "geometry": { "type": "MultiPolygon", "coordinates": [ [ [ [ 110.411268, -5.892773 ], [ 110.406132, -5.891801 ], [ 110.410936, -5.88523 ], [ 110.411268, -5.892773 ] ] ], [ [ [ 110.342481, -5.891178 ], [ 110.344162, -5.890701 ], [ 110.34446, -5.891154 ], [ 110.342481, -5.891178 ] ] ], [ [ [ 110.42618, -5.881546 ], [ 110.433395, -5.896617 ], [ 110.422437, -5.88758 ], [ 110.42618, -5.881546 ] ] ], [ [ [ 110.354858, -5.874838 ], [ 110.356859, -5.878594 ], [ 110.353894, -5.880264 ], [ 110.354858, -5.874838 ] ] ], [ [ [ 110.231617, -5.861861 ], [ 110.231346, -5.863528 ], [ 110.230024, -5.862846 ], [ 110.231617, -5.861861 ] ] ], [ [ [ 110.238976, -5.84812 ], [ 110.239673, -5.850432 ], [ 110.238852, -5.849907 ], [ 110.238976, -5.84812 ] ] ], [ [ [ 110.378491, -5.832837 ], [ 110.378818, -5.831092 ], [ 110.379876, -5.830427 ], [ 110.378491, -5.832837 ] ] ], [ [ [ 110.187555, -5.809999 ], [ 110.195452, -5.817261 ], [ 110.18137, -5.817466 ], [ 110.187555, -5.809999 ] ] ], [ [ [ 110.373498, -5.806409 ], [ 110.374934, -5.807116 ], [ 110.373169, -5.807792 ], [ 110.373498, -5.806409 ] ] ], [ [ [ 110.164441, -5.80119 ], [ 110.163341, -5.799995 ], [ 110.164191, -5.79958 ], [ 110.164441, -5.80119 ] ] ], [ [ [ 110.347438, -5.79546 ], [ 110.342555, -5.798232 ], [ 110.345785, -5.794328 ], [ 110.347438, -5.79546 ] ] ], [ [ [ 110.238809, -5.767013 ], [ 110.238915, -5.769175 ], [ 110.234635, -5.77027 ], [ 110.238809, -5.767013 ] ] ], [ [ [ 110.249961, -5.72582 ], [ 110.255363, -5.755298 ], [ 110.245727, -5.762559 ], [ 110.231832, -5.737731 ], [ 110.249961, -5.72582 ] ] ], [ [ [ 110.18587, -5.737944 ], [ 110.191848, -5.740517 ], [ 110.191962, -5.743348 ], [ 110.18587, -5.737944 ] ] ], [ [ [ 110.403367, -5.733832 ], [ 110.41307, -5.740866 ], [ 110.408365, -5.746032 ], [ 110.403367, -5.733832 ] ] ], [ [ [ 110.402300916000058, -5.731723723999949 ], [ 110.403470301000084, -5.732578638999939 ], [ 110.402949782000064, -5.732869522999977 ], [ 110.402300916000058, -5.731723723999949 ] ] ], [ [ [ 110.410699627000042, -5.731500977999929 ], [ 110.410438179000039, -5.730693949999932 ], [ 110.410464918000059, -5.730652563999968 ], [ 110.410699627000042, -5.731500977999929 ] ] ], [ [ [ 110.919229251000047, -6.404836716999966 ], [ 110.972100037000075, -6.412690614999974 ], [ 110.973871994000035, -6.455650599999956 ], [ 110.945489705000057, -6.485259135999968 ], [ 110.937087944000041, -6.483456006999972 ], [ 110.929421994000052, -6.495833889999972 ], [ 110.912557238000034, -6.49965872599995 ], [ 110.908342679000043, -6.524888922999935 ], [ 110.917780180000079, -6.540262645999974 ], [ 110.908573791000038, -6.557211785999925 ], [ 110.907872, -6.614124998999955 ], [ 110.90236800200006, -6.626481174999981 ], [ 110.889373779000039, -6.617441176999932 ], [ 110.867729187000066, -6.619241237999972 ], [ 110.859397888000046, -6.627864837999937 ], [ 110.852828980000083, -6.663197993999972 ], [ 110.833221436000088, -6.689070224999966 ], [ 110.83907318100006, -6.702939986999979 ], [ 110.820541382000044, -6.707716464999976 ], [ 110.827148437000062, -6.721290110999973 ], [ 110.822326660000044, -6.732764243999952 ], [ 110.836906433000081, -6.73794698699993 ], [ 110.829162598000039, -6.756445884999948 ], [ 110.816787720000036, -6.748054980999939 ], [ 110.798141480000083, -6.758519172999968 ], [ 110.792207522000069, -6.754361395999979 ], [ 110.767633920000037, -6.770118058999969 ], [ 110.758323418000089, -6.79422070499993 ], [ 110.719890469000063, -6.78865273699995 ], [ 110.705037078000089, -6.794842794999965 ], [ 110.694947326000033, -6.768427403999965 ], [ 110.666926888000035, -6.764528689999963 ], [ 110.671547348000047, -6.725937760999955 ], [ 110.666083246000085, -6.717540906999943 ], [ 110.62198976600007, -6.708177010999975 ], [ 110.604454024000063, -6.724736921999977 ], [ 110.594299717000069, -6.724502682999969 ], [ 110.618002038000043, -6.70840446099993 ], [ 110.646475804000033, -6.653549925999926 ], [ 110.638185775000068, -6.618835562999948 ], [ 110.653160505000073, -6.609506088999979 ], [ 110.655162073000042, -6.596423938999976 ], [ 110.643816811000079, -6.584733083999936 ], [ 110.654575487000045, -6.584760652999933 ], [ 110.661778177000087, -6.573767278999981 ], [ 110.644351011000083, -6.556677592999961 ], [ 110.664722006000034, -6.54233783799998 ], [ 110.665447916000062, -6.532494353999937 ], [ 110.677279674000033, -6.533718336999925 ], [ 110.682993494000073, -6.52159936299995 ], [ 110.664280742000074, -6.502569194999978 ], [ 110.690995649000058, -6.49812508499997 ], [ 110.689677576000065, -6.48848976599993 ], [ 110.71129918400004, -6.472340828999961 ], [ 110.714031838000039, -6.457628046999957 ], [ 110.728190710000035, -6.445830609999973 ], [ 110.756327876000057, -6.442172036999978 ], [ 110.785482752000064, -6.425580479999951 ], [ 110.811576440000067, -6.426433379999935 ], [ 110.837828098000045, -6.407186365999962 ], [ 110.919229251000047, -6.404836716999966 ] ] ], [ [ [ 110.625150573000042, -6.575379159999954 ], [ 110.629892118000043, -6.573948645999963 ], [ 110.631119820000038, -6.577754987999981 ], [ 110.625150573000042, -6.575379159999954 ] ] ], [ [ [ 110.923210235000056, -6.382165727999961 ], [ 110.919394049000061, -6.382488857999931 ], [ 110.923398477000035, -6.381037602999925 ], [ 110.923210235000056, -6.382165727999961 ] ] ], [ [ [ 110.455572294000035, -5.873053943999935 ], [ 110.45489490600005, -5.873346528999946 ], [ 110.454912732000082, -5.873062809999965 ], [ 110.455572294000035, -5.873053943999935 ] ] ], [ [ [ 110.585999, -5.862161 ], [ 110.580128, -5.861673 ], [ 110.579804, -5.859818 ], [ 110.585999, -5.862161 ] ] ], [ [ [ 110.464655142000083, -5.826162216999933 ], [ 110.477753, -5.854059 ], [ 110.464271, -5.863664 ], [ 110.447047, -5.863101 ], [ 110.448603, -5.889603 ], [ 110.431327, -5.881796 ], [ 110.432052, -5.85941 ], [ 110.41077, -5.839995 ], [ 110.464655142000083, -5.826162216999933 ] ] ], [ [ [ 110.605896, -5.841853 ], [ 110.608349, -5.847645 ], [ 110.601103, -5.866864 ], [ 110.598951, -5.856431 ], [ 110.605896, -5.841853 ] ] ], [ [ [ 110.585227, -5.843412 ], [ 110.585659, -5.845421 ], [ 110.582812, -5.845559 ], [ 110.585227, -5.843412 ] ] ], [ [ [ 110.509269, -5.820926 ], [ 110.50827, -5.820124 ], [ 110.508975, -5.819598 ], [ 110.509269, -5.820926 ] ] ], [ [ [ 110.458679, -5.811463 ], [ 110.458468, -5.811113 ], [ 110.458577, -5.811027 ], [ 110.458679, -5.811463 ] ] ], [ [ [ 110.509171, -5.809456 ], [ 110.507355, -5.809472 ], [ 110.508053, -5.807492 ], [ 110.509171, -5.809456 ] ] ], [ [ [ 110.484843, -5.770438 ], [ 110.47497, -5.794074 ], [ 110.495063, -5.81796 ], [ 110.482952, -5.823801 ], [ 110.484882, -5.837027 ], [ 110.464067, -5.825478 ], [ 110.479746, -5.811723 ], [ 110.472847, -5.797764 ], [ 110.476596, -5.814333 ], [ 110.467203, -5.81268 ], [ 110.468841, -5.804728 ], [ 110.46115, -5.812055 ], [ 110.461339, -5.800607 ], [ 110.457264, -5.813501 ], [ 110.454075, -5.816226 ], [ 110.449837, -5.813689 ], [ 110.484843, -5.770438 ] ] ], [ [ [ 110.559099, -5.800871 ], [ 110.554827, -5.802673 ], [ 110.560982, -5.798246 ], [ 110.559099, -5.800871 ] ] ], [ [ [ 110.456536, -5.798761 ], [ 110.45445, -5.797688 ], [ 110.456767, -5.798417 ], [ 110.456536, -5.798761 ] ] ], [ [ [ 110.577945, -5.789648 ], [ 110.577955, -5.787978 ], [ 110.579188, -5.789756 ], [ 110.577945, -5.789648 ] ] ], [ [ [ 110.510007, -5.78268 ], [ 110.514595, -5.783209 ], [ 110.513906, -5.785659 ], [ 110.510007, -5.78268 ] ] ] ] } },
{ "type": "Feature", "properties": { "kemendagri_kab_code": 3321, "kemendagri_kab_name": "Kabupaten Demak", "kemendagri_prov_code": 33, "kemendagri_prov_name": "Jawa Tengah" }, "geometry": { "type": "Polygon", "coordinates": [ [ [ 110.758323418000089, -6.79422070499993 ], [ 110.779030079000052, -6.805525050999961 ], [ 110.797440120000033, -6.83831996999993 ], [ 110.833580160000054, -6.850389959999973 ], [ 110.785978080000064, -6.911257049999961 ], [ 110.788962840000067, -6.931550969999932 ], [ 110.777368639000088, -6.933125134999955 ], [ 110.784681903000035, -6.936310172999981 ], [ 110.779675920000045, -6.945966539999972 ], [ 110.772857879000071, -6.944601959999943 ], [ 110.77892064100007, -6.947552609999946 ], [ 110.776505809000071, -6.963982425999973 ], [ 110.764534108000078, -6.968923665999966 ], [ 110.77416465500005, -6.975625957999966 ], [ 110.761235267000075, -6.983223614999929 ], [ 110.772728656000083, -6.989845942999978 ], [ 110.763876153000069, -7.00007009199993 ], [ 110.775672135000036, -7.001928097999951 ], [ 110.764111780000064, -7.004167400999961 ], [ 110.763885756000036, -7.018857642999933 ], [ 110.753105312000059, -7.018125247999933 ], [ 110.762629314000037, -7.02187435899998 ], [ 110.729170593000049, -7.032927194999957 ], [ 110.693670696000083, -7.018250320999925 ], [ 110.690029225000046, -7.03201583699996 ], [ 110.669285055000046, -7.05417698399998 ], [ 110.670411315000081, -7.042838699999947 ], [ 110.690847575000078, -7.021788944999969 ], [ 110.673184502000083, -7.008148094999967 ], [ 110.678456679000078, -6.987223471999926 ], [ 110.668207799000072, -6.983005089999949 ], [ 110.671558908000065, -6.975873888999956 ], [ 110.65852512500004, -6.972532540999964 ], [ 110.624438229000077, -6.975574368999958 ], [ 110.625797183000088, -7.010539865999931 ], [ 110.605572775000041, -7.050639312999976 ], [ 110.596552904000077, -7.052715769999963 ], [ 110.588303835000033, -7.072894399999939 ], [ 110.575328480000053, -7.070107447999931 ], [ 110.560997231000044, -7.084122688999969 ], [ 110.581747934000077, -7.119297828999947 ], [ 110.570547273000045, -7.148200475999943 ], [ 110.542415640000058, -7.128292769999973 ], [ 110.514363766000088, -7.128458295999963 ], [ 110.500891515000035, -7.119821738999974 ], [ 110.499667922000071, -7.09671523399993 ], [ 110.47720174300008, -7.087521847999938 ], [ 110.500996589000067, -7.067352057999926 ], [ 110.481388921000075, -7.05372231399997 ], [ 110.483169595000049, -7.029402176999952 ], [ 110.499221257000045, -7.026074716999972 ], [ 110.501916941000047, -7.009500031999949 ], [ 110.490162369000075, -7.003380384999957 ], [ 110.50168448900007, -6.992838128999949 ], [ 110.502529635000087, -6.957889363999925 ], [ 110.490057183000033, -6.955025816999978 ], [ 110.492138771000043, -6.947179633999951 ], [ 110.481097237000085, -6.945170477999966 ], [ 110.477695604000075, -6.93958392199994 ], [ 110.50179544100007, -6.941074785999945 ], [ 110.478186078000078, -6.923896278999962 ], [ 110.487846775000037, -6.921874333999938 ], [ 110.492506132000074, -6.926835944999937 ], [ 110.485246069000084, -6.927896938999936 ], [ 110.504393364000066, -6.940671039999927 ], [ 110.518026586000076, -6.937187757999936 ], [ 110.509341621000033, -6.931888735999962 ], [ 110.511125433000075, -6.930052490999969 ], [ 110.526694456000087, -6.934967884999935 ], [ 110.523561437000069, -6.930716659999973 ], [ 110.505108528000051, -6.919722903999968 ], [ 110.496944315000064, -6.91352257099993 ], [ 110.486998654000047, -6.914169345999937 ], [ 110.495969235000075, -6.908537721999949 ], [ 110.529545866000035, -6.933127767999963 ], [ 110.494534415000089, -6.903757011999971 ], [ 110.505213999000034, -6.899741662999929 ], [ 110.515628066000033, -6.85943131099998 ], [ 110.52890751800004, -6.847875109999961 ], [ 110.522128592000058, -6.835049021999964 ], [ 110.546425, -6.821029 ], [ 110.560097451000047, -6.804968157999951 ], [ 110.56669716600004, -6.776583047999964 ], [ 110.576104998000062, -6.772476062999942 ], [ 110.564781, -6.762872 ], [ 110.559324208000078, -6.772719516999928 ], [ 110.549342261000049, -6.771956308999961 ], [ 110.550805038000078, -6.762898070999938 ], [ 110.537873287000082, -6.74876272299997 ], [ 110.549154312000042, -6.746058464999976 ], [ 110.555200522000064, -6.755098037999971 ], [ 110.56127007200007, -6.749746184999935 ], [ 110.548865703000047, -6.730859538999937 ], [ 110.565434462000042, -6.720950768999955 ], [ 110.57658613600006, -6.736521945999925 ], [ 110.62198976600007, -6.708177010999975 ], [ 110.664408894000076, -6.716801316999977 ], [ 110.671547348000047, -6.725937760999955 ], [ 110.667366842000035, -6.765055688999951 ], [ 110.694947326000033, -6.768427403999965 ], [ 110.704750288000071, -6.794756828999937 ], [ 110.719890469000063, -6.78865273699995 ], [ 110.758323418000089, -6.79422070499993 ] ] ] } },
{ "type": "Feature", "properties": { "kemendagri_kab_code": 3322, "kemendagri_kab_name": "Kabupaten Semarang", "kemendagri_prov_code": 33, "kemendagri_prov_name": "Jawa Tengah" }, "geometry": { "type": "MultiPolygon", "coordinates": [ [ [ [ 110.57997987300007, -7.450691522999932 ], [ 110.577658193000048, -7.453408167999953 ], [ 110.575644431000057, -7.453085673999965 ], [ 110.57997987300007, -7.450691522999932 ] ] ], [ [ [ 110.460264712000082, -7.079461919999972 ], [ 110.499667922000071, -7.09671523399993 ], [ 110.495780053000033, -7.109907718999978 ], [ 110.513424297000086, -7.128219524999963 ], [ 110.542415640000058, -7.128292769999973 ], [ 110.573838347000049, -7.152191887999948 ], [ 110.570026074000054, -7.162793378999936 ], [ 110.563183606000052, -7.159729623999965 ], [ 110.559168372000045, -7.169437220999953 ], [ 110.537025820000053, -7.176535237999929 ], [ 110.546006048000038, -7.194927900999971 ], [ 110.555491104000055, -7.186937605999958 ], [ 110.568752063000034, -7.194382528999938 ], [ 110.570425162000049, -7.188956471999973 ], [ 110.580858269000089, -7.200691330999973 ], [ 110.588103259000036, -7.196007823999935 ], [ 110.591793050000035, -7.20314081999993 ], [ 110.601694872000053, -7.194771678999928 ], [ 110.614371264000056, -7.199021289999962 ], [ 110.610538701000053, -7.226547435999976 ], [ 110.624029313000051, -7.229557192999948 ], [ 110.637073643000065, -7.263601710999978 ], [ 110.625492640000061, -7.269506263999972 ], [ 110.624092470000051, -7.28557131499997 ], [ 110.614056457000061, -7.282754250999972 ], [ 110.599874514000078, -7.291763570999933 ], [ 110.599615097000083, -7.315446580999946 ], [ 110.608652749000044, -7.334875534999981 ], [ 110.643442383000036, -7.325056807999943 ], [ 110.632196924000084, -7.338417309999954 ], [ 110.636377472000049, -7.370424321999963 ], [ 110.623067860000049, -7.38087408399997 ], [ 110.634952189000046, -7.389499256999954 ], [ 110.638506025000083, -7.405795987999966 ], [ 110.621704282000053, -7.45435772299993 ], [ 110.648732347000077, -7.44761011199995 ], [ 110.628387392000036, -7.466566546999957 ], [ 110.655322819000048, -7.472883588999935 ], [ 110.661491847000036, -7.496672038999975 ], [ 110.601684937000073, -7.490411751999943 ], [ 110.578562743000077, -7.463853339999957 ], [ 110.585039081000048, -7.462837121999939 ], [ 110.582998792000069, -7.447600899999941 ], [ 110.565800449000051, -7.443443125999977 ], [ 110.582608676000063, -7.439840620999973 ], [ 110.594126393000067, -7.453169585999945 ], [ 110.597051520000036, -7.445640509999976 ], [ 110.585997182000085, -7.442374878999942 ], [ 110.591041436000069, -7.438675908999926 ], [ 110.575560960000075, -7.425525149999942 ], [ 110.57078628000005, -7.437207149999949 ], [ 110.565255828000033, -7.427147851999962 ], [ 110.558017033000056, -7.449640303999956 ], [ 110.538846937000073, -7.434062902999926 ], [ 110.517347731000086, -7.43972852099995 ], [ 110.511291247000088, -7.419770133999975 ], [ 110.516269735000037, -7.415899379999928 ], [ 110.507152455000039, -7.406399052999973 ], [ 110.500357071000053, -7.412378049999973 ], [ 110.480795228000034, -7.402464303999977 ], [ 110.464411032000044, -7.408930763999933 ], [ 110.437492532000078, -7.452770262999934 ], [ 110.41434109100004, -7.416649351999979 ], [ 110.403282340000032, -7.364710368999965 ], [ 110.381539884000063, -7.354055054999947 ], [ 110.379139997000038, -7.334552224999925 ], [ 110.326545296000063, -7.323765980999951 ], [ 110.32730669700004, -7.313652630999968 ], [ 110.314082067000072, -7.309850423999933 ], [ 110.332827704000067, -7.296295129999976 ], [ 110.294411514000046, -7.271582794999972 ], [ 110.280883018000054, -7.253756729999964 ], [ 110.269575994000036, -7.253393901999971 ], [ 110.272935444000041, -7.23701475799993 ], [ 110.248323835000065, -7.20751802999996 ], [ 110.25675, -7.19425 ], [ 110.276057080000044, -7.198845320999965 ], [ 110.284973131000072, -7.188187275999951 ], [ 110.305431059000057, -7.195398876999946 ], [ 110.366392364000035, -7.175840887999925 ], [ 110.343821132000073, -7.155309085999932 ], [ 110.353322697000067, -7.136429100999976 ], [ 110.348867263000045, -7.105083574999981 ], [ 110.368933868000056, -7.109313292999957 ], [ 110.376155488000052, -7.094562715999928 ], [ 110.376955566000049, -7.111472664999951 ], [ 110.395824153000035, -7.115463945999977 ], [ 110.415858185000047, -7.108999388999962 ], [ 110.422642643000074, -7.097935534999976 ], [ 110.45059625500005, -7.091475271999968 ], [ 110.460264712000082, -7.079461919999972 ] ], [ [ 110.497115004000079, -7.288539965999973 ], [ 110.466281582000079, -7.296979773999965 ], [ 110.475891727000032, -7.312832034999929 ], [ 110.46907735700006, -7.339364462999981 ], [ 110.475648195000076, -7.374434582999982 ], [ 110.488857663000033, -7.376879452999958 ], [ 110.492413782000085, -7.390407134999975 ], [ 110.514735343000041, -7.38563094899996 ], [ 110.509058167000035, -7.378034846999981 ], [ 110.515442041000085, -7.362857799999972 ], [ 110.534906505000038, -7.359543448999943 ], [ 110.527162821000047, -7.346905135999975 ], [ 110.529619284000034, -7.333610041999975 ], [ 110.516736362000074, -7.320205660999932 ], [ 110.522673573000077, -7.291773944999932 ], [ 110.502330984000082, -7.302154210999959 ], [ 110.497115004000079, -7.288539965999973 ] ] ] ] } },
{ "type": "Feature", "properties": { "kemendagri_kab_code": 3323, "kemendagri_kab_name": "Kabupaten Temanggung", "kemendagri_prov_code": 33, "kemendagri_prov_name": "Jawa Tengah" }, "geometry": { "type": "Polygon", "coordinates": [ [ [ 110.25675, -7.19425 ], [ 110.248323835000065, -7.20751802999996 ], [ 110.272935444000041, -7.23701475799993 ], [ 110.269575994000036, -7.253393901999971 ], [ 110.280883018000054, -7.253756729999964 ], [ 110.294411514000046, -7.271582794999972 ], [ 110.33290022500006, -7.296537641999976 ], [ 110.314082067000072, -7.309850423999933 ], [ 110.327451772000074, -7.314113415999941 ], [ 110.316635215000076, -7.352418413999942 ], [ 110.287582216000033, -7.362998155999946 ], [ 110.266565330000049, -7.381926652999937 ], [ 110.254883823000057, -7.382228300999941 ], [ 110.252518847000033, -7.370391917999939 ], [ 110.235541159000036, -7.372447485999942 ], [ 110.232837553000081, -7.38337274099996 ], [ 110.222478039000066, -7.382167201999948 ], [ 110.214531448000059, -7.403962888999956 ], [ 110.214084702000036, -7.390456365999967 ], [ 110.195427656000049, -7.380940443999975 ], [ 110.188774504000037, -7.38808770199995 ], [ 110.17445586000008, -7.381904060999943 ], [ 110.133220492000078, -7.388460344999942 ], [ 110.070491764000053, -7.384724672999937 ], [ 109.996319976000052, -7.300957147999952 ], [ 109.9901, -7.280855 ], [ 109.994394, -7.260332 ], [ 109.935504897000044, -7.201756388999968 ], [ 109.970314027000086, -7.187969169999974 ], [ 110.059844972000064, -7.118926009999939 ], [ 110.076591501000053, -7.12090490199995 ], [ 110.120170620000067, -7.093126257999927 ], [ 110.175376892000088, -7.101048910999964 ], [ 110.183334339000055, -7.077495549999981 ], [ 110.193321237000077, -7.080751396999972 ], [ 110.187843347000069, -7.102033097999936 ], [ 110.193435655000087, -7.105724299999963 ], [ 110.165512078000063, -7.113066638999953 ], [ 110.159225473000049, -7.126074767999967 ], [ 110.144958500000087, -7.125271299999952 ], [ 110.140426642000079, -7.138090101999978 ], [ 110.184921277000058, -7.151649455999973 ], [ 110.192543037000064, -7.172481027999936 ], [ 110.213523870000074, -7.185625046999974 ], [ 110.245551443000068, -7.184391455999958 ], [ 110.25675, -7.19425 ] ] ] } },
{ "type": "Feature", "properties": { "kemendagri_kab_code": 3324, "kemendagri_kab_name": "Kabupaten Kendal", "kemendagri_prov_code": 33, "kemendagri_prov_name": "Jawa Tengah" }, "geometry": { "type": "Polygon", "coordinates": [ [ [ 110.307042744000057, -6.937784346999933 ], [ 110.291016304000038, -6.954164832999936 ], [ 110.299536840000087, -6.960435009999969 ], [ 110.284821668000063, -6.970730955999954 ], [ 110.295006553000064, -6.981009495999956 ], [ 110.281674201000044, -6.990552897999976 ], [ 110.285735642000077, -7.010150342999964 ], [ 110.27489513900008, -7.011638457999936 ], [ 110.269710760000066, -7.021474181999963 ], [ 110.271569801000055, -7.041175087999932 ], [ 110.294374762000075, -7.053979161999962 ], [ 110.304901758000085, -7.101501604999953 ], [ 110.314706857000033, -7.107756780999978 ], [ 110.345217861000037, -7.100207772999966 ], [ 110.346478360000049, -7.08500173699997 ], [ 110.353322697000067, -7.136429100999976 ], [ 110.343821132000073, -7.155309085999932 ], [ 110.366392364000035, -7.175840887999925 ], [ 110.305431059000057, -7.195398876999946 ], [ 110.284973131000072, -7.188187275999951 ], [ 110.272363441000039, -7.199215270999957 ], [ 110.245551443000068, -7.184391455999958 ], [ 110.213523870000074, -7.185625046999974 ], [ 110.192543037000064, -7.172481027999936 ], [ 110.184921277000058, -7.151649455999973 ], [ 110.146711135000089, -7.144033408999974 ], [ 110.138519298000062, -7.133657911999933 ], [ 110.144958500000087, -7.125271299999952 ], [ 110.159492514000078, -7.125880217999963 ], [ 110.166358948000038, -7.112602677999973 ], [ 110.193435655000087, -7.105724299999963 ], [ 110.187843347000069, -7.102033097999936 ], [ 110.193321237000077, -7.080751396999972 ], [ 110.183334339000055, -7.077495549999981 ], [ 110.175376892000088, -7.101048910999964 ], [ 110.119949352000049, -7.093162502999974 ], [ 110.076591501000053, -7.12090490199995 ], [ 110.055648824000059, -7.121102304999965 ], [ 109.960792540000057, -7.193010300999958 ], [ 109.935504897000044, -7.201756388999968 ], [ 109.922675106000042, -7.186791333999963 ], [ 109.963332004000051, -7.094559156999935 ], [ 109.977408948000061, -7.081756190999954 ], [ 109.974304121000046, -7.033650559999955 ], [ 110.013158225000041, -7.018620449999958 ], [ 110.024952101000054, -6.997525770999971 ], [ 110.051042248000044, -6.979987045999962 ], [ 110.050952885000072, -6.941537561999951 ], [ 110.040423601000043, -6.942194736999966 ], [ 110.030767776000062, -6.930127532999961 ], [ 110.045026604000043, -6.921229221999965 ], [ 110.026323537000053, -6.911800053999968 ], [ 110.039236987000038, -6.903193042999931 ], [ 110.074868637000066, -6.900185893999947 ], [ 110.140431412000055, -6.875805979999939 ], [ 110.17395732500006, -6.854017818999978 ], [ 110.172590999000079, -6.833058516999927 ], [ 110.179322568000089, -6.848416663999956 ], [ 110.213168866000046, -6.859097339999948 ], [ 110.215314960000057, -6.861410767999928 ], [ 110.219285643000035, -6.86136025199994 ], [ 110.22422922700008, -6.863653359999944 ], [ 110.22705635300008, -6.865663888999961 ], [ 110.217972185000065, -6.863854649999951 ], [ 110.254621819000079, -6.909811064999928 ], [ 110.276066939000088, -6.916699379999955 ], [ 110.28275024800007, -6.90960129299998 ], [ 110.287381276000076, -6.921911886999965 ], [ 110.30689095200006, -6.927908127999956 ], [ 110.307042744000057, -6.937784346999933 ] ] ] } },
{ "type": "Feature", "properties": { "kemendagri_kab_code": 3325, "kemendagri_kab_name": "Kabupaten Batang", "kemendagri_prov_code": 33, "kemendagri_prov_name": "Jawa Tengah" }, "geometry": { "type": "Polygon", "coordinates": [ [ [ 109.703191409000056, -6.868076643999927 ], [ 109.875581078000039, -6.916226018999964 ], [ 109.927113844000075, -6.912204821999978 ], [ 109.982350767000071, -6.924297843999966 ], [ 110.026323537000053, -6.911800053999968 ], [ 110.045026604000043, -6.921229221999965 ], [ 110.030767776000062, -6.930127532999961 ], [ 110.040423601000043, -6.942194736999966 ], [ 110.050952885000072, -6.941537561999951 ], [ 110.051042248000044, -6.979987045999962 ], [ 110.024952101000054, -6.997525770999971 ], [ 110.013158225000041, -7.018620449999958 ], [ 109.974304121000046, -7.033650559999955 ], [ 109.977408948000061, -7.081756190999954 ], [ 109.963332004000051, -7.094559156999935 ], [ 109.921358719000068, -7.189047513999981 ], [ 109.904311981000035, -7.195768615999953 ], [ 109.886753931000044, -7.17857817099997 ], [ 109.877042741000082, -7.190900812999928 ], [ 109.848395222000079, -7.177700099999981 ], [ 109.833039, -7.189549474999978 ], [ 109.778892524000071, -7.155901428999925 ], [ 109.770690928000079, -7.140731813999935 ], [ 109.771429448000049, -7.113746397999932 ], [ 109.743484491000061, -7.111281868999981 ], [ 109.738779842000042, -7.099867772999971 ], [ 109.754150053000046, -7.090524601999959 ], [ 109.759446972000035, -7.069426284999963 ], [ 109.751135064000039, -7.044367110999929 ], [ 109.758820868000043, -7.030464686999949 ], [ 109.748977661000083, -6.999727245999964 ], [ 109.744010918000072, -6.995284074999972 ], [ 109.731162280000035, -7.003117117999977 ], [ 109.721358270000053, -6.986176664999959 ], [ 109.706489554000086, -6.985661515999936 ], [ 109.702876160000073, -6.964980656999955 ], [ 109.673294868000085, -6.93530433199993 ], [ 109.696983018000083, -6.926156954999954 ], [ 109.694484936000038, -6.909888818999946 ], [ 109.703382540000064, -6.906272915999978 ], [ 109.711395287000073, -6.883547047999969 ], [ 109.703191409000056, -6.868076643999927 ] ] ] } },
{ "type": "Feature", "properties": { "kemendagri_kab_code": 3326, "kemendagri_kab_name": "Kabupaten Pekalongan", "kemendagri_prov_code": 33, "kemendagri_prov_name": "Jawa Tengah" }, "geometry": { "type": "Polygon", "coordinates": [ [ [ 109.66313907600005, -6.850634986999978 ], [ 109.663216211000076, -6.877910463999967 ], [ 109.653910235000069, -6.872419244999946 ], [ 109.645257441000069, -6.880764349999936 ], [ 109.651095291000047, -6.887948896999944 ], [ 109.643513406000068, -6.892183455999941 ], [ 109.64224805200007, -6.917899209999973 ], [ 109.652229856000076, -6.924633063999977 ], [ 109.657721192000054, -6.918767422999963 ], [ 109.669499798000061, -6.922246684999948 ], [ 109.666979266000055, -6.927171026999929 ], [ 109.668081708000045, -6.935589238999967 ], [ 109.671644608000065, -6.936817947999941 ], [ 109.668985600000042, -6.92666511699997 ], [ 109.675510079000048, -6.926606078999953 ], [ 109.675292194000065, -6.94026519199997 ], [ 109.702876160000073, -6.964980656999955 ], [ 109.706489554000086, -6.985661515999936 ], [ 109.721358270000053, -6.986176664999959 ], [ 109.731162280000035, -7.003117117999977 ], [ 109.744010918000072, -6.995284074999972 ], [ 109.748977661000083, -6.999727245999964 ], [ 109.758820868000043, -7.030464686999949 ], [ 109.751135064000039, -7.044367110999929 ], [ 109.759446972000035, -7.069426284999963 ], [ 109.754150053000046, -7.090524601999959 ], [ 109.739036552000073, -7.101677410999969 ], [ 109.743904112000052, -7.111640441999953 ], [ 109.77164797100005, -7.113939706999929 ], [ 109.771423342000048, -7.142778868999926 ], [ 109.799113181000052, -7.170980690999954 ], [ 109.752759275000074, -7.17950841499993 ], [ 109.726387957000043, -7.20195027099993 ], [ 109.689907107000067, -7.195122392999963 ], [ 109.680977810000059, -7.173183930999926 ], [ 109.670025711000051, -7.178518693999933 ], [ 109.646690489000036, -7.172708713999953 ], [ 109.634905102000062, -7.177553008999951 ], [ 109.61133624100006, -7.210769367999944 ], [ 109.589900795000062, -7.206993122999961 ], [ 109.578204742000082, -7.22201066699995 ], [ 109.567470406000041, -7.221856427999967 ], [ 109.538612481000087, -7.244427952999956 ], [ 109.521194454000067, -7.216485976999934 ], [ 109.524932869000054, -7.19481991899994 ], [ 109.505319619000034, -7.167976803999977 ], [ 109.490699761000087, -7.128933910999933 ], [ 109.494118323000066, -7.109565673999953 ], [ 109.504592899000045, -7.101272071999972 ], [ 109.483428944000082, -7.02994679699998 ], [ 109.497367859000065, -7.010080330999926 ], [ 109.497798283000066, -6.96572853999993 ], [ 109.512615466000057, -6.947347334999961 ], [ 109.561505999000076, -6.924078 ], [ 109.565788268000063, -6.885218622999957 ], [ 109.582176218000086, -6.876558301999978 ], [ 109.588539126000057, -6.86296410999995 ], [ 109.583869936000042, -6.850262606999934 ], [ 109.595651739000061, -6.84082013099993 ], [ 109.66313907600005, -6.850634986999978 ] ] ] } },
{ "type": "Feature", "properties": { "kemendagri_kab_code": 3327, "kemendagri_kab_name": "Kabupaten Pemalang", "kemendagri_prov_code": 33, "kemendagri_prov_name": "Jawa Tengah" }, "geometry": { "type": "Polygon", "coordinates": [ [ [ 109.595489430000043, -6.840986099999952 ], [ 109.589088438000033, -6.850041378999947 ], [ 109.583869936000042, -6.850262606999934 ], [ 109.588539126000057, -6.86296410999995 ], [ 109.582176218000086, -6.876558301999978 ], [ 109.565788268000063, -6.885218622999957 ], [ 109.561505999000076, -6.924078 ], [ 109.512615466000057, -6.947347334999961 ], [ 109.497798283000066, -6.96572853999993 ], [ 109.497367859000065, -7.010080330999926 ], [ 109.483444212000052, -7.029572494999968 ], [ 109.504554760000076, -7.099962239999968 ], [ 109.494118323000066, -7.109565673999953 ], [ 109.490699761000087, -7.128933910999933 ], [ 109.505319619000034, -7.167976803999977 ], [ 109.524932869000054, -7.19481991899994 ], [ 109.519691467000087, -7.209380158999977 ], [ 109.532081743000049, -7.231723176999935 ], [ 109.506933385000082, -7.239194813999973 ], [ 109.477975167000068, -7.223667811999974 ], [ 109.456940817000088, -7.195795523999948 ], [ 109.453283483000064, -7.166379871999936 ], [ 109.443865170000038, -7.163338385999964 ], [ 109.410090423000042, -7.201579031999927 ], [ 109.382482702000061, -7.190183582999964 ], [ 109.346244959000046, -7.211587515999952 ], [ 109.325677063000057, -7.209535678999941 ], [ 109.255042450000076, -7.224927789999981 ], [ 109.224617, -7.239105 ], [ 109.222716, -7.24723 ], [ 109.202896, -7.24716 ], [ 109.213913183000045, -7.235037026999976 ], [ 109.199949908000065, -7.224443489999942 ], [ 109.198029442000063, -7.170643480999956 ], [ 109.187458168000035, -7.156181763999939 ], [ 109.194595119000041, -7.144644586999959 ], [ 109.18721669200005, -7.136595393999926 ], [ 109.21552302200007, -7.129377949999935 ], [ 109.234779737000054, -7.077407292999965 ], [ 109.275612165000041, -7.052839735999953 ], [ 109.290418901000066, -6.997131180999929 ], [ 109.311746692000042, -6.98858645699994 ], [ 109.31655229900008, -6.967477247999966 ], [ 109.321164449000037, -6.972923108999964 ], [ 109.322374834000072, -6.963378182999975 ], [ 109.335650213000065, -6.957089845999974 ], [ 109.329292692000081, -6.954962516999956 ], [ 109.333306557000071, -6.936221880999938 ], [ 109.325309391000076, -6.925415256999941 ], [ 109.347556496000038, -6.891389843999946 ], [ 109.355906416000039, -6.89218950299994 ], [ 109.359917885000073, -6.874062024999944 ], [ 109.351004762000059, -6.861691241999949 ], [ 109.379841370000065, -6.861355955999954 ], [ 109.439661685000033, -6.840685099999973 ], [ 109.482975299000088, -6.81311468399997 ], [ 109.509527442000035, -6.785550468999929 ], [ 109.511930137000036, -6.793454457999928 ], [ 109.51746425500005, -6.790202945999965 ], [ 109.52271857900007, -6.771996463999926 ], [ 109.558945357000084, -6.826060447999964 ], [ 109.595489430000043, -6.840986099999952 ] ] ] } },
{ "type": "Feature", "properties": { "kemendagri_kab_code": 3328, "kemendagri_kab_name": "Kabupaten Tegal", "kemendagri_prov_code": 33, "kemendagri_prov_name": "Jawa Tengah" }, "geometry": { "type": "Polygon", "coordinates": [ [ [ 109.351004762000059, -6.861691241999949 ], [ 109.359917885000073, -6.874062024999944 ], [ 109.355906416000039, -6.89218950299994 ], [ 109.347556496000038, -6.891389843999946 ], [ 109.325309391000076, -6.925415256999941 ], [ 109.333306557000071, -6.936221880999938 ], [ 109.329292692000081, -6.954962516999956 ], [ 109.335650213000065, -6.957089845999974 ], [ 109.322374834000072, -6.963378182999975 ], [ 109.321164449000037, -6.972923108999964 ], [ 109.31655229900008, -6.967477247999966 ], [ 109.311746692000042, -6.98858645699994 ], [ 109.290418901000066, -6.997131180999929 ], [ 109.275612165000041, -7.052839735999953 ], [ 109.234779737000054, -7.077407292999965 ], [ 109.21552302200007, -7.129377949999935 ], [ 109.18721669200005, -7.136595393999926 ], [ 109.194595119000041, -7.144644586999959 ], [ 109.187458168000035, -7.156181763999939 ], [ 109.198029442000063, -7.170643480999956 ], [ 109.199949908000065, -7.224443489999942 ], [ 109.213913183000045, -7.235037026999976 ], [ 109.20423024300004, -7.246159994999971 ], [ 109.187988278000034, -7.246604433999948 ], [ 109.173416743000075, -7.231298308999953 ], [ 109.149767360000055, -7.241654486999948 ], [ 109.113302280000084, -7.211554587999956 ], [ 109.057566118000068, -7.19156886199994 ], [ 109.055710440000041, -7.184868987999948 ], [ 109.084338155000069, -7.147679341999947 ], [ 109.072476298000083, -7.127998828999978 ], [ 109.061032061000049, -7.123769532999972 ], [ 109.058156497000084, -7.12427757599994 ], [ 109.055001388000051, -7.15031270299994 ], [ 109.036792864000063, -7.140560298999958 ], [ 109.01767957800007, -7.143833523999945 ], [ 109.008926040000063, -7.135744144999933 ], [ 109.001656444000048, -7.141931950999947 ], [ 108.97657756600006, -7.137672115999976 ], [ 108.972543931000075, -7.148488959999952 ], [ 108.962541404000035, -7.147734921999927 ], [ 108.95237777400007, -7.123515815999951 ], [ 108.979779648000033, -7.120136980999973 ], [ 108.985963980000065, -7.09673393199995 ], [ 108.968478169000036, -7.061474425999961 ], [ 108.987710997000079, -7.060571646999961 ], [ 109.004112132000046, -7.041134730999943 ], [ 109.015878619000034, -7.048370978999969 ], [ 109.024596596000038, -7.044647632999954 ], [ 109.018483709000066, -7.024507085999971 ], [ 109.032824326000082, -6.984063447999972 ], [ 109.04529380200006, -6.986760352999966 ], [ 109.053405157000043, -6.975647704999972 ], [ 109.065972448000082, -6.97536394499997 ], [ 109.066579800000056, -6.993960649999963 ], [ 109.075075016000085, -6.994336006999958 ], [ 109.070592755000064, -6.972456146999946 ], [ 109.082299121000062, -6.927311628999973 ], [ 109.074587135000058, -6.913246231999949 ], [ 109.076363127000036, -6.889176021999958 ], [ 109.102503373000047, -6.890147949999971 ], [ 109.11632297400007, -6.899166055999956 ], [ 109.130298048000043, -6.895352399999979 ], [ 109.132842095000058, -6.885241550999979 ], [ 109.146551741000053, -6.888444764999974 ], [ 109.162255477000087, -6.844534769999939 ], [ 109.192473698000072, -6.860891807999963 ], [ 109.273540805000039, -6.873424695999972 ], [ 109.351004762000059, -6.861691241999949 ] ] ] } },
{ "type": "Feature", "properties": { "kemendagri_kab_code": 3329, "kemendagri_kab_name": "Kabupaten Brebes", "kemendagri_prov_code": 33, "kemendagri_prov_name": "Jawa Tengah" }, "geometry": { "type": "Polygon", "coordinates": [ [ [ 109.102127799000073, -6.840226360999964 ], [ 109.07573889300005, -6.875285601999963 ], [ 109.074587135000058, -6.913246231999949 ], [ 109.082299121000062, -6.927311628999973 ], [ 109.070592755000064, -6.972456146999946 ], [ 109.075075016000085, -6.994336006999958 ], [ 109.066579800000056, -6.993960649999963 ], [ 109.065972448000082, -6.97536394499997 ], [ 109.053405157000043, -6.975647704999972 ], [ 109.04529380200006, -6.986760352999966 ], [ 109.032824326000082, -6.984063447999972 ], [ 109.018483709000066, -7.024507085999971 ], [ 109.024596596000038, -7.044647632999954 ], [ 109.015878619000034, -7.048370978999969 ], [ 109.004112132000046, -7.041134730999943 ], [ 108.987710997000079, -7.060571646999961 ], [ 108.969294499000057, -7.060443978999956 ], [ 108.985766574000081, -7.095825097999978 ], [ 108.984484635000058, -7.111330598999928 ], [ 108.967568253000081, -7.126456828999949 ], [ 108.951338902000089, -7.127489991999937 ], [ 108.965860753000072, -7.15089960499995 ], [ 108.976089484000056, -7.137835498999948 ], [ 108.992683399000043, -7.135719773999938 ], [ 109.05651066300004, -7.150003248999951 ], [ 109.058156497000084, -7.12427757599994 ], [ 109.072476298000083, -7.127998828999978 ], [ 109.084338155000069, -7.147679341999947 ], [ 109.055710440000041, -7.184868987999948 ], [ 109.057566118000068, -7.19156886199994 ], [ 109.113302280000084, -7.211554587999956 ], [ 109.147473001000037, -7.240757741999971 ], [ 109.174591906000046, -7.23150957799993 ], [ 109.196899, -7.249746 ], [ 109.165132, -7.271215 ], [ 109.146965, -7.266515 ], [ 109.137493, -7.275602 ], [ 109.123108, -7.275486 ], [ 109.130593, -7.282298 ], [ 109.123196, -7.283388 ], [ 109.118786, -7.296597 ], [ 109.087082, -7.29503 ], [ 109.064506, -7.338573 ], [ 109.047409, -7.338789 ], [ 109.033997, -7.351401 ], [ 109.039006, -7.339843 ], [ 109.02814, -7.326226 ], [ 109.016519, -7.335184 ], [ 109.011038, -7.328733 ], [ 109.005158, -7.335054 ], [ 108.955191157000058, -7.33619069699995 ], [ 108.946454718000041, -7.309507024999959 ], [ 108.932006631000036, -7.320928437999953 ], [ 108.911162552000064, -7.30234960599995 ], [ 108.910363053000083, -7.287730197999963 ], [ 108.896695429000033, -7.286340592999977 ], [ 108.893078649000074, -7.275566392999963 ], [ 108.864391867000052, -7.27063805399996 ], [ 108.864735239000083, -7.243381353999951 ], [ 108.818021660000056, -7.231122370999969 ], [ 108.815180584000075, -7.203244605999942 ], [ 108.787172946000055, -7.209779657999945 ], [ 108.775156668000079, -7.198501011999952 ], [ 108.724105332000079, -7.195241150999948 ], [ 108.717633198000044, -7.178906150999978 ], [ 108.696908093000047, -7.166818488999979 ], [ 108.693743409000035, -7.152851052999949 ], [ 108.725482111000076, -7.115599705999955 ], [ 108.767287407000083, -7.11326582099997 ], [ 108.778394051000078, -7.09510107899996 ], [ 108.774444114000062, -7.083256023999979 ], [ 108.787493734000066, -7.056102280999937 ], [ 108.776341895000087, -7.038835232999929 ], [ 108.792587854000033, -7.03096336699997 ], [ 108.794059678000053, -7.008486511999934 ], [ 108.758017900000084, -6.984180580999976 ], [ 108.763447563000057, -6.939801461999934 ], [ 108.752821791000088, -6.92063337299993 ], [ 108.766976512000042, -6.901521655999943 ], [ 108.761240201000078, -6.896120980999967 ], [ 108.771360223000045, -6.895240102999935 ], [ 108.778694786000074, -6.874801120999962 ], [ 108.783255771000086, -6.884682794999947 ], [ 108.792921693000039, -6.880139428999939 ], [ 108.824700172000064, -6.832263664999971 ], [ 108.829505218000065, -6.785861439999962 ], [ 108.848421752000036, -6.818683911999926 ], [ 108.868448254000043, -6.806707828999947 ], [ 108.929426874000058, -6.82590879299994 ], [ 108.947410404000038, -6.824831054999947 ], [ 108.968988736000085, -6.805589273999942 ], [ 108.99070690700006, -6.805350809999936 ], [ 108.996779292000042, -6.797812677999957 ], [ 109.012452522000046, -6.805177169999979 ], [ 109.015950330000067, -6.80046583799998 ], [ 109.015702315000055, -6.79415953299997 ], [ 109.020809114000087, -6.783794818999979 ], [ 109.024243224000088, -6.79516622999995 ], [ 109.043921366000063, -6.802516484999956 ], [ 109.037632451000036, -6.785125598999969 ], [ 109.053072979000035, -6.790181688999951 ], [ 109.066340584000045, -6.758505720999949 ], [ 109.064647412000056, -6.789790474999961 ], [ 109.07935694300005, -6.768935986999963 ], [ 109.075716368000087, -6.783669609999947 ], [ 109.079732898000088, -6.776340869999956 ], [ 109.086109853000039, -6.773066730999972 ], [ 109.080475290000038, -6.777597224999965 ], [ 109.086509603000081, -6.774437300999978 ], [ 109.080997978000084, -6.78021344299998 ], [ 109.08766046900007, -6.782117010999968 ], [ 109.065171765000059, -6.808957182999961 ], [ 109.102127799000073, -6.840226360999964 ] ] ] } },
{ "type": "Feature", "properties": { "kemendagri_kab_code": 3371, "kemendagri_kab_name": "Kota Magelang", "kemendagri_prov_code": 33, "kemendagri_prov_name": "Jawa Tengah" }, "geometry": { "type": "Polygon", "coordinates": [ [ [ 110.211873724000043, -7.446403310999926 ], [ 110.230831901000045, -7.435356358999968 ], [ 110.227327610000088, -7.466367029999958 ], [ 110.236656189000087, -7.504207577999978 ], [ 110.21248, -7.506027 ], [ 110.201976027000057, -7.499130957999967 ], [ 110.205999645000077, -7.492410670999959 ], [ 110.19889230800004, -7.493030920999956 ], [ 110.209871169000053, -7.473854200999938 ], [ 110.211873724000043, -7.446403310999926 ] ] ] } },
{ "type": "Feature", "properties": { "kemendagri_kab_code": 3372, "kemendagri_kab_name": "Kota Surakarta", "kemendagri_prov_code": 33, "kemendagri_prov_name": "Jawa Tengah" }, "geometry": { "type": "Polygon", "coordinates": [ [ [ 110.81541023300008, -7.522693797999978 ], [ 110.817198516000076, -7.528765373999931 ], [ 110.858080297000072, -7.533708605999948 ], [ 110.857757525000068, -7.549825932999966 ], [ 110.869038324000087, -7.547510578999947 ], [ 110.860261038000033, -7.569766089999973 ], [ 110.847097860000076, -7.572930772999939 ], [ 110.832890812000073, -7.594912708999971 ], [ 110.818866269000068, -7.59463193299996 ], [ 110.802043480000066, -7.571498812999948 ], [ 110.782484310000086, -7.575838949999934 ], [ 110.783950058000073, -7.563713216999929 ], [ 110.769159329000047, -7.551401885999951 ], [ 110.770906783000044, -7.545251563999955 ], [ 110.796110015000068, -7.548779580999962 ], [ 110.800807746000089, -7.533491762999972 ], [ 110.808148881000079, -7.534457131999943 ], [ 110.81541023300008, -7.522693797999978 ] ] ] } },
{ "type": "Feature", "properties": { "kemendagri_kab_code": 3373, "kemendagri_kab_name": "Kota Salatiga", "kemendagri_prov_code": 33, "kemendagri_prov_name": "Jawa Tengah" }, "geometry": { "type": "Polygon", "coordinates": [ [ [ 110.484691677000058, -7.286156993999953 ], [ 110.488958, -7.292211778999956 ], [ 110.497115004000079, -7.288539965999973 ], [ 110.502330984000082, -7.302154210999959 ], [ 110.52258977300005, -7.291605111999957 ], [ 110.516736362000074, -7.320205660999932 ], [ 110.535176341000067, -7.353825215999962 ], [ 110.52820128500008, -7.365159845999926 ], [ 110.515442041000085, -7.362857799999972 ], [ 110.509058167000035, -7.378034846999981 ], [ 110.514884331000076, -7.385550494999961 ], [ 110.492413782000085, -7.390407134999975 ], [ 110.488857663000033, -7.376879452999958 ], [ 110.475648195000076, -7.374434582999982 ], [ 110.46907735700006, -7.339364462999981 ], [ 110.475891727000032, -7.312832034999929 ], [ 110.466302217000077, -7.29689898099997 ], [ 110.484691677000058, -7.286156993999953 ] ] ] } },
{ "type": "Feature", "properties": { "kemendagri_kab_code": 3374, "kemendagri_kab_name": "Kota Semarang", "kemendagri_prov_code": 33, "kemendagri_prov_name": "Jawa Tengah" }, "geometry": { "type": "MultiPolygon", "coordinates": [ [ [ [ 110.460941154000068, -6.934089358999927 ], [ 110.469164912000053, -6.943133031999935 ], [ 110.492138771000043, -6.947179633999951 ], [ 110.490225353000085, -6.955143823999947 ], [ 110.501802586000053, -6.95506015999996 ], [ 110.505225363000079, -6.979672309999955 ], [ 110.490162369000075, -7.003380384999957 ], [ 110.501916941000047, -7.009500031999949 ], [ 110.499221257000045, -7.026074716999972 ], [ 110.483169595000049, -7.029402176999952 ], [ 110.481388921000075, -7.05372231399997 ], [ 110.500996589000067, -7.067352057999926 ], [ 110.476644036000039, -7.087924043999976 ], [ 110.459065763000069, -7.077540622999948 ], [ 110.45059625500005, -7.091475271999968 ], [ 110.422642643000074, -7.097935534999976 ], [ 110.415858185000047, -7.108999388999962 ], [ 110.395824153000035, -7.115463945999977 ], [ 110.376955566000049, -7.111472664999951 ], [ 110.376155488000052, -7.094562715999928 ], [ 110.368933868000056, -7.109313292999957 ], [ 110.355390920000048, -7.106132443999968 ], [ 110.346478360000049, -7.08500173699997 ], [ 110.345217861000037, -7.100207772999966 ], [ 110.337218423000081, -7.104545056999939 ], [ 110.332219551000037, -7.099080439999966 ], [ 110.314706857000033, -7.107756780999978 ], [ 110.305097402000058, -7.101773033999962 ], [ 110.300741286000061, -7.064892092999969 ], [ 110.271569801000055, -7.041175087999932 ], [ 110.269710760000066, -7.021474181999963 ], [ 110.27489513900008, -7.011638457999936 ], [ 110.285735642000077, -7.010150342999964 ], [ 110.281674201000044, -6.990552897999976 ], [ 110.295006553000064, -6.981009495999956 ], [ 110.285221088000071, -6.968885531999945 ], [ 110.295715233000067, -6.968560957999955 ], [ 110.299703229000045, -6.960035734999963 ], [ 110.291016304000038, -6.954164832999936 ], [ 110.29401299400007, -6.947259027999962 ], [ 110.301931039000067, -6.956513231999963 ], [ 110.308026463000033, -6.943471784999929 ], [ 110.31201803600004, -6.940821079999978 ], [ 110.303245956000069, -6.95835595799997 ], [ 110.318909247000079, -6.952168441999959 ], [ 110.326164308000045, -6.968523246999951 ], [ 110.335325355000066, -6.961202604999926 ], [ 110.345885825000039, -6.966148846999943 ], [ 110.343246420000071, -6.962660591999963 ], [ 110.352275278000036, -6.958175288999939 ], [ 110.346615762000056, -6.965852292999955 ], [ 110.360712079000052, -6.969630270999971 ], [ 110.359140495000076, -6.954708250999943 ], [ 110.349496902000055, -6.953002937999941 ], [ 110.379473853000036, -6.946351949999951 ], [ 110.389161883000043, -6.951433250999969 ], [ 110.395012863000034, -6.944981867999957 ], [ 110.407030667000072, -6.950182126999948 ], [ 110.411971706000088, -6.945505672999957 ], [ 110.411809851000044, -6.941557384999953 ], [ 110.412592066000059, -6.941182126999934 ], [ 110.424173067000083, -6.955743690999952 ], [ 110.419627487000071, -6.947920284999952 ], [ 110.426193590000082, -6.951965080999969 ], [ 110.427152116000059, -6.950553639999953 ], [ 110.423403246000078, -6.946777587999975 ], [ 110.426084582000044, -6.935893970999928 ], [ 110.436411638000038, -6.95153154299993 ], [ 110.435408411000083, -6.944305634999978 ], [ 110.438886524000054, -6.94835255299995 ], [ 110.444237076000036, -6.939364792999982 ], [ 110.441889272000083, -6.94948438299997 ], [ 110.45569553200005, -6.954031620999956 ], [ 110.465407184000071, -6.94521575999994 ], [ 110.460941154000068, -6.934089358999927 ] ] ], [ [ [ 110.442894283000044, -6.938192842999968 ], [ 110.444091854000078, -6.938158346999955 ], [ 110.44303134200004, -6.941298325999981 ], [ 110.44223127500004, -6.939358803999937 ], [ 110.442894283000044, -6.938192842999968 ] ] ] ] } },
{ "type": "Feature", "properties": { "kemendagri_kab_code": 3375, "kemendagri_kab_name": "Kota Pekalongan", "kemendagri_prov_code": 33, "kemendagri_prov_name": "Jawa Tengah" }, "geometry": { "type": "Polygon", "coordinates": [ [ [ 109.710856503000059, -6.86701074299998 ], [ 109.703191409000056, -6.868076643999927 ], [ 109.711395287000073, -6.883547047999969 ], [ 109.703382540000064, -6.906272915999978 ], [ 109.694484936000038, -6.909888818999946 ], [ 109.693918642000085, -6.931497019999938 ], [ 109.677631620000057, -6.934577062999949 ], [ 109.669135140000037, -6.926580280999929 ], [ 109.671644608000065, -6.936817947999941 ], [ 109.668081708000045, -6.935589238999967 ], [ 109.669499798000061, -6.922246684999948 ], [ 109.643564045000062, -6.920896425999956 ], [ 109.643513406000068, -6.892183455999941 ], [ 109.651095291000047, -6.887948896999944 ], [ 109.645257441000069, -6.880764349999936 ], [ 109.653910235000069, -6.872419244999946 ], [ 109.663216211000076, -6.877910463999967 ], [ 109.66313907600005, -6.850634986999978 ], [ 109.710856503000059, -6.86701074299998 ] ] ] } },
{ "type": "Feature", "properties": { "kemendagri_kab_code": 3376, "kemendagri_kab_name": "Kota Tegal", "kemendagri_prov_code": 33, "kemendagri_prov_name": "Jawa Tengah" }, "geometry": { "type": "Polygon", "coordinates": [ [ [ 109.161671131000048, -6.844674617999942 ], [ 109.146551741000053, -6.888444764999974 ], [ 109.132842095000058, -6.885241550999979 ], [ 109.130298048000043, -6.895352399999979 ], [ 109.11632297400007, -6.899166055999956 ], [ 109.102503373000047, -6.890147949999971 ], [ 109.076432607000072, -6.88918208399997 ], [ 109.081512451000037, -6.859508734999963 ], [ 109.102127799000073, -6.840226360999964 ], [ 109.129636204000064, -6.851495846999967 ], [ 109.12955725900008, -6.843336676999968 ], [ 109.133170611000082, -6.849255755999934 ], [ 109.161671131000048, -6.844674617999942 ] ] ] } }
]
}
