{
"type": "FeatureCollection",
"name": "35",
"crs": { "type": "name", "properties": { "name": "urn:ogc:def:crs:OGC:1.3:CRS84" } },
"features": [
{ "type": "Feature", "properties": { "kemendagri_kab_code": 3501, "kemendagri_kab_name": "Kabupaten Pacitan", "kemendagri_prov_code": 35, "kemendagri_prov_name": "Jawa Timur" }, "geometry": { "type": "MultiPolygon", "coordinates": [ [ [ [ 110.993629748000046, -8.255257154999981 ], [ 110.993487181000035, -8.255682109999952 ], [ 110.993154533000052, -8.255543625999962 ], [ 110.993629748000046, -8.255257154999981 ] ] ], [ [ [ 110.992457150000064, -8.252926225999943 ], [ 110.992304072000081, -8.252743007999925 ], [ 110.992394491000084, -8.252690659999928 ], [ 110.992457150000064, -8.252926225999943 ] ] ], [ [ [ 110.99235499200006, -8.252022268999951 ], [ 110.991931448000059, -8.252426776999926 ], [ 110.992363803000046, -8.251487294999947 ], [ 110.99235499200006, -8.252022268999951 ] ] ], [ [ [ 110.977103599000088, -8.242454773999953 ], [ 110.97606615400008, -8.243211441999961 ], [ 110.975923386000034, -8.242759344999968 ], [ 110.977103599000088, -8.242454773999953 ] ] ], [ [ [ 110.975433217000045, -8.242892593999954 ], [ 110.975623574000053, -8.242687960999945 ], [ 110.975533155000051, -8.24293066599995 ], [ 110.975433217000045, -8.242892593999954 ] ] ], [ [ [ 110.975404664000052, -8.242116889999977 ], [ 110.975328521000051, -8.241798041999971 ], [ 110.975466530000062, -8.241807559999927 ], [ 110.975404664000052, -8.242116889999977 ] ] ], [ [ [ 110.977167844000064, -8.240962851999939 ], [ 110.97742482600006, -8.24164099799998 ], [ 110.977108358000066, -8.241379256999949 ], [ 110.977167844000064, -8.240962851999939 ] ] ], [ [ [ 110.975785378000069, -8.241621961999954 ], [ 110.975433883000051, -8.241630420999968 ], [ 110.976028083000074, -8.240670177999959 ], [ 110.975785378000069, -8.241621961999954 ] ] ], [ [ [ 110.973089547000086, -8.240553018999947 ], [ 110.972613655000089, -8.240657714999941 ], [ 110.972906805000036, -8.240368372999967 ], [ 110.973089547000086, -8.240553018999947 ] ] ], [ [ [ 110.971895998000036, -8.239967303999947 ], [ 110.971523728000079, -8.240672465999978 ], [ 110.971282188000089, -8.24028889899995 ], [ 110.971895998000036, -8.239967303999947 ] ] ], [ [ [ 110.970435532000067, -8.237755462999928 ], [ 110.970078613000055, -8.237324185999967 ], [ 110.970271944000046, -8.237276596999948 ], [ 110.970435532000067, -8.237755462999928 ] ] ], [ [ [ 110.960242318000041, -8.235422599999936 ], [ 110.960337496000079, -8.235872317999963 ], [ 110.96016617500004, -8.235708134999982 ], [ 110.960242318000041, -8.235422599999936 ] ] ], [ [ [ 110.963266613000087, -8.235201309999979 ], [ 110.962471873000084, -8.235482085999934 ], [ 110.962433802000078, -8.235310764999952 ], [ 110.963266613000087, -8.235201309999979 ] ] ], [ [ [ 110.917332467000051, -8.222311108999975 ], [ 110.917359235000049, -8.222177264999971 ], [ 110.91744549100008, -8.222337877999962 ], [ 110.917332467000051, -8.222311108999975 ] ] ], [ [ [ 110.916808985000046, -8.221436657999959 ], [ 110.916954727000075, -8.221760858999971 ], [ 110.91638663100008, -8.221662705999961 ], [ 110.916808985000046, -8.221436657999959 ] ] ], [ [ [ 110.917267031000051, -8.221481271999949 ], [ 110.917148058000066, -8.221073789999934 ], [ 110.917374107000057, -8.221463425999957 ], [ 110.917267031000051, -8.221481271999949 ] ] ], [ [ [ 110.917823230000067, -8.219669907999958 ], [ 110.91762097600008, -8.219482524999933 ], [ 110.917927332000033, -8.219595549999951 ], [ 110.917823230000067, -8.219669907999958 ] ] ], [ [ [ 111.390379056000086, -8.27721104099993 ], [ 111.390390478000086, -8.276992962999941 ], [ 111.390491766000082, -8.276970975999973 ], [ 111.390379056000086, -8.27721104099993 ] ] ], [ [ [ 111.327721245000077, -8.275763991999952 ], [ 111.327397638000036, -8.275221474999967 ], [ 111.327507094000055, -8.275135813999952 ], [ 111.327721245000077, -8.275763991999952 ] ] ], [ [ [ 111.284152056000039, -8.273055222999972 ], [ 111.284275618000038, -8.272916847999966 ], [ 111.284287555000049, -8.273061920999965 ], [ 111.284152056000039, -8.273055222999972 ] ] ], [ [ [ 111.281439697000053, -8.27198508999993 ], [ 111.280788320000056, -8.271080894999955 ], [ 111.280904794000037, -8.270417705999932 ], [ 111.281439697000053, -8.27198508999993 ] ] ], [ [ [ 111.226625106000085, -8.269939800999964 ], [ 111.226472345000047, -8.269490081999948 ], [ 111.226615112000047, -8.269371584999931 ], [ 111.226625106000085, -8.269939800999964 ] ] ], [ [ [ 111.226297884000076, -8.267861520999929 ], [ 111.226254102000041, -8.268445915999962 ], [ 111.225863870000069, -8.268187030999968 ], [ 111.226297884000076, -8.267861520999929 ] ] ], [ [ [ 111.209396543000082, -8.266933482999946 ], [ 111.209699855000054, -8.266792948999978 ], [ 111.209675550000043, -8.266953751999949 ], [ 111.209396543000082, -8.266933482999946 ] ] ], [ [ [ 111.287294738000071, -8.264885479999975 ], [ 111.287106523000034, -8.264662430999977 ], [ 111.287569093000059, -8.264574856999957 ], [ 111.287294738000071, -8.264885479999975 ] ] ], [ [ [ 111.128691840000045, -8.26079705099994 ], [ 111.128718159000073, -8.260065113999929 ], [ 111.129190915000038, -8.260292360999927 ], [ 111.128691840000045, -8.26079705099994 ] ] ], [ [ [ 111.121799731000067, -8.260453218999942 ], [ 111.124366827000074, -8.259715154999981 ], [ 111.124323150000066, -8.260210513999937 ], [ 111.121799731000067, -8.260453218999942 ] ] ], [ [ [ 111.001341708000041, -8.256411673999935 ], [ 111.001042958000085, -8.255944020999948 ], [ 111.001282221000054, -8.255790634999926 ], [ 111.001341708000041, -8.256411673999935 ] ] ], [ [ [ 110.996943832000056, -8.255112818999976 ], [ 110.99726056600008, -8.255794590999926 ], [ 110.996744223000064, -8.25542339499998 ], [ 110.996943832000056, -8.255112818999976 ] ] ], [ [ [ 111.002800784000044, -8.254543113999944 ], [ 111.002830528000061, -8.255723920999969 ], [ 111.001387979000071, -8.254929775999926 ], [ 111.002800784000044, -8.254543113999944 ] ] ], [ [ [ 111.254997, -8.254514 ], [ 111.254750037000065, -8.254941531999975 ], [ 111.25444394200008, -8.254621009999937 ], [ 111.254997, -8.254514 ] ] ], [ [ [ 110.994013280000047, -8.254810275999944 ], [ 110.99402279800006, -8.254546154999957 ], [ 110.994113218000052, -8.254531878999956 ], [ 110.994013280000047, -8.254810275999944 ] ] ], [ [ [ 110.996152416000086, -8.253563437999958 ], [ 110.996442710000053, -8.253339768999979 ], [ 110.996214282000039, -8.253587232999962 ], [ 110.996152416000086, -8.253563437999958 ] ] ], [ [ [ 111.187540826000088, -7.919731976999969 ], [ 111.191323810000085, -7.934418441999981 ], [ 111.222174093000035, -7.930363344999932 ], [ 111.231852417000084, -7.948701146999952 ], [ 111.25056655700007, -7.945808654999951 ], [ 111.283054916000083, -7.919005962999961 ], [ 111.286682754000083, -7.939088873999935 ], [ 111.316315154000051, -7.936343403999956 ], [ 111.327002837000066, -7.967449963999968 ], [ 111.349337935000051, -7.978970644999947 ], [ 111.34383901800004, -8.006391796999935 ], [ 111.359890754000048, -8.014499464999972 ], [ 111.358247105000089, -8.025911428999962 ], [ 111.367059717000075, -8.03302821799997 ], [ 111.346337955000081, -8.066240894999964 ], [ 111.354500610000059, -8.079029236999929 ], [ 111.348855139000079, -8.084158832999947 ], [ 111.359464414000058, -8.088102927999955 ], [ 111.362478649000082, -8.099615018999941 ], [ 111.347213574000079, -8.114164790999951 ], [ 111.368505194000079, -8.121525832999964 ], [ 111.368789895000077, -8.130860507999955 ], [ 111.379890663000083, -8.136505591999935 ], [ 111.38034874300007, -8.163274852999962 ], [ 111.393238343000064, -8.159482644999969 ], [ 111.404717005000066, -8.172378849999973 ], [ 111.422656581000069, -8.169427104999954 ], [ 111.426559419000057, -8.175374931999954 ], [ 111.424266162000038, -8.191369444999964 ], [ 111.403510973000039, -8.197026748999974 ], [ 111.408912630000088, -8.212659806999966 ], [ 111.392173766000042, -8.23318095999997 ], [ 111.406539900000041, -8.259226740999964 ], [ 111.398575086000051, -8.27745921199994 ], [ 111.387468952000063, -8.273221391999925 ], [ 111.377507338000044, -8.276292085999955 ], [ 111.367392777000077, -8.26040960399996 ], [ 111.357778565000046, -8.270292695999956 ], [ 111.337034742000071, -8.261961110999948 ], [ 111.324870937000071, -8.273280682999939 ], [ 111.311953010000082, -8.26781258699998 ], [ 111.314382658000056, -8.258881815999928 ], [ 111.302116536000085, -8.256944933999932 ], [ 111.295640191000075, -8.263598121999962 ], [ 111.287616648000039, -8.260036543999945 ], [ 111.288324776000081, -8.262227551999956 ], [ 111.286801921000063, -8.262686311999971 ], [ 111.287034156000061, -8.265712986999972 ], [ 111.294901606000053, -8.266148903999976 ], [ 111.29193319500007, -8.274078621999934 ], [ 111.284495719000063, -8.272836540999947 ], [ 111.277891257000078, -8.266660402999946 ], [ 111.284712883000054, -8.261051234999968 ], [ 111.284884205000083, -8.259174316999975 ], [ 111.261260916000083, -8.247463560999961 ], [ 111.231564766000076, -8.256509795999932 ], [ 111.224531372000058, -8.268544901999974 ], [ 111.216662019000069, -8.259051803999967 ], [ 111.215102813000044, -8.265808411999956 ], [ 111.201422114000081, -8.264346715999977 ], [ 111.194338458000061, -8.277995303999944 ], [ 111.176764949000074, -8.272558235999952 ], [ 111.171675282000081, -8.28047946099997 ], [ 111.158591815000079, -8.276117908999936 ], [ 111.153597327000057, -8.284655415999964 ], [ 111.151535524000053, -8.276988791999941 ], [ 111.143604780000089, -8.281010318999961 ], [ 111.133150380000075, -8.272674590999941 ], [ 111.137279221000085, -8.261671963999959 ], [ 111.09389049400005, -8.246794891999969 ], [ 111.105617301000052, -8.231288807999931 ], [ 111.093130873000064, -8.220832043999962 ], [ 111.07529681300008, -8.223313821999966 ], [ 111.076615034000042, -8.245595094999942 ], [ 111.028050701000041, -8.25664028999995 ], [ 111.017451630000039, -8.248302657999943 ], [ 110.99878142700004, -8.254685323999979 ], [ 110.955610390000061, -8.226095624999971 ], [ 110.940581714000075, -8.22738243699996 ], [ 110.900262223000084, -8.21163992299995 ], [ 110.89528623700005, -8.166718546999959 ], [ 110.907916637000085, -8.116531994999946 ], [ 110.939261090000059, -8.08683358299993 ], [ 110.951754133000065, -8.062980700999958 ], [ 110.982880848000036, -8.078854974999956 ], [ 111.00469997600004, -8.072854015999951 ], [ 111.032353944000079, -8.079780806999963 ], [ 111.066028879000044, -8.061309526999935 ], [ 111.079561276000049, -8.042700890999981 ], [ 111.091048765000039, -8.06343641199993 ], [ 111.115352744000063, -8.060939386999962 ], [ 111.119991173000074, -8.035033036999948 ], [ 111.134994454000037, -8.021206942999981 ], [ 111.123283898000068, -7.979960228999971 ], [ 111.129525439000076, -7.962786178999977 ], [ 111.144838174000085, -7.952297150999925 ], [ 111.141012506000038, -7.934521189999941 ], [ 111.15439069200005, -7.922033509999949 ], [ 111.187540826000088, -7.919731976999969 ] ] ] ] } },
{ "type": "Feature", "properties": { "kemendagri_kab_code": 3502, "kemendagri_kab_name": "Kabupaten Ponorogo", "kemendagri_prov_code": 35, "kemendagri_prov_name": "Jawa Timur" }, "geometry": { "type": "Polygon", "coordinates": [ [ [ 111.750535312000068, -7.799096458999941 ], [ 111.76709743400005, -7.823229732999948 ], [ 111.776664693000043, -7.820202771999959 ], [ 111.785792875000084, -7.83274776899998 ], [ 111.771400432000064, -7.85596219699994 ], [ 111.778625475000069, -7.865139411999962 ], [ 111.771194421000075, -7.886666222999963 ], [ 111.75617214600004, -7.89306062199995 ], [ 111.755294761000073, -7.908286029999942 ], [ 111.74818183800005, -7.880005481999945 ], [ 111.701250045000052, -7.896221713999978 ], [ 111.706712197000058, -7.906455345999973 ], [ 111.688506918000087, -7.932726447999926 ], [ 111.667832832000045, -7.944592562999958 ], [ 111.654790204000051, -7.941497567999932 ], [ 111.647362431000033, -7.958144764999929 ], [ 111.663503240000068, -7.968127996999954 ], [ 111.65369, -7.981615998999928 ], [ 111.653301961000068, -8.020480938999981 ], [ 111.648162065000065, -8.020895219999943 ], [ 111.647708605000048, -8.003779494999947 ], [ 111.636105289000056, -8.00215266999993 ], [ 111.606273748000035, -8.019347552999932 ], [ 111.590457019000041, -8.019376386999966 ], [ 111.573269172000039, -8.047946514999978 ], [ 111.535296423000034, -8.059702391999963 ], [ 111.543506371000035, -8.066501972999959 ], [ 111.526868180000065, -8.081057078999947 ], [ 111.527874797000038, -8.107361566999941 ], [ 111.483278393000035, -8.108461055999953 ], [ 111.473156001000063, -8.158139115999973 ], [ 111.477095460000044, -8.173337440999944 ], [ 111.464953722000075, -8.175518790999945 ], [ 111.437828170000046, -8.163226590999955 ], [ 111.431396766000034, -8.170381342999974 ], [ 111.405548640000063, -8.172654358999978 ], [ 111.393238343000064, -8.159482644999969 ], [ 111.38034874300007, -8.163274852999962 ], [ 111.379890663000083, -8.136505591999935 ], [ 111.368789895000077, -8.130860507999955 ], [ 111.368505194000079, -8.121525832999964 ], [ 111.347032426000055, -8.113454885999943 ], [ 111.362478649000082, -8.099615018999941 ], [ 111.359464414000058, -8.088102927999955 ], [ 111.348855139000079, -8.084158832999947 ], [ 111.354500610000059, -8.079029236999929 ], [ 111.346337955000081, -8.066240894999964 ], [ 111.367059717000075, -8.03302821799997 ], [ 111.358247105000089, -8.025911428999962 ], [ 111.359890754000048, -8.014499464999972 ], [ 111.34383901800004, -8.006391796999935 ], [ 111.349557787000037, -7.979454332999978 ], [ 111.327002837000066, -7.967449963999968 ], [ 111.316315154000051, -7.936343403999956 ], [ 111.286682754000083, -7.939088873999935 ], [ 111.286278268000046, -7.92077622499994 ], [ 111.279293968000047, -7.917116033999946 ], [ 111.297162333000074, -7.876933165999958 ], [ 111.29419086300004, -7.861346222999941 ], [ 111.314506284000061, -7.851638170999934 ], [ 111.302744758000074, -7.837580951999939 ], [ 111.305648574000088, -7.823153024999954 ], [ 111.288701136000043, -7.79348106599997 ], [ 111.307678, -7.797706 ], [ 111.314723, -7.792174 ], [ 111.327628, -7.800406 ], [ 111.343665, -7.783323 ], [ 111.413223, -7.775852 ], [ 111.455450631000076, -7.783988849999957 ], [ 111.468578557000058, -7.777058041999965 ], [ 111.50868371200005, -7.799450073999935 ], [ 111.549789832000044, -7.804410986999926 ], [ 111.585524427000053, -7.796893691999969 ], [ 111.598857589000033, -7.776998560999971 ], [ 111.611641353000039, -7.781898153999975 ], [ 111.659466361000057, -7.766553762999933 ], [ 111.677729126000088, -7.774078911999936 ], [ 111.675970395000036, -7.783728364999945 ], [ 111.688384220000046, -7.785682480999981 ], [ 111.693798786000059, -7.805333165999969 ], [ 111.719406535000076, -7.811145258999943 ], [ 111.750535312000068, -7.799096458999941 ] ] ] } },
{ "type": "Feature", "properties": { "kemendagri_kab_code": 3503, "kemendagri_kab_name": "Kabupaten Trenggalek", "kemendagri_prov_code": 35, "kemendagri_prov_name": "Jawa Timur" }, "geometry": { "type": "MultiPolygon", "coordinates": [ [ [ [ 111.476942949000033, -8.329945539999926 ], [ 111.477079949000085, -8.329307539999945 ], [ 111.47737440700007, -8.329594191999945 ], [ 111.476942949000033, -8.329945539999926 ] ] ], [ [ [ 111.462033189000067, -8.329068337999956 ], [ 111.462547034000067, -8.329089181999962 ], [ 111.462034507000055, -8.329309279999961 ], [ 111.462033189000067, -8.329068337999956 ] ] ], [ [ [ 111.463021052000045, -8.327906689999963 ], [ 111.462866379000047, -8.328469840999958 ], [ 111.46227017800004, -8.328372202999958 ], [ 111.463021052000045, -8.327906689999963 ] ] ], [ [ [ 111.463431589000038, -8.327472981999961 ], [ 111.463401845000078, -8.32768118499996 ], [ 111.463223386000038, -8.327627646999929 ], [ 111.463431589000038, -8.327472981999961 ] ] ], [ [ [ 111.437326001000088, -8.32349211099995 ], [ 111.437932036000063, -8.323277434999966 ], [ 111.437333160000037, -8.323707196999976 ], [ 111.437326001000088, -8.32349211099995 ] ] ], [ [ [ 111.463291200000072, -8.323431466999978 ], [ 111.462928333000036, -8.323264904999974 ], [ 111.463725452000062, -8.323038855999926 ], [ 111.463291200000072, -8.323431466999978 ] ] ], [ [ [ 111.455998009000041, -8.320890979999945 ], [ 111.456232413000066, -8.321522196999979 ], [ 111.45602613300008, -8.321541943999932 ], [ 111.455998009000041, -8.320890979999945 ] ] ], [ [ [ 111.468233673000043, -8.320553784999959 ], [ 111.467831252000053, -8.319985635999956 ], [ 111.467998397000088, -8.319910771999957 ], [ 111.468233673000043, -8.320553784999959 ] ] ], [ [ [ 111.456315306000079, -8.319612329999927 ], [ 111.456708496000033, -8.31960541199993 ], [ 111.456686385000069, -8.319952977999947 ], [ 111.456315306000079, -8.319612329999927 ] ] ], [ [ [ 111.452233017000083, -8.316767277999929 ], [ 111.452672827000072, -8.317043739999974 ], [ 111.452138602000048, -8.31728566299995 ], [ 111.452233017000083, -8.316767277999929 ] ] ], [ [ [ 111.445397889000049, -8.306908405999934 ], [ 111.44598277700004, -8.306853866999973 ], [ 111.445572320000053, -8.30708586399993 ], [ 111.445397889000049, -8.306908405999934 ] ] ], [ [ [ 111.442528322000044, -8.295688634999976 ], [ 111.445214211000064, -8.29778455099995 ], [ 111.442641909000088, -8.296943386999942 ], [ 111.442528322000044, -8.295688634999976 ] ] ], [ [ [ 111.441762462000042, -8.295927035999966 ], [ 111.441445100000067, -8.295353358999932 ], [ 111.44195078000007, -8.295691814999941 ], [ 111.441762462000042, -8.295927035999966 ] ] ], [ [ [ 111.444133936000071, -8.289610150999977 ], [ 111.443391544000065, -8.290083662999962 ], [ 111.444086921000064, -8.289319082999953 ], [ 111.444133936000071, -8.289610150999977 ] ] ], [ [ [ 111.415001705000066, -8.277040394999972 ], [ 111.415245077000066, -8.278232337999953 ], [ 111.414702679000072, -8.278134541999975 ], [ 111.415001705000066, -8.277040394999972 ] ] ], [ [ [ 111.415945860000079, -8.277173493999953 ], [ 111.415545412000085, -8.277298304999931 ], [ 111.41560841200004, -8.276880569999946 ], [ 111.415945860000079, -8.277173493999953 ] ] ], [ [ [ 111.415715431000081, -8.273933826999951 ], [ 111.415852137000059, -8.274098768999977 ], [ 111.415703556000039, -8.27406528399996 ], [ 111.415715431000081, -8.273933826999951 ] ] ], [ [ [ 111.374148629000047, -8.273600943999952 ], [ 111.374594783000077, -8.274337603999982 ], [ 111.373902360000045, -8.273942612999974 ], [ 111.374148629000047, -8.273600943999952 ] ] ], [ [ [ 111.435644993000039, -8.272495311999933 ], [ 111.435555822000083, -8.272626048999939 ], [ 111.435513486000048, -8.272548179999944 ], [ 111.435644993000039, -8.272495311999933 ] ] ], [ [ [ 111.438637391000043, -8.269476449999956 ], [ 111.437051867000037, -8.272369368999932 ], [ 111.436490314000082, -8.271484209999926 ], [ 111.438637391000043, -8.269476449999956 ] ] ], [ [ [ 111.441115510000088, -8.269381067999973 ], [ 111.441094037000084, -8.268894548999981 ], [ 111.44130586700004, -8.268815945999961 ], [ 111.441412943000046, -8.269172864999973 ], [ 111.441115510000088, -8.269381067999973 ] ] ], [ [ [ 111.419624432000035, -8.262145147999945 ], [ 111.420041357000059, -8.262060309999981 ], [ 111.420055613000045, -8.262360441999931 ], [ 111.419624432000035, -8.262145147999945 ] ] ], [ [ [ 111.423201309000035, -8.261226573999977 ], [ 111.423501121000072, -8.260401376999937 ], [ 111.423685291000083, -8.261377907999929 ], [ 111.423201309000035, -8.261226573999977 ] ] ], [ [ [ 111.422626520000051, -8.259012693999978 ], [ 111.423042926000051, -8.25933392099995 ], [ 111.422467096000048, -8.259262536999927 ], [ 111.422626520000051, -8.259012693999978 ] ] ], [ [ [ 111.51328483900005, -8.368880768999929 ], [ 111.514978742000039, -8.369904591999955 ], [ 111.511419068000066, -8.371527383999933 ], [ 111.51328483900005, -8.368880768999929 ] ] ], [ [ [ 111.487136572000054, -8.364345109999931 ], [ 111.487350724000066, -8.364459323999938 ], [ 111.487136572000054, -8.364694889999953 ], [ 111.487136572000054, -8.364345109999931 ] ] ], [ [ [ 111.483832304000089, -8.36396767399998 ], [ 111.48374584000004, -8.363788315999955 ], [ 111.483924300000069, -8.363838283999939 ], [ 111.483832304000089, -8.36396767399998 ] ] ], [ [ [ 111.484730937000052, -8.35789914999998 ], [ 111.487664813000038, -8.363295766999954 ], [ 111.486415596000086, -8.364616367999929 ], [ 111.484730937000052, -8.35789914999998 ] ] ], [ [ [ 111.568564314000071, -8.338806068999929 ], [ 111.568635698000037, -8.33866330099994 ], [ 111.568695184000035, -8.338776325999959 ], [ 111.568564314000071, -8.338806068999929 ] ] ], [ [ [ 111.562727496000036, -8.338080332999937 ], [ 111.562981930000035, -8.338548553999942 ], [ 111.562546657000041, -8.338468185999943 ], [ 111.562727496000036, -8.338080332999937 ] ] ], [ [ [ 111.567817869000066, -8.338103954999951 ], [ 111.568191698000078, -8.338135104999935 ], [ 111.567804178000074, -8.338496680999981 ], [ 111.567817869000066, -8.338103954999951 ] ] ], [ [ [ 111.568414079000036, -8.337466569999947 ], [ 111.568251663000069, -8.337555361999932 ], [ 111.568113628000049, -8.337289130999977 ], [ 111.568414079000036, -8.337466569999947 ] ] ], [ [ [ 111.563275748000081, -8.337288747999935 ], [ 111.563520877000087, -8.337152508999964 ], [ 111.563576169000044, -8.337408239999945 ], [ 111.563275748000081, -8.337288747999935 ] ] ], [ [ [ 111.570065723000084, -8.334850795999955 ], [ 111.567826681000042, -8.336390915999971 ], [ 111.567321045000085, -8.33584363999995 ], [ 111.570065723000084, -8.334850795999955 ] ] ], [ [ [ 111.516471662000072, -8.335405392999974 ], [ 111.516648972000041, -8.335570677999954 ], [ 111.51642023800008, -8.335583176999933 ], [ 111.516471662000072, -8.335405392999974 ] ] ], [ [ [ 111.516718850000075, -8.334417776999942 ], [ 111.516927680000038, -8.334788867999976 ], [ 111.516725438000037, -8.334857022999927 ], [ 111.516718850000075, -8.334417776999942 ] ] ], [ [ [ 111.535183442000061, -8.332736349999948 ], [ 111.535365929000079, -8.332498689999966 ], [ 111.535386076000066, -8.332887285999959 ], [ 111.535183442000061, -8.332736349999948 ] ] ], [ [ [ 111.479184064000037, -8.327927451999926 ], [ 111.480827, -8.330037 ], [ 111.477862363000042, -8.331223620999936 ], [ 111.479184064000037, -8.327927451999926 ] ] ], [ [ [ 111.508858989000089, -8.327173486999925 ], [ 111.509201632000043, -8.326945058999968 ], [ 111.508925614000077, -8.327225834999979 ], [ 111.508858989000089, -8.327173486999925 ] ] ], [ [ [ 111.507688294000047, -8.326650005999966 ], [ 111.507859616000076, -8.326826085999926 ], [ 111.507764437000048, -8.326849879999941 ], [ 111.507688294000047, -8.326650005999966 ] ] ], [ [ [ 111.53783362300004, -8.325164490999953 ], [ 111.537325931000055, -8.324650646999942 ], [ 111.537893046000079, -8.32469056399998 ], [ 111.53783362300004, -8.325164490999953 ] ] ], [ [ [ 111.487973416000045, -8.317918168999938 ], [ 111.48847087300004, -8.317822285999966 ], [ 111.488021691000085, -8.318027011999959 ], [ 111.487973416000045, -8.317918168999938 ] ] ], [ [ [ 111.536764625000046, -8.316792480999936 ], [ 111.537109438000073, -8.316970997999931 ], [ 111.536560751000081, -8.316939357999956 ], [ 111.536764625000046, -8.316792480999936 ] ] ], [ [ [ 111.481191070000079, -8.316202733999944 ], [ 111.481233901000053, -8.315738738999926 ], [ 111.481409066000083, -8.316299507999929 ], [ 111.481191070000079, -8.316202733999944 ] ] ], [ [ [ 111.546291016000055, -8.314250277999975 ], [ 111.545599748000086, -8.314354746999982 ], [ 111.545502051000085, -8.314025388999937 ], [ 111.546291016000055, -8.314250277999975 ] ] ], [ [ [ 111.538776643000062, -8.314319093999927 ], [ 111.538699399000052, -8.314058342999942 ], [ 111.538795531000062, -8.314074964999975 ], [ 111.538776643000062, -8.314319093999927 ] ] ], [ [ [ 111.545687712000074, -8.313582931999974 ], [ 111.545545195000045, -8.31380117599997 ], [ 111.545535326000049, -8.313671926999973 ], [ 111.545687712000074, -8.313582931999974 ] ] ], [ [ [ 111.543512422000049, -8.313583729999948 ], [ 111.543582643000036, -8.313415966999969 ], [ 111.543942406000042, -8.313478093999947 ], [ 111.543512422000049, -8.313583729999948 ] ] ], [ [ [ 111.630280374000051, -8.356538230999945 ], [ 111.630456671000047, -8.356462759999943 ], [ 111.630485081000074, -8.35658845599994 ], [ 111.630280374000051, -8.356538230999945 ] ] ], [ [ [ 111.625866, -8.355398 ], [ 111.625491018000048, -8.357303017999925 ], [ 111.624514421000072, -8.356507215999954 ], [ 111.625866, -8.355398 ] ] ], [ [ [ 111.630258491000063, -8.355681526999945 ], [ 111.630182968000042, -8.356050595999932 ], [ 111.630012760000056, -8.356055298999934 ], [ 111.630258491000063, -8.355681526999945 ] ] ], [ [ [ 111.631157560000077, -8.354454503999932 ], [ 111.630200868000088, -8.355558426999949 ], [ 111.629852484000082, -8.355240146999961 ], [ 111.631157560000077, -8.354454503999932 ] ] ], [ [ [ 111.628251336000062, -8.354859598999951 ], [ 111.628429135000033, -8.355024583999977 ], [ 111.628291069000056, -8.355137049999939 ], [ 111.628251336000062, -8.354859598999951 ] ] ], [ [ [ 111.627259964000075, -8.354626070999927 ], [ 111.627363595000077, -8.354250362999949 ], [ 111.627468383000064, -8.354871069999945 ], [ 111.627259964000075, -8.354626070999927 ] ] ], [ [ [ 111.626800548000062, -8.354184970999938 ], [ 111.626687592000053, -8.354335918999936 ], [ 111.626727497000047, -8.354181965999942 ], [ 111.626800548000062, -8.354184970999938 ] ] ], [ [ [ 111.62385499700008, -8.349234493999973 ], [ 111.624136796000073, -8.348969748999934 ], [ 111.624277841000037, -8.349081393999938 ], [ 111.62385499700008, -8.349234493999973 ] ] ], [ [ [ 111.624208103000058, -8.348682000999929 ], [ 111.624205513000049, -8.348840904999975 ], [ 111.623995297000079, -8.348778808999953 ], [ 111.624208103000058, -8.348682000999929 ] ] ], [ [ [ 111.569200820000049, -8.338294484999949 ], [ 111.569292429000086, -8.337818592999952 ], [ 111.569513719000042, -8.337904252999977 ], [ 111.569200820000049, -8.338294484999949 ] ] ], [ [ [ 111.569136109000056, -8.337329199999942 ], [ 111.569359469000062, -8.33754655599995 ], [ 111.569142717000034, -8.337521341999945 ], [ 111.569136109000056, -8.337329199999942 ] ] ], [ [ [ 111.569140104000041, -8.336750731999928 ], [ 111.569379839000078, -8.336868705999962 ], [ 111.569073692000075, -8.336915310999927 ], [ 111.569140104000041, -8.336750731999928 ] ] ], [ [ [ 111.63077805000006, -8.336316452999938 ], [ 111.630777128000034, -8.336512049999953 ], [ 111.630680123000047, -8.336491617999968 ], [ 111.63077805000006, -8.336316452999938 ] ] ], [ [ [ 111.569826257000045, -8.336448232999942 ], [ 111.570153628000071, -8.336213081999972 ], [ 111.570171207000044, -8.336505932999955 ], [ 111.569826257000045, -8.336448232999942 ] ] ], [ [ [ 111.569936845000086, -8.335683330999927 ], [ 111.570327794000036, -8.335754477999956 ], [ 111.570059107000077, -8.336000805999959 ], [ 111.569936845000086, -8.335683330999927 ] ] ], [ [ [ 111.569577237000033, -8.334451469999976 ], [ 111.569507363000071, -8.334727577999956 ], [ 111.569343778000075, -8.334678634999932 ], [ 111.569577237000033, -8.334451469999976 ] ] ], [ [ [ 111.570702306000044, -8.334266665999962 ], [ 111.570654078000075, -8.334376305999967 ], [ 111.570498117000056, -8.334292519999963 ], [ 111.570702306000044, -8.334266665999962 ] ] ], [ [ [ 111.571909262000077, -8.334100255999942 ], [ 111.572218148000047, -8.334214201999941 ], [ 111.571995638000033, -8.334456719999935 ], [ 111.571909262000077, -8.334100255999942 ] ] ], [ [ [ 111.574199050000061, -8.333441279999931 ], [ 111.574373465000065, -8.333935578999956 ], [ 111.574082498000053, -8.333485569999937 ], [ 111.574199050000061, -8.333441279999931 ] ] ], [ [ [ 111.589862839000034, -8.33232669399996 ], [ 111.59040759700008, -8.33212250899993 ], [ 111.590507134000063, -8.332312584999954 ], [ 111.589862839000034, -8.33232669399996 ] ] ], [ [ [ 111.575960563000081, -8.330422375999945 ], [ 111.575802808000049, -8.330440540999973 ], [ 111.575910092000072, -8.330313176999937 ], [ 111.575960563000081, -8.330422375999945 ] ] ], [ [ [ 111.601670294000087, -8.328351238999971 ], [ 111.60188792200006, -8.328500439999971 ], [ 111.601498220000053, -8.328672467999979 ], [ 111.601670294000087, -8.328351238999971 ] ] ], [ [ [ 111.590224334000084, -8.325990136999962 ], [ 111.590308493000066, -8.326166867999973 ], [ 111.590239842000074, -8.326169917999948 ], [ 111.590224334000084, -8.325990136999962 ] ] ], [ [ [ 111.752194070000087, -7.887653291999925 ], [ 111.761232181000082, -7.922897086999967 ], [ 111.744175344000041, -7.932147613999973 ], [ 111.738105973000074, -7.958453365999958 ], [ 111.760537602000056, -7.98793775799993 ], [ 111.75461770000004, -8.031249869999954 ], [ 111.780216145000054, -8.039231452999957 ], [ 111.813153039000042, -8.087645154999962 ], [ 111.838336367000068, -8.091597945999979 ], [ 111.846930568000062, -8.106417264999948 ], [ 111.822276373000079, -8.13470241999994 ], [ 111.733612480000033, -8.142207047999932 ], [ 111.718465927000068, -8.168646482999975 ], [ 111.71686483700006, -8.191118854999957 ], [ 111.73023773500006, -8.205558585999938 ], [ 111.740132863000042, -8.203175703999932 ], [ 111.727261317000057, -8.242154846999938 ], [ 111.747905793000086, -8.257875444999968 ], [ 111.750003724000067, -8.289813422999941 ], [ 111.777586716000087, -8.289651188999926 ], [ 111.768485555000041, -8.294299405999936 ], [ 111.776267902000086, -8.306857469999954 ], [ 111.76896028200008, -8.316662020999956 ], [ 111.777676635000034, -8.321321104999981 ], [ 111.781722526000067, -8.326068167999949 ], [ 111.749323932000038, -8.34091738799998 ], [ 111.738997973000039, -8.332647150999946 ], [ 111.746606692000057, -8.306045018999953 ], [ 111.729317689000084, -8.287459455999965 ], [ 111.712884470000063, -8.29088087699995 ], [ 111.706562428000041, -8.302866940999934 ], [ 111.71319359000006, -8.322371628999974 ], [ 111.695386591000045, -8.321802889999958 ], [ 111.688420368000038, -8.335260890999962 ], [ 111.713481288000082, -8.351710982999975 ], [ 111.724049235000052, -8.368680285999972 ], [ 111.70370984300007, -8.367065786999945 ], [ 111.701925498000037, -8.383153156999981 ], [ 111.688465844000063, -8.366276208999977 ], [ 111.682506542000056, -8.374927837999962 ], [ 111.67332381500006, -8.370329692999974 ], [ 111.667305974000044, -8.355804159999934 ], [ 111.657554349000065, -8.356930882999961 ], [ 111.652707360000079, -8.366532304999964 ], [ 111.647648355000058, -8.351559706999979 ], [ 111.63474522100006, -8.34743091799993 ], [ 111.626037893000046, -8.353949292999971 ], [ 111.634291844000074, -8.340460468999936 ], [ 111.628339654000058, -8.325204170999939 ], [ 111.617273785000066, -8.319877645999952 ], [ 111.605403077000062, -8.33943349499998 ], [ 111.60289431800004, -8.32459752799997 ], [ 111.598887179000087, -8.321884977999957 ], [ 111.595326627000077, -8.32210570999996 ], [ 111.593471428000043, -8.325119061999942 ], [ 111.590487765000034, -8.325511196999969 ], [ 111.587500400000067, -8.328260566999973 ], [ 111.587593482000045, -8.334281586999964 ], [ 111.577791675000071, -8.328940105999948 ], [ 111.575491699000054, -8.330250106999927 ], [ 111.576094277000038, -8.333173664999947 ], [ 111.570270565000044, -8.333698995999953 ], [ 111.573629848000053, -8.317765085999952 ], [ 111.554268445000048, -8.306155790999981 ], [ 111.531956110000067, -8.31671905099995 ], [ 111.533642755000074, -8.332864291999954 ], [ 111.511865269000054, -8.332834988999934 ], [ 111.51029847500007, -8.32716996299996 ], [ 111.504950592000057, -8.322170264999954 ], [ 111.494485298000086, -8.32319574099995 ], [ 111.490874111000039, -8.313725596999973 ], [ 111.482000628000037, -8.31944419499996 ], [ 111.483459739000068, -8.309258455999952 ], [ 111.478370814000073, -8.305327087999956 ], [ 111.463897413000041, -8.322450449999963 ], [ 111.460166110000046, -8.317114610999965 ], [ 111.455373211000051, -8.320033825999928 ], [ 111.45788041600008, -8.310398738999936 ], [ 111.445772414000089, -8.303845080999963 ], [ 111.449861875000067, -8.296782245999964 ], [ 111.444851800000038, -8.294254860999956 ], [ 111.454540686000087, -8.28860943199993 ], [ 111.455130006000047, -8.274005804999945 ], [ 111.442308728000057, -8.262178228999971 ], [ 111.422116126000049, -8.258384515999978 ], [ 111.415417705000038, -8.267038139999954 ], [ 111.415778431000035, -8.276240942999948 ], [ 111.404288490000056, -8.272523272999933 ], [ 111.406394942000077, -8.258376073999955 ], [ 111.392173766000042, -8.23318095999997 ], [ 111.408912630000088, -8.212659806999966 ], [ 111.403510973000039, -8.197026748999974 ], [ 111.424266162000038, -8.191369444999964 ], [ 111.424805031000062, -8.170368300999939 ], [ 111.437828170000046, -8.163226590999955 ], [ 111.464953722000075, -8.175518790999945 ], [ 111.477412041000036, -8.173129658999926 ], [ 111.473156001000063, -8.158139115999973 ], [ 111.483278393000035, -8.108461055999953 ], [ 111.527874797000038, -8.107361566999941 ], [ 111.526868180000065, -8.081057078999947 ], [ 111.543506371000035, -8.066501972999959 ], [ 111.535296423000034, -8.059702391999963 ], [ 111.573269172000039, -8.047946514999978 ], [ 111.590457019000041, -8.019376386999966 ], [ 111.606273748000035, -8.019347552999932 ], [ 111.637229252000054, -8.002077602999975 ], [ 111.647708605000048, -8.003779494999947 ], [ 111.648162065000065, -8.020895219999943 ], [ 111.653301961000068, -8.020480938999981 ], [ 111.65369, -7.981615998999928 ], [ 111.663503240000068, -7.968127996999954 ], [ 111.647362431000033, -7.958144764999929 ], [ 111.654790204000051, -7.941497567999932 ], [ 111.667832832000045, -7.944592562999958 ], [ 111.688506918000087, -7.932726447999926 ], [ 111.706712197000058, -7.906455345999973 ], [ 111.701250045000052, -7.896221713999978 ], [ 111.740939924000088, -7.879155408999964 ], [ 111.752194070000087, -7.887653291999925 ] ] ], [ [ [ 111.708680619000063, -8.406565575999934 ], [ 111.708784125000079, -8.406565575999934 ], [ 111.708752003000086, -8.406640528999958 ], [ 111.708680619000063, -8.406565575999934 ] ] ], [ [ [ 111.707485992000045, -8.400024397999971 ], [ 111.707643037000082, -8.399719826999956 ], [ 111.707569059000036, -8.400121028999934 ], [ 111.707485992000045, -8.400024397999971 ] ] ], [ [ [ 111.707148147000055, -8.398178371999961 ], [ 111.706772154000078, -8.398439676999942 ], [ 111.706705529000033, -8.398020891999977 ], [ 111.707148147000055, -8.398178371999961 ] ] ], [ [ [ 111.748534345000053, -8.387998587999959 ], [ 111.748686673000066, -8.388243317999979 ], [ 111.748424809000085, -8.388283357999967 ], [ 111.748534345000053, -8.387998587999959 ] ] ], [ [ [ 111.64995710900007, -8.376288884999951 ], [ 111.652027240000052, -8.382313680999971 ], [ 111.650471072000073, -8.384112552999966 ], [ 111.64995710900007, -8.376288884999951 ] ] ], [ [ [ 111.668297994000056, -8.377365591999933 ], [ 111.668650154000034, -8.377812929999948 ], [ 111.668307512000069, -8.377889072999949 ], [ 111.668297994000056, -8.377365591999933 ] ] ], [ [ [ 111.651100290000045, -8.377435139999932 ], [ 111.651537538000071, -8.376414198999953 ], [ 111.651594405000083, -8.377872934999971 ], [ 111.651100290000045, -8.377435139999932 ] ] ], [ [ [ 111.714635659000066, -8.373359144999938 ], [ 111.713743279000084, -8.372886926999968 ], [ 111.713965847000054, -8.372386370999948 ], [ 111.714635659000066, -8.373359144999938 ] ] ], [ [ [ 111.725002336000045, -8.369958354999937 ], [ 111.726642798000057, -8.370833601999948 ], [ 111.725440004000063, -8.371431688999962 ], [ 111.725002336000045, -8.369958354999937 ] ] ], [ [ [ 111.670030293000082, -8.369686222999974 ], [ 111.669839710000076, -8.369680367999933 ], [ 111.669947672000035, -8.369558477999931 ], [ 111.670030293000082, -8.369686222999974 ] ] ], [ [ [ 111.671696907000069, -8.369317124999952 ], [ 111.671892938000042, -8.369460268999944 ], [ 111.671720926000035, -8.369506110999964 ], [ 111.671696907000069, -8.369317124999952 ] ] ], [ [ [ 111.66916666700007, -8.369166666999945 ], [ 111.669547211000065, -8.369086256999935 ], [ 111.669279522000068, -8.369330151999975 ], [ 111.66916666700007, -8.369166666999945 ] ] ], [ [ [ 111.654851657000052, -8.366393009999967 ], [ 111.654640199000085, -8.366383627999937 ], [ 111.654825100000039, -8.366098689999944 ], [ 111.654851657000052, -8.366393009999967 ] ] ], [ [ [ 111.667993096000089, -8.359872111999948 ], [ 111.668170074000045, -8.36009956099997 ], [ 111.668025478000061, -8.360200763999956 ], [ 111.667993096000089, -8.359872111999948 ] ] ], [ [ [ 111.658852615000058, -8.357456126999978 ], [ 111.659052584000051, -8.357652192999979 ], [ 111.658940721000079, -8.357646282999951 ], [ 111.658852615000058, -8.357456126999978 ] ] ], [ [ [ 111.658489039000074, -8.357279525999957 ], [ 111.658653795000077, -8.357609477999972 ], [ 111.658471917000043, -8.357553982999946 ], [ 111.658489039000074, -8.357279525999957 ] ] ], [ [ [ 111.748397432000047, -8.344554696999978 ], [ 111.748945134000053, -8.344495097999982 ], [ 111.747696558000086, -8.345338544999947 ], [ 111.748397432000047, -8.344554696999978 ] ] ], [ [ [ 111.753565853000055, -8.340174677999926 ], [ 111.753601624000055, -8.340033418999951 ], [ 111.753664170000036, -8.34007158999998 ], [ 111.753565853000055, -8.340174677999926 ] ] ], [ [ [ 111.758151454000085, -8.337539083999957 ], [ 111.758658826000044, -8.337523832999977 ], [ 111.75841510500004, -8.337822518999928 ], [ 111.758151454000085, -8.337539083999957 ] ] ], [ [ [ 111.738394559000085, -8.323589434999974 ], [ 111.738392636000071, -8.322888553999974 ], [ 111.738617911000063, -8.32353308699993 ], [ 111.738394559000085, -8.323589434999974 ] ] ], [ [ [ 111.743727426000078, -8.308179541999948 ], [ 111.743889302000071, -8.30773818199998 ], [ 111.744035689000043, -8.308729925999955 ], [ 111.743727426000078, -8.308179541999948 ] ] ], [ [ [ 111.731031097000084, -8.29784796399997 ], [ 111.73173065900005, -8.298992484999928 ], [ 111.731147691000047, -8.299251845999947 ], [ 111.731031097000084, -8.29784796399997 ] ] ] ] } },
{ "type": "Feature", "properties": { "kemendagri_kab_code": 3504, "kemendagri_kab_name": "Kabupaten Tulungagung", "kemendagri_prov_code": 35, "kemendagri_prov_name": "Jawa Timur" }, "geometry": { "type": "MultiPolygon", "coordinates": [ [ [ [ 111.761546908000071, -8.38746232099993 ], [ 111.761165005000066, -8.38760508799993 ], [ 111.761115036000035, -8.387301706999949 ], [ 111.761546908000071, -8.38746232099993 ] ] ], [ [ [ 111.758516189000034, -8.387237461999973 ], [ 111.760497090000058, -8.387515858999961 ], [ 111.760839732000079, -8.388243973999977 ], [ 111.758516189000034, -8.387237461999973 ] ] ], [ [ [ 111.762482036000051, -8.387376659999973 ], [ 111.761653984000077, -8.386727066999981 ], [ 111.762053733000073, -8.386502207999968 ], [ 111.762482036000051, -8.387376659999973 ] ] ], [ [ [ 111.763056676000076, -8.387344536999933 ], [ 111.762367822000044, -8.386687805999941 ], [ 111.762264316000085, -8.386437962999935 ], [ 111.763056676000076, -8.387344536999933 ] ] ], [ [ [ 111.762310715000069, -8.386056058999941 ], [ 111.762271454000086, -8.385838338999974 ], [ 111.76247489800005, -8.385884737999959 ], [ 111.762310715000069, -8.386056058999941 ] ] ], [ [ [ 111.783034631000078, -8.370081547999973 ], [ 111.783284474000084, -8.369753181999954 ], [ 111.783441519000064, -8.370031578999942 ], [ 111.783034631000078, -8.370081547999973 ] ] ], [ [ [ 111.777309648000085, -8.368004277999944 ], [ 111.779094243000088, -8.368653870999935 ], [ 111.777316786000085, -8.369403401999932 ], [ 111.777309648000085, -8.368004277999944 ] ] ], [ [ [ 111.778830123000034, -8.367233332999945 ], [ 111.783969759000058, -8.367069149999963 ], [ 111.78414108000004, -8.370467020999968 ], [ 111.782085226000049, -8.368211291999955 ], [ 111.778830123000034, -8.367233332999945 ] ] ], [ [ [ 111.746896389000085, -8.346460589999936 ], [ 111.746137478000037, -8.350123228999962 ], [ 111.746680995000077, -8.351451217999966 ], [ 111.745474976000082, -8.349668277999967 ], [ 111.746188518000054, -8.348257091999926 ], [ 111.745257587000083, -8.347558584999945 ], [ 111.746896389000085, -8.346460589999936 ] ] ], [ [ [ 111.756412936000061, -8.343410992999964 ], [ 111.756548903000066, -8.342990555999961 ], [ 111.756644422000079, -8.343037956999979 ], [ 111.756412936000061, -8.343410992999964 ] ] ], [ [ [ 111.757471182000074, -8.342463757999951 ], [ 111.759581166000089, -8.342212465999978 ], [ 111.760520072000077, -8.343793773999948 ], [ 111.757471182000074, -8.342463757999951 ] ] ], [ [ [ 111.758060037000064, -8.339064238999981 ], [ 111.757572792000076, -8.340989543999967 ], [ 111.757144489000041, -8.34019718299993 ], [ 111.758060037000064, -8.339064238999981 ] ] ], [ [ [ 111.783362707000038, -8.32680199899994 ], [ 111.783855635000066, -8.326665185999957 ], [ 111.783790491000047, -8.326986541999929 ], [ 111.783362707000038, -8.32680199899994 ] ] ], [ [ [ 111.786746590000064, -8.365256000999977 ], [ 111.786739452000063, -8.365798517999963 ], [ 111.785360802000071, -8.366239442999927 ], [ 111.786746590000064, -8.365256000999977 ] ] ], [ [ [ 111.796807427000033, -8.35501170799995 ], [ 111.797064409000086, -8.358302501999958 ], [ 111.796150696000041, -8.355075952999925 ], [ 111.796807427000033, -8.35501170799995 ] ] ], [ [ [ 111.796247064000056, -8.354665495999939 ], [ 111.796389832000045, -8.354576265999981 ], [ 111.796400539000047, -8.354665495999939 ], [ 111.796247064000056, -8.354665495999939 ] ] ], [ [ [ 111.924657685000057, -8.306890590999956 ], [ 111.925194158000068, -8.306585302999963 ], [ 111.924978371000066, -8.307017848999976 ], [ 111.924657685000057, -8.306890590999956 ] ] ], [ [ [ 111.925493306000078, -8.30619725899993 ], [ 111.925089005000075, -8.30530818699998 ], [ 111.925611789000072, -8.304745973999957 ], [ 111.925493306000078, -8.30619725899993 ] ] ], [ [ [ 111.893512152000085, -8.300777747999973 ], [ 111.893715308000083, -8.300522656999931 ], [ 111.893624643000066, -8.300864374999946 ], [ 111.893512152000085, -8.300777747999973 ] ] ], [ [ [ 111.876675796000086, -8.291802956999959 ], [ 111.876914399000043, -8.29156858999994 ], [ 111.876915512000039, -8.29185369399994 ], [ 111.876675796000086, -8.291802956999959 ] ] ], [ [ [ 111.845462075000057, -8.283066532999953 ], [ 111.845653964000064, -8.282913114999928 ], [ 111.845658582000056, -8.283053093999968 ], [ 111.845462075000057, -8.283066532999953 ] ] ], [ [ [ 111.864076923000084, -8.278797876999931 ], [ 111.864212055000053, -8.277751032999959 ], [ 111.864394031000074, -8.277724052999929 ], [ 111.864076923000084, -8.278797876999931 ] ] ], [ [ [ 111.862796754000044, -8.275580322999929 ], [ 111.862954682000066, -8.275461327999949 ], [ 111.862968006000074, -8.275554980999971 ], [ 111.862796754000044, -8.275580322999929 ] ] ], [ [ [ 111.805882620000034, -8.268803333999927 ], [ 111.805916738000064, -8.268251928999973 ], [ 111.805991597000059, -8.26883715799994 ], [ 111.805882620000034, -8.268803333999927 ] ] ], [ [ [ 111.790580722000072, -7.834446360999948 ], [ 111.799201950000054, -7.836567332999948 ], [ 111.802711466000062, -7.865668244999938 ], [ 111.830375643000082, -7.877436096999929 ], [ 111.863029620000077, -7.907659698999964 ], [ 111.883628822000048, -7.947909774999971 ], [ 111.927684766000084, -7.962937259999933 ], [ 111.945243805000075, -7.953571738999926 ], [ 111.956516384000054, -8.008926513999938 ], [ 111.972482020000086, -8.043613044999972 ], [ 111.996223751000059, -8.06265422499996 ], [ 111.988168231000088, -8.076431061999926 ], [ 111.996873583000081, -8.092109692999941 ], [ 112.03365218600004, -8.098850046999928 ], [ 112.078941710000095, -8.118921178999926 ], [ 112.095782733000078, -8.110909127999946 ], [ 112.122008669000024, -8.125288452999939 ], [ 112.116538974000036, -8.157614616999979 ], [ 112.103652905000104, -8.158392793999951 ], [ 112.078582727000025, -8.187517066999931 ], [ 112.028839088000041, -8.168212786999959 ], [ 112.021926834000055, -8.226737894999928 ], [ 112.031666591000089, -8.310933674999944 ], [ 111.99345700300006, -8.296989864999944 ], [ 111.974475165000058, -8.280825336999953 ], [ 111.949864801000047, -8.27720901999993 ], [ 111.936422446000051, -8.286657525999942 ], [ 111.944100837000065, -8.295957666999925 ], [ 111.93696753200004, -8.306436780999945 ], [ 111.911526005000042, -8.296745358999942 ], [ 111.899214897000036, -8.304223500999967 ], [ 111.885410358000058, -8.292808937999951 ], [ 111.875191137000058, -8.290882420999935 ], [ 111.862464838000051, -8.268717219999928 ], [ 111.852841672000068, -8.271121798999957 ], [ 111.839778505000083, -8.258543712999938 ], [ 111.835026946000085, -8.264239836999934 ], [ 111.842597580000074, -8.281864459999952 ], [ 111.808669594000037, -8.264107502999934 ], [ 111.79993354000004, -8.269851141999936 ], [ 111.803619391000041, -8.262572794999926 ], [ 111.791197181000086, -8.255180457999927 ], [ 111.770918986000083, -8.264776172999973 ], [ 111.778715612000042, -8.277228405999949 ], [ 111.769675997000036, -8.288834809999969 ], [ 111.750003724000067, -8.289813422999941 ], [ 111.747905793000086, -8.257875444999968 ], [ 111.727261317000057, -8.242154846999938 ], [ 111.740132863000042, -8.203175703999932 ], [ 111.73023773500006, -8.205558585999938 ], [ 111.71686483700006, -8.191118854999957 ], [ 111.721556142000054, -8.161722754999971 ], [ 111.733612480000033, -8.142207047999932 ], [ 111.816062200000033, -8.136628328999961 ], [ 111.846566261000078, -8.110631824999928 ], [ 111.838943138000047, -8.091938440999968 ], [ 111.813153039000042, -8.087645154999962 ], [ 111.780216145000054, -8.039231452999957 ], [ 111.75461770000004, -8.031249869999954 ], [ 111.760537602000056, -7.98793775799993 ], [ 111.738133308000045, -7.958909106999954 ], [ 111.744175344000041, -7.932147613999973 ], [ 111.761232181000082, -7.922897086999967 ], [ 111.755859357000077, -7.893874582999956 ], [ 111.771194421000075, -7.886666222999963 ], [ 111.778625475000069, -7.865139411999962 ], [ 111.773078891000068, -7.851184284999931 ], [ 111.790580722000072, -7.834446360999948 ] ] ] ] } },
{ "type": "Feature", "properties": { "kemendagri_kab_code": 3505, "kemendagri_kab_name": "Kabupaten Blitar", "kemendagri_prov_code": 35, "kemendagri_prov_name": "Jawa Timur" }, "geometry": { "type": "MultiPolygon", "coordinates": [ [ [ [ 112.237123613000108, -8.350827821999928 ], [ 112.236834793000071, -8.350453758999947 ], [ 112.237234258000058, -8.350499455999966 ], [ 112.237123613000108, -8.350827821999928 ] ] ], [ [ [ 112.238138504000062, -8.350927184999932 ], [ 112.237629587000015, -8.349470697999948 ], [ 112.238582210000118, -8.34939163699994 ], [ 112.238138504000062, -8.350927184999932 ] ] ], [ [ [ 112.237573800000064, -8.346043571999928 ], [ 112.237695, -8.345662 ], [ 112.238002779000112, -8.345887828999935 ], [ 112.237573800000064, -8.346043571999928 ] ] ], [ [ [ 112.228728566000086, -8.34516739299994 ], [ 112.228469650000079, -8.344581518999973 ], [ 112.229147192000028, -8.343907676999947 ], [ 112.228728566000086, -8.34516739299994 ] ] ], [ [ [ 112.220592, -8.343587 ], [ 112.219913542000086, -8.343354014999932 ], [ 112.219961063000028, -8.343100529999958 ], [ 112.220592, -8.343587 ] ] ], [ [ [ 112.223150310000051, -8.342894261999959 ], [ 112.223314260000052, -8.343784221999954 ], [ 112.222321885000042, -8.344139764999966 ], [ 112.223150310000051, -8.342894261999959 ] ] ], [ [ [ 112.217739, -8.339734 ], [ 112.217835238000021, -8.339485578999927 ], [ 112.217843, -8.339706 ], [ 112.217739, -8.339734 ] ] ], [ [ [ 112.206940827000039, -8.330041364999943 ], [ 112.206785229000047, -8.329593938999949 ], [ 112.206884646000049, -8.329452910999976 ], [ 112.206940827000039, -8.330041364999943 ] ] ], [ [ [ 112.205450146000089, -8.329082777999929 ], [ 112.205526779000024, -8.328721013999939 ], [ 112.205607736000047, -8.328760252999928 ], [ 112.205450146000089, -8.329082777999929 ] ] ], [ [ [ 112.181493141000033, -8.327795801999969 ], [ 112.180653, -8.327302 ], [ 112.180937422000056, -8.327156821999949 ], [ 112.181493141000033, -8.327795801999969 ] ] ], [ [ [ 112.202754519000109, -8.326802829999963 ], [ 112.202952531000051, -8.326673931999949 ], [ 112.202738003000036, -8.326933982999947 ], [ 112.202754519000109, -8.326802829999963 ] ] ], [ [ [ 112.180154, -8.326718 ], [ 112.179449915000077, -8.32680123199998 ], [ 112.1792859950001, -8.326114016999952 ], [ 112.180154, -8.326718 ] ] ], [ [ [ 112.150273524000113, -8.324921866999944 ], [ 112.150375841000027, -8.324893312999961 ], [ 112.150294939000105, -8.324976593999963 ], [ 112.150273524000113, -8.324921866999944 ] ] ], [ [ [ 112.18608610800004, -8.324799094999946 ], [ 112.186267877000091, -8.32462946499993 ], [ 112.186287015000062, -8.324824838999973 ], [ 112.18608610800004, -8.324799094999946 ] ] ], [ [ [ 112.150034, -8.322254 ], [ 112.149854490000052, -8.321659724999961 ], [ 112.150272773000097, -8.321697471999926 ], [ 112.150034, -8.322254 ] ] ], [ [ [ 112.452144768000039, -7.926506892999953 ], [ 112.478014863000112, -7.970603768999979 ], [ 112.468375308000077, -7.999415609999971 ], [ 112.474497665000058, -8.013797594999971 ], [ 112.453425411000012, -8.056947124999965 ], [ 112.454619652000019, -8.141725226999938 ], [ 112.415525818000106, -8.166345198999977 ], [ 112.411861774000045, -8.160330463999969 ], [ 112.392058756000097, -8.161764928999958 ], [ 112.366810230000056, -8.174881221999954 ], [ 112.367195136000078, -8.183473996999965 ], [ 112.382708093000019, -8.191248304999931 ], [ 112.389242695, -8.215237031999948 ], [ 112.387659351000025, -8.236210227999948 ], [ 112.378141130000017, -8.240105634999964 ], [ 112.388434982000035, -8.285285703999932 ], [ 112.35990094400006, -8.348407162999933 ], [ 112.348848657000076, -8.351461496999946 ], [ 112.347898057000066, -8.341332757999965 ], [ 112.33707322500004, -8.34227920099994 ], [ 112.328341527000021, -8.331608847999973 ], [ 112.316291549000084, -8.342518925999968 ], [ 112.29633242500006, -8.331247583999925 ], [ 112.285962497000014, -8.331926223999972 ], [ 112.26346396200006, -8.350295984999946 ], [ 112.254801090000115, -8.342971051999939 ], [ 112.220854979000023, -8.342465856999979 ], [ 112.216556501000014, -8.325940651999929 ], [ 112.170139551000034, -8.320272485999965 ], [ 112.15550362700003, -8.328614548999951 ], [ 112.15009683400001, -8.321371880999948 ], [ 112.145367726000018, -8.319136209999954 ], [ 112.144722917000081, -8.316130063999935 ], [ 112.140565712000011, -8.317528015999926 ], [ 112.140550215000076, -8.314655018999929 ], [ 112.129840700000045, -8.325506252999958 ], [ 112.110378926000067, -8.312369579999938 ], [ 112.065364878000082, -8.322254441999974 ], [ 112.029114987000071, -8.317168 ], [ 112.034355613000116, -8.300846941999964 ], [ 112.024482679000016, -8.287785453999959 ], [ 112.030631966000101, -8.262681857999951 ], [ 112.021926834000055, -8.226737894999928 ], [ 112.028839088000041, -8.168212786999959 ], [ 112.078582727000025, -8.187517066999931 ], [ 112.103652905000104, -8.158392793999951 ], [ 112.116538974000036, -8.157614616999979 ], [ 112.122008669000024, -8.125288452999939 ], [ 112.095782733000078, -8.110909127999946 ], [ 112.078941710000095, -8.118921178999926 ], [ 112.03365218600004, -8.098850046999928 ], [ 111.996873583000081, -8.092109692999941 ], [ 111.988168231000088, -8.076431061999926 ], [ 111.994726369000034, -8.059230153999977 ], [ 111.972482020000086, -8.043613044999972 ], [ 111.955701279000039, -7.998078010999961 ], [ 111.975378, -8.012608 ], [ 111.981241860000068, -7.996855023999956 ], [ 112.014230702000077, -8.001720026999976 ], [ 112.036828161000017, -7.99326419199997 ], [ 112.090801419000059, -7.991578146999927 ], [ 112.096251755000026, -7.970012782999959 ], [ 112.178431437000086, -7.974099050999939 ], [ 112.251386662000073, -7.944756580999979 ], [ 112.302808668000011, -7.937659149999945 ], [ 112.311161035000055, -7.92825976499995 ], [ 112.370512092000013, -7.957216332999963 ], [ 112.407212466000033, -7.95026276599998 ], [ 112.432245282000054, -7.930334562999974 ], [ 112.452144768000039, -7.926506892999953 ] ], [ [ 112.183862110000064, -8.05671717499996 ], [ 112.172130880000054, -8.058188289999975 ], [ 112.16132153500007, -8.084917698999959 ], [ 112.144267975000048, -8.076675424999962 ], [ 112.133495351000079, -8.083633806999956 ], [ 112.141598490000092, -8.099935674999927 ], [ 112.135943192000013, -8.109040270999969 ], [ 112.147555232000059, -8.109471146999965 ], [ 112.142224048000116, -8.117784797999946 ], [ 112.148980354000059, -8.127566248999926 ], [ 112.15960679300008, -8.12664093099994 ], [ 112.156447466000031, -8.13486841799994 ], [ 112.167662584000027, -8.131373786999973 ], [ 112.170787173, -8.118809723999959 ], [ 112.200513504000014, -8.092817638999975 ], [ 112.19085045700001, -8.085328343999947 ], [ 112.198500112000033, -8.065368755999941 ], [ 112.188393345, -8.066167364999956 ], [ 112.183862110000064, -8.05671717499996 ] ] ], [ [ [ 112.238881374000016, -8.352420036999945 ], [ 112.238540048, -8.352256731999944 ], [ 112.238978, -8.352203 ], [ 112.238881374000016, -8.352420036999945 ] ] ], [ [ [ 112.240641672000038, -8.352362402999972 ], [ 112.241083039000046, -8.352123505999941 ], [ 112.240905000000112, -8.352428 ], [ 112.240641672000038, -8.352362402999972 ] ] ], [ [ [ 112.348227786000052, -8.352252523999937 ], [ 112.348111826000036, -8.351926894999963 ], [ 112.348312966000094, -8.352222221999966 ], [ 112.348227786000052, -8.352252523999937 ] ] ], [ [ [ 112.242035000000101, -8.351046 ], [ 112.241608597000095, -8.350790393999944 ], [ 112.241827361000105, -8.350615045999973 ], [ 112.242035000000101, -8.351046 ] ] ], [ [ [ 112.34590335900009, -8.350575603999971 ], [ 112.345461292000095, -8.350178193999966 ], [ 112.346070951000115, -8.350548871999933 ], [ 112.34590335900009, -8.350575603999971 ] ] ], [ [ [ 112.241092, -8.350266 ], [ 112.241366, -8.350222 ], [ 112.241237, -8.350351 ], [ 112.241092, -8.350266 ] ] ], [ [ [ 112.346176885000091, -8.349957829999937 ], [ 112.345908454000096, -8.349708304999979 ], [ 112.346239037000032, -8.34992772499993 ], [ 112.346176885000091, -8.349957829999937 ] ] ], [ [ [ 112.240085511000075, -8.348165163999965 ], [ 112.240456467000058, -8.351001227999973 ], [ 112.239021805000107, -8.350738542999977 ], [ 112.240085511000075, -8.348165163999965 ] ] ], [ [ [ 112.242178456000033, -8.349110651999979 ], [ 112.242085555000017, -8.348041123999963 ], [ 112.242259011000101, -8.349055834999945 ], [ 112.242178456000033, -8.349110651999979 ] ] ], [ [ [ 112.346895603, -8.347048601999973 ], [ 112.347196435000114, -8.347084944999949 ], [ 112.346922088000042, -8.347098790999951 ], [ 112.346895603, -8.347048601999973 ] ] ], [ [ [ 112.318430334000027, -8.343198761999929 ], [ 112.318951877000018, -8.343860765999978 ], [ 112.318138353000109, -8.343691318999959 ], [ 112.318430334000027, -8.343198761999929 ] ] ], [ [ [ 112.307195438, -8.342939901999955 ], [ 112.307534083000064, -8.341189983999925 ], [ 112.308785639, -8.341846590999978 ], [ 112.307195438, -8.342939901999955 ] ] ], [ [ [ 112.310986, -8.340501 ], [ 112.310536943000102, -8.340499828999953 ], [ 112.310404492000089, -8.339916869999968 ], [ 112.310986, -8.340501 ] ] ], [ [ [ 112.303204887000106, -8.339043454999967 ], [ 112.303210472000046, -8.338758963999965 ], [ 112.303504269000086, -8.338823088999959 ], [ 112.303204887000106, -8.339043454999967 ] ] ], [ [ [ 112.293488473000025, -8.333527558999947 ], [ 112.293121273000111, -8.33367297999996 ], [ 112.293033541000113, -8.333368220999944 ], [ 112.293488473000025, -8.333527558999947 ] ] ] ] } },
{ "type": "Feature", "properties": { "kemendagri_kab_code": 3506, "kemendagri_kab_name": "Kabupaten Kediri", "kemendagri_prov_code": 35, "kemendagri_prov_name": "Jawa Timur" }, "geometry": { "type": "Polygon", "coordinates": [ [ [ 112.417342889000111, -7.764451555999926 ], [ 112.411613131000081, -7.776612690999968 ], [ 112.396217302000082, -7.785391202999961 ], [ 112.381858761000103, -7.784899123999935 ], [ 112.349139685000068, -7.76151763799993 ], [ 112.328735307000102, -7.777274976999934 ], [ 112.287843, -7.770675 ], [ 112.306862311000032, -7.799282675999962 ], [ 112.307632392000073, -7.838924757999962 ], [ 112.3193511610001, -7.839082142999928 ], [ 112.318199119000042, -7.861470113999928 ], [ 112.325981093000109, -7.872871765999946 ], [ 112.306139641000073, -7.936069515999975 ], [ 112.251386662000073, -7.944756580999979 ], [ 112.178431437000086, -7.974099050999939 ], [ 112.096251755000026, -7.970012782999959 ], [ 112.092739253000104, -7.991000227999962 ], [ 112.036828161000017, -7.99326419199997 ], [ 112.014230702000077, -8.001720026999976 ], [ 111.981241860000068, -7.996855023999956 ], [ 111.976248, -8.012554 ], [ 111.956738889000064, -7.997738055999946 ], [ 111.945202550000033, -7.953523330999928 ], [ 111.927684766000084, -7.962937259999933 ], [ 111.883628822000048, -7.947909774999971 ], [ 111.863029620000077, -7.907659698999964 ], [ 111.830375643000082, -7.877436096999929 ], [ 111.802711466000062, -7.865668244999938 ], [ 111.797172522000039, -7.84789985599997 ], [ 111.814007588000038, -7.81297045599996 ], [ 111.824723565000056, -7.811220716999969 ], [ 111.900298709000083, -7.739726843999961 ], [ 111.92804652500007, -7.722563261999937 ], [ 111.954105672000082, -7.679608276999943 ], [ 111.985061047000045, -7.686362413999973 ], [ 111.982237086000055, -7.710955616999968 ], [ 111.997561785000073, -7.729300530999978 ], [ 112.002243381000085, -7.752345121999952 ], [ 112.02227704400002, -7.761949949999973 ], [ 112.027217905000043, -7.725688801999979 ], [ 112.05906896700003, -7.72352062799996 ], [ 112.076308404000088, -7.701496752999958 ], [ 112.075869628000078, -7.678756881999959 ], [ 112.09835101200008, -7.644113662999928 ], [ 112.110477991000039, -7.593147716999965 ], [ 112.121497626000064, -7.606741008999961 ], [ 112.16542142000003, -7.612981422999951 ], [ 112.217842049000069, -7.676069644999927 ], [ 112.214983555000117, -7.689052327999946 ], [ 112.251853908000044, -7.725828054999965 ], [ 112.301795917000049, -7.726817023999956 ], [ 112.397262543000011, -7.776074759999972 ], [ 112.417342889000111, -7.764451555999926 ] ], [ [ 112.009479728000088, -7.771883425999931 ], [ 111.998645559000067, -7.77143727999993 ], [ 111.992660226000055, -7.78405704599993 ], [ 111.983198146000063, -7.782128521999937 ], [ 111.981298721000087, -7.79377988899995 ], [ 111.955478873000061, -7.806320311999968 ], [ 111.958089245000053, -7.822861516999978 ], [ 111.98392670000004, -7.82624888099997 ], [ 111.987005664000037, -7.839577816999963 ], [ 112.008046120000017, -7.840367432999926 ], [ 111.998249196000074, -7.851597459999937 ], [ 112.030627991000074, -7.867405146999943 ], [ 112.048275803000024, -7.872808248999945 ], [ 112.057810730000028, -7.864317031999974 ], [ 112.074284159000058, -7.875803323999946 ], [ 112.065778718000047, -7.854584244999955 ], [ 112.069273474000056, -7.84395911799993 ], [ 112.077546546, -7.849607626999955 ], [ 112.081941037000092, -7.844802027999947 ], [ 112.076946869000039, -7.832185553999977 ], [ 112.055874356000118, -7.834365477999938 ], [ 112.033275804000027, -7.818833995999967 ], [ 112.037694587000033, -7.810563211999977 ], [ 112.029291116000081, -7.809594319999974 ], [ 112.031295897000064, -7.800290079999968 ], [ 112.002343913, -7.788401461999968 ], [ 112.009479728000088, -7.771883425999931 ] ] ] } },
{ "type": "Feature", "properties": { "kemendagri_kab_code": 3507, "kemendagri_kab_name": "Kabupaten Malang", "kemendagri_prov_code": 35, "kemendagri_prov_name": "Jawa Timur" }, "geometry": { "type": "MultiPolygon", "coordinates": [ [ [ [ 112.521655, -8.405364 ], [ 112.521043263000024, -8.405593643999964 ], [ 112.521037456000045, -8.405230465999978 ], [ 112.521655, -8.405364 ] ] ], [ [ [ 112.529803489000074, -8.405206953999937 ], [ 112.529681377000088, -8.404899950999948 ], [ 112.529845253000076, -8.404887874999929 ], [ 112.529803489000074, -8.405206953999937 ] ] ], [ [ [ 112.52121270300006, -8.403833695999936 ], [ 112.520820801000013, -8.403665724999939 ], [ 112.521740952000073, -8.403689416999953 ], [ 112.52121270300006, -8.403833695999936 ] ] ], [ [ [ 112.52999765900006, -8.404259459999935 ], [ 112.529964942000106, -8.403289828999959 ], [ 112.530282290000059, -8.403320409999935 ], [ 112.52999765900006, -8.404259459999935 ] ] ], [ [ [ 112.533376614000076, -8.403708128999938 ], [ 112.533670833000087, -8.403495173999943 ], [ 112.533607685000106, -8.403810411999928 ], [ 112.533376614000076, -8.403708128999938 ] ] ], [ [ [ 112.49729573400009, -8.403048890999969 ], [ 112.497722712000041, -8.40321567999996 ], [ 112.49725490700007, -8.403483621999953 ], [ 112.49729573400009, -8.403048890999969 ] ] ], [ [ [ 112.493713505000073, -8.402768689999959 ], [ 112.494324961000075, -8.402195210999935 ], [ 112.494212676000075, -8.402793186999929 ], [ 112.493713505000073, -8.402768689999959 ] ] ], [ [ [ 112.520888264000064, -8.401321138999947 ], [ 112.521097337000015, -8.401493632999973 ], [ 112.52091387300004, -8.401489873999935 ], [ 112.520888264000064, -8.401321138999947 ] ] ], [ [ [ 112.444875585000091, -8.40055020099993 ], [ 112.445207585000048, -8.400229200999945 ], [ 112.445212585000036, -8.400597200999925 ], [ 112.444875585000091, -8.40055020099993 ] ] ], [ [ [ 112.484432642000115, -8.399370799999929 ], [ 112.485261305000108, -8.399642412999981 ], [ 112.484776736000072, -8.400252868999928 ], [ 112.484432642000115, -8.399370799999929 ] ] ], [ [ [ 112.520897862000083, -8.399729632999936 ], [ 112.521400874000051, -8.399482989999967 ], [ 112.521358938000049, -8.399808653999969 ], [ 112.520897862000083, -8.399729632999936 ] ] ], [ [ [ 112.519040579000034, -8.398898239999937 ], [ 112.519046359000072, -8.399092107999934 ], [ 112.518911392000064, -8.399055887999964 ], [ 112.519040579000034, -8.398898239999937 ] ] ], [ [ [ 112.455847445000018, -8.398406749999936 ], [ 112.455403846000081, -8.398967407999976 ], [ 112.455439345000059, -8.398379016999968 ], [ 112.455847445000018, -8.398406749999936 ] ] ], [ [ [ 112.446393115000092, -8.398435180999968 ], [ 112.446275380000088, -8.397354294999957 ], [ 112.446765164000112, -8.397835061999956 ], [ 112.446393115000092, -8.398435180999968 ] ] ], [ [ [ 112.51292666900008, -8.39760584499993 ], [ 112.513130654000065, -8.397721701999956 ], [ 112.512918680000098, -8.397837039999956 ], [ 112.51292666900008, -8.39760584499993 ] ] ], [ [ [ 112.516882747000068, -8.397259862999931 ], [ 112.517210970000065, -8.397504253999955 ], [ 112.51686087600001, -8.397627033999981 ], [ 112.516882747000068, -8.397259862999931 ] ] ], [ [ [ 112.518521605000046, -8.397206344999972 ], [ 112.518614110000044, -8.39744570299996 ], [ 112.518430064000086, -8.39739084699994 ], [ 112.518521605000046, -8.397206344999972 ] ] ], [ [ [ 112.481472788000019, -8.396683505999931 ], [ 112.481948981000073, -8.396640390999949 ], [ 112.481557218000034, -8.396845988999928 ], [ 112.481472788000019, -8.396683505999931 ] ] ], [ [ [ 112.449063693000085, -8.396464284999979 ], [ 112.449498252000012, -8.39610429499993 ], [ 112.449280849000047, -8.396510293999938 ], [ 112.449063693000085, -8.396464284999979 ] ] ], [ [ [ 112.477096091000021, -8.395810323999967 ], [ 112.476974680000012, -8.396123693999925 ], [ 112.476929987000062, -8.395619815999964 ], [ 112.477096091000021, -8.395810323999967 ] ] ], [ [ [ 112.46290543300006, -8.395741020999935 ], [ 112.463001801000019, -8.395812404999958 ], [ 112.462894725000069, -8.395780281999976 ], [ 112.46290543300006, -8.395741020999935 ] ] ], [ [ [ 112.424423772000068, -8.390103758999942 ], [ 112.424591590000091, -8.389667803999941 ], [ 112.424844407000023, -8.389596419999975 ], [ 112.424423772000068, -8.390103758999942 ] ] ], [ [ [ 112.42498501700004, -8.38742986699998 ], [ 112.425506119000033, -8.388329302999978 ], [ 112.424770867, -8.388483967999946 ], [ 112.42498501700004, -8.38742986699998 ] ] ], [ [ [ 112.423479192000059, -8.387134271999969 ], [ 112.423764727000048, -8.387212794999925 ], [ 112.423454207000077, -8.387169963999952 ], [ 112.423479192000059, -8.387134271999969 ] ] ], [ [ [ 112.424207307000074, -8.387255624999966 ], [ 112.424471427000071, -8.387016488999961 ], [ 112.424485704000062, -8.387105718999976 ], [ 112.424207307000074, -8.387255624999966 ] ] ], [ [ [ 112.395910156000014, -8.380150135999941 ], [ 112.396260769000037, -8.380138011999975 ], [ 112.39601149300006, -8.380237521999959 ], [ 112.395910156000014, -8.380150135999941 ] ] ], [ [ [ 112.373579636000045, -8.37868341199993 ], [ 112.373652004000064, -8.378898395999954 ], [ 112.373487548000071, -8.378813172999969 ], [ 112.373579636000045, -8.37868341199993 ] ] ], [ [ [ 112.374524481000094, -8.37733699599994 ], [ 112.374081039000089, -8.377708899999959 ], [ 112.374536528000021, -8.377077868999947 ], [ 112.374524481000094, -8.37733699599994 ] ] ], [ [ [ 112.655179082000018, -8.451979097999981 ], [ 112.655451005000032, -8.452202974999977 ], [ 112.655043621, -8.452385306999929 ], [ 112.655179082000018, -8.451979097999981 ] ] ], [ [ [ 112.64954557100009, -8.451527479999982 ], [ 112.649484895000114, -8.451673816999971 ], [ 112.649459911, -8.451641693999932 ], [ 112.64954557100009, -8.451527479999982 ] ] ], [ [ [ 112.64165833200002, -8.450964511999928 ], [ 112.641906033000055, -8.451126691999946 ], [ 112.641661167000052, -8.451168954999957 ], [ 112.64165833200002, -8.450964511999928 ] ] ], [ [ [ 112.652390371000024, -8.451956030999952 ], [ 112.652458595000098, -8.44987098699994 ], [ 112.652659501000016, -8.449870036999926 ], [ 112.652390371000024, -8.451956030999952 ] ] ], [ [ [ 112.672368402000075, -8.449428231999946 ], [ 112.672666402, -8.44963723199993 ], [ 112.672506402000067, -8.449714231999963 ], [ 112.672368402000075, -8.449428231999946 ] ] ], [ [ [ 112.649304648000111, -8.449644789999979 ], [ 112.649838245000069, -8.449303873999952 ], [ 112.64974187700011, -8.449685776999956 ], [ 112.649304648000111, -8.449644789999979 ] ] ], [ [ [ 112.654669174000105, -8.448880858999928 ], [ 112.653754715000105, -8.448950305999972 ], [ 112.654306348000091, -8.448022843999979 ], [ 112.654669174000105, -8.448880858999928 ] ] ], [ [ [ 112.636991614000067, -8.448431574999972 ], [ 112.637320737000096, -8.448318443999938 ], [ 112.637110588000041, -8.448583265999957 ], [ 112.636991614000067, -8.448431574999972 ] ] ], [ [ [ 112.637309003000041, -8.447499634999929 ], [ 112.637199510000073, -8.447814170999948 ], [ 112.637283315000104, -8.447480581999969 ], [ 112.637309003000041, -8.447499634999929 ] ] ], [ [ [ 112.656010617000106, -8.446918245999939 ], [ 112.656138513000087, -8.446989629999962 ], [ 112.656007642000077, -8.446992603999945 ], [ 112.656010617000106, -8.446918245999939 ] ] ], [ [ [ 112.659221180000031, -8.447067607999941 ], [ 112.659689680000042, -8.446582099999944 ], [ 112.659439857000052, -8.447297297999967 ], [ 112.659221180000031, -8.447067607999941 ] ] ], [ [ [ 112.646523061000039, -8.446200857999941 ], [ 112.646856186000036, -8.446064038999964 ], [ 112.646772905000034, -8.446432855999944 ], [ 112.646523061000039, -8.446200857999941 ] ] ], [ [ [ 112.670847746000049, -8.446081468999978 ], [ 112.67035003400008, -8.445581657999981 ], [ 112.670666879, -8.44540367299993 ], [ 112.670847746000049, -8.446081468999978 ] ] ], [ [ [ 112.647522435000042, -8.445576249999931 ], [ 112.647796073000109, -8.445439430999954 ], [ 112.647796073000109, -8.44562383899995 ], [ 112.647522435000042, -8.445576249999931 ] ] ], [ [ [ 112.669359393000036, -8.445503259999953 ], [ 112.668502361000037, -8.444914075999975 ], [ 112.669116, -8.444696 ], [ 112.669359393000036, -8.445503259999953 ] ] ], [ [ [ 112.664477211000076, -8.445514689999925 ], [ 112.664384384000073, -8.444295770999929 ], [ 112.664754678, -8.445427995999978 ], [ 112.664477211000076, -8.445514689999925 ] ] ], [ [ [ 112.64491216600004, -8.444252079999956 ], [ 112.644897889000049, -8.444423400999938 ], [ 112.644802711000011, -8.444447195999942 ], [ 112.64491216600004, -8.444252079999956 ] ] ], [ [ [ 112.641985063000106, -8.443492858999946 ], [ 112.641325276000089, -8.44289463399997 ], [ 112.642322683000089, -8.442342361999977 ], [ 112.641985063000106, -8.443492858999946 ] ] ], [ [ [ 112.667116906000047, -8.442595200999961 ], [ 112.66716176500006, -8.442796066999961 ], [ 112.667012229000079, -8.442698051999969 ], [ 112.667116906000047, -8.442595200999961 ] ] ], [ [ [ 112.668081717000064, -8.442504896999935 ], [ 112.66844671900003, -8.442561514999966 ], [ 112.668306624000024, -8.442770578999955 ], [ 112.668081717000064, -8.442504896999935 ] ] ], [ [ [ 112.622581995000019, -8.441685208999957 ], [ 112.622881807000113, -8.441670931999965 ], [ 112.622710486000074, -8.441927913999962 ], [ 112.622581995000019, -8.441685208999957 ] ] ], [ [ [ 112.620716478000077, -8.440728114999956 ], [ 112.621274412000048, -8.440662316999976 ], [ 112.620883060000097, -8.441035615999965 ], [ 112.620716478000077, -8.440728114999956 ] ] ], [ [ [ 112.641156663000061, -8.440769710999973 ], [ 112.640484481000044, -8.44037502499998 ], [ 112.640970693000099, -8.440224629999932 ], [ 112.641156663000061, -8.440769710999973 ] ] ], [ [ [ 112.615629012000113, -8.43258396799996 ], [ 112.615746795000064, -8.432558983999968 ], [ 112.615682550000088, -8.432712458999958 ], [ 112.615629012000113, -8.43258396799996 ] ] ], [ [ [ 112.592977923000035, -8.418346171999929 ], [ 112.593154202000051, -8.418639934999931 ], [ 112.592945748000034, -8.418579957999953 ], [ 112.592977923000035, -8.418346171999929 ] ] ], [ [ [ 112.594984969000052, -8.418162376999931 ], [ 112.594783469000049, -8.418456343999935 ], [ 112.59469196900011, -8.418397874999926 ], [ 112.594984969000052, -8.418162376999931 ] ] ], [ [ [ 112.584585123000011, -8.418120858999941 ], [ 112.584993734000022, -8.417750427999977 ], [ 112.584705489000044, -8.41827998499997 ], [ 112.584585123000011, -8.418120858999941 ] ] ], [ [ [ 112.354545553000094, -7.763813837999976 ], [ 112.381858761000103, -7.784899123999935 ], [ 112.396217302000082, -7.785391202999961 ], [ 112.418045021000012, -7.76421868999995 ], [ 112.430208595000067, -7.770786086999976 ], [ 112.436285112000064, -7.765358074999938 ], [ 112.442476918000011, -7.776206362999972 ], [ 112.455622516000062, -7.779216080999959 ], [ 112.463027385000032, -7.769033108999963 ], [ 112.489175387000046, -7.764940144999969 ], [ 112.499612857000102, -7.815657285999976 ], [ 112.487778286000093, -7.877586021999946 ], [ 112.477340061000064, -7.892018778999955 ], [ 112.484050460000049, -7.924184310999976 ], [ 112.474627473000055, -7.939368583999965 ], [ 112.484449169000072, -7.931238696999969 ], [ 112.541385405000028, -7.926311923999947 ], [ 112.567105468000022, -7.912906503999977 ], [ 112.580174488000011, -7.917515298999945 ], [ 112.582474397000055, -7.909320397999977 ], [ 112.595047114000067, -7.905952119999938 ], [ 112.583341244000053, -7.888466394999966 ], [ 112.572465679000061, -7.889179188999947 ], [ 112.564347830000088, -7.879483840999967 ], [ 112.571674116000054, -7.817136771999969 ], [ 112.583389673000056, -7.770906325999931 ], [ 112.59276117200011, -7.764761949999979 ], [ 112.632447743000057, -7.797595731999934 ], [ 112.654197233000104, -7.796973593999951 ], [ 112.661427478000064, -7.80592988799998 ], [ 112.711112929000024, -7.823918563999939 ], [ 112.732893463000096, -7.818081636999977 ], [ 112.739038258000051, -7.838596310999947 ], [ 112.76001331000009, -7.854358567999952 ], [ 112.761982152000087, -7.876095144999965 ], [ 112.779388504000053, -7.872390797999969 ], [ 112.783667634000039, -7.900266852999948 ], [ 112.805509843000095, -7.925488634999965 ], [ 112.840533706000087, -7.938675927999952 ], [ 112.853194114000075, -7.933747699999969 ], [ 112.884984117000045, -7.952345769999965 ], [ 112.903919148000114, -7.94697876999993 ], [ 112.912850243000094, -7.956732888999966 ], [ 112.915391643000021, -7.951348208999946 ], [ 112.935212244000013, -7.956013004999932 ], [ 112.926142947000017, -7.966484470999944 ], [ 112.945656185000075, -7.979743553999981 ], [ 112.938636996000014, -7.999148954999953 ], [ 112.925132002000055, -8.00054961099994 ], [ 112.933745473000045, -8.013838883999938 ], [ 112.900134145000038, -8.061862274999953 ], [ 112.905389452, -8.080889343999957 ], [ 112.920337201000052, -8.087864338999964 ], [ 112.926614004000044, -8.114154582999959 ], [ 112.904213854000091, -8.192206579999947 ], [ 112.922700300000088, -8.239709531999949 ], [ 112.913750075000053, -8.281578108999952 ], [ 112.9409581110001, -8.315161663999959 ], [ 112.937509437000017, -8.334905418999938 ], [ 112.947987425000065, -8.345042418999981 ], [ 112.945851103000109, -8.350347805999945 ], [ 112.949102652000079, -8.355873702999929 ], [ 112.946632982000096, -8.360193127999935 ], [ 112.948023831000114, -8.36355130499993 ], [ 112.930600654000045, -8.38209900399994 ], [ 112.932211246000065, -8.388242199999979 ], [ 112.928904968000097, -8.385038513999973 ], [ 112.911247380000077, -8.399130948999925 ], [ 112.907707118000076, -8.383447916999955 ], [ 112.898577100000011, -8.380735010999956 ], [ 112.892702776000078, -8.388869646999979 ], [ 112.898274955000034, -8.402068269999972 ], [ 112.871739451000053, -8.40845010399994 ], [ 112.863213214000098, -8.394222689999935 ], [ 112.847463764000054, -8.405440270999975 ], [ 112.848201515000028, -8.377613363999956 ], [ 112.839424895000093, -8.385832541999946 ], [ 112.838815848000081, -8.372298600999954 ], [ 112.831220035000115, -8.368836646999966 ], [ 112.820093327000109, -8.372958900999947 ], [ 112.81261810400008, -8.401376475999939 ], [ 112.804172476000076, -8.395340227999952 ], [ 112.799110090000113, -8.404796052999927 ], [ 112.792986858000063, -8.402398865999942 ], [ 112.792469701000073, -8.403147504999936 ], [ 112.783172548000039, -8.397285563999958 ], [ 112.783382601000085, -8.386836074999962 ], [ 112.773650188000033, -8.385919264999927 ], [ 112.766335032000029, -8.392344231999971 ], [ 112.766078428000014, -8.412010215999942 ], [ 112.753744583000071, -8.412453183999958 ], [ 112.756859952000013, -8.420853238999939 ], [ 112.750201049000111, -8.414553720999947 ], [ 112.744482244000096, -8.417576849999932 ], [ 112.742677033000064, -8.424800977999951 ], [ 112.739427683000031, -8.415823357999955 ], [ 112.708698879000053, -8.417529616999957 ], [ 112.671624055000052, -8.445080747999953 ], [ 112.667686349000064, -8.440736239999978 ], [ 112.65158362000011, -8.448551723999969 ], [ 112.632889393000028, -8.429599652999968 ], [ 112.615879849000066, -8.433806656999934 ], [ 112.616892195000105, -8.432717001999947 ], [ 112.615057310000111, -8.426498537999976 ], [ 112.610645218000059, -8.421153309999966 ], [ 112.596088510000072, -8.416362146999973 ], [ 112.586311927000111, -8.418156425999939 ], [ 112.557520668000052, -8.40237310599997 ], [ 112.546807543000114, -8.405524854999953 ], [ 112.52900278900006, -8.401960993999978 ], [ 112.522411356000021, -8.404704486999947 ], [ 112.522218874000032, -8.398065171999974 ], [ 112.51632061600003, -8.39547143599998 ], [ 112.511238111000011, -8.397737332999952 ], [ 112.510341015000108, -8.395393894999927 ], [ 112.506008645000065, -8.403487904999963 ], [ 112.502673942000115, -8.404557122999961 ], [ 112.500587001000099, -8.401356791999945 ], [ 112.471081104000064, -8.392830035999964 ], [ 112.464439108000079, -8.396414023999967 ], [ 112.462982357000101, -8.39561053999995 ], [ 112.457421507000049, -8.395798464999928 ], [ 112.452887919000091, -8.397384340999963 ], [ 112.452346823000084, -8.394729882999968 ], [ 112.443309278000015, -8.39820659999998 ], [ 112.420792351000046, -8.381115461999968 ], [ 112.371863090000033, -8.374558281999953 ], [ 112.360008134000054, -8.347096306999958 ], [ 112.388429166000037, -8.285339556999929 ], [ 112.378141130000017, -8.240105634999964 ], [ 112.387027879000016, -8.237546471999963 ], [ 112.389605691000042, -8.226111402999948 ], [ 112.382708093000019, -8.191248304999931 ], [ 112.367195136000078, -8.183473996999965 ], [ 112.366810230000056, -8.174881221999954 ], [ 112.392058756000097, -8.161764928999958 ], [ 112.411861774000045, -8.160330463999969 ], [ 112.415525818000106, -8.166345198999977 ], [ 112.453525582000111, -8.144109839999942 ], [ 112.459157918000074, -8.11494066299997 ], [ 112.453425411000012, -8.056947124999965 ], [ 112.474497665000058, -8.013797594999971 ], [ 112.468375308000077, -7.999415609999971 ], [ 112.477988935000099, -7.966094803999965 ], [ 112.465292578000117, -7.955945199999974 ], [ 112.467885076000016, -7.947075967999979 ], [ 112.452144768000039, -7.926506892999953 ], [ 112.432245282000054, -7.930334562999974 ], [ 112.407212466000033, -7.95026276599998 ], [ 112.370512092000013, -7.957216332999963 ], [ 112.306579535000083, -7.929297326999972 ], [ 112.325981093000109, -7.872871765999946 ], [ 112.318199119000042, -7.861470113999928 ], [ 112.3193511610001, -7.839082142999928 ], [ 112.307632392000073, -7.838924757999962 ], [ 112.306862311000032, -7.799282675999962 ], [ 112.287406885000109, -7.771668794999925 ], [ 112.328636122000034, -7.777287356999977 ], [ 112.354545553000094, -7.763813837999976 ] ], [ [ 112.569513334000021, -7.93699904999994 ], [ 112.599210085000095, -7.958752168999979 ], [ 112.603327843000102, -7.970534685999951 ], [ 112.591110836000098, -7.974061587999927 ], [ 112.597494714000049, -7.979086939999945 ], [ 112.596868239000059, -7.983788334999929 ], [ 112.576467767000054, -7.983746427999961 ], [ 112.6014000240001, -7.995511092999948 ], [ 112.597359775000086, -8.005967029999965 ], [ 112.606481146000078, -8.013450678999959 ], [ 112.618657623000104, -8.01099039199994 ], [ 112.613583481000092, -8.020818845999941 ], [ 112.630872905000047, -8.034963950999952 ], [ 112.631687985000099, -8.045990239999981 ], [ 112.645840244000055, -8.051574676999962 ], [ 112.665215000000103, -8.04075011499998 ], [ 112.676808874000017, -8.025647099999958 ], [ 112.672079982000014, -8.009000230999959 ], [ 112.683154597000112, -8.005459893999955 ], [ 112.693770603000075, -7.981695412999954 ], [ 112.657413302, -7.965173752999931 ], [ 112.668890336000118, -7.946242576999964 ], [ 112.662881512000013, -7.926907208999978 ], [ 112.64600818100007, -7.914013288999968 ], [ 112.639981604000013, -7.921569009999928 ], [ 112.62453055200001, -7.911251145999927 ], [ 112.609770008000055, -7.917906571999936 ], [ 112.613102235000042, -7.92521659199997 ], [ 112.591497325000091, -7.917811351999944 ], [ 112.598996232000104, -7.936337232999961 ], [ 112.569513334000021, -7.93699904999994 ] ] ], [ [ [ 112.70556561300009, -8.463651802999948 ], [ 112.706163592000053, -8.463719625999943 ], [ 112.705441077000046, -8.463893675999941 ], [ 112.70556561300009, -8.463651802999948 ] ] ], [ [ [ 112.704559156000073, -8.463747885999965 ], [ 112.704818517000035, -8.463347422999959 ], [ 112.704602876000081, -8.46379445599996 ], [ 112.704559156000073, -8.463747885999965 ] ] ], [ [ [ 112.701367, -8.46235 ], [ 112.700316139000051, -8.462589461999926 ], [ 112.700871420000112, -8.46203890399994 ], [ 112.701367, -8.46235 ] ] ], [ [ [ 112.698679528000071, -8.461160522999933 ], [ 112.698638047000031, -8.462928746999978 ], [ 112.697889659000111, -8.462662008999928 ], [ 112.698679528000071, -8.461160522999933 ] ] ], [ [ [ 112.691567526000085, -8.460967577999952 ], [ 112.691889223000089, -8.460746591999964 ], [ 112.691843731000063, -8.461084359999973 ], [ 112.691567526000085, -8.460967577999952 ] ] ], [ [ [ 112.695912763000024, -8.460484207999968 ], [ 112.696719107000035, -8.460524536999969 ], [ 112.696460047000073, -8.461463264999963 ], [ 112.695912763000024, -8.460484207999968 ] ] ], [ [ [ 112.691521115000114, -8.460068379999939 ], [ 112.691844348000018, -8.460339756999929 ], [ 112.691534678000039, -8.460444997999957 ], [ 112.691521115000114, -8.460068379999939 ] ] ], [ [ [ 112.672769103000064, -8.459397815999978 ], [ 112.672673545000066, -8.459601426999939 ], [ 112.672681034000107, -8.459419578999928 ], [ 112.672769103000064, -8.459397815999978 ] ] ], [ [ [ 112.694672200000014, -8.459145818999957 ], [ 112.695266830000037, -8.458914162999974 ], [ 112.695261388000063, -8.459341263999931 ], [ 112.694672200000014, -8.459145818999957 ] ] ], [ [ [ 112.69254297000009, -8.45922881599995 ], [ 112.692859836000025, -8.458667995999974 ], [ 112.692958520000047, -8.459276831999944 ], [ 112.69254297000009, -8.45922881599995 ] ] ], [ [ [ 112.676860473000033, -8.458461984999929 ], [ 112.67719149900006, -8.458694615999946 ], [ 112.67688303400007, -8.458696821999979 ], [ 112.676860473000033, -8.458461984999929 ] ] ], [ [ [ 112.677355300000045, -8.458157729999925 ], [ 112.677782272000059, -8.457474844999979 ], [ 112.678033639000091, -8.45758731899997 ], [ 112.677355300000045, -8.458157729999925 ] ] ], [ [ [ 112.680881238000097, -8.457056936999948 ], [ 112.681201891000114, -8.457288696999967 ], [ 112.680700846000036, -8.457450513999959 ], [ 112.680881238000097, -8.457056936999948 ] ] ], [ [ [ 112.679900088000068, -8.456822916999954 ], [ 112.67953603, -8.456219723999936 ], [ 112.679860827000084, -8.456248276999929 ], [ 112.679900088000068, -8.456822916999954 ] ] ], [ [ [ 112.678959359000032, -8.455659339999954 ], [ 112.679350195000097, -8.455454608999958 ], [ 112.6793254480001, -8.455727174999936 ], [ 112.678959359000032, -8.455659339999954 ] ] ], [ [ [ 112.68204422000008, -8.455566561999944 ], [ 112.681508997000037, -8.455628295999929 ], [ 112.682014477000052, -8.45523938599996 ], [ 112.68204422000008, -8.455566561999944 ] ] ], [ [ [ 112.676188227000011, -8.454967751999959 ], [ 112.676463976000036, -8.454970842999955 ], [ 112.676213831000041, -8.455096538999953 ], [ 112.676188227000011, -8.454967751999959 ] ] ], [ [ [ 112.678460643000108, -8.45467782999998 ], [ 112.678508459000113, -8.455032296999946 ], [ 112.678368256000113, -8.454907107999929 ], [ 112.678460643000108, -8.45467782999998 ] ] ], [ [ [ 112.676724221000086, -8.454911043999971 ], [ 112.677222896000103, -8.453165314999978 ], [ 112.67779436100011, -8.45282861499993 ], [ 112.676724221000086, -8.454911043999971 ] ] ], [ [ [ 112.67870155300011, -8.453870981999955 ], [ 112.678549565000026, -8.453573096999946 ], [ 112.678767226000105, -8.453765333999968 ], [ 112.67870155300011, -8.453870981999955 ] ] ], [ [ [ 112.677457095000022, -8.452248426999972 ], [ 112.677694510000038, -8.45125004199997 ], [ 112.677980577000085, -8.451350180999952 ], [ 112.677457095000022, -8.452248426999972 ] ] ], [ [ [ 112.678550027000028, -8.451341778999961 ], [ 112.679114445000096, -8.451504614999976 ], [ 112.678775222000013, -8.451752778999946 ], [ 112.678550027000028, -8.451341778999961 ] ] ], [ [ [ 112.677369731000113, -8.447011316999976 ], [ 112.677771387, -8.446693311999979 ], [ 112.677851750000059, -8.447049831999948 ], [ 112.677369731000113, -8.447011316999976 ] ] ], [ [ [ 112.702986332000023, -8.430153941999947 ], [ 112.712432793000062, -8.434252563999962 ], [ 112.712319768000043, -8.458540911999933 ], [ 112.703721172000087, -8.463850416999946 ], [ 112.692037464, -8.456203282999979 ], [ 112.688453774000095, -8.458023140999956 ], [ 112.688771108000083, -8.450998444999925 ], [ 112.680196877000071, -8.455983121999964 ], [ 112.680138915000043, -8.441225962999965 ], [ 112.702986332000023, -8.430153941999947 ] ] ], [ [ [ 112.735532184000022, -8.432765851999932 ], [ 112.733622666000088, -8.433839583999941 ], [ 112.735326955, -8.432593341999961 ], [ 112.735532184000022, -8.432765851999932 ] ] ], [ [ [ 112.733711403000029, -8.426918691999958 ], [ 112.734147373000042, -8.426901276999956 ], [ 112.734011796, -8.42711170299998 ], [ 112.733711403000029, -8.426918691999958 ] ] ], [ [ [ 112.738740967000012, -8.418006124999977 ], [ 112.739256359000024, -8.417842234999966 ], [ 112.73926464200008, -8.418270951999943 ], [ 112.738740967000012, -8.418006124999977 ] ] ], [ [ [ 112.745939579000037, -8.41772408199995 ], [ 112.746301125000059, -8.417622406999953 ], [ 112.746128375000012, -8.417974873999981 ], [ 112.745939579000037, -8.41772408199995 ] ] ], [ [ [ 112.754691060000027, -8.423828483999955 ], [ 112.753847082000107, -8.423437032999971 ], [ 112.754796002000035, -8.422322278999957 ], [ 112.754691060000027, -8.423828483999955 ] ] ], [ [ [ 112.75073739100003, -8.417116702999976 ], [ 112.750729364000108, -8.417399579999937 ], [ 112.750574734000111, -8.417148512999972 ], [ 112.75073739100003, -8.417116702999976 ] ] ], [ [ [ 112.748623939000026, -8.415902420999942 ], [ 112.748798580000084, -8.416192733999935 ], [ 112.748627031000069, -8.416255967999973 ], [ 112.748623939000026, -8.415902420999942 ] ] ], [ [ [ 112.798296416000085, -8.412443272999951 ], [ 112.797820524000031, -8.413347467999927 ], [ 112.796173937000049, -8.413404574999959 ], [ 112.798296416000085, -8.412443272999951 ] ] ], [ [ [ 112.797721538000019, -8.409306190999928 ], [ 112.799291983000103, -8.410981331999949 ], [ 112.795246899000063, -8.407535871999926 ], [ 112.797721538000019, -8.409306190999928 ] ] ], [ [ [ 112.798503122000056, -8.408206124999936 ], [ 112.798917767000034, -8.40848925399996 ], [ 112.798544767000067, -8.408513253999956 ], [ 112.798503122000056, -8.408206124999936 ] ] ], [ [ [ 112.848402374000102, -8.406698694999932 ], [ 112.84767876300009, -8.406908447999967 ], [ 112.847964251, -8.406260144999976 ], [ 112.848402374000102, -8.406698694999932 ] ] ], [ [ [ 112.793365067000082, -8.404385356999967 ], [ 112.794019923000064, -8.403351544999964 ], [ 112.794028615000116, -8.405089785999962 ], [ 112.793365067000082, -8.404385356999967 ] ] ], [ [ [ 112.810100684000076, -8.402662339999949 ], [ 112.810487462000083, -8.401929219999943 ], [ 112.810642276000067, -8.40245873799995 ], [ 112.810100684000076, -8.402662339999949 ] ] ], [ [ [ 112.812482525000064, -8.401751005999927 ], [ 112.812653846000103, -8.401786697999967 ], [ 112.812611016, -8.401829527999951 ], [ 112.812482525000064, -8.401751005999927 ] ] ], [ [ [ 112.815904040000078, -8.400455695999938 ], [ 112.816036954000083, -8.400060075999932 ], [ 112.816204783000103, -8.400543227999947 ], [ 112.815904040000078, -8.400455695999938 ] ] ], [ [ [ 112.809672781000017, -8.400110233999953 ], [ 112.80929612500006, -8.400375456999939 ], [ 112.809636030000092, -8.399861514999941 ], [ 112.809672781000017, -8.400110233999953 ] ] ], [ [ [ 112.817988817000014, -8.395879212999944 ], [ 112.817873425000016, -8.395206316999975 ], [ 112.818173361000049, -8.395991792999951 ], [ 112.817988817000014, -8.395879212999944 ] ] ], [ [ [ 112.926213438000104, -8.390471499999933 ], [ 112.92691985700003, -8.389870952999956 ], [ 112.926751139000089, -8.390606436999974 ], [ 112.926213438000104, -8.390471499999933 ] ] ], [ [ [ 112.836159980000048, -8.38411541499994 ], [ 112.836119831000019, -8.383242377999977 ], [ 112.836412751000012, -8.383008568999969 ], [ 112.836159980000048, -8.38411541499994 ] ] ], [ [ [ 112.838330062000068, -8.383121431999939 ], [ 112.838558058000103, -8.383224938999945 ], [ 112.838299886000073, -8.383450525999933 ], [ 112.838330062000068, -8.383121431999939 ] ] ], [ [ [ 112.932711919000099, -8.382175371999949 ], [ 112.931706399000063, -8.383165027999951 ], [ 112.931820061000053, -8.38256561999998 ], [ 112.932711919000099, -8.382175371999949 ] ] ], [ [ [ 112.836436936000041, -8.382707602999972 ], [ 112.836679778000075, -8.382711453999946 ], [ 112.836623656000029, -8.38288653199993 ], [ 112.836436936000041, -8.382707602999972 ] ] ], [ [ [ 112.837333417000082, -8.382697907999955 ], [ 112.8373770070001, -8.382345959999952 ], [ 112.837419673000113, -8.382718727999929 ], [ 112.837333417000082, -8.382697907999955 ] ] ], [ [ [ 112.837729003000049, -8.38219227299993 ], [ 112.837895565000053, -8.382106016999956 ], [ 112.837812284000051, -8.382581908999953 ], [ 112.837729003000049, -8.38219227299993 ] ] ], [ [ [ 112.83709289300009, -8.375049056999956 ], [ 112.836441765000018, -8.375260762999972 ], [ 112.836950800000068, -8.374412062999966 ], [ 112.83709289300009, -8.375049056999956 ] ] ], [ [ [ 112.825234651000073, -8.37340175099996 ], [ 112.825543251000113, -8.372904905999974 ], [ 112.825679439000055, -8.373036424999952 ], [ 112.825234651000073, -8.37340175099996 ] ] ], [ [ [ 112.826459912000018, -8.372865199999978 ], [ 112.826831864000042, -8.372848525999927 ], [ 112.826452438000047, -8.37304692999993 ], [ 112.826459912000018, -8.372865199999978 ] ] ], [ [ [ 112.946403270000019, -8.367136926999933 ], [ 112.946397402000116, -8.365753410999957 ], [ 112.946904402000087, -8.36630741099998 ], [ 112.946403270000019, -8.367136926999933 ] ] ], [ [ [ 112.947293188000117, -8.365704491999963 ], [ 112.947720000000118, -8.36580769699998 ], [ 112.947696, -8.365936499999975 ], [ 112.947293188000117, -8.365704491999963 ] ] ], [ [ [ 112.947801084000048, -8.362822963999974 ], [ 112.948009287000104, -8.362977628999943 ], [ 112.947908160000111, -8.363013320999926 ], [ 112.947801084000048, -8.362822963999974 ] ] ], [ [ [ 112.949804, -8.360807 ], [ 112.94996151600003, -8.360792807999928 ], [ 112.949927020000018, -8.360866306999981 ], [ 112.949804, -8.360807 ] ] ] ] } },
{ "type": "Feature", "properties": { "kemendagri_kab_code": 3508, "kemendagri_kab_name": "Kabupaten Lumajang", "kemendagri_prov_code": 35, "kemendagri_prov_name": "Jawa Timur" }, "geometry": { "type": "MultiPolygon", "coordinates": [ [ [ [ 112.949182073000088, -8.356792684999959 ], [ 112.948929747000079, -8.357467822999979 ], [ 112.949049009000078, -8.356783980999978 ], [ 112.949182073000088, -8.356792684999959 ] ] ], [ [ [ 113.265017200000102, -7.89923741399997 ], [ 113.274721320000026, -7.925307052999926 ], [ 113.30374318500003, -7.924912945999949 ], [ 113.341672587000062, -7.943003369999929 ], [ 113.361447598000041, -8.027822139999955 ], [ 113.349997838000036, -8.063197892999938 ], [ 113.366741729000069, -8.08590303699998 ], [ 113.36241002600002, -8.118493537999939 ], [ 113.37590135500011, -8.130828478999945 ], [ 113.372361792000106, -8.146374732999959 ], [ 113.379482544000098, -8.150133694999965 ], [ 113.377575289000106, -8.161788832999946 ], [ 113.365918128000089, -8.168561988999954 ], [ 113.367986100000053, -8.185137231999931 ], [ 113.353259061000017, -8.20360139099995 ], [ 113.333367321000082, -8.208271449999927 ], [ 113.313059095000085, -8.228828398999951 ], [ 113.320048228000019, -8.262780762999967 ], [ 113.307911065000098, -8.301720435999925 ], [ 113.303535220000072, -8.307205658999976 ], [ 113.263213804000088, -8.290505786999972 ], [ 113.217354930000056, -8.283085931999949 ], [ 113.124676478000083, -8.291191804999926 ], [ 113.079942840000058, -8.287073020999969 ], [ 112.983636750000073, -8.320875868999963 ], [ 112.949112126000045, -8.356052969999951 ], [ 112.937509437000017, -8.334905418999938 ], [ 112.9409581110001, -8.315161663999959 ], [ 112.913750075000053, -8.281578108999952 ], [ 112.922700300000088, -8.239709531999949 ], [ 112.904213854000091, -8.192206579999947 ], [ 112.926614004000044, -8.114154582999959 ], [ 112.920337201000052, -8.087864338999964 ], [ 112.905389452, -8.080889343999957 ], [ 112.900134145000038, -8.061862274999953 ], [ 112.933745473000045, -8.013838883999938 ], [ 112.925132002000055, -8.00054961099994 ], [ 112.938636996000014, -7.999148954999953 ], [ 112.940727273000107, -7.981936229999974 ], [ 112.950102690000108, -7.987032718999956 ], [ 112.972450325000068, -7.981001409999976 ], [ 112.993473031, -7.959994220999931 ], [ 113.022654710000097, -7.969503563999979 ], [ 113.059131291000085, -8.010445821999951 ], [ 113.078753516, -7.984163820999981 ], [ 113.105873568000106, -7.98431928399998 ], [ 113.11263361500005, -7.995253715999979 ], [ 113.135982380000087, -7.976462656999956 ], [ 113.149528063000048, -7.97975908899997 ], [ 113.190353247000075, -7.945064420999927 ], [ 113.210548901000038, -7.914956028999939 ], [ 113.207381837000071, -7.899875164999969 ], [ 113.248493895000024, -7.907737803999964 ], [ 113.265017200000102, -7.89923741399997 ] ] ] ] } },
{ "type": "Feature", "properties": { "kemendagri_kab_code": 3509, "kemendagri_kab_name": "Kabupaten Jember", "kemendagri_prov_code": 35, "kemendagri_prov_name": "Jawa Timur" }, "geometry": { "type": "MultiPolygon", "coordinates": [ [ [ [ 113.314380926000013, -8.507924122999952 ], [ 113.314959135000095, -8.507845599999939 ], [ 113.314559386000042, -8.508366701999933 ], [ 113.314380926000013, -8.507924122999952 ] ] ], [ [ [ 113.299238781000099, -8.505617416999939 ], [ 113.298451262000071, -8.504961852999941 ], [ 113.298565252000117, -8.504819277999957 ], [ 113.299238781000099, -8.505617416999939 ] ] ], [ [ [ 113.333104905000027, -8.504304961999935 ], [ 113.333488789000057, -8.504048685999976 ], [ 113.333269088000065, -8.504490559999965 ], [ 113.333104905000027, -8.504304961999935 ] ] ], [ [ [ 113.278413945000011, -8.500883296999973 ], [ 113.277623964000099, -8.502187241999934 ], [ 113.277866669000105, -8.501064135999968 ], [ 113.278413945000011, -8.500883296999973 ] ] ], [ [ [ 113.274227998000015, -8.498461838999958 ], [ 113.274380283000028, -8.498637918999975 ], [ 113.274270828000112, -8.498728338999967 ], [ 113.274227998000015, -8.498461838999958 ] ] ], [ [ [ 113.404613833000099, -8.493488200999934 ], [ 113.404894195000111, -8.493965014999958 ], [ 113.404248858000074, -8.493518020999943 ], [ 113.404613833000099, -8.493488200999934 ] ] ], [ [ [ 113.269266821000087, -8.490896342999974 ], [ 113.268243653000013, -8.494281125999976 ], [ 113.267379177000066, -8.491806369999949 ], [ 113.269266821000087, -8.490896342999974 ] ] ], [ [ [ 113.297129358, -8.444468417999929 ], [ 113.316495242000087, -8.452777728999934 ], [ 113.332177629000057, -8.448488517999976 ], [ 113.342508494000072, -8.45801834699995 ], [ 113.353176372, -8.44911336399997 ], [ 113.36808131600003, -8.450548178999952 ], [ 113.371740149000061, -8.45862829999993 ], [ 113.3973486860001, -8.455045360999975 ], [ 113.404278494000096, -8.472005808999938 ], [ 113.420250998000029, -8.470207285999948 ], [ 113.4123490180001, -8.47275286799993 ], [ 113.41040478900004, -8.490690875999974 ], [ 113.401907183000048, -8.489230529999929 ], [ 113.399338581000052, -8.496338971999933 ], [ 113.350931659000025, -8.505066280999927 ], [ 113.327224863000083, -8.50180785699996 ], [ 113.310198746000083, -8.509273876999941 ], [ 113.314488530000062, -8.501012177999939 ], [ 113.31258915, -8.499255905999973 ], [ 113.307125812000095, -8.50905503499996 ], [ 113.299559817000045, -8.502449389999981 ], [ 113.295981107000102, -8.507834110999966 ], [ 113.29418454000006, -8.508036540999967 ], [ 113.286637538000036, -8.498824461999959 ], [ 113.268987235000054, -8.496892583999966 ], [ 113.270585006000033, -8.490160782999965 ], [ 113.263297696000109, -8.486589964999951 ], [ 113.268893738000088, -8.467561699999976 ], [ 113.287850377000041, -8.461483372999965 ], [ 113.297129358, -8.444468417999929 ] ] ], [ [ [ 113.415577737000035, -8.474994761999938 ], [ 113.414578363000032, -8.47417622699993 ], [ 113.415910862000032, -8.474956689999942 ], [ 113.415577737000035, -8.474994761999938 ] ] ], [ [ [ 113.267994999000052, -8.469315820999952 ], [ 113.268202486000064, -8.468766364999965 ], [ 113.268340495000075, -8.46882347199994 ], [ 113.267994999000052, -8.469315820999952 ] ] ], [ [ [ 113.535710270000095, -8.43169004799995 ], [ 113.537314564000098, -8.432707846999961 ], [ 113.536982147000117, -8.433701582999959 ], [ 113.535710270000095, -8.43169004799995 ] ] ], [ [ [ 113.547369204, -8.432665973999974 ], [ 113.547329155000057, -8.432359230999964 ], [ 113.547861470000043, -8.432575934999932 ], [ 113.547369204, -8.432665973999974 ] ] ], [ [ [ 113.535168641000041, -8.432228505999944 ], [ 113.535751253000058, -8.432501359999947 ], [ 113.535209891000022, -8.432659697999952 ], [ 113.535168641000041, -8.432228505999944 ] ] ], [ [ [ 113.540071060000059, -8.432422500999962 ], [ 113.539270836000014, -8.432146648999947 ], [ 113.539788704000102, -8.43179998599993 ], [ 113.540071060000059, -8.432422500999962 ] ] ], [ [ [ 113.536159295000061, -8.430440843999975 ], [ 113.535522678, -8.430685607999976 ], [ 113.53477100900011, -8.430545265999967 ], [ 113.536159295000061, -8.430440843999975 ] ] ], [ [ [ 113.527590511000085, -8.430568689999973 ], [ 113.527166655000087, -8.430083699999955 ], [ 113.527909038000075, -8.430125192999981 ], [ 113.527590511000085, -8.430568689999973 ] ] ], [ [ [ 113.529590934000112, -8.429553891999944 ], [ 113.530069295000089, -8.428995313999962 ], [ 113.53008064100004, -8.429686449999963 ], [ 113.529590934000112, -8.429553891999944 ] ] ], [ [ [ 113.516012469000088, -8.425886984999977 ], [ 113.516445283000053, -8.425686533999965 ], [ 113.516525361000049, -8.425812422999968 ], [ 113.516012469000088, -8.425886984999977 ] ] ], [ [ [ 113.503839891000098, -8.423755530999927 ], [ 113.504228890000036, -8.423810186999958 ], [ 113.503744814000015, -8.423915965999981 ], [ 113.503839891000098, -8.423755530999927 ] ] ], [ [ [ 113.48018907800008, -8.414136606999932 ], [ 113.480570052000076, -8.414253579999979 ], [ 113.480250955000088, -8.414298111999926 ], [ 113.48018907800008, -8.414136606999932 ] ] ], [ [ [ 113.47868883600006, -8.410403935999966 ], [ 113.478198667000015, -8.409732927999926 ], [ 113.479002925000032, -8.409932801999958 ], [ 113.47868883600006, -8.410403935999966 ] ] ], [ [ [ 113.474332250000089, -8.397527945999968 ], [ 113.474778312000012, -8.397700373999953 ], [ 113.474370067000109, -8.397834186999944 ], [ 113.474332250000089, -8.397527945999968 ] ] ], [ [ [ 113.474629196000024, -8.396388054999932 ], [ 113.474629773000061, -8.395859479999956 ], [ 113.474752411000054, -8.396370821999938 ], [ 113.474629196000024, -8.396388054999932 ] ] ], [ [ [ 113.615051772000015, -8.499457438999968 ], [ 113.614629180000065, -8.499643988999935 ], [ 113.614440727000101, -8.499485992999951 ], [ 113.615051772000015, -8.499457438999968 ] ] ], [ [ [ 113.616051083000116, -8.499520319999931 ], [ 113.616075402000092, -8.499396778999937 ], [ 113.616148165000027, -8.499421334999965 ], [ 113.616051083000116, -8.499520319999931 ] ] ], [ [ [ 113.614185268000028, -8.49952411199996 ], [ 113.614335650000044, -8.499390861999927 ], [ 113.614371818000109, -8.499495557999978 ], [ 113.614185268000028, -8.49952411199996 ] ] ], [ [ [ 113.582922643000074, -8.444917206999946 ], [ 113.58262146800007, -8.444531861999963 ], [ 113.58335910400001, -8.444527372999971 ], [ 113.582922643000074, -8.444917206999946 ] ] ], [ [ [ 113.579539537000073, -8.444526986999961 ], [ 113.580043968000041, -8.444650214999967 ], [ 113.579544868000085, -8.44464247999997 ], [ 113.579539537000073, -8.444526986999961 ] ] ], [ [ [ 113.589627829000051, -8.443665700999929 ], [ 113.590138092000075, -8.443359483999927 ], [ 113.590232340000057, -8.443538295999929 ], [ 113.589627829000051, -8.443665700999929 ] ] ], [ [ [ 113.604573545000108, -8.443714262999947 ], [ 113.604738509000072, -8.442952716999969 ], [ 113.605098332000011, -8.442947750999963 ], [ 113.604573545000108, -8.443714262999947 ] ] ], [ [ [ 113.589396649000037, -8.443150024999966 ], [ 113.58951072900004, -8.442683981999949 ], [ 113.589614192000113, -8.443118113999958 ], [ 113.589396649000037, -8.443150024999966 ] ] ], [ [ [ 113.591966376000073, -8.442498384999965 ], [ 113.590524341000105, -8.443100051999977 ], [ 113.590042495000034, -8.442721933999962 ], [ 113.591966376000073, -8.442498384999965 ] ] ], [ [ [ 113.592400541000075, -8.44219785699994 ], [ 113.592302388, -8.442557750999981 ], [ 113.592122779000078, -8.442261334999955 ], [ 113.592400541000075, -8.44219785699994 ] ] ], [ [ [ 113.589813235000065, -8.441666655999938 ], [ 113.590730718000032, -8.441419530999951 ], [ 113.589773935000039, -8.441996528999937 ], [ 113.589813235000065, -8.441666655999938 ] ] ], [ [ [ 113.579662660000054, -8.440401959999974 ], [ 113.578547530000037, -8.441933211999981 ], [ 113.578096604000052, -8.441289423999933 ], [ 113.579662660000054, -8.440401959999974 ] ] ], [ [ [ 113.549362065000082, -8.439685868999959 ], [ 113.549130067000078, -8.439584741999965 ], [ 113.549343337000096, -8.439595162999979 ], [ 113.549362065000082, -8.439685868999959 ] ] ], [ [ [ 113.549011094000093, -8.43949194299995 ], [ 113.548859340000035, -8.439492175999931 ], [ 113.548859999000115, -8.439412230999949 ], [ 113.549011094000093, -8.43949194299995 ] ] ], [ [ [ 113.549989861000086, -8.438398928999959 ], [ 113.549685515000078, -8.438707747999956 ], [ 113.549404513000013, -8.43859880399998 ], [ 113.549989861000086, -8.438398928999959 ] ] ], [ [ [ 113.550703189000046, -8.437836729999958 ], [ 113.551402750000079, -8.438243617999944 ], [ 113.550471191000042, -8.438186510999969 ], [ 113.550703189000046, -8.437836729999958 ] ] ], [ [ [ 113.552185765000104, -8.437001953999982 ], [ 113.552559611000106, -8.43729467199995 ], [ 113.552028623000069, -8.437283199999968 ], [ 113.552185765000104, -8.437001953999982 ] ] ], [ [ [ 113.555236300000047, -8.43693269399995 ], [ 113.55461466600002, -8.436697721999963 ], [ 113.554831791000083, -8.436397314999965 ], [ 113.555236300000047, -8.43693269399995 ] ] ], [ [ [ 113.555898530000036, -8.436007365999956 ], [ 113.556184937000012, -8.436147946999938 ], [ 113.555940719000091, -8.436214605999965 ], [ 113.555898530000036, -8.436007365999956 ] ] ], [ [ [ 113.554154835000077, -8.436218855999925 ], [ 113.55395971900009, -8.435957114999951 ], [ 113.554242875000114, -8.436018980999961 ], [ 113.554154835000077, -8.436218855999925 ] ] ], [ [ [ 113.558872389000044, -8.435619004999978 ], [ 113.557706744000029, -8.435773250999944 ], [ 113.558872389000044, -8.43542864799997 ], [ 113.558872389000044, -8.435619004999978 ] ] ], [ [ [ 113.557040204000032, -8.434600594999949 ], [ 113.556156874000067, -8.435080612999968 ], [ 113.555883541000071, -8.434694383999954 ], [ 113.557040204000032, -8.434600594999949 ] ] ], [ [ [ 113.547448457000087, -8.433913024999981 ], [ 113.54778429800001, -8.433518469999967 ], [ 113.547795626000038, -8.433894814999974 ], [ 113.547448457000087, -8.433913024999981 ] ] ], [ [ [ 113.704533182000091, -8.53159377999998 ], [ 113.70957356800011, -8.533539971999971 ], [ 113.703860573000043, -8.532732432999978 ], [ 113.704533182000091, -8.53159377999998 ] ] ], [ [ [ 113.70347446400001, -8.531707 ], [ 113.702110413000014, -8.532040027999926 ], [ 113.702753313000017, -8.531570070999976 ], [ 113.70347446400001, -8.531707 ] ] ], [ [ [ 113.712534782000034, -8.528620271999955 ], [ 113.712719564000054, -8.528463319999958 ], [ 113.71262218600009, -8.528803882999966 ], [ 113.712534782000034, -8.528620271999955 ] ] ], [ [ [ 113.665336367, -8.506698393999955 ], [ 113.664670271000091, -8.506995309999979 ], [ 113.665299551000089, -8.506470307999962 ], [ 113.665336367, -8.506698393999955 ] ] ], [ [ [ 113.68736513500005, -8.50521742199993 ], [ 113.687636544000043, -8.504563694999945 ], [ 113.687583348000089, -8.505290127999956 ], [ 113.68736513500005, -8.50521742199993 ] ] ], [ [ [ 113.665916794000054, -8.503626636999968 ], [ 113.666478018000021, -8.503969612999981 ], [ 113.666047718000073, -8.504657839999936 ], [ 113.665741149000041, -8.503960277999965 ], [ 113.665916794000054, -8.503626636999968 ] ] ], [ [ [ 113.633671002000028, -8.50298502399994 ], [ 113.633228787, -8.504553145999978 ], [ 113.632844866000028, -8.503301972999964 ], [ 113.633671002000028, -8.50298502399994 ] ] ], [ [ [ 113.661425977000022, -8.499877564999963 ], [ 113.661111427000037, -8.502868667999962 ], [ 113.660416219000012, -8.503405474999965 ], [ 113.661425977000022, -8.499877564999963 ] ] ], [ [ [ 113.664556150000067, -8.500340939999944 ], [ 113.665246465000109, -8.500027918999933 ], [ 113.665229661000012, -8.500341873999957 ], [ 113.664556150000067, -8.500340939999944 ] ] ], [ [ [ 113.615815754000096, -8.500483589999931 ], [ 113.616178622, -8.499638880999953 ], [ 113.616309492000028, -8.499615085999949 ], [ 113.615815754000096, -8.500483589999931 ] ] ], [ [ [ 113.61734341500005, -8.499297554999941 ], [ 113.617400523000015, -8.50021483699993 ], [ 113.617104280000035, -8.499497429999963 ], [ 113.61734341500005, -8.499297554999941 ] ] ], [ [ [ 113.616217455000083, -8.49946235699997 ], [ 113.616270754000084, -8.49931578199994 ], [ 113.616314537000108, -8.499393827999938 ], [ 113.616217455000083, -8.49946235699997 ] ] ], [ [ [ 113.616444455000078, -8.499081642999954 ], [ 113.616675739000016, -8.499407152999936 ], [ 113.616310254000041, -8.499298649999957 ], [ 113.616444455000078, -8.499081642999954 ] ] ], [ [ [ 113.661438124000028, -8.499763777999931 ], [ 113.662423985000032, -8.498711236999952 ], [ 113.662618765000047, -8.498839294999925 ], [ 113.661438124000028, -8.499763777999931 ] ] ], [ [ [ 113.616769763000093, -8.499112626999931 ], [ 113.616906546000109, -8.499060227999962 ], [ 113.61679613900003, -8.499153502999945 ], [ 113.616769763000093, -8.499112626999931 ] ] ], [ [ [ 113.617285357000014, -8.49893302199996 ], [ 113.617506621000075, -8.498783669999966 ], [ 113.61741741700007, -8.498947298999951 ], [ 113.617285357000014, -8.49893302199996 ] ] ], [ [ [ 113.618465376000017, -8.496797469999933 ], [ 113.618930456000044, -8.498582410999973 ], [ 113.617611968, -8.498366374999932 ], [ 113.618465376000017, -8.496797469999933 ] ] ], [ [ [ 113.645414084000095, -8.496132158999956 ], [ 113.645038368000087, -8.495631912999954 ], [ 113.645409983000036, -8.495666310999979 ], [ 113.645414084000095, -8.496132158999956 ] ] ], [ [ [ 113.645876028000089, -8.495613613999978 ], [ 113.646143273, -8.495974667999974 ], [ 113.645737107000059, -8.495994541999949 ], [ 113.645876028000089, -8.495613613999978 ] ] ], [ [ [ 113.62364195400005, -8.472864533999939 ], [ 113.623736295000072, -8.471864516999972 ], [ 113.62398767000002, -8.472905139999966 ], [ 113.62364195400005, -8.472864533999939 ] ] ], [ [ [ 113.623362849000046, -8.471810545999972 ], [ 113.623438580000084, -8.471302560999959 ], [ 113.623764014000017, -8.471658920999971 ], [ 113.623362849000046, -8.471810545999972 ] ] ], [ [ [ 113.623822658000108, -8.469642516999954 ], [ 113.623907732000021, -8.469495644999938 ], [ 113.624109296000029, -8.469562050999969 ], [ 113.623822658000108, -8.469642516999954 ] ] ], [ [ [ 113.66757201300004, -7.96798561199995 ], [ 113.687242031000096, -8.011513752999974 ], [ 113.710191764000115, -8.011217658999954 ], [ 113.726188268000101, -8.023573323999926 ], [ 113.747562198000082, -8.064984989999971 ], [ 113.749248064000085, -8.049430749999942 ], [ 113.760224249000089, -8.050791616999959 ], [ 113.772879384000021, -8.036769586999981 ], [ 113.781899883000051, -8.050137363999966 ], [ 113.802189774000112, -8.057665666999981 ], [ 113.812585419000015, -8.04612653199996 ], [ 113.857034542000065, -8.041692956999952 ], [ 113.843760355000086, -8.020597633999955 ], [ 113.857821438000087, -8.018661178999935 ], [ 113.872034804, -8.032534941999927 ], [ 113.884966746000032, -8.029900257999941 ], [ 113.885442798000099, -8.018993877999947 ], [ 113.893216564000113, -8.015488969999979 ], [ 114.002845066000077, -8.074302080999928 ], [ 114.027625687000068, -8.112704544999929 ], [ 114.039882573000114, -8.113513546999968 ], [ 114.046848253, -8.124246184999947 ], [ 114.041122189000021, -8.137181096999939 ], [ 114.022050759000081, -8.141866833999927 ], [ 113.990278576000037, -8.18295117699995 ], [ 113.970749477000027, -8.189589047999959 ], [ 113.957524868000064, -8.20649380499998 ], [ 113.968119442000102, -8.220612360999951 ], [ 113.966703353000071, -8.232272235999972 ], [ 113.94977180300009, -8.26071974499996 ], [ 113.934996444000035, -8.270795693999958 ], [ 113.921150370000078, -8.308446155999945 ], [ 113.928371118000086, -8.319962092999958 ], [ 113.924223389000076, -8.33491126499996 ], [ 113.90900805800004, -8.346860430999925 ], [ 113.92122388700011, -8.357324314999971 ], [ 113.92367472400008, -8.384262651999961 ], [ 113.947273135000046, -8.401818783999943 ], [ 113.934415758000114, -8.42323915999998 ], [ 113.910271160000093, -8.441967339999962 ], [ 113.899236851000069, -8.43443379799993 ], [ 113.890406947000088, -8.410400425999967 ], [ 113.854652094000016, -8.429976193999948 ], [ 113.842207980000012, -8.49446361899993 ], [ 113.855116922000093, -8.519632882999929 ], [ 113.837592868000115, -8.553683815999932 ], [ 113.837370546000102, -8.529867550999938 ], [ 113.829640723000011, -8.527208647999942 ], [ 113.814740296000082, -8.558369158999938 ], [ 113.805877676000023, -8.554274685999928 ], [ 113.816553836000026, -8.536189512999954 ], [ 113.804454232000012, -8.52039943699998 ], [ 113.812438856000085, -8.50230983199998 ], [ 113.792041354000048, -8.487732241999936 ], [ 113.787811139000041, -8.498559416999967 ], [ 113.758867491000046, -8.502178331999971 ], [ 113.756072136000057, -8.518594708999956 ], [ 113.734808975000078, -8.525736098999971 ], [ 113.731833072000086, -8.514813351999976 ], [ 113.712518417000069, -8.528219476999936 ], [ 113.722227447000023, -8.496672414999978 ], [ 113.71817159200009, -8.484923020999929 ], [ 113.703148756000019, -8.482505355999933 ], [ 113.689574088000086, -8.50501602199995 ], [ 113.684203328000081, -8.491133800999933 ], [ 113.669466850000049, -8.497876682999959 ], [ 113.646552904000032, -8.494411562999971 ], [ 113.650079833000063, -8.484527181999965 ], [ 113.637946114000101, -8.475143471999957 ], [ 113.63902336600006, -8.45456659499996 ], [ 113.624782643000117, -8.45435963999995 ], [ 113.624500427000044, -8.446459106999953 ], [ 113.6003121010001, -8.435609439999951 ], [ 113.582663546000049, -8.444029764999925 ], [ 113.581341217000045, -8.431980913999951 ], [ 113.569434799000078, -8.425217097999962 ], [ 113.557420937000074, -8.426671415999976 ], [ 113.553208242000096, -8.436223846999951 ], [ 113.549457033000067, -8.430168803999948 ], [ 113.504843086000051, -8.422971161999953 ], [ 113.494817363000038, -8.412789391999979 ], [ 113.485824677000096, -8.415649801999962 ], [ 113.472444324000094, -8.38335353399998 ], [ 113.431629651000094, -8.379017857999941 ], [ 113.388636582000117, -8.400313600999937 ], [ 113.359800600000085, -8.351220694999938 ], [ 113.303535220000072, -8.307205658999976 ], [ 113.319818736000116, -8.26509225999996 ], [ 113.313059095000085, -8.228828398999951 ], [ 113.333367321000082, -8.208271449999927 ], [ 113.353259061000017, -8.20360139099995 ], [ 113.367986100000053, -8.185137231999931 ], [ 113.365994298000032, -8.168363469999974 ], [ 113.379527634000056, -8.157756744999972 ], [ 113.372361792000106, -8.146374732999959 ], [ 113.376001922000114, -8.131015028999968 ], [ 113.362341364000031, -8.118146944999978 ], [ 113.366741729000069, -8.08590303699998 ], [ 113.348690806000036, -8.054734814999961 ], [ 113.355079026000112, -8.03520496699997 ], [ 113.378931908000027, -8.020456124999953 ], [ 113.390978602000018, -7.997172646999957 ], [ 113.440205948000084, -8.015217132999965 ], [ 113.444848394000019, -8.025175249999961 ], [ 113.454030728000021, -8.019542633999947 ], [ 113.46543112300003, -8.027497995999965 ], [ 113.475912039000036, -8.025493438999945 ], [ 113.482201428000053, -7.994014166999932 ], [ 113.494626202000063, -8.004963784999973 ], [ 113.51464936800005, -8.00150438999998 ], [ 113.533103810000057, -8.009174917999928 ], [ 113.559492321000107, -7.994688920999977 ], [ 113.562843321000059, -7.982712352999954 ], [ 113.590327485000103, -7.983396719999973 ], [ 113.595268892000036, -7.976032197999928 ], [ 113.61397196300004, -7.992144541999949 ], [ 113.628874411000083, -7.975658169999974 ], [ 113.66757201300004, -7.96798561199995 ] ] ], [ [ [ 113.817955940000047, -8.562340330999973 ], [ 113.818130831000076, -8.562051225999937 ], [ 113.818031356, -8.562401375999968 ], [ 113.817955940000047, -8.562340330999973 ] ] ], [ [ [ 113.81137341200008, -8.561401623999927 ], [ 113.811537987000065, -8.561586232999957 ], [ 113.81132255600005, -8.561600358999954 ], [ 113.81137341200008, -8.561401623999927 ] ] ], [ [ [ 113.813081733000104, -8.561349403999941 ], [ 113.813245916000028, -8.561452910999947 ], [ 113.813181671000052, -8.561556417999952 ], [ 113.813081733000104, -8.561349403999941 ] ] ], [ [ [ 113.81367259700005, -8.55979169799997 ], [ 113.813922325000021, -8.560037073999979 ], [ 113.813605174000031, -8.560267228999976 ], [ 113.81367259700005, -8.55979169799997 ] ] ], [ [ [ 113.801111699000103, -8.559846423999943 ], [ 113.800579239000058, -8.558977588999937 ], [ 113.801030548000085, -8.558853338999938 ], [ 113.801111699000103, -8.559846423999943 ] ] ], [ [ [ 113.81746837500009, -8.559301335999976 ], [ 113.816612793000104, -8.559295495999947 ], [ 113.816853179000077, -8.558895882999934 ], [ 113.81746837500009, -8.559301335999976 ] ] ], [ [ [ 113.816124430000059, -8.559630930999958 ], [ 113.816222223000068, -8.558940763999942 ], [ 113.816484715000115, -8.559104227999967 ], [ 113.816124430000059, -8.559630930999958 ] ] ], [ [ [ 113.817760540000108, -8.558436547999975 ], [ 113.817589707000025, -8.558677813999964 ], [ 113.81748282, -8.558476394999957 ], [ 113.817760540000108, -8.558436547999975 ] ] ], [ [ [ 113.80683095400002, -8.558192968999947 ], [ 113.807241190000013, -8.558738766999966 ], [ 113.807056351000028, -8.558779091999952 ], [ 113.80683095400002, -8.558192968999947 ] ] ], [ [ [ 113.806718077000028, -8.557302974999971 ], [ 113.807034765000026, -8.557435171999941 ], [ 113.806755969000051, -8.55754941899994 ], [ 113.806718077000028, -8.557302974999971 ] ] ], [ [ [ 113.808617865000087, -8.55739473999995 ], [ 113.808790437000084, -8.556898469999965 ], [ 113.809212752, -8.557159942999931 ], [ 113.808617865000087, -8.55739473999995 ] ] ], [ [ [ 113.80419727200001, -8.553510114999938 ], [ 113.80355110000005, -8.553414931999953 ], [ 113.803647402000024, -8.553142406999939 ], [ 113.80419727200001, -8.553510114999938 ] ] ], [ [ [ 113.801279722000118, -8.550155140999948 ], [ 113.80102871400004, -8.549106940999934 ], [ 113.801579407000077, -8.549613647999934 ], [ 113.801279722000118, -8.550155140999948 ] ] ], [ [ [ 113.742912479000097, -8.546638625999947 ], [ 113.74398519600004, -8.545127523999952 ], [ 113.744299703000024, -8.545303407999938 ], [ 113.742912479000097, -8.546638625999947 ] ] ], [ [ [ 113.746908812000015, -8.542622778999942 ], [ 113.744895818000032, -8.544829309999955 ], [ 113.744239518000086, -8.544647226999928 ], [ 113.746908812000015, -8.542622778999942 ] ] ], [ [ [ 113.823546265, -8.543131593999931 ], [ 113.823819276000108, -8.543542670999955 ], [ 113.823590358000047, -8.543607778999956 ], [ 113.823546265, -8.543131593999931 ] ] ], [ [ [ 113.834850651000011, -8.538900860999945 ], [ 113.834902766000027, -8.539798953999934 ], [ 113.834110968, -8.539431521999973 ], [ 113.834850651000011, -8.538900860999945 ] ] ], [ [ [ 113.830864308000059, -8.534359916999961 ], [ 113.830443188000118, -8.534671759999981 ], [ 113.830583125000089, -8.534056516999954 ], [ 113.830864308000059, -8.534359916999961 ] ] ], [ [ [ 113.755691689000059, -8.522327598999937 ], [ 113.755848312000012, -8.522628331999954 ], [ 113.755566658000021, -8.522405875999937 ], [ 113.755691689000059, -8.522327598999937 ] ] ], [ [ [ 113.754812795000021, -8.52102120099994 ], [ 113.755470900000091, -8.520861468999954 ], [ 113.755450704000054, -8.521219483999971 ], [ 113.754812795000021, -8.52102120099994 ] ] ], [ [ [ 113.790414521000116, -8.514436789999934 ], [ 113.789571157000069, -8.513530795999941 ], [ 113.791155957000115, -8.51312689699995 ], [ 113.790414521000116, -8.514436789999934 ] ] ], [ [ [ 113.714980393000019, -8.504445997999937 ], [ 113.714279093000073, -8.50334834399996 ], [ 113.715204546000109, -8.503434856999945 ], [ 113.714980393000019, -8.504445997999937 ] ] ] ] } },
{ "type": "Feature", "properties": { "kemendagri_kab_code": 3510, "kemendagri_kab_name": "Kabupaten Banyuwangi", "kemendagri_prov_code": 35, "kemendagri_prov_name": "Jawa Timur" }, "geometry": { "type": "MultiPolygon", "coordinates": [ [ [ [ 113.991787861000034, -8.61596497499994 ], [ 113.995183175000079, -8.616223712999954 ], [ 113.995270652000045, -8.617873077999946 ], [ 113.991787861000034, -8.61596497499994 ] ] ], [ [ [ 113.994854927, -8.611627516999931 ], [ 113.992212812000048, -8.614653428999929 ], [ 113.990377899, -8.614401676999933 ], [ 113.994854927, -8.611627516999931 ] ] ], [ [ [ 113.995896184000117, -8.609167063999962 ], [ 113.995269877000055, -8.609209430999954 ], [ 113.995443995000073, -8.608768431999977 ], [ 113.995896184000117, -8.609167063999962 ] ] ], [ [ [ 113.992817672000115, -8.60872257099993 ], [ 113.994796855000118, -8.609178313999962 ], [ 113.994344055000056, -8.609543630999951 ], [ 113.992817672000115, -8.60872257099993 ] ] ], [ [ [ 113.992421700000023, -8.605370157999971 ], [ 113.992725198000016, -8.605862495999929 ], [ 113.992154800000094, -8.60571701899994 ], [ 113.992421700000023, -8.605370157999971 ] ] ], [ [ [ 114.016106190000073, -8.601804801999947 ], [ 114.015654452000035, -8.601371553999968 ], [ 114.015842070000076, -8.601230161999979 ], [ 114.016106190000073, -8.601804801999947 ] ] ], [ [ [ 113.902884987000107, -8.58604939099996 ], [ 113.902599003000091, -8.585784204999982 ], [ 113.902831980000087, -8.58548017399994 ], [ 113.902884987000107, -8.58604939099996 ] ] ], [ [ [ 113.914554426000109, -8.581933023999966 ], [ 113.913293113, -8.58520901199995 ], [ 113.911985325000046, -8.583398906999946 ], [ 113.914554426000109, -8.581933023999966 ] ] ], [ [ [ 113.893411043000015, -8.582967309999958 ], [ 113.894545227000094, -8.581769810999958 ], [ 113.895086336000077, -8.581808139999964 ], [ 113.893411043000015, -8.582967309999958 ] ] ], [ [ [ 113.895635025000047, -8.580000275999964 ], [ 113.896217043000092, -8.578755533999981 ], [ 113.896451417000094, -8.578947460999927 ], [ 113.895635025000047, -8.580000275999964 ] ] ], [ [ [ 113.870538780000061, -8.578929784999957 ], [ 113.871447619000037, -8.57921676899997 ], [ 113.870649058000026, -8.579536495999946 ], [ 113.870538780000061, -8.578929784999957 ] ] ], [ [ [ 113.923256785000035, -8.574049611999953 ], [ 113.92353403200002, -8.574507102999974 ], [ 113.923082155000088, -8.574266895999926 ], [ 113.923256785000035, -8.574049611999953 ] ] ], [ [ [ 113.891073702000085, -8.568741586999977 ], [ 113.890838661000089, -8.56841467299995 ], [ 113.891048739000098, -8.568268194999973 ], [ 113.891073702000085, -8.568741586999977 ] ] ], [ [ [ 113.924968209000099, -8.563750256999981 ], [ 113.925154902000031, -8.563375329999928 ], [ 113.925278731000049, -8.563652351999963 ], [ 113.924968209000099, -8.563750256999981 ] ] ], [ [ [ 113.867183365000074, -8.561738594999952 ], [ 113.867113348000089, -8.561786300999927 ], [ 113.867193431000032, -8.562239338999973 ], [ 113.866999563000036, -8.561872127999948 ], [ 113.867113626000105, -8.561752367999929 ], [ 113.867183365000074, -8.561738594999952 ] ] ], [ [ [ 113.857242345000031, -8.560004955999943 ], [ 113.856998243000021, -8.559324273999948 ], [ 113.857176053000103, -8.559306601999936 ], [ 113.857242345000031, -8.560004955999943 ] ] ], [ [ [ 114.203807187000052, -8.656154810999965 ], [ 114.204017769000075, -8.655815737999944 ], [ 114.203789341000061, -8.656286870999963 ], [ 114.203807187000052, -8.656154810999965 ] ] ], [ [ [ 114.051762690000032, -8.648560447999955 ], [ 114.05180164, -8.648740489999966 ], [ 114.051576854000018, -8.648736844999974 ], [ 114.051762690000032, -8.648560447999955 ] ] ], [ [ [ 114.024732371000027, -8.646690220999972 ], [ 114.029240545000107, -8.649241767999968 ], [ 114.024808514000028, -8.651674001999936 ], [ 114.024732371000027, -8.646690220999972 ] ] ], [ [ [ 114.050612277000027, -8.646787026999959 ], [ 114.049792854000088, -8.647454740999933 ], [ 114.049434107000025, -8.647258369999975 ], [ 114.050612277000027, -8.646787026999959 ] ] ], [ [ [ 114.026810092, -8.64299669899998 ], [ 114.026430006000055, -8.645474707999938 ], [ 114.024564356000042, -8.646001850999937 ], [ 114.026810092, -8.64299669899998 ] ] ], [ [ [ 114.057023147000109, -8.639348403999975 ], [ 114.056919718000017, -8.63905839499995 ], [ 114.057032571000036, -8.63891809699993 ], [ 114.057023147000109, -8.639348403999975 ] ] ], [ [ [ 114.033256523000091, -8.634224518999929 ], [ 114.032978108000066, -8.634200851999935 ], [ 114.033341334000056, -8.633821240999964 ], [ 114.033256523000091, -8.634224518999929 ] ] ], [ [ [ 114.082672097000113, -8.630415202999927 ], [ 114.083910607, -8.634676817999946 ], [ 114.082569766, -8.635065961999942 ], [ 114.082672097000113, -8.630415202999927 ] ] ], [ [ [ 114.088214718000017, -8.619363845999942 ], [ 114.087051426000016, -8.61947453199997 ], [ 114.087636057000054, -8.619029599999976 ], [ 114.088214718000017, -8.619363845999942 ] ] ], [ [ [ 114.111919242000113, -8.619687402999944 ], [ 114.111931962000085, -8.619004025999971 ], [ 114.112211916000092, -8.619733802999974 ], [ 114.111919242000113, -8.619687402999944 ] ] ], [ [ [ 114.02492380000001, -8.607296703999964 ], [ 114.024922831000026, -8.60642859799998 ], [ 114.02536550700006, -8.606541921999963 ], [ 114.02492380000001, -8.607296703999964 ] ] ], [ [ [ 114.026664492, -8.604125923999959 ], [ 114.024332408000078, -8.606471423999949 ], [ 114.0240305640001, -8.60606062599993 ], [ 114.026664492, -8.604125923999959 ] ] ], [ [ [ 114.306525899, -7.885192573999973 ], [ 114.332839683000088, -7.906915316999971 ], [ 114.396529877000035, -7.926803204999942 ], [ 114.412894897000115, -7.940139390999946 ], [ 114.424019248000036, -7.935417797999946 ], [ 114.425814087000049, -8.014741959999981 ], [ 114.434112610000057, -8.03101599799993 ], [ 114.429848559000106, -8.065789971999948 ], [ 114.398472289000097, -8.121131153999954 ], [ 114.401825962000089, -8.150013408999939 ], [ 114.39586986200004, -8.159739523999974 ], [ 114.380179785000109, -8.204139331999954 ], [ 114.380288205000056, -8.208750171999952 ], [ 114.383265129000051, -8.210244222999961 ], [ 114.383351771000093, -8.206380632999981 ], [ 114.385491036000076, -8.202134097999931 ], [ 114.390229095000109, -8.234362634999968 ], [ 114.365790106000077, -8.279184479999969 ], [ 114.360623340000075, -8.335766507999949 ], [ 114.340698099000065, -8.417095314999926 ], [ 114.355365399000107, -8.470179769999959 ], [ 114.370660639000107, -8.479873316999942 ], [ 114.359764489000099, -8.493576545999929 ], [ 114.351311812000063, -8.529331126999978 ], [ 114.364509630000043, -8.538107144999969 ], [ 114.376442035000082, -8.532002192999926 ], [ 114.388343747000022, -8.481208177999974 ], [ 114.382592825000074, -8.448689459999969 ], [ 114.38917841500006, -8.447654558999943 ], [ 114.39948417100004, -8.460993449999933 ], [ 114.397048937000022, -8.494622166999932 ], [ 114.409362777000069, -8.509539057999973 ], [ 114.401134396000089, -8.54011313899997 ], [ 114.407898253000099, -8.569429471999968 ], [ 114.44210208100003, -8.634440882999968 ], [ 114.458002854000028, -8.638451531999976 ], [ 114.469995298000072, -8.620054955999933 ], [ 114.480995625000105, -8.617908805999946 ], [ 114.514388398000051, -8.650114863999931 ], [ 114.568370932000107, -8.659336051999958 ], [ 114.597340864000103, -8.700423927999964 ], [ 114.605262135000089, -8.717526488999965 ], [ 114.59526900600008, -8.75068926199998 ], [ 114.586966692000033, -8.763758032999931 ], [ 114.566676111000106, -8.773095023999929 ], [ 114.53237608500001, -8.780203436999955 ], [ 114.44607316400004, -8.752647458999945 ], [ 114.369465849000107, -8.75039787999998 ], [ 114.344553544000064, -8.742313622999973 ], [ 114.342829284000118, -8.734763756999939 ], [ 114.367071636000105, -8.722315142999946 ], [ 114.376455644000089, -8.705350406999969 ], [ 114.36981775400011, -8.670560241999965 ], [ 114.32851203000007, -8.629358167999953 ], [ 114.259009040000024, -8.601820367999949 ], [ 114.226509015000033, -8.603588679999973 ], [ 114.229614919000028, -8.620752854999978 ], [ 114.220592987000032, -8.64490495299998 ], [ 114.095516451000094, -8.614668417999951 ], [ 114.087552284000026, -8.616934190999928 ], [ 114.084471456000074, -8.629026109999927 ], [ 114.05975236800009, -8.62620773499998 ], [ 114.049749675000044, -8.646520890999966 ], [ 114.047953534000044, -8.637224957999933 ], [ 114.032746183000086, -8.633079825999971 ], [ 114.029857165000067, -8.599410626999941 ], [ 114.014969407000081, -8.589752132999934 ], [ 113.996545321000099, -8.591431219999947 ], [ 113.996891634, -8.607643935999931 ], [ 113.990067839000062, -8.598713412999928 ], [ 113.988337023000099, -8.605819498999949 ], [ 113.95648656100002, -8.613509972999964 ], [ 113.947487227000011, -8.599411547999978 ], [ 113.966016642000113, -8.596314942999982 ], [ 113.968687402000114, -8.583247824999944 ], [ 113.946317461000035, -8.558668913999952 ], [ 113.934746462000021, -8.560217613999953 ], [ 113.93539299400004, -8.566685586999938 ], [ 113.92544874500004, -8.560263898999949 ], [ 113.923431364000066, -8.564179381999963 ], [ 113.925885457000049, -8.568501622999975 ], [ 113.923685781000017, -8.573293685999943 ], [ 113.909303777000105, -8.579069761999961 ], [ 113.876087731000098, -8.557048301999941 ], [ 113.864106202000016, -8.561416245999965 ], [ 113.853274504000069, -8.549717635999968 ], [ 113.837592868000115, -8.553683815999932 ], [ 113.855116922000093, -8.519632882999929 ], [ 113.842207980000012, -8.49446361899993 ], [ 113.854652094000016, -8.429976193999948 ], [ 113.890406947000088, -8.410400425999967 ], [ 113.899236851000069, -8.43443379799993 ], [ 113.910271160000093, -8.441967339999962 ], [ 113.934415758000114, -8.42323915999998 ], [ 113.947273135000046, -8.401818783999943 ], [ 113.92367472400008, -8.384262651999961 ], [ 113.92122388700011, -8.357324314999971 ], [ 113.90900805800004, -8.346860430999925 ], [ 113.924223389000076, -8.33491126499996 ], [ 113.928371118000086, -8.319962092999958 ], [ 113.921150370000078, -8.308446155999945 ], [ 113.934996444000035, -8.270795693999958 ], [ 113.94977180300009, -8.26071974499996 ], [ 113.966703353000071, -8.232272235999972 ], [ 113.968119442000102, -8.220612360999951 ], [ 113.957869768000023, -8.205847139999946 ], [ 113.970749477000027, -8.189589047999959 ], [ 113.990278576000037, -8.18295117699995 ], [ 114.022050759000081, -8.141866833999927 ], [ 114.041122189000021, -8.137181096999939 ], [ 114.046783399000105, -8.125204079999946 ], [ 114.078574925000112, -8.126810358999933 ], [ 114.091743266000094, -8.116151160999948 ], [ 114.146491783000101, -8.101012476999927 ], [ 114.172744513000112, -8.107336277999934 ], [ 114.176460040000052, -8.12031865199998 ], [ 114.18437933000007, -8.120910880999929 ], [ 114.195213071000012, -8.103557820999981 ], [ 114.213744883000118, -8.099783162999927 ], [ 114.219749187000048, -8.073735444999954 ], [ 114.231139885000061, -8.070425234999959 ], [ 114.248763796000048, -8.045647814999938 ], [ 114.235816699000111, -8.031208256999946 ], [ 114.240707166000107, -8.013435561999927 ], [ 114.225082166000107, -7.98295187399998 ], [ 114.283134207000103, -7.897236067999927 ], [ 114.306525899, -7.885192573999973 ] ] ], [ [ [ 114.380643912000096, -8.203856586999962 ], [ 114.384106727000017, -8.202187741999978 ], [ 114.381489579000117, -8.208388358999969 ], [ 114.380643912000096, -8.203856586999962 ] ] ], [ [ [ 114.461437542000112, -8.037841817999947 ], [ 114.460238004000075, -8.036313709999945 ], [ 114.462517680000019, -8.036968589999958 ], [ 114.461437542000112, -8.037841817999947 ] ] ] ] } },
{ "type": "Feature", "properties": { "kemendagri_kab_code": 3511, "kemendagri_kab_name": "Kabupaten Bondowoso", "kemendagri_prov_code": 35, "kemendagri_prov_name": "Jawa Timur" }, "geometry": { "type": "Polygon", "coordinates": [ [ [ 114.22434209700009, -7.986662128999967 ], [ 114.240707166000107, -8.013435561999927 ], [ 114.235816699000111, -8.031208256999946 ], [ 114.248763796000048, -8.045647814999938 ], [ 114.231139885000061, -8.070425234999959 ], [ 114.219749187000048, -8.073735444999954 ], [ 114.213744883000118, -8.099783162999927 ], [ 114.195213071000012, -8.103557820999981 ], [ 114.18437933000007, -8.120910880999929 ], [ 114.176460040000052, -8.12031865199998 ], [ 114.172744513000112, -8.107336277999934 ], [ 114.146491783000101, -8.101012476999927 ], [ 114.091743266000094, -8.116151160999948 ], [ 114.078574925000112, -8.126810358999933 ], [ 114.062873638000042, -8.121931385999972 ], [ 114.053270497000085, -8.128161187999979 ], [ 114.039882573000114, -8.113513546999968 ], [ 114.027625687000068, -8.112704544999929 ], [ 114.002845066000077, -8.074302080999928 ], [ 113.893216564000113, -8.015488969999979 ], [ 113.885442798000099, -8.018993877999947 ], [ 113.884966746000032, -8.029900257999941 ], [ 113.872034804, -8.032534941999927 ], [ 113.857821438000087, -8.018661178999935 ], [ 113.843760355000086, -8.020597633999955 ], [ 113.857034542000065, -8.041692956999952 ], [ 113.812585419000015, -8.04612653199996 ], [ 113.802189774000112, -8.057665666999981 ], [ 113.781899883000051, -8.050137363999966 ], [ 113.772879384000021, -8.036769586999981 ], [ 113.760224249000089, -8.050791616999959 ], [ 113.749248064000085, -8.049430749999942 ], [ 113.747562198000082, -8.064984989999971 ], [ 113.726188268000101, -8.023573323999926 ], [ 113.710191764000115, -8.011217658999954 ], [ 113.687242031000096, -8.011513752999974 ], [ 113.671685711, -7.985948807999932 ], [ 113.670126080000045, -7.967979004999961 ], [ 113.646026167000059, -7.974149669999974 ], [ 113.635673363000024, -7.965575739999963 ], [ 113.629516459000115, -7.972459826999966 ], [ 113.623260346000052, -7.962204512999961 ], [ 113.660438366000108, -7.938458014999981 ], [ 113.662915517000101, -7.921591687999978 ], [ 113.722460365000074, -7.879028184999981 ], [ 113.739715409000041, -7.788903711999978 ], [ 113.747363394000104, -7.796251319999953 ], [ 113.76039852100007, -7.792145519999963 ], [ 113.793433969000034, -7.802810189999946 ], [ 113.801582168000095, -7.816534493999939 ], [ 113.834297000000106, -7.813126057999966 ], [ 113.853248402000077, -7.794362980999949 ], [ 113.872198262000097, -7.797538062999934 ], [ 113.877289412000096, -7.791080037999961 ], [ 113.903991281000117, -7.803612105999946 ], [ 113.9182287430001, -7.788808040999982 ], [ 113.934814248000066, -7.792744544999948 ], [ 113.935701923000011, -7.776708024999948 ], [ 113.950843429000088, -7.76523076999996 ], [ 113.992407655000079, -7.777794771999936 ], [ 114.007818068, -7.755020955999953 ], [ 114.014897202000043, -7.761001456999963 ], [ 114.066284759000041, -7.759367157999975 ], [ 114.079351116000112, -7.770710817999941 ], [ 114.074894868000115, -7.783171713999934 ], [ 114.088436500000057, -7.802736753999966 ], [ 114.095595475000096, -7.840616933999968 ], [ 114.092531736000069, -7.875442006999947 ], [ 114.111140005000038, -7.909598586999948 ], [ 114.12763970200001, -7.993019447999927 ], [ 114.174537437000026, -7.969399684999928 ], [ 114.22434209700009, -7.986662128999967 ] ] ] } },
{ "type": "Feature", "properties": { "kemendagri_kab_code": 3512, "kemendagri_kab_name": "Kabupaten Situbondo", "kemendagri_prov_code": 35, "kemendagri_prov_name": "Jawa Timur" }, "geometry": { "type": "MultiPolygon", "coordinates": [ [ [ [ 114.03945645500005, -7.604960648999963 ], [ 114.046585706000087, -7.60901453699995 ], [ 114.068490670000074, -7.636954982999953 ], [ 114.107514237000032, -7.706889592999971 ], [ 114.165640993000011, -7.715332555999964 ], [ 114.19446106800001, -7.708619069999941 ], [ 114.208085105, -7.717825282999968 ], [ 114.240017646000069, -7.697956226999963 ], [ 114.292582122000113, -7.747224120999931 ], [ 114.309549182000069, -7.746285715999932 ], [ 114.328436261000093, -7.758362943999941 ], [ 114.371241714, -7.757720948999975 ], [ 114.363878310000018, -7.749550022999927 ], [ 114.371410969000067, -7.750433992999945 ], [ 114.392990015, -7.770949104999943 ], [ 114.403804985000079, -7.77003174999993 ], [ 114.430129849000082, -7.792405505999966 ], [ 114.438858910000022, -7.789625828999931 ], [ 114.467035936000116, -7.834627162999936 ], [ 114.457838992, -7.84748547199996 ], [ 114.464612123000052, -7.855497401999969 ], [ 114.457088960000078, -7.863031932999945 ], [ 114.463505841000028, -7.889851523999937 ], [ 114.424005889000114, -7.916518286999974 ], [ 114.424019248000036, -7.935417797999946 ], [ 114.413222991000112, -7.940177062999965 ], [ 114.299133051000013, -7.885746172999973 ], [ 114.249694568000109, -7.939357967999968 ], [ 114.22434209700009, -7.986662128999967 ], [ 114.174537437000026, -7.969399684999928 ], [ 114.12763970200001, -7.993019447999927 ], [ 114.111140005000038, -7.909598586999948 ], [ 114.092531736000069, -7.875442006999947 ], [ 114.095595475000096, -7.840616933999968 ], [ 114.088436500000057, -7.802736753999966 ], [ 114.074894868000115, -7.783171713999934 ], [ 114.079351116000112, -7.770710817999941 ], [ 114.066284759000041, -7.759367157999975 ], [ 114.014897202000043, -7.761001456999963 ], [ 114.007818068, -7.755020955999953 ], [ 113.992407655000079, -7.777794771999936 ], [ 113.950843429000088, -7.76523076999996 ], [ 113.935701923000011, -7.776708024999948 ], [ 113.934814248000066, -7.792744544999948 ], [ 113.9182287430001, -7.788808040999982 ], [ 113.903991281000117, -7.803612105999946 ], [ 113.877289412000096, -7.791080037999961 ], [ 113.872198262000097, -7.797538062999934 ], [ 113.853248402000077, -7.794362980999949 ], [ 113.834297000000106, -7.813126057999966 ], [ 113.801582168000095, -7.816534493999939 ], [ 113.793433969000034, -7.802810189999946 ], [ 113.76039852100007, -7.792145519999963 ], [ 113.747363394000104, -7.796251319999953 ], [ 113.739715409000041, -7.788903711999978 ], [ 113.722460365000074, -7.879028184999981 ], [ 113.662915517000101, -7.921591687999978 ], [ 113.660438366000108, -7.938458014999981 ], [ 113.623779146000061, -7.961456343999942 ], [ 113.615661462000048, -7.958145201999969 ], [ 113.622619487000065, -7.953161302999945 ], [ 113.611038058000076, -7.949026139999944 ], [ 113.625518658000033, -7.923737081999946 ], [ 113.623451075000048, -7.895541242999968 ], [ 113.602924404000078, -7.843072157999927 ], [ 113.611727355000085, -7.82405212499998 ], [ 113.592154332000064, -7.805414741999925 ], [ 113.606086561000097, -7.798938805999967 ], [ 113.600707857000089, -7.775304856999981 ], [ 113.576392959000032, -7.756195617999936 ], [ 113.572700355000052, -7.742631985999935 ], [ 113.579307412000048, -7.725923149999971 ], [ 113.598238976000061, -7.715444994999928 ], [ 113.611000577000027, -7.723083292999945 ], [ 113.649903530000074, -7.724359955999944 ], [ 113.666758730000083, -7.73688061699994 ], [ 113.713441032000105, -7.708301529999972 ], [ 113.725331777000065, -7.722220501999971 ], [ 113.763577760000089, -7.738014337999971 ], [ 113.795812497000043, -7.727535479999972 ], [ 113.830865826000036, -7.688471095999944 ], [ 113.868179613000052, -7.680073386999936 ], [ 113.896309273000043, -7.696783665999931 ], [ 113.930919670000094, -7.70083793699996 ], [ 113.927516214000093, -7.693243616999951 ], [ 113.93360021, -7.697340521999934 ], [ 113.940310222000107, -7.67676365899996 ], [ 113.955805542, -7.677673726999956 ], [ 113.972184469000013, -7.651602458999946 ], [ 114.003281613000013, -7.636315482999976 ], [ 114.03945645500005, -7.604960648999963 ] ] ], [ [ [ 114.43589862400006, -7.679408792999936 ], [ 114.435642832000099, -7.679762737999965 ], [ 114.435541705000105, -7.679619969999976 ], [ 114.43589862400006, -7.679408792999936 ] ] ] ] } },
{ "type": "Feature", "properties": { "kemendagri_kab_code": 3513, "kemendagri_kab_name": "Kabupaten Probolinggo", "kemendagri_prov_code": 35, "kemendagri_prov_name": "Jawa Timur" }, "geometry": { "type": "MultiPolygon", "coordinates": [ [ [ [ 113.491102149000085, -7.698152384999958 ], [ 113.545417150000048, -7.713495450999972 ], [ 113.576974669000037, -7.70677625899998 ], [ 113.597660971000096, -7.715072008999925 ], [ 113.57867416900001, -7.726545872999964 ], [ 113.572555397000087, -7.74206789599998 ], [ 113.576392959000032, -7.756195617999936 ], [ 113.600707857000089, -7.775304856999981 ], [ 113.606086561000097, -7.798938805999967 ], [ 113.592154332000064, -7.805414741999925 ], [ 113.611727355000085, -7.82405212499998 ], [ 113.602924404000078, -7.843072157999927 ], [ 113.626289193000048, -7.917029919999948 ], [ 113.611129604000098, -7.950123366999946 ], [ 113.622329548000039, -7.952441737999948 ], [ 113.615661462000048, -7.958145201999969 ], [ 113.629516459000115, -7.972459826999966 ], [ 113.635673363000024, -7.965575739999963 ], [ 113.64356, -7.973123055999963 ], [ 113.628432823000026, -7.97591345099994 ], [ 113.61397196300004, -7.992144541999949 ], [ 113.593928108000114, -7.975913498999944 ], [ 113.590327485000103, -7.983396719999973 ], [ 113.562843321000059, -7.982712352999954 ], [ 113.559492321000107, -7.994688920999977 ], [ 113.533103810000057, -8.009174917999928 ], [ 113.51464936800005, -8.00150438999998 ], [ 113.494626202000063, -8.004963784999973 ], [ 113.482201428000053, -7.994014166999932 ], [ 113.475912039000036, -8.025493438999945 ], [ 113.46543112300003, -8.027497995999965 ], [ 113.454030728000021, -8.019542633999947 ], [ 113.444848394000019, -8.025175249999961 ], [ 113.440205948000084, -8.015217132999965 ], [ 113.390978602000018, -7.997172646999957 ], [ 113.378931908000027, -8.020456124999953 ], [ 113.361657603000026, -8.027884798999935 ], [ 113.34129207, -7.942468423999969 ], [ 113.30374318500003, -7.924912945999949 ], [ 113.274721320000026, -7.925307052999926 ], [ 113.262526340000022, -7.895912281999927 ], [ 113.254572722000034, -7.907315861999962 ], [ 113.207381837000071, -7.899875164999969 ], [ 113.211854954000046, -7.911044324999978 ], [ 113.206107234000115, -7.925724181999954 ], [ 113.149528063000048, -7.97975908899997 ], [ 113.135982380000087, -7.976462656999956 ], [ 113.11263361500005, -7.995253715999979 ], [ 113.105873568000106, -7.98431928399998 ], [ 113.078753516, -7.984163820999981 ], [ 113.059959753000044, -8.010559505999936 ], [ 113.036053251000112, -7.980475412999965 ], [ 113.008963125000037, -7.963390034999975 ], [ 112.993143982000106, -7.960010053999952 ], [ 112.975980231000108, -7.979231385999981 ], [ 112.950102690000108, -7.987032718999956 ], [ 112.940726669000014, -7.981935516999954 ], [ 112.94512015600003, -7.975138969999932 ], [ 112.926142947000017, -7.966484470999944 ], [ 112.93792884700008, -7.949922284999957 ], [ 112.952558622000083, -7.945451858999945 ], [ 112.956721943000048, -7.917229562999978 ], [ 112.947426884000038, -7.908790619999934 ], [ 112.953729666000072, -7.900362627999925 ], [ 112.968165836000026, -7.90053757499993 ], [ 112.969260876000021, -7.887739112999952 ], [ 113.047232602, -7.819969812999943 ], [ 113.054713771000024, -7.748152245999961 ], [ 113.088120306000064, -7.707421334999935 ], [ 113.10094627400008, -7.702332898999941 ], [ 113.107925592000015, -7.720574476999957 ], [ 113.140134025000066, -7.725567808999926 ], [ 113.151080196000066, -7.741029410999943 ], [ 113.163241431000074, -7.741900537999925 ], [ 113.167536807000033, -7.727879707999932 ], [ 113.17674932400007, -7.725865526999939 ], [ 113.180500804000076, -7.743755032999957 ], [ 113.169898992000071, -7.754432769999937 ], [ 113.163967336000042, -7.779251550999959 ], [ 113.18307216200003, -7.79066546599995 ], [ 113.17858875200011, -7.810146562999932 ], [ 113.200270356000033, -7.812548682999932 ], [ 113.207888951000086, -7.804303618999938 ], [ 113.204077839000092, -7.812711658999945 ], [ 113.217105172000061, -7.820161919999975 ], [ 113.225933902000065, -7.801638844999957 ], [ 113.237074614000107, -7.80823518699998 ], [ 113.235818767000069, -7.797582816999977 ], [ 113.242480431000104, -7.794850001999976 ], [ 113.233998632000066, -7.780489824999961 ], [ 113.236467684000104, -7.739301865999948 ], [ 113.2486450130001, -7.745179856999926 ], [ 113.256397715000048, -7.735560778999968 ], [ 113.263115559000084, -7.764749588999962 ], [ 113.277306803000101, -7.782572030999972 ], [ 113.287122944000089, -7.783720638999966 ], [ 113.307433935000063, -7.768262542999935 ], [ 113.324132127000098, -7.77621950899993 ], [ 113.345162064000078, -7.771207386999947 ], [ 113.381968920000077, -7.736368363999929 ], [ 113.38841251100007, -7.744625300999928 ], [ 113.41050722500006, -7.734325297999931 ], [ 113.438864157000012, -7.734563658999946 ], [ 113.491102149000085, -7.698152384999958 ] ] ], [ [ [ 113.261683544000107, -7.676447808999967 ], [ 113.257802845000015, -7.680858906999958 ], [ 113.242771937000043, -7.680366699999979 ], [ 113.2500589980001, -7.677403691999928 ], [ 113.261683544000107, -7.676447808999967 ] ] ] ] } },
{ "type": "Feature", "properties": { "kemendagri_kab_code": 3514, "kemendagri_kab_name": "Kabupaten Pasuruan", "kemendagri_prov_code": 35, "kemendagri_prov_name": "Jawa Timur" }, "geometry": { "type": "Polygon", "coordinates": [ [ [ 112.86960152600011, -7.571631690999936 ], [ 112.888321757000085, -7.615969226999937 ], [ 112.90261174300008, -7.625071132999949 ], [ 112.88590427500003, -7.623410958999955 ], [ 112.884338065000065, -7.631862400999978 ], [ 112.874666152000032, -7.62679443199994 ], [ 112.872443909000026, -7.633932897999955 ], [ 112.872179693000021, -7.662551801999939 ], [ 112.878339747000041, -7.655258226999933 ], [ 112.886983158000021, -7.660079706999966 ], [ 112.881125559000111, -7.671858089999944 ], [ 112.893675298000062, -7.675508212999944 ], [ 112.895225407000112, -7.684915277999949 ], [ 112.931363301000033, -7.668707990999962 ], [ 112.954355216000067, -7.621143507999932 ], [ 112.968367911000087, -7.646827513999938 ], [ 112.984735767000075, -7.656368420999968 ], [ 113.017140952000091, -7.651522943999964 ], [ 113.027995302000022, -7.641262301999973 ], [ 113.028670516000034, -7.648659457999941 ], [ 113.063373440000078, -7.669014231999938 ], [ 113.087667819000103, -7.703302457999939 ], [ 113.100205382000013, -7.701935572999957 ], [ 113.085025619000021, -7.709762264999938 ], [ 113.054713771000024, -7.748152245999961 ], [ 113.047232602, -7.819969812999943 ], [ 112.969260876000021, -7.887739112999952 ], [ 112.968165836000026, -7.90053757499993 ], [ 112.953729666000072, -7.900362627999925 ], [ 112.947426884000038, -7.908790619999934 ], [ 112.956721943000048, -7.917229562999978 ], [ 112.952558622000083, -7.945451858999945 ], [ 112.934670436000033, -7.956230093999977 ], [ 112.915391643000021, -7.951348208999946 ], [ 112.912850243000094, -7.956732888999966 ], [ 112.903919148000114, -7.94697876999993 ], [ 112.884984117000045, -7.952345769999965 ], [ 112.853194114000075, -7.933747699999969 ], [ 112.840533706000087, -7.938675927999952 ], [ 112.805509843000095, -7.925488634999965 ], [ 112.783667634000039, -7.900266852999948 ], [ 112.779388504000053, -7.872390797999969 ], [ 112.761982152000087, -7.876095144999965 ], [ 112.76001331000009, -7.854358567999952 ], [ 112.739038258000051, -7.838596310999947 ], [ 112.732893463000096, -7.818081636999977 ], [ 112.711112929000024, -7.823918563999939 ], [ 112.661427478000064, -7.80592988799998 ], [ 112.654197233000104, -7.796973593999951 ], [ 112.632447743000057, -7.797595731999934 ], [ 112.589846578000106, -7.765202823999971 ], [ 112.574807313000065, -7.73252124499993 ], [ 112.623585375000062, -7.666805293999971 ], [ 112.628709013000048, -7.643215126999962 ], [ 112.620768414000054, -7.61521873099997 ], [ 112.630599251000035, -7.616543763999971 ], [ 112.6521370050001, -7.59784605699997 ], [ 112.657116983000037, -7.568103120999979 ], [ 112.674139306000029, -7.558614618999968 ], [ 112.674310152000089, -7.55018574099995 ], [ 112.705700117000106, -7.545039089999932 ], [ 112.724427258000105, -7.569289566999942 ], [ 112.753051513000059, -7.575199555999973 ], [ 112.832029868000063, -7.552370463999978 ], [ 112.845110065000085, -7.577428311999938 ], [ 112.86960152600011, -7.571631690999936 ] ] ] } },
{ "type": "Feature", "properties": { "kemendagri_kab_code": 3515, "kemendagri_kab_name": "Kabupaten Sidoarjo", "kemendagri_prov_code": 35, "kemendagri_prov_name": "Jawa Timur" }, "geometry": { "type": "Polygon", "coordinates": [ [ [ 112.86960152600011, -7.571631690999936 ], [ 112.845110065000085, -7.577428311999938 ], [ 112.832029868000063, -7.552370463999978 ], [ 112.783176930000081, -7.563067252999929 ], [ 112.770936477000078, -7.574802025999929 ], [ 112.739011575000063, -7.573233097999946 ], [ 112.723900206000053, -7.568952383999942 ], [ 112.705700117000106, -7.545039089999932 ], [ 112.674310152000089, -7.55018574099995 ], [ 112.669625545000031, -7.562387378999972 ], [ 112.57063288300003, -7.479747626999938 ], [ 112.488594001000024, -7.459949362999964 ], [ 112.468643128000053, -7.445290922999959 ], [ 112.456687881000107, -7.446969383999942 ], [ 112.459449712000037, -7.437160834999929 ], [ 112.485061587000018, -7.40922487399996 ], [ 112.525058528000045, -7.397239394999929 ], [ 112.543956094, -7.404711310999971 ], [ 112.566284480000036, -7.397923442999968 ], [ 112.567891890000055, -7.387938650999956 ], [ 112.583559530000116, -7.383379059999982 ], [ 112.588929939000082, -7.370105767999974 ], [ 112.653422199000033, -7.362178721999953 ], [ 112.662359451000043, -7.35160708799998 ], [ 112.704276744000026, -7.336509805999981 ], [ 112.725802925000039, -7.34833580399993 ], [ 112.755411852000066, -7.336743236999951 ], [ 112.812524402, -7.346391208999933 ], [ 112.840525878000108, -7.330513544999974 ], [ 112.831489354000041, -7.404911869999978 ], [ 112.841139932000033, -7.481082454999978 ], [ 112.835586062000061, -7.485013275999961 ], [ 112.818772290000084, -7.472119230999965 ], [ 112.812982650000095, -7.478745358999959 ], [ 112.836547845000041, -7.510567894999951 ], [ 112.870039395000049, -7.532667353999955 ], [ 112.867594599000086, -7.552711214999931 ], [ 112.877848336000056, -7.563818954999931 ], [ 112.868577990000063, -7.562572427999953 ], [ 112.86960152600011, -7.571631690999936 ] ] ] } },
{ "type": "Feature", "properties": { "kemendagri_kab_code": 3516, "kemendagri_kab_name": "Kabupaten Mojokerto", "kemendagri_prov_code": 35, "kemendagri_prov_name": "Jawa Timur" }, "geometry": { "type": "Polygon", "coordinates": [ [ [ 112.494606534000013, -7.408522238999979 ], [ 112.483512828000016, -7.410325389999969 ], [ 112.456687881000107, -7.446969383999942 ], [ 112.568908628000031, -7.478739115999929 ], [ 112.663768596000068, -7.557262252999976 ], [ 112.6521370050001, -7.59784605699997 ], [ 112.630599251000035, -7.616543763999971 ], [ 112.620768414000054, -7.61521873099997 ], [ 112.628709013000048, -7.643215126999962 ], [ 112.623585375000062, -7.666805293999971 ], [ 112.583659904000115, -7.723185644999944 ], [ 112.562232994000055, -7.737832307999952 ], [ 112.52790669400008, -7.735067604999927 ], [ 112.489459836000037, -7.765538147999962 ], [ 112.463027385000032, -7.769033108999963 ], [ 112.455622516000062, -7.779216080999959 ], [ 112.430402794000088, -7.700050310999927 ], [ 112.411677571000041, -7.673535748999939 ], [ 112.410001070000021, -7.644983443999934 ], [ 112.389666778000105, -7.650746396999978 ], [ 112.383424052, -7.64363902599996 ], [ 112.387256627000056, -7.614307607999933 ], [ 112.371595668000055, -7.571497396999973 ], [ 112.37525689600011, -7.563002342999937 ], [ 112.36367653100001, -7.552814492999971 ], [ 112.370464359000039, -7.540264047999926 ], [ 112.366686801000014, -7.524144722999949 ], [ 112.373934456000029, -7.525524928999971 ], [ 112.378015081000058, -7.512183414999981 ], [ 112.374284171000113, -7.487198905999946 ], [ 112.404887622000047, -7.461320666999939 ], [ 112.332672118, -7.454433129999927 ], [ 112.345929700000056, -7.441598700999975 ], [ 112.341287095000098, -7.432251890999964 ], [ 112.352970537000033, -7.41290575499994 ], [ 112.34592438300001, -7.409940080999945 ], [ 112.343945906000044, -7.391939011999966 ], [ 112.333876673000077, -7.388527649999958 ], [ 112.332194420000064, -7.370798943999944 ], [ 112.358551796000029, -7.326479460999963 ], [ 112.37562446600009, -7.323724732999949 ], [ 112.391196345000026, -7.333511380999937 ], [ 112.410938732000091, -7.311898939999935 ], [ 112.441715168000087, -7.31423274499997 ], [ 112.447549210000034, -7.303128638999965 ], [ 112.464988252000012, -7.311933302999932 ], [ 112.474663039, -7.30391594799994 ], [ 112.480244842000047, -7.308536642999968 ], [ 112.476279412000054, -7.329601600999979 ], [ 112.485593681000068, -7.338977489999934 ], [ 112.473012605, -7.353208172999928 ], [ 112.47992643300006, -7.364982610999959 ], [ 112.475689638000063, -7.385187716999951 ], [ 112.494606534000013, -7.408522238999979 ] ], [ [ 112.457512922000092, -7.456762912999977 ], [ 112.455085469000096, -7.447384434999947 ], [ 112.433934777000104, -7.459830504999957 ], [ 112.415814031000082, -7.457281526999964 ], [ 112.407655937000072, -7.491642276999926 ], [ 112.422113606000039, -7.494052131999979 ], [ 112.428652200000101, -7.480460292999965 ], [ 112.435289663000049, -7.487542366999946 ], [ 112.443756374000031, -7.481857956999932 ], [ 112.449775642000077, -7.493439551999927 ], [ 112.468479984000055, -7.460697938999942 ], [ 112.467105083000092, -7.453243664999945 ], [ 112.457512922000092, -7.456762912999977 ] ] ] } },
{ "type": "Feature", "properties": { "kemendagri_kab_code": 3517, "kemendagri_kab_name": "Kabupaten Jombang", "kemendagri_prov_code": 35, "kemendagri_prov_name": "Jawa Timur" }, "geometry": { "type": "Polygon", "coordinates": [ [ [ 112.345796207000035, -7.345062832999929 ], [ 112.331897360000085, -7.379996669999969 ], [ 112.35294358200008, -7.413252578999959 ], [ 112.341287095000098, -7.432251890999964 ], [ 112.345929700000056, -7.441598700999975 ], [ 112.332672118, -7.454433129999927 ], [ 112.404887622000047, -7.461320666999939 ], [ 112.374284171000113, -7.487198905999946 ], [ 112.378015081000058, -7.512183414999981 ], [ 112.373934456000029, -7.525524928999971 ], [ 112.366686801000014, -7.524144722999949 ], [ 112.370464359000039, -7.540264047999926 ], [ 112.36367653100001, -7.552814492999971 ], [ 112.37525689600011, -7.563002342999937 ], [ 112.371595668000055, -7.571497396999973 ], [ 112.387256627000056, -7.614307607999933 ], [ 112.383424052, -7.64363902599996 ], [ 112.389666778000105, -7.650746396999978 ], [ 112.410001070000021, -7.644983443999934 ], [ 112.411677571000041, -7.673535748999939 ], [ 112.430402794000088, -7.700050310999927 ], [ 112.455622516000062, -7.779216080999959 ], [ 112.442476918000011, -7.776206362999972 ], [ 112.436285112000064, -7.765358074999938 ], [ 112.430208595000067, -7.770786086999976 ], [ 112.418045021000012, -7.76421868999995 ], [ 112.396934448000025, -7.775966048999976 ], [ 112.301795917000049, -7.726817023999956 ], [ 112.252311654000096, -7.72607362399998 ], [ 112.214983555000117, -7.689052327999946 ], [ 112.217842049000069, -7.676069644999927 ], [ 112.16542142000003, -7.612981422999951 ], [ 112.116614876000085, -7.60372241999994 ], [ 112.111610374000065, -7.565898327999946 ], [ 112.134139965000031, -7.535344019999968 ], [ 112.150787309000066, -7.529247683999927 ], [ 112.152091925000036, -7.506109633999927 ], [ 112.169097855000018, -7.489644891999944 ], [ 112.154853780000053, -7.463254357999972 ], [ 112.125190690000068, -7.452071582999963 ], [ 112.123573261000047, -7.462427051999953 ], [ 112.098129217000064, -7.460980309999968 ], [ 112.079589810000016, -7.473670863999928 ], [ 112.0808944260001, -7.452210329999957 ], [ 112.063276705000021, -7.421343545999946 ], [ 112.075721709000049, -7.383873386999937 ], [ 112.106613128000049, -7.383774198999959 ], [ 112.187118485000042, -7.352175151999973 ], [ 112.227256733000104, -7.350429444999975 ], [ 112.251708926000106, -7.36340321199998 ], [ 112.275459229000035, -7.356897705999927 ], [ 112.294828636000034, -7.359508694999931 ], [ 112.293363751000015, -7.36469950399993 ], [ 112.302501258, -7.357129585999928 ], [ 112.311891828000057, -7.36528156299994 ], [ 112.307784988000094, -7.351835606999941 ], [ 112.328903137000111, -7.343983532999971 ], [ 112.345796207000035, -7.345062832999929 ] ], [ [ 112.332582312000113, -7.348117973999933 ], [ 112.330627309000079, -7.350787886999967 ], [ 112.33212340700004, -7.350235909999981 ], [ 112.332582312000113, -7.348117973999933 ] ] ] } },
{ "type": "Feature", "properties": { "kemendagri_kab_code": 3518, "kemendagri_kab_name": "Kabupaten Nganjuk", "kemendagri_prov_code": 35, "kemendagri_prov_name": "Jawa Timur" }, "geometry": { "type": "Polygon", "coordinates": [ [ [ 112.069290123000087, -7.397015495999938 ], [ 112.071591724000086, -7.406195176999972 ], [ 112.062635898000053, -7.417428902999973 ], [ 112.0808944260001, -7.452210329999957 ], [ 112.079475368000089, -7.473585533999938 ], [ 112.098129217000064, -7.460980309999968 ], [ 112.123573261000047, -7.462427051999953 ], [ 112.125190690000068, -7.452071582999963 ], [ 112.154853780000053, -7.463254357999972 ], [ 112.169113112000105, -7.489770312999951 ], [ 112.152091925000036, -7.506109633999927 ], [ 112.150787309000066, -7.529247683999927 ], [ 112.134139965000031, -7.535344019999968 ], [ 112.111610374000065, -7.565898327999946 ], [ 112.113395658000059, -7.589356323999937 ], [ 112.09835101200008, -7.644113662999928 ], [ 112.075869628000078, -7.678756881999959 ], [ 112.075086801000111, -7.70360459699998 ], [ 112.05906896700003, -7.72352062799996 ], [ 112.027217905000043, -7.725688801999979 ], [ 112.017926102000047, -7.762189929999977 ], [ 112.003998354000032, -7.755490579999957 ], [ 111.997561785000073, -7.729300530999978 ], [ 111.982237086000055, -7.710955616999968 ], [ 111.985061047000045, -7.686362413999973 ], [ 111.954105672000082, -7.679608276999943 ], [ 111.92804652500007, -7.722563261999937 ], [ 111.900298709000083, -7.739726843999961 ], [ 111.824723565000056, -7.811220716999969 ], [ 111.814007588000038, -7.81297045599996 ], [ 111.800025922000088, -7.836208771999964 ], [ 111.785812502000056, -7.833471018999944 ], [ 111.776664693000043, -7.820202771999959 ], [ 111.76709743400005, -7.823229732999948 ], [ 111.725345289000074, -7.776607651999939 ], [ 111.729520287000071, -7.737284053999929 ], [ 111.754150593000077, -7.702808821999952 ], [ 111.757013638000046, -7.681586358999937 ], [ 111.782935466000083, -7.65043574799995 ], [ 111.785715038000035, -7.603031021999925 ], [ 111.802120018000039, -7.548801594999929 ], [ 111.814372863000074, -7.541926638999939 ], [ 111.833104036000066, -7.54881434999993 ], [ 111.84970148900004, -7.508216636999975 ], [ 111.825626099000033, -7.495261311999968 ], [ 111.821307653000076, -7.47228572399996 ], [ 111.801238969000053, -7.459015320999981 ], [ 111.820999113000084, -7.439554616999942 ], [ 111.877632107000068, -7.440965595999955 ], [ 111.905357314000071, -7.433322362999945 ], [ 111.940360977000068, -7.44012109099998 ], [ 111.959808308000049, -7.426879335999956 ], [ 111.943656889000067, -7.406123568999931 ], [ 111.95802304700004, -7.41331903899993 ], [ 111.998672454000086, -7.403382721999947 ], [ 112.019653287000096, -7.409832875999939 ], [ 112.024185145000047, -7.395594022999944 ], [ 112.035179103000019, -7.401842494999926 ], [ 112.047874419000095, -7.399611866999976 ], [ 112.046302762000096, -7.393775391999952 ], [ 112.069290123000087, -7.397015495999938 ] ] ] } },
{ "type": "Feature", "properties": { "kemendagri_kab_code": 3519, "kemendagri_kab_name": "Kabupaten Madiun", "kemendagri_prov_code": 35, "kemendagri_prov_name": "Jawa Timur" }, "geometry": { "type": "Polygon", "coordinates": [ [ [ 111.800589149000075, -7.46065792099995 ], [ 111.815310252000074, -7.465102374999958 ], [ 111.825077273000034, -7.49466152499997 ], [ 111.849580954000089, -7.509144224999943 ], [ 111.833104036000066, -7.54881434999993 ], [ 111.814372863000074, -7.541926638999939 ], [ 111.802120018000039, -7.548801594999929 ], [ 111.785715038000035, -7.603031021999925 ], [ 111.782935466000083, -7.65043574799995 ], [ 111.757013638000046, -7.681586358999937 ], [ 111.754150593000077, -7.702808821999952 ], [ 111.730909749000034, -7.732037935999927 ], [ 111.725345289000074, -7.776607651999939 ], [ 111.750535312000068, -7.799096458999941 ], [ 111.719406535000076, -7.811145258999943 ], [ 111.693798786000059, -7.805333165999969 ], [ 111.688384220000046, -7.785682480999981 ], [ 111.675970395000036, -7.783728364999945 ], [ 111.677729126000088, -7.774078911999936 ], [ 111.660277026000074, -7.766585421999935 ], [ 111.611641353000039, -7.781898153999975 ], [ 111.598857589000033, -7.776998560999971 ], [ 111.585524427000053, -7.796893691999969 ], [ 111.549789832000044, -7.804410986999926 ], [ 111.50868371200005, -7.799450073999935 ], [ 111.468981729000063, -7.777093495999964 ], [ 111.450746648000063, -7.781399180999927 ], [ 111.458720623000033, -7.724979004999966 ], [ 111.480991180000046, -7.700438898999948 ], [ 111.498162251000053, -7.698712451999938 ], [ 111.498654800000054, -7.674073132999979 ], [ 111.510688707000043, -7.659249719999934 ], [ 111.529080648000047, -7.664270105999947 ], [ 111.544235969000056, -7.659069116999945 ], [ 111.539445449000084, -7.646976438999957 ], [ 111.549796001000061, -7.645072117999973 ], [ 111.553525082000078, -7.634307084999932 ], [ 111.548625571000059, -7.625973172999977 ], [ 111.559014494000053, -7.60507201799993 ], [ 111.551115219000053, -7.59484228499997 ], [ 111.533157968000069, -7.602668512999969 ], [ 111.520403827000052, -7.59714510799995 ], [ 111.511983693000047, -7.608211826999934 ], [ 111.500165010000046, -7.608375378999938 ], [ 111.496861141000068, -7.645098490999942 ], [ 111.510612129000037, -7.634107048999965 ], [ 111.512372723000055, -7.643917361999968 ], [ 111.499471509000045, -7.646200648999979 ], [ 111.501210698000079, -7.658888047999937 ], [ 111.481875346000038, -7.660607297999945 ], [ 111.486942427000088, -7.632348416999946 ], [ 111.469569898000088, -7.641512798999941 ], [ 111.460073095000041, -7.626300139999955 ], [ 111.45072050400006, -7.627916031999973 ], [ 111.45166239100007, -7.620227722999971 ], [ 111.474526856000068, -7.60864272699996 ], [ 111.475304131000087, -7.586474124999938 ], [ 111.486444444000085, -7.56588888899995 ], [ 111.50044917200006, -7.567458848999934 ], [ 111.503777075000073, -7.552892623999981 ], [ 111.513451153000062, -7.553587337999943 ], [ 111.511433814000043, -7.538332393999951 ], [ 111.532100924000076, -7.546903382999972 ], [ 111.541086980000046, -7.535850985999957 ], [ 111.561501891000034, -7.546759665999957 ], [ 111.55984187200005, -7.536425900999973 ], [ 111.547510245000069, -7.537631082999951 ], [ 111.550405561000048, -7.527010736999955 ], [ 111.587146678000067, -7.521275988999946 ], [ 111.580388519000053, -7.512482796999961 ], [ 111.590783143000067, -7.506949262999967 ], [ 111.612648445000048, -7.466611860999933 ], [ 111.622742375000087, -7.468805243999952 ], [ 111.637142852000068, -7.462776903999952 ], [ 111.641782540000065, -7.450975981999932 ], [ 111.651678050000044, -7.451014245999943 ], [ 111.65060578300006, -7.438674864999939 ], [ 111.673606164000034, -7.410661355999935 ], [ 111.767311061000044, -7.468756603999964 ], [ 111.800589149000075, -7.46065792099995 ] ], [ [ 111.507080621000057, -7.677644614999963 ], [ 111.51537852000007, -7.671281237999949 ], [ 111.511791626000047, -7.661569418999932 ], [ 111.503932553000084, -7.672919644999979 ], [ 111.507080621000057, -7.677644614999963 ] ] ] } },
{ "type": "Feature", "properties": { "kemendagri_kab_code": 3520, "kemendagri_kab_name": "Kabupaten Magetan", "kemendagri_prov_code": 35, "kemendagri_prov_name": "Jawa Timur" }, "geometry": { "type": "Polygon", "coordinates": [ [ [ 111.51180555500008, -7.52361111099998 ], [ 111.513451153000062, -7.553587337999943 ], [ 111.503777075000073, -7.552892623999981 ], [ 111.500521245000073, -7.567408665999949 ], [ 111.487936034000086, -7.565253677999976 ], [ 111.479172360000064, -7.575405448999959 ], [ 111.474526856000068, -7.60864272699996 ], [ 111.45166239100007, -7.620227722999971 ], [ 111.45072050400006, -7.627916031999973 ], [ 111.460073095000041, -7.626300139999955 ], [ 111.46914137300007, -7.641394958999967 ], [ 111.486942427000088, -7.632348416999946 ], [ 111.484133306000047, -7.66276537899995 ], [ 111.501210698000079, -7.658888047999937 ], [ 111.504584773000033, -7.649281171999974 ], [ 111.512469578000037, -7.652123638999967 ], [ 111.498654800000054, -7.674073132999979 ], [ 111.498162251000053, -7.698712451999938 ], [ 111.480991180000046, -7.700438898999948 ], [ 111.458720623000033, -7.724979004999966 ], [ 111.446405, -7.780765 ], [ 111.413223, -7.775852 ], [ 111.343665, -7.783323 ], [ 111.327628, -7.800406 ], [ 111.314723, -7.792174 ], [ 111.290205, -7.794135 ], [ 111.281907210000043, -7.784575398999948 ], [ 111.288921787000049, -7.74153257699993 ], [ 111.271938371000033, -7.737483784999938 ], [ 111.256516101000045, -7.746063359999937 ], [ 111.243811089000076, -7.740485480999951 ], [ 111.236492221000049, -7.750321411999948 ], [ 111.211997698000062, -7.72220221799995 ], [ 111.181412589000047, -7.710627300999931 ], [ 111.18250634900005, -7.689340622999964 ], [ 111.195568878000074, -7.673190604999945 ], [ 111.185829738000052, -7.65770721399997 ], [ 111.19402124800007, -7.61835913799996 ], [ 111.259170504000053, -7.598370040999953 ], [ 111.291107164000039, -7.603694871999949 ], [ 111.301506036000035, -7.586820092999972 ], [ 111.314949013000046, -7.582963911999968 ], [ 111.315986612000074, -7.589053595999928 ], [ 111.354392989000075, -7.570409271999949 ], [ 111.369513547000054, -7.573848090999945 ], [ 111.37425, -7.560722221999981 ], [ 111.368013104000056, -7.555137 ], [ 111.383562914000038, -7.537130046999948 ], [ 111.420381085000088, -7.536506182999972 ], [ 111.439178447000074, -7.517371141999945 ], [ 111.460212669000043, -7.517624808999926 ], [ 111.461769092000054, -7.509264891999976 ], [ 111.479222222000033, -7.517111110999963 ], [ 111.50202777800007, -7.515166665999971 ], [ 111.51180555500008, -7.52361111099998 ] ], [ [ 111.417885125000055, -7.543159762999949 ], [ 111.413572757000054, -7.541205297999966 ], [ 111.414038, -7.546411 ], [ 111.417885125000055, -7.543159762999949 ] ] ] } },
{ "type": "Feature", "properties": { "kemendagri_kab_code": 3521, "kemendagri_kab_name": "Kabupaten Ngawi", "kemendagri_prov_code": 35, "kemendagri_prov_name": "Jawa Timur" }, "geometry": { "type": "MultiPolygon", "coordinates": [ [ [ [ 111.41361111100008, -7.54108333399995 ], [ 111.417885125000055, -7.543159762999949 ], [ 111.414038, -7.546411 ], [ 111.41361111100008, -7.54108333399995 ] ] ], [ [ [ 111.197951707000072, -7.246504373999926 ], [ 111.222372533000055, -7.253127508999967 ], [ 111.243887555000072, -7.285260753999978 ], [ 111.28654687900007, -7.289219938999963 ], [ 111.295505295000055, -7.301640169999928 ], [ 111.315365540000073, -7.304878556999938 ], [ 111.333147232000044, -7.320775006999952 ], [ 111.344529453000064, -7.319002396999963 ], [ 111.347053068000037, -7.336232847999952 ], [ 111.360746426000048, -7.330071216999954 ], [ 111.371992889000069, -7.340598179999972 ], [ 111.420189513000082, -7.345667756999944 ], [ 111.433025522000037, -7.365209199999981 ], [ 111.462488437000047, -7.37812159799995 ], [ 111.45606835600006, -7.367265104999944 ], [ 111.470901479000077, -7.357692673999964 ], [ 111.513046257000042, -7.362768113999948 ], [ 111.527854904000037, -7.372188988999937 ], [ 111.545112593000056, -7.370148147999942 ], [ 111.553733797000064, -7.358652555999981 ], [ 111.566474885000048, -7.359950497999932 ], [ 111.574912999000048, -7.348562191999974 ], [ 111.673505165000051, -7.411821718999931 ], [ 111.65060578300006, -7.438674864999939 ], [ 111.651678050000044, -7.451014245999943 ], [ 111.641782540000065, -7.450975981999932 ], [ 111.637142852000068, -7.462776903999952 ], [ 111.622742375000087, -7.468805243999952 ], [ 111.612648445000048, -7.466611860999933 ], [ 111.590783143000067, -7.506949262999967 ], [ 111.580388519000053, -7.512482796999961 ], [ 111.587146678000067, -7.521275988999946 ], [ 111.550405561000048, -7.527010736999955 ], [ 111.547510245000069, -7.537631082999951 ], [ 111.55984187200005, -7.536425900999973 ], [ 111.561501891000034, -7.546759665999957 ], [ 111.541086980000046, -7.535850985999957 ], [ 111.530210637000039, -7.546714665999957 ], [ 111.508166666000079, -7.536888888999954 ], [ 111.51180555500008, -7.52361111099998 ], [ 111.50202777800007, -7.515166665999971 ], [ 111.479222222000033, -7.517111110999963 ], [ 111.461769092000054, -7.509264891999976 ], [ 111.460212669000043, -7.517624808999926 ], [ 111.439178447000074, -7.517371141999945 ], [ 111.420381085000088, -7.536506182999972 ], [ 111.383562914000038, -7.537130046999948 ], [ 111.368013104000056, -7.555137 ], [ 111.37425, -7.560722221999981 ], [ 111.369513547000054, -7.573848090999945 ], [ 111.354392989000075, -7.570409271999949 ], [ 111.315986612000074, -7.589053595999928 ], [ 111.314949013000046, -7.582963911999968 ], [ 111.301506036000035, -7.586820092999972 ], [ 111.291107164000039, -7.603694871999949 ], [ 111.258499130000075, -7.598478752999938 ], [ 111.195086497000034, -7.62009106499994 ], [ 111.193013173000054, -7.604043614999966 ], [ 111.16833280700007, -7.590218107999931 ], [ 111.15234812500006, -7.561421196999959 ], [ 111.146349496000084, -7.527304646999937 ], [ 111.152680391000047, -7.499529225999936 ], [ 111.135153077000041, -7.483595399999956 ], [ 111.137167106000049, -7.465494968999963 ], [ 111.128607002000081, -7.461073799999951 ], [ 111.118424102000063, -7.414884610999934 ], [ 111.145275784000034, -7.368481436999957 ], [ 111.141903687000081, -7.332356191999963 ], [ 111.155279829000051, -7.313331098999981 ], [ 111.134356808000064, -7.297741377999955 ], [ 111.150040112000056, -7.260584783999946 ], [ 111.177755873000081, -7.264554396999927 ], [ 111.199882660000071, -7.255870883999933 ], [ 111.197951707000072, -7.246504373999926 ] ] ] ] } },
{ "type": "Feature", "properties": { "kemendagri_kab_code": 3522, "kemendagri_kab_name": "Kabupaten Bojonegoro", "kemendagri_prov_code": 35, "kemendagri_prov_name": "Jawa Timur" }, "geometry": { "type": "Polygon", "coordinates": [ [ [ 112.146230611000078, -7.106725377999965 ], [ 112.15410178500008, -7.119806885999935 ], [ 112.164082673000053, -7.112868377999973 ], [ 112.165682184000048, -7.117840341999965 ], [ 112.151466323000022, -7.157912180999972 ], [ 112.13961026100003, -7.157994658999939 ], [ 112.109527532000016, -7.222361949999936 ], [ 112.087081869000031, -7.229662338999958 ], [ 112.084342912000011, -7.259579582999947 ], [ 112.094421354000019, -7.269315639999945 ], [ 112.085311866000097, -7.288401992999979 ], [ 112.090026813, -7.303996479999967 ], [ 112.077125510000087, -7.313287656999933 ], [ 112.072563137000088, -7.333253787999979 ], [ 112.089004471000067, -7.358473226999934 ], [ 112.084876970000096, -7.378493689999971 ], [ 112.069290123000087, -7.397015495999938 ], [ 112.046302762000096, -7.393775391999952 ], [ 112.047874419000095, -7.399611866999976 ], [ 112.035179103000019, -7.401842494999926 ], [ 112.024185145000047, -7.395594022999944 ], [ 112.019653287000096, -7.409832875999939 ], [ 111.998672454000086, -7.403382721999947 ], [ 111.95802304700004, -7.41331903899993 ], [ 111.94318386100008, -7.406306657999949 ], [ 111.959808308000049, -7.426879335999956 ], [ 111.940360977000068, -7.44012109099998 ], [ 111.905357314000071, -7.433322362999945 ], [ 111.877632107000068, -7.440965595999955 ], [ 111.820999113000084, -7.439554616999942 ], [ 111.800414997000075, -7.461098137999954 ], [ 111.769775361000086, -7.469499525999936 ], [ 111.716705295000054, -7.443213884999977 ], [ 111.574912999000048, -7.348562191999974 ], [ 111.542602521000049, -7.370812364999949 ], [ 111.485153171000036, -7.358177137999974 ], [ 111.462577807000059, -7.363020866999932 ], [ 111.456892414000038, -7.351840985999957 ], [ 111.444925175000037, -7.361098788999925 ], [ 111.445527337000044, -7.345130720999975 ], [ 111.462735974000054, -7.345534430999976 ], [ 111.446163155000079, -7.337050202999933 ], [ 111.457640085000037, -7.321560200999954 ], [ 111.423560257000076, -7.31017680399998 ], [ 111.441930905000049, -7.289592605999928 ], [ 111.438514504000068, -7.26888502099996 ], [ 111.451431561000049, -7.274134035999964 ], [ 111.451609880000035, -7.248133619999976 ], [ 111.461640166000052, -7.262418901999979 ], [ 111.477253623000081, -7.25190358499998 ], [ 111.490291762000084, -7.260429785999975 ], [ 111.487837407000086, -7.242929336999964 ], [ 111.502749566000034, -7.248256281999943 ], [ 111.528009255000086, -7.227142667999942 ], [ 111.541639289000045, -7.227513934999934 ], [ 111.536672819000046, -7.215919631999952 ], [ 111.549764404000086, -7.204629754999928 ], [ 111.566815903000077, -7.206499039999926 ], [ 111.565774797000074, -7.187328354999977 ], [ 111.587221104000037, -7.185557130999939 ], [ 111.584152796000069, -7.170713840999952 ], [ 111.598657975000037, -7.145341370999972 ], [ 111.610556106000047, -7.143463402999942 ], [ 111.606046512000034, -7.127911053999981 ], [ 111.613405185000033, -7.110678021999945 ], [ 111.621996600000045, -7.108428180999965 ], [ 111.612642124000047, -7.082189333999963 ], [ 111.619123786000046, -7.073464841999964 ], [ 111.628120394000064, -7.075416855999947 ], [ 111.629897822000089, -7.059535807999964 ], [ 111.613528095000049, -7.035028088999979 ], [ 111.61322920300006, -7.006695634999971 ], [ 111.622147833000042, -6.986354737999932 ], [ 111.651390442000036, -6.999804404999963 ], [ 111.657565738000073, -7.03697551199997 ], [ 111.693843298000047, -7.054127559999927 ], [ 111.694125668000083, -7.06864825599996 ], [ 111.71185304100004, -7.080951223999932 ], [ 111.816545757000085, -7.087163400999941 ], [ 111.824244503000045, -7.100428895999926 ], [ 111.856571683000084, -7.115117698999939 ], [ 111.861987336000084, -7.129703794999955 ], [ 111.864519083000062, -7.124102542999935 ], [ 111.87793034200007, -7.133273100999929 ], [ 111.886346, -7.121732 ], [ 111.900308, -7.128757 ], [ 111.899207925000042, -7.136328901999946 ], [ 111.930431739000085, -7.13277583799993 ], [ 111.93335847600008, -7.160191986999962 ], [ 111.953535353000063, -7.131731531999947 ], [ 111.974607861000038, -7.14158249999997 ], [ 111.97783916800006, -7.162626452999973 ], [ 111.984325579000085, -7.163011925999967 ], [ 111.995066466000083, -7.114454264999949 ], [ 112.010563895000018, -7.13026578399996 ], [ 112.003232776, -7.109250383999949 ], [ 112.014425760000108, -7.102161969999941 ], [ 112.006302281000103, -7.093425778999972 ], [ 112.02040772600003, -7.087358152999968 ], [ 112.017785560000107, -7.068055964999928 ], [ 112.031324693000101, -7.079053833999978 ], [ 112.044289438000078, -7.071234448999974 ], [ 112.039517451000052, -7.079305950999981 ], [ 112.041306100000043, -7.081740299999979 ], [ 112.082765322000114, -7.065923491999968 ], [ 112.085634951000088, -7.085568322999961 ], [ 112.122911588000079, -7.088395121999952 ], [ 112.121855107000101, -7.107683032999944 ], [ 112.13129205000007, -7.097018288999948 ], [ 112.144291301000067, -7.106275924999977 ], [ 112.151204914, -7.100765103999947 ], [ 112.146230611000078, -7.106725377999965 ] ] ] } },
{ "type": "Feature", "properties": { "kemendagri_kab_code": 3523, "kemendagri_kab_name": "Kabupaten Tuban", "kemendagri_prov_code": 35, "kemendagri_prov_name": "Jawa Timur" }, "geometry": { "type": "Polygon", "coordinates": [ [ [ 112.170683656000051, -6.897257691999926 ], [ 112.180358308000109, -6.913147200999958 ], [ 112.203003291000073, -6.918303510999976 ], [ 112.214572510000039, -7.009444100999929 ], [ 112.203329562000022, -7.029416614999946 ], [ 112.222464487000025, -7.037338072999944 ], [ 112.215759018000085, -7.042943005999973 ], [ 112.216942040000049, -7.074527022999973 ], [ 112.189834965000045, -7.084381039999926 ], [ 112.179317166000033, -7.075096751999979 ], [ 112.174513424000111, -7.086559051999927 ], [ 112.183563196000023, -7.089226151999981 ], [ 112.157936040000095, -7.11053601499998 ], [ 112.146230611000078, -7.106725377999965 ], [ 112.150818472000083, -7.100564211999938 ], [ 112.144291301000067, -7.106275924999977 ], [ 112.13129205000007, -7.097018288999948 ], [ 112.121855107000101, -7.107683032999944 ], [ 112.117415033000043, -7.097575082999981 ], [ 112.124567693000017, -7.089437325999938 ], [ 112.086605772000098, -7.086125115999948 ], [ 112.082765322000114, -7.065923491999968 ], [ 112.041306100000043, -7.081740299999979 ], [ 112.044289438000078, -7.071234448999974 ], [ 112.031324693000101, -7.079053833999978 ], [ 112.017785560000107, -7.068055964999928 ], [ 112.02040772600003, -7.087358152999968 ], [ 112.006302281000103, -7.093425778999972 ], [ 112.014425760000108, -7.102161969999941 ], [ 112.003232776, -7.109250383999949 ], [ 112.010563895000018, -7.13026578399996 ], [ 111.995066466000083, -7.114454264999949 ], [ 111.98058506600006, -7.165039226999966 ], [ 111.970082126000079, -7.137813433999952 ], [ 111.95272157800008, -7.131817191999971 ], [ 111.942566990000046, -7.154890547999969 ], [ 111.932611325000039, -7.159949281999957 ], [ 111.930431739000085, -7.13277583799993 ], [ 111.899207925000042, -7.136328901999946 ], [ 111.900308, -7.128757 ], [ 111.886346, -7.121732 ], [ 111.87793034200007, -7.133273100999929 ], [ 111.864519083000062, -7.124102542999935 ], [ 111.861987336000084, -7.129703794999955 ], [ 111.856571683000084, -7.115117698999939 ], [ 111.824244503000045, -7.100428895999926 ], [ 111.814014010000051, -7.086287759999948 ], [ 111.71185304100004, -7.080951223999932 ], [ 111.694125668000083, -7.06864825599996 ], [ 111.693843298000047, -7.054127559999927 ], [ 111.657565738000073, -7.03697551199997 ], [ 111.651390442000036, -6.999804404999963 ], [ 111.623674480000034, -6.98943887799993 ], [ 111.614687760000038, -6.97110962499994 ], [ 111.567219808000061, -6.951618628999938 ], [ 111.577474413000061, -6.917079018999971 ], [ 111.60233603000006, -6.911712468999951 ], [ 111.607722565000074, -6.90374809399998 ], [ 111.619195580000053, -6.821665457999927 ], [ 111.635531512000057, -6.828787152999951 ], [ 111.656435951000049, -6.826324216999978 ], [ 111.668128078000052, -6.801727632999928 ], [ 111.660750563000079, -6.776910366999971 ], [ 111.669452766000063, -6.763424028999964 ], [ 111.675145554000039, -6.775243941999975 ], [ 111.684801574000062, -6.771214228999952 ], [ 111.69139365500007, -6.75417089299998 ], [ 111.718874236000033, -6.769734238999945 ], [ 111.76568358600008, -6.771690126999943 ], [ 111.837939778000077, -6.800979542999926 ], [ 111.879747050000049, -6.795425266999928 ], [ 111.960915287000034, -6.760514515999944 ], [ 111.980124828000044, -6.773153886999978 ], [ 111.987371073000077, -6.796461851999936 ], [ 111.994668104000084, -6.803670994999948 ], [ 111.999614140000062, -6.798966847999964 ], [ 111.994564503000049, -6.804396385999951 ], [ 112.003461669000103, -6.797759435999978 ], [ 111.998011922000046, -6.807423172999961 ], [ 112.010469544000102, -6.834549222999954 ], [ 112.053237206000063, -6.887088299999959 ], [ 112.123487182000076, -6.902598093999927 ], [ 112.142168648000052, -6.901371647999952 ], [ 112.142561488000069, -6.896706539999968 ], [ 112.143144508000091, -6.895292886999925 ], [ 112.143575003000024, -6.895005607999963 ], [ 112.1435274050001, -6.900927190999937 ], [ 112.170683656000051, -6.897257691999926 ] ] ] } },
{ "type": "Feature", "properties": { "kemendagri_kab_code": 3524, "kemendagri_kab_name": "Kabupaten Lamongan", "kemendagri_prov_code": 35, "kemendagri_prov_name": "Jawa Timur" }, "geometry": { "type": "MultiPolygon", "coordinates": [ [ [ [ 112.328699191000055, -7.347665588999973 ], [ 112.332582312000113, -7.348117973999933 ], [ 112.33212340700004, -7.350235909999981 ], [ 112.328699191000055, -7.347665588999973 ] ] ], [ [ [ 112.333805096000106, -6.861259661999952 ], [ 112.342718593000086, -6.870100743999956 ], [ 112.360397399000021, -6.863483351999946 ], [ 112.388051415000064, -6.876087476999942 ], [ 112.418298024000023, -6.861676577999958 ], [ 112.439949279000075, -6.871021069999927 ], [ 112.440627211000105, -6.882601123999962 ], [ 112.4484362500001, -6.884191557999941 ], [ 112.424068290000037, -6.910869671999933 ], [ 112.421381023000095, -6.92450228499996 ], [ 112.430062718000045, -6.930069648999961 ], [ 112.425338550000106, -6.951525618999938 ], [ 112.405156596000097, -6.960463243999925 ], [ 112.376637224000092, -6.952808790999939 ], [ 112.367307850000088, -6.98774242099995 ], [ 112.391185628000017, -6.985756733999949 ], [ 112.427921063000099, -7.002392441999973 ], [ 112.452192102000026, -7.001119057999972 ], [ 112.451552420000098, -7.015530726999941 ], [ 112.48107144700009, -7.002883150999935 ], [ 112.480358890000048, -7.010659757999974 ], [ 112.495756659000108, -7.008596479999937 ], [ 112.497462021000047, -7.017225567999958 ], [ 112.511270141000068, -7.012528505999967 ], [ 112.496501730000091, -7.024888383999951 ], [ 112.499005490000059, -7.031277562999946 ], [ 112.519224654000027, -7.047057395999957 ], [ 112.52357753900003, -7.038969426999927 ], [ 112.541430403000049, -7.053425370999946 ], [ 112.552476920000117, -7.050530736999974 ], [ 112.531743415000051, -7.082025815999941 ], [ 112.535616981000089, -7.096143354999981 ], [ 112.517249906000075, -7.107466416999955 ], [ 112.501327451000066, -7.106814817999975 ], [ 112.498028427, -7.125571921999949 ], [ 112.47599983900011, -7.125659249999956 ], [ 112.470002299000043, -7.158877614999938 ], [ 112.505897770000047, -7.163614454999959 ], [ 112.501635209000028, -7.191621388999977 ], [ 112.455660107000085, -7.207197764999933 ], [ 112.434783615000015, -7.228485323999962 ], [ 112.419104358000027, -7.231792150999979 ], [ 112.39689054300004, -7.264753493999933 ], [ 112.412405385000056, -7.27291202899994 ], [ 112.410220192000111, -7.305261260999941 ], [ 112.38883523700008, -7.321484753999925 ], [ 112.358551796000029, -7.326479460999963 ], [ 112.345796207000035, -7.345062832999929 ], [ 112.328903137000111, -7.343983532999971 ], [ 112.307784988000094, -7.351835606999941 ], [ 112.31404762000011, -7.365038857999934 ], [ 112.302272830000106, -7.357108170999936 ], [ 112.293363751000015, -7.36469950399993 ], [ 112.294828636000034, -7.359508694999931 ], [ 112.275459229000035, -7.356897705999927 ], [ 112.250671350000061, -7.363285456999961 ], [ 112.211357074000034, -7.34857406499998 ], [ 112.169685324000056, -7.357180498999981 ], [ 112.106613128000049, -7.383774198999959 ], [ 112.081527669000025, -7.382554914999957 ], [ 112.089004471000067, -7.358473226999934 ], [ 112.072563137000088, -7.333253787999979 ], [ 112.077125510000087, -7.313287656999933 ], [ 112.090026813, -7.303996479999967 ], [ 112.085311866000097, -7.288401992999979 ], [ 112.094421354000019, -7.269315639999945 ], [ 112.084342912000011, -7.259579582999947 ], [ 112.087081869000031, -7.229662338999958 ], [ 112.109527532000016, -7.222361949999936 ], [ 112.13961026100003, -7.157994658999939 ], [ 112.151321365000058, -7.158160119999934 ], [ 112.165682184000048, -7.117840341999965 ], [ 112.164082673000053, -7.112868377999973 ], [ 112.15410178500008, -7.119806885999935 ], [ 112.152200343000118, -7.109419368999966 ], [ 112.178344969000023, -7.097754030999965 ], [ 112.183866074000093, -7.088720950999971 ], [ 112.174621927000089, -7.086907404999977 ], [ 112.178608930000109, -7.075724946999969 ], [ 112.189834965000045, -7.084381039999926 ], [ 112.218811037000023, -7.068676035999943 ], [ 112.215759018000085, -7.042943005999973 ], [ 112.222464487000025, -7.037338072999944 ], [ 112.203329562000022, -7.029416614999946 ], [ 112.214572510000039, -7.009444100999929 ], [ 112.203003291000073, -6.918303510999976 ], [ 112.180358308000109, -6.913147200999958 ], [ 112.178977390000114, -6.905083447999971 ], [ 112.172139174000108, -6.902716959999964 ], [ 112.171018603000107, -6.899755976999927 ], [ 112.170380488000092, -6.894858123999938 ], [ 112.223874716000068, -6.872410414999933 ], [ 112.250529885000105, -6.878581980999968 ], [ 112.267542425000102, -6.876146882999933 ], [ 112.265404289000116, -6.870435562999944 ], [ 112.269769195000094, -6.878403395999953 ], [ 112.287037768, -6.864932200999931 ], [ 112.298540814000035, -6.874155005999967 ], [ 112.333805096000106, -6.861259661999952 ] ] ], [ [ [ 112.447002160000011, -6.874461168999972 ], [ 112.45499424500008, -6.878538722999963 ], [ 112.455824833000065, -6.884052008999959 ], [ 112.44861193600002, -6.879341921999981 ], [ 112.447002160000011, -6.874461168999972 ] ] ] ] } },
{ "type": "Feature", "properties": { "kemendagri_kab_code": 3525, "kemendagri_kab_name": "Kabupaten Gresik", "kemendagri_prov_code": 35, "kemendagri_prov_name": "Jawa Timur" }, "geometry": { "type": "MultiPolygon", "coordinates": [ [ [ [ 112.556407285000091, -6.847038658999963 ], [ 112.567179494000015, -6.856271609999965 ], [ 112.577589720000105, -6.850852201999942 ], [ 112.57537023000009, -6.878890922999972 ], [ 112.58351011700006, -6.889926068999955 ], [ 112.606898744000091, -6.876519981999934 ], [ 112.617069101000084, -6.890889062999975 ], [ 112.619486610000081, -6.913753129999975 ], [ 112.608290297000053, -6.925742002999925 ], [ 112.595998929000075, -6.917536046999942 ], [ 112.594078881000087, -6.937693888999945 ], [ 112.615279704000045, -6.993214973999955 ], [ 112.650366840000061, -7.018662335999977 ], [ 112.642695029000038, -7.032251289999977 ], [ 112.65299726100011, -7.041831511999931 ], [ 112.650669702000073, -7.056113681999932 ], [ 112.634142053, -7.064940150999973 ], [ 112.634329265000019, -7.097997194999948 ], [ 112.626960566000093, -7.098506386999929 ], [ 112.622623372000021, -7.110832766999977 ], [ 112.647618349000027, -7.111448368999959 ], [ 112.622549777000017, -7.11118995399994 ], [ 112.626495524, -7.120404697999959 ], [ 112.646423510000091, -7.12364671399996 ], [ 112.624856395000052, -7.128575486999978 ], [ 112.630172278000032, -7.136284401999944 ], [ 112.647775044000014, -7.12823788399993 ], [ 112.650124762000019, -7.133561927999949 ], [ 112.639554914000087, -7.137713986999927 ], [ 112.648935031000065, -7.135049090999928 ], [ 112.64748158000009, -7.142018628999949 ], [ 112.65685544300004, -7.144121567999946 ], [ 112.652237604000106, -7.146600461999981 ], [ 112.666475741000113, -7.157882471999926 ], [ 112.660384560000011, -7.162410622999971 ], [ 112.66621809600008, -7.159491106999951 ], [ 112.67628215000002, -7.182123736999927 ], [ 112.666894279000076, -7.182076603999974 ], [ 112.663213497000015, -7.193248417999939 ], [ 112.626724618000026, -7.196347340999978 ], [ 112.620972178000102, -7.208653853999976 ], [ 112.62027669400004, -7.201715448999948 ], [ 112.615267305000089, -7.207732595999971 ], [ 112.613540867000097, -7.200849313999981 ], [ 112.610341883000046, -7.207990912999946 ], [ 112.597619579000025, -7.203840580999952 ], [ 112.599219973000118, -7.223307082999952 ], [ 112.594251159, -7.215430627999979 ], [ 112.590107680000074, -7.21515110699994 ], [ 112.607193850000044, -7.237234916999967 ], [ 112.604130323000049, -7.249565666999956 ], [ 112.631117619000065, -7.260280662999946 ], [ 112.621749867000062, -7.282713580999939 ], [ 112.6300809170001, -7.314613941999937 ], [ 112.649237196000058, -7.314558527999964 ], [ 112.648186352000039, -7.333467902999928 ], [ 112.657755391000023, -7.330504747999953 ], [ 112.66458577100002, -7.351435510999977 ], [ 112.653422199000033, -7.362178721999953 ], [ 112.58851091400004, -7.370302636999952 ], [ 112.583559530000116, -7.383379059999982 ], [ 112.567891890000055, -7.387938650999956 ], [ 112.566284480000036, -7.397923442999968 ], [ 112.543956094, -7.404711310999971 ], [ 112.525058528000045, -7.397239394999929 ], [ 112.494606534000013, -7.408522238999979 ], [ 112.475689638000063, -7.385187716999951 ], [ 112.47992643300006, -7.364982610999959 ], [ 112.473012605, -7.353208172999928 ], [ 112.485559641, -7.340220472999931 ], [ 112.476279412000054, -7.329601600999979 ], [ 112.478293160000021, -7.30487381599994 ], [ 112.458806172000095, -7.312106688999961 ], [ 112.447454908000054, -7.30313517999997 ], [ 112.441801585, -7.314211673999978 ], [ 112.428917341000101, -7.310807718999968 ], [ 112.421550558000035, -7.317175369999973 ], [ 112.410938732000091, -7.311898939999935 ], [ 112.391196345000026, -7.333511380999937 ], [ 112.370448226, -7.321648646999961 ], [ 112.38883523700008, -7.321484753999925 ], [ 112.410727308000105, -7.304503875999956 ], [ 112.412405385000056, -7.27291202899994 ], [ 112.39689054300004, -7.264753493999933 ], [ 112.419104358000027, -7.231792150999979 ], [ 112.434783615000015, -7.228485323999962 ], [ 112.455660107000085, -7.207197764999933 ], [ 112.501522305000094, -7.191822469999977 ], [ 112.505897770000047, -7.163614454999959 ], [ 112.470002299000043, -7.158877614999938 ], [ 112.47599983900011, -7.125659249999956 ], [ 112.498028427, -7.125571921999949 ], [ 112.501327451000066, -7.106814817999975 ], [ 112.517249906000075, -7.107466416999955 ], [ 112.535616981000089, -7.096143354999981 ], [ 112.531743415000051, -7.082025815999941 ], [ 112.552476920000117, -7.050530736999974 ], [ 112.541430403000049, -7.053425370999946 ], [ 112.52357753900003, -7.038969426999927 ], [ 112.519224654000027, -7.047057395999957 ], [ 112.498512645, -7.030819909999934 ], [ 112.49669945100004, -7.024600733999932 ], [ 112.511757793000015, -7.012709350999955 ], [ 112.497462021000047, -7.017225567999958 ], [ 112.495756659000108, -7.008596479999937 ], [ 112.480358890000048, -7.010659757999974 ], [ 112.48107144700009, -7.002883150999935 ], [ 112.450993743000026, -7.015413014999979 ], [ 112.452192102000026, -7.001119057999972 ], [ 112.427921063000099, -7.002392441999973 ], [ 112.391185628000017, -6.985756733999949 ], [ 112.367307850000088, -6.98774242099995 ], [ 112.367083839000088, -6.977746311999965 ], [ 112.376777614000048, -6.952741523999975 ], [ 112.405156596000097, -6.960463243999925 ], [ 112.425338550000106, -6.951525618999938 ], [ 112.430062718000045, -6.930069648999961 ], [ 112.421381023000095, -6.92450228499996 ], [ 112.424068290000037, -6.910869671999933 ], [ 112.448448683000038, -6.88480732499994 ], [ 112.440027910000026, -6.87428953999995 ], [ 112.478690201000063, -6.900263480999968 ], [ 112.51973896100003, -6.905913154999951 ], [ 112.541781237, -6.877537136999933 ], [ 112.521992454000042, -6.866645336999966 ], [ 112.556407285000091, -6.847038658999963 ] ] ], [ [ [ 112.639541613, -7.081131039999946 ], [ 112.648450315000105, -7.080778879999968 ], [ 112.648450315000105, -7.087060656999938 ], [ 112.639455952000048, -7.092961719999948 ], [ 112.639541613, -7.081131039999946 ] ] ], [ [ [ 112.625023716000101, -5.86063831599995 ], [ 112.624549949000084, -5.860184042999947 ], [ 112.625183102000051, -5.860512039999946 ], [ 112.625023716000101, -5.86063831599995 ] ] ], [ [ [ 112.687809762000029, -5.722890648999964 ], [ 112.704402648000041, -5.735397942999953 ], [ 112.726244232000113, -5.73706145999995 ], [ 112.72422984800005, -5.760017250999965 ], [ 112.735611154000026, -5.765228376999971 ], [ 112.73039406700002, -5.771781503999932 ], [ 112.741469542, -5.788501305999944 ], [ 112.727612223000051, -5.817345323999973 ], [ 112.732957871000053, -5.832303748999948 ], [ 112.685086018000106, -5.855874583999935 ], [ 112.665191933000074, -5.850587688999951 ], [ 112.655779789, -5.856558159999963 ], [ 112.632948871000053, -5.844281787999932 ], [ 112.626104368000028, -5.852184460999979 ], [ 112.620664860000034, -5.871442336999962 ], [ 112.621014258000059, -5.85566773599993 ], [ 112.591699875000018, -5.855619244999957 ], [ 112.576230174000102, -5.84495742699994 ], [ 112.584710446000031, -5.831697685999927 ], [ 112.574515194000014, -5.827138056999956 ], [ 112.579997259000038, -5.81469747999995 ], [ 112.569547178000107, -5.809228170999972 ], [ 112.582475804000069, -5.805847667999956 ], [ 112.57932173800009, -5.789362279999978 ], [ 112.588999105000084, -5.787081003999958 ], [ 112.59005984700002, -5.775634775999947 ], [ 112.597796883000115, -5.76893116399998 ], [ 112.610606668000059, -5.771713474999956 ], [ 112.612920742000028, -5.750525430999971 ], [ 112.628225244000078, -5.74738707299997 ], [ 112.646771717000092, -5.730214171999933 ], [ 112.67023934100007, -5.737211997999964 ], [ 112.674406476000058, -5.722750238999936 ], [ 112.686098626000103, -5.715753651999933 ], [ 112.687809762000029, -5.722890648999964 ] ] ], [ [ [ 112.580972854000038, -5.775606773999925 ], [ 112.580638019000048, -5.774878115999968 ], [ 112.581811529000106, -5.775043376999974 ], [ 112.580972854000038, -5.775606773999925 ] ] ], [ [ [ 112.580926568000109, -5.768624559999978 ], [ 112.588352676000113, -5.767582268999945 ], [ 112.586259671000107, -5.775171134999937 ], [ 112.580926568000109, -5.768624559999978 ] ] ], [ [ [ 112.605242199000031, -5.737452608999945 ], [ 112.606713925, -5.738940702999969 ], [ 112.605939410000019, -5.739062054999977 ], [ 112.605242199000031, -5.737452608999945 ] ] ], [ [ [ 112.70500284100001, -5.870842230999926 ], [ 112.707691631000102, -5.871544171999972 ], [ 112.704681613000048, -5.871532273999946 ], [ 112.70500284100001, -5.870842230999926 ] ] ], [ [ [ 112.690088627000023, -5.868099099999938 ], [ 112.690755746000036, -5.867629720999957 ], [ 112.690805346000047, -5.867941711999947 ], [ 112.690088627000023, -5.868099099999938 ] ] ], [ [ [ 112.686052812000071, -5.858613222999963 ], [ 112.68945073000009, -5.866903984999965 ], [ 112.6856, -5.868696 ], [ 112.686052812000071, -5.858613222999963 ] ] ], [ [ [ 112.768011072000036, -5.81346298699998 ], [ 112.768451272000107, -5.811220344999981 ], [ 112.768873010000107, -5.810806459999981 ], [ 112.768011072000036, -5.81346298699998 ] ] ], [ [ [ 112.777497692000111, -5.802969649999966 ], [ 112.778070347000039, -5.802502435999941 ], [ 112.778441685000075, -5.802542400999926 ], [ 112.777497692000111, -5.802969649999966 ] ] ], [ [ [ 112.769099809000068, -5.795408420999934 ], [ 112.776096002000031, -5.803355920999934 ], [ 112.77507, -5.80496 ], [ 112.770386, -5.803759 ], [ 112.769099809000068, -5.795408420999934 ] ] ], [ [ [ 112.704455455000016, -5.733357705999936 ], [ 112.704123158000016, -5.73460584299994 ], [ 112.703869869000073, -5.734817112999963 ], [ 112.703726660000029, -5.733801247999963 ], [ 112.704455455000016, -5.733357705999936 ] ] ] ] } },
{ "type": "Feature", "properties": { "kemendagri_kab_code": 3526, "kemendagri_kab_name": "Kabupaten Bangkalan", "kemendagri_prov_code": 35, "kemendagri_prov_name": "Jawa Timur" }, "geometry": { "type": "MultiPolygon", "coordinates": [ [ [ [ 113.034469483000066, -6.879659932999971 ], [ 113.124690722000082, -6.892963384999973 ], [ 113.117939542000045, -6.93297690299994 ], [ 113.095952889000046, -6.937795593999965 ], [ 113.099356765000039, -6.957262770999932 ], [ 113.110440202000063, -6.987112717999935 ], [ 113.128376865000064, -6.976855933999957 ], [ 113.147454793000065, -6.990027044999977 ], [ 113.132814725000117, -7.032823875999952 ], [ 113.110337702000038, -7.03013548399997 ], [ 113.112325971000018, -7.058024802999967 ], [ 113.121963577000088, -7.074581241999965 ], [ 113.107830549000028, -7.081006033999927 ], [ 113.115400463000014, -7.115998341999955 ], [ 113.107840098000111, -7.107636974999934 ], [ 113.106233190000012, -7.124466746999929 ], [ 113.093082541000058, -7.132717151999941 ], [ 113.097492835000025, -7.157090579999931 ], [ 113.072864864000053, -7.149199210999939 ], [ 113.067513338000026, -7.163801433999936 ], [ 113.057297294000023, -7.163708698999926 ], [ 113.048366986000019, -7.18438725599998 ], [ 113.060167939000053, -7.189340727999934 ], [ 113.059717578, -7.19862911499996 ], [ 113.046953262000102, -7.199568175999957 ], [ 113.04046229700009, -7.212781781999979 ], [ 113.0138864380001, -7.205396242999939 ], [ 113.001268536000111, -7.209541789999946 ], [ 112.891822754000032, -7.178059074999965 ], [ 112.865006455000071, -7.162130432999959 ], [ 112.776915362000068, -7.159344300999976 ], [ 112.722852746000058, -7.176133973999981 ], [ 112.691819163000105, -7.155180342999927 ], [ 112.706386838000071, -7.098077983999929 ], [ 112.686050935000026, -7.095500462999951 ], [ 112.673754906000113, -7.073483709999948 ], [ 112.681040898000106, -7.034623471999964 ], [ 112.6884911410001, -7.029784707999966 ], [ 112.723481648000075, -7.038900952999938 ], [ 112.782057328000064, -6.99185083499998 ], [ 112.829030589000013, -6.929481924999948 ], [ 112.822166678000031, -6.911939366999945 ], [ 112.827196921000109, -6.907034089999968 ], [ 112.841228171000012, -6.915646540999944 ], [ 112.852751177000073, -6.903090735999967 ], [ 112.846971207000024, -6.899250571999971 ], [ 112.863604733000102, -6.892049956999927 ], [ 112.875451718000022, -6.898085759999958 ], [ 112.879283032000103, -6.890951821999977 ], [ 112.920767524000098, -6.894068399999981 ], [ 113.034469483000066, -6.879659932999971 ] ] ], [ [ [ 112.846855965000032, -6.897453207999945 ], [ 112.84630393000009, -6.897557904999928 ], [ 112.846570430000043, -6.897291404999976 ], [ 112.846855965000032, -6.897453207999945 ] ] ] ] } },
{ "type": "Feature", "properties": { "kemendagri_kab_code": 3527, "kemendagri_kab_name": "Kabupaten Sampang", "kemendagri_prov_code": 35, "kemendagri_prov_name": "Jawa Timur" }, "geometry": { "type": "MultiPolygon", "coordinates": [ [ [ [ 113.205103451000014, -7.307076786999971 ], [ 113.219144136000068, -7.308151042999953 ], [ 113.224320975000069, -7.310872428999971 ], [ 113.213891807000095, -7.314554331999943 ], [ 113.205103451000014, -7.307076786999971 ] ] ], [ [ [ 113.416924619000042, -6.886831384999937 ], [ 113.483309393000013, -6.899962444999971 ], [ 113.476026706000084, -6.908180332999962 ], [ 113.477835448000064, -6.924319508999929 ], [ 113.461099592000096, -6.935496071999978 ], [ 113.45999791600002, -6.950712850999935 ], [ 113.434400928000059, -6.961382727999933 ], [ 113.421097259000021, -6.989207017999945 ], [ 113.421459668000011, -7.011428689999946 ], [ 113.394502366000097, -7.030482215999939 ], [ 113.395279214000084, -7.070669708999958 ], [ 113.380234230000042, -7.077402541999959 ], [ 113.384600463000083, -7.088857711999935 ], [ 113.363274634000049, -7.10158187199994 ], [ 113.370026547000066, -7.112334951999969 ], [ 113.361034989000018, -7.150023750999935 ], [ 113.376262129000111, -7.14717367999998 ], [ 113.381282996000095, -7.153304041999945 ], [ 113.381437175000087, -7.178663110999935 ], [ 113.371934684000053, -7.194619160999935 ], [ 113.378987418000065, -7.210869840999976 ], [ 113.382417486, -7.188953983999966 ], [ 113.396657932000039, -7.199488512999949 ], [ 113.393412347000094, -7.217645210999933 ], [ 113.27961902200002, -7.215176702999941 ], [ 113.261542652000117, -7.224522002999947 ], [ 113.225059775000091, -7.219750909999959 ], [ 113.171892837000087, -7.227490873999955 ], [ 113.167282132000082, -7.21412894499997 ], [ 113.153213962000109, -7.20549056599998 ], [ 113.144423276000111, -7.211231204999933 ], [ 113.150123955000026, -7.224067059999925 ], [ 113.100322262000077, -7.229039478999937 ], [ 113.040820607000114, -7.214361398999927 ], [ 113.045277165000016, -7.200963791999925 ], [ 113.060140183000044, -7.197848829999941 ], [ 113.060167939000053, -7.189340727999934 ], [ 113.048366986000019, -7.18438725599998 ], [ 113.057332214000098, -7.163673292999931 ], [ 113.067513338000026, -7.163801433999936 ], [ 113.072864864000053, -7.149199210999939 ], [ 113.097645198, -7.156903066999973 ], [ 113.093082541000058, -7.132717151999941 ], [ 113.106233190000012, -7.124466746999929 ], [ 113.107840098000111, -7.107636974999934 ], [ 113.115429047000021, -7.115786900999979 ], [ 113.107830549000028, -7.081006033999927 ], [ 113.121963577000088, -7.074581241999965 ], [ 113.112325971000018, -7.058024802999967 ], [ 113.110572976000071, -7.029347564999966 ], [ 113.13041049900005, -7.035351544999969 ], [ 113.146239251000111, -6.997910133999937 ], [ 113.147454793000065, -6.990027044999977 ], [ 113.1345643840001, -6.978673904999937 ], [ 113.109332561000087, -6.985917864999976 ], [ 113.096063881000077, -6.942580575999955 ], [ 113.097008199000015, -6.935717742999941 ], [ 113.118360163000034, -6.932296256999962 ], [ 113.124690722000082, -6.892963384999973 ], [ 113.167488193000054, -6.89024995699998 ], [ 113.198624409000104, -6.897424063999949 ], [ 113.227002875000039, -6.890912483999955 ], [ 113.416924619000042, -6.886831384999937 ] ] ] ] } },
{ "type": "Feature", "properties": { "kemendagri_kab_code": 3528, "kemendagri_kab_name": "Kabupaten Pamekasan", "kemendagri_prov_code": 35, "kemendagri_prov_name": "Jawa Timur" }, "geometry": { "type": "Polygon", "coordinates": [ [ [ 113.642532605000042, -6.887582022999936 ], [ 113.635607349000111, -6.917171005999933 ], [ 113.64971734400001, -6.919648374999952 ], [ 113.625365876000046, -6.948462121999967 ], [ 113.626495071000022, -6.964836244999958 ], [ 113.608419672000082, -6.973749151999925 ], [ 113.609195492000026, -7.000419187999967 ], [ 113.619009847000029, -7.009492793999925 ], [ 113.592262411000092, -7.009444778999978 ], [ 113.576241827000104, -7.031373342999927 ], [ 113.58204597200006, -7.043544164999958 ], [ 113.605594304000078, -7.043429534999973 ], [ 113.591144719000113, -7.061140250999927 ], [ 113.621187302000067, -7.08482878999996 ], [ 113.622705100000076, -7.104016446999935 ], [ 113.611458784000092, -7.105555489999972 ], [ 113.573742702000118, -7.161420559999954 ], [ 113.552046982000093, -7.233779352999932 ], [ 113.537833947000081, -7.234744113999966 ], [ 113.509172729000056, -7.25402386199994 ], [ 113.503592082000068, -7.252320587999975 ], [ 113.498487619000116, -7.243658142999948 ], [ 113.516862611000079, -7.245832161999942 ], [ 113.516284990000031, -7.241264547999947 ], [ 113.497146522000094, -7.226896560999933 ], [ 113.393694941000035, -7.217641814999979 ], [ 113.397666270000059, -7.201691436999965 ], [ 113.383461621000038, -7.188855107999927 ], [ 113.378987418000065, -7.210869840999976 ], [ 113.371934684000053, -7.194619160999935 ], [ 113.381437175000087, -7.178663110999935 ], [ 113.381282996000095, -7.153304041999945 ], [ 113.376262129000111, -7.14717367999998 ], [ 113.361034989000018, -7.150023750999935 ], [ 113.370026547000066, -7.112334951999969 ], [ 113.363386544000036, -7.101230230999931 ], [ 113.384600463000083, -7.088857711999935 ], [ 113.380234230000042, -7.077402541999959 ], [ 113.395279214000084, -7.070669708999958 ], [ 113.392427704000056, -7.034540591999928 ], [ 113.421459668000011, -7.011428689999946 ], [ 113.421097259000021, -6.989207017999945 ], [ 113.434400928000059, -6.961382727999933 ], [ 113.45999791600002, -6.950712850999935 ], [ 113.461099592000096, -6.935496071999978 ], [ 113.477835448000064, -6.924319508999929 ], [ 113.483386190000033, -6.896718128999964 ], [ 113.642532605000042, -6.887582022999936 ] ] ] } },
{ "type": "Feature", "properties": { "kemendagri_kab_code": 3529, "kemendagri_kab_name": "Kabupaten Sumenep", "kemendagri_prov_code": 35, "kemendagri_prov_name": "Jawa Timur" }, "geometry": { "type": "MultiPolygon", "coordinates": [ [ [ [ 113.664026537000041, -7.252018336999981 ], [ 113.665543444000036, -7.250001742999928 ], [ 113.667411320000042, -7.248585963999972 ], [ 113.664026537000041, -7.252018336999981 ] ] ], [ [ [ 113.724910639000086, -7.247964686999978 ], [ 113.725281835000033, -7.251595743999928 ], [ 113.724033761000101, -7.249211351999975 ], [ 113.724910639000086, -7.247964686999978 ] ] ], [ [ [ 113.697780421000061, -7.241889922999974 ], [ 113.698001711000074, -7.241730498999971 ], [ 113.697980296000082, -7.241901819999953 ], [ 113.697780421000061, -7.241889922999974 ] ] ], [ [ [ 113.674310179000031, -7.238344444999939 ], [ 113.673804337000092, -7.239616585999954 ], [ 113.673478337, -7.238203259999977 ], [ 113.674310179000031, -7.238344444999939 ] ] ], [ [ [ 113.754788098000063, -7.20603164399995 ], [ 113.803811154000073, -7.214041978999944 ], [ 113.812247322000076, -7.220733143999951 ], [ 113.794669120000094, -7.236191829999939 ], [ 113.749391481000089, -7.218547608999927 ], [ 113.754788098000063, -7.20603164399995 ] ] ], [ [ [ 114.046281986000054, -7.206244129999959 ], [ 114.045652999000026, -7.201917998999932 ], [ 114.047788185000059, -7.201782639999976 ], [ 114.046281986000054, -7.206244129999959 ] ] ], [ [ [ 113.923658306000107, -7.17420156299994 ], [ 113.940175018000105, -7.199541930999942 ], [ 113.939405046000047, -7.214447568999958 ], [ 113.954625750000105, -7.232253929999956 ], [ 113.929244757000106, -7.20360779899994 ], [ 113.890666975000045, -7.212136011999974 ], [ 113.882183039000097, -7.205538641999965 ], [ 113.887177701000041, -7.190363524999952 ], [ 113.923658306000107, -7.17420156299994 ] ] ], [ [ [ 114.609730975000048, -7.162170454999966 ], [ 114.617298283000082, -7.169566492999934 ], [ 114.60502779400008, -7.171029966999981 ], [ 114.609730975000048, -7.162170454999966 ] ] ], [ [ [ 114.65889934900008, -7.162534403999928 ], [ 114.685289951000073, -7.164407634999975 ], [ 114.656718573000035, -7.170047551999971 ], [ 114.65889934900008, -7.162534403999928 ] ] ], [ [ [ 114.575866801000075, -7.129801947999965 ], [ 114.613172073000101, -7.139298648999954 ], [ 114.615942873000108, -7.153019538999956 ], [ 114.604247326000063, -7.162216651999927 ], [ 114.575646205000112, -7.166356913999948 ], [ 114.55146, -7.141801 ], [ 114.507133, -7.145046 ], [ 114.510383538000042, -7.153363866999939 ], [ 114.496347953000054, -7.158926028999929 ], [ 114.481552264000015, -7.157553323999934 ], [ 114.47498495100001, -7.147638109999946 ], [ 114.481090849000111, -7.138207268999963 ], [ 114.499123595000015, -7.135758803999977 ], [ 114.507675378000044, -7.14431058699995 ], [ 114.523004738000054, -7.133294871999965 ], [ 114.575866801000075, -7.129801947999965 ] ] ], [ [ [ 114.767995616, -7.129472709999959 ], [ 114.769078339000089, -7.132775023999955 ], [ 114.767907644000047, -7.130990428999951 ], [ 114.767995616, -7.129472709999959 ] ] ], [ [ [ 114.587376840000047, -7.127337251999961 ], [ 114.580556163000097, -7.13025280599993 ], [ 114.579648719000033, -7.129709103999971 ], [ 114.587376840000047, -7.127337251999961 ] ] ], [ [ [ 114.77950454300003, -7.114741683999966 ], [ 114.779813872000091, -7.130017823999935 ], [ 114.775278025000034, -7.133560246999934 ], [ 114.773978238000041, -7.122746501999927 ], [ 114.77950454300003, -7.114741683999966 ] ] ], [ [ [ 114.532991375000051, -7.119630023999946 ], [ 114.538742935000073, -7.121937374999959 ], [ 114.537643618000061, -7.125230084999941 ], [ 114.532991375000051, -7.119630023999946 ] ] ], [ [ [ 114.334218073000102, -7.056323994999957 ], [ 114.370539356000108, -7.086964313999943 ], [ 114.375916938000046, -7.115253725999935 ], [ 114.391641526000058, -7.132856502999971 ], [ 114.39613870800008, -7.157933642999978 ], [ 114.407274585000096, -7.165271899999937 ], [ 114.387567889000024, -7.181464131999974 ], [ 114.312500000000114, -7.159445 ], [ 114.276459, -7.110736 ], [ 114.270843509000088, -7.093986103999953 ], [ 114.28819691800004, -7.070101073999979 ], [ 114.304022713000109, -7.059543405999932 ], [ 114.334218073000102, -7.056323994999957 ] ] ], [ [ [ 114.793422, -7.104392 ], [ 114.795107382000083, -7.107841246999953 ], [ 114.793458416000021, -7.107520019999981 ], [ 114.793422, -7.104392 ] ] ], [ [ [ 114.702224414000057, -7.105021854999961 ], [ 114.696456601000023, -7.10545015799994 ], [ 114.699825918000101, -7.10295886199998 ], [ 114.702224414000057, -7.105021854999961 ] ] ], [ [ [ 114.684901938000053, -7.092170028999931 ], [ 114.682907950000072, -7.099260822999952 ], [ 114.677784970000062, -7.098216714999978 ], [ 114.676285910000047, -7.097331555999972 ], [ 114.684901938000053, -7.092170028999931 ] ] ], [ [ [ 115.193440259000113, -7.091783057999976 ], [ 115.193248184000026, -7.086317410999925 ], [ 115.198334175000014, -7.082758872999932 ], [ 115.200819184000011, -7.087728410999944 ], [ 115.193440259000113, -7.091783057999976 ] ] ], [ [ [ 113.953102001000047, -7.057228 ], [ 113.978489001000071, -7.072502998999937 ], [ 114.048967500000117, -7.074399855999957 ], [ 114.064720833000024, -7.110339855999939 ], [ 113.986810000000105, -7.10625499899993 ], [ 113.941555002000086, -7.089633998999943 ], [ 113.936471, -7.068142998999974 ], [ 113.953102001000047, -7.057228 ] ] ], [ [ [ 114.647373872000117, -7.085891106999952 ], [ 114.643697605000057, -7.08045403899996 ], [ 114.646077066000089, -7.073262117999946 ], [ 114.650960910000094, -7.079573637999943 ], [ 114.647373872000117, -7.085891106999952 ] ] ], [ [ [ 114.579122565000034, -7.074117201999968 ], [ 114.571296993000033, -7.075902987999939 ], [ 114.578803717000028, -7.071229725999956 ], [ 114.579122565000034, -7.074117201999968 ] ] ], [ [ [ 113.910313586000029, -6.863530712999932 ], [ 113.967286525000077, -6.873092791999966 ], [ 114.091599307000024, -6.929333137999947 ], [ 114.106111640000108, -6.941011531999948 ], [ 114.124637233000044, -6.977486041999953 ], [ 114.092971066000018, -6.979962118999936 ], [ 114.043103512000016, -7.00777206999993 ], [ 113.988952514000061, -7.008282515999952 ], [ 113.961714745000108, -7.040687103999971 ], [ 113.946980593000035, -7.041992085999937 ], [ 113.950369480000063, -7.034702154999934 ], [ 113.93882636100011, -7.035350107999932 ], [ 113.939658290000011, -7.023172121999949 ], [ 113.923600583000052, -7.018168206999974 ], [ 113.920161537000013, -7.030348679999975 ], [ 113.945122008000112, -7.043063396999969 ], [ 113.947908640000037, -7.052178101999971 ], [ 113.941099355, -7.057287821999978 ], [ 113.915648856000075, -7.043147228999942 ], [ 113.878338076000091, -7.07677122399997 ], [ 113.868768305000117, -7.096166057999937 ], [ 113.888086906000012, -7.104531072999976 ], [ 113.891854298000112, -7.13282698699993 ], [ 113.815968161000114, -7.133107701999961 ], [ 113.683360017000041, -7.108564598999976 ], [ 113.653820177000057, -7.127686110999946 ], [ 113.602015850000043, -7.128452256999935 ], [ 113.611458784000092, -7.105555489999972 ], [ 113.622703893000107, -7.104019887999925 ], [ 113.62132159600003, -7.085156477999931 ], [ 113.591153687000087, -7.061166713999967 ], [ 113.604907721000018, -7.042546125999934 ], [ 113.582056285000021, -7.043548280999971 ], [ 113.576244064000093, -7.031355250999979 ], [ 113.592262411000092, -7.009444778999978 ], [ 113.619009847000029, -7.009492793999925 ], [ 113.609195492000026, -7.000419187999967 ], [ 113.608419672000082, -6.973749151999925 ], [ 113.626495071000022, -6.964836244999958 ], [ 113.625365876000046, -6.948462121999967 ], [ 113.64971734400001, -6.919648374999952 ], [ 113.635607349000111, -6.917171005999933 ], [ 113.642532605000042, -6.887582022999936 ], [ 113.795731057000012, -6.88585859899996 ], [ 113.910313586000029, -6.863530712999932 ] ] ], [ [ [ 114.494739, -6.994425 ], [ 114.485143000000107, -6.999777 ], [ 114.492282, -6.985604 ], [ 114.494739, -6.994425 ] ] ], [ [ [ 114.18460136300007, -6.969466998999962 ], [ 114.182435577000092, -7.002581223999925 ], [ 114.162061918000063, -6.999899114999948 ], [ 114.170663670000067, -6.966879334999931 ], [ 114.18460136300007, -6.969466998999962 ] ] ], [ [ [ 114.432477, -6.962601 ], [ 114.436768, -6.968541 ], [ 114.432032, -6.980709 ], [ 114.42844, -6.969927 ], [ 114.432477, -6.962601 ] ] ], [ [ [ 114.409769238000081, -5.532805491999966 ], [ 114.419708649000086, -5.552317884999979 ], [ 114.421742923000011, -5.545951340999977 ], [ 114.42925743, -5.552293641999938 ], [ 114.431277725000086, -5.545914611999933 ], [ 114.451823765000086, -5.546995951999975 ], [ 114.454845101000046, -5.565246530999957 ], [ 114.434835457000077, -5.588044800999967 ], [ 114.422318664000045, -5.590030995999939 ], [ 114.417216845000098, -5.574139166999942 ], [ 114.394539449000035, -5.567969760999972 ], [ 114.393870154000069, -5.542520484999955 ], [ 114.409769238000081, -5.532805491999966 ] ] ], [ [ [ 114.41957, -5.428248 ], [ 114.437782, -5.445792 ], [ 114.437370000000101, -5.458452 ], [ 114.425277, -5.460573 ], [ 114.414253, -5.450147 ], [ 114.40953, -5.439787 ], [ 114.41957, -5.428248 ] ] ], [ [ [ 114.595624509000118, -5.102452071999949 ], [ 114.594095705000086, -5.104010618999951 ], [ 114.593270192000091, -5.102765332999979 ], [ 114.595624509000118, -5.102452071999949 ] ] ], [ [ [ 114.60947055400004, -5.042965328999969 ], [ 114.612069638000094, -5.07414169499998 ], [ 114.604155077000087, -5.096932317999972 ], [ 114.595986713000116, -5.095890911999959 ], [ 114.589623283000037, -5.090684730999953 ], [ 114.588284218000013, -5.061155548999977 ], [ 114.60947055400004, -5.042965328999969 ] ] ], [ [ [ 115.501503, -7.014498 ], [ 115.502158, -7.013484 ], [ 115.502327, -7.014238 ], [ 115.501503, -7.014498 ] ] ], [ [ [ 115.462250154000117, -6.972041527999977 ], [ 115.476064723000036, -7.006020197999931 ], [ 115.436871769000049, -7.000428145999933 ], [ 115.42550872400011, -6.985034903999974 ], [ 115.430366023000033, -6.978692966999972 ], [ 115.451278082000044, -6.98296703699998 ], [ 115.451801587000091, -6.975561959999936 ], [ 115.457421933000091, -6.980990286999941 ], [ 115.462250154000117, -6.972041527999977 ] ] ], [ [ [ 115.292744938000055, -6.977760927999952 ], [ 115.292274931000065, -6.976139814999954 ], [ 115.295585797000058, -6.977196637999953 ], [ 115.292744938000055, -6.977760927999952 ] ] ], [ [ [ 115.252739311000028, -6.96851034499997 ], [ 115.261771850000059, -6.98507219399994 ], [ 115.244387578000101, -6.970560859999978 ], [ 115.252739311000028, -6.96851034499997 ] ] ], [ [ [ 115.417626147000078, -6.981877961999942 ], [ 115.409008724000046, -6.978278920999969 ], [ 115.415546928000026, -6.959920974999932 ], [ 115.417626147000078, -6.981877961999942 ] ] ], [ [ [ 115.324140086000057, -6.969927562999942 ], [ 115.323476913000036, -6.965428924999969 ], [ 115.325176013000032, -6.964200922999964 ], [ 115.324140086000057, -6.969927562999942 ] ] ], [ [ [ 115.261115754000116, -6.968094956999948 ], [ 115.249240786000087, -6.962003382999967 ], [ 115.2499329420001, -6.960141938999925 ], [ 115.261115754000116, -6.968094956999948 ] ] ], [ [ [ 115.498754592000068, -6.965967001999957 ], [ 115.49968036700011, -6.962557150999942 ], [ 115.501038074, -6.963964415999953 ], [ 115.498754592000068, -6.965967001999957 ] ] ], [ [ [ 115.308194118000074, -6.963715045999948 ], [ 115.30572375600002, -6.959451386999945 ], [ 115.309158201000059, -6.963544450999962 ], [ 115.308194118000074, -6.963715045999948 ] ] ], [ [ [ 115.437827157000015, -6.958863097999938 ], [ 115.43722828600005, -6.956747435999944 ], [ 115.437960478000036, -6.956798963999972 ], [ 115.437827157000015, -6.958863097999938 ] ] ], [ [ [ 115.500860579, -6.958324024999968 ], [ 115.498384255000019, -6.954195122999977 ], [ 115.502709906000064, -6.956543307999937 ], [ 115.500860579, -6.958324024999968 ] ] ], [ [ [ 115.501257278000026, -6.951009836999958 ], [ 115.501573789000076, -6.95124915599996 ], [ 115.501111644000048, -6.95128551199997 ], [ 115.501257278000026, -6.951009836999958 ] ] ], [ [ [ 115.500974896000116, -6.950752954999928 ], [ 115.501237918000015, -6.950916478999943 ], [ 115.500780726000016, -6.950989093999965 ], [ 115.500974896000116, -6.950752954999928 ] ] ], [ [ [ 115.500421999000082, -6.950555867999981 ], [ 115.500661852, -6.95079377899998 ], [ 115.500363050000033, -6.950777957999946 ], [ 115.500421999000082, -6.950555867999981 ] ] ], [ [ [ 115.416112619000046, -6.946630809999931 ], [ 115.417621016000112, -6.951395336999951 ], [ 115.416501578000066, -6.953630028999953 ], [ 115.413684648000071, -6.951530901999945 ], [ 115.416112619000046, -6.946630809999931 ] ] ], [ [ [ 115.485990646, -6.943956115999981 ], [ 115.492916507000018, -6.943471883999962 ], [ 115.498753366000074, -6.953091162999954 ], [ 115.485990646, -6.943956115999981 ] ] ], [ [ [ 115.461866637000071, -6.945856358999947 ], [ 115.458835359000091, -6.948677972999974 ], [ 115.457945208000069, -6.94735228899998 ], [ 115.461866637000071, -6.945856358999947 ] ] ], [ [ [ 115.434596830000032, -6.947279342999934 ], [ 115.432163201000094, -6.942754878999949 ], [ 115.4326980620001, -6.942206264999925 ], [ 115.434596830000032, -6.947279342999934 ] ] ], [ [ [ 115.363928887000043, -6.94532236799995 ], [ 115.364724072000058, -6.943868021999947 ], [ 115.365227505, -6.944791836999968 ], [ 115.363928887000043, -6.94532236799995 ] ] ], [ [ [ 115.473254872000098, -6.945229194999968 ], [ 115.477192044000049, -6.941236918999948 ], [ 115.481821855000021, -6.943040396999947 ], [ 115.473254872000098, -6.945229194999968 ] ] ], [ [ [ 115.387121222000019, -6.937382588999981 ], [ 115.384166290000053, -6.938956850999944 ], [ 115.385756768000078, -6.936656875999972 ], [ 115.387121222000019, -6.937382588999981 ] ] ], [ [ [ 115.359905737000076, -6.936644107999939 ], [ 115.358936492000112, -6.934690129999979 ], [ 115.360660599000084, -6.935804671999961 ], [ 115.359905737000076, -6.936644107999939 ] ] ], [ [ [ 115.440620771000113, -6.925581386999966 ], [ 115.435129591000077, -6.933245571999976 ], [ 115.437100794000116, -6.946246068999926 ], [ 115.431160649000049, -6.923411477999935 ], [ 115.440620771000113, -6.925581386999966 ] ] ], [ [ [ 115.384388303000037, -6.933426533999977 ], [ 115.383583869000063, -6.931859122999981 ], [ 115.384431039000106, -6.931786077999959 ], [ 115.384388303000037, -6.933426533999977 ] ] ], [ [ [ 115.372706038000047, -6.930692786999941 ], [ 115.371324672000014, -6.927745504999962 ], [ 115.374635095000031, -6.929750956999953 ], [ 115.372706038000047, -6.930692786999941 ] ] ], [ [ [ 115.405047995000018, -6.927414229999954 ], [ 115.40603847400007, -6.927517400999932 ], [ 115.405323003000035, -6.927885229999958 ], [ 115.405047995000018, -6.927414229999954 ] ] ], [ [ [ 115.207500282000069, -6.922408079999968 ], [ 115.207977897000092, -6.92171512699997 ], [ 115.208157843000095, -6.922388929999954 ], [ 115.207500282000069, -6.922408079999968 ] ] ], [ [ [ 115.246195140000054, -6.827046673999973 ], [ 115.392987494000067, -6.834549247999973 ], [ 115.436124324000048, -6.846461747999967 ], [ 115.556886802, -6.904197561999979 ], [ 115.575578555000106, -6.933531001999938 ], [ 115.553071526000053, -6.952017563999959 ], [ 115.548162456000114, -6.966060504999973 ], [ 115.519195387000082, -6.945173541999964 ], [ 115.497267125, -6.948651229999939 ], [ 115.493603774, -6.936003945999971 ], [ 115.485377006000022, -6.927448584999979 ], [ 115.484333853000066, -6.934014842999943 ], [ 115.476235473000088, -6.93096481799995 ], [ 115.475613481000096, -6.923125290999963 ], [ 115.453922523000074, -6.93153252299993 ], [ 115.461950799000078, -6.921766691999949 ], [ 115.449091579000083, -6.911041560999934 ], [ 115.445861985000079, -6.92470340999995 ], [ 115.421773662000078, -6.915671527999962 ], [ 115.424525114000062, -6.932191907999936 ], [ 115.409666903000016, -6.933421822999946 ], [ 115.416950807000035, -6.941957738999974 ], [ 115.412301667000065, -6.942512974999943 ], [ 115.40657171700002, -6.924149021999938 ], [ 115.397172539000053, -6.923764490999929 ], [ 115.39774968100005, -6.907301906999976 ], [ 115.389938487000109, -6.903740956999968 ], [ 115.381380649000107, -6.923400984999944 ], [ 115.378621130000056, -6.899413797999955 ], [ 115.372215051000012, -6.899426157999926 ], [ 115.364583103000086, -6.911656324999967 ], [ 115.368952137000065, -6.929192417999957 ], [ 115.35374055300008, -6.915822480999964 ], [ 115.35204925000005, -6.924599948999969 ], [ 115.333646852000015, -6.920067864999965 ], [ 115.338582911000117, -6.932089346999931 ], [ 115.330430974000024, -6.931036400999972 ], [ 115.338605664000056, -6.936725552999974 ], [ 115.336694190000117, -6.947663005999971 ], [ 115.350665576000097, -6.936512648999951 ], [ 115.363993225000058, -6.946875157999955 ], [ 115.361947703000055, -6.955234861999941 ], [ 115.370592602000102, -6.950533952999933 ], [ 115.384873901000105, -6.957781337999961 ], [ 115.390655800000104, -6.975927666999951 ], [ 115.374841691000029, -6.973353017999955 ], [ 115.386362269000074, -6.981392201999938 ], [ 115.396719370000028, -6.97871465999998 ], [ 115.403509099000075, -6.988787091999939 ], [ 115.333239012000035, -6.995667343999969 ], [ 115.314982801000042, -6.969718286999978 ], [ 115.323334285000101, -6.97234677199998 ], [ 115.325285078000093, -6.969692086999942 ], [ 115.325666629000011, -6.961705709999933 ], [ 115.302943268000035, -6.948157543999969 ], [ 115.2980945380001, -6.956141230999947 ], [ 115.309368784000071, -6.977668501999972 ], [ 115.285992812000018, -6.970067053999969 ], [ 115.300514595000095, -6.98835704499993 ], [ 115.292677556000058, -7.012662410999951 ], [ 115.264442992000113, -6.991210772999978 ], [ 115.262724171000059, -6.963578794999933 ], [ 115.255714003000094, -6.954711649999979 ], [ 115.273728872000106, -6.948838836999926 ], [ 115.269646, -6.935457499999927 ], [ 115.247286556000063, -6.948035063999953 ], [ 115.240081083000064, -6.93322004099997 ], [ 115.235701604000042, -6.944312078999928 ], [ 115.224296990000084, -6.934727001999931 ], [ 115.211275473000114, -6.942453344999933 ], [ 115.202693771000099, -6.936938237999925 ], [ 115.210181535000061, -6.92346600999997 ], [ 115.206010537000111, -6.918219490999945 ], [ 115.207286526000075, -6.927146778999941 ], [ 115.197547411000073, -6.921913406999977 ], [ 115.206570256000077, -6.889669022999954 ], [ 115.220077048, -6.882676713999956 ], [ 115.239473871000087, -6.885960015999956 ], [ 115.238355776000049, -6.872700266999971 ], [ 115.243659345000083, -6.876559699999973 ], [ 115.253052507, -6.862236241999938 ], [ 115.248389089000057, -6.844452941999975 ], [ 115.236230319000015, -6.838026701999979 ], [ 115.226889739000057, -6.843123244999958 ], [ 115.22735027300007, -6.837733955999965 ], [ 115.246195140000054, -6.827046673999973 ] ] ], [ [ [ 115.235814970000092, -6.874248232999946 ], [ 115.237456218000034, -6.873487954999973 ], [ 115.235929807000048, -6.874905091999949 ], [ 115.235814970000092, -6.874248232999946 ] ] ], [ [ [ 115.221141138, -6.843763747999958 ], [ 115.21840832700002, -6.839304549999952 ], [ 115.219431668000084, -6.839156362999972 ], [ 115.221141138, -6.843763747999958 ] ] ], [ [ [ 115.593696, -7.054715 ], [ 115.594433, -7.052741 ], [ 115.594833000000108, -7.052783 ], [ 115.593696, -7.054715 ] ] ], [ [ [ 115.663412430000108, -7.044769418999977 ], [ 115.6751796100001, -7.062051482999948 ], [ 115.667992960000106, -7.06651986299994 ], [ 115.653443891000052, -7.064316428999973 ], [ 115.648337613000081, -7.055047610999964 ], [ 115.649758882000015, -7.04446306799997 ], [ 115.663412430000108, -7.044769418999977 ] ] ], [ [ [ 115.599116, -7.050413 ], [ 115.596468, -7.05357 ], [ 115.59616, -7.051192 ], [ 115.599116, -7.050413 ] ] ], [ [ [ 115.631866, -7.033989 ], [ 115.635757, -7.061143 ], [ 115.621383, -7.064675 ], [ 115.613181, -7.05646 ], [ 115.618171, -7.047163 ], [ 115.602821, -7.052451 ], [ 115.600166, -7.043678 ], [ 115.595588, -7.040374 ], [ 115.627235, -7.04223 ], [ 115.631866, -7.033989 ] ] ], [ [ [ 115.59897, -7.048365 ], [ 115.600334, -7.047783 ], [ 115.599541, -7.048701 ], [ 115.59897, -7.048365 ] ] ], [ [ [ 115.533376, -7.034117 ], [ 115.533656, -7.033725 ], [ 115.53381, -7.034235 ], [ 115.533376, -7.034117 ] ] ], [ [ [ 115.698965147000081, -7.024582728999974 ], [ 115.690158133000068, -7.023445575999972 ], [ 115.694588241000019, -7.019777050999949 ], [ 115.698965147000081, -7.024582728999974 ] ] ], [ [ [ 115.55372100000011, -7.011948 ], [ 115.554952, -7.01837 ], [ 115.541465, -7.027878 ], [ 115.540494, -7.013815 ], [ 115.55372100000011, -7.011948 ] ] ], [ [ [ 115.692074920000096, -7.009364427999969 ], [ 115.690549070000088, -7.010418809999976 ], [ 115.690114359000063, -7.009367204999933 ], [ 115.692074920000096, -7.009364427999969 ] ] ], [ [ [ 115.542438, -7.008821 ], [ 115.540584083000113, -7.011057293999954 ], [ 115.539294415000086, -7.010514776999969 ], [ 115.542438, -7.008821 ] ] ], [ [ [ 115.661672837000083, -7.011017056999947 ], [ 115.661991668000041, -7.007150010999965 ], [ 115.663897071000065, -7.00928410399996 ], [ 115.661672837000083, -7.011017056999947 ] ] ], [ [ [ 115.545717208000042, -6.991228054999965 ], [ 115.536010759000078, -7.002495993999958 ], [ 115.54091720800011, -7.008730180999976 ], [ 115.536213, -7.007487 ], [ 115.533826, -7.033365 ], [ 115.504346, -7.014324 ], [ 115.54292367000005, -6.981545118999975 ], [ 115.545717208000042, -6.991228054999965 ] ] ], [ [ [ 115.598059, -7.004481 ], [ 115.594924000000105, -7.003858 ], [ 115.598623, -7.001754 ], [ 115.598059, -7.004481 ] ] ], [ [ [ 115.602224, -7.000583 ], [ 115.605307, -7.002457 ], [ 115.601678000000106, -7.001987 ], [ 115.602224, -7.000583 ] ] ], [ [ [ 115.588574969000092, -6.999959460999946 ], [ 115.587656072000073, -6.998485207999977 ], [ 115.588794076000113, -6.999161885999968 ], [ 115.588574969000092, -6.999959460999946 ] ] ], [ [ [ 115.601270579000015, -6.995523234999951 ], [ 115.601209447000087, -6.994495685999937 ], [ 115.601900063000016, -6.994768620999935 ], [ 115.601270579000015, -6.995523234999951 ] ] ], [ [ [ 115.586743573000035, -6.988025471999947 ], [ 115.585310754000034, -6.995490165999968 ], [ 115.577907299000117, -6.991534797999975 ], [ 115.578878683000084, -6.98574180199995 ], [ 115.586743573000035, -6.988025471999947 ] ] ], [ [ [ 115.591024412000024, -6.942136055999981 ], [ 115.673852545000045, -6.98926193799997 ], [ 115.68524792900007, -7.012822063999977 ], [ 115.648244906000059, -6.997355590999973 ], [ 115.631995693000022, -7.005511757999955 ], [ 115.60072040700004, -6.992617523999968 ], [ 115.589906715000097, -6.993085128999951 ], [ 115.592363566000017, -6.979164038999954 ], [ 115.572467872000061, -6.975368757999945 ], [ 115.565184639000108, -6.960258748999934 ], [ 115.570417132000102, -6.95574024299998 ], [ 115.576319670000089, -6.962043651999977 ], [ 115.576659822000011, -6.941681823999943 ], [ 115.591024412000024, -6.942136055999981 ] ] ], [ [ [ 115.553511099000048, -6.963755730999935 ], [ 115.555214452000087, -6.967817540999931 ], [ 115.552160894000053, -6.968220978999966 ], [ 115.553511099000048, -6.963755730999935 ] ] ], [ [ [ 115.524728724000056, -6.959383131999971 ], [ 115.525372489, -6.958363752999958 ], [ 115.525851178000039, -6.95929046699996 ], [ 115.524728724000056, -6.959383131999971 ] ] ], [ [ [ 115.506700232000071, -6.956878548999953 ], [ 115.504041075000032, -6.959205913999938 ], [ 115.503131056000029, -6.958088264999958 ], [ 115.506700232000071, -6.956878548999953 ] ] ], [ [ [ 115.525120886000082, -6.957192924999958 ], [ 115.518121839000059, -6.960112250999941 ], [ 115.523249632000102, -6.952968815999952 ], [ 115.525120886000082, -6.957192924999958 ] ] ], [ [ [ 115.503385570000091, -6.951078563999943 ], [ 115.504372466000063, -6.954053228999953 ], [ 115.501529890000029, -6.953861582999934 ], [ 115.503385570000091, -6.951078563999943 ] ] ], [ [ [ 115.507430673000044, -6.952363774999981 ], [ 115.506739358000118, -6.949212187999933 ], [ 115.508685043000014, -6.949283117999926 ], [ 115.507430673000044, -6.952363774999981 ] ] ], [ [ [ 115.516245864000098, -6.946277398999939 ], [ 115.518121532, -6.952648137999972 ], [ 115.508820445000083, -6.948275711999941 ], [ 115.516245864000098, -6.946277398999939 ] ] ], [ [ [ 115.636271535000105, -6.93738928099998 ], [ 115.636724195000056, -6.933394888999942 ], [ 115.637391080000043, -6.937009965999948 ], [ 115.636271535000105, -6.93738928099998 ] ] ], [ [ [ 115.654948000000104, -6.719759 ], [ 115.656293, -6.71864 ], [ 115.655474, -6.721574 ], [ 115.654948000000104, -6.719759 ] ] ], [ [ [ 115.635294, -6.674254 ], [ 115.635302, -6.671164 ], [ 115.636405, -6.670304 ], [ 115.635294, -6.674254 ] ] ], [ [ [ 115.512447, -6.60682 ], [ 115.513345, -6.606568 ], [ 115.512716, -6.608384 ], [ 115.512447, -6.60682 ] ] ], [ [ [ 115.545162, -6.562673 ], [ 115.544558, -6.561441 ], [ 115.546114000000102, -6.561469 ], [ 115.545162, -6.562673 ] ] ], [ [ [ 115.870030438000072, -7.15725189799997 ], [ 115.869654341000114, -7.155125581999926 ], [ 115.870015099000057, -7.154958507999936 ], [ 115.870030438000072, -7.15725189799997 ] ] ], [ [ [ 115.906785613000011, -7.10259762499993 ], [ 115.897767949000013, -7.18049876799995 ], [ 115.879649162000078, -7.202077039999949 ], [ 115.828047763000086, -7.205998281999939 ], [ 115.757005043000049, -7.173223827999948 ], [ 115.741436834000069, -7.154039342999965 ], [ 115.762926301000107, -7.129394636999962 ], [ 115.775376599000083, -7.150020637999944 ], [ 115.771445707000112, -7.136713192999935 ], [ 115.782838691000052, -7.10950709399998 ], [ 115.796970773000112, -7.121039586999927 ], [ 115.793568888000095, -7.138841716999934 ], [ 115.808922115000087, -7.153888794999943 ], [ 115.835546607000083, -7.148936870999933 ], [ 115.843180595000035, -7.162698821999925 ], [ 115.869027458, -7.163223108999944 ], [ 115.872279598000091, -7.156680239999957 ], [ 115.885199356000044, -7.164477579999925 ], [ 115.892422899000053, -7.14991544999998 ], [ 115.887628151000058, -7.14688700399995 ], [ 115.879910189000043, -7.159863338999969 ], [ 115.870477426000093, -7.131729710999934 ], [ 115.888117702000045, -7.120292334999931 ], [ 115.892144567000059, -7.138403102999973 ], [ 115.899118519000012, -7.116339260999951 ], [ 115.891302593000091, -7.110040982999976 ], [ 115.906785613000011, -7.10259762499993 ] ] ], [ [ [ 115.839726508000012, -7.152061096999944 ], [ 115.841030560000036, -7.150881075999962 ], [ 115.841884965000077, -7.151916006999954 ], [ 115.839726508000012, -7.152061096999944 ] ] ], [ [ [ 115.859829164000075, -7.152214889999925 ], [ 115.856941714000072, -7.145021414999974 ], [ 115.864590884000108, -7.148142418999953 ], [ 115.859829164000075, -7.152214889999925 ] ] ], [ [ [ 115.850751623000065, -7.142092207999951 ], [ 115.853827411000111, -7.147360014999947 ], [ 115.851343227000029, -7.147680523999952 ], [ 115.850751623000065, -7.142092207999951 ] ] ], [ [ [ 115.840453810000099, -7.142795537999973 ], [ 115.843383040000049, -7.144064988999958 ], [ 115.84170412200001, -7.145926736999968 ], [ 115.840453810000099, -7.142795537999973 ] ] ], [ [ [ 115.841515330000107, -7.140204192999931 ], [ 115.834963445000085, -7.138183889999937 ], [ 115.839751514000113, -7.135638169999936 ], [ 115.841515330000107, -7.140204192999931 ] ] ], [ [ [ 115.76274933500008, -7.12148534499994 ], [ 115.769971446000113, -7.129591163999976 ], [ 115.760424467, -7.129230568999958 ], [ 115.76274933500008, -7.12148534499994 ] ] ], [ [ [ 115.767337331000022, -7.120039321999968 ], [ 115.767975324000076, -7.119836774999953 ], [ 115.76786126200011, -7.120209295999928 ], [ 115.767337331000022, -7.120039321999968 ] ] ], [ [ [ 115.758445430000052, -7.114161683999953 ], [ 115.75970316400003, -7.118710836999981 ], [ 115.756040343000109, -7.115396387999965 ], [ 115.758445430000052, -7.114161683999953 ] ] ], [ [ [ 115.757270598000105, -7.112176546999933 ], [ 115.770439133000082, -7.109656048999966 ], [ 115.770258407000028, -7.115471783999965 ], [ 115.757270598000105, -7.112176546999933 ] ] ], [ [ [ 115.757949692000011, -7.102714097999979 ], [ 115.758895363000079, -7.103222949999974 ], [ 115.758187891000034, -7.104014526999947 ], [ 115.757949692000011, -7.102714097999979 ] ] ], [ [ [ 115.765215626000099, -7.088110706999942 ], [ 115.763981553, -7.097435594999979 ], [ 115.757429924, -7.098556378999945 ], [ 115.755049303000078, -7.107905489999951 ], [ 115.748537112, -7.100943835999942 ], [ 115.754722614000116, -7.086809651999943 ], [ 115.765215626000099, -7.088110706999942 ] ] ], [ [ [ 115.686220148000075, -7.05627696199997 ], [ 115.711176795000029, -7.060232435999978 ], [ 115.709011198000098, -7.072425581999937 ], [ 115.685181575000115, -7.065765438999961 ], [ 115.686220148000075, -7.05627696199997 ] ] ], [ [ [ 115.801017702000081, -7.059774798999968 ], [ 115.802766577000057, -7.054371174999972 ], [ 115.804263877000039, -7.051566973999968 ], [ 115.801017702000081, -7.059774798999968 ] ] ], [ [ [ 115.813305908000075, -7.038793892999934 ], [ 115.812574497000014, -7.032782082999972 ], [ 115.816565013000059, -7.032417776999978 ], [ 115.813305908000075, -7.038793892999934 ] ] ], [ [ [ 115.704635015, -7.009802012999955 ], [ 115.705073424000034, -7.002573483999981 ], [ 115.70881639400011, -7.000663060999955 ], [ 115.711862429, -7.004864147999967 ], [ 115.704635015, -7.009802012999955 ] ] ], [ [ [ 115.757860232000098, -6.966064636999931 ], [ 115.757980973000031, -6.976059520999968 ], [ 115.748007528000016, -6.971131915999933 ], [ 115.757860232000098, -6.966064636999931 ] ] ], [ [ [ 115.707034382000074, -6.967032175999975 ], [ 115.70910699500007, -6.963020143999927 ], [ 115.709901864000017, -6.962126530999967 ], [ 115.709251922000021, -6.965262743999972 ], [ 115.707034382000074, -6.967032175999975 ] ] ], [ [ [ 115.900991, -6.95191 ], [ 115.931295, -6.954872 ], [ 115.935397, -6.961338 ], [ 115.90149, -6.960189 ], [ 115.900991, -6.95191 ] ] ], [ [ [ 115.7909201330001, -6.936653342999932 ], [ 115.795705244000033, -6.954839995999976 ], [ 115.778587501000061, -6.962582997999959 ], [ 115.788629439000033, -6.937173040999937 ], [ 115.7909201330001, -6.936653342999932 ] ] ], [ [ [ 115.876951, -6.940442 ], [ 115.883985, -6.95069 ], [ 115.868595, -6.961407 ], [ 115.867632, -6.951103 ], [ 115.876951, -6.940442 ] ] ], [ [ [ 115.871151, -6.94021 ], [ 115.87134, -6.939956 ], [ 115.871392, -6.940164 ], [ 115.871151, -6.94021 ] ] ], [ [ [ 116.252225211000109, -6.928518381999936 ], [ 116.266286, -6.934645 ], [ 116.270003, -6.939013 ], [ 116.263724, -6.946035 ], [ 116.235511, -6.946005 ], [ 116.236814, -6.937578 ], [ 116.253409, -6.930344 ], [ 116.265116, -6.934887 ], [ 116.252225211000109, -6.928518381999936 ] ] ], [ [ [ 115.749261513000079, -6.933321089999936 ], [ 115.7481097860001, -6.932015120999949 ], [ 115.748523734000059, -6.928414973999963 ], [ 115.749261513000079, -6.933321089999936 ] ] ], [ [ [ 115.798565, -6.796736 ], [ 115.798665, -6.796457 ], [ 115.798822, -6.796725 ], [ 115.798565, -6.796736 ] ] ], [ [ [ 115.798861000000102, -6.794684 ], [ 115.799113, -6.794366 ], [ 115.799169, -6.794639 ], [ 115.798861000000102, -6.794684 ] ] ], [ [ [ 115.736739, -6.655206 ], [ 115.737286, -6.65283 ], [ 115.73686, -6.655458 ], [ 115.736739, -6.655206 ] ] ], [ [ [ 115.713255000000117, -6.633497 ], [ 115.715575, -6.631464 ], [ 115.712957, -6.63485 ], [ 115.713255000000117, -6.633497 ] ] ], [ [ [ 115.749114217000056, -6.486611065999966 ], [ 115.748371826000039, -6.48301332099993 ], [ 115.750865501000021, -6.485668798999939 ], [ 115.749114217000056, -6.486611065999966 ] ] ] ] } },
{ "type": "Feature", "properties": { "kemendagri_kab_code": 3571, "kemendagri_kab_name": "Kota Kediri", "kemendagri_prov_code": 35, "kemendagri_prov_name": "Jawa Timur" }, "geometry": { "type": "Polygon", "coordinates": [ [ [ 112.009479728000088, -7.771883425999931 ], [ 112.002343913, -7.788401461999968 ], [ 112.031295897000064, -7.800290079999968 ], [ 112.029291116000081, -7.809594319999974 ], [ 112.037694587000033, -7.810563211999977 ], [ 112.033275804000027, -7.818833995999967 ], [ 112.055874356000118, -7.834365477999938 ], [ 112.076946869000039, -7.832185553999977 ], [ 112.081941037000092, -7.844802027999947 ], [ 112.077546546, -7.849607626999955 ], [ 112.069273474000056, -7.84395911799993 ], [ 112.065778718000047, -7.854584244999955 ], [ 112.074284159000058, -7.875803323999946 ], [ 112.057810730000028, -7.864317031999974 ], [ 112.048275803000024, -7.872808248999945 ], [ 112.030627991000074, -7.867405146999943 ], [ 111.998249196000074, -7.851597459999937 ], [ 112.008046120000017, -7.840367432999926 ], [ 111.987005664000037, -7.839577816999963 ], [ 111.98392670000004, -7.82624888099997 ], [ 111.958089245000053, -7.822861516999978 ], [ 111.955478873000061, -7.806320311999968 ], [ 111.981298721000087, -7.79377988899995 ], [ 111.983198146000063, -7.782128521999937 ], [ 111.992660226000055, -7.78405704599993 ], [ 111.998645559000067, -7.77143727999993 ], [ 112.009479728000088, -7.771883425999931 ] ] ] } },
{ "type": "Feature", "properties": { "kemendagri_kab_code": 3572, "kemendagri_kab_name": "Kota Blitar", "kemendagri_prov_code": 35, "kemendagri_prov_name": "Jawa Timur" }, "geometry": { "type": "Polygon", "coordinates": [ [ [ 112.186407983000095, -8.056411195999942 ], [ 112.187289271000054, -8.065452725999933 ], [ 112.198500112000033, -8.065368755999941 ], [ 112.19085045700001, -8.085328343999947 ], [ 112.200513504000014, -8.092817638999975 ], [ 112.170787173, -8.118809723999959 ], [ 112.167662584000027, -8.131373786999973 ], [ 112.156447466000031, -8.13486841799994 ], [ 112.15960679300008, -8.12664093099994 ], [ 112.148980354000059, -8.127566248999926 ], [ 112.142224048000116, -8.117784797999946 ], [ 112.147555232000059, -8.109471146999965 ], [ 112.135943192000013, -8.109040270999969 ], [ 112.141598490000092, -8.099935674999927 ], [ 112.133495351000079, -8.083633806999956 ], [ 112.144267975000048, -8.076675424999962 ], [ 112.16132153500007, -8.084917698999959 ], [ 112.172130880000054, -8.058188289999975 ], [ 112.186407983000095, -8.056411195999942 ] ] ] } },
{ "type": "Feature", "properties": { "kemendagri_kab_code": 3573, "kemendagri_kab_name": "Kota Malang", "kemendagri_prov_code": 35, "kemendagri_prov_name": "Jawa Timur" }, "geometry": { "type": "Polygon", "coordinates": [ [ [ 112.634242561000065, -7.914992483999981 ], [ 112.639981604000013, -7.921569009999928 ], [ 112.64600818100007, -7.914013288999968 ], [ 112.662881512000013, -7.926907208999978 ], [ 112.668890336000118, -7.946242576999964 ], [ 112.657413302, -7.965173752999931 ], [ 112.693770603000075, -7.981695412999954 ], [ 112.683154597000112, -8.005459893999955 ], [ 112.672079982000014, -8.009000230999959 ], [ 112.673147543000027, -8.031368028999964 ], [ 112.645840244000055, -8.051574676999962 ], [ 112.631687985000099, -8.045990239999981 ], [ 112.630872905000047, -8.034963950999952 ], [ 112.613714342000094, -8.021111507999933 ], [ 112.618657623000104, -8.01099039199994 ], [ 112.606481146000078, -8.013450678999959 ], [ 112.597359775000086, -8.005967029999965 ], [ 112.6014000240001, -7.995511092999948 ], [ 112.576467767000054, -7.983746427999961 ], [ 112.596868239000059, -7.983788334999929 ], [ 112.591110836000098, -7.974061587999927 ], [ 112.603327843000102, -7.970534685999951 ], [ 112.59900024, -7.958544597999946 ], [ 112.568947246000107, -7.938946057999942 ], [ 112.598203590000026, -7.937253351999971 ], [ 112.600044218000107, -7.926258119999943 ], [ 112.592057150000073, -7.917497864999973 ], [ 112.612544935000074, -7.925253463999979 ], [ 112.610149882000087, -7.917688409999926 ], [ 112.634242561000065, -7.914992483999981 ] ] ] } },
{ "type": "Feature", "properties": { "kemendagri_kab_code": 3574, "kemendagri_kab_name": "Kota Probolinggo", "kemendagri_prov_code": 35, "kemendagri_prov_name": "Jawa Timur" }, "geometry": { "type": "Polygon", "coordinates": [ [ [ 113.236465029000101, -7.739303125999982 ], [ 113.233998632000066, -7.780489824999961 ], [ 113.242498174000048, -7.794546984999954 ], [ 113.235818767000069, -7.797582816999977 ], [ 113.237074614000107, -7.80823518699998 ], [ 113.226202846000092, -7.801435086999959 ], [ 113.217105172000061, -7.820161919999975 ], [ 113.204077839000092, -7.812711658999945 ], [ 113.207888951000086, -7.804303618999938 ], [ 113.200270356000033, -7.812548682999932 ], [ 113.17858875200011, -7.810146562999932 ], [ 113.18307216200003, -7.79066546599995 ], [ 113.163967336000042, -7.779251550999959 ], [ 113.169898992000071, -7.754432769999937 ], [ 113.180500804000076, -7.743755032999957 ], [ 113.210480400000051, -7.738239971999974 ], [ 113.215351350000105, -7.722401711999964 ], [ 113.216288221000013, -7.736428070999978 ], [ 113.216850873000112, -7.736476574999926 ], [ 113.217742078000015, -7.724692336999965 ], [ 113.218180142000051, -7.722506746999954 ], [ 113.227958414000113, -7.724685921999935 ], [ 113.225639258000115, -7.732738089999941 ], [ 113.228928971000073, -7.725031133999948 ], [ 113.229060173000107, -7.725072072999978 ], [ 113.225116279000076, -7.737958171999935 ], [ 113.236465029000101, -7.739303125999982 ] ] ] } },
{ "type": "Feature", "properties": { "kemendagri_kab_code": 3575, "kemendagri_kab_name": "Kota Pasuruan", "kemendagri_prov_code": 35, "kemendagri_prov_name": "Jawa Timur" }, "geometry": { "type": "Polygon", "coordinates": [ [ [ 112.95314206, -7.621795381999959 ], [ 112.943013757000017, -7.65556860099997 ], [ 112.922561941000026, -7.675762963999944 ], [ 112.897751116000109, -7.685848790999955 ], [ 112.893675298000062, -7.675508212999944 ], [ 112.881125559000111, -7.671858089999944 ], [ 112.886983158000021, -7.660079706999966 ], [ 112.878339747000041, -7.655258226999933 ], [ 112.872179693000021, -7.662551801999939 ], [ 112.874666152000032, -7.62679443199994 ], [ 112.935069390000081, -7.631788202999928 ], [ 112.945742529000086, -7.616754541999967 ], [ 112.95314206, -7.621795381999959 ] ] ] } },
{ "type": "Feature", "properties": { "kemendagri_kab_code": 3576, "kemendagri_kab_name": "Kota Mojokerto", "kemendagri_prov_code": 35, "kemendagri_prov_name": "Jawa Timur" }, "geometry": { "type": "Polygon", "coordinates": [ [ [ 112.457512922000092, -7.456762912999977 ], [ 112.467105083000092, -7.453243664999945 ], [ 112.468479984000055, -7.460697938999942 ], [ 112.449775642000077, -7.493439551999927 ], [ 112.443756374000031, -7.481857956999932 ], [ 112.435289663000049, -7.487542366999946 ], [ 112.428652200000101, -7.480460292999965 ], [ 112.422113606000039, -7.494052131999979 ], [ 112.407655937000072, -7.491642276999926 ], [ 112.415814031000082, -7.457281526999964 ], [ 112.433934777000104, -7.459830504999957 ], [ 112.455085469000096, -7.447384434999947 ], [ 112.457512922000092, -7.456762912999977 ] ] ] } },
{ "type": "Feature", "properties": { "kemendagri_kab_code": 3577, "kemendagri_kab_name": "Kota Madiun", "kemendagri_prov_code": 35, "kemendagri_prov_name": "Jawa Timur" }, "geometry": { "type": "MultiPolygon", "coordinates": [ [ [ [ 111.507080621000057, -7.677644614999963 ], [ 111.508736990000045, -7.680507226999964 ], [ 111.506599637000079, -7.679843658999971 ], [ 111.507080621000057, -7.677644614999963 ] ] ], [ [ [ 111.513651247000041, -7.675923615999977 ], [ 111.503932553000084, -7.672919644999979 ], [ 111.511791626000047, -7.661569418999932 ], [ 111.513651247000041, -7.675923615999977 ] ] ], [ [ [ 111.498731789000033, -7.647467275999929 ], [ 111.504932341000085, -7.646172087999958 ], [ 111.504960879000066, -7.649340495999979 ], [ 111.498731789000033, -7.647467275999929 ] ] ], [ [ [ 111.552057371000046, -7.595298688999947 ], [ 111.559014494000053, -7.60507201799993 ], [ 111.548625571000059, -7.625973172999977 ], [ 111.551245614000038, -7.642343665999931 ], [ 111.538934673000085, -7.648635740999964 ], [ 111.544235969000056, -7.659069116999945 ], [ 111.512724327000058, -7.661321722999958 ], [ 111.510612129000037, -7.634107048999965 ], [ 111.496861141000068, -7.645098490999942 ], [ 111.500165010000046, -7.608375378999938 ], [ 111.511983693000047, -7.608211826999934 ], [ 111.520403827000052, -7.59714510799995 ], [ 111.533157968000069, -7.602668512999969 ], [ 111.552057371000046, -7.595298688999947 ] ] ] ] } },
{ "type": "Feature", "properties": { "kemendagri_kab_code": 3578, "kemendagri_kab_name": "Kota Surabaya", "kemendagri_prov_code": 35, "kemendagri_prov_name": "Jawa Timur" }, "geometry": { "type": "Polygon", "coordinates": [ [ [ 112.845395996000093, -7.308109270999978 ], [ 112.82787802900009, -7.342839732999948 ], [ 112.812524402, -7.346391208999933 ], [ 112.755411852000066, -7.336743236999951 ], [ 112.725802925000039, -7.34833580399993 ], [ 112.704276744000026, -7.336509805999981 ], [ 112.66458577100002, -7.351435510999977 ], [ 112.657755391000023, -7.330504747999953 ], [ 112.648186352000039, -7.333467902999928 ], [ 112.649237196000058, -7.314558527999964 ], [ 112.6300809170001, -7.314613941999937 ], [ 112.621749867000062, -7.282713580999939 ], [ 112.632884844000046, -7.26354035199995 ], [ 112.604130323000049, -7.249565666999956 ], [ 112.607193850000044, -7.237234916999967 ], [ 112.590438960000029, -7.214040194999939 ], [ 112.599219973000118, -7.223307082999952 ], [ 112.59744678900006, -7.203955544999928 ], [ 112.610341883000046, -7.207990912999946 ], [ 112.613540867000097, -7.200849313999981 ], [ 112.615267305000089, -7.207732595999971 ], [ 112.62027669400004, -7.201715448999948 ], [ 112.620972178000102, -7.208653853999976 ], [ 112.62515034, -7.197329760999935 ], [ 112.640060959000039, -7.19245069599998 ], [ 112.663213497000015, -7.193248417999939 ], [ 112.66228697400004, -7.210135283999932 ], [ 112.677457853000078, -7.19039173699997 ], [ 112.681430345000081, -7.19842039599996 ], [ 112.662000614000021, -7.211096878999967 ], [ 112.668071089000023, -7.219873306999943 ], [ 112.707547261000059, -7.225323037999942 ], [ 112.712951790000034, -7.207498891999933 ], [ 112.722202955000057, -7.211224892999951 ], [ 112.717658270000015, -7.199041032999958 ], [ 112.726249940000116, -7.209578047999969 ], [ 112.731976093000071, -7.199719125999934 ], [ 112.72361916400007, -7.198032978999947 ], [ 112.734272314, -7.196298971999965 ], [ 112.73721054900011, -7.209259005999968 ], [ 112.735732250000069, -7.195963297999981 ], [ 112.738312753000059, -7.203675921999945 ], [ 112.744651923000106, -7.202001088999964 ], [ 112.739443947000041, -7.195016206999981 ], [ 112.764927514000078, -7.196238336999954 ], [ 112.781892481000114, -7.210635747999959 ], [ 112.804025756000101, -7.25146512699996 ], [ 112.816104773, -7.249342390999971 ], [ 112.833562554000082, -7.259499067999968 ], [ 112.843122636000089, -7.276957529999947 ], [ 112.845395996000093, -7.308109270999978 ] ] ] } },
{ "type": "Feature", "properties": { "kemendagri_kab_code": 3579, "kemendagri_kab_name": "Kota Batu", "kemendagri_prov_code": 35, "kemendagri_prov_name": "Jawa Timur" }, "geometry": { "type": "Polygon", "coordinates": [ [ [ 112.589773292000018, -7.764957739999943 ], [ 112.571636235000028, -7.817303438999943 ], [ 112.564347830000088, -7.879483840999967 ], [ 112.572465679000061, -7.889179188999947 ], [ 112.583341244000053, -7.888466394999966 ], [ 112.595047114000067, -7.905952119999938 ], [ 112.582474397000055, -7.909320397999977 ], [ 112.580174488000011, -7.917515298999945 ], [ 112.567105468000022, -7.912906503999977 ], [ 112.541385405000028, -7.926311923999947 ], [ 112.484449169000072, -7.931238696999969 ], [ 112.474627473000055, -7.939368583999965 ], [ 112.484050460000049, -7.924184310999976 ], [ 112.477340061000064, -7.892018778999955 ], [ 112.487778286000093, -7.877586021999946 ], [ 112.499612857000102, -7.815657285999976 ], [ 112.490410435000058, -7.764059896999981 ], [ 112.52790669400008, -7.735067604999927 ], [ 112.574837889000037, -7.732578659999945 ], [ 112.589773292000018, -7.764957739999943 ] ] ] } }
]
}
