{
"type": "FeatureCollection",
"name": "52",
"crs": { "type": "name", "properties": { "name": "urn:ogc:def:crs:OGC:1.3:CRS84" } },
"features": [
{ "type": "Feature", "properties": { "kemendagri_kab_code": 5201, "kemendagri_kab_name": "Kabupaten Lombok Barat", "kemendagri_prov_code": 52, "kemendagri_prov_name": "Nusa Tenggara Barat" }, "geometry": { "type": "MultiPolygon", "coordinates": [ [ [ [ 115.919113970000012, -8.845176002999949 ], [ 115.919645972000012, -8.844904023999959 ], [ 115.919184033000079, -8.845420965999949 ], [ 115.919113970000012, -8.845176002999949 ] ] ], [ [ [ 115.912942970000017, -8.844636978999972 ], [ 115.913391002000026, -8.844926981999947 ], [ 115.912731999000016, -8.845194966999941 ], [ 115.912942970000017, -8.844636978999972 ] ] ], [ [ [ 115.912703969000063, -8.84353002499995 ], [ 115.912834017000023, -8.843822993999936 ], [ 115.912660981000045, -8.843819958999973 ], [ 115.912703969000063, -8.84353002499995 ] ] ], [ [ [ 115.913272014000086, -8.842241954999963 ], [ 115.913837038000111, -8.842290972999933 ], [ 115.913164001000041, -8.842642011999942 ], [ 115.913272014000086, -8.842241954999963 ] ] ], [ [ [ 115.911334990000114, -8.840846974999977 ], [ 115.910914990000038, -8.840945033999958 ], [ 115.91137496500005, -8.84071499199996 ], [ 115.911334990000114, -8.840846974999977 ] ] ], [ [ [ 115.905455994000022, -8.836741987999972 ], [ 115.905770036000035, -8.83664896099998 ], [ 115.905740015000106, -8.836913977999927 ], [ 115.905455994000022, -8.836741987999972 ] ] ], [ [ [ 115.902887032000081, -8.834016984999948 ], [ 115.903274015000079, -8.83377399099993 ], [ 115.90333003, -8.833847029999959 ], [ 115.902887032000081, -8.834016984999948 ] ] ], [ [ [ 115.901877007000053, -8.833528035999962 ], [ 115.902750974000014, -8.833503015999952 ], [ 115.901553033000027, -8.833810997999933 ], [ 115.901877007000053, -8.833528035999962 ] ] ], [ [ [ 115.892882016000044, -8.832082044999936 ], [ 115.893196024000076, -8.832276010999976 ], [ 115.892737967000016, -8.832215978999955 ], [ 115.892882016000044, -8.832082044999936 ] ] ], [ [ [ 115.878599711000106, -8.829895002999933 ], [ 115.877996518000032, -8.829634451999937 ], [ 115.878596142000106, -8.82956663799996 ], [ 115.878599711000106, -8.829895002999933 ] ] ], [ [ [ 115.871231993000038, -8.827106008999976 ], [ 115.870612978000054, -8.828749002999928 ], [ 115.869490025000118, -8.827156010999943 ], [ 115.871231993000038, -8.827106008999976 ] ] ], [ [ [ 115.87349396500008, -8.826587032999953 ], [ 115.873110030000021, -8.82698398499997 ], [ 115.873207030000117, -8.826494036999975 ], [ 115.87349396500008, -8.826587032999953 ] ] ], [ [ [ 115.885535015000073, -8.826091957999949 ], [ 115.88565497500008, -8.826289965999933 ], [ 115.885431976000064, -8.826300967999941 ], [ 115.885535015000073, -8.826091957999949 ] ] ], [ [ [ 115.872031976000017, -8.825515003999953 ], [ 115.872349017000033, -8.825691996999979 ], [ 115.87223598300011, -8.825733971999966 ], [ 115.872031976000017, -8.825515003999953 ] ] ], [ [ [ 115.844248990000096, -8.824479955999948 ], [ 115.844906998000056, -8.824338037999951 ], [ 115.844477007000023, -8.824758955999926 ], [ 115.844248990000096, -8.824479955999948 ] ] ], [ [ [ 115.863270007000096, -8.823727988999963 ], [ 115.863129971000035, -8.824141037999937 ], [ 115.862985016000039, -8.824054974999967 ], [ 115.863270007000096, -8.823727988999963 ] ] ], [ [ [ 115.862248020000038, -8.823208977999968 ], [ 115.862196021000045, -8.823591009999973 ], [ 115.86198097800002, -8.823672998999939 ], [ 115.862248020000038, -8.823208977999968 ] ] ], [ [ [ 115.861293015000115, -8.823291977999929 ], [ 115.861785968000049, -8.823163002999934 ], [ 115.861385028000086, -8.823602023999968 ], [ 115.861293015000115, -8.823291977999929 ] ] ], [ [ [ 115.845604993000052, -8.813082970999972 ], [ 115.845541032000028, -8.81332897599998 ], [ 115.845340981000049, -8.813267963999976 ], [ 115.845604993000052, -8.813082970999972 ] ] ], [ [ [ 115.830293994000044, -8.811838992999981 ], [ 115.830164034000063, -8.812162002999969 ], [ 115.830071964000012, -8.812141011999927 ], [ 115.830293994000044, -8.811838992999981 ] ] ], [ [ [ 115.832744971000011, -8.80596400099995 ], [ 115.832852979000108, -8.806160989999967 ], [ 115.832401985000047, -8.806184003999931 ], [ 115.832744971000011, -8.80596400099995 ] ] ], [ [ [ 115.828667991000088, -8.798506983999971 ], [ 115.828253032000021, -8.798849994999955 ], [ 115.828195009000069, -8.798564011999929 ], [ 115.828667991000088, -8.798506983999971 ] ] ], [ [ [ 115.828108976000067, -8.789780977999953 ], [ 115.827796037000098, -8.789914 ], [ 115.827468966000083, -8.789963975999967 ], [ 115.828108976000067, -8.789780977999953 ] ] ], [ [ [ 115.83081500600008, -8.782266001999972 ], [ 115.830328991000101, -8.78266096699997 ], [ 115.829937004000044, -8.782378016999928 ], [ 115.83081500600008, -8.782266001999972 ] ] ], [ [ [ 115.832073014000116, -8.780636000999948 ], [ 115.832306970000104, -8.780899019999936 ], [ 115.832043965000025, -8.780912039999976 ], [ 115.832073014000116, -8.780636000999948 ] ] ], [ [ [ 115.828789001000018, -8.779237038999952 ], [ 115.829022968000118, -8.779447979999929 ], [ 115.828744028000074, -8.779402991999973 ], [ 115.828789001000018, -8.779237038999952 ] ] ], [ [ [ 115.893025974000011, -8.749325038999928 ], [ 115.890329004000023, -8.747539987999971 ], [ 115.891002966000087, -8.747149007999951 ], [ 115.893025974000011, -8.749325038999928 ] ] ], [ [ [ 115.881409977000089, -8.73673800399996 ], [ 115.890974996000068, -8.73541698799994 ], [ 115.890344983000091, -8.745610978999935 ], [ 115.881409977000089, -8.73673800399996 ] ] ], [ [ [ 115.906656014000077, -8.723114959999975 ], [ 115.903860967000014, -8.730548023999972 ], [ 115.900671017000036, -8.724665974999937 ], [ 115.906656014000077, -8.723114959999975 ] ] ], [ [ [ 115.917638972000077, -8.719140986999946 ], [ 115.912640995000061, -8.716009995999968 ], [ 115.913009029000023, -8.71478099899997 ], [ 115.917638972000077, -8.719140986999946 ] ] ], [ [ [ 115.979992021000044, -8.879963975999942 ], [ 115.979826001000106, -8.880209011999966 ], [ 115.979583998000066, -8.880083028999934 ], [ 115.979992021000044, -8.879963975999942 ] ] ], [ [ [ 115.974797993000038, -8.879226028999938 ], [ 115.97484401600002, -8.879825995999965 ], [ 115.974043029000086, -8.880150026999956 ], [ 115.974797993000038, -8.879226028999938 ] ] ], [ [ [ 115.972994985000014, -8.87952298099998 ], [ 115.972778009000081, -8.879835956999955 ], [ 115.972575, -8.879818037999939 ], [ 115.972994985000014, -8.87952298099998 ] ] ], [ [ [ 115.979919988, -8.877620019999938 ], [ 115.980107998000108, -8.877773975999958 ], [ 115.979964972000062, -8.877975038999978 ], [ 115.979919988, -8.877620019999938 ] ] ], [ [ [ 115.960700967000093, -8.868412003999936 ], [ 115.959667973000023, -8.868746029999954 ], [ 115.960817972000086, -8.86794703399994 ], [ 115.960700967000093, -8.868412003999936 ] ] ], [ [ [ 115.961480970000025, -8.861537995999981 ], [ 115.961377010000092, -8.862432039999931 ], [ 115.960876987, -8.862396020999938 ], [ 115.961480970000025, -8.861537995999981 ] ] ], [ [ [ 115.961847987000056, -8.861408992999941 ], [ 115.961841010000057, -8.861063030999958 ], [ 115.961990031000028, -8.861158022999973 ], [ 115.961847987000056, -8.861408992999941 ] ] ], [ [ [ 115.961262992000115, -8.861113958999965 ], [ 115.960530023000047, -8.860912004999932 ], [ 115.961394994000102, -8.860647039999947 ], [ 115.961262992000115, -8.861113958999965 ] ] ], [ [ [ 115.959132989000068, -8.860910018999959 ], [ 115.959202038000058, -8.860486960999935 ], [ 115.959534994000023, -8.860684998999943 ], [ 115.959132989000068, -8.860910018999959 ] ] ], [ [ [ 115.95605303800005, -8.859758992999957 ], [ 115.955707990000064, -8.859515977999934 ], [ 115.956275029000039, -8.859582028999966 ], [ 115.95605303800005, -8.859758992999957 ] ] ], [ [ [ 115.956142020000016, -8.858436955999935 ], [ 115.956589983000072, -8.859116979999953 ], [ 115.955725, -8.859068 ], [ 115.956142020000016, -8.858436955999935 ] ] ], [ [ [ 115.948659003000103, -8.853190978999976 ], [ 115.947476004, -8.853580974999943 ], [ 115.948234020000086, -8.852822956999944 ], [ 115.948659003000103, -8.853190978999976 ] ] ], [ [ [ 115.947075974000086, -8.852559023999959 ], [ 115.946825018000027, -8.852982018999967 ], [ 115.946726009000031, -8.852626033999968 ], [ 115.947075974000086, -8.852559023999959 ] ] ], [ [ [ 115.946148974000039, -8.851966975999972 ], [ 115.945881012000086, -8.852490015999933 ], [ 115.94573499, -8.852055957999937 ], [ 115.946148974000039, -8.851966975999972 ] ] ], [ [ [ 115.946817981000095, -8.850420984999971 ], [ 115.947064968000063, -8.850865995999925 ], [ 115.94691603800004, -8.850926969999932 ], [ 115.946817981000095, -8.850420984999971 ] ] ], [ [ [ 115.946749017000116, -8.850388962999943 ], [ 115.94689401100004, -8.850051023999981 ], [ 115.947186981000073, -8.850092987999972 ], [ 115.946749017000116, -8.850388962999943 ] ] ], [ [ [ 115.946591035000097, -8.849072022999962 ], [ 115.947158007000098, -8.849234020999972 ], [ 115.946336966000104, -8.849825037999949 ], [ 115.946591035000097, -8.849072022999962 ] ] ], [ [ [ 115.921751971000049, -8.849108011999931 ], [ 115.921832992000077, -8.849582035999958 ], [ 115.921607023000092, -8.849602993999952 ], [ 115.921751971000049, -8.849108011999931 ] ] ], [ [ [ 115.945821031000037, -8.848827986999936 ], [ 115.946441029000084, -8.849142037999968 ], [ 115.946036027000105, -8.849342982999929 ], [ 115.945821031000037, -8.848827986999936 ] ] ], [ [ [ 115.94587802500007, -8.84829702899998 ], [ 115.945480024000062, -8.848066968999944 ], [ 115.945803969000053, -8.848026016999938 ], [ 115.94587802500007, -8.84829702899998 ] ] ], [ [ [ 115.920805032000089, -8.847427038999967 ], [ 115.92039102800004, -8.846288026999957 ], [ 115.921363001000032, -8.846579984999948 ], [ 115.920805032000089, -8.847427038999967 ] ] ], [ [ [ 115.921735979000118, -8.846693989999949 ], [ 115.922201982000047, -8.846660972999928 ], [ 115.922201005000034, -8.846841985999959 ], [ 115.921735979000118, -8.846693989999949 ] ] ], [ [ [ 115.919255011000018, -8.846174983999958 ], [ 115.919667978, -8.846408005999933 ], [ 115.919642997000096, -8.846644015999971 ], [ 115.919255011000018, -8.846174983999958 ] ] ], [ [ [ 115.940371969000012, -8.844808969999974 ], [ 115.939388978000011, -8.845008001999929 ], [ 115.939896999000098, -8.844518014999949 ], [ 115.940371969000012, -8.844808969999974 ] ] ], [ [ [ 115.919977989000017, -8.843996009999955 ], [ 115.920071023000105, -8.844488964999925 ], [ 115.91955697800006, -8.844593995999958 ], [ 115.919977989000017, -8.843996009999955 ] ] ], [ [ [ 115.923083985000062, -8.726741036999954 ], [ 115.931718032000049, -8.751087969999958 ], [ 115.934975974000054, -8.762348036999981 ], [ 115.923244996000108, -8.748989039999969 ], [ 115.912778977000016, -8.750559979999935 ], [ 115.923083985000062, -8.726741036999954 ] ] ], [ [ [ 115.946279970000091, -8.742689981999945 ], [ 115.946861971000089, -8.741981991999978 ], [ 115.946631030000049, -8.742835990999936 ], [ 115.946279970000091, -8.742689981999945 ] ] ], [ [ [ 115.964784020000025, -8.736872041999959 ], [ 115.964712969000061, -8.736597966999966 ], [ 115.964751989000092, -8.736555034999981 ], [ 115.964784020000025, -8.736872041999959 ] ] ], [ [ [ 115.96013399900005, -8.723986021999963 ], [ 115.961571984000102, -8.721974957999976 ], [ 115.961381006000011, -8.724360968999974 ], [ 115.96013399900005, -8.723986021999963 ] ] ], [ [ [ 115.975803971, -8.709058957999957 ], [ 115.975172011000041, -8.707151020999959 ], [ 115.976420009000094, -8.707865986999934 ], [ 115.975803971, -8.709058957999957 ] ] ], [ [ [ 116.001914145000114, -8.922302417999958 ], [ 116.002037877000021, -8.921876018999967 ], [ 116.002294859000017, -8.92222437199996 ], [ 116.001914145000114, -8.922302417999958 ] ] ], [ [ [ 116.006025966000038, -8.906524023999964 ], [ 116.00616702700006, -8.906078991999948 ], [ 116.006183017000012, -8.906656003999956 ], [ 116.006025966000038, -8.906524023999964 ] ] ], [ [ [ 116.006159827000033, -8.904282044999945 ], [ 116.005695832000015, -8.903898950999974 ], [ 116.00583146200006, -8.903770459999976 ], [ 116.006159827000033, -8.904282044999945 ] ] ], [ [ [ 116.004164977000073, -8.904202039999973 ], [ 116.004881975000103, -8.90308700099996 ], [ 116.005456973000037, -8.903624002999948 ], [ 116.004164977000073, -8.904202039999973 ] ] ], [ [ [ 116.004851993000102, -8.902915031999953 ], [ 116.005197038, -8.902992990999962 ], [ 116.004862994000064, -8.902978988999962 ], [ 116.004851993000102, -8.902915031999953 ] ] ], [ [ [ 116.003335008000022, -8.902060031999952 ], [ 116.002733024, -8.901964020999969 ], [ 116.003288005000059, -8.901888017999966 ], [ 116.003335008000022, -8.902060031999952 ] ] ], [ [ [ 116.002727025000013, -8.901604043999953 ], [ 116.003278981000108, -8.901536983999961 ], [ 116.003498974000081, -8.901851962999956 ], [ 116.002727025000013, -8.901604043999953 ] ] ], [ [ [ 116.017536038000117, -8.900878010999975 ], [ 116.017885019, -8.901083009999979 ], [ 116.017655990000094, -8.901226987999962 ], [ 116.017536038000117, -8.900878010999975 ] ] ], [ [ [ 116.017273965000072, -8.900394022999933 ], [ 116.017690997000045, -8.900501004999967 ], [ 116.017257034000068, -8.90061198199993 ], [ 116.017273965000072, -8.900394022999933 ] ] ], [ [ [ 115.992583982000042, -8.898344958999928 ], [ 115.994743029, -8.899622002999934 ], [ 115.993103989000019, -8.900966002999951 ], [ 115.992583982000042, -8.898344958999928 ] ] ], [ [ [ 115.997951964000094, -8.891849037999975 ], [ 115.997688004000111, -8.891988026999968 ], [ 115.997657014000083, -8.891775003999953 ], [ 115.997951964000094, -8.891849037999975 ] ] ], [ [ [ 115.986201025000014, -8.892178032999936 ], [ 115.986308995000059, -8.891636983999945 ], [ 115.986319974000025, -8.892253041999936 ], [ 115.986201025000014, -8.892178032999936 ] ] ], [ [ [ 115.986610981000013, -8.891851015999976 ], [ 115.986993988000108, -8.891342994999945 ], [ 115.987060974000087, -8.891716970999937 ], [ 115.986610981000013, -8.891851015999976 ] ] ], [ [ [ 115.99742698600005, -8.89079703799996 ], [ 115.997533010000097, -8.890965955999945 ], [ 115.997229010000069, -8.890856002999953 ], [ 115.99742698600005, -8.89079703799996 ] ] ], [ [ [ 115.987348977000011, -8.890633985999955 ], [ 115.987774997000088, -8.890736954999966 ], [ 115.987350981000077, -8.891078040999957 ], [ 115.987348977000011, -8.890633985999955 ] ] ], [ [ [ 115.986402982000072, -8.890454011999964 ], [ 115.986808999000118, -8.89060503099995 ], [ 115.986838023000018, -8.890658004999977 ], [ 115.986402982000072, -8.890454011999964 ] ] ], [ [ [ 115.987160028000062, -8.89070897199997 ], [ 115.986705999000037, -8.889910961999931 ], [ 115.987341972000081, -8.889907988999937 ], [ 115.987160028000062, -8.89070897199997 ] ] ], [ [ [ 115.9874520300001, -8.888879041999928 ], [ 115.987782016000097, -8.889218015999973 ], [ 115.987240031000056, -8.889237974999958 ], [ 115.9874520300001, -8.888879041999928 ] ] ], [ [ [ 115.988320015000113, -8.884118005999937 ], [ 115.98824300800004, -8.884335980999936 ], [ 115.988193994000085, -8.884243980999941 ], [ 115.988320015000113, -8.884118005999937 ] ] ], [ [ [ 115.982198996000079, -8.883410007999942 ], [ 115.98209401400004, -8.883627993999937 ], [ 115.982053998000083, -8.883563958999957 ], [ 115.982198996000079, -8.883410007999942 ] ] ], [ [ [ 115.987683036000021, -8.883397985999977 ], [ 115.987904999000079, -8.883477976999927 ], [ 115.987232997000092, -8.883661963999941 ], [ 115.987683036000021, -8.883397985999977 ] ] ], [ [ [ 115.980759975000069, -8.882205038999928 ], [ 115.979885974000013, -8.884038976999932 ], [ 115.979862013000115, -8.882779007999943 ], [ 115.980759975000069, -8.882205038999928 ] ] ], [ [ [ 115.982294985000067, -8.88278203699997 ], [ 115.982533016000048, -8.882636024999954 ], [ 115.982481986000039, -8.882840956999928 ], [ 115.982294985000067, -8.88278203699997 ] ] ], [ [ [ 115.981723971000065, -8.882157036999956 ], [ 115.981834995000099, -8.882466030999979 ], [ 115.98175001300001, -8.882556037999962 ], [ 115.981723971000065, -8.882157036999956 ] ] ], [ [ [ 115.982331008000074, -8.882036988999971 ], [ 115.982347996000044, -8.88218496099995 ], [ 115.982262996000031, -8.882064019999973 ], [ 115.982331008000074, -8.882036988999971 ] ] ], [ [ [ 115.980830968000078, -8.881342993999965 ], [ 115.981067024000026, -8.881531981999956 ], [ 115.981001968000101, -8.881547989999945 ], [ 115.980830968000078, -8.881342993999965 ] ] ], [ [ [ 116.017505969000013, -8.865789964999976 ], [ 116.017861025000116, -8.865841985999964 ], [ 116.017668990000061, -8.867057001999967 ], [ 116.017505969000013, -8.865789964999976 ] ] ], [ [ [ 115.988844021000091, -8.728376984999954 ], [ 115.989319020000039, -8.728511982999976 ], [ 115.988903985000093, -8.728543971999954 ], [ 115.988844021000091, -8.728376984999954 ] ] ], [ [ [ 116.016778016000103, -8.72538702199995 ], [ 116.012398036000036, -8.724135980999961 ], [ 116.01465096700008, -8.719520959999954 ], [ 116.016778016000103, -8.72538702199995 ] ] ], [ [ [ 116.010572005000085, -8.719549960999927 ], [ 116.006773998000085, -8.717100042999959 ], [ 116.008024974000023, -8.715503042999956 ], [ 116.010572005000085, -8.719549960999927 ] ] ], [ [ [ 116.023963975000015, -8.904436954999937 ], [ 116.023025009000094, -8.903958970999952 ], [ 116.023542975000055, -8.903136961999962 ], [ 116.023963975000015, -8.904436954999937 ] ] ], [ [ [ 116.019456018000028, -8.903295033999939 ], [ 116.019683014000066, -8.903548987999955 ], [ 116.019563, -8.903757000999974 ], [ 116.019456018000028, -8.903295033999939 ] ] ], [ [ [ 116.022668002000046, -8.903187018999972 ], [ 116.022334030000025, -8.902976004999971 ], [ 116.022639033000019, -8.902912969999932 ], [ 116.022668002000046, -8.903187018999972 ] ] ], [ [ [ 116.020811016000039, -8.902620990999935 ], [ 116.020553997000093, -8.902179967999928 ], [ 116.02085098900011, -8.902168993999965 ], [ 116.020811016000039, -8.902620990999935 ] ] ], [ [ [ 116.019726983000055, -8.902385032999973 ], [ 116.019235012000081, -8.902256967999961 ], [ 116.019689988000096, -8.902140982999981 ], [ 116.019726983000055, -8.902385032999973 ] ] ], [ [ [ 116.018417025000076, -8.902141967999967 ], [ 116.018821027000058, -8.902271972999927 ], [ 116.018671010000048, -8.902426014999946 ], [ 116.018417025000076, -8.902141967999967 ] ] ], [ [ [ 116.024400993000086, -8.901872963999949 ], [ 116.024744981000026, -8.902237987999968 ], [ 116.024399966000033, -8.902232020999975 ], [ 116.024400993000086, -8.901872963999949 ] ] ], [ [ [ 116.019294029000093, -8.902031977999968 ], [ 116.019491981000101, -8.901618011999972 ], [ 116.019488016000082, -8.902037008999969 ], [ 116.019294029000093, -8.902031977999968 ] ] ], [ [ [ 116.017652965000025, -8.901376986999935 ], [ 116.017991966000068, -8.901359977999959 ], [ 116.018078016000118, -8.901655969999979 ], [ 116.017652965000025, -8.901376986999935 ] ] ], [ [ [ 116.072920981000038, -8.899580973999946 ], [ 116.073050036000041, -8.899851023999929 ], [ 116.072859030000018, -8.899763018999977 ], [ 116.072920981000038, -8.899580973999946 ] ] ], [ [ [ 116.048931010000047, -8.899293971999953 ], [ 116.049219969000092, -8.899343989999977 ], [ 116.049242025000012, -8.899543966999943 ], [ 116.048931010000047, -8.899293971999953 ] ] ], [ [ [ 116.048790005000114, -8.897763959999963 ], [ 116.049837977000038, -8.898671026999978 ], [ 116.048956963000023, -8.898827013999949 ], [ 116.048790005000114, -8.897763959999963 ] ] ], [ [ [ 116.076920992000055, -8.897010001999945 ], [ 116.077082010000026, -8.895897038999976 ], [ 116.077869028, -8.896257961999936 ], [ 116.076920992000055, -8.897010001999945 ] ] ], [ [ [ 116.082786999000064, -8.887537968999936 ], [ 116.084401985000113, -8.889307968999958 ], [ 116.082297026000106, -8.888741996999954 ], [ 116.082786999000064, -8.887537968999936 ] ] ], [ [ [ 116.097465989000057, -8.880638034999947 ], [ 116.097665969000104, -8.880826957999943 ], [ 116.097515029000078, -8.880852996999977 ], [ 116.097465989000057, -8.880638034999947 ] ] ], [ [ [ 116.096889021000038, -8.880030990999956 ], [ 116.096308969, -8.880408003999946 ], [ 116.096260034000011, -8.880211034999945 ], [ 116.096889021000038, -8.880030990999956 ] ] ], [ [ [ 116.09703199, -8.873358980999967 ], [ 116.096328016000029, -8.873697989999926 ], [ 116.096343992000016, -8.87286903699993 ], [ 116.09703199, -8.873358980999967 ] ] ], [ [ [ 116.095486033000043, -8.872978993999936 ], [ 116.095915024000078, -8.873347959999933 ], [ 116.095696984000028, -8.873431977999928 ], [ 116.095486033000043, -8.872978993999936 ] ] ], [ [ [ 116.039175966000016, -8.871229963999951 ], [ 116.03972297200005, -8.871606977999932 ], [ 116.038843037000106, -8.871921007999958 ], [ 116.039175966000016, -8.871229963999951 ] ] ], [ [ [ 116.018513017000032, -8.870608040999969 ], [ 116.018941993000112, -8.869480990999932 ], [ 116.019564976000083, -8.869925958999943 ], [ 116.018513017000032, -8.870608040999969 ] ] ], [ [ [ 116.064087019000112, -8.742688010999927 ], [ 116.065182994000111, -8.74172600199995 ], [ 116.064325982000014, -8.742689957999971 ], [ 116.064087019000112, -8.742688010999927 ] ] ], [ [ [ 116.022632007000084, -8.740777985999955 ], [ 116.022652989000107, -8.741096954999932 ], [ 116.022439016000021, -8.740912034999951 ], [ 116.022632007000084, -8.740777985999955 ] ] ], [ [ [ 116.061120026000026, -8.733866956999975 ], [ 116.06205770300005, -8.736015049999935 ], [ 116.060248013000091, -8.734061012999973 ], [ 116.061120026000026, -8.733866956999975 ] ] ], [ [ [ 116.059810023000068, -8.732510995999974 ], [ 116.060188027000095, -8.73044596799997 ], [ 116.061456987000042, -8.73181701599998 ], [ 116.059810023000068, -8.732510995999974 ] ] ], [ [ [ 116.02556297600006, -8.730455000999939 ], [ 116.025633991000063, -8.730876003999981 ], [ 116.025253025000097, -8.73083397399995 ], [ 116.02556297600006, -8.730455000999939 ] ] ], [ [ [ 116.05967798100005, -8.728216974999953 ], [ 116.060195995000072, -8.728099985999961 ], [ 116.060130982000032, -8.728500032999932 ], [ 116.05967798100005, -8.728216974999953 ] ] ], [ [ [ 116.025056037000013, -8.726994995999974 ], [ 116.026068015000078, -8.722103994999941 ], [ 116.02796400200009, -8.725572984999928 ], [ 116.025056037000013, -8.726994995999974 ] ] ], [ [ [ 116.025825029000089, -8.721375027999954 ], [ 116.026038974000016, -8.72159602399995 ], [ 116.025860023000064, -8.721667991999936 ], [ 116.025825029000089, -8.721375027999954 ] ] ], [ [ [ 116.33732701800011, -8.410450127999979 ], [ 116.305861749000087, -8.45710584699998 ], [ 116.320653941000046, -8.504571575999933 ], [ 116.28883474700001, -8.530702782999981 ], [ 116.295408320000092, -8.550628382999946 ], [ 116.266869901000064, -8.56413527199993 ], [ 116.265480577000062, -8.578433119999943 ], [ 116.249450277000051, -8.59271537199993 ], [ 116.174785788, -8.62218618199995 ], [ 116.18907518900005, -8.642745713999943 ], [ 116.196068269000079, -8.673533530999975 ], [ 116.18188228300005, -8.679888174999974 ], [ 116.166951959000016, -8.672807770999952 ], [ 116.176435200000014, -8.702762173999929 ], [ 116.170305644000109, -8.715862706999928 ], [ 116.1744436890001, -8.726745175999952 ], [ 116.153588985000056, -8.73804544199993 ], [ 116.139775088000079, -8.728999886999929 ], [ 116.131167056000095, -8.74176757999993 ], [ 116.141564141000117, -8.766227370999957 ], [ 116.133468864000065, -8.768286547999935 ], [ 116.120642584000052, -8.806908200999942 ], [ 116.092423895000024, -8.838622781999959 ], [ 116.092562881000049, -8.851762957999938 ], [ 116.114055556000039, -8.86225 ], [ 116.109352965000085, -8.872863031999941 ], [ 116.105089002000113, -8.869126979999976 ], [ 116.083019037000099, -8.873554960999968 ], [ 116.07749603600007, -8.895325965999973 ], [ 116.072047028000043, -8.884869996999953 ], [ 116.049824028000103, -8.885260998999968 ], [ 116.044660971000098, -8.870431959999962 ], [ 116.072749002000023, -8.862672025999927 ], [ 116.073122970000099, -8.856466037999951 ], [ 116.054290301000037, -8.85131901799997 ], [ 116.037074999000083, -8.864457995999942 ], [ 116.033217991000015, -8.857901029999937 ], [ 116.018797989000063, -8.859575957999937 ], [ 116.009980995000092, -8.873823019999975 ], [ 116.021562029000052, -8.876235036999958 ], [ 116.027149976000032, -8.887506008999935 ], [ 116.015658030000054, -8.894689031999974 ], [ 116.023369030000026, -8.903180992999978 ], [ 116.017155032, -8.899381996999978 ], [ 116.008092989000033, -8.904253035999943 ], [ 115.996087998, -8.89691195599994 ], [ 115.998215986000105, -8.893039037999927 ], [ 115.998133982000013, -8.889798987999939 ], [ 115.996735032000061, -8.888112964999948 ], [ 115.989365030000044, -8.889805968999951 ], [ 115.988685029000067, -8.883303954999974 ], [ 115.980510031000108, -8.87699900399997 ], [ 115.971957967000094, -8.878977972999962 ], [ 115.971800033000022, -8.86942204199994 ], [ 115.961392033000038, -8.868187969999951 ], [ 115.963640005000116, -8.86189897099996 ], [ 115.933365969000079, -8.833371974999977 ], [ 115.913958975000014, -8.845198976999939 ], [ 115.914080031000026, -8.841806042999963 ], [ 115.913442965000058, -8.84070498899996 ], [ 115.905570976000035, -8.838707998999951 ], [ 115.906055011000035, -8.83581099099996 ], [ 115.902244964000033, -8.830490997999959 ], [ 115.891282965000073, -8.830910036999967 ], [ 115.88953402300001, -8.83280597199996 ], [ 115.886567964000051, -8.825620968999942 ], [ 115.884189976000016, -8.826031994999937 ], [ 115.880732003000048, -8.830177978999927 ], [ 115.869293993000042, -8.818183032999968 ], [ 115.84625097300011, -8.825526977999971 ], [ 115.848366037, -8.813239991999978 ], [ 115.843344996000042, -8.811928013999932 ], [ 115.831175976000054, -8.815062962999946 ], [ 115.835290965000013, -8.809322961999953 ], [ 115.833100029000093, -8.80043303399998 ], [ 115.826014010000108, -8.795009954999955 ], [ 115.828783967000049, -8.792303042999947 ], [ 115.827688022000075, -8.790651001999947 ], [ 115.829361976000087, -8.789830983999934 ], [ 115.830264034000038, -8.784276036999927 ], [ 115.832549996000012, -8.781425990999935 ], [ 115.832491010000012, -8.77979299499998 ], [ 115.820989012000041, -8.752207970999962 ], [ 115.852291, -8.720193011999982 ], [ 115.858954186, -8.726164203999929 ], [ 115.866111994000107, -8.72086102399993 ], [ 115.864866001000109, -8.742709041999944 ], [ 115.880246984000109, -8.752075014999946 ], [ 115.882010973000092, -8.763484001999927 ], [ 115.897579968000059, -8.745602992999977 ], [ 115.894383032000064, -8.760657957999967 ], [ 115.914772993000042, -8.775545953999938 ], [ 115.919780978000063, -8.768917024999951 ], [ 115.935549017000085, -8.769810997999969 ], [ 115.945381028000043, -8.748866986999928 ], [ 115.966618038000092, -8.735974025999951 ], [ 115.965205035000054, -8.730649971999981 ], [ 115.966279971000063, -8.726341963999971 ], [ 115.96923999, -8.734144015999959 ], [ 115.990054977000113, -8.730666035999946 ], [ 116.010532032000015, -8.751684964999981 ], [ 116.029530998000041, -8.739409016999957 ], [ 116.033933993, -8.719661005999967 ], [ 116.046908976000054, -8.726812966999944 ], [ 116.046186036000108, -8.745656035999957 ], [ 116.036409028000094, -8.750819035999939 ], [ 116.038989993000087, -8.763692028999969 ], [ 116.04886555500002, -8.757967619999931 ], [ 116.062122991000024, -8.766672033999953 ], [ 116.05963801900009, -8.750857021999934 ], [ 116.083618178000052, -8.728626009999971 ], [ 116.059061988000053, -8.726931995999962 ], [ 116.055742982000083, -8.737796003999961 ], [ 116.072001983000064, -8.669891039999925 ], [ 116.074590435000118, -8.622823357999948 ], [ 116.130983919000073, -8.61918742499995 ], [ 116.169859926000072, -8.594506131999935 ], [ 116.149452090000068, -8.583293758999957 ], [ 116.13936229400008, -8.565172258999951 ], [ 116.069445601000098, -8.551992675999941 ], [ 116.063792971000112, -8.520736005999936 ], [ 116.033517013000051, -8.484763040999951 ], [ 116.03658595200011, -8.470175068999936 ], [ 116.068258382000067, -8.46179226199996 ], [ 116.074813339000116, -8.472529607999945 ], [ 116.089128698000081, -8.463844379999955 ], [ 116.129472129000078, -8.470664124999928 ], [ 116.142125827000086, -8.454358103999937 ], [ 116.160961286000088, -8.456208858999958 ], [ 116.167464386, -8.465618977999952 ], [ 116.183791310000061, -8.463024774999951 ], [ 116.198741744000017, -8.477933505999943 ], [ 116.213904709000076, -8.480428796999945 ], [ 116.222903174000066, -8.456417705999968 ], [ 116.26706885100009, -8.450618013999929 ], [ 116.33732701800011, -8.410450127999979 ] ] ] ] } },
{ "type": "Feature", "properties": { "kemendagri_kab_code": 5202, "kemendagri_kab_name": "Kabupaten Lombok Tengah", "kemendagri_prov_code": 52, "kemendagri_prov_name": "Nusa Tenggara Barat" }, "geometry": { "type": "MultiPolygon", "coordinates": [ [ [ [ 116.187623972000097, -8.914561975999959 ], [ 116.188043014000073, -8.914204992999942 ], [ 116.187921027000016, -8.914563980999958 ], [ 116.187623972000097, -8.914561975999959 ] ] ], [ [ [ 116.183124987000042, -8.913974036999946 ], [ 116.183574964000059, -8.913906031999943 ], [ 116.183584993000068, -8.914253010999971 ], [ 116.183124987000042, -8.913974036999946 ] ] ], [ [ [ 116.172959025000068, -8.913729029999956 ], [ 116.172836983000025, -8.913872984999955 ], [ 116.172819037000068, -8.91364995999993 ], [ 116.172959025000068, -8.913729029999956 ] ] ], [ [ [ 116.20071000900009, -8.913726965999956 ], [ 116.200137029000075, -8.913248020999958 ], [ 116.20084, -8.912647034999964 ], [ 116.20071000900009, -8.913726965999956 ] ] ], [ [ [ 116.186344978000079, -8.91344795599997 ], [ 116.186693976000015, -8.912853004999931 ], [ 116.186432988000092, -8.913565971999958 ], [ 116.186344978000079, -8.91344795599997 ] ] ], [ [ [ 116.191052974000058, -8.912026993999973 ], [ 116.191236968000112, -8.912558997999952 ], [ 116.191025036000042, -8.912760996999964 ], [ 116.191052974000058, -8.912026993999973 ] ] ], [ [ [ 116.189615029000038, -8.912322986999925 ], [ 116.189798965000023, -8.912301955999965 ], [ 116.1896489720001, -8.912438984999937 ], [ 116.189615029000038, -8.912322986999925 ] ] ], [ [ [ 116.187825969000073, -8.912509967999938 ], [ 116.188159977000055, -8.912113011999963 ], [ 116.188135019000015, -8.912478994999958 ], [ 116.187825969000073, -8.912509967999938 ] ] ], [ [ [ 116.200254991000065, -8.912078996999981 ], [ 116.200521005000041, -8.912112030999936 ], [ 116.200487027, -8.912321019999979 ], [ 116.200254991000065, -8.912078996999981 ] ] ], [ [ [ 116.180790013000092, -8.911842035999939 ], [ 116.180891968000083, -8.912128993999943 ], [ 116.180813995000108, -8.912320974999943 ], [ 116.180790013000092, -8.911842035999939 ] ] ], [ [ [ 116.178907995000031, -8.911913026999969 ], [ 116.179150965000076, -8.911986988999956 ], [ 116.1791979730001, -8.912194976999956 ], [ 116.178907995000031, -8.911913026999969 ] ] ], [ [ [ 116.161649984000064, -8.905702023999936 ], [ 116.161772034000023, -8.905785035999941 ], [ 116.161606001000109, -8.905751024999972 ], [ 116.161649984000064, -8.905702023999936 ] ] ], [ [ [ 116.162718983000104, -8.904399977999958 ], [ 116.162998988000027, -8.904606954999963 ], [ 116.162683972000082, -8.904560039999978 ], [ 116.162718983000104, -8.904399977999958 ] ] ], [ [ [ 116.162482987000089, -8.904230988999927 ], [ 116.162533967000059, -8.904369993999978 ], [ 116.162402978000046, -8.904260013999931 ], [ 116.162482987000089, -8.904230988999927 ] ] ], [ [ [ 116.161553014000106, -8.903168043999926 ], [ 116.161993025000015, -8.903090998999971 ], [ 116.161590023000031, -8.90348099299996 ], [ 116.161553014000106, -8.903168043999926 ] ] ], [ [ [ 116.161051030000067, -8.901941038999951 ], [ 116.161234016000094, -8.902235960999974 ], [ 116.16099302900011, -8.902217966999956 ], [ 116.161051030000067, -8.901941038999951 ] ] ], [ [ [ 116.162195023000095, -8.899282986999935 ], [ 116.161893001000067, -8.899064024999973 ], [ 116.162238019000029, -8.898809987999925 ], [ 116.162195023000095, -8.899282986999935 ] ] ], [ [ [ 116.162370017000057, -8.898903963999942 ], [ 116.162543966000044, -8.899183040999958 ], [ 116.16240497900003, -8.899260040999934 ], [ 116.162370017000057, -8.898903963999942 ] ] ], [ [ [ 116.162483980000047, -8.898487004999936 ], [ 116.16269502900002, -8.898510988999931 ], [ 116.162651022000091, -8.898571021999942 ], [ 116.162483980000047, -8.898487004999936 ] ] ], [ [ [ 116.161039967000079, -8.89619702899995 ], [ 116.160928974000058, -8.896231953999973 ], [ 116.161026027000048, -8.896160013999975 ], [ 116.161039967000079, -8.89619702899995 ] ] ], [ [ [ 116.158599986000013, -8.896151016999966 ], [ 116.15804201900005, -8.89544101599995 ], [ 116.158703029000094, -8.895590984999956 ], [ 116.158599986000013, -8.896151016999966 ] ] ], [ [ [ 116.155851035000069, -8.892899041999954 ], [ 116.156115992000082, -8.89282802699995 ], [ 116.156281036000109, -8.89302896099997 ], [ 116.155851035000069, -8.892899041999954 ] ] ], [ [ [ 116.147201987000017, -8.882664033999959 ], [ 116.147176036000019, -8.881140971999969 ], [ 116.148000994000085, -8.88130001199994 ], [ 116.147201987000017, -8.882664033999959 ] ] ], [ [ [ 116.234501001000012, -8.917270034999945 ], [ 116.235334025000043, -8.916427991999967 ], [ 116.234578018000093, -8.917956971999956 ], [ 116.234501001000012, -8.917270034999945 ] ] ], [ [ [ 116.225413028000048, -8.916456007999955 ], [ 116.225075994, -8.916561012999978 ], [ 116.225026005000018, -8.916332042999954 ], [ 116.225413028000048, -8.916456007999955 ] ] ], [ [ [ 116.224872026000071, -8.916335972999946 ], [ 116.224598996000054, -8.915430971999967 ], [ 116.225231017000056, -8.916167987999927 ], [ 116.224872026000071, -8.916335972999946 ] ] ], [ [ [ 116.223745870000016, -8.914800421999928 ], [ 116.223649501000068, -8.914200797999968 ], [ 116.223935037000047, -8.914411379999933 ], [ 116.223745870000016, -8.914800421999928 ] ] ], [ [ [ 116.276217994000035, -8.913287966999974 ], [ 116.276138004000018, -8.913500040999963 ], [ 116.275947009000106, -8.913298019999957 ], [ 116.276217994000035, -8.913287966999974 ] ] ], [ [ [ 116.274519999000063, -8.912098993999962 ], [ 116.274403988000017, -8.911903989999928 ], [ 116.274630002000094, -8.911880014999952 ], [ 116.274519999000063, -8.912098993999962 ] ] ], [ [ [ 116.215786025000057, -8.911673962999942 ], [ 116.215971990000071, -8.911896980999927 ], [ 116.215931995, -8.912294041999928 ], [ 116.215786025000057, -8.911673962999942 ] ] ], [ [ [ 116.271933034000085, -8.910629037999968 ], [ 116.271562033, -8.910815040999978 ], [ 116.271760966000102, -8.910490981999942 ], [ 116.271933034000085, -8.910629037999968 ] ] ], [ [ [ 116.21721397400006, -8.910534995999967 ], [ 116.217060036000021, -8.909993027999974 ], [ 116.217173977000016, -8.909911975999933 ], [ 116.21721397400006, -8.910534995999967 ] ] ], [ [ [ 116.216555998000104, -8.910094959999981 ], [ 116.217071998000051, -8.909869983999954 ], [ 116.216722023000102, -8.910419029999957 ], [ 116.216555998000104, -8.910094959999981 ] ] ], [ [ [ 116.217480011000021, -8.90974695999995 ], [ 116.217601032000061, -8.91011 ], [ 116.217516966000062, -8.910108014999935 ], [ 116.217480011000021, -8.90974695999995 ] ] ], [ [ [ 116.219178033000048, -8.909619954999926 ], [ 116.219415006000077, -8.90973203599998 ], [ 116.219376012000112, -8.909907017999956 ], [ 116.219178033000048, -8.909619954999926 ] ] ], [ [ [ 116.22018198, -8.909559034999972 ], [ 116.220623964000083, -8.909720012999969 ], [ 116.220444027000099, -8.90990699699995 ], [ 116.22018198, -8.909559034999972 ] ] ], [ [ [ 116.216565984000113, -8.909456038999963 ], [ 116.216757036000104, -8.90933201699994 ], [ 116.216555037000035, -8.909842038999955 ], [ 116.216565984000113, -8.909456038999963 ] ] ], [ [ [ 116.21744198500005, -8.90939603299995 ], [ 116.217636967000089, -8.909505042999967 ], [ 116.217389977000039, -8.909694957999932 ], [ 116.21744198500005, -8.90939603299995 ] ] ], [ [ [ 116.218967017000068, -8.909221009999953 ], [ 116.219349032000082, -8.909404016999929 ], [ 116.219243971000083, -8.909576960999971 ], [ 116.218967017000068, -8.909221009999953 ] ] ], [ [ [ 116.256394967, -8.909312988999943 ], [ 116.253168025000036, -8.909462960999974 ], [ 116.254342969000049, -8.907586996999953 ], [ 116.256394967, -8.909312988999943 ] ] ], [ [ [ 116.217654005000099, -8.908933954999952 ], [ 116.217870969000046, -8.908897969999941 ], [ 116.217953010000087, -8.909358042999941 ], [ 116.217654005000099, -8.908933954999952 ] ] ], [ [ [ 116.217025006000085, -8.909045029999959 ], [ 116.21739802500008, -8.909013984999945 ], [ 116.217226998000115, -8.909208038999964 ], [ 116.217025006000085, -8.909045029999959 ] ] ], [ [ [ 116.217312000000106, -8.908664040999952 ], [ 116.217499005000036, -8.908574008999949 ], [ 116.21751396500008, -8.908803990999957 ], [ 116.217312000000106, -8.908664040999952 ] ] ], [ [ [ 116.217095967000091, -8.908438970999953 ], [ 116.217312982000067, -8.908272954999973 ], [ 116.217318018000014, -8.908479043999932 ], [ 116.217095967000091, -8.908438970999953 ] ] ], [ [ [ 116.256466016000104, -8.907518000999971 ], [ 116.256818033000059, -8.907487959999969 ], [ 116.256713002000083, -8.907765988999927 ], [ 116.256466016000104, -8.907518000999971 ] ] ], [ [ [ 116.33732701800011, -8.410450127999979 ], [ 116.38240200700011, -8.410125875999938 ], [ 116.385065522000104, -8.421424706999971 ], [ 116.406266575000018, -8.434532797999964 ], [ 116.405349732000104, -8.464463749999936 ], [ 116.383973221000019, -8.492692042999977 ], [ 116.376079778000076, -8.635721426999964 ], [ 116.384341507000045, -8.652629505999926 ], [ 116.378305602000069, -8.66336413099998 ], [ 116.394964668000057, -8.684207008999977 ], [ 116.403673048000087, -8.677873799999929 ], [ 116.42872012700002, -8.691132546999938 ], [ 116.432610766000039, -8.714610096999934 ], [ 116.446350449000079, -8.722916293999958 ], [ 116.445774684000071, -8.745901025999956 ], [ 116.428322532000038, -8.755937248999942 ], [ 116.425234996000086, -8.772896565999929 ], [ 116.417500088000111, -8.776400344999956 ], [ 116.414860769000029, -8.805938134999963 ], [ 116.395996481000111, -8.817758245999926 ], [ 116.404761996000047, -8.858205980999969 ], [ 116.402668002000041, -8.864585987999931 ], [ 116.401174974000014, -8.864812020999977 ], [ 116.401440035000064, -8.856299964999948 ], [ 116.392857023000033, -8.856446012999982 ], [ 116.385809504, -8.866032563999966 ], [ 116.404868036000039, -8.899603009999964 ], [ 116.393892031000064, -8.923124007999945 ], [ 116.394040014000097, -8.952079009999977 ], [ 116.388267013000018, -8.947777 ], [ 116.376627033000091, -8.956074042999944 ], [ 116.372149038000089, -8.950502016999963 ], [ 116.367766992000043, -8.953773009999964 ], [ 116.372963033000019, -8.945624014999964 ], [ 116.366504005000024, -8.92509204199996 ], [ 116.3809920220001, -8.909933003999981 ], [ 116.377117036000072, -8.904071967999926 ], [ 116.358138976000077, -8.911484984999959 ], [ 116.349992767000117, -8.899326273999975 ], [ 116.340753029000098, -8.900116989999958 ], [ 116.35095701900002, -8.926336965999951 ], [ 116.346560005000015, -8.930465032999962 ], [ 116.337088014000074, -8.916297032999978 ], [ 116.330435030000103, -8.919953007999936 ], [ 116.327504981000061, -8.90882303199993 ], [ 116.319533340000021, -8.921138357999951 ], [ 116.314493985000013, -8.908602968999958 ], [ 116.297544021000022, -8.909660989999963 ], [ 116.297764982000103, -8.905524035999974 ], [ 116.291101970000113, -8.897259004999967 ], [ 116.279707969000015, -8.893370976999961 ], [ 116.276267020000091, -8.913109020999968 ], [ 116.271526991000087, -8.909309018999977 ], [ 116.248723965000067, -8.902636019999932 ], [ 116.238986983000018, -8.917376996999963 ], [ 116.229026027000032, -8.900383044999955 ], [ 116.224608008000018, -8.90927196399997 ], [ 116.199804007000012, -8.902680027999963 ], [ 116.194805003000056, -8.917371981999963 ], [ 116.190740969000103, -8.911253004999935 ], [ 116.187246998000091, -8.911255966999931 ], [ 116.18468297600009, -8.914470991999963 ], [ 116.180890985000019, -8.91125703299997 ], [ 116.173005000000103, -8.913695042999962 ], [ 116.162078979000057, -8.907993964999946 ], [ 116.164632998000116, -8.900619954999968 ], [ 116.162381981000067, -8.895852007999963 ], [ 116.156537968000066, -8.89417095899995 ], [ 116.161765999000067, -8.873541990999968 ], [ 116.156700003000083, -8.865262961999974 ], [ 116.109296058000041, -8.872685971999942 ], [ 116.114055556000039, -8.86225 ], [ 116.091884063000066, -8.846034893999956 ], [ 116.10668328700001, -8.816548951999948 ], [ 116.120695069000021, -8.80681763399997 ], [ 116.133468864000065, -8.768286547999935 ], [ 116.141564141000117, -8.766227370999957 ], [ 116.130558285, -8.744616349999944 ], [ 116.134121885000013, -8.736931540999933 ], [ 116.139775088000079, -8.728999886999929 ], [ 116.153588985000056, -8.73804544199993 ], [ 116.1744436890001, -8.726745175999952 ], [ 116.170305644000109, -8.715862706999928 ], [ 116.176435200000014, -8.702762173999929 ], [ 116.166951959000016, -8.672807770999952 ], [ 116.18188228300005, -8.679888174999974 ], [ 116.196068269000079, -8.673533530999975 ], [ 116.18907518900005, -8.642745713999943 ], [ 116.174785788, -8.62218618199995 ], [ 116.249450277000051, -8.59271537199993 ], [ 116.265480577000062, -8.578433119999943 ], [ 116.266869901000064, -8.56413527199993 ], [ 116.295408320000092, -8.550628382999946 ], [ 116.28883474700001, -8.530702782999981 ], [ 116.320653941000046, -8.504571575999933 ], [ 116.305861749000087, -8.45710584699998 ], [ 116.33732701800011, -8.410450127999979 ] ] ], [ [ [ 116.374795985000105, -8.955218041999956 ], [ 116.375074992, -8.954835009999954 ], [ 116.375254010000049, -8.955333026999938 ], [ 116.374795985000105, -8.955218041999956 ] ] ], [ [ [ 116.364462030000027, -8.954121012999963 ], [ 116.364090975000067, -8.954205014999957 ], [ 116.364107993000061, -8.95412302699998 ], [ 116.364462030000027, -8.954121012999963 ] ] ], [ [ [ 116.3672719650001, -8.953110958999957 ], [ 116.366257012, -8.954603988999963 ], [ 116.365501026000061, -8.953689013999963 ], [ 116.3672719650001, -8.953110958999957 ] ] ], [ [ [ 116.367686998000067, -8.952144003999933 ], [ 116.367582034000066, -8.952681956999982 ], [ 116.367402974000015, -8.952780036999968 ], [ 116.367686998000067, -8.952144003999933 ] ] ], [ [ [ 116.395450982000057, -8.950483003999977 ], [ 116.395446007000032, -8.949633966999954 ], [ 116.395799965000037, -8.950451018999956 ], [ 116.395450982000057, -8.950483003999977 ] ] ], [ [ [ 116.396616986000026, -8.938397036999959 ], [ 116.397233998000047, -8.937925010999948 ], [ 116.396961997000062, -8.938584964999961 ], [ 116.396616986000026, -8.938397036999959 ] ] ], [ [ [ 116.396431033000113, -8.935400039999934 ], [ 116.396833017000063, -8.935011039999949 ], [ 116.396634007000102, -8.935483021999971 ], [ 116.396431033000113, -8.935400039999934 ] ] ], [ [ [ 116.349422019000031, -8.931176025999946 ], [ 116.349977026000033, -8.931308027999933 ], [ 116.34928198700004, -8.931600968999931 ], [ 116.349422019000031, -8.931176025999946 ] ] ], [ [ [ 116.328928996000059, -8.92194700899995 ], [ 116.329294998000023, -8.92206902199996 ], [ 116.328929963000064, -8.92211601799994 ], [ 116.328928996000059, -8.92194700899995 ] ] ], [ [ [ 116.319098993000011, -8.921134993999942 ], [ 116.319580967000093, -8.921201978999932 ], [ 116.319111998000039, -8.921280966999973 ], [ 116.319098993000011, -8.921134993999942 ] ] ], [ [ [ 116.329997037000112, -8.920485013999951 ], [ 116.327972967000051, -8.921949981999944 ], [ 116.329597014000115, -8.919689981999966 ], [ 116.329997037000112, -8.920485013999951 ] ] ], [ [ [ 116.293170985000074, -8.91565204099993 ], [ 116.293353990000014, -8.915842011999928 ], [ 116.293155993000028, -8.915921030999925 ], [ 116.293170985000074, -8.91565204099993 ] ] ], [ [ [ 116.277927049000027, -8.912347011999941 ], [ 116.278117406000092, -8.912370805999956 ], [ 116.27796274100001, -8.912444569999934 ], [ 116.277927049000027, -8.912347011999941 ] ] ], [ [ [ 116.277503029000059, -8.912203997999939 ], [ 116.277814009000053, -8.912181994999969 ], [ 116.277517966, -8.912502975999928 ], [ 116.277503029000059, -8.912203997999939 ] ] ], [ [ [ 116.277880008000011, -8.911876031999952 ], [ 116.278076009000074, -8.912126981999961 ], [ 116.277937018000102, -8.912290021999979 ], [ 116.277880008000011, -8.911876031999952 ] ] ], [ [ [ 116.301953971000103, -8.912320957999952 ], [ 116.301430014000061, -8.911622966999971 ], [ 116.301949972000102, -8.911662012999955 ], [ 116.301953971000103, -8.912320957999952 ] ] ], [ [ [ 116.304662012000108, -8.911870009999973 ], [ 116.305247016000067, -8.911658962999979 ], [ 116.304969031000041, -8.912277955999969 ], [ 116.304662012000108, -8.911870009999973 ] ] ], [ [ [ 116.297058977, -8.911721976999956 ], [ 116.297639027000059, -8.911435968999967 ], [ 116.297679973000072, -8.91190897599995 ], [ 116.297058977, -8.911721976999956 ] ] ], [ [ [ 116.300384971000085, -8.911164981999946 ], [ 116.300884980000092, -8.911282029999938 ], [ 116.300563031000024, -8.911511016999953 ], [ 116.300384971000085, -8.911164981999946 ] ] ], [ [ [ 116.368892982000034, -8.912447000999975 ], [ 116.369801964000089, -8.908639004999941 ], [ 116.369085011000038, -8.913214966999931 ], [ 116.368892982000034, -8.912447000999975 ] ] ], [ [ [ 116.299654033000024, -8.910738963999961 ], [ 116.300327019000065, -8.910443992999944 ], [ 116.300536029000114, -8.910723984999947 ], [ 116.299654033000024, -8.910738963999961 ] ] ], [ [ [ 116.296229028000084, -8.906444026999964 ], [ 116.296570012000075, -8.90622095699996 ], [ 116.296419, -8.906557961999965 ], [ 116.296229028000084, -8.906444026999964 ] ] ] ] } },
{ "type": "Feature", "properties": { "kemendagri_kab_code": 5203, "kemendagri_kab_name": "Kabupaten Lombok Timur", "kemendagri_prov_code": 52, "kemendagri_prov_name": "Nusa Tenggara Barat" }, "geometry": { "type": "MultiPolygon", "coordinates": [ [ [ [ 116.493874481000034, -8.937609437999981 ], [ 116.494231400000103, -8.937294159999965 ], [ 116.494374168000036, -8.937561848999962 ], [ 116.493874481000034, -8.937609437999981 ] ] ], [ [ [ 116.499113342000101, -8.926028455999926 ], [ 116.497919942000067, -8.928091428999949 ], [ 116.496599342000081, -8.927606018999938 ], [ 116.499113342000101, -8.926028455999926 ] ] ], [ [ [ 116.487212371000055, -8.922235842999953 ], [ 116.487023421000117, -8.92180607399996 ], [ 116.487242011000035, -8.92179125499996 ], [ 116.487212371000055, -8.922235842999953 ] ] ], [ [ [ 116.445842017000018, -8.92221404299994 ], [ 116.446330016000047, -8.921741013999963 ], [ 116.446452019000048, -8.921905955999932 ], [ 116.445842017000018, -8.92221404299994 ] ] ], [ [ [ 116.502727907, -8.92055612799993 ], [ 116.502647293000109, -8.920153983999967 ], [ 116.502837896000074, -8.920345966999946 ], [ 116.502727907, -8.92055612799993 ] ] ], [ [ [ 116.485015926000074, -8.920307481999942 ], [ 116.484776035000095, -8.919977267999968 ], [ 116.484941142000025, -8.919906368999932 ], [ 116.485015926000074, -8.920307481999942 ] ] ], [ [ [ 116.508374969000101, -8.887894978999952 ], [ 116.508648971000071, -8.887805 ], [ 116.508648974000039, -8.888083976999951 ], [ 116.508374969000101, -8.887894978999952 ] ] ], [ [ [ 116.416361036000012, -8.852288968999972 ], [ 116.416001012000038, -8.850489960999937 ], [ 116.416973977000112, -8.851338975999965 ], [ 116.416361036000012, -8.852288968999972 ] ] ], [ [ [ 116.498763020000069, -8.843889966999939 ], [ 116.497916984000085, -8.843034001999968 ], [ 116.499075973000117, -8.843197963999955 ], [ 116.498763020000069, -8.843889966999939 ] ] ], [ [ [ 116.466834028000108, -8.842113987999937 ], [ 116.466963005000025, -8.840129966999939 ], [ 116.46790502500005, -8.841711019999934 ], [ 116.466834028000108, -8.842113987999937 ] ] ], [ [ [ 116.507476033000103, -8.836566016999939 ], [ 116.507626979000065, -8.835831017999965 ], [ 116.508064979000096, -8.836271987999964 ], [ 116.507476033000103, -8.836566016999939 ] ] ], [ [ [ 116.503852974000097, -8.829791013999966 ], [ 116.503968968000095, -8.829290997999976 ], [ 116.504179985000064, -8.829561028999933 ], [ 116.503852974000097, -8.829791013999966 ] ] ], [ [ [ 116.503143003000105, -8.828466990999971 ], [ 116.503339986000015, -8.828465985999969 ], [ 116.503378998000017, -8.828561984999965 ], [ 116.503143003000105, -8.828466990999971 ] ] ], [ [ [ 116.501903988000095, -8.820465 ], [ 116.502177987000096, -8.818661012999939 ], [ 116.502687992, -8.820187966999981 ], [ 116.501903988000095, -8.820465 ] ] ], [ [ [ 116.504239036000058, -8.812895017999949 ], [ 116.504435, -8.815846011999952 ], [ 116.502924994000068, -8.815374955999971 ], [ 116.504239036000058, -8.812895017999949 ] ] ], [ [ [ 116.560600024000109, -8.899261000999957 ], [ 116.560795032000101, -8.898244973999965 ], [ 116.561071975000118, -8.899020017999931 ], [ 116.560600024000109, -8.899261000999957 ] ] ], [ [ [ 116.54696699200008, -8.897946992999948 ], [ 116.546922004000066, -8.898121015999948 ], [ 116.546885022000083, -8.897944993999943 ], [ 116.54696699200008, -8.897946992999948 ] ] ], [ [ [ 116.554728014000034, -8.897735403999945 ], [ 116.554877582000017, -8.897743172999981 ], [ 116.554849417000014, -8.89778784899994 ], [ 116.554728014000034, -8.897735403999945 ] ] ], [ [ [ 116.513066993000052, -8.887086 ], [ 116.513565020000101, -8.886984011999971 ], [ 116.513353975000086, -8.887389043999974 ], [ 116.513066993000052, -8.887086 ] ] ], [ [ [ 116.514172993000102, -8.885285986999975 ], [ 116.514277965000019, -8.883250998999927 ], [ 116.514814014000081, -8.883315990999961 ], [ 116.514172993000102, -8.885285986999975 ] ] ], [ [ [ 116.570820680000111, -8.853581487999975 ], [ 116.570819868000058, -8.853395618999969 ], [ 116.570909150000034, -8.853559572999927 ], [ 116.570820680000111, -8.853581487999975 ] ] ], [ [ [ 116.551986301000056, -8.853283970999939 ], [ 116.549793393000073, -8.854066924999927 ], [ 116.548649990000058, -8.850344019999966 ], [ 116.551986301000056, -8.853283970999939 ] ] ], [ [ [ 116.510652986000082, -8.838616970999965 ], [ 116.510076975000061, -8.837234989999956 ], [ 116.510590981000064, -8.837190987999975 ], [ 116.510652986000082, -8.838616970999965 ] ] ], [ [ [ 116.520292010000048, -8.818106003999958 ], [ 116.520500983000034, -8.81769897199996 ], [ 116.520797009000034, -8.818222036999941 ], [ 116.520292010000048, -8.818106003999958 ] ] ], [ [ [ 116.529438024000115, -8.816078 ], [ 116.53442700800008, -8.81675801199998 ], [ 116.531674007000106, -8.819549977999941 ], [ 116.529438024000115, -8.816078 ] ] ], [ [ [ 116.522349983000026, -8.816617970999971 ], [ 116.520611981000116, -8.816981005999935 ], [ 116.520920998000065, -8.815684990999955 ], [ 116.522349983000026, -8.816617970999971 ] ] ], [ [ [ 116.510783032000063, -8.813838005999969 ], [ 116.510014023000053, -8.813163026999973 ], [ 116.510682038000027, -8.812751987999945 ], [ 116.510783032000063, -8.813838005999969 ] ] ], [ [ [ 116.51617296500001, -8.812823028999958 ], [ 116.516472001000011, -8.812060995999957 ], [ 116.516739983000093, -8.812289043999954 ], [ 116.51617296500001, -8.812823028999958 ] ] ], [ [ [ 116.528073983000013, -8.805546022999977 ], [ 116.526974985000038, -8.804215043999932 ], [ 116.527762998000071, -8.804223990999958 ], [ 116.528073983000013, -8.805546022999977 ] ] ], [ [ [ 116.489327127000024, -8.24778650099995 ], [ 116.571427026000038, -8.266520992999972 ], [ 116.599971967000101, -8.281343986999957 ], [ 116.651602018000062, -8.288773972999934 ], [ 116.689023985000063, -8.333290963999957 ], [ 116.718297967000012, -8.347373041999958 ], [ 116.724913257000026, -8.382872360999954 ], [ 116.710368022000011, -8.414293963999967 ], [ 116.711006993000069, -8.443184964999944 ], [ 116.661609999, -8.487343996999925 ], [ 116.661403977000077, -8.494353039999964 ], [ 116.671424002000094, -8.503630954999949 ], [ 116.675949037, -8.493548974999953 ], [ 116.668551765000075, -8.483406283999955 ], [ 116.67798124400008, -8.480668763999972 ], [ 116.677715023000019, -8.504215986999952 ], [ 116.657681973000081, -8.532948965999935 ], [ 116.66497098800005, -8.562481036999941 ], [ 116.623241550000103, -8.604921942999965 ], [ 116.620574032000036, -8.626666012999976 ], [ 116.585527101000025, -8.668566818999977 ], [ 116.573828634000051, -8.697116921999964 ], [ 116.579875419000018, -8.700966478999931 ], [ 116.57215007100001, -8.699712424999973 ], [ 116.554293016000088, -8.723864985999967 ], [ 116.546037004000027, -8.752735984999958 ], [ 116.511345995000056, -8.778605001999949 ], [ 116.498545010000043, -8.80830799599994 ], [ 116.480404014000101, -8.808673035999959 ], [ 116.484171974000105, -8.815780043999951 ], [ 116.50105902700011, -8.811184032999961 ], [ 116.492641966000065, -8.847999994999952 ], [ 116.504397992, -8.859259979999933 ], [ 116.510380996000094, -8.85588297299995 ], [ 116.504480022000052, -8.841498011999931 ], [ 116.518668372000093, -8.844905171999926 ], [ 116.514532975000066, -8.831780971999933 ], [ 116.516877390000104, -8.838717527999961 ], [ 116.533116568000082, -8.838172806999978 ], [ 116.519838679000031, -8.831546861999925 ], [ 116.530709988000012, -8.832828031999952 ], [ 116.524368456000047, -8.825667522999936 ], [ 116.541422019000038, -8.832780960999969 ], [ 116.537357455, -8.840948404999949 ], [ 116.545195031000048, -8.846524034999959 ], [ 116.531721974000106, -8.847497011999963 ], [ 116.542185968000013, -8.852206003999981 ], [ 116.533388016000117, -8.859358035999946 ], [ 116.541790965000018, -8.868523957999969 ], [ 116.54888100900007, -8.864630962999968 ], [ 116.543353037000088, -8.856563011999981 ], [ 116.558150971000032, -8.859027017999949 ], [ 116.564019012000017, -8.852531031999945 ], [ 116.566449004000106, -8.868031956999971 ], [ 116.580967012000087, -8.857220961999928 ], [ 116.594177033000051, -8.862588037999956 ], [ 116.575336977, -8.871613000999957 ], [ 116.570755965000103, -8.891804997999941 ], [ 116.54186801700007, -8.898695034999946 ], [ 116.512677238000038, -8.915713659999938 ], [ 116.508541966000053, -8.912130021999928 ], [ 116.527839004000043, -8.898933973999931 ], [ 116.516043964, -8.897340017999966 ], [ 116.52348095800005, -8.88646754399997 ], [ 116.510697980000032, -8.870387001999973 ], [ 116.496259900000041, -8.911384161999933 ], [ 116.449032166000052, -8.921531776999927 ], [ 116.431130986000085, -8.913212967999925 ], [ 116.448353992000079, -8.899146018999943 ], [ 116.459070005000058, -8.851223025999957 ], [ 116.473910994000107, -8.83916299699996 ], [ 116.467276015000039, -8.832699997999953 ], [ 116.472280033000061, -8.826961983999979 ], [ 116.464554974000066, -8.821387003999973 ], [ 116.45315899600007, -8.832302955999978 ], [ 116.445469021, -8.829531043999964 ], [ 116.440644022000015, -8.842072014999928 ], [ 116.421430988000111, -8.828112998999927 ], [ 116.402668002000041, -8.864585987999931 ], [ 116.395996481000111, -8.817758245999926 ], [ 116.414860769000029, -8.805938134999963 ], [ 116.417500088000111, -8.776400344999956 ], [ 116.425234996000086, -8.772896565999929 ], [ 116.428322532000038, -8.755937248999942 ], [ 116.445774684000071, -8.745901025999956 ], [ 116.446350449000079, -8.722916293999958 ], [ 116.432610766000039, -8.714610096999934 ], [ 116.42872012700002, -8.691132546999938 ], [ 116.403673048000087, -8.677873799999929 ], [ 116.394964668000057, -8.684207008999977 ], [ 116.378333612, -8.663452516999939 ], [ 116.384411335000095, -8.650218909999978 ], [ 116.376079778000076, -8.635721426999964 ], [ 116.379671640000083, -8.527987977999942 ], [ 116.384264713000107, -8.490507806999972 ], [ 116.403360326000097, -8.468569975999969 ], [ 116.403335015000039, -8.440398571999935 ], [ 116.423644354000089, -8.411066949999963 ], [ 116.419668687000012, -8.390442585999949 ], [ 116.467433236000034, -8.330631570999969 ], [ 116.469860979000032, -8.273639514999957 ], [ 116.489327127000024, -8.24778650099995 ] ] ], [ [ [ 116.594068172000107, -8.863658275999967 ], [ 116.594161409000094, -8.863535902999956 ], [ 116.594171121000045, -8.863661189999959 ], [ 116.594068172000107, -8.863658275999967 ] ] ], [ [ [ 116.572249036000017, -8.860242967999966 ], [ 116.572122017000083, -8.859645980999971 ], [ 116.572466004000034, -8.860094004999951 ], [ 116.572249036000017, -8.860242967999966 ] ] ], [ [ [ 116.571598990000098, -8.855214997999951 ], [ 116.571319002000109, -8.855650010999966 ], [ 116.571302029000094, -8.855218003999937 ], [ 116.571598990000098, -8.855214997999951 ] ] ], [ [ [ 116.571553009000013, -8.853995033999979 ], [ 116.571197021000103, -8.85485001099994 ], [ 116.570679014, -8.853735038999957 ], [ 116.571553009000013, -8.853995033999979 ] ] ], [ [ [ 116.730704968000055, -8.450343022999959 ], [ 116.731843016000084, -8.45054700999998 ], [ 116.731139972000051, -8.450885021999966 ], [ 116.730704968000055, -8.450343022999959 ] ] ], [ [ [ 116.73281003000011, -8.446199956999976 ], [ 116.730839987000081, -8.44511095699994 ], [ 116.732749985000055, -8.442887040999949 ], [ 116.73281003000011, -8.446199956999976 ] ] ], [ [ [ 116.748053996000067, -8.444708033999973 ], [ 116.748811967000051, -8.443956016999948 ], [ 116.749090030000048, -8.444420031999925 ], [ 116.748053996000067, -8.444708033999973 ] ] ], [ [ [ 116.738748998, -8.441997956999955 ], [ 116.736387978000039, -8.440072025999939 ], [ 116.739949036000098, -8.439649001999953 ], [ 116.738748998, -8.441997956999955 ] ] ], [ [ [ 116.751958971000022, -8.425650035999979 ], [ 116.752752963000034, -8.429440009999951 ], [ 116.750108015000023, -8.429436977999956 ], [ 116.751958971000022, -8.425650035999979 ] ] ], [ [ [ 116.747842973000047, -8.424957038999935 ], [ 116.74836697100011, -8.42502104099998 ], [ 116.748994986000071, -8.425012036999931 ], [ 116.748206003000064, -8.42524702299994 ], [ 116.747842973000047, -8.424957038999935 ] ] ], [ [ [ 116.751907036000034, -8.416750983999975 ], [ 116.754226986000049, -8.42265600199994 ], [ 116.751466003000019, -8.421562992999952 ], [ 116.751907036000034, -8.416750983999975 ] ] ], [ [ [ 116.720346181000082, -8.31166479999996 ], [ 116.742199993000099, -8.334704031999934 ], [ 116.743525970000064, -8.345380984999963 ], [ 116.709768007000093, -8.325228969999955 ], [ 116.707734001000063, -8.313530036999964 ], [ 116.720346181000082, -8.31166479999996 ] ] ], [ [ [ 116.690073013000074, -8.280608990999951 ], [ 116.711844973000098, -8.299592983999958 ], [ 116.705255023000063, -8.309538957999962 ], [ 116.685916991000113, -8.291387989999976 ], [ 116.690073013000074, -8.280608990999951 ] ] ] ] } },
{ "type": "Feature", "properties": { "kemendagri_kab_code": 5204, "kemendagri_kab_name": "Kabupaten Sumbawa", "kemendagri_prov_code": 52, "kemendagri_prov_name": "Nusa Tenggara Barat" }, "geometry": { "type": "MultiPolygon", "coordinates": [ [ [ [ 117.049994025000046, -9.105139000999941 ], [ 117.050289034000116, -9.104720983999925 ], [ 117.050396015000047, -9.105045980999932 ], [ 117.049994025000046, -9.105139000999941 ] ] ], [ [ [ 117.383125982000024, -9.05097404199995 ], [ 117.383583990000034, -9.051068966999935 ], [ 117.383188995000069, -9.051245990999973 ], [ 117.383125982000024, -9.05097404199995 ] ] ], [ [ [ 117.43964900900005, -9.03616004099996 ], [ 117.439856021000082, -9.036048021999932 ], [ 117.439916993000111, -9.036152032999951 ], [ 117.43964900900005, -9.03616004099996 ] ] ], [ [ [ 117.462992449000012, -9.024167815999931 ], [ 117.463074540000093, -9.023732373999962 ], [ 117.463088817000084, -9.024242768999954 ], [ 117.462992449000012, -9.024167815999931 ] ] ], [ [ [ 117.464894997000101, -9.023804018999954 ], [ 117.465202978000093, -9.023460991999968 ], [ 117.464978022000082, -9.024487017999945 ], [ 117.464894997000101, -9.023804018999954 ] ] ], [ [ [ 117.465200986000013, -9.024248001999979 ], [ 117.465520963000017, -9.023840030999963 ], [ 117.465247029000011, -9.024289993999957 ], [ 117.465200986000013, -9.024248001999979 ] ] ], [ [ [ 117.464368014000115, -9.02379003599998 ], [ 117.464703009000118, -9.023860960999968 ], [ 117.464612016000046, -9.023985958999958 ], [ 117.464368014000115, -9.02379003599998 ] ] ], [ [ [ 116.993346015000043, -8.48492603699998 ], [ 116.993680005000101, -8.484552998999959 ], [ 116.993535024000039, -8.485473985999931 ], [ 116.993346015000043, -8.48492603699998 ] ] ], [ [ [ 116.989848455000015, -8.477313494999976 ], [ 116.994305998000073, -8.47581102099997 ], [ 116.996702999000036, -8.477742016999969 ], [ 116.989848455000015, -8.477313494999976 ] ] ], [ [ [ 116.860778965, -8.457004022999968 ], [ 116.859144983000078, -8.456578032999971 ], [ 116.860131030000048, -8.456015972999978 ], [ 116.860778965, -8.457004022999968 ] ] ], [ [ [ 116.954769009000074, -8.420445976999929 ], [ 116.959663981000062, -8.430087988999958 ], [ 116.947479979000036, -8.43862100299998 ], [ 116.939302997000027, -8.433330994999949 ], [ 116.912430996000012, -8.446270972999969 ], [ 116.876913972000011, -8.444671034999942 ], [ 116.860842989000048, -8.452481037999974 ], [ 116.839367997000068, -8.446125018999965 ], [ 116.872497997000096, -8.431749995999951 ], [ 116.918905004000067, -8.437155968999946 ], [ 116.928806002000101, -8.425550994999981 ], [ 116.954769009000074, -8.420445976999929 ] ] ], [ [ [ 116.99084996800002, -8.421660034999945 ], [ 116.991123017000064, -8.420902012999932 ], [ 116.991416037000022, -8.42136495799997 ], [ 116.99084996800002, -8.421660034999945 ] ] ], [ [ [ 116.991751023, -8.420994993999955 ], [ 116.991817026000035, -8.420474992999971 ], [ 116.99218397900006, -8.420896970999934 ], [ 116.991751023, -8.420994993999955 ] ] ], [ [ [ 117.049121988000024, -8.381410014999972 ], [ 117.033715987000051, -8.412496970999939 ], [ 117.024148005000029, -8.409228981999945 ], [ 117.024073965000071, -8.418360959999973 ], [ 117.000965011000062, -8.422033004999946 ], [ 116.998914995000064, -8.420091992999971 ], [ 116.9920929970001, -8.419541977999927 ], [ 116.991632026000048, -8.416215035999926 ], [ 116.990330982000046, -8.423244990999933 ], [ 116.999100984000052, -8.420572023999966 ], [ 116.995105006000017, -8.426106991999973 ], [ 117.004477005000012, -8.431705026999964 ], [ 116.976783015000024, -8.431070957999964 ], [ 116.991994012000077, -8.402991955999937 ], [ 116.99966001100006, -8.413050975999965 ], [ 117.022203977000117, -8.406812031999948 ], [ 117.03215001600006, -8.384847040999944 ], [ 117.049121988000024, -8.381410014999972 ] ] ], [ [ [ 117.074413993, -8.390563990999965 ], [ 117.074145015000113, -8.389308979999953 ], [ 117.074930996000035, -8.389626982999971 ], [ 117.074413993, -8.390563990999965 ] ] ], [ [ [ 117.050526412000067, -8.37570550099997 ], [ 117.058892597000067, -8.379431736999948 ], [ 117.052567990000057, -8.380987903999937 ], [ 117.050526412000067, -8.37570550099997 ] ] ], [ [ [ 117.080872975000034, -8.371394043999942 ], [ 117.077817970000069, -8.378196030999959 ], [ 117.07083301800003, -8.373060976999966 ], [ 117.080872975000034, -8.371394043999942 ] ] ], [ [ [ 117.354583969000032, -8.156822998999928 ], [ 117.354907026000092, -8.156468031999964 ], [ 117.354964010000117, -8.156915000999959 ], [ 117.354583969000032, -8.156822998999928 ] ] ], [ [ [ 117.356684, -8.156648968999946 ], [ 117.357144994, -8.156612026999937 ], [ 117.35688596500006, -8.15682703799996 ], [ 117.356684, -8.156648968999946 ] ] ], [ [ [ 117.409712976000037, -8.129515031999972 ], [ 117.423930993000113, -8.137776989999963 ], [ 117.375725971000065, -8.150058977999947 ], [ 117.38072602200009, -8.15951195699995 ], [ 117.344657589, -8.154752444999929 ], [ 117.376863968000066, -8.146388990999981 ], [ 117.384835034000048, -8.131636969999931 ], [ 117.409712976000037, -8.129515031999972 ] ] ], [ [ [ 117.423498279000114, -8.128442630999928 ], [ 117.423307922000049, -8.127433738999969 ], [ 117.423365029000024, -8.127362354999946 ], [ 117.423498279000114, -8.128442630999928 ] ] ], [ [ [ 117.156517029000042, -8.364850043999979 ], [ 117.175594997000076, -8.376413018999926 ], [ 117.170545025000024, -8.384867019999945 ], [ 117.18329703500001, -8.384814004999953 ], [ 117.201943965000055, -8.406346023999959 ], [ 117.238309892000075, -8.400798505999944 ], [ 117.250635500000044, -8.417083536999939 ], [ 117.306141037000089, -8.431915000999936 ], [ 117.305992972000013, -8.441846027999929 ], [ 117.309112014000107, -8.434875015999978 ], [ 117.330883035000056, -8.441405019999934 ], [ 117.372569968000107, -8.460786982999934 ], [ 117.36814898800003, -8.467895966999947 ], [ 117.377238, -8.463540990999945 ], [ 117.388096976000043, -8.472670971999946 ], [ 117.403475981000042, -8.466434963999973 ], [ 117.435182006000105, -8.41199196499997 ], [ 117.42782198000009, -8.395771041999978 ], [ 117.441049022000016, -8.398967998999979 ], [ 117.450022010000112, -8.411823970999933 ], [ 117.473418325000011, -8.415865691999954 ], [ 117.563695999000061, -8.405805974999964 ], [ 117.570675031000064, -8.425712972999975 ], [ 117.559203973000081, -8.45291502699996 ], [ 117.56604698700005, -8.447980960999928 ], [ 117.568190981000043, -8.45974597999998 ], [ 117.559779990000038, -8.464002028999971 ], [ 117.569494004000035, -8.473079994999978 ], [ 117.563941349000061, -8.479171548999943 ], [ 117.57025103, -8.500676962999933 ], [ 117.591849026000091, -8.503963969999973 ], [ 117.574382992000096, -8.441821974999925 ], [ 117.583840969000107, -8.426091965999944 ], [ 117.592551979000064, -8.430204991999972 ], [ 117.5847370030001, -8.435294032999934 ], [ 117.600042988000041, -8.426894979999929 ], [ 117.601398970000105, -8.435143954999944 ], [ 117.624641019000023, -8.443229964999944 ], [ 117.634814998000024, -8.465077991999976 ], [ 117.625310990000116, -8.498859969999955 ], [ 117.634918035000055, -8.521513017999951 ], [ 117.622768991000044, -8.537900987999933 ], [ 117.63142799000002, -8.53587601199996 ], [ 117.631802002000086, -8.561306039999977 ], [ 117.64401000600003, -8.556049962999964 ], [ 117.688928027000088, -8.577633954999953 ], [ 117.700279969, -8.56388699699994 ], [ 117.719200023000099, -8.567699955999956 ], [ 117.725475008000103, -8.557474967999951 ], [ 117.737231024000039, -8.563679028999957 ], [ 117.727037011000107, -8.588195966999933 ], [ 117.737355967000099, -8.594271976999948 ], [ 117.75377297600005, -8.589633040999956 ], [ 117.761362036000037, -8.598843009999939 ], [ 117.751348009000026, -8.631029960999967 ], [ 117.78128300100002, -8.63196195699993 ], [ 117.754329968000093, -8.635828028999981 ], [ 117.749145013000089, -8.644637987999943 ], [ 117.757389029000024, -8.65940995699998 ], [ 117.76976701500007, -8.65632702299996 ], [ 117.76485798200008, -8.668464041999925 ], [ 117.772847998000088, -8.711726970999962 ], [ 117.790662976000021, -8.72278700399994 ], [ 117.799519009000051, -8.718591981999964 ], [ 117.804660012000113, -8.727318016999959 ], [ 117.831782985000018, -8.709223970999972 ], [ 117.847218990000101, -8.718212981999955 ], [ 117.870992970000088, -8.696399978999978 ], [ 117.901842032000104, -8.705099038999947 ], [ 117.888524999000083, -8.723498989999939 ], [ 117.897786967000116, -8.732821981999962 ], [ 117.901639985000088, -8.728122959999951 ], [ 117.904980972000089, -8.740999010999928 ], [ 117.921701015000053, -8.718927975999975 ], [ 117.949006033000046, -8.730734041999938 ], [ 117.945972027000039, -8.743016034999926 ], [ 117.965343011000073, -8.742347964999965 ], [ 117.991547031000096, -8.721864000999972 ], [ 117.986252026000102, -8.717645997999966 ], [ 117.991172022000114, -8.71070803899994 ], [ 118.009189037000056, -8.71199199299997 ], [ 118.035062973000095, -8.682731029999957 ], [ 118.03635896500009, -8.671161004999931 ], [ 118.088000974000011, -8.652274972999976 ], [ 118.10806100700006, -8.656895998999971 ], [ 118.11624202400003, -8.651184034999972 ], [ 118.122620035000068, -8.658263964999946 ], [ 118.124717971000109, -8.648357997999938 ], [ 118.133325007000053, -8.651732029999948 ], [ 118.14122997100003, -8.647873955999955 ], [ 118.145045018000019, -8.655787959999941 ], [ 118.166232014000116, -8.652204954999945 ], [ 118.173492476000092, -8.66067772699995 ], [ 118.175829442, -8.654845187999967 ], [ 118.177394370000115, -8.689479006999932 ], [ 118.1883656440001, -8.705735589999961 ], [ 118.312163355000052, -8.693435588999932 ], [ 118.333476998000037, -8.715388983999958 ], [ 118.323594988000082, -8.731648993999954 ], [ 118.28727501100002, -8.740435004999938 ], [ 118.283826022000085, -8.769308983999963 ], [ 118.259380002000057, -8.774622015999967 ], [ 118.248935030000098, -8.794562026999927 ], [ 118.22151197900007, -8.806758989999935 ], [ 118.209720989000061, -8.832532997999976 ], [ 118.185183021000057, -8.853882022999926 ], [ 118.158824973000037, -8.858785975999979 ], [ 118.126982035000083, -8.877948018999973 ], [ 118.09582303500008, -8.862400961999981 ], [ 118.079484971000056, -8.840216011999928 ], [ 118.038993994000066, -8.857599023999967 ], [ 118.01270903000011, -8.852763034999953 ], [ 117.989904988000035, -8.872884038999928 ], [ 117.980805029000066, -8.894765 ], [ 117.961396008000065, -8.899221973999943 ], [ 117.950284968, -8.90687696599997 ], [ 117.935194019000051, -8.899145015999977 ], [ 117.923320978000106, -8.916515985999979 ], [ 117.89589503500008, -8.922420040999953 ], [ 117.884206, -8.94372102799997 ], [ 117.85312397000007, -8.926496009999937 ], [ 117.837790963000089, -8.931601967999939 ], [ 117.817083992000107, -8.898961995999969 ], [ 117.795722029000103, -8.905953041999965 ], [ 117.765522993000104, -8.934247030999927 ], [ 117.733837983000058, -8.916088006999928 ], [ 117.690537013000039, -8.91881404399993 ], [ 117.667606025000055, -8.937708972999928 ], [ 117.605843986000082, -8.966094975999965 ], [ 117.595333990000086, -8.981341018999956 ], [ 117.572898011, -8.984909010999957 ], [ 117.547321031000024, -9.003126963999932 ], [ 117.535064993000105, -8.998178990999975 ], [ 117.500444010000024, -9.019664954999939 ], [ 117.483660017000034, -9.018477023999935 ], [ 117.458892990000095, -9.024472964999973 ], [ 117.410382012000014, -9.049445016999925 ], [ 117.371540971000059, -9.047219002999952 ], [ 117.359552977000021, -9.055697969999926 ], [ 117.345608021000089, -9.042031041999962 ], [ 117.323999027000013, -9.055607984999938 ], [ 117.306765025000118, -9.042245004999927 ], [ 117.27104999900007, -9.041318998999941 ], [ 117.21987196300006, -9.019736995999949 ], [ 117.185838021000109, -9.020808041999942 ], [ 117.134746026000016, -9.070111982999947 ], [ 117.135111017000099, -9.083998024999971 ], [ 117.057482009000069, -9.104222995999976 ], [ 117.040405691000046, -9.100897357999941 ], [ 117.059318776000055, -9.056200052999941 ], [ 117.053562131000035, -9.053317995999976 ], [ 117.066617945000075, -9.042222568999932 ], [ 117.061512508000078, -9.013094483999964 ], [ 117.070205974000032, -8.971092748999979 ], [ 117.062089134000075, -8.952055564999966 ], [ 117.074217676000103, -8.941714751999939 ], [ 117.083922527000027, -8.944412200999977 ], [ 117.088078217000088, -8.930683896999938 ], [ 117.083295941000074, -8.90150751799996 ], [ 117.063200548000054, -8.900360712999941 ], [ 117.053891803000056, -8.889772273999938 ], [ 117.064840036000078, -8.876125011999932 ], [ 117.061077805000082, -8.862394657999971 ], [ 117.07325864500001, -8.857426577999945 ], [ 117.081859421000104, -8.83571311299994 ], [ 117.096514118000073, -8.836928907999948 ], [ 117.060951226000043, -8.804903023999941 ], [ 117.034566319000078, -8.80031996699995 ], [ 117.040612884000097, -8.791085001999932 ], [ 117.052706686000079, -8.795296469999926 ], [ 117.074064023, -8.767065854999942 ], [ 117.090151855000045, -8.760654842999941 ], [ 117.07870066800001, -8.728966967999952 ], [ 117.090108155000053, -8.702878349999935 ], [ 117.069368851000036, -8.677976258999934 ], [ 117.03969444400002, -8.671527777999927 ], [ 117.021467126000061, -8.639843137999947 ], [ 116.995299397000053, -8.615531705999956 ], [ 116.973092380000026, -8.617903141999932 ], [ 116.960998468000071, -8.605029083999966 ], [ 116.935416667000027, -8.606194443999925 ], [ 116.936176919000104, -8.591295842999955 ], [ 116.921348594000051, -8.592438600999969 ], [ 116.914802645, -8.573203518999946 ], [ 116.876065200000085, -8.541454859999931 ], [ 116.872583896000037, -8.528828699999963 ], [ 116.916889004000041, -8.526328040999942 ], [ 116.929699024000115, -8.512710016999961 ], [ 116.945797991000063, -8.516584016999957 ], [ 116.963599013000021, -8.489125006999927 ], [ 116.979797033000068, -8.493568978999974 ], [ 116.987252983000076, -8.479092016999971 ], [ 116.998245997000026, -8.506959015999939 ], [ 117.003461731000016, -8.505713997999976 ], [ 117.011841035000089, -8.481110010999942 ], [ 117.018762037000101, -8.479632031999927 ], [ 117.007637999000053, -8.460467961999939 ], [ 117.023581977000049, -8.463844983999934 ], [ 117.035075034000101, -8.443981955999959 ], [ 117.066733996000039, -8.435159968999926 ], [ 117.070432007000022, -8.420340980999981 ], [ 117.087992004000057, -8.423341967999932 ], [ 117.081468984000026, -8.416247017999979 ], [ 117.096781966000094, -8.416302961999975 ], [ 117.087645018000103, -8.398910978999936 ], [ 117.115502989000106, -8.376957970999968 ], [ 117.105501017000051, -8.372780035999938 ], [ 117.123225964000085, -8.369012978999933 ], [ 117.142200766000087, -8.378474798999946 ], [ 117.156517029000042, -8.364850043999979 ] ] ], [ [ [ 117.762276035000014, -8.647496957999977 ], [ 117.761373009000067, -8.645613993999973 ], [ 117.763167995000117, -8.647340008999947 ], [ 117.762276035000014, -8.647496957999977 ] ] ], [ [ [ 117.768270980000011, -8.60586004299995 ], [ 117.768030999000075, -8.604986005999933 ], [ 117.768593971000087, -8.605759023999951 ], [ 117.768270980000011, -8.60586004299995 ] ] ], [ [ [ 117.763649963000034, -8.591454956999939 ], [ 117.764102032000096, -8.590932026999951 ], [ 117.764158026000018, -8.591502960999946 ], [ 117.763649963000034, -8.591454956999939 ] ] ], [ [ [ 117.711923998000088, -8.564502970999968 ], [ 117.712097988000096, -8.562854964999929 ], [ 117.712503033000075, -8.564337958999943 ], [ 117.711923998000088, -8.564502970999968 ] ] ], [ [ [ 117.697494003000088, -8.562408017999928 ], [ 117.697001018000037, -8.561359035999942 ], [ 117.697707016000095, -8.561376029999963 ], [ 117.697494003000088, -8.562408017999928 ] ] ], [ [ [ 117.699124432000076, -8.545853172999955 ], [ 117.698631146000025, -8.544570706999934 ], [ 117.6992776620001, -8.544395982999959 ], [ 117.699124432000076, -8.545853172999955 ] ] ], [ [ [ 117.694288007000068, -8.525504035999973 ], [ 117.69411698600004, -8.524229030999948 ], [ 117.69442197300009, -8.52426302899994 ], [ 117.694288007000068, -8.525504035999973 ] ] ], [ [ [ 117.662463981000087, -8.522884033999958 ], [ 117.661436988000105, -8.522108998999954 ], [ 117.662655995000023, -8.522227010999927 ], [ 117.662463981000087, -8.522884033999958 ] ] ], [ [ [ 117.72534496600008, -8.472990022999966 ], [ 117.731730987000105, -8.501181016999965 ], [ 117.746684987000094, -8.503182989999971 ], [ 117.734722980000015, -8.51852899499994 ], [ 117.74835302800011, -8.539007014999981 ], [ 117.761423031000049, -8.547835991999932 ], [ 117.76636299300003, -8.538798025999938 ], [ 117.776654001000111, -8.554440979999981 ], [ 117.795008974000098, -8.54833402099996 ], [ 117.799392027000067, -8.554284985999971 ], [ 117.777845971000033, -8.561561035999944 ], [ 117.770796019000045, -8.552587008999978 ], [ 117.769798965000064, -8.565250998999943 ], [ 117.759577017000083, -8.569776022999974 ], [ 117.733270986000093, -8.56016703399996 ], [ 117.732533980000085, -8.549801006999928 ], [ 117.713788003000104, -8.535163005999948 ], [ 117.713656003000096, -8.512709971999925 ], [ 117.70121503200005, -8.494842988999949 ], [ 117.714916020000032, -8.478025033999927 ], [ 117.72534496600008, -8.472990022999966 ] ] ], [ [ [ 117.636291968000023, -8.518636017999938 ], [ 117.637739037000074, -8.520302971999968 ], [ 117.635422977000076, -8.519910957999969 ], [ 117.636291968000023, -8.518636017999938 ] ] ], [ [ [ 117.632632030000082, -8.506761002999951 ], [ 117.629165206000039, -8.507490618999952 ], [ 117.631861026000024, -8.502446956999961 ], [ 117.632632030000082, -8.506761002999951 ] ] ], [ [ [ 117.749970021000081, -8.504530009999939 ], [ 117.748706016000028, -8.505788028999973 ], [ 117.747950008000089, -8.504573956999934 ], [ 117.749970021000081, -8.504530009999939 ] ] ], [ [ [ 117.640732966000087, -8.502076975999955 ], [ 117.635929980000014, -8.499714965999942 ], [ 117.639784975000111, -8.498329963999936 ], [ 117.640732966000087, -8.502076975999955 ] ] ], [ [ [ 117.751588036000044, -8.493138009999939 ], [ 117.752376020000042, -8.492354020999926 ], [ 117.752521972000068, -8.492633973999943 ], [ 117.751588036000044, -8.493138009999939 ] ] ], [ [ [ 117.653947003000098, -8.447950955999943 ], [ 117.674075016000074, -8.466164963999972 ], [ 117.66823403, -8.47575496099995 ], [ 117.677784977000101, -8.503298041999926 ], [ 117.670864971000015, -8.512958972999968 ], [ 117.67974098500008, -8.52207703299996 ], [ 117.672311998000055, -8.523372967999933 ], [ 117.66714700600005, -8.513788002999945 ], [ 117.663488029000064, -8.522034965999978 ], [ 117.65384696600006, -8.520660968999948 ], [ 117.650621971000078, -8.533119019999958 ], [ 117.63648497500003, -8.509347964999961 ], [ 117.642738980000104, -8.502822966999929 ], [ 117.643698965000112, -8.495951007999963 ], [ 117.639002987000026, -8.486548011999957 ], [ 117.650434997000048, -8.486568990999956 ], [ 117.641288968000026, -8.476104985999939 ], [ 117.650112972000102, -8.471384988999944 ], [ 117.653947003000098, -8.447950955999943 ] ] ], [ [ [ 117.761105788, -8.488677455999948 ], [ 117.762450183000055, -8.49050964099996 ], [ 117.760629896000069, -8.489474574999974 ], [ 117.761105788, -8.488677455999948 ] ] ], [ [ [ 117.677611974000115, -8.46683100599995 ], [ 117.676641019000044, -8.467486037999947 ], [ 117.67601903100001, -8.466962987999977 ], [ 117.677611974000115, -8.46683100599995 ] ] ], [ [ [ 117.664124992000097, -8.422504017999927 ], [ 117.656639976000065, -8.439147034999962 ], [ 117.641919017000077, -8.438881042999981 ], [ 117.658288992000053, -8.418642011999964 ], [ 117.664124992000097, -8.422504017999927 ] ] ], [ [ [ 117.635687027000017, -8.424206023999943 ], [ 117.629221984000083, -8.426171982999961 ], [ 117.628427972000054, -8.425771021999935 ], [ 117.635687027000017, -8.424206023999943 ] ] ], [ [ [ 117.562155002000054, -8.144732019999935 ], [ 117.606405991000088, -8.154760025999963 ], [ 117.662769033000018, -8.150137960999928 ], [ 117.683636975000013, -8.16604598899994 ], [ 117.689953023000044, -8.180741005999948 ], [ 117.610279005000052, -8.238099958999953 ], [ 117.607063980000021, -8.264423001999944 ], [ 117.58621198600008, -8.281674032999945 ], [ 117.570319979000033, -8.335277039999937 ], [ 117.528065008000112, -8.389622006999957 ], [ 117.470150964000027, -8.355972023999925 ], [ 117.508244980000086, -8.273054959999968 ], [ 117.478901993000022, -8.257382001999929 ], [ 117.487965024000118, -8.228075958999966 ], [ 117.480092007000053, -8.192300959999955 ], [ 117.516466963000084, -8.160930033999932 ], [ 117.562155002000054, -8.144732019999935 ] ] ], [ [ [ 117.958041034000075, -8.904817001999959 ], [ 117.957694987000082, -8.906474040999967 ], [ 117.95686498300006, -8.903619960999947 ], [ 117.958041034000075, -8.904817001999959 ] ] ], [ [ [ 117.948153011000045, -8.740932959999952 ], [ 117.948182023000072, -8.739569958999937 ], [ 117.94880802900002, -8.739996991999931 ], [ 117.948153011000045, -8.740932959999952 ] ] ], [ [ [ 117.950817964000066, -8.725733968999975 ], [ 117.95085799200001, -8.722475968999959 ], [ 117.952340972000115, -8.722299003999979 ], [ 117.950817964000066, -8.725733968999975 ] ] ], [ [ [ 117.825122847000102, -8.711993202999963 ], [ 117.825836685000013, -8.711422131999939 ], [ 117.825896172000057, -8.712766527999975 ], [ 117.825122847000102, -8.711993202999963 ] ] ], [ [ [ 118.012673967000069, -8.69196799599996 ], [ 118.013359022000031, -8.694520007999927 ], [ 118.010138018000021, -8.692599985999948 ], [ 118.012673967000069, -8.69196799599996 ] ] ], [ [ [ 117.843791984000063, -8.684497960999977 ], [ 117.844991997000079, -8.686205955999981 ], [ 117.843314964000115, -8.684780959999955 ], [ 117.843791984000063, -8.684497960999977 ] ] ], [ [ [ 118.008098975000053, -8.686449013999948 ], [ 118.006979001000104, -8.683620000999952 ], [ 118.009284985000022, -8.68613500999993 ], [ 118.008098975000053, -8.686449013999948 ] ] ], [ [ [ 117.832991997000022, -8.662554969999974 ], [ 117.832350964000057, -8.66155400599996 ], [ 117.832875024000032, -8.661404024999968 ], [ 117.832991997000022, -8.662554969999974 ] ] ], [ [ [ 117.778361997000047, -8.662890028999925 ], [ 117.776129995000019, -8.659803982999961 ], [ 117.778631989000019, -8.659700964999956 ], [ 117.778361997000047, -8.662890028999925 ] ] ], [ [ [ 118.051449057000013, -8.661783688999947 ], [ 118.051390203000096, -8.660413164999966 ], [ 118.051836109000078, -8.661770830999956 ], [ 118.051449057000013, -8.661783688999947 ] ] ], [ [ [ 117.888363009000045, -8.661949967999931 ], [ 117.886668023000084, -8.660327 ], [ 117.887167994000038, -8.659504972999969 ], [ 117.888363009000045, -8.661949967999931 ] ] ], [ [ [ 117.860783021000088, -8.65575298899995 ], [ 117.857419026000116, -8.658294958999932 ], [ 117.85750500100005, -8.656844991999947 ], [ 117.860783021000088, -8.65575298899995 ] ] ], [ [ [ 117.950179971000011, -8.613793955999938 ], [ 117.978019984000071, -8.611362035999946 ], [ 117.984099999000023, -8.619690979999973 ], [ 117.976018982000028, -8.627128980999942 ], [ 117.987179993000041, -8.626820036999959 ], [ 117.989711994000118, -8.634855043999949 ], [ 118.003350008000098, -8.62863200399994 ], [ 117.99716399700003, -8.651629003999972 ], [ 118.011287998000057, -8.678326955999978 ], [ 118.001796987000034, -8.684312979999959 ], [ 118.003218968000056, -8.693317039999954 ], [ 117.988159037000059, -8.686003994999965 ], [ 117.978063011000017, -8.691315970999938 ], [ 117.995007022000095, -8.662616976999971 ], [ 117.989806986000076, -8.64791596699996 ], [ 117.986237001000063, -8.660138020999966 ], [ 117.970761995000089, -8.658680964999974 ], [ 117.964194978000023, -8.670905968999932 ], [ 117.954939976000105, -8.666518979999978 ], [ 117.964923971000076, -8.647324017999949 ], [ 117.97930898200002, -8.640224039999964 ], [ 117.967269997000017, -8.627665994999973 ], [ 117.953715006000039, -8.629777010999931 ], [ 117.961444003000111, -8.619703962999949 ], [ 117.950179971000011, -8.613793955999938 ] ] ], [ [ [ 118.137959008000053, -8.648164978999944 ], [ 118.137669030000097, -8.646849006999958 ], [ 118.138580993, -8.648246041999926 ], [ 118.137959008000053, -8.648164978999944 ] ] ], [ [ [ 117.867701036000085, -8.608054005999975 ], [ 117.866710980000107, -8.61077303999997 ], [ 117.864722001000018, -8.607341026999961 ], [ 117.867701036000085, -8.608054005999975 ] ] ], [ [ [ 117.842275034000068, -8.606994956999927 ], [ 117.841490008000051, -8.603796985999963 ], [ 117.842192982000029, -8.603774016999978 ], [ 117.842275034000068, -8.606994956999927 ] ] ], [ [ [ 117.834252991000085, -8.601868964999937 ], [ 117.834702007000033, -8.602390015999958 ], [ 117.834381026000074, -8.60240499899993 ], [ 117.834252991000085, -8.601868964999937 ] ] ], [ [ [ 117.846486014000106, -8.601964960999965 ], [ 117.84698400100001, -8.602193001999979 ], [ 117.846519031000071, -8.602221965999945 ], [ 117.846486014000106, -8.601964960999965 ] ] ], [ [ [ 117.839557998000032, -8.600528993999944 ], [ 117.839995964000082, -8.600215981999952 ], [ 117.839968971000076, -8.600547990999928 ], [ 117.839557998000032, -8.600528993999944 ] ] ], [ [ [ 117.839126988000089, -8.574750990999974 ], [ 117.841918990000067, -8.584229964999963 ], [ 117.834474999, -8.59473700999996 ], [ 117.826058027000045, -8.577987020999956 ], [ 117.839126988000089, -8.574750990999974 ] ] ], [ [ [ 117.823201974000085, -8.557885005999935 ], [ 117.824655008000036, -8.563393982999969 ], [ 117.831391973000109, -8.564232986999968 ], [ 117.819099990000041, -8.56702698099997 ], [ 117.813456015000042, -8.561392987999966 ], [ 117.823201974000085, -8.557885005999935 ] ] ] ] } },
{ "type": "Feature", "properties": { "kemendagri_kab_code": 5205, "kemendagri_kab_name": "Kabupaten Dompu", "kemendagri_prov_code": 52, "kemendagri_prov_name": "Nusa Tenggara Barat" }, "geometry": { "type": "MultiPolygon", "coordinates": [ [ [ [ 118.213783009000053, -8.663383960999965 ], [ 118.212763969000093, -8.661708014999931 ], [ 118.21417903400004, -8.663356029999932 ], [ 118.213783009000053, -8.663383960999965 ] ] ], [ [ [ 118.213646991000019, -8.649724004999939 ], [ 118.227361981000058, -8.654397997999979 ], [ 118.223988997000106, -8.658632960999967 ], [ 118.213646991000019, -8.649724004999939 ] ] ], [ [ [ 118.19242496600009, -8.64871304299993 ], [ 118.192253009000069, -8.647574977999966 ], [ 118.193423032000055, -8.648217982999938 ], [ 118.19242496600009, -8.64871304299993 ] ] ], [ [ [ 118.201117028000112, -8.63801200499995 ], [ 118.213098973000115, -8.638118027999951 ], [ 118.209327020000046, -8.654132017999927 ], [ 118.194903965000094, -8.648719960999927 ], [ 118.202319028000034, -8.64506395799998 ], [ 118.201117028000112, -8.63801200499995 ] ] ], [ [ [ 118.194594974000097, -8.643450978999965 ], [ 118.194817989000057, -8.64281303599995 ], [ 118.194959016000098, -8.643574977999947 ], [ 118.194594974000097, -8.643450978999965 ] ] ], [ [ [ 118.22044599600008, -8.637318042999937 ], [ 118.227048977000095, -8.638209965999977 ], [ 118.223538964000113, -8.646829993999972 ], [ 118.22044599600008, -8.637318042999937 ] ] ], [ [ [ 118.194657993000078, -8.642165980999948 ], [ 118.193721014000062, -8.640684009999973 ], [ 118.194967034000115, -8.639910962999977 ], [ 118.194657993000078, -8.642165980999948 ] ] ], [ [ [ 118.20011601200008, -8.639766029999976 ], [ 118.200230017000081, -8.639278967999928 ], [ 118.200622966000083, -8.639754043999972 ], [ 118.20011601200008, -8.639766029999976 ] ] ], [ [ [ 118.199116451, -8.599132363999956 ], [ 118.199102174000018, -8.598370935999981 ], [ 118.199411504000068, -8.598508944999935 ], [ 118.199116451, -8.599132363999956 ] ] ], [ [ [ 118.200891978000072, -8.596818145999976 ], [ 118.198978892000014, -8.595961539999962 ], [ 118.200156725000056, -8.595711696999956 ], [ 118.200891978000072, -8.596818145999976 ] ] ], [ [ [ 118.222588995000024, -8.559552015999941 ], [ 118.221417987000109, -8.558402022999928 ], [ 118.221721000000116, -8.558136963999971 ], [ 118.222588995000024, -8.559552015999941 ] ] ], [ [ [ 117.765467848000071, -8.143520740999975 ], [ 117.855106422000063, -8.215109083999948 ], [ 117.928813913000113, -8.21999423099993 ], [ 117.97331414100006, -8.272999850999952 ], [ 118.024543797000092, -8.299159878999944 ], [ 118.049384302000021, -8.339542268999935 ], [ 118.103334393000068, -8.377700296999933 ], [ 118.138519316000043, -8.389770643999952 ], [ 118.145564584000113, -8.405790441999955 ], [ 118.183795246000045, -8.417482581999934 ], [ 118.207438804000049, -8.437322363999954 ], [ 118.272109660000069, -8.439318033999939 ], [ 118.298399572000108, -8.428732134999962 ], [ 118.308233811000036, -8.411610708999945 ], [ 118.32287473100007, -8.405599669999958 ], [ 118.316394489000118, -8.373821376999956 ], [ 118.322899033000112, -8.360104036999928 ], [ 118.335131992000015, -8.36554904299993 ], [ 118.341219990000013, -8.344365961999927 ], [ 118.356043996000039, -8.352311030999942 ], [ 118.363226970000028, -8.338507021999931 ], [ 118.388750979000065, -8.328547954999976 ], [ 118.389179972000079, -8.303612980999958 ], [ 118.439474996000058, -8.278323992999958 ], [ 118.443487975000039, -8.268857962999959 ], [ 118.451653284000031, -8.275407793999932 ], [ 118.499999413000069, -8.348830934999967 ], [ 118.527382923000118, -8.366074472999969 ], [ 118.542636621000042, -8.394870733999937 ], [ 118.524589612000113, -8.428280857999937 ], [ 118.482183567000106, -8.460417932999974 ], [ 118.489718437000079, -8.474582729999952 ], [ 118.506718428000113, -8.478481429999931 ], [ 118.513912998000023, -8.506170988999941 ], [ 118.500229354000112, -8.547784824999951 ], [ 118.506564084000047, -8.595266839999965 ], [ 118.520623632000024, -8.615185292999968 ], [ 118.519544957000107, -8.639178528999935 ], [ 118.536022398000114, -8.648971440999958 ], [ 118.536365817000046, -8.681393563999961 ], [ 118.514338198000019, -8.712600056999975 ], [ 118.513068156000031, -8.74819501099995 ], [ 118.49501366700008, -8.77529397099994 ], [ 118.500000215000114, -8.796504476999928 ], [ 118.483343572000081, -8.82089704599997 ], [ 118.473775683000099, -8.866863902999967 ], [ 118.479692295000063, -8.884727675999954 ], [ 118.467447981000078, -8.88943597399998 ], [ 118.466882986000087, -8.880578994999951 ], [ 118.45056196500002, -8.884839959999965 ], [ 118.418002019000028, -8.871653993999928 ], [ 118.379611987000089, -8.82844701199997 ], [ 118.380006964000017, -8.787935968999932 ], [ 118.371739035000019, -8.779670971999963 ], [ 118.386310965, -8.763900966999927 ], [ 118.407002976000058, -8.759276006999926 ], [ 118.428812973000049, -8.720326006999926 ], [ 118.418292016, -8.692670978999956 ], [ 118.433088980000093, -8.673724996999965 ], [ 118.417901980000011, -8.658223032999956 ], [ 118.426387003000059, -8.649662005999971 ], [ 118.421172973000012, -8.624078991999966 ], [ 118.408146970000075, -8.626606221999964 ], [ 118.40936002400008, -8.618830964999972 ], [ 118.398428029000115, -8.620873017999941 ], [ 118.39545272700002, -8.607558409999967 ], [ 118.387052971000116, -8.60903301299993 ], [ 118.380059024000047, -8.622528956999929 ], [ 118.391053985000099, -8.645411029999934 ], [ 118.385519024000018, -8.653934040999957 ], [ 118.405458036000027, -8.664533973999937 ], [ 118.406011996000075, -8.672272029999931 ], [ 118.37711, -8.694738031999975 ], [ 118.373658983000041, -8.694173956999975 ], [ 118.371005987000103, -8.688557989999936 ], [ 118.364898989000039, -8.685227983999937 ], [ 118.353787020000027, -8.684533024999951 ], [ 118.333031924000011, -8.712858222999955 ], [ 118.312163355000052, -8.693435588999932 ], [ 118.1883656440001, -8.705735589999961 ], [ 118.177394370000115, -8.689479006999932 ], [ 118.175829442, -8.654845187999967 ], [ 118.182133034000117, -8.66732501599995 ], [ 118.203781983000113, -8.672817024999972 ], [ 118.21865583500005, -8.66318210999998 ], [ 118.228561994000074, -8.665463007999961 ], [ 118.227208965000045, -8.655600997999954 ], [ 118.234906976000048, -8.658394968999971 ], [ 118.240397028000075, -8.650112022999963 ], [ 118.247194999000044, -8.66547795799994 ], [ 118.257499035000023, -8.651223995999942 ], [ 118.269161896000014, -8.658748117999949 ], [ 118.274064017000114, -8.652699985999959 ], [ 118.264615986000081, -8.642022990999976 ], [ 118.271351967000101, -8.636493017999953 ], [ 118.279581998000026, -8.643174968999972 ], [ 118.287878022000086, -8.625694971999962 ], [ 118.278025968000065, -8.590924965999932 ], [ 118.250644028000011, -8.587076030999981 ], [ 118.249163987000088, -8.567362021999941 ], [ 118.230066479000016, -8.551130092999927 ], [ 118.209083966000094, -8.552226992999977 ], [ 118.202501999000106, -8.570742971999948 ], [ 118.193908982000039, -8.570919993999951 ], [ 118.180090981000035, -8.53246298199997 ], [ 118.142724029000078, -8.513973012999941 ], [ 118.130986972000073, -8.482189000999938 ], [ 118.105389990000049, -8.495224979999932 ], [ 118.0821160160001, -8.450722028999962 ], [ 117.980371987000012, -8.464785024999969 ], [ 117.968306997000013, -8.447063956999955 ], [ 117.904122990000019, -8.417339984999956 ], [ 117.846612037000114, -8.37198802599994 ], [ 117.827685004000045, -8.372581988999968 ], [ 117.826063996000016, -8.362539004999974 ], [ 117.817948976000025, -8.368693032999943 ], [ 117.817003963000047, -8.35135603699996 ], [ 117.774742019000087, -8.311204981999936 ], [ 117.764409020000016, -8.289380988999937 ], [ 117.742271997000103, -8.279548987999931 ], [ 117.72511729200005, -8.25167976399996 ], [ 117.690865005000092, -8.234824011999933 ], [ 117.710002029000066, -8.220027030999972 ], [ 117.70654399600005, -8.210750979999943 ], [ 117.719047992000014, -8.163955038999973 ], [ 117.72710599800007, -8.158270997999978 ], [ 117.723995999000067, -8.15008600699997 ], [ 117.73253598000008, -8.146787997999979 ], [ 117.739957996000044, -8.155727017999936 ], [ 117.765467848000071, -8.143520740999975 ] ] ], [ [ [ 117.749666973000103, -8.098623009999926 ], [ 117.760232024000061, -8.109756974999925 ], [ 117.751801004000072, -8.121310010999935 ], [ 117.735045985000056, -8.107714981999948 ], [ 117.737294035000104, -8.099775015999967 ], [ 117.749666973000103, -8.098623009999926 ] ] ], [ [ [ 118.370795038000097, -8.69057903099997 ], [ 118.370672989000013, -8.689925992999974 ], [ 118.371159028000079, -8.690048013999956 ], [ 118.370795038000097, -8.69057903099997 ] ] ], [ [ [ 118.424190993000025, -8.670629032999955 ], [ 118.423091973000055, -8.668919007999932 ], [ 118.424763991000077, -8.668539030999966 ], [ 118.424190993000025, -8.670629032999955 ] ] ], [ [ [ 118.229665972000021, -8.653237004999937 ], [ 118.229685023000116, -8.652642018999927 ], [ 118.229891026000018, -8.652737014999957 ], [ 118.229665972000021, -8.653237004999937 ] ] ], [ [ [ 118.270583920000036, -8.652823154999965 ], [ 118.270018326000013, -8.652406869999936 ], [ 118.27088548100005, -8.652784108999981 ], [ 118.270583920000036, -8.652823154999965 ] ] ], [ [ [ 118.228457003000017, -8.652364955999928 ], [ 118.228558, -8.652221957999927 ], [ 118.228693971000098, -8.65235 ], [ 118.228457003000017, -8.652364955999928 ] ] ], [ [ [ 118.227588014000048, -8.651677973999938 ], [ 118.227450035000061, -8.650999043999946 ], [ 118.227848994000055, -8.651465024999936 ], [ 118.227588014000048, -8.651677973999938 ] ] ], [ [ [ 118.237117026000078, -8.65169095899995 ], [ 118.236932990000014, -8.650796003999972 ], [ 118.237350027000048, -8.651677998999958 ], [ 118.237117026000078, -8.65169095899995 ] ] ], [ [ [ 118.228159965000032, -8.645879237999964 ], [ 118.225355071000081, -8.646963721999953 ], [ 118.226854021, -8.64415977699997 ], [ 118.228159965000032, -8.645879237999964 ] ] ], [ [ [ 118.241310030000022, -8.644897973999946 ], [ 118.239368014000092, -8.64194103899996 ], [ 118.239309027000104, -8.640766030999941 ], [ 118.241310030000022, -8.644897973999946 ] ] ], [ [ [ 118.401504705000093, -8.622795911999958 ], [ 118.402018668000096, -8.622415197999942 ], [ 118.402399382000112, -8.623252768999976 ], [ 118.401504705000093, -8.622795911999958 ] ] ], [ [ [ 118.395836985000074, -8.61802002099995 ], [ 118.392741994000062, -8.614187983999955 ], [ 118.395127991000095, -8.612542029999929 ], [ 118.395836985000074, -8.61802002099995 ] ] ], [ [ [ 118.38966450700002, -8.612592782999968 ], [ 118.390939898000056, -8.610498857999971 ], [ 118.392519860000107, -8.610251393999931 ], [ 118.38966450700002, -8.612592782999968 ] ] ] ] } },
{ "type": "Feature", "properties": { "kemendagri_kab_code": 5206, "kemendagri_kab_name": "Kabupaten Bima", "kemendagri_prov_code": 52, "kemendagri_prov_name": "Nusa Tenggara Barat" }, "geometry": { "type": "MultiPolygon", "coordinates": [ [ [ [ 118.502795980000087, -8.884072997999965 ], [ 118.502026034000096, -8.883138978999966 ], [ 118.502134028000114, -8.882815984999979 ], [ 118.502795980000087, -8.884072997999965 ] ] ], [ [ [ 118.572005791000038, -8.852608823999958 ], [ 118.571705979000058, -8.851555911999981 ], [ 118.572212805000049, -8.852673068999934 ], [ 118.572005791000038, -8.852608823999958 ] ] ], [ [ [ 118.843943037000031, -8.84689799299997 ], [ 118.843933978000109, -8.846116991999963 ], [ 118.844312983, -8.84629201499996 ], [ 118.843943037000031, -8.84689799299997 ] ] ], [ [ [ 118.843971998000029, -8.845909995999932 ], [ 118.843935970000075, -8.84517703399996 ], [ 118.844240974000058, -8.845724007999934 ], [ 118.843971998000029, -8.845909995999932 ] ] ], [ [ [ 118.841317991000096, -8.845648997999945 ], [ 118.840633019000052, -8.845229978999953 ], [ 118.840979996000101, -8.844767020999939 ], [ 118.841317991000096, -8.845648997999945 ] ] ], [ [ [ 118.843631966000089, -8.844107970999971 ], [ 118.843940008000118, -8.844151015999955 ], [ 118.843814032000068, -8.84426001199995 ], [ 118.843631966000089, -8.844107970999971 ] ] ], [ [ [ 118.945900952000102, -8.834760722999931 ], [ 118.945382000000109, -8.832376015999955 ], [ 118.946185140000011, -8.832091827999932 ], [ 118.945900952000102, -8.834760722999931 ] ] ], [ [ [ 118.950305030000095, -8.824130023999942 ], [ 118.949809981000044, -8.824548990999972 ], [ 118.949834020000026, -8.824146028999962 ], [ 118.950305030000095, -8.824130023999942 ] ] ], [ [ [ 118.953977734000091, -8.820588554999972 ], [ 118.954247209000073, -8.820558092999931 ], [ 118.954141762000063, -8.820701031999931 ], [ 118.953977734000091, -8.820588554999972 ] ] ], [ [ [ 118.962277706, -8.819255687999942 ], [ 118.962434750000057, -8.818993946999967 ], [ 118.962491858000021, -8.819274723999968 ], [ 118.962277706, -8.819255687999942 ] ] ], [ [ [ 118.745180963000053, -8.805820970999946 ], [ 118.74578899100004, -8.804745000999958 ], [ 118.745827038000016, -8.805698020999955 ], [ 118.745180963000053, -8.805820970999946 ] ] ], [ [ [ 118.86179857400009, -8.763056644999949 ], [ 118.861789055000031, -8.762575993999974 ], [ 118.86196037600007, -8.763123269999937 ], [ 118.86179857400009, -8.763056644999949 ] ] ], [ [ [ 118.819723989000067, -8.762589985999966 ], [ 118.819602029000066, -8.761627015999977 ], [ 118.820099004000099, -8.762366 ], [ 118.819723989000067, -8.762589985999966 ] ] ], [ [ [ 118.817368014000067, -8.761422996999954 ], [ 118.81793200900006, -8.761752015999946 ], [ 118.81732402800003, -8.761700976999975 ], [ 118.817368014000067, -8.761422996999954 ] ] ], [ [ [ 118.825532543, -8.760558921999973 ], [ 118.82633858500003, -8.761287631999949 ], [ 118.825365980000015, -8.760731432999933 ], [ 118.825532543, -8.760558921999973 ] ] ], [ [ [ 118.694668034000074, -8.745654022999929 ], [ 118.695131987000082, -8.744927966999967 ], [ 118.695263990000058, -8.745483038999964 ], [ 118.694668034000074, -8.745654022999929 ] ] ], [ [ [ 119.00304402200004, -8.742207961999952 ], [ 119.003155007000032, -8.741636982999978 ], [ 119.00325797000005, -8.742173027999968 ], [ 119.00304402200004, -8.742207961999952 ] ] ], [ [ [ 118.698810037000044, -8.742439979999972 ], [ 118.697425994000014, -8.741058972999951 ], [ 118.69925803000001, -8.741319957999963 ], [ 118.698810037000044, -8.742439979999972 ] ] ], [ [ [ 118.697799975000066, -8.740489973999956 ], [ 118.696603, -8.73985795599998 ], [ 118.698010967000073, -8.739986970999951 ], [ 118.697799975000066, -8.740489973999956 ] ] ], [ [ [ 118.821685998000021, -8.731291005999935 ], [ 118.825127978000069, -8.733217021999963 ], [ 118.824148006000087, -8.736416021999958 ], [ 118.821685998000021, -8.731291005999935 ] ] ], [ [ [ 118.740984981000111, -8.731015982999963 ], [ 118.747834033000117, -8.732165018999979 ], [ 118.742759987000113, -8.736904025999934 ], [ 118.740984981000111, -8.731015982999963 ] ] ], [ [ [ 118.783097037000061, -8.730818975999966 ], [ 118.787157014000059, -8.73285898599994 ], [ 118.785794994000071, -8.734782970999959 ], [ 118.783097037000061, -8.730818975999966 ] ] ], [ [ [ 118.773403035000115, -8.720909984999935 ], [ 118.774406980000094, -8.720711041999948 ], [ 118.77344396500007, -8.72102504399993 ], [ 118.773403035000115, -8.720909984999935 ] ] ], [ [ [ 118.775026964000062, -8.71846099399994 ], [ 118.772923978000108, -8.715659978999952 ], [ 118.774728975000016, -8.712872984999933 ], [ 118.775026964000062, -8.71846099399994 ] ] ], [ [ [ 118.752156029000048, -8.712545019999936 ], [ 118.750921011000059, -8.711941008999929 ], [ 118.752321012000039, -8.712076021999962 ], [ 118.752156029000048, -8.712545019999936 ] ] ], [ [ [ 118.494941010000048, -8.243175957999938 ], [ 118.513545988000033, -8.260909019999929 ], [ 118.563429034000023, -8.264437997999948 ], [ 118.573462966000079, -8.271406971999966 ], [ 118.58441296500007, -8.266389044999926 ], [ 118.629536011000027, -8.292173958999967 ], [ 118.645754032000013, -8.289516037999931 ], [ 118.685799963000022, -8.344890022999948 ], [ 118.695625226000061, -8.37809520299993 ], [ 118.685244007000051, -8.393748043999949 ], [ 118.698039023000092, -8.396813984999937 ], [ 118.683287032000067, -8.411636986999952 ], [ 118.692851966000035, -8.420111978999955 ], [ 118.686498022000023, -8.459761039999933 ], [ 118.667136424000091, -8.484691692999945 ], [ 118.661756462000085, -8.510549295999965 ], [ 118.671117003000063, -8.519614972999932 ], [ 118.652719269000045, -8.547079375999942 ], [ 118.672640049000051, -8.538885825999955 ], [ 118.680931910000027, -8.52420202899998 ], [ 118.675288037000087, -8.516768011999943 ], [ 118.694842006000044, -8.51623004299995 ], [ 118.71342276900009, -8.495386282999959 ], [ 118.740603596000028, -8.517186790999972 ], [ 118.790118469000049, -8.513843187999953 ], [ 118.801312430000053, -8.532360064999978 ], [ 118.818861259000073, -8.522788333999927 ], [ 118.835197831000073, -8.49674816199996 ], [ 118.858415650000097, -8.494853874999933 ], [ 118.874917329000027, -8.483178762999955 ], [ 118.895999629000016, -8.489839653999979 ], [ 118.882231101000116, -8.470155009999928 ], [ 118.886543915000061, -8.453663113999937 ], [ 118.874874848000104, -8.435826192999968 ], [ 118.825305859000082, -8.425727903999928 ], [ 118.808094423000057, -8.411708597999962 ], [ 118.802251222000109, -8.427661837999949 ], [ 118.769730018000018, -8.402733133999959 ], [ 118.740925083000093, -8.403419288999942 ], [ 118.746862736000026, -8.37745173899998 ], [ 118.736948006000034, -8.338827955999932 ], [ 118.754593028000045, -8.329786008999974 ], [ 118.76521397700003, -8.309770005999951 ], [ 118.821051011, -8.280728961999955 ], [ 118.861688977000085, -8.28976698799994 ], [ 118.889603022000074, -8.284465037999951 ], [ 119.001032020000025, -8.310383976999958 ], [ 118.989429973000028, -8.342788016999975 ], [ 118.991525964000061, -8.374989038999956 ], [ 119.00450201000001, -8.394926013999964 ], [ 119.017273964000083, -8.398114997999926 ], [ 119.012368993000109, -8.404155983999942 ], [ 119.028302016000112, -8.427091969999935 ], [ 119.0288720100001, -8.44219703899995 ], [ 119.046898019000082, -8.438152973999934 ], [ 119.038963971000044, -8.455159001999959 ], [ 119.051137012000027, -8.451850026999978 ], [ 119.046915975000047, -8.46060495699993 ], [ 119.053698995000104, -8.464021956999943 ], [ 119.035083013000076, -8.467016023999975 ], [ 119.048003010000116, -8.477228981999929 ], [ 119.047883972000022, -8.49927502099996 ], [ 119.039751037000087, -8.50329000499994 ], [ 119.052020932000119, -8.513906145999954 ], [ 119.037091303000011, -8.526589809999962 ], [ 119.02280359100007, -8.523546417999967 ], [ 119.021905881000066, -8.532019530999946 ], [ 119.016725037000015, -8.529469022999933 ], [ 119.013408024000114, -8.538149991999944 ], [ 119.015504992000047, -8.548899023999979 ], [ 119.025835024000116, -8.550973994999936 ], [ 119.015762017000043, -8.556536344999927 ], [ 119.015170975000046, -8.574764037999955 ], [ 119.026904972000011, -8.578166042999953 ], [ 119.029331372000115, -8.594118742999967 ], [ 119.036998118000042, -8.595936107999933 ], [ 119.032142996000061, -8.634475039999927 ], [ 119.055357991000051, -8.652566014999934 ], [ 119.079419028000075, -8.650909967999951 ], [ 119.099705001000075, -8.632666982999979 ], [ 119.129701988000079, -8.629967975999932 ], [ 119.106726003000063, -8.606715988999952 ], [ 119.109107029000029, -8.59623401999994 ], [ 119.120653963000109, -8.600301980999973 ], [ 119.121134967000103, -8.594697986999961 ], [ 119.130542979000097, -8.60336598899994 ], [ 119.140671005000058, -8.59143998199994 ], [ 119.150641982000025, -8.592847035999966 ], [ 119.150892964000036, -8.575382006999973 ], [ 119.14708999000004, -8.567187966999938 ], [ 119.166876027000058, -8.556966965999948 ], [ 119.174846988000013, -8.566571043999943 ], [ 119.164020027000106, -8.569262961999925 ], [ 119.16160698300007, -8.57392398099995 ], [ 119.1691180360001, -8.574370028999965 ], [ 119.159654017000094, -8.579969011999935 ], [ 119.183345966000047, -8.585708033999936 ], [ 119.179834018000065, -8.599185042999977 ], [ 119.192297022000048, -8.609978977999958 ], [ 119.172449035000113, -8.61103795899993 ], [ 119.182667975000072, -8.633587955999928 ], [ 119.170590980000043, -8.624801982999941 ], [ 119.170457031000069, -8.635293019999949 ], [ 119.160646965000069, -8.62760904299995 ], [ 119.161658997000018, -8.637512040999979 ], [ 119.150557009000067, -8.636975971999959 ], [ 119.158522981000033, -8.640694024999959 ], [ 119.156228994000116, -8.647089965999953 ], [ 119.171697000000108, -8.647406026999931 ], [ 119.156809995000117, -8.657064005999928 ], [ 119.157465974000047, -8.672285000999977 ], [ 119.176146970000104, -8.698146975999975 ], [ 119.167669998000065, -8.69676603299996 ], [ 119.173072976000071, -8.70644301599998 ], [ 119.158268016000079, -8.703612022999948 ], [ 119.147948023000026, -8.71065897699998 ], [ 119.172352020000062, -8.723841020999942 ], [ 119.134102985000027, -8.737094970999976 ], [ 119.139349966000054, -8.744431977999966 ], [ 119.133202614000083, -8.752694805999965 ], [ 119.117039036000051, -8.744918968999968 ], [ 119.104801989000066, -8.726046001999975 ], [ 119.098252004000074, -8.73143495599993 ], [ 119.100281006000046, -8.751093408999964 ], [ 119.083284013000025, -8.742519000999948 ], [ 119.035988056000065, -8.732980079999948 ], [ 118.971655008000084, -8.748906039999952 ], [ 118.954462024, -8.721877979999931 ], [ 118.907883031000097, -8.68008102999994 ], [ 118.881338030000052, -8.68906396999995 ], [ 118.875188017000028, -8.700457976999928 ], [ 118.887914034000119, -8.708694998999931 ], [ 118.846162013000026, -8.730100995999976 ], [ 118.83934200200008, -8.715318003999926 ], [ 118.82112023500008, -8.712659385999928 ], [ 118.814827027000092, -8.703220011999974 ], [ 118.77517896300003, -8.709832981999966 ], [ 118.76056002100006, -8.692823030999932 ], [ 118.7199849860001, -8.73895398999997 ], [ 118.695178977000069, -8.739393006999933 ], [ 118.692276972000059, -8.748071958999958 ], [ 118.696488965000071, -8.752377000999957 ], [ 118.726453036000066, -8.759346002999962 ], [ 118.726344031000053, -8.777559036999946 ], [ 118.74649002700005, -8.763994019999927 ], [ 118.809841233000043, -8.762367357999949 ], [ 118.834884034000083, -8.771437004999939 ], [ 118.899059452000074, -8.762684630999956 ], [ 118.909496360000048, -8.765443393999931 ], [ 118.924142986000106, -8.788426956999956 ], [ 118.937422966000099, -8.784651998999948 ], [ 118.938444967, -8.794990996999957 ], [ 118.950295003000065, -8.789990002999957 ], [ 118.94599503500001, -8.805275015999939 ], [ 118.959750979000091, -8.817559990999939 ], [ 118.95254597600001, -8.819779990999962 ], [ 118.94469803700008, -8.83092096699994 ], [ 118.917906024000104, -8.84059495899993 ], [ 118.903640014000075, -8.843621957999972 ], [ 118.896116035000091, -8.837462006999942 ], [ 118.864696026000047, -8.846420019999925 ], [ 118.852596985000105, -8.833438993999948 ], [ 118.836357969, -8.845804958999963 ], [ 118.807425027000022, -8.821556017999967 ], [ 118.783625021000034, -8.820281959999932 ], [ 118.758129997000083, -8.797047000999953 ], [ 118.748203027000045, -8.795989977999966 ], [ 118.746036036000078, -8.803742026999942 ], [ 118.732844016000058, -8.79605500699995 ], [ 118.730141001000106, -8.802396997999949 ], [ 118.720433033000063, -8.792849041999943 ], [ 118.699534973000027, -8.80702198399996 ], [ 118.637736965000045, -8.813856977999933 ], [ 118.602513976000068, -8.839961043999949 ], [ 118.573685975000103, -8.850383988999965 ], [ 118.5585250150001, -8.847931998999968 ], [ 118.51928603600004, -8.878465955999957 ], [ 118.477294682000093, -8.88331 ], [ 118.478546127000072, -8.838043804999927 ], [ 118.500000215000114, -8.796504476999928 ], [ 118.494808719000048, -8.776146145999974 ], [ 118.513068156000031, -8.74819501099995 ], [ 118.511156985000071, -8.720037825999952 ], [ 118.536365817000046, -8.681393563999961 ], [ 118.536022398000114, -8.648971440999958 ], [ 118.519544957000107, -8.639178528999935 ], [ 118.520623632000024, -8.615185292999968 ], [ 118.506564084000047, -8.595266839999965 ], [ 118.500229354000112, -8.547784824999951 ], [ 118.513912998000023, -8.506170988999941 ], [ 118.506718428000113, -8.478481429999931 ], [ 118.489718437000079, -8.474582729999952 ], [ 118.482183567000106, -8.460417932999974 ], [ 118.524589612000113, -8.428280857999937 ], [ 118.542636621000042, -8.394870733999937 ], [ 118.527749584000048, -8.366528407999965 ], [ 118.499999413000069, -8.348830934999967 ], [ 118.479727440000033, -8.310473490999925 ], [ 118.444697461000032, -8.268352356999969 ], [ 118.463566005000075, -8.245927966999943 ], [ 118.480474997000101, -8.25115197599996 ], [ 118.494941010000048, -8.243175957999938 ] ] ], [ [ [ 118.698700025000107, -8.450677041999938 ], [ 118.692335037000021, -8.448824982999952 ], [ 118.698606992, -8.446118009999964 ], [ 118.698700025000107, -8.450677041999938 ] ] ], [ [ [ 118.284823628000026, -8.358499588999962 ], [ 118.284724424000046, -8.358011169999941 ], [ 118.285379374000058, -8.358160951999935 ], [ 118.284823628000026, -8.358499588999962 ] ] ], [ [ [ 118.274402974000054, -8.350727989999939 ], [ 118.274712966000038, -8.350824005999925 ], [ 118.274398003000101, -8.350879989999953 ], [ 118.274402974000054, -8.350727989999939 ] ] ], [ [ [ 117.938717159000021, -8.083293427999934 ], [ 117.960578016000113, -8.107197997999947 ], [ 118.006173016000048, -8.093958015999931 ], [ 118.044179987, -8.107713995999973 ], [ 118.080721014, -8.100283976999947 ], [ 118.111140013000067, -8.122867980999956 ], [ 118.143148025000073, -8.134753972999931 ], [ 118.146879002000105, -8.199772995999979 ], [ 118.160364984000012, -8.21032202899994 ], [ 118.162515016000043, -8.241714980999973 ], [ 118.17725198100004, -8.25160103199994 ], [ 118.184383001000015, -8.268236969999975 ], [ 118.218016979000026, -8.284101994999958 ], [ 118.233532026000034, -8.332251981999946 ], [ 118.257088, -8.349973029999944 ], [ 118.262715021000076, -8.336372986999947 ], [ 118.274541969000097, -8.333688023999969 ], [ 118.273673994000092, -8.360951003999958 ], [ 118.317414992000067, -8.370327011999962 ], [ 118.322815696000021, -8.405747911999981 ], [ 118.308233811000036, -8.411610708999945 ], [ 118.298399572000108, -8.428732134999962 ], [ 118.273255633000076, -8.439042048999966 ], [ 118.20520005700007, -8.436711087999981 ], [ 118.184518049000076, -8.41785471399993 ], [ 118.145564584000113, -8.405790441999955 ], [ 118.138519316000043, -8.389770643999952 ], [ 118.103334393000068, -8.377700296999933 ], [ 118.049384302000021, -8.339542268999935 ], [ 118.024543797000092, -8.299159878999944 ], [ 117.97331414100006, -8.272999850999952 ], [ 117.928813913000113, -8.21999423099993 ], [ 117.874145916000089, -8.221092934999945 ], [ 117.85118662800005, -8.213354439999932 ], [ 117.77936902700003, -8.162533540999959 ], [ 117.765467848000071, -8.143520740999975 ], [ 117.786575964, -8.123881990999962 ], [ 117.828510026000117, -8.129533031999927 ], [ 117.868706327000041, -8.101083532999951 ], [ 117.901056985000082, -8.094181010999932 ], [ 117.923830966000082, -8.080053957999951 ], [ 117.938717159000021, -8.083293427999934 ] ] ], [ [ [ 119.095210687000076, -8.752185041999951 ], [ 119.095611071, -8.752095150999935 ], [ 119.095446733000017, -8.752438084999937 ], [ 119.095210687000076, -8.752185041999951 ] ] ], [ [ [ 119.09194968700001, -8.752012437999952 ], [ 119.092459348000034, -8.751265032999981 ], [ 119.092400706000035, -8.752199951999955 ], [ 119.09194968700001, -8.752012437999952 ] ] ], [ [ [ 119.098146433000011, -8.751364157999944 ], [ 119.099247972000057, -8.750813279999932 ], [ 119.098968534000051, -8.751556249999965 ], [ 119.098146433000011, -8.751364157999944 ] ] ], [ [ [ 119.096058588, -8.750603430999945 ], [ 119.096260024000117, -8.749918029999947 ], [ 119.096052959000076, -8.750659406999944 ], [ 119.096058588, -8.750603430999945 ] ] ], [ [ [ 119.011977980000097, -8.746209009999973 ], [ 119.011749024000096, -8.745820958999957 ], [ 119.012369989000035, -8.746013963999928 ], [ 119.011977980000097, -8.746209009999973 ] ] ], [ [ [ 119.011920985000074, -8.745683028999963 ], [ 119.012306981000052, -8.745345033999968 ], [ 119.012135977000071, -8.745717043999946 ], [ 119.011920985000074, -8.745683028999963 ] ] ], [ [ [ 119.011730036000017, -8.744182013999932 ], [ 119.011298970000098, -8.744707966999954 ], [ 119.011174978000099, -8.744527955999956 ], [ 119.011730036000017, -8.744182013999932 ] ] ], [ [ [ 119.01128997, -8.744077974999925 ], [ 119.010664981000104, -8.743162035999944 ], [ 119.011475963000066, -8.743957955999974 ], [ 119.01128997, -8.744077974999925 ] ] ], [ [ [ 119.010885003000112, -8.741997040999934 ], [ 119.011298967000016, -8.741788956999926 ], [ 119.011167973000056, -8.742216969999959 ], [ 119.010885003000112, -8.741997040999934 ] ] ], [ [ [ 119.003647002000093, -8.74186900899997 ], [ 119.003941012000041, -8.741701965999937 ], [ 119.003879995000034, -8.741878982999935 ], [ 119.003647002000093, -8.74186900899997 ] ] ], [ [ [ 119.038122032000047, -8.611845036999966 ], [ 119.038552026000048, -8.611678988999927 ], [ 119.038391989000047, -8.611933983999961 ], [ 119.038122032000047, -8.611845036999966 ] ] ], [ [ [ 119.043470964000107, -8.60926604399998 ], [ 119.043860977, -8.609020037999926 ], [ 119.044010003000039, -8.609532959999967 ], [ 119.043470964000107, -8.60926604399998 ] ] ], [ [ [ 119.040127985000026, -8.599409955999931 ], [ 119.039030005000086, -8.598326974999964 ], [ 119.039819033000072, -8.598036019999938 ], [ 119.040127985000026, -8.599409955999931 ] ] ], [ [ [ 119.045821968000041, -8.594884005999972 ], [ 119.046073014000058, -8.593209033999926 ], [ 119.046807014000024, -8.593901954999978 ], [ 119.045821968000041, -8.594884005999972 ] ] ], [ [ [ 119.040530979000096, -8.593920982999975 ], [ 119.040276032000065, -8.593219001999955 ], [ 119.041009965000057, -8.593341011999939 ], [ 119.040530979000096, -8.593920982999975 ] ] ], [ [ [ 119.048976989000039, -8.587420012999928 ], [ 119.044928024000114, -8.587698015999933 ], [ 119.047955000000115, -8.585295032999966 ], [ 119.048976989000039, -8.587420012999928 ] ] ], [ [ [ 119.030404007000016, -8.580333027999927 ], [ 119.030419011000049, -8.57945002799994 ], [ 119.030719971000053, -8.580375017999927 ], [ 119.030404007000016, -8.580333027999927 ] ] ], [ [ [ 119.033851028000072, -8.578926994999961 ], [ 119.033974976000081, -8.577998954999941 ], [ 119.035038019000012, -8.57854204399996 ], [ 119.033851028000072, -8.578926994999961 ] ] ], [ [ [ 119.037444986000082, -8.571188982999956 ], [ 119.0346879760001, -8.57600901099994 ], [ 119.032159974000024, -8.573049017999949 ], [ 119.037444986000082, -8.571188982999956 ] ] ], [ [ [ 119.04071202800003, -8.573169021999945 ], [ 119.039937036000083, -8.572403989999941 ], [ 119.04059802200004, -8.572181958999977 ], [ 119.04071202800003, -8.573169021999945 ] ] ], [ [ [ 119.046704008, -8.556897982999942 ], [ 119.055915001000017, -8.571073985999931 ], [ 119.043407003000084, -8.581952997999963 ], [ 119.046667021000076, -8.568540991999953 ], [ 119.038265025000101, -8.566171031999943 ], [ 119.046704008, -8.556897982999942 ] ] ], [ [ [ 119.02870801600011, -8.569663012999968 ], [ 119.028218026000104, -8.568662006999944 ], [ 119.028765033000013, -8.569315021999955 ], [ 119.02870801600011, -8.569663012999968 ] ] ], [ [ [ 119.041008007000073, -8.569102011999973 ], [ 119.040458989000058, -8.56801900499994 ], [ 119.041247964000036, -8.568051981999929 ], [ 119.041008007000073, -8.569102011999973 ] ] ], [ [ [ 119.040682010000069, -8.559955983999942 ], [ 119.040065029000061, -8.558748968999964 ], [ 119.041072015000054, -8.559167985999977 ], [ 119.040682010000069, -8.559955983999942 ] ] ], [ [ [ 119.042213031000074, -8.557926021999947 ], [ 119.04301797100004, -8.55611201499994 ], [ 119.043033014000116, -8.557626963999951 ], [ 119.042213031000074, -8.557926021999947 ] ] ], [ [ [ 119.043238785000085, -8.555531157999951 ], [ 119.043470783000089, -8.555554952999955 ], [ 119.043333965000102, -8.555656079999949 ], [ 119.043238785000085, -8.555531157999951 ] ] ], [ [ [ 119.016418049000094, -8.531723143999955 ], [ 119.016399596000042, -8.531577461999973 ], [ 119.016475351000054, -8.531732856999952 ], [ 119.016418049000094, -8.531723143999955 ] ] ], [ [ [ 119.053798436000079, -8.510715783999956 ], [ 119.053932282, -8.510100098999942 ], [ 119.054140485000062, -8.510462966999967 ], [ 119.053798436000079, -8.510715783999956 ] ] ], [ [ [ 119.033613858000081, -8.429514178999966 ], [ 119.032676350000088, -8.429571286999931 ], [ 119.033951742000113, -8.429338098999949 ], [ 119.033613858000081, -8.429514178999966 ] ] ], [ [ [ 119.054097861000059, -8.127208052999947 ], [ 119.08925815900011, -8.132866328999967 ], [ 119.112798787000088, -8.156510820999927 ], [ 119.123314992000019, -8.199184036999952 ], [ 119.114974350000011, -8.224020449999955 ], [ 119.088604837000048, -8.25076963999993 ], [ 119.042254887000013, -8.260990822999929 ], [ 119.012132620000102, -8.247145155999931 ], [ 119.001097069000025, -8.231280768999966 ], [ 119.000135922000027, -8.179085648999944 ], [ 119.012455349000106, -8.153923686999974 ], [ 119.035374182000055, -8.137228009999944 ], [ 119.054097861000059, -8.127208052999947 ] ] ], [ [ [ 119.098792721000109, -8.752224566999928 ], [ 119.098882424000067, -8.751769947999946 ], [ 119.099009061000061, -8.752067527999941 ], [ 119.098792721000109, -8.752224566999928 ] ] ], [ [ [ 119.110157369000035, -8.751562049999961 ], [ 119.110627330000057, -8.751779201999966 ], [ 119.110476929000015, -8.752017756999976 ], [ 119.110157369000035, -8.751562049999961 ] ] ], [ [ [ 119.102325978000067, -8.749167973999931 ], [ 119.102398984000047, -8.748759975999974 ], [ 119.102452019000111, -8.748784986999965 ], [ 119.102325978000067, -8.749167973999931 ] ] ], [ [ [ 119.195290972000066, -8.708643957999925 ], [ 119.194650996000064, -8.707816970999943 ], [ 119.19548903000009, -8.708296967999956 ], [ 119.195290972000066, -8.708643957999925 ] ] ], [ [ [ 119.199298972000065, -8.694109003999927 ], [ 119.19995596900003, -8.696918966999931 ], [ 119.199178032000077, -8.697798966999926 ], [ 119.199298972000065, -8.694109003999927 ] ] ], [ [ [ 119.201109431000077, -8.692666869999925 ], [ 119.201340383000115, -8.692603882999947 ], [ 119.20131488800007, -8.692744853999955 ], [ 119.201109431000077, -8.692666869999925 ] ] ], [ [ [ 119.200959463000117, -8.692635376999931 ], [ 119.200827490000052, -8.692462912999929 ], [ 119.20098495700006, -8.692624878999936 ], [ 119.200959463000117, -8.692635376999931 ] ] ], [ [ [ 119.200677522000092, -8.692462912999929 ], [ 119.200670023000043, -8.692534897999963 ], [ 119.200623533000112, -8.69247341099998 ], [ 119.200677522000092, -8.692462912999929 ] ] ], [ [ [ 119.173452106000013, -8.689547042999948 ], [ 119.175498861000051, -8.690535142999977 ], [ 119.17377800600002, -8.690735047999965 ], [ 119.173452106000013, -8.689547042999948 ] ] ], [ [ [ 119.221508987000107, -8.689753977999942 ], [ 119.221658009000066, -8.688909965999926 ], [ 119.222008021000079, -8.68946703599994 ], [ 119.221508987000107, -8.689753977999942 ] ] ], [ [ [ 119.238026002000083, -8.672159023999939 ], [ 119.237815991000048, -8.67155298299997 ], [ 119.238175011000067, -8.67168498999996 ], [ 119.238026002000083, -8.672159023999939 ] ] ], [ [ [ 119.228228680000029, -8.65475115199996 ], [ 119.238456018000079, -8.669176985999968 ], [ 119.232550974000105, -8.67095403899998 ], [ 119.23346403000005, -8.679130981999947 ], [ 119.222156021000046, -8.678805017999935 ], [ 119.223669037000036, -8.683129012999927 ], [ 119.223277995000103, -8.690353009999967 ], [ 119.20792596900003, -8.672859019999976 ], [ 119.216563966000081, -8.669913976999965 ], [ 119.215779979000104, -8.654385970999954 ], [ 119.219271013000025, -8.66081300999997 ], [ 119.228228680000029, -8.65475115199996 ] ] ], [ [ [ 119.237341978000018, -8.671430963999967 ], [ 119.237615977000019, -8.670699998999964 ], [ 119.237880982000092, -8.67109398599996 ], [ 119.237341978000018, -8.671430963999967 ] ] ], [ [ [ 119.237582016000033, -8.670353004999981 ], [ 119.237664990000098, -8.669880988999978 ], [ 119.237855966000097, -8.670296997999969 ], [ 119.237582016000033, -8.670353004999981 ] ] ], [ [ [ 119.217898029000025, -8.65472396399997 ], [ 119.217822009000088, -8.65448104099994 ], [ 119.218035024000073, -8.654687021999962 ], [ 119.217898029000025, -8.65472396399997 ] ] ], [ [ [ 119.226923990000046, -8.652185018999944 ], [ 119.226545998, -8.651663987999939 ], [ 119.227000967000095, -8.651456021999934 ], [ 119.226923990000046, -8.652185018999944 ] ] ], [ [ [ 119.186750999000083, -8.634920956999963 ], [ 119.186642130000109, -8.634800301999974 ], [ 119.186959756000078, -8.635076185999935 ], [ 119.186750999000083, -8.634920956999963 ] ] ], [ [ [ 119.186622502000091, -8.624429540999927 ], [ 119.186141851000116, -8.624182076999944 ], [ 119.186720060000084, -8.624408125999935 ], [ 119.186622502000091, -8.624429540999927 ] ] ], [ [ [ 119.128125004000026, -8.59391500199996 ], [ 119.130608008000081, -8.595303970999964 ], [ 119.129936990000033, -8.596067008999967 ], [ 119.128125004000026, -8.59391500199996 ] ] ], [ [ [ 119.127636996000092, -8.593439978999982 ], [ 119.128015994000066, -8.593504038999981 ], [ 119.128041974000098, -8.593731005999928 ], [ 119.127636996000092, -8.593439978999982 ] ] ], [ [ [ 119.150185272000044, -8.590214078999963 ], [ 119.150648095000065, -8.590291375999925 ], [ 119.150676648000058, -8.590344913999957 ], [ 119.150185272000044, -8.590214078999963 ] ] ], [ [ [ 119.146578979000083, -8.589356979999934 ], [ 119.14653398300004, -8.588307000999976 ], [ 119.147242017000053, -8.588675032999959 ], [ 119.146578979000083, -8.589356979999934 ] ] ], [ [ [ 119.200303730000087, -8.581078168999966 ], [ 119.200476955000113, -8.581024868999975 ], [ 119.200252334000083, -8.581213322999929 ], [ 119.200303730000087, -8.581078168999966 ] ] ], [ [ [ 119.186960965000026, -8.566047985999944 ], [ 119.197962007000115, -8.571401993999928 ], [ 119.198324028000116, -8.584869021999964 ], [ 119.188154034000036, -8.582688037999958 ], [ 119.186960965000026, -8.566047985999944 ] ] ], [ [ [ 119.196680486000105, -8.569993020999959 ], [ 119.196767216000012, -8.570187660999977 ], [ 119.196625876000098, -8.570150540999975 ], [ 119.196680486000105, -8.569993020999959 ] ] ], [ [ [ 119.177692976000117, -8.562641007999957 ], [ 119.177295022000067, -8.562437021999926 ], [ 119.177668012000026, -8.562240982999981 ], [ 119.177692976000117, -8.562641007999957 ] ] ], [ [ [ 119.176319987000056, -8.547601005999979 ], [ 119.180090976000088, -8.548456037999927 ], [ 119.177009030000022, -8.550915955999926 ], [ 119.176319987000056, -8.547601005999979 ] ] ], [ [ [ 119.175096032000056, -8.54751101599993 ], [ 119.173625007000055, -8.548666009999977 ], [ 119.173152981000044, -8.548336994999943 ], [ 119.175096032000056, -8.54751101599993 ] ] ], [ [ [ 119.184255478000068, -8.546919288999959 ], [ 119.18445892200009, -8.546673014999953 ], [ 119.184408953000116, -8.546922857999959 ], [ 119.184255478000068, -8.546919288999959 ] ] ], [ [ [ 119.231564028000093, -8.538930979999975 ], [ 119.230824023000082, -8.537921032999975 ], [ 119.232182999000088, -8.537242038999977 ], [ 119.231564028000093, -8.538930979999975 ] ] ], [ [ [ 119.243169028000011, -8.675069027999939 ], [ 119.243128979000062, -8.674442022999926 ], [ 119.243457996000075, -8.674728993999963 ], [ 119.243169028000011, -8.675069027999939 ] ] ], [ [ [ 119.243523027000037, -8.674278038999944 ], [ 119.243612035000069, -8.673941980999928 ], [ 119.243721986000082, -8.674319974999946 ], [ 119.243523027000037, -8.674278038999944 ] ] ], [ [ [ 119.242512001000023, -8.673452961999942 ], [ 119.242747013000098, -8.673652009999955 ], [ 119.242417012000033, -8.673690011999952 ], [ 119.242512001000023, -8.673452961999942 ] ] ], [ [ [ 119.242190033000043, -8.673369004999927 ], [ 119.242386982000085, -8.672719008999934 ], [ 119.242585026000029, -8.672872011999971 ], [ 119.242190033000043, -8.673369004999927 ] ] ], [ [ [ 119.24563799900011, -8.672102022999979 ], [ 119.247881976000031, -8.673649997999973 ], [ 119.246844005000071, -8.673647977999963 ], [ 119.24563799900011, -8.672102022999979 ] ] ], [ [ [ 119.240699974000108, -8.671978955999975 ], [ 119.240057989000093, -8.673024030999954 ], [ 119.239517977000105, -8.67269799099995 ], [ 119.240699974000108, -8.671978955999975 ] ] ], [ [ [ 119.249651021000091, -8.671006998999928 ], [ 119.248793018000015, -8.672800962999929 ], [ 119.247120013000085, -8.671671013999969 ], [ 119.249651021000091, -8.671006998999928 ] ] ], [ [ [ 119.241707972000086, -8.672016955999936 ], [ 119.241302016000077, -8.670879985999932 ], [ 119.24202097400007, -8.671183012999961 ], [ 119.241707972000086, -8.672016955999936 ] ] ], [ [ [ 119.244381004000047, -8.671136980999961 ], [ 119.245034982000107, -8.670866001999968 ], [ 119.244635001, -8.671404955999947 ], [ 119.244381004000047, -8.671136980999961 ] ] ], [ [ [ 119.24442702500005, -8.666412022999964 ], [ 119.244924036000043, -8.665905031999955 ], [ 119.245055968000088, -8.666340008999953 ], [ 119.24442702500005, -8.666412022999964 ] ] ], [ [ [ 119.244454998000037, -8.665522009999961 ], [ 119.244524986000101, -8.665010028999973 ], [ 119.244741003000058, -8.665176029999941 ], [ 119.244454998000037, -8.665522009999961 ] ] ], [ [ [ 119.266975992000084, -8.548653977999948 ], [ 119.264479971000014, -8.548054005999973 ], [ 119.265307007000047, -8.546542030999944 ], [ 119.266975992000084, -8.548653977999948 ] ] ], [ [ [ 119.244584988000042, -8.549046011999963 ], [ 119.243622020000089, -8.548047969999971 ], [ 119.244478989000072, -8.548013992999927 ], [ 119.244584988000042, -8.549046011999963 ] ] ], [ [ [ 119.263816035000104, -8.547782993999931 ], [ 119.263699034000069, -8.547114964999935 ], [ 119.264233980000085, -8.547326004999945 ], [ 119.263816035000104, -8.547782993999931 ] ] ], [ [ [ 119.244553019000023, -8.546973970999943 ], [ 119.243041997000091, -8.547055023999974 ], [ 119.242711984000039, -8.546804990999931 ], [ 119.244553019000023, -8.546973970999943 ] ] ], [ [ [ 119.345254975000103, -8.50880495499996 ], [ 119.343708012000093, -8.507436985999959 ], [ 119.34545102800007, -8.504621008999948 ], [ 119.345254975000103, -8.50880495499996 ] ] ], [ [ [ 119.279818219000049, -8.468224505999956 ], [ 119.27999525000007, -8.468112195999936 ], [ 119.279886747000091, -8.468313973999955 ], [ 119.279818219000049, -8.468224505999956 ] ] ], [ [ [ 119.279205970000021, -8.467495041999939 ], [ 119.279245998000079, -8.467694969999968 ], [ 119.279038005000075, -8.467663018999929 ], [ 119.279205970000021, -8.467495041999939 ] ] ], [ [ [ 119.270642974000111, -8.464120016999971 ], [ 119.270785015000115, -8.463257996999971 ], [ 119.27103898200005, -8.463087987999927 ], [ 119.270642974000111, -8.464120016999971 ] ] ], [ [ [ 119.271104029000071, -8.461720994999951 ], [ 119.271479969000097, -8.46147997099996 ], [ 119.271238974000084, -8.462125956999955 ], [ 119.271104029000071, -8.461720994999951 ] ] ], [ [ [ 119.295606015000089, -8.457815959999948 ], [ 119.295949027, -8.457352993999962 ], [ 119.295930971000075, -8.457779983999956 ], [ 119.295606015000089, -8.457815959999948 ] ] ], [ [ [ 119.296254033000082, -8.457436958999949 ], [ 119.296349968000072, -8.45729298699996 ], [ 119.296400985000105, -8.457401034999975 ], [ 119.296254033000082, -8.457436958999949 ] ] ], [ [ [ 119.296613008, -8.45685100299994 ], [ 119.296132029000091, -8.457135042999937 ], [ 119.296166965000111, -8.45694199899998 ], [ 119.296613008, -8.45685100299994 ] ] ], [ [ [ 119.316437007000104, -8.456894029999944 ], [ 119.316800966000073, -8.456960007999953 ], [ 119.316528009000081, -8.457065994999937 ], [ 119.316437007000104, -8.456894029999944 ] ] ], [ [ [ 119.31677401200011, -8.456533017999959 ], [ 119.316316980000011, -8.455685038999945 ], [ 119.316595974000052, -8.455199035999954 ], [ 119.31677401200011, -8.456533017999959 ] ] ], [ [ [ 119.328393963000053, -8.443468969999969 ], [ 119.327935985000067, -8.44323701899998 ], [ 119.32788400700008, -8.442957020999927 ], [ 119.328393963000053, -8.443468969999969 ] ] ], [ [ [ 119.327156013000035, -8.442170034999947 ], [ 119.327349985000069, -8.442000987999961 ], [ 119.327467033000062, -8.442223038999941 ], [ 119.327156013000035, -8.442170034999947 ] ] ], [ [ [ 119.326956023000093, -8.432321980999973 ], [ 119.330922999000109, -8.434647954999946 ], [ 119.330459025000096, -8.43571103499994 ], [ 119.326956023000093, -8.432321980999973 ] ] ], [ [ [ 119.275610968000024, -8.392904003999945 ], [ 119.283132974000068, -8.419241973999931 ], [ 119.321186979000117, -8.401328957999965 ], [ 119.317941003000101, -8.409495034999964 ], [ 119.327950995000037, -8.414791012999956 ], [ 119.335272990000021, -8.430938971999979 ], [ 119.319177011000079, -8.428026982999938 ], [ 119.326913036000064, -8.441742975999944 ], [ 119.317621995000081, -8.432777014999942 ], [ 119.320656983000049, -8.454973996999968 ], [ 119.313873997000087, -8.444804029999943 ], [ 119.309390963000055, -8.449793031999945 ], [ 119.301420005000068, -8.429594994999945 ], [ 119.29332200500005, -8.458834042999968 ], [ 119.279682971000057, -8.467839986999934 ], [ 119.280955998000081, -8.448784019999948 ], [ 119.273176995000085, -8.453991010999971 ], [ 119.267664007, -8.445581019999963 ], [ 119.274307963000069, -8.437057975999949 ], [ 119.265415006000012, -8.437800962999972 ], [ 119.270704982000098, -8.414343028999951 ], [ 119.263317075000032, -8.400928890999978 ], [ 119.275610968000024, -8.392904003999945 ] ] ] ] } },
{ "type": "Feature", "properties": { "kemendagri_kab_code": 5207, "kemendagri_kab_name": "Kabupaten Sumbawa Barat", "kemendagri_prov_code": 52, "kemendagri_prov_name": "Nusa Tenggara Barat" }, "geometry": { "type": "MultiPolygon", "coordinates": [ [ [ [ 116.734753971000032, -8.976631964999967 ], [ 116.734586015000104, -8.975903959999926 ], [ 116.735026979000054, -8.976490001999935 ], [ 116.734753971000032, -8.976631964999967 ] ] ], [ [ [ 116.734414972000081, -8.97457503399994 ], [ 116.733670017, -8.97496199699998 ], [ 116.733689011000024, -8.974633019999942 ], [ 116.734414972000081, -8.97457503399994 ] ] ], [ [ [ 116.801560983000059, -8.806892029999972 ], [ 116.801158971000064, -8.805980976999933 ], [ 116.801670037, -8.806269998999937 ], [ 116.801560983000059, -8.806892029999972 ] ] ], [ [ [ 116.718924016000074, -8.748191970999926 ], [ 116.714320975000078, -8.751374014999953 ], [ 116.711649012000066, -8.748712004999959 ], [ 116.718924016000074, -8.748191970999926 ] ] ], [ [ [ 116.771366024000031, -8.710814997999933 ], [ 116.769756013, -8.70735495699995 ], [ 116.772595981000109, -8.706246958999941 ], [ 116.771366024000031, -8.710814997999933 ] ] ], [ [ [ 116.76996896300011, -8.687845014999937 ], [ 116.771037974000023, -8.689126012999964 ], [ 116.769404029000043, -8.689410977999955 ], [ 116.76996896300011, -8.687845014999937 ] ] ], [ [ [ 116.729463999000018, -8.683735007999928 ], [ 116.725456978000011, -8.688295031999928 ], [ 116.724244030000023, -8.687772990999974 ], [ 116.729463999000018, -8.683735007999928 ] ] ], [ [ [ 116.729990981000014, -8.682316033999939 ], [ 116.730599027000039, -8.683571041999926 ], [ 116.730411998000022, -8.683589990999963 ], [ 116.729990981000014, -8.682316033999939 ] ] ], [ [ [ 116.788710022000032, -8.528736985999956 ], [ 116.787555963000045, -8.543327990999956 ], [ 116.768987977000052, -8.559203984999954 ], [ 116.772636029000068, -8.537711981999962 ], [ 116.788710022000032, -8.528736985999956 ] ] ], [ [ [ 116.790772989000061, -8.526200972999959 ], [ 116.790283973000101, -8.524099018999948 ], [ 116.792178019000062, -8.52490200799997 ], [ 116.790772989000061, -8.526200972999959 ] ] ], [ [ [ 116.787777969000103, -8.51333399799995 ], [ 116.794231996, -8.516393964999963 ], [ 116.788702024000031, -8.518468994999978 ], [ 116.787777969000103, -8.51333399799995 ] ] ], [ [ [ 117.008598536000022, -9.101296960999946 ], [ 117.008827750000023, -9.10119874399993 ], [ 117.008802662000107, -9.101324334999958 ], [ 117.008598536000022, -9.101296960999946 ] ] ], [ [ [ 117.007290930000067, -9.098602516999961 ], [ 117.007270386000073, -9.097954204999951 ], [ 117.007497586000113, -9.097839327999964 ], [ 117.007290930000067, -9.098602516999961 ] ] ], [ [ [ 116.992176372000017, -9.090254038999944 ], [ 116.992504275000101, -9.089729839999961 ], [ 116.992652156000077, -9.09011765799994 ], [ 116.992176372000017, -9.090254038999944 ] ] ], [ [ [ 116.92397166, -9.052635626999972 ], [ 116.924019249000025, -9.052103222999961 ], [ 116.92404113200007, -9.052668510999979 ], [ 116.92397166, -9.052635626999972 ] ] ], [ [ [ 116.818932016000076, -8.51745303499996 ], [ 116.831380973000023, -8.515452981999942 ], [ 116.842834009000057, -8.538567033999925 ], [ 116.872583896000037, -8.528828699999963 ], [ 116.876065200000085, -8.541454859999931 ], [ 116.914802645, -8.573203518999946 ], [ 116.921348594000051, -8.592438600999969 ], [ 116.936176919000104, -8.591295842999955 ], [ 116.935416667000027, -8.606194443999925 ], [ 116.960998468000071, -8.605029083999966 ], [ 116.973092380000026, -8.617903141999932 ], [ 116.995299397000053, -8.615531705999956 ], [ 117.021467126000061, -8.639843137999947 ], [ 117.03969444400002, -8.671527777999927 ], [ 117.069368851000036, -8.677976258999934 ], [ 117.090108155000053, -8.702878349999935 ], [ 117.07870066800001, -8.728966967999952 ], [ 117.090151855000045, -8.760654842999941 ], [ 117.074064023, -8.767065854999942 ], [ 117.052706686000079, -8.795296469999926 ], [ 117.040612884000097, -8.791085001999932 ], [ 117.034566319000078, -8.80031996699995 ], [ 117.060951226000043, -8.804903023999941 ], [ 117.096514118000073, -8.836928907999948 ], [ 117.081859421000104, -8.83571311299994 ], [ 117.07325864500001, -8.857426577999945 ], [ 117.061077805000082, -8.862394657999971 ], [ 117.064840036000078, -8.876125011999932 ], [ 117.053891803000056, -8.889772273999938 ], [ 117.063200548000054, -8.900360712999941 ], [ 117.083295941000074, -8.90150751799996 ], [ 117.088078217000088, -8.930683896999938 ], [ 117.083922527000027, -8.944412200999977 ], [ 117.074217676000103, -8.941714751999939 ], [ 117.062089134000075, -8.952055564999966 ], [ 117.070205974000032, -8.971092748999979 ], [ 117.061512508000078, -9.013094483999964 ], [ 117.066617945000075, -9.042222568999932 ], [ 117.053562131000035, -9.053317995999976 ], [ 117.059318776000055, -9.056200052999941 ], [ 117.038882996000098, -9.104552005999949 ], [ 117.009223030000044, -9.107471027999964 ], [ 117.009212146000095, -9.100395706999961 ], [ 117.007281547000048, -9.096343888999968 ], [ 117.004438932000085, -9.093347925999979 ], [ 116.97052997500009, -9.079658034999966 ], [ 116.941720357, -9.052789994999955 ], [ 116.928458965000118, -9.054130017999967 ], [ 116.925729020000063, -9.052207971999962 ], [ 116.923894011000016, -9.052020038999956 ], [ 116.923631018000037, -9.052413996999974 ], [ 116.922521971000037, -9.052079978999927 ], [ 116.89734097600001, -9.064875985999947 ], [ 116.868061980000107, -9.057258013999956 ], [ 116.842230982000046, -9.039721001999965 ], [ 116.833792028000062, -9.045969014999969 ], [ 116.807998969000096, -9.032485960999963 ], [ 116.788112001000059, -9.035652973999959 ], [ 116.739541974000076, -8.997007004999944 ], [ 116.728802987000108, -9.006302038999934 ], [ 116.736427037000112, -8.976839979999966 ], [ 116.733754990000079, -8.973444975999939 ], [ 116.730159996000111, -8.971099011999968 ], [ 116.715206980000062, -8.971300033999967 ], [ 116.736961024000038, -8.955327008999973 ], [ 116.73591603400007, -8.933802037999953 ], [ 116.751721966000105, -8.924122977999957 ], [ 116.725173020000057, -8.911020956999948 ], [ 116.731921021000062, -8.891741974999945 ], [ 116.747487553000042, -8.900611784999967 ], [ 116.75011801100004, -8.887751002999948 ], [ 116.753500013, -8.891451027999949 ], [ 116.754037009000058, -8.891546969999979 ], [ 116.75502197000003, -8.890401027999928 ], [ 116.751506031000076, -8.886791992999974 ], [ 116.734272019000059, -8.880861960999937 ], [ 116.739858034, -8.873260005999953 ], [ 116.732865969000045, -8.869290975999945 ], [ 116.767885030000116, -8.855494030999978 ], [ 116.766605974000072, -8.834915041999977 ], [ 116.784787974000096, -8.827044976999957 ], [ 116.78655100800006, -8.813887020999971 ], [ 116.803045022000106, -8.826120014999958 ], [ 116.814662034000094, -8.812970019999966 ], [ 116.804952964000108, -8.778273818999935 ], [ 116.790396997000016, -8.765340985999956 ], [ 116.781420004000097, -8.774680973999978 ], [ 116.782984590000069, -8.751033749999976 ], [ 116.763194996000038, -8.736597986999925 ], [ 116.765851032000114, -8.72860598699998 ], [ 116.780876977000048, -8.728384988999949 ], [ 116.785873990000027, -8.720794977999958 ], [ 116.779244077000044, -8.716248408999945 ], [ 116.786384007000038, -8.712807023999972 ], [ 116.771954975000085, -8.687436002999959 ], [ 116.773659993000024, -8.674728961999961 ], [ 116.759000975000049, -8.674510002999966 ], [ 116.74616603100003, -8.662858043999961 ], [ 116.764110027000015, -8.653575967999927 ], [ 116.788528973000098, -8.589616974999956 ], [ 116.817493028000058, -8.578733028999977 ], [ 116.83334199300009, -8.557497024999975 ], [ 116.818932016000076, -8.51745303499996 ] ] ], [ [ [ 116.857511012000032, -8.502708998999935 ], [ 116.855997977000015, -8.512144023999952 ], [ 116.849350974000117, -8.518432039999936 ], [ 116.841533028000072, -8.509835030999966 ], [ 116.857511012000032, -8.502708998999935 ] ] ], [ [ [ 116.819481009000015, -8.500119003999941 ], [ 116.818932026000084, -8.498769014999937 ], [ 116.819775964000087, -8.499010956999939 ], [ 116.819481009000015, -8.500119003999941 ] ] ], [ [ [ 116.865045972000075, -8.496311986999956 ], [ 116.882102971000108, -8.498115002999953 ], [ 116.868583990000047, -8.504234005999933 ], [ 116.865045972000075, -8.496311986999956 ] ] ], [ [ [ 116.835389019000104, -8.501038990999973 ], [ 116.830612980000069, -8.498288998999953 ], [ 116.830861030000051, -8.496092000999965 ], [ 116.835389019000104, -8.501038990999973 ] ] ], [ [ [ 116.808382028000096, -8.491434980999941 ], [ 116.8087029940001, -8.491103966999958 ], [ 116.808769968000092, -8.491415003999975 ], [ 116.808382028000096, -8.491434980999941 ] ] ] ] } },
{ "type": "Feature", "properties": { "kemendagri_kab_code": 5208, "kemendagri_kab_name": "Kabupaten Lombok Utara", "kemendagri_prov_code": 52, "kemendagri_prov_name": "Nusa Tenggara Barat" }, "geometry": { "type": "MultiPolygon", "coordinates": [ [ [ [ 116.087580028000048, -8.359508008999967 ], [ 116.078839989000016, -8.364659030999974 ], [ 116.074991022000063, -8.35627496099994 ], [ 116.085055036000085, -8.350072989999944 ], [ 116.087580028000048, -8.359508008999967 ] ] ], [ [ [ 116.057348988000058, -8.359324023999932 ], [ 116.051350031000084, -8.346335979999935 ], [ 116.05653997200011, -8.341787032999946 ], [ 116.062254970000026, -8.351096981999945 ], [ 116.057348988000058, -8.359324023999932 ] ] ], [ [ [ 116.034387020000054, -8.361814971999934 ], [ 116.027962036000076, -8.345788034999941 ], [ 116.040600010000048, -8.338996024999972 ], [ 116.044581968000102, -8.351937005999957 ], [ 116.034387020000054, -8.361814971999934 ] ] ], [ [ [ 116.37135128500006, -8.210467868999956 ], [ 116.460189008000043, -8.22706500399994 ], [ 116.493922926000096, -8.245530966999979 ], [ 116.469860979000032, -8.273639514999957 ], [ 116.467433236000034, -8.330631570999969 ], [ 116.419939127000021, -8.389881483999943 ], [ 116.423644354000089, -8.411066949999963 ], [ 116.406266575000018, -8.434532797999964 ], [ 116.385065522000104, -8.421424706999971 ], [ 116.38240200700011, -8.410125875999938 ], [ 116.344882760000019, -8.408842923999941 ], [ 116.26706885100009, -8.450618013999929 ], [ 116.222903174000066, -8.456417705999968 ], [ 116.213904709000076, -8.480428796999945 ], [ 116.198741744000017, -8.477933505999943 ], [ 116.183791310000061, -8.463024774999951 ], [ 116.167464386, -8.465618977999952 ], [ 116.160961286000088, -8.456208858999958 ], [ 116.142125827000086, -8.454358103999937 ], [ 116.129472129000078, -8.470664124999928 ], [ 116.089128698000081, -8.463844379999955 ], [ 116.074813339000116, -8.472529607999945 ], [ 116.068258382000067, -8.46179226199996 ], [ 116.03658595200011, -8.470175068999936 ], [ 116.032013011000117, -8.446869976999949 ], [ 116.035813995000012, -8.435572972999978 ], [ 116.045956969000031, -8.432387031999951 ], [ 116.04171300400003, -8.421510011999942 ], [ 116.052237976000015, -8.417772034999928 ], [ 116.05682501900003, -8.403829007999946 ], [ 116.07764097200004, -8.406249971999955 ], [ 116.10356443, -8.390715329999978 ], [ 116.099491021000063, -8.36108698399994 ], [ 116.119081963000099, -8.370008043999974 ], [ 116.123005037000098, -8.359111025999937 ], [ 116.135352988000022, -8.362871962999975 ], [ 116.151415460000067, -8.344121652999945 ], [ 116.175159029000042, -8.342118996999943 ], [ 116.192749976000073, -8.307025025999963 ], [ 116.253748973000029, -8.25442395999994 ], [ 116.33770998500006, -8.214748977999932 ], [ 116.37135128500006, -8.210467868999956 ] ] ] ] } },
{ "type": "Feature", "properties": { "kemendagri_kab_code": 5271, "kemendagri_kab_name": "Kota Mataram", "kemendagri_prov_code": 52, "kemendagri_prov_name": "Nusa Tenggara Barat" }, "geometry": { "type": "MultiPolygon", "coordinates": [ [ [ [ 116.073370139000076, -8.55291286399995 ], [ 116.13936229400008, -8.565172258999951 ], [ 116.149452090000068, -8.583293758999957 ], [ 116.169859926000072, -8.594506131999935 ], [ 116.130983919000073, -8.61918742499995 ], [ 116.074207780000052, -8.623946042999933 ], [ 116.073370139000076, -8.55291286399995 ] ] ], [ [ [ 116.071063001000084, -8.580059963999929 ], [ 116.071062994000044, -8.580059910999978 ], [ 116.071063023000079, -8.580059948999974 ], [ 116.071063001000084, -8.580059963999929 ] ] ] ] } },
{ "type": "Feature", "properties": { "kemendagri_kab_code": 5272, "kemendagri_kab_name": "Kota Bima", "kemendagri_prov_code": 52, "kemendagri_prov_name": "Nusa Tenggara Barat" }, "geometry": { "type": "Polygon", "coordinates": [ [ [ 118.733231029000081, -8.340374396999948 ], [ 118.746862736000026, -8.37745173899998 ], [ 118.740925083000093, -8.403419288999942 ], [ 118.769730018000018, -8.402733133999959 ], [ 118.802251222000109, -8.427661837999949 ], [ 118.808094423000057, -8.411708597999962 ], [ 118.825305859000082, -8.425727903999928 ], [ 118.874874848000104, -8.435826192999968 ], [ 118.886543915000061, -8.453663113999937 ], [ 118.882231101000116, -8.470155009999928 ], [ 118.895999629000016, -8.489839653999979 ], [ 118.874917329000027, -8.483178762999955 ], [ 118.858415650000097, -8.494853874999933 ], [ 118.835197831000073, -8.49674816199996 ], [ 118.818861259000073, -8.522788333999927 ], [ 118.801312430000053, -8.532360064999978 ], [ 118.790118469000049, -8.513843187999953 ], [ 118.765159701000016, -8.512814464999963 ], [ 118.757957948000012, -8.52051763999998 ], [ 118.731423577000101, -8.51358867099998 ], [ 118.709533864000036, -8.480854631999932 ], [ 118.710082071000102, -8.47105750999998 ], [ 118.722281208000027, -8.468171217999952 ], [ 118.711422445000039, -8.453822764999927 ], [ 118.724556963000055, -8.43562078399998 ], [ 118.697826956000085, -8.410045437999941 ], [ 118.711960562000058, -8.406446787999926 ], [ 118.70198748700011, -8.388304468999934 ], [ 118.728650151000011, -8.35896712899995 ], [ 118.733231029000081, -8.340374396999948 ] ] ] } }
]
}
