{
"type": "FeatureCollection",
"name": "61",
"crs": { "type": "name", "properties": { "name": "urn:ogc:def:crs:OGC:1.3:CRS84" } },
"features": [
{ "type": "Feature", "properties": { "kemendagri_kab_code": 6101, "kemendagri_kab_name": "Kabupaten Sambas", "kemendagri_prov_code": 61, "kemendagri_prov_name": "Kalimantan Barat" }, "geometry": { "type": "MultiPolygon", "coordinates": [ [ [ [ 108.966370372000085, 1.197325673000023 ], [ 108.966042007000055, 1.19763262400005 ], [ 108.966291850000061, 1.197727802000031 ], [ 108.966370372000085, 1.197325673000023 ] ] ], [ [ [ 108.980365092000056, 1.268470584000056 ], [ 108.981882474000088, 1.268437509000023 ], [ 108.981111648000081, 1.267492030000028 ], [ 108.980365092000056, 1.268470584000056 ] ] ], [ [ [ 109.636444155000049, 2.028896085000042 ], [ 109.620420344000081, 1.983114633000071 ], [ 109.600618965000081, 1.97389329300006 ], [ 109.576424633000045, 1.97783572000003 ], [ 109.553260583000053, 1.965933441000061 ], [ 109.551714866000054, 1.956229987000029 ], [ 109.566996687000085, 1.945740054000055 ], [ 109.556235154000035, 1.928754975000061 ], [ 109.538051384000084, 1.927141642000038 ], [ 109.538830874000041, 1.911829126000043 ], [ 109.549553638000077, 1.877283746000046 ], [ 109.558286624000061, 1.872063757000035 ], [ 109.553340722000087, 1.853552085000047 ], [ 109.56371787900008, 1.84326046700005 ], [ 109.57624015600004, 1.846744235000074 ], [ 109.582409839000036, 1.835464198000068 ], [ 109.586468315000047, 1.81264419300004 ], [ 109.579223076000062, 1.805035635000024 ], [ 109.586328423000054, 1.791899553000064 ], [ 109.635398295000073, 1.805361203000075 ], [ 109.685485059000086, 1.782138503000056 ], [ 109.667698302000076, 1.733137946000056 ], [ 109.669871059000059, 1.699267285000076 ], [ 109.660885238000049, 1.693246707000071 ], [ 109.667007954000042, 1.652558366000051 ], [ 109.657796511000072, 1.636622923000061 ], [ 109.661994665000066, 1.617419484000038 ], [ 109.688525084000048, 1.609812069000043 ], [ 109.696848554000042, 1.588158003000046 ], [ 109.707042502000036, 1.586374995000028 ], [ 109.721767905000036, 1.562761567000052 ], [ 109.746665088000043, 1.543681897000056 ], [ 109.753498422000064, 1.526989628000024 ], [ 109.718988865000085, 1.475802180000073 ], [ 109.703937899000039, 1.474929696000061 ], [ 109.678277222000077, 1.447471680000035 ], [ 109.653246582000065, 1.43464412700007 ], [ 109.639648222000062, 1.442290685000046 ], [ 109.609769383000071, 1.43088275100007 ], [ 109.602107659000069, 1.399480438000069 ], [ 109.607953673000054, 1.388801369000021 ], [ 109.576926059000073, 1.380492840000045 ], [ 109.615808493000088, 1.362734943000021 ], [ 109.606795282000064, 1.328435931000058 ], [ 109.625396466000041, 1.319714615000066 ], [ 109.618277813000077, 1.290714165000054 ], [ 109.620649252000078, 1.241444258000058 ], [ 109.59113519400006, 1.215263722000032 ], [ 109.590147907000073, 1.199196277000055 ], [ 109.561474205000081, 1.188689055000054 ], [ 109.553359742000055, 1.131055792000041 ], [ 109.546030078000058, 1.13176969500006 ], [ 109.53263620000007, 1.114039785000045 ], [ 109.521592677000058, 1.08581401400005 ], [ 109.523168163000037, 1.067183039000042 ], [ 109.503195898000058, 1.02342354700005 ], [ 109.478629074000082, 1.014278543000046 ], [ 109.445006065000086, 1.029476005000049 ], [ 109.441822111000079, 1.043135993000021 ], [ 109.424730261000036, 1.044916961000069 ], [ 109.406108738000057, 1.021500286000048 ], [ 109.389157865000072, 1.016545022000059 ], [ 109.378038631000038, 0.998063913000067 ], [ 109.313388152000073, 1.026927650000061 ], [ 109.241654623000045, 1.018472003000056 ], [ 109.222977, 1.000203 ], [ 109.217613503000052, 0.976251709000053 ], [ 109.190274760000079, 0.958748668000055 ], [ 109.172605, 0.966007298000022 ], [ 109.173317549000046, 0.97876793000006 ], [ 109.162691011000049, 0.971405463000053 ], [ 109.150273845000072, 0.978741663000051 ], [ 109.146653384000047, 1.008891529000039 ], [ 109.129173455000057, 1.018018459000075 ], [ 109.095272968000074, 1.004410008000036 ], [ 109.09310664800006, 0.990443052000046 ], [ 109.083290858000055, 1.00099775700005 ], [ 109.047342111000034, 1.008058886000072 ], [ 108.978479828000047, 0.997399629000029 ], [ 108.966766587000052, 1.044472058000053 ], [ 108.931640106000089, 1.097417838000069 ], [ 108.903378523000072, 1.168004035000024 ], [ 108.927216614000088, 1.175649088000057 ], [ 108.956091692000086, 1.165969494000024 ], [ 108.971011326000053, 1.176228165000055 ], [ 108.968539059000079, 1.185050553000053 ], [ 108.978964733000055, 1.184694334000028 ], [ 108.965599316000066, 1.19959115000006 ], [ 108.962366662000079, 1.198442868000029 ], [ 108.963766559000078, 1.217741963000037 ], [ 108.986582005000059, 1.252993142000037 ], [ 108.989511716000038, 1.276113769000062 ], [ 109.03494859500006, 1.327560334000054 ], [ 109.042587196000056, 1.355873620000068 ], [ 109.037222567000072, 1.462391059000026 ], [ 109.054686955000079, 1.51835957000003 ], [ 109.119910123000068, 1.580285648000029 ], [ 109.220163319000051, 1.632486592000021 ], [ 109.255024665000064, 1.664129045000038 ], [ 109.270341120000069, 1.715270753000027 ], [ 109.281807009000033, 1.721605986000043 ], [ 109.300508059000038, 1.767957327000033 ], [ 109.287698517000081, 1.776888064000048 ], [ 109.337291142000083, 1.833179018000067 ], [ 109.338923555000065, 1.86370918800003 ], [ 109.334559365000075, 1.857476414000075 ], [ 109.343435158000034, 1.875832015000071 ], [ 109.322172028000068, 1.92654587100003 ], [ 109.337254073000054, 1.943155040000022 ], [ 109.428924731000052, 1.95045943100007 ], [ 109.452331001000061, 1.974198461000071 ], [ 109.476493877000053, 1.982379164000065 ], [ 109.584900234000088, 1.990052683000044 ], [ 109.625473940000063, 2.064975763000064 ], [ 109.644918611000037, 2.081459444000075 ], [ 109.630254266000065, 2.045948793000036 ], [ 109.636444155000049, 2.028896085000042 ] ] ] ] } },
{ "type": "Feature", "properties": { "kemendagri_kab_code": 6102, "kemendagri_kab_name": "Kabupaten Mempawah", "kemendagri_prov_code": 61, "kemendagri_prov_name": "Kalimantan Barat" }, "geometry": { "type": "MultiPolygon", "coordinates": [ [ [ [ 108.601331555000058, 0.11945743800004 ], [ 108.599495946000047, 0.129316157000062 ], [ 108.608706232000088, 0.140741363000075 ], [ 108.611257798000054, 0.126238874000023 ], [ 108.601331555000058, 0.11945743800004 ] ] ], [ [ [ 109.153098508000085, 0.679494144000046 ], [ 109.174008812000068, 0.66407915000002 ], [ 109.195594989000085, 0.670850372000075 ], [ 109.250499428000069, 0.667744888000072 ], [ 109.257180461000075, 0.650307876000056 ], [ 109.275768019000054, 0.643701129000021 ], [ 109.283680893000053, 0.625374452000074 ], [ 109.25992873000007, 0.610655258000065 ], [ 109.252774459000079, 0.576731040000027 ], [ 109.234581172000048, 0.555453812000053 ], [ 109.238948558000061, 0.540817175000029 ], [ 109.231808540000088, 0.518219463000037 ], [ 109.20524675300004, 0.498664659000042 ], [ 109.208328721000044, 0.46540529400005 ], [ 109.220460540000033, 0.461701684000047 ], [ 109.22702199400004, 0.465358650000042 ], [ 109.223336577000055, 0.470043607000036 ], [ 109.238135427000088, 0.47381671200003 ], [ 109.247701406000033, 0.453231884000047 ], [ 109.271051212000089, 0.455615629000022 ], [ 109.27375003800006, 0.438907279000034 ], [ 109.301133699000047, 0.415601064000043 ], [ 109.303042423000079, 0.387258365000037 ], [ 109.322197655000082, 0.376155638000057 ], [ 109.270977931000061, 0.33318274100003 ], [ 109.207072329000084, 0.322685953000075 ], [ 109.204143825000074, 0.30685851800007 ], [ 109.176302346000057, 0.282417767000027 ], [ 109.172530671000061, 0.264168490000031 ], [ 109.179432532000078, 0.246380018000025 ], [ 109.243670639000072, 0.245926832000066 ], [ 109.249303024000085, 0.24169474200005 ], [ 109.245535961000087, 0.230297311000072 ], [ 109.252826862000063, 0.228376328000024 ], [ 109.262270993000072, 0.23916160300007 ], [ 109.283669774000089, 0.237076848000072 ], [ 109.292008661000068, 0.249619825000025 ], [ 109.295161585000074, 0.239025219000041 ], [ 109.320289351000042, 0.246416129000067 ], [ 109.353270874000088, 0.215489652000031 ], [ 109.367830556000058, 0.196669444000065 ], [ 109.370058143000051, 0.098902801000065 ], [ 109.379910362000032, 0.078602900000021 ], [ 109.380541607000055, 0.048404188000063 ], [ 109.364250442000071, 0.042708168000047 ], [ 109.370269619000055, 0.021828299000049 ], [ 109.308741515000065, 0.038116787000035 ], [ 109.287237182000069, 0.005904581000038 ], [ 109.178121837000049, 0.034007105000057 ], [ 109.177775360000055, 0.046429646000036 ], [ 109.188010690000056, 0.04834278800007 ], [ 109.194377187000043, 0.061030396000035 ], [ 109.175420016000032, 0.074745182000072 ], [ 109.161110710000059, 0.103780884000059 ], [ 109.138953486000048, 0.125333744000045 ], [ 109.128527022000071, 0.189285865000045 ], [ 109.100592794000079, 0.236833095000065 ], [ 109.034569751000049, 0.287331066000036 ], [ 108.988917187000084, 0.308153011000059 ], [ 108.928103641000064, 0.321556748000035 ], [ 108.913315928000088, 0.339695044000052 ], [ 108.914310380000074, 0.348763706000057 ], [ 108.939909009000075, 0.371373178000056 ], [ 108.946114187000035, 0.404523521000044 ], [ 108.938995055000078, 0.449172580000038 ], [ 108.908525156000053, 0.48418898500006 ], [ 108.907353549000049, 0.505284197000037 ], [ 108.926767821000055, 0.562254346000032 ], [ 108.931533494000064, 0.547117828000069 ], [ 108.950138283000058, 0.540730409000048 ], [ 108.954510943000059, 0.528926126000044 ], [ 108.970346189000054, 0.532613437000066 ], [ 108.990529870000046, 0.554826173000038 ], [ 108.998540639000055, 0.542674912000052 ], [ 109.007891358000052, 0.562454531000071 ], [ 109.030498592000072, 0.570061982000027 ], [ 109.030441848000066, 0.576369142000033 ], [ 109.046404725000059, 0.574917908000032 ], [ 109.083067332000041, 0.590868180000029 ], [ 109.120046841000033, 0.637693941000066 ], [ 109.143506424000066, 0.646299842000076 ], [ 109.153098508000085, 0.679494144000046 ] ] ], [ [ [ 108.745531932000063, 0.368454976000066 ], [ 108.740770733000033, 0.365875697000035 ], [ 108.743090701000085, 0.376210473000071 ], [ 108.745531932000063, 0.368454976000066 ] ] ], [ [ [ 108.935929157000032, 0.401865781000026 ], [ 108.938141129000087, 0.403539219000038 ], [ 108.939156704000084, 0.401922084000034 ], [ 108.935929157000032, 0.401865781000026 ] ] ], [ [ [ 108.860602606000043, 0.513807729000064 ], [ 108.863919696000039, 0.484547766000048 ], [ 108.857969598000068, 0.476298464000024 ], [ 108.837836716000083, 0.500413743000024 ], [ 108.85096234100007, 0.507640435000042 ], [ 108.850235697000073, 0.514781241000037 ], [ 108.860602606000043, 0.513807729000064 ] ] ] ] } },
{ "type": "Feature", "properties": { "kemendagri_kab_code": 6103, "kemendagri_kab_name": "Kabupaten Sanggau", "kemendagri_prov_code": 61, "kemendagri_prov_name": "Kalimantan Barat" }, "geometry": { "type": "Polygon", "coordinates": [ [ [ 110.803215410000064, 0.900604747000045 ], [ 110.765671589000078, 0.860422370000038 ], [ 110.758677801000033, 0.842210409000074 ], [ 110.772783750000087, 0.833159443000056 ], [ 110.792009825000036, 0.792208090000031 ], [ 110.813694395000084, 0.789709090000031 ], [ 110.82348081400005, 0.774501501000032 ], [ 110.839403277000088, 0.770785249000028 ], [ 110.846509077000064, 0.755401532000064 ], [ 110.869273421000059, 0.754779170000063 ], [ 110.869384893000074, 0.747763661000022 ], [ 110.850964645000033, 0.744012016000056 ], [ 110.857724491000056, 0.727668724000068 ], [ 110.880710094000051, 0.727846778000071 ], [ 110.903630600000042, 0.712772222000069 ], [ 110.951077800000064, 0.727016667000044 ], [ 110.967874109000036, 0.724440350000066 ], [ 110.974706379000054, 0.742239725000047 ], [ 110.994573805000073, 0.736836828000037 ], [ 110.997008179000034, 0.746079073000033 ], [ 111.011618920000046, 0.739302767000027 ], [ 110.997164681000072, 0.735374485000023 ], [ 111.000906109000084, 0.72395375900004 ], [ 110.988706045000072, 0.705151315000023 ], [ 110.98938912300008, 0.690234580000038 ], [ 111.008206491000067, 0.678540274000056 ], [ 111.013062408000053, 0.659449566000035 ], [ 110.988838842000064, 0.598390405000032 ], [ 110.999940514000059, 0.557964222000066 ], [ 110.962238848000084, 0.517413348000048 ], [ 110.958104012000035, 0.489213887000062 ], [ 110.942466962000083, 0.461829839000075 ], [ 110.940399760000048, 0.425540389000048 ], [ 110.947412198000052, 0.400684913000021 ], [ 110.958654435000085, 0.397933667000075 ], [ 110.95902336100005, 0.372555061000071 ], [ 110.923241735000033, 0.339748992000068 ], [ 110.926824731000067, 0.327250400000025 ], [ 110.910346795000066, 0.303273515000058 ], [ 110.908621689000086, 0.251074334000066 ], [ 110.888186888000064, 0.233370464000075 ], [ 110.894537737000064, 0.224001949000069 ], [ 110.906531521000034, 0.228972787000032 ], [ 110.910945694000077, 0.222135644000048 ], [ 110.898683276000042, 0.203402352000069 ], [ 110.905142617000081, 0.188163346000067 ], [ 110.901418827000043, 0.167823865000059 ], [ 110.878530625000053, 0.148041324000076 ], [ 110.870770442000037, 0.119421641000031 ], [ 110.843198076000078, 0.108360083000036 ], [ 110.843006238000044, 0.096082355000021 ], [ 110.819434077000039, 0.092575537000073 ], [ 110.797332986000072, 0.099479579000047 ], [ 110.78460857400006, 0.088088446000029 ], [ 110.766442443000074, 0.088470980000068 ], [ 110.724817002000066, -0.003784155999938 ], [ 110.72972821500008, -0.031634805999943 ], [ 110.722280531000081, -0.032211545999928 ], [ 110.714646684000058, -0.049518988999978 ], [ 110.714439543000083, -0.082877791999977 ], [ 110.746481027000073, -0.145435803999931 ], [ 110.747312653000051, -0.16162141999996 ], [ 110.690828629000066, -0.168031385999939 ], [ 110.638264120000088, -0.142169938999928 ], [ 110.597006232000069, -0.157367861999944 ], [ 110.629912942000033, -0.202971691999949 ], [ 110.596854639000071, -0.24233333899997 ], [ 110.560050293000074, -0.258959860999937 ], [ 110.569611788000088, -0.286075656999969 ], [ 110.553114987000072, -0.326091081999948 ], [ 110.555631360000064, -0.342277703999969 ], [ 110.570449987000075, -0.346455935999927 ], [ 110.568111662000035, -0.34771716399996 ], [ 110.538034807000088, -0.350926570999945 ], [ 110.509674812000071, -0.324383947999934 ], [ 110.489949078000052, -0.331812939999963 ], [ 110.470217472000058, -0.324194014999932 ], [ 110.441321149000089, -0.335569546999977 ], [ 110.422636989000068, -0.364722400999938 ], [ 110.42897146100006, -0.384303561999957 ], [ 110.407362712000065, -0.390219165999952 ], [ 110.383086917000071, -0.38153850599997 ], [ 110.37621749300007, -0.388609993999978 ], [ 110.378350983000075, -0.401581234999981 ], [ 110.351270577000037, -0.395915168999977 ], [ 110.320648323000057, -0.410543877999942 ], [ 110.302554404000034, -0.452373683999951 ], [ 110.277899192000064, -0.437669640999957 ], [ 110.258787442000084, -0.445555265999928 ], [ 110.214132974000051, -0.419601436999926 ], [ 110.198009115000048, -0.424740178999969 ], [ 110.19706842100004, -0.416645143999972 ], [ 110.154220880000082, -0.438855577999959 ], [ 110.134427989000073, -0.425079452999967 ], [ 110.113694692000081, -0.422659530999965 ], [ 110.108380427000043, -0.428665577999936 ], [ 110.098738645000083, -0.397533561999978 ], [ 110.051468973000055, -0.387282046999928 ], [ 110.040398583000069, -0.398967796999955 ], [ 110.037138052000046, -0.435917608999944 ], [ 110.014524864000066, -0.448742655999979 ], [ 110.005096255000069, -0.472396937999974 ], [ 109.993878052000071, -0.473254890999954 ], [ 109.995821130000081, -0.486369546999924 ], [ 109.975078411000084, -0.49939692199996 ], [ 109.965777500000058, -0.497100832999934 ], [ 109.958611223000048, -0.487274 ], [ 109.972396098000047, -0.477079733999972 ], [ 109.969717458000048, -0.457581593999976 ], [ 109.946060661000047, -0.44388749999996 ], [ 109.968027505000066, -0.445527686999981 ], [ 109.972125364000078, -0.434935296999925 ], [ 109.930323114000089, -0.414042046999953 ], [ 109.924717426000086, -0.392525358999933 ], [ 109.927748504000078, -0.358741921999979 ], [ 109.953072739000049, -0.348752218999948 ], [ 109.936074442000063, -0.318919093999966 ], [ 109.956377973000087, -0.304470561999949 ], [ 109.970710973000052, -0.281695514999967 ], [ 109.951228969000056, -0.259488137999938 ], [ 109.954703108000047, -0.245774238999957 ], [ 109.944381801000077, -0.228121951999924 ], [ 109.947525021000047, -0.141458385999954 ], [ 109.920990441000072, -0.147321861999956 ], [ 109.905439474000048, -0.136557139999979 ], [ 109.903888899000037, -0.107684806999941 ], [ 109.851323603000083, -0.049107918999937 ], [ 109.842469809000079, 0.002963845000068 ], [ 109.886014474000035, 0.041337444000021 ], [ 109.87641, 0.07703 ], [ 109.890442481000036, 0.087332592000053 ], [ 109.909641313000066, 0.084090477000075 ], [ 109.911701298000082, 0.100130129000036 ], [ 109.936499998000045, 0.114166667000063 ], [ 109.958216211000035, 0.107503868000038 ], [ 109.997794615000089, 0.144541975000038 ], [ 110.024918070000069, 0.140400033000049 ], [ 110.028606830000058, 0.173727954000071 ], [ 110.049341453000068, 0.211114045000045 ], [ 110.071208700000057, 0.22234510100003 ], [ 110.086484839000036, 0.209876725000072 ], [ 110.09765337400006, 0.21888459500002 ], [ 110.117102865000049, 0.207242361000056 ], [ 110.11933489900008, 0.249940884000068 ], [ 110.125840479000033, 0.246545418000039 ], [ 110.150250720000088, 0.27338497300002 ], [ 110.139935757000046, 0.278189104000035 ], [ 110.133268507000082, 0.302466745000061 ], [ 110.135781218000034, 0.322297173000038 ], [ 110.148715968000033, 0.323267993000059 ], [ 110.16174340200007, 0.349968069000056 ], [ 110.159336388000042, 0.378625816000067 ], [ 110.189072513000042, 0.380427068000074 ], [ 110.19445961200006, 0.414539021000053 ], [ 110.210335376000046, 0.410484420000046 ], [ 110.206242703000044, 0.424646972000062 ], [ 110.182576077000078, 0.427672415000075 ], [ 110.181397928000081, 0.442541325000036 ], [ 110.165157635000071, 0.446103914000048 ], [ 110.163868897000043, 0.457592560000023 ], [ 110.180713217000061, 0.471088383000051 ], [ 110.175426259000062, 0.479890285000067 ], [ 110.183581362000041, 0.487866733000033 ], [ 110.199122798000076, 0.485676169000044 ], [ 110.204980456000044, 0.503618412000037 ], [ 110.199334681000039, 0.525943263000045 ], [ 110.216054606000057, 0.537185618000024 ], [ 110.230797260000088, 0.53242995200003 ], [ 110.254556178000087, 0.550808909000068 ], [ 110.243758184000058, 0.56491911300003 ], [ 110.24920239100004, 0.575417295000022 ], [ 110.23039513100008, 0.576235829000041 ], [ 110.219885643000055, 0.602214866000054 ], [ 110.218345540000087, 0.624825375000057 ], [ 110.236137256000063, 0.650044376000039 ], [ 110.228249497000036, 0.660920624000028 ], [ 110.245050044000038, 0.67437658700004 ], [ 110.239629751000052, 0.726746587000036 ], [ 110.201552701000082, 0.751627120000023 ], [ 110.178737032000072, 0.806876747000047 ], [ 110.184272022000073, 0.836096982000072 ], [ 110.205041974000039, 0.847862962000022 ], [ 110.213869774000045, 0.842354510000064 ], [ 110.242416322000054, 0.848714616000052 ], [ 110.258775116000038, 0.85906527100002 ], [ 110.259251008000035, 0.870766271000036 ], [ 110.217088259000036, 0.918238368000061 ], [ 110.216763352000044, 0.955514344000051 ], [ 110.224893019000035, 0.961460141000032 ], [ 110.216481565000038, 0.97272498500007 ], [ 110.224167224000041, 0.980838947000052 ], [ 110.184487571000034, 1.002469678000068 ], [ 110.134430889000043, 1.006675658000063 ], [ 110.131880952000074, 1.016805931000022 ], [ 110.143732384000089, 1.025387487000046 ], [ 110.11291563900005, 1.062505637000072 ], [ 110.131065571000079, 1.081925056000046 ], [ 110.123999062000053, 1.119002465000051 ], [ 110.104054517000066, 1.140591306000033 ], [ 110.105674846000056, 1.169511663000037 ], [ 110.132047166000063, 1.199160127000027 ], [ 110.159100377000073, 1.198812189000023 ], [ 110.171251934000054, 1.187203511000064 ], [ 110.190895787000045, 1.184643298000026 ], [ 110.212705203000041, 1.150789422000059 ], [ 110.205237078000039, 1.132969796000054 ], [ 110.210460771000044, 1.118571136000071 ], [ 110.241260406000038, 1.117921215000024 ], [ 110.249555088000079, 1.107621607000056 ], [ 110.247450287000049, 1.08644416900006 ], [ 110.267222614000048, 1.066327742000055 ], [ 110.260264576000054, 1.057592078000027 ], [ 110.286327439000047, 1.044524056000057 ], [ 110.278151419000039, 1.032568783000045 ], [ 110.282629105000069, 1.011296861000062 ], [ 110.276305375000049, 0.99665826100005 ], [ 110.298396134000086, 0.995598446000031 ], [ 110.307960517000083, 1.003840278000041 ], [ 110.325165426000069, 0.99208430300007 ], [ 110.339365685000075, 1.012646583000048 ], [ 110.343451380000033, 0.991934680000043 ], [ 110.358786891000079, 0.983453883000038 ], [ 110.396445464000067, 0.99769227400003 ], [ 110.410220669000068, 0.965057013000035 ], [ 110.405442028000039, 0.953032357000041 ], [ 110.439003744000047, 0.943744152000022 ], [ 110.432657499000072, 0.928494449000027 ], [ 110.438277776000064, 0.917392364000023 ], [ 110.462748980000072, 0.904766429000063 ], [ 110.467307193000067, 0.892594495000026 ], [ 110.479608931000087, 0.89199553900005 ], [ 110.490482391000057, 0.876694275000034 ], [ 110.545128064000039, 0.868590815000061 ], [ 110.575405441000044, 0.853820529000075 ], [ 110.597646834000045, 0.85875846700003 ], [ 110.601812216000042, 0.868875514000024 ], [ 110.628818462000083, 0.869070304000047 ], [ 110.636768918000087, 0.88009697800004 ], [ 110.632663999000044, 0.89473068500007 ], [ 110.651581898000074, 0.903397411000071 ], [ 110.653590053000073, 0.875745502000029 ], [ 110.662262517000045, 0.870558326000037 ], [ 110.674892050000039, 0.878332103000048 ], [ 110.694601351000074, 0.863508861000071 ], [ 110.697636664000072, 0.88416791100002 ], [ 110.716303585000048, 0.906076207000069 ], [ 110.755648180000037, 0.899282775000074 ], [ 110.771482487000071, 0.932222522000075 ], [ 110.783871587000078, 0.912450530000058 ], [ 110.803215410000064, 0.900604747000045 ] ] ] } },
{ "type": "Feature", "properties": { "kemendagri_kab_code": 6104, "kemendagri_kab_name": "Kabupaten Ketapang", "kemendagri_prov_code": 61, "kemendagri_prov_name": "Kalimantan Barat" }, "geometry": { "type": "MultiPolygon", "coordinates": [ [ [ [ 110.078575912000076, -2.843285009999931 ], [ 110.079390742000044, -2.842337873999952 ], [ 110.079118460000075, -2.843500850999931 ], [ 110.078575912000076, -2.843285009999931 ] ] ], [ [ [ 110.081531599000073, -2.830989157999966 ], [ 110.085047596000038, -2.833701287999929 ], [ 110.083698294000044, -2.836285098999952 ], [ 110.081531599000073, -2.830989157999966 ] ] ], [ [ [ 110.081962169000064, -2.82724800799997 ], [ 110.082038247000071, -2.827365823999969 ], [ 110.081946636000055, -2.827628068999957 ], [ 110.081962169000064, -2.82724800799997 ] ] ], [ [ [ 110.082939767000084, -2.826944940999965 ], [ 110.082625779000068, -2.826671843999975 ], [ 110.082954285000085, -2.826643383999965 ], [ 110.082939767000084, -2.826944940999965 ] ] ], [ [ [ 110.064134723000052, -2.386304670999948 ], [ 110.061992026000041, -2.388026457999956 ], [ 110.060933789000046, -2.387092302999974 ], [ 110.064134723000052, -2.386304670999948 ] ] ], [ [ [ 110.069868733000078, -2.385638421999943 ], [ 110.071299884000041, -2.380469618999939 ], [ 110.072037168000065, -2.380996668999956 ], [ 110.069868733000078, -2.385638421999943 ] ] ], [ [ [ 110.073750098000062, -2.373928170999932 ], [ 110.066338428000051, -2.384013785999969 ], [ 110.054623439000068, -2.381758341999955 ], [ 110.067246411000042, -2.364177792999953 ], [ 110.073750098000062, -2.373928170999932 ] ] ], [ [ [ 109.978471263000074, -2.325787337999941 ], [ 109.978359842000089, -2.321910025999955 ], [ 109.980770805000077, -2.324223755999981 ], [ 109.978471263000074, -2.325787337999941 ] ] ], [ [ [ 109.990375799000049, -2.260128072999976 ], [ 109.990760197000043, -2.254731307999975 ], [ 109.993576809000047, -2.258730188999948 ], [ 109.990375799000049, -2.260128072999976 ] ] ], [ [ [ 110.071116023000059, -2.249753212999963 ], [ 110.070008809000058, -2.251109572999951 ], [ 110.068581359000063, -2.250943510999946 ], [ 110.071116023000059, -2.249753212999963 ] ] ], [ [ [ 110.080901826000058, -2.169169241999953 ], [ 110.084569917000067, -2.172037612999929 ], [ 110.083855562000053, -2.173054385999933 ], [ 110.080901826000058, -2.169169241999953 ] ] ], [ [ [ 110.080132734000074, -2.168086463999941 ], [ 110.07843291000006, -2.16994511799993 ], [ 110.078663798000036, -2.166768701999956 ], [ 110.080132734000074, -2.168086463999941 ] ] ], [ [ [ 109.919280384000047, -1.827960300999962 ], [ 109.922573189000047, -1.830397498999957 ], [ 109.918459363000068, -1.828677800999969 ], [ 109.919280384000047, -1.827960300999962 ] ] ], [ [ [ 109.919678106000049, -1.819741288999978 ], [ 109.920557750000057, -1.823201906999941 ], [ 109.918233066000084, -1.820441377999941 ], [ 109.919678106000049, -1.819741288999978 ] ] ], [ [ [ 109.918158001000052, -1.821178500999963 ], [ 109.917363404000071, -1.820424382999931 ], [ 109.91784524500008, -1.820101575999956 ], [ 109.918158001000052, -1.821178500999963 ] ] ], [ [ [ 109.922947252000085, -1.820065618999934 ], [ 109.923423103000061, -1.819816998999954 ], [ 109.923622455000043, -1.820563835999963 ], [ 109.922947252000085, -1.820065618999934 ] ] ], [ [ [ 109.938821671000085, -1.774200139999948 ], [ 109.928670550000049, -1.765602200999979 ], [ 109.929076405000046, -1.762945841999965 ], [ 109.938821671000085, -1.774200139999948 ] ] ], [ [ [ 110.049234, -1.44042 ], [ 110.049566, -1.440557 ], [ 110.049193, -1.440702 ], [ 110.049234, -1.44042 ] ] ], [ [ [ 110.024559401000033, -1.436815758999956 ], [ 110.022633106000058, -1.436814931999947 ], [ 110.021670946000086, -1.434492911999939 ], [ 110.024559401000033, -1.436815758999956 ] ] ], [ [ [ 110.046886015000041, -1.435566300999938 ], [ 110.053978235000045, -1.434248091999962 ], [ 110.049681467000084, -1.438626271999965 ], [ 110.046886015000041, -1.435566300999938 ] ] ], [ [ [ 110.012935399000071, -1.430451468999934 ], [ 110.020733974000052, -1.434456606999959 ], [ 110.019001727000045, -1.436715233999962 ], [ 110.012935399000071, -1.430451468999934 ] ] ], [ [ [ 110.00773900300004, -1.427192597999976 ], [ 110.003572379000047, -1.427554580999924 ], [ 110.006579645000045, -1.424473195999951 ], [ 110.00773900300004, -1.427192597999976 ] ] ], [ [ [ 110.112666105000073, -2.90058530999994 ], [ 110.113911712000061, -2.900200070999972 ], [ 110.113398059000076, -2.900816453999937 ], [ 110.112666105000073, -2.90058530999994 ] ] ], [ [ [ 110.092878492000068, -2.895484439999962 ], [ 110.091894436000075, -2.893652688999964 ], [ 110.093122641000036, -2.893797280999934 ], [ 110.092878492000068, -2.895484439999962 ] ] ], [ [ [ 110.092856711000081, -2.89293878999996 ], [ 110.09152470500004, -2.891616556999963 ], [ 110.091782274000082, -2.891013623999925 ], [ 110.092856711000081, -2.89293878999996 ] ] ], [ [ [ 110.172483682000063, -2.853421012999945 ], [ 110.201707407000072, -2.883666436999931 ], [ 110.192068839000058, -2.91260307899995 ], [ 110.161291879000089, -2.914112293999949 ], [ 110.154998048000039, -2.90085742399998 ], [ 110.139951468000049, -2.903143734999958 ], [ 110.131485094000084, -2.892318898999974 ], [ 110.152550773000087, -2.882552275999956 ], [ 110.15888411800006, -2.856943839999929 ], [ 110.172483682000063, -2.853421012999945 ] ] ], [ [ [ 110.089351, -2.877229 ], [ 110.092227, -2.879692 ], [ 110.089157, -2.881533 ], [ 110.089351, -2.877229 ] ] ], [ [ [ 110.161412983000048, -2.850084341999946 ], [ 110.161818692000054, -2.848648564999962 ], [ 110.162627203000056, -2.849798014999976 ], [ 110.161412983000048, -2.850084341999946 ] ] ], [ [ [ 110.086323571000037, -2.771103922999941 ], [ 110.089215882000076, -2.770639445999961 ], [ 110.089465448000055, -2.771106354999972 ], [ 110.086323571000037, -2.771103922999941 ] ] ], [ [ [ 110.091288772000041, -2.767876650999938 ], [ 110.092001823000089, -2.769205545999966 ], [ 110.090359452000087, -2.769240181999976 ], [ 110.091288772000041, -2.767876650999938 ] ] ], [ [ [ 110.104039105000084, -2.762142184999959 ], [ 110.104930633000038, -2.763543013999936 ], [ 110.103538374000038, -2.763326549999931 ], [ 110.104039105000084, -2.762142184999959 ] ] ], [ [ [ 110.113607559000059, -2.762113495999927 ], [ 110.114249710000081, -2.76279610499995 ], [ 110.113035403000083, -2.763333715999977 ], [ 110.113607559000059, -2.762113495999927 ] ] ], [ [ [ 110.112504064000063, -2.757660888999965 ], [ 110.112931755000034, -2.758666449999964 ], [ 110.112075122000078, -2.758342694999953 ], [ 110.112504064000063, -2.757660888999965 ] ] ], [ [ [ 110.113469924000071, -2.676354882999931 ], [ 110.127882141000043, -2.694185155999946 ], [ 110.127732997000066, -2.703079078999963 ], [ 110.123988354000062, -2.697864329999959 ], [ 110.117594747000055, -2.702573408999967 ], [ 110.122521824000046, -2.712098452999953 ], [ 110.115360129000067, -2.718813568999963 ], [ 110.128292244000079, -2.742371291999973 ], [ 110.082453624000038, -2.761288917999934 ], [ 110.044058387000064, -2.747878638999964 ], [ 110.066569610000045, -2.731383570999981 ], [ 110.075667047000081, -2.701165596999942 ], [ 110.091537294000034, -2.690920656999936 ], [ 110.098201246000087, -2.674641932999975 ], [ 110.113469924000071, -2.676354882999931 ] ] ], [ [ [ 110.085088767000059, -2.676189259999944 ], [ 110.084274612000058, -2.668474052999954 ], [ 110.091186962000052, -2.66894175799996 ], [ 110.085088767000059, -2.676189259999944 ] ] ], [ [ [ 110.099688686000036, -2.671786643999951 ], [ 110.097812373000068, -2.669695801999978 ], [ 110.09801979100007, -2.669207696999933 ], [ 110.099688686000036, -2.671786643999951 ] ] ], [ [ [ 110.113498906000075, -2.671227700999964 ], [ 110.112631255000053, -2.669749126999932 ], [ 110.113606972000071, -2.669881472999975 ], [ 110.113498906000075, -2.671227700999964 ] ] ], [ [ [ 110.119827839000038, -2.666312256999959 ], [ 110.118550580000033, -2.673238251999976 ], [ 110.118034192000039, -2.665436557999953 ], [ 110.119827839000038, -2.666312256999959 ] ] ], [ [ [ 110.128481354000087, -2.627978166999981 ], [ 110.121881486000063, -2.638528592999933 ], [ 110.11403071400008, -2.634095141999978 ], [ 110.121519474000081, -2.628703263999967 ], [ 110.128481354000087, -2.627978166999981 ] ] ], [ [ [ 110.150722686000051, -2.627162440999939 ], [ 110.152761427000087, -2.638394720999941 ], [ 110.148636902000078, -2.627399921999938 ], [ 110.150722686000051, -2.627162440999939 ] ] ], [ [ [ 110.144231372000036, -2.625335427999971 ], [ 110.144729834000088, -2.626927388999945 ], [ 110.144165998000062, -2.627897711999935 ], [ 110.144231372000036, -2.625335427999971 ] ] ], [ [ [ 110.132359, -2.624494 ], [ 110.13255, -2.623664 ], [ 110.133112, -2.623919 ], [ 110.132359, -2.624494 ] ] ], [ [ [ 110.147274766000066, -2.428646608999941 ], [ 110.147191719000034, -2.428263601999959 ], [ 110.147875864000071, -2.428252067999949 ], [ 110.147274766000066, -2.428646608999941 ] ] ], [ [ [ 110.092687992000037, -2.106247473999929 ], [ 110.097653511000033, -2.109601193999936 ], [ 110.092019640000046, -2.110076583999955 ], [ 110.092687992000037, -2.106247473999929 ] ] ], [ [ [ 110.204538811000077, -3.065412219999928 ], [ 110.202528040000061, -3.06706410299995 ], [ 110.203355166000051, -3.064301469999975 ], [ 110.204538811000077, -3.065412219999928 ] ] ], [ [ [ 110.200824114000056, -3.064351167999973 ], [ 110.201223416000062, -3.064047372999937 ], [ 110.201242431000082, -3.06442711699998 ], [ 110.200824114000056, -3.064351167999973 ] ] ], [ [ [ 110.217401, -3.060934 ], [ 110.21768, -3.059993 ], [ 110.217859, -3.061048 ], [ 110.217401, -3.060934 ] ] ], [ [ [ 110.225405457000079, -3.04111654999997 ], [ 110.22377239900004, -3.039348416999928 ], [ 110.224471375000064, -3.039172691999966 ], [ 110.225405457000079, -3.04111654999997 ] ] ], [ [ [ 110.304284, -3.006736 ], [ 110.30436598600005, -3.00584942699993 ], [ 110.304809715000033, -3.005994458999965 ], [ 110.304284, -3.006736 ] ] ], [ [ [ 110.305713, -2.997476 ], [ 110.305874, -2.997025 ], [ 110.305938, -2.99733 ], [ 110.305713, -2.997476 ] ] ], [ [ [ 110.307358029000056, -2.997374128999979 ], [ 110.306995452000081, -2.996584033999966 ], [ 110.307162091000066, -2.996614058999967 ], [ 110.307358029000056, -2.997374128999979 ] ] ], [ [ [ 110.306604251000067, -2.99611884199993 ], [ 110.306878837000056, -2.994856427999935 ], [ 110.306741118000048, -2.99616679899998 ], [ 110.306604251000067, -2.99611884199993 ] ] ], [ [ [ 110.169321527000079, -2.84233528599998 ], [ 110.168012527000087, -2.842023188999974 ], [ 110.168584098000053, -2.841640648999942 ], [ 110.169321527000079, -2.84233528599998 ] ] ], [ [ [ 110.166514057000086, -2.840370614999927 ], [ 110.167656649000037, -2.840371442999981 ], [ 110.166989794000074, -2.840849651999974 ], [ 110.166514057000086, -2.840370614999927 ] ] ], [ [ [ 110.170964639000033, -2.841450890999965 ], [ 110.168086525000035, -2.83840911599998 ], [ 110.168396593000068, -2.837547693999966 ], [ 110.170964639000033, -2.841450890999965 ] ] ], [ [ [ 110.172608056000058, -2.840135669999938 ], [ 110.171014193000076, -2.838722378999933 ], [ 110.170395972000051, -2.837764547999939 ], [ 110.172608056000058, -2.840135669999938 ] ] ], [ [ [ 110.18032197000008, -2.838154614999951 ], [ 110.18006069900008, -2.837340649999931 ], [ 110.180536577000055, -2.83762820499993 ], [ 110.18032197000008, -2.838154614999951 ] ] ], [ [ [ 110.175299830000085, -2.837432986999943 ], [ 110.176013611000087, -2.837912191999976 ], [ 110.175941962000081, -2.838247225999964 ], [ 110.175299830000085, -2.837432986999943 ] ] ], [ [ [ 110.19194609300007, -2.761131077999949 ], [ 110.192936796000083, -2.760365840999953 ], [ 110.192745769000055, -2.761265658999946 ], [ 110.19194609300007, -2.761131077999949 ] ] ], [ [ [ 110.22628, -2.760016 ], [ 110.227213, -2.759932 ], [ 110.227082, -2.760304 ], [ 110.22628, -2.760016 ] ] ], [ [ [ 110.189948598000058, -2.758295833999966 ], [ 110.190062435000073, -2.758908641999938 ], [ 110.189738967000039, -2.75854461299997 ], [ 110.189948598000058, -2.758295833999966 ] ] ], [ [ [ 110.179373616000078, -2.506622638999943 ], [ 110.178118784000048, -2.503922001999968 ], [ 110.178233048000038, -2.503864630999942 ], [ 110.179373616000078, -2.506622638999943 ] ] ], [ [ [ 110.179679755000052, -2.502251138999952 ], [ 110.178983383000059, -2.502723412999956 ], [ 110.179091205000077, -2.501544691999925 ], [ 110.179679755000052, -2.502251138999952 ] ] ], [ [ [ 110.180371355000034, -2.482151418999933 ], [ 110.180907404000038, -2.481158457999925 ], [ 110.181299903000081, -2.481410017999963 ], [ 110.180371355000034, -2.482151418999933 ] ] ], [ [ [ 110.181455009000047, -2.481365834999963 ], [ 110.181835805000048, -2.481299053999976 ], [ 110.181959530000086, -2.481332638999959 ], [ 110.181455009000047, -2.481365834999963 ] ] ], [ [ [ 110.48700008600008, -0.32931876899994 ], [ 110.509674812000071, -0.324383947999934 ], [ 110.538034807000088, -0.350926570999945 ], [ 110.570449987000075, -0.346455935999927 ], [ 110.561413658000049, -0.356248677999929 ], [ 110.56255395900007, -0.371802035999963 ], [ 110.574970974000053, -0.38999175899994 ], [ 110.597551914000064, -0.395344823999949 ], [ 110.617982815000062, -0.443534539999973 ], [ 110.614930600000037, -0.509933843999931 ], [ 110.633499339000082, -0.550339380999958 ], [ 110.616756591000069, -0.564556213999936 ], [ 110.628265773000066, -0.565969672999927 ], [ 110.63481349500006, -0.587340428999937 ], [ 110.647729149000043, -0.589611433999949 ], [ 110.674689925000052, -0.616782111999953 ], [ 110.717176712000082, -0.622511499999973 ], [ 110.763791249000064, -0.621260866999933 ], [ 110.782258696000042, -0.606284869999968 ], [ 110.823944690000076, -0.599851446999935 ], [ 110.841343065000046, -0.608020601999954 ], [ 110.863619613000083, -0.635455002999947 ], [ 110.87121927700008, -0.673162175999948 ], [ 110.882605853000086, -0.67058091399997 ], [ 110.895429101000047, -0.68071034999997 ], [ 110.908490119000078, -0.675565801999937 ], [ 110.911910765000073, -0.664780590999953 ], [ 110.934775776000038, -0.676023570999973 ], [ 110.934659689000057, -0.650172491999967 ], [ 110.960248572000069, -0.643027823999944 ], [ 110.969957780000072, -0.626032585999951 ], [ 110.962616521000086, -0.611908453999945 ], [ 110.955005984000081, -0.613967487999957 ], [ 110.959550961000048, -0.603039390999925 ], [ 110.948720467000044, -0.598262747999968 ], [ 110.927690416000075, -0.557603231999963 ], [ 110.965864969000052, -0.520656302999953 ], [ 110.958732448000035, -0.509464713999932 ], [ 110.966076716000089, -0.481519453999965 ], [ 111.000979360000088, -0.495062970999925 ], [ 111.007658399000036, -0.506036184999971 ], [ 111.058409709000045, -0.51235801699994 ], [ 111.072189336000065, -0.501265885999942 ], [ 111.100604929000042, -0.50663257399998 ], [ 111.112967130000072, -0.500941866999938 ], [ 111.130321894000076, -0.515092921999951 ], [ 111.155837487000042, -0.51125355299996 ], [ 111.17118593400005, -0.518168386999946 ], [ 111.192247304000034, -0.509588400999974 ], [ 111.197693144000084, -0.522496155999931 ], [ 111.21317625000006, -0.530985931999965 ], [ 111.239672330000076, -0.591598099999942 ], [ 111.23414432900006, -0.599363056999948 ], [ 111.240553721000083, -0.623360113999979 ], [ 111.234490578000077, -0.632755857999939 ], [ 111.216250033000051, -0.635789540999951 ], [ 111.214462350000076, -0.647332294999956 ], [ 111.241429136000079, -0.692684828999973 ], [ 111.236241069000073, -0.732852200999957 ], [ 111.243779212000049, -0.735329322999974 ], [ 111.20727983200004, -0.782271721999962 ], [ 111.205579558000068, -0.814944431999947 ], [ 111.214777325000057, -0.822579744999928 ], [ 111.210448130000088, -0.831509873999948 ], [ 111.218092248000062, -0.849232610999934 ], [ 111.214939401000038, -0.856396038999947 ], [ 111.206724435000069, -0.852592073999972 ], [ 111.205810900000074, -0.842001712999945 ], [ 111.186321715000076, -0.822412143999941 ], [ 111.172148109000034, -0.848340667999935 ], [ 111.161304340000072, -0.845851628999981 ], [ 111.151771727000039, -0.865607712999974 ], [ 111.166754661000084, -0.887272184999972 ], [ 111.167020618000038, -0.91127708199997 ], [ 111.121876585000052, -0.930965198999957 ], [ 111.114086757000052, -0.951891727999964 ], [ 111.122202343000083, -0.963357261999931 ], [ 111.150613142000054, -0.964934383999946 ], [ 111.144673969000053, -1.007246797999926 ], [ 111.198274153000057, -1.019744162999928 ], [ 111.216024081000057, -1.05706014499998 ], [ 111.239786356000081, -1.056862102999958 ], [ 111.248754252000083, -1.086026746999949 ], [ 111.262193726000078, -1.098614557999952 ], [ 111.248151706000044, -1.167050152999934 ], [ 111.232528707000085, -1.189830356999948 ], [ 111.246613557000046, -1.193518891999929 ], [ 111.262421694000068, -1.214958813999942 ], [ 111.255387219000056, -1.249725241999954 ], [ 111.270735840000043, -1.257977136999955 ], [ 111.31600532300007, -1.257427873999973 ], [ 111.308841201000064, -1.276002282999968 ], [ 111.318712375000075, -1.286006836999945 ], [ 111.315884063000055, -1.301156593999963 ], [ 111.341398985000069, -1.313371515999961 ], [ 111.326704590000077, -1.367115575999946 ], [ 111.311018788000069, -1.373493555999971 ], [ 111.305730088000075, -1.389451809999969 ], [ 111.284105571000055, -1.383489892999933 ], [ 111.282107970000084, -1.400148011999931 ], [ 111.261779356000034, -1.413852937999934 ], [ 111.254218569000045, -1.438126251999961 ], [ 111.227560484000037, -1.435334833999946 ], [ 111.203771564000078, -1.442799142999945 ], [ 111.200014476000035, -1.474869987999966 ], [ 111.180726767000067, -1.476768352999954 ], [ 111.176144340000064, -1.444739965999929 ], [ 111.156047500000057, -1.431817556999931 ], [ 111.111067455000068, -1.465767242999959 ], [ 111.119249874000047, -1.471846949999929 ], [ 111.119583669000065, -1.486831818999974 ], [ 111.098709487000065, -1.486978851999936 ], [ 111.095953382000062, -1.49843550199995 ], [ 111.083808968000085, -1.501879369999926 ], [ 111.079649367000059, -1.525042737999968 ], [ 111.067375957000081, -1.527592507999941 ], [ 111.049775473000068, -1.516505482999946 ], [ 111.034943942000041, -1.528814100999966 ], [ 111.022848657000054, -1.513733600999956 ], [ 111.024882235000064, -1.504828804999931 ], [ 111.006306514000073, -1.503625790999934 ], [ 110.966192955000054, -1.544244265999964 ], [ 110.969701288000067, -1.55202402499998 ], [ 110.952644998000039, -1.549190348999957 ], [ 110.935042189000058, -1.557309300999975 ], [ 110.903778139000053, -1.60164894199994 ], [ 110.887006294000059, -1.59863949399994 ], [ 110.863634224000066, -1.624382819999937 ], [ 110.873336694000045, -1.665496067999925 ], [ 110.892892198000084, -1.656822960999932 ], [ 110.903127931000085, -1.687448447999941 ], [ 110.916965126000036, -1.693036369999959 ], [ 110.939952694000056, -1.657304951999947 ], [ 110.994308993000061, -1.650086337999937 ], [ 110.997577549000084, -1.683685021999963 ], [ 110.984464545000037, -1.689124762999938 ], [ 110.994360792000066, -1.706945987999973 ], [ 111.010140191000062, -1.715710885999954 ], [ 111.014838290000057, -1.709756396999978 ], [ 111.025802742000053, -1.719862014999933 ], [ 111.020577363000086, -1.730013464999956 ], [ 111.026291539000056, -1.752244874999974 ], [ 111.01407159200005, -1.78181714599998 ], [ 110.995101479000084, -1.78791989299998 ], [ 110.991979128000082, -1.798482301999968 ], [ 110.968873680000058, -1.813891811999952 ], [ 110.977830461000053, -1.828499806999957 ], [ 110.952295618000051, -1.846187512999961 ], [ 110.950187415000073, -1.886855050999941 ], [ 110.964128745000039, -1.894772449999948 ], [ 110.964724157000035, -1.909805884999969 ], [ 110.987719302000073, -1.940374775999942 ], [ 110.987134584000046, -1.953133000999969 ], [ 110.999969944000043, -1.947364122999943 ], [ 111.009519946000069, -1.969206038999971 ], [ 111.055037406000054, -1.957174240999962 ], [ 111.086361391000082, -1.96536292199994 ], [ 111.093459510000059, -1.97392010599998 ], [ 111.089193451000085, -1.982098797999924 ], [ 111.098174689000075, -1.980602198999975 ], [ 111.101446518000046, -1.988621031999969 ], [ 111.078861922000044, -2.009443422999937 ], [ 111.088152812000033, -2.044862690999935 ], [ 111.058386557000063, -2.05928064699998 ], [ 111.069530017000034, -2.114542315999927 ], [ 111.050321287000088, -2.161420288999977 ], [ 111.036473175000083, -2.168362527999932 ], [ 111.040067122000039, -2.205752618999952 ], [ 111.029426301000058, -2.20609478199998 ], [ 111.022915377000061, -2.223963071999947 ], [ 111.03904609600005, -2.237425490999954 ], [ 111.041978598000071, -2.250841892999972 ], [ 111.056468116000076, -2.252750943999956 ], [ 111.084142659000065, -2.295357321999973 ], [ 111.10246647200006, -2.303375117999963 ], [ 111.115582681000035, -2.327479682999979 ], [ 111.106684500000085, -2.352279419999945 ], [ 111.106277487000057, -2.372669360999964 ], [ 111.116395516000068, -2.372625322999966 ], [ 111.106550693000088, -2.411827908999953 ], [ 111.117208144000074, -2.431960380999953 ], [ 111.113583912000081, -2.445587283999942 ], [ 111.099840380000046, -2.450651111999946 ], [ 111.099127538000062, -2.465738920999968 ], [ 111.11318353300004, -2.522727551999935 ], [ 111.125882559000047, -2.538888674999953 ], [ 111.146964016000084, -2.541756762999967 ], [ 111.142562982000072, -2.560727474999965 ], [ 111.127291577000051, -2.56210336099997 ], [ 111.13161843000006, -2.598848612999973 ], [ 111.156531562000055, -2.63666587299997 ], [ 111.159676623000053, -2.661189056999945 ], [ 111.175941438000052, -2.688397324999926 ], [ 111.170363922000035, -2.706954827999937 ], [ 111.147171120000053, -2.741816599999936 ], [ 111.101308188000075, -2.768632957999955 ], [ 111.011753038000052, -2.795206288999964 ], [ 110.999315119000073, -2.825524429999973 ], [ 110.97552091700004, -2.842606710999974 ], [ 110.969630799000072, -2.855953107999937 ], [ 110.894501351000088, -2.869617142999971 ], [ 110.86131303500008, -2.888915671999939 ], [ 110.846478144000059, -2.886046419999957 ], [ 110.827403433000086, -2.905407459999935 ], [ 110.793397346000063, -2.912440157999924 ], [ 110.753192833000071, -2.944988477999971 ], [ 110.733212499000047, -2.996447115999956 ], [ 110.657104100000083, -3.039884338999968 ], [ 110.626720715000033, -3.029185549999966 ], [ 110.62798820900008, -3.012825347999978 ], [ 110.610857047000081, -2.990458706999959 ], [ 110.611925416000076, -2.984501872999942 ], [ 110.644047491000038, -2.989816627999971 ], [ 110.623460549000072, -2.889466929999969 ], [ 110.596518355000057, -2.852956278999955 ], [ 110.568958885000086, -2.839885094999943 ], [ 110.496313958000087, -2.857603438999945 ], [ 110.418862503000071, -2.896822903999976 ], [ 110.351747428000067, -2.94661526699997 ], [ 110.318125643000087, -2.97800273799993 ], [ 110.306675677000044, -2.990930349999928 ], [ 110.305983253000079, -2.996405489999972 ], [ 110.293847367000069, -2.97888052199994 ], [ 110.259440361000088, -2.960261239999966 ], [ 110.24771829000008, -2.918188740999938 ], [ 110.224102394000056, -2.887239131999934 ], [ 110.258498881000037, -2.830709618999947 ], [ 110.264979470000071, -2.798650202999966 ], [ 110.260752597000078, -2.767014809999978 ], [ 110.218055950000064, -2.739819795999949 ], [ 110.231315288000076, -2.723346891999938 ], [ 110.233469982000088, -2.697386583999958 ], [ 110.216991823000058, -2.670511300999976 ], [ 110.214084025000034, -2.648086969999952 ], [ 110.190022940000063, -2.634511989999964 ], [ 110.159211864000042, -2.634993451999947 ], [ 110.148662964000039, -2.621849281999971 ], [ 110.162637671000084, -2.60188272399995 ], [ 110.174323933000039, -2.602732443999969 ], [ 110.190030580000041, -2.571197938999944 ], [ 110.197143932000074, -2.520908157999941 ], [ 110.184387685000047, -2.498596175999978 ], [ 110.181581641000037, -2.457409152999958 ], [ 110.164502476000052, -2.438207845999955 ], [ 110.155271367000068, -2.435092162999979 ], [ 110.152822782000044, -2.430877876999944 ], [ 110.15113350300004, -2.430481887999974 ], [ 110.147982116000037, -2.427930852999964 ], [ 110.147166148000053, -2.427877918999968 ], [ 110.153262740000059, -2.412149266999961 ], [ 110.145724330000064, -2.331505697999944 ], [ 110.131971327000088, -2.292124850999926 ], [ 110.094812388000037, -2.244746361999944 ], [ 110.061834068000053, -2.24581565699998 ], [ 110.071160235000036, -2.237139515999957 ], [ 110.081919494000033, -2.240425319999929 ], [ 110.091372284000045, -2.224893069999951 ], [ 110.093863529000089, -2.19988223699994 ], [ 110.084486575000085, -2.191047711999943 ], [ 110.085196874000076, -2.179063036999935 ], [ 110.102551822000066, -2.166677890999949 ], [ 110.115943406000042, -2.126394414999936 ], [ 110.119557112000052, -2.077808115999972 ], [ 110.112384946000077, -2.044018086999927 ], [ 110.120263935000082, -2.029853537999941 ], [ 110.108923849000064, -2.026523165999947 ], [ 110.099954918000037, -1.980184823999934 ], [ 110.067381995000062, -1.931484412999964 ], [ 110.010205705000033, -1.907613741999967 ], [ 109.924397183000053, -1.857599324999967 ], [ 109.901168884000072, -1.828403338999976 ], [ 109.906551226000033, -1.825291003999951 ], [ 109.924776084000086, -1.831570014999954 ], [ 109.928097108000088, -1.830204791999961 ], [ 109.923912339000083, -1.819441900999948 ], [ 109.908509999000046, -1.805194251999978 ], [ 109.913262337000049, -1.77397433699997 ], [ 109.94574033400005, -1.774777732999951 ], [ 109.940227123000057, -1.762765618999936 ], [ 109.957949972000051, -1.762317689999975 ], [ 109.976206207000075, -1.748032543999955 ], [ 110.026565373000039, -1.68274579399997 ], [ 110.041976035000062, -1.582782152999926 ], [ 110.03537117500008, -1.525264061999962 ], [ 110.064088457000082, -1.460072127999979 ], [ 110.057056355000043, -1.434611923999967 ], [ 110.07180537000005, -1.421188850999954 ], [ 110.074411123000061, -1.405150805999938 ], [ 110.06824191000004, -1.363288655999952 ], [ 110.094420163000052, -1.352781453999967 ], [ 110.127737149000041, -1.355732333999924 ], [ 110.141367747000061, -1.344691282999975 ], [ 110.170092299000089, -1.354634335999947 ], [ 110.180180191000034, -1.341210180999951 ], [ 110.207829530000083, -1.338521835999927 ], [ 110.217064471000072, -1.344374620999929 ], [ 110.223517035000043, -1.335013169999968 ], [ 110.211479709000059, -1.316971654999975 ], [ 110.217629851000083, -1.285273608999944 ], [ 110.284112601000061, -1.283491555999944 ], [ 110.322267879000037, -1.25601146799994 ], [ 110.421656823000035, -1.26016716099997 ], [ 110.393480400000044, -1.233085351999932 ], [ 110.396218541000053, -1.210434275999944 ], [ 110.385629978000054, -1.191667474999974 ], [ 110.351471980000042, -1.165623358999937 ], [ 110.344219598000052, -1.146354165999981 ], [ 110.325240518000044, -1.131664242999932 ], [ 110.324561725000081, -1.114368750999972 ], [ 110.335566652000068, -1.105322039999976 ], [ 110.340249431000075, -1.11205115599995 ], [ 110.360584440000082, -1.109127566999973 ], [ 110.358275894000087, -1.074371516999975 ], [ 110.338842660000068, -1.072930978999977 ], [ 110.342797644000086, -1.053502848999926 ], [ 110.269229675000076, -1.000496560999977 ], [ 110.269090522000056, -0.986918902999946 ], [ 110.280743313000073, -0.98678766699993 ], [ 110.281421619000071, -0.975414481999962 ], [ 110.27198446400007, -0.965881743999944 ], [ 110.242979227000035, -0.965835549999952 ], [ 110.241524496000068, -0.933299415999954 ], [ 110.165006002000041, -0.934695466999926 ], [ 110.164863082000068, -0.923223232999931 ], [ 110.15271520500005, -0.913011873999949 ], [ 110.169615612000086, -0.883609387999968 ], [ 110.166684948000068, -0.856962217999978 ], [ 110.143704687000081, -0.856936472999962 ], [ 110.077060979000066, -0.795817233999969 ], [ 110.071769584000037, -0.773325854999939 ], [ 110.04053319500008, -0.760519511999973 ], [ 110.010666764000064, -0.724472717999959 ], [ 109.977645689000042, -0.725491300999977 ], [ 109.96492808000005, -0.740302310999937 ], [ 109.939925616000039, -0.740539994999949 ], [ 109.932692767000049, -0.719509174999928 ], [ 109.899473246000071, -0.73267277399998 ], [ 109.879591105000088, -0.71669719199997 ], [ 109.883458766000047, -0.691387503999977 ], [ 109.85989733100007, -0.658949006999933 ], [ 109.842972351000071, -0.661813524999957 ], [ 109.835554152000043, -0.677337400999932 ], [ 109.821111656000085, -0.674872738999966 ], [ 109.818014650000066, -0.684264369999937 ], [ 109.808060899000054, -0.671406404999971 ], [ 109.81829649000008, -0.637734938999927 ], [ 109.853470648000041, -0.617069005999952 ], [ 109.865798139000049, -0.594310570999937 ], [ 109.880510838000077, -0.587608240999941 ], [ 109.885471315000075, -0.553491900999973 ], [ 109.919141412000045, -0.532273650999969 ], [ 109.947197106000033, -0.500414406999937 ], [ 109.97475305100005, -0.499508921999961 ], [ 109.995821130000081, -0.486369546999924 ], [ 109.993878052000071, -0.473254890999954 ], [ 110.005096255000069, -0.472396937999974 ], [ 110.014524864000066, -0.448742655999979 ], [ 110.037432583000054, -0.435491 ], [ 110.040398583000069, -0.398967796999955 ], [ 110.050684739000076, -0.387505593999947 ], [ 110.098738645000083, -0.397533561999978 ], [ 110.108380427000043, -0.428665577999936 ], [ 110.113694692000081, -0.422659530999965 ], [ 110.134427989000073, -0.425079452999967 ], [ 110.154220880000082, -0.438855577999959 ], [ 110.19706842100004, -0.416645143999972 ], [ 110.198009115000048, -0.424740178999969 ], [ 110.214132974000051, -0.419601436999926 ], [ 110.258787442000084, -0.445555265999928 ], [ 110.277899192000064, -0.437669640999957 ], [ 110.302554404000034, -0.452373683999951 ], [ 110.320648323000057, -0.410543877999942 ], [ 110.351270577000037, -0.395915168999977 ], [ 110.378350983000075, -0.401581234999981 ], [ 110.37621749300007, -0.388609993999978 ], [ 110.383086917000071, -0.38153850599997 ], [ 110.407362712000065, -0.390219165999952 ], [ 110.427696964000063, -0.385184339999967 ], [ 110.431805915000041, -0.380416458999946 ], [ 110.422636989000068, -0.364722400999938 ], [ 110.437163481000084, -0.339474476999953 ], [ 110.470217472000058, -0.324194014999932 ], [ 110.48700008600008, -0.32931876899994 ] ] ] ] } },
{ "type": "Feature", "properties": { "kemendagri_kab_code": 6105, "kemendagri_kab_name": "Kabupaten Sintang", "kemendagri_prov_code": 61, "kemendagri_prov_name": "Kalimantan Barat" }, "geometry": { "type": "Polygon", "coordinates": [ [ [ 111.517856664000078, 0.966779186000053 ], [ 111.536783725000078, 0.936915095000074 ], [ 111.560993856000039, 0.921187710000027 ], [ 111.607785086000035, 0.934334119000027 ], [ 111.625928871000042, 0.923203315000023 ], [ 111.643623256000069, 0.860695796000073 ], [ 111.664664079000033, 0.845983897000053 ], [ 111.676508770000055, 0.815418917000045 ], [ 111.726910992000057, 0.783151992000057 ], [ 111.745375194000076, 0.757835316000069 ], [ 111.743394748000071, 0.737987387000032 ], [ 111.73208049200008, 0.734807792000026 ], [ 111.717867272000035, 0.706988682000031 ], [ 111.716722097000059, 0.672277798000039 ], [ 111.687363947000051, 0.627572107000049 ], [ 111.720621606000066, 0.570576695000057 ], [ 111.724467992000086, 0.459345995000035 ], [ 111.701362991000053, 0.436429385000054 ], [ 111.686020793000068, 0.377457195000034 ], [ 111.644777258000033, 0.359255829000062 ], [ 111.650826476000077, 0.333114838000029 ], [ 111.667887145000066, 0.342075016000024 ], [ 111.681267942000034, 0.321078230000069 ], [ 111.68564288500005, 0.300116827000068 ], [ 111.666475182000056, 0.301339142000074 ], [ 111.667435155000078, 0.291442571000061 ], [ 111.679717425000035, 0.269977463000032 ], [ 111.720929043000069, 0.249688195000033 ], [ 111.771532634000039, 0.232296383000062 ], [ 111.798830071000054, 0.236422105000031 ], [ 111.84093447500004, 0.22805560300003 ], [ 111.867047235000086, 0.183098170000051 ], [ 111.896376528000076, 0.175624486000061 ], [ 111.926569048000033, 0.18308392900002 ], [ 111.944653197000036, 0.167931954000039 ], [ 111.968759333000037, 0.162791345000073 ], [ 111.984889300000077, 0.176057383000057 ], [ 111.989562363000061, 0.19137622300002 ], [ 112.006004222000115, 0.19507664300005 ], [ 112.058691224000086, 0.179766360000031 ], [ 112.059220075000098, 0.15600312700002 ], [ 112.048688365000089, 0.134375180000063 ], [ 112.093826116000059, 0.11873997500004 ], [ 112.111252488000105, 0.089495587000044 ], [ 112.129146651000042, 0.087604640000052 ], [ 112.139021617000026, 0.066181911000058 ], [ 112.148435881000069, 0.076761944000054 ], [ 112.14504898000007, 0.088904351000053 ], [ 112.171194474000117, 0.082356023000045 ], [ 112.175648936000016, 0.093607902000031 ], [ 112.190967120000096, 0.090140120000058 ], [ 112.194689686000061, 0.10304926200007 ], [ 112.202797694000083, 0.09907481800002 ], [ 112.217548349000026, 0.114809489000038 ], [ 112.265311360000055, 0.110625070000026 ], [ 112.290631255000108, 0.082597916000054 ], [ 112.307787495000071, 0.101150481000047 ], [ 112.33604325400006, 0.105947659000037 ], [ 112.349072748000026, 0.095377806000045 ], [ 112.393382466000048, 0.094776116000048 ], [ 112.402701615000069, 0.122163959000034 ], [ 112.395715282000083, 0.147008093000068 ], [ 112.505616620000069, 0.104828462000057 ], [ 112.513659865000022, 0.124791639000023 ], [ 112.504887989000053, 0.164236226000071 ], [ 112.511561416000063, 0.183595567000054 ], [ 112.523349033000045, 0.187193752000042 ], [ 112.540497724000033, 0.178253598000026 ], [ 112.569355796000082, 0.204412069000057 ], [ 112.600448107000034, 0.180974728000024 ], [ 112.624485388000039, 0.182143253000049 ], [ 112.647486111000035, 0.167406111000048 ], [ 112.628569780000021, 0.206806270000072 ], [ 112.671682298000064, 0.241696297000033 ], [ 112.752972285000055, 0.233543175000023 ], [ 112.806462568000029, 0.190332163000051 ], [ 112.824069688, 0.162047439000048 ], [ 112.948204625000017, 0.146566626000038 ], [ 112.963302315000078, 0.15060190500003 ], [ 112.975488756000118, 0.175861520000069 ], [ 112.96552741000005, 0.214362115000029 ], [ 112.997349301000099, 0.253357462000054 ], [ 113.013327983000067, 0.25217217900007 ], [ 113.023114498000041, 0.267899399000044 ], [ 113.046483521000027, 0.271472999000025 ], [ 113.054714167000043, 0.291667778000033 ], [ 113.074990631000105, 0.268468277000068 ], [ 113.10280264000005, 0.262385193000057 ], [ 113.10049179900011, 0.230733339000039 ], [ 113.122741868000048, 0.211941655000032 ], [ 113.13630287, 0.211970177000069 ], [ 113.135601533000113, 0.220970666000028 ], [ 113.148949907000087, 0.234327080000071 ], [ 113.179249325000114, 0.243131299000027 ], [ 113.261791667000011, 0.23005 ], [ 113.294283520000022, 0.207066603000044 ], [ 113.313472126000079, 0.171002718000068 ], [ 113.399820450000107, 0.134932248000041 ], [ 113.41444144500008, 0.11405604700002 ], [ 113.403990365000027, 0.089681348000056 ], [ 113.393268911000064, 0.083300665000024 ], [ 113.40520071800006, 0.064221988000043 ], [ 113.395770641000013, 0.03434651200007 ], [ 113.417841882000062, 0.012983388000066 ], [ 113.432752165000011, 0.009212429000058 ], [ 113.429550600000084, -0.025459291999937 ], [ 113.415676904000065, -0.047781086999976 ], [ 113.441877367000075, -0.054266128999927 ], [ 113.443200973000103, -0.064017921999948 ], [ 113.419906843000035, -0.091664879999939 ], [ 113.422482162000051, -0.110469126999931 ], [ 113.400710173000107, -0.110524766999959 ], [ 113.385280211, -0.131897527999968 ], [ 113.356479960000115, -0.136380840999948 ], [ 113.330212376000077, -0.151642525999932 ], [ 113.290813757000024, -0.208715880999932 ], [ 113.287493551000011, -0.223440135999965 ], [ 113.301688618000071, -0.230130944999928 ], [ 113.297040806000041, -0.239410927999927 ], [ 113.305443278000098, -0.254151688999968 ], [ 113.257445682000025, -0.281684385999938 ], [ 113.259949237000114, -0.293357542999956 ], [ 113.220495270000015, -0.333541470999933 ], [ 113.239083727000093, -0.377813077999974 ], [ 113.262313711000047, -0.389398479999954 ], [ 113.257283596000093, -0.405516710999962 ], [ 113.271145448000084, -0.425687507999953 ], [ 113.26422121600001, -0.423388948999957 ], [ 113.265958223000098, -0.436257073999968 ], [ 113.255250648000015, -0.434258326999952 ], [ 113.260941029000037, -0.449266707999925 ], [ 113.246492044000092, -0.450184441999966 ], [ 113.228186088000029, -0.478851605999978 ], [ 113.225589202000037, -0.497698344999947 ], [ 113.218164362000039, -0.506165731999943 ], [ 113.192168648, -0.503548322999961 ], [ 113.169451108000089, -0.48905741699997 ], [ 113.167026128000089, -0.478226315999962 ], [ 113.143274868000049, -0.472373955999956 ], [ 113.130786264000108, -0.452164487999937 ], [ 113.096925320000082, -0.489481557999966 ], [ 113.054601028000093, -0.513846096999941 ], [ 113.037659609000116, -0.495924141999978 ], [ 113.03, -0.5025 ], [ 112.998084345000052, -0.503441669999972 ], [ 112.991463152000051, -0.492791244999978 ], [ 112.975680793000038, -0.511139195999931 ], [ 112.923042712000097, -0.522020526999938 ], [ 112.911639752000042, -0.540547896999954 ], [ 112.88927938900008, -0.538567993999948 ], [ 112.86584085700008, -0.547830384999941 ], [ 112.832363237000095, -0.577597391999973 ], [ 112.787452147000067, -0.585818884999981 ], [ 112.777400168000099, -0.573840674999929 ], [ 112.74459615, -0.57188714199998 ], [ 112.729513347000079, -0.588056636999966 ], [ 112.734494959000017, -0.63065441599997 ], [ 112.703668653000022, -0.620505937999951 ], [ 112.702381933000083, -0.638629992999938 ], [ 112.688095547000103, -0.659100108999951 ], [ 112.638179442000023, -0.65733109699994 ], [ 112.594488561000048, -0.689816611999959 ], [ 112.577596238000069, -0.681483274999948 ], [ 112.561273283000105, -0.696165290999943 ], [ 112.532462963000057, -0.698394428999961 ], [ 112.522289548000117, -0.691791504999969 ], [ 112.502855236000073, -0.700162506999959 ], [ 112.496064576000094, -0.68428907599997 ], [ 112.486846634000017, -0.691581510999924 ], [ 112.470180662000075, -0.685031333999973 ], [ 112.447483212000066, -0.64987950099993 ], [ 112.41420805000007, -0.627627716999939 ], [ 112.41420805000007, -0.610878998999965 ], [ 112.42894419400011, -0.600351205999971 ], [ 112.424665959000095, -0.586234358999945 ], [ 112.439985275000026, -0.547647476999941 ], [ 112.423239880000096, -0.526416827999981 ], [ 112.435384750000026, -0.505746840999961 ], [ 112.414825447000112, -0.494267325999942 ], [ 112.414285659000029, -0.483947753999928 ], [ 112.429883957000015, -0.46174812299995 ], [ 112.437383651, -0.430747985999972 ], [ 112.391758515000106, -0.370160342999952 ], [ 112.380348189000074, -0.368335115999969 ], [ 112.363495723000028, -0.34673543599996 ], [ 112.372092289000079, -0.302154443999939 ], [ 112.386539950000042, -0.292628080999975 ], [ 112.372578446000034, -0.255827920999934 ], [ 112.410627185000067, -0.182261623999977 ], [ 112.354102851000107, -0.191303686999959 ], [ 112.248455076000027, -0.241780842999958 ], [ 112.228121520000059, -0.24345068699995 ], [ 112.17465126500008, -0.27867069499996 ], [ 112.174427580000042, -0.293440970999939 ], [ 112.150962632000073, -0.308974912999929 ], [ 112.132387161000111, -0.303947448999963 ], [ 112.10718345600003, -0.262348174999943 ], [ 112.082487106000031, -0.257247924999945 ], [ 112.046636582000019, -0.235747337999953 ], [ 112.03708373500001, -0.204003640999929 ], [ 112.027769859000045, -0.212908139999968 ], [ 112.030910272000028, -0.219899788999953 ], [ 111.997310442000071, -0.20790741299993 ], [ 111.976914068000042, -0.217893206999975 ], [ 111.955122816000085, -0.195273841999949 ], [ 111.931729163000057, -0.186401022999974 ], [ 111.910441770000034, -0.192483334999963 ], [ 111.906403727000054, -0.204852603999939 ], [ 111.89271851500007, -0.20655884599995 ], [ 111.893752102000064, -0.21064654099996 ], [ 111.892848055000059, -0.213094722999926 ], [ 111.892469737000056, -0.213382876999958 ], [ 111.877274875000069, -0.204482105999944 ], [ 111.876010042000075, -0.194607426999937 ], [ 111.860121866000043, -0.190051183999969 ], [ 111.862947378000058, -0.20194689899995 ], [ 111.855809616000045, -0.208008297999925 ], [ 111.83082892200008, -0.206143830999963 ], [ 111.814558742000088, -0.215887057999964 ], [ 111.811419172000058, -0.200994044999959 ], [ 111.800787639000077, -0.199320984999929 ], [ 111.784965908000061, -0.180024525999954 ], [ 111.76513654300004, -0.176916294999955 ], [ 111.768594870000072, -0.186108996999963 ], [ 111.75118853500004, -0.190524659999937 ], [ 111.748154806000059, -0.179350958999976 ], [ 111.724809949000075, -0.175163176999945 ], [ 111.731598677000079, -0.14973026499996 ], [ 111.715119714000082, -0.153215526999929 ], [ 111.702291885000079, -0.127544002999969 ], [ 111.685153261000039, -0.131396457999926 ], [ 111.684996266000041, -0.141851343999974 ], [ 111.661897217000046, -0.164634914999965 ], [ 111.639428295000073, -0.168570622999937 ], [ 111.630748231000041, -0.180322882999974 ], [ 111.617554240000061, -0.178990880999947 ], [ 111.590674599000067, -0.203144626999972 ], [ 111.569770342000083, -0.208876467999971 ], [ 111.565849821000086, -0.202606 ], [ 111.565743330000089, -0.208927502999927 ], [ 111.551457951000089, -0.211923431999935 ], [ 111.54149788400008, -0.234847746999947 ], [ 111.528714433000061, -0.227904724999973 ], [ 111.498059467000076, -0.233617163999952 ], [ 111.498047056000075, -0.245814927999959 ], [ 111.489008106000085, -0.245084365999958 ], [ 111.488206447000039, -0.257013746999974 ], [ 111.480458205000048, -0.256902615999934 ], [ 111.479236149000087, -0.272754179999936 ], [ 111.479206543000089, -0.292945419999967 ], [ 111.493026650000047, -0.293227719999948 ], [ 111.495023873000036, -0.321991064999963 ], [ 111.476029378000078, -0.32917387699996 ], [ 111.467306090000079, -0.346996924999928 ], [ 111.436259864000078, -0.357541907999973 ], [ 111.430817354000055, -0.366272581999965 ], [ 111.391594980000036, -0.34969198999994 ], [ 111.367502199000057, -0.359050257999968 ], [ 111.355332934000046, -0.383985412999948 ], [ 111.317564825000034, -0.398825307999971 ], [ 111.307198362000065, -0.408070183999939 ], [ 111.312509339000087, -0.41408275699996 ], [ 111.29731177900004, -0.423019851999925 ], [ 111.260670438000034, -0.435373243999948 ], [ 111.239501331000042, -0.455294760999948 ], [ 111.241554498000085, -0.468618358999947 ], [ 111.221873108000068, -0.476147861999948 ], [ 111.209129431000065, -0.499580734999938 ], [ 111.20224230000008, -0.49594048199998 ], [ 111.202969146000044, -0.510867680999979 ], [ 111.19494178900004, -0.505408701999954 ], [ 111.17118593400005, -0.518168386999946 ], [ 111.155837487000042, -0.51125355299996 ], [ 111.130321894000076, -0.515092921999951 ], [ 111.112967130000072, -0.500941866999938 ], [ 111.095862218000036, -0.504724788999965 ], [ 111.072320226000045, -0.453672537999978 ], [ 111.036332007000055, -0.430754889999946 ], [ 111.036331949000044, -0.418362645999935 ], [ 111.019842697000058, -0.393829996999955 ], [ 111.0, -0.377964061999933 ], [ 110.992004474000055, -0.327242053999953 ], [ 111.006283846000088, -0.295239533999961 ], [ 111.028968680000048, -0.293334391999963 ], [ 111.044718499000055, -0.267322107999973 ], [ 111.067403769000066, -0.26890616999998 ], [ 111.081895829000075, -0.260974730999976 ], [ 111.089769373000081, -0.23908679699997 ], [ 111.083461930000055, -0.197216118999961 ], [ 111.09196565700006, -0.175645347999932 ], [ 111.088180382000075, -0.144559458999936 ], [ 111.122836079000081, -0.132819824999956 ], [ 111.133860262000042, -0.11093165799997 ], [ 111.144230212000082, 0.009813759000053 ], [ 111.132254619000037, 0.070546385000057 ], [ 111.122627053000087, 0.085075613000072 ], [ 111.157383483000046, 0.10215418100006 ], [ 111.179640219000078, 0.077632093000034 ], [ 111.20180306900005, 0.074749026000063 ], [ 111.216932751000058, 0.062841548000051 ], [ 111.23629509500006, 0.120531281000069 ], [ 111.268487514000071, 0.170518705000063 ], [ 111.27243246200004, 0.19897370800004 ], [ 111.265177863000076, 0.22884067800004 ], [ 111.272560589000079, 0.231796 ], [ 111.273378061000074, 0.245205949000024 ], [ 111.26095433200004, 0.246956139000019 ], [ 111.263163287000054, 0.261499181000033 ], [ 111.254746621000038, 0.272464699000068 ], [ 111.259514033000073, 0.294770710000023 ], [ 111.231369071000074, 0.306731834000061 ], [ 111.235597394000081, 0.324960295000039 ], [ 111.222967987000061, 0.333444440000051 ], [ 111.208004148000043, 0.368514591000064 ], [ 111.226153821000082, 0.375866998000049 ], [ 111.215043604000073, 0.400578997000025 ], [ 111.235470271000054, 0.439286029000073 ], [ 111.261028778000082, 0.453379615000074 ], [ 111.294375087000049, 0.500000005000061 ], [ 111.28162971200004, 0.53631785500005 ], [ 111.289843830000052, 0.545273071000054 ], [ 111.271504055000037, 0.577634726000042 ], [ 111.212192595000033, 0.598306932000071 ], [ 111.196761901000059, 0.640474758000039 ], [ 111.202098097000089, 0.67861672600003 ], [ 111.187237727000081, 0.692992528000048 ], [ 111.11934313200004, 0.720068124000022 ], [ 111.050679698000067, 0.719930761000057 ], [ 110.997008179000034, 0.746079073000033 ], [ 110.994573805000073, 0.736836828000037 ], [ 110.974706379000054, 0.742239725000047 ], [ 110.967874109000036, 0.724440350000066 ], [ 110.951077800000064, 0.727016667000044 ], [ 110.903630600000042, 0.712772222000069 ], [ 110.880710094000051, 0.727846778000071 ], [ 110.857724491000056, 0.727668724000068 ], [ 110.850964645000033, 0.744012016000056 ], [ 110.869384893000074, 0.747763661000022 ], [ 110.869273421000059, 0.754779170000063 ], [ 110.846509077000064, 0.755401532000064 ], [ 110.839403277000088, 0.770785249000028 ], [ 110.82348081400005, 0.774501501000032 ], [ 110.813694395000084, 0.789709090000031 ], [ 110.792026947000068, 0.792192771000032 ], [ 110.772783750000087, 0.833159443000056 ], [ 110.758987347000073, 0.840774672000066 ], [ 110.759744400000045, 0.850783333000038 ], [ 110.787129736000054, 0.876394743000048 ], [ 110.795156759000065, 0.897038911000038 ], [ 110.816309574000059, 0.905370240000025 ], [ 110.809297174000051, 0.949997058000065 ], [ 110.816201258000035, 0.945024055000033 ], [ 110.823225677000039, 0.954034984000032 ], [ 110.861184883000078, 0.951304521000054 ], [ 110.862681445000078, 0.965385414000025 ], [ 110.889969758000063, 0.983381515000076 ], [ 110.891674395000052, 1.008705133000035 ], [ 110.904956137000056, 1.028540236000026 ], [ 110.994996764000064, 1.02868852000006 ], [ 111.079774687000054, 1.051143480000064 ], [ 111.153555686000061, 1.052902731000074 ], [ 111.196900151000079, 1.064541038000073 ], [ 111.231543622000061, 1.086153689000071 ], [ 111.252065510000079, 1.062957096000048 ], [ 111.272985374000086, 1.067875291000064 ], [ 111.288214138000058, 1.055481033000035 ], [ 111.352342417000045, 1.039528693000022 ], [ 111.385093547000054, 1.015017098000044 ], [ 111.413432932000035, 1.00757726300003 ], [ 111.444277309000086, 1.013532152000039 ], [ 111.464393470000061, 1.036918093000054 ], [ 111.488663899000073, 1.035276013000043 ], [ 111.514725336000083, 1.003903955000055 ], [ 111.517856664000078, 0.966779186000053 ] ] ] } },
{ "type": "Feature", "properties": { "kemendagri_kab_code": 6106, "kemendagri_kab_name": "Kabupaten Kapuas Hulu", "kemendagri_prov_code": 61, "kemendagri_prov_name": "Kalimantan Barat" }, "geometry": { "type": "Polygon", "coordinates": [ [ [ 114.205522583000061, 1.410228323000069 ], [ 114.196830438, 1.396868347000066 ], [ 114.178104080000026, 1.39472683200006 ], [ 114.155004273000031, 1.374380061000068 ], [ 114.164876285000105, 1.33331273500005 ], [ 114.160283862000028, 1.301699145000043 ], [ 114.148873204000097, 1.291880867000032 ], [ 114.163541792000046, 1.284214601000031 ], [ 114.171093019000068, 1.265352953000047 ], [ 114.153269795000028, 1.254326760000026 ], [ 114.136008320000087, 1.222643155000071 ], [ 114.149884510000106, 1.199100128000055 ], [ 114.144632643000023, 1.186649995000039 ], [ 114.133936966000078, 1.183080803000053 ], [ 114.127171563000047, 1.153454134000071 ], [ 114.109030552000036, 1.14415797700002 ], [ 114.087668242000063, 1.159069575000046 ], [ 114.083053688000064, 1.147935582000059 ], [ 114.052610321000088, 1.127451898000061 ], [ 114.038023036000027, 1.145704744000057 ], [ 114.017062189000058, 1.13465373400004 ], [ 114.008472335000079, 1.143372079000073 ], [ 113.988538499000015, 1.139169951000042 ], [ 113.982840880000026, 1.121690827000066 ], [ 113.964015774000018, 1.113057547000039 ], [ 113.962694731000056, 1.08908993600005 ], [ 113.947522563, 1.060347647000071 ], [ 113.901427305000084, 1.059836603000065 ], [ 113.889557761000106, 1.047527651000053 ], [ 113.892886577000013, 1.020105256000022 ], [ 113.915462903000048, 1.002344959000027 ], [ 113.91351273600003, 0.972494819000076 ], [ 113.872492891000093, 0.917607215000032 ], [ 113.878501030000052, 0.897176073000026 ], [ 113.870923942000104, 0.888681068000039 ], [ 113.926487991000045, 0.841405264000059 ], [ 113.910396886000058, 0.812732759000028 ], [ 113.879484317000106, 0.782023683000034 ], [ 113.872583880000093, 0.783316524000043 ], [ 113.884659645000056, 0.75893706200003 ], [ 113.89966146800009, 0.754949514000032 ], [ 113.894825892000085, 0.726039229000037 ], [ 113.877188137000076, 0.717354196000031 ], [ 113.867970982000088, 0.699046592000059 ], [ 113.839343621000012, 0.695432022000034 ], [ 113.834335332000023, 0.672584438000058 ], [ 113.841838056000029, 0.657743889000074 ], [ 113.82144663400004, 0.642667048000021 ], [ 113.85113041000011, 0.608343323000042 ], [ 113.838221835000013, 0.601978265000071 ], [ 113.820498180000072, 0.575086361000047 ], [ 113.798069381, 0.595213428000022 ], [ 113.775819704000014, 0.582979135000073 ], [ 113.754842376000056, 0.569529231000047 ], [ 113.751835927000116, 0.553203749000033 ], [ 113.737788711, 0.538943439000036 ], [ 113.72044022700004, 0.536610239000026 ], [ 113.714836596000055, 0.526310741000032 ], [ 113.692938615000116, 0.517605523000043 ], [ 113.685319320000076, 0.499474600000042 ], [ 113.666790601000116, 0.496948357000065 ], [ 113.655709401000081, 0.461250022000058 ], [ 113.647243377000109, 0.456574986000021 ], [ 113.651736273000097, 0.435280775000024 ], [ 113.632501900000079, 0.423967479000055 ], [ 113.628778490000059, 0.413133645000073 ], [ 113.581264244000067, 0.398147651000045 ], [ 113.586324945000115, 0.361193075000074 ], [ 113.56320254100001, 0.356985715000064 ], [ 113.547139275000063, 0.32718677400004 ], [ 113.513504060000059, 0.304495192000047 ], [ 113.49274842300008, 0.302413275000049 ], [ 113.442749616000015, 0.259999214000061 ], [ 113.414755534000051, 0.264695626000048 ], [ 113.407311787000026, 0.258958429000074 ], [ 113.359264007000093, 0.276382383000055 ], [ 113.349961623000013, 0.266167074000066 ], [ 113.317607710000061, 0.267945288000021 ], [ 113.256990877000021, 0.228973006000047 ], [ 113.194754928000066, 0.242457142000035 ], [ 113.151234371000101, 0.235191232000034 ], [ 113.131276623000076, 0.209047941000051 ], [ 113.10049179900011, 0.230733339000039 ], [ 113.10280264000005, 0.262385193000057 ], [ 113.074990631000105, 0.268468277000068 ], [ 113.054714167000043, 0.291667778000033 ], [ 113.046483521000027, 0.271472999000025 ], [ 113.023114498000041, 0.267899399000044 ], [ 113.013327983000067, 0.25217217900007 ], [ 112.997349301000099, 0.253357462000054 ], [ 112.96552741000005, 0.214362115000029 ], [ 112.973950266000088, 0.170837458000051 ], [ 112.963302315000078, 0.15060190500003 ], [ 112.941727974000059, 0.14573329500007 ], [ 112.824069688, 0.162047439000048 ], [ 112.806462568000029, 0.190332163000051 ], [ 112.752972285000055, 0.233543175000023 ], [ 112.671043418000068, 0.241619808000053 ], [ 112.628569780000021, 0.206806270000072 ], [ 112.647486111000035, 0.167406111000048 ], [ 112.624485388000039, 0.182143253000049 ], [ 112.600448107000034, 0.180974728000024 ], [ 112.569355796000082, 0.204412069000057 ], [ 112.540497724000033, 0.178253598000026 ], [ 112.523349033000045, 0.187193752000042 ], [ 112.511561416000063, 0.183595567000054 ], [ 112.504887989000053, 0.164236226000071 ], [ 112.513659865000022, 0.124791639000023 ], [ 112.505616620000069, 0.104828462000057 ], [ 112.395715282000083, 0.147008093000068 ], [ 112.402701615000069, 0.122163959000034 ], [ 112.393382466000048, 0.094776116000048 ], [ 112.349072748000026, 0.095377806000045 ], [ 112.33604325400006, 0.105947659000037 ], [ 112.307787495000071, 0.101150481000047 ], [ 112.290631255000108, 0.082597916000054 ], [ 112.265311360000055, 0.110625070000026 ], [ 112.217548349000026, 0.114809489000038 ], [ 112.202797694000083, 0.09907481800002 ], [ 112.194689686000061, 0.10304926200007 ], [ 112.190967120000096, 0.090140120000058 ], [ 112.175648936000016, 0.093607902000031 ], [ 112.171194474000117, 0.082356023000045 ], [ 112.14504898000007, 0.088904351000053 ], [ 112.148435881000069, 0.076761944000054 ], [ 112.139021617000026, 0.066181911000058 ], [ 112.129146651000042, 0.087604640000052 ], [ 112.111252488000105, 0.089495587000044 ], [ 112.093826116000059, 0.11873997500004 ], [ 112.048688365000089, 0.134375180000063 ], [ 112.059220075000098, 0.15600312700002 ], [ 112.058691224000086, 0.179766360000031 ], [ 112.006004222000115, 0.19507664300005 ], [ 111.989562363000061, 0.19137622300002 ], [ 111.984889300000077, 0.176057383000057 ], [ 111.968759333000037, 0.162791345000073 ], [ 111.944653197000036, 0.167931954000039 ], [ 111.926569048000033, 0.18308392900002 ], [ 111.896376528000076, 0.175624486000061 ], [ 111.870914890000051, 0.181675720000044 ], [ 111.858978247000039, 0.189521481000043 ], [ 111.84093447500004, 0.22805560300003 ], [ 111.798830071000054, 0.236422105000031 ], [ 111.771258744000079, 0.232365332000029 ], [ 111.691971650000085, 0.262303701000064 ], [ 111.670853933000046, 0.283659363000027 ], [ 111.666475182000056, 0.301339142000074 ], [ 111.68564288500005, 0.300116827000068 ], [ 111.681267942000034, 0.321078230000069 ], [ 111.667887145000066, 0.342075016000024 ], [ 111.650826476000077, 0.333114838000029 ], [ 111.644777258000033, 0.359255829000062 ], [ 111.686020793000068, 0.377457195000034 ], [ 111.701362991000053, 0.436429385000054 ], [ 111.724467992000086, 0.459345995000035 ], [ 111.720621606000066, 0.570576695000057 ], [ 111.687363947000051, 0.627572107000049 ], [ 111.716722097000059, 0.672277798000039 ], [ 111.717867272000035, 0.706988682000031 ], [ 111.73208049200008, 0.734807792000026 ], [ 111.743394748000071, 0.737987387000032 ], [ 111.745375194000076, 0.757835316000069 ], [ 111.726910992000057, 0.783151992000057 ], [ 111.676508770000055, 0.815418917000045 ], [ 111.664664079000033, 0.845983897000053 ], [ 111.643623256000069, 0.860695796000073 ], [ 111.625928871000042, 0.923203315000023 ], [ 111.607785086000035, 0.934334119000027 ], [ 111.560993856000039, 0.921187710000027 ], [ 111.536783725000078, 0.936915095000074 ], [ 111.528984127000058, 0.954374135000023 ], [ 111.551461510000081, 0.947468911000044 ], [ 111.548768403000054, 0.988430289000064 ], [ 111.580954744000053, 0.978979656000035 ], [ 111.580667926000046, 0.99248702400007 ], [ 111.596154913000078, 1.009142919000055 ], [ 111.639940729000045, 1.022111141000039 ], [ 111.639172274000089, 1.030758028000037 ], [ 111.667576944000075, 1.043176755000047 ], [ 111.692972676000068, 1.018383949000054 ], [ 111.713100950000069, 1.025253040000052 ], [ 111.710410412000044, 1.014544147000038 ], [ 111.717423390000079, 1.00677061500005 ], [ 111.748703780000085, 1.008495226000036 ], [ 111.762601471000039, 1.021343275000049 ], [ 111.777356152000038, 0.999781001000031 ], [ 111.791870650000078, 0.994303297000044 ], [ 111.799538294000058, 1.001131592000036 ], [ 111.813013709000074, 0.998947635000036 ], [ 111.819299184000045, 0.985053558000061 ], [ 111.828612209000084, 0.986184121000065 ], [ 111.869611844000076, 1.013131197000064 ], [ 111.877587407000078, 1.031754138000053 ], [ 111.870971298000086, 1.045122734000074 ], [ 111.885981137000044, 1.061253451000027 ], [ 111.880991255000083, 1.065514012000051 ], [ 111.886920014000054, 1.078673022000032 ], [ 111.902198008000084, 1.074570986000026 ], [ 111.913074488000063, 1.090976140000066 ], [ 111.928950210000039, 1.090952425000069 ], [ 111.93533814500006, 1.122149733000072 ], [ 111.986953481000057, 1.127583559000072 ], [ 111.997336376000078, 1.139573730000052 ], [ 112.017837800000052, 1.129633536000028 ], [ 112.055847668000069, 1.137203233000037 ], [ 112.142936656000074, 1.135026448000076 ], [ 112.147606486000086, 1.162692444000072 ], [ 112.135294546000068, 1.17802053600002 ], [ 112.148931171000072, 1.185375509000039 ], [ 112.16472537900006, 1.20986973600003 ], [ 112.157619249000049, 1.242207374000031 ], [ 112.173865828000089, 1.252932908000048 ], [ 112.169734008000091, 1.276617059000046 ], [ 112.178251567000075, 1.285714116000065 ], [ 112.178731325000058, 1.304416049000054 ], [ 112.202378601000078, 1.314177709000035 ], [ 112.232307063, 1.379186166000068 ], [ 112.232303831000081, 1.398185030000036 ], [ 112.223806573000047, 1.392249982000067 ], [ 112.211791546000086, 1.405908788000033 ], [ 112.200967116000015, 1.405104201000029 ], [ 112.20507788000009, 1.437671505000026 ], [ 112.227011828000059, 1.456580314000064 ], [ 112.252058876000092, 1.457910373000061 ], [ 112.288551727000026, 1.474018672000057 ], [ 112.319265699000084, 1.507595993000052 ], [ 112.352028380000093, 1.503736385000025 ], [ 112.374222550000013, 1.516603459000066 ], [ 112.386295694000069, 1.513666950000072 ], [ 112.393570919000013, 1.522656270000027 ], [ 112.433958146, 1.527158039000028 ], [ 112.446345864000023, 1.553170819000059 ], [ 112.50101285300002, 1.583720282000058 ], [ 112.515276184000072, 1.575965618000055 ], [ 112.601379454000039, 1.573690346000035 ], [ 112.632529535000117, 1.565585217000034 ], [ 112.657720709000046, 1.571379838000041 ], [ 112.676895634000061, 1.554560148000064 ], [ 112.727163099000109, 1.567959816000041 ], [ 112.749544002000107, 1.557642039000029 ], [ 112.774562733000039, 1.563756463000061 ], [ 112.812505445000056, 1.54002073700002 ], [ 112.829492245000097, 1.547444450000057 ], [ 112.840833162000081, 1.538164662000042 ], [ 112.885138244000018, 1.586740932000055 ], [ 112.915493727000012, 1.583001887000023 ], [ 112.933358547000012, 1.567360998000026 ], [ 112.956832481000106, 1.574250096000071 ], [ 112.974622042000078, 1.562998007000033 ], [ 112.984497157000078, 1.564208983000071 ], [ 112.989583742000036, 1.578997979000064 ], [ 112.999257212000089, 1.578206351000063 ], [ 113.005279198000039, 1.569117103000053 ], [ 113.058664713000098, 1.558580672000062 ], [ 113.070652708000011, 1.529484342000046 ], [ 113.055244425000069, 1.526452730000074 ], [ 113.044839319000062, 1.514666122000051 ], [ 113.049776669000039, 1.499593914000059 ], [ 113.031592870000054, 1.492756403000044 ], [ 113.040487707000011, 1.473893502000067 ], [ 112.982540340000014, 1.450038466000024 ], [ 112.97511888300005, 1.410549198000069 ], [ 113.018497393000075, 1.405449616000055 ], [ 113.043654234000087, 1.424062602000049 ], [ 113.088170443000081, 1.428789029000029 ], [ 113.105526596000118, 1.445829315000026 ], [ 113.123666936000063, 1.428697992000025 ], [ 113.144148768000036, 1.387614703000054 ], [ 113.159788998000067, 1.391882421000048 ], [ 113.188750975000062, 1.376708314000041 ], [ 113.219571992000056, 1.381413624000061 ], [ 113.232343157000059, 1.39435588200007 ], [ 113.249952218000089, 1.382126472000039 ], [ 113.267818556000066, 1.387691594000046 ], [ 113.306698145000041, 1.370782349000024 ], [ 113.327977623000038, 1.375327454000058 ], [ 113.335128028000099, 1.364359328000035 ], [ 113.356922118000057, 1.35780999800005 ], [ 113.369751089000033, 1.323642050000046 ], [ 113.398447320000059, 1.318002813000021 ], [ 113.421304444000043, 1.285371372000043 ], [ 113.454300453000087, 1.286290619000056 ], [ 113.465960700000096, 1.303951523000023 ], [ 113.499828594000064, 1.318089215000043 ], [ 113.514806345000011, 1.314286610000067 ], [ 113.537647004000064, 1.322638570000038 ], [ 113.560000974000104, 1.309115533000067 ], [ 113.582886605000112, 1.308483222000064 ], [ 113.597244559000046, 1.262793275000035 ], [ 113.625766073000023, 1.252406071000053 ], [ 113.628088761000072, 1.241494300000056 ], [ 113.619082935000051, 1.229365249000068 ], [ 113.631454072000111, 1.219261809000045 ], [ 113.650450258000092, 1.224057543000072 ], [ 113.662715573000014, 1.217492382000046 ], [ 113.703487100000075, 1.266357582000069 ], [ 113.754979999000057, 1.276487989000032 ], [ 113.803685164000058, 1.300375151000026 ], [ 113.830433803, 1.337367886000038 ], [ 113.829812336000032, 1.355691415000024 ], [ 113.814682112000014, 1.366267042000061 ], [ 113.821619016000113, 1.37355728700004 ], [ 113.84492741300005, 1.38078555200002 ], [ 113.84912022200001, 1.388927097000021 ], [ 113.876224761000117, 1.389946067000039 ], [ 113.910104085000057, 1.414498586000036 ], [ 113.936162953, 1.417289735000054 ], [ 113.954974788000072, 1.442845007000074 ], [ 114.043927439000072, 1.451954255000032 ], [ 114.077850288000036, 1.465907995000066 ], [ 114.095887952000112, 1.46684203600006 ], [ 114.107821072000092, 1.455829720000054 ], [ 114.140755443000103, 1.466506008000067 ], [ 114.158671878000064, 1.442048749000037 ], [ 114.191066504000105, 1.428743776000033 ], [ 114.205522583000061, 1.410228323000069 ] ] ] } },
{ "type": "Feature", "properties": { "kemendagri_kab_code": 6107, "kemendagri_kab_name": "Kabupaten Bengkayang", "kemendagri_prov_code": 61, "kemendagri_prov_name": "Kalimantan Barat" }, "geometry": { "type": "MultiPolygon", "coordinates": [ [ [ [ 108.754922124000075, 0.603517853000028 ], [ 108.752763635000065, 0.606755941000074 ], [ 108.756538797000076, 0.60526274700004 ], [ 108.754922124000075, 0.603517853000028 ] ] ], [ [ [ 108.72605481800008, 0.714950454000075 ], [ 108.729604404000042, 0.713087537000035 ], [ 108.725462897000057, 0.713284369000064 ], [ 108.72605481800008, 0.714950454000075 ] ] ], [ [ [ 108.762284888000067, 0.764314370000022 ], [ 108.769281796000087, 0.741452871000035 ], [ 108.768424322000044, 0.72894677000005 ], [ 108.757625063000035, 0.758547513000053 ], [ 108.762284888000067, 0.764314370000022 ] ] ], [ [ [ 108.793726862000085, 0.747199040000055 ], [ 108.78742899100007, 0.743580216000055 ], [ 108.784724524000069, 0.745371363000061 ], [ 108.788255989000049, 0.753274343000044 ], [ 108.793726862000085, 0.747199040000055 ] ] ], [ [ [ 108.704609239000035, 0.802884009000024 ], [ 108.71044485200008, 0.797384360000024 ], [ 108.705560659000071, 0.779197441000065 ], [ 108.726929291000033, 0.746834157000023 ], [ 108.726265709000074, 0.731825496000056 ], [ 108.711809843000083, 0.738196175000041 ], [ 108.704852090000088, 0.748221479000051 ], [ 108.709047482000074, 0.759930034000035 ], [ 108.695166027000084, 0.773829981000063 ], [ 108.692776427000069, 0.796353466000028 ], [ 108.704609239000035, 0.802884009000024 ] ] ], [ [ [ 108.766359006000073, 0.767483206000065 ], [ 108.765566551000063, 0.768054892000066 ], [ 108.766413602000057, 0.76810166000007 ], [ 108.766359006000073, 0.767483206000065 ] ] ], [ [ [ 108.791893024000046, 0.83875144600006 ], [ 108.78541197800007, 0.822548819000076 ], [ 108.775358323000034, 0.82256045500003 ], [ 108.776501384000085, 0.837994727000023 ], [ 108.791893024000046, 0.83875144600006 ] ] ], [ [ [ 108.874063808000074, 0.706523426000047 ], [ 108.873361618000047, 0.705535096000062 ], [ 108.873273782000069, 0.705662630000063 ], [ 108.874063808000074, 0.706523426000047 ] ] ], [ [ [ 108.861043677000055, 0.714280555000073 ], [ 108.865149844000086, 0.708629280000025 ], [ 108.864991922000058, 0.70309179700007 ], [ 108.858453053000062, 0.707809662000045 ], [ 108.861043677000055, 0.714280555000073 ] ] ], [ [ [ 108.860573204000048, 0.717678956000043 ], [ 108.858982754000067, 0.717984088000037 ], [ 108.860277319000033, 0.718840895000028 ], [ 108.860573204000048, 0.717678956000043 ] ] ], [ [ [ 108.798069780000048, 0.757447352000042 ], [ 108.797429714000089, 0.755989811000063 ], [ 108.79643685700006, 0.756839189000061 ], [ 108.798069780000048, 0.757447352000042 ] ] ], [ [ [ 108.840419400000087, 0.801857073000065 ], [ 108.840497722000066, 0.802374947000033 ], [ 108.840545615000053, 0.801869129000067 ], [ 108.840419400000087, 0.801857073000065 ] ] ], [ [ [ 109.752005878000034, 1.536671812000066 ], [ 109.780619588000036, 1.508819126000049 ], [ 109.798598341000059, 1.504680935000067 ], [ 109.803438225000036, 1.465071239000054 ], [ 109.839310137000041, 1.482761910000022 ], [ 109.830454399000075, 1.456489427000065 ], [ 109.837284625000052, 1.421919353000021 ], [ 109.846684555000081, 1.425862049000045 ], [ 109.89392059100004, 1.414619413000025 ], [ 109.929092528000069, 1.425530842000057 ], [ 109.947623323000073, 1.40762141600004 ], [ 109.963259609000033, 1.404112930000053 ], [ 109.971490351000057, 1.386672726000029 ], [ 109.962030629000083, 1.372977118000051 ], [ 109.979419130000053, 1.298453616000074 ], [ 110.008234856000058, 1.295257829000036 ], [ 110.045839798000088, 1.26674405600005 ], [ 110.065606831000082, 1.264266002000056 ], [ 110.070078416000058, 1.22839926000006 ], [ 110.058201562000079, 1.221179605000032 ], [ 110.065095826000061, 1.20898425300004 ], [ 110.086575890000063, 1.217887024000049 ], [ 110.097228575000088, 1.199037262000047 ], [ 110.127733405000072, 1.19481963000004 ], [ 110.101923222000039, 1.157313549000037 ], [ 110.104054517000066, 1.140591306000033 ], [ 110.118122408000033, 1.129049956000074 ], [ 110.12977266200005, 1.100417284000059 ], [ 110.13101503200005, 1.081764840000062 ], [ 110.11291563900005, 1.062505637000072 ], [ 110.143738403000043, 1.025258155000074 ], [ 110.112701086000072, 1.00762200500003 ], [ 110.106987054000058, 1.016025307000064 ], [ 110.088765091000084, 1.018360551000058 ], [ 110.081984361000082, 1.034858309000072 ], [ 110.070658126000069, 1.039783793000026 ], [ 109.995333909000067, 1.025429695000071 ], [ 109.942222554000068, 1.031441403000031 ], [ 109.924431324000068, 0.98929639000005 ], [ 109.934578939000062, 0.973416293000071 ], [ 109.931832012000086, 0.949125453000022 ], [ 109.90282390200008, 0.92607539100004 ], [ 109.899899307000055, 0.905841391000024 ], [ 109.871062985000037, 0.894150860000025 ], [ 109.867174894000073, 0.86700036000002 ], [ 109.85513403300007, 0.857394815000021 ], [ 109.82112158800004, 0.860681966000072 ], [ 109.780291480000074, 0.845807681000053 ], [ 109.77223673900005, 0.850276648000033 ], [ 109.76921715900005, 0.832030231000033 ], [ 109.744533864000061, 0.843060636000075 ], [ 109.707109563000074, 0.838371081000048 ], [ 109.69256080100007, 0.847583852000071 ], [ 109.684063077000076, 0.841002659000026 ], [ 109.684210657000051, 0.815584504000071 ], [ 109.671660921000068, 0.805448274000071 ], [ 109.664586193000048, 0.777494434000062 ], [ 109.670649149000042, 0.772279807000075 ], [ 109.661564914000053, 0.768396073000019 ], [ 109.660623150000049, 0.753116442000021 ], [ 109.626384587000075, 0.744288080000047 ], [ 109.622083383000074, 0.734494916000074 ], [ 109.598737701000061, 0.735015524000062 ], [ 109.565411031000053, 0.711685718000069 ], [ 109.54845752500006, 0.715504760000044 ], [ 109.542049960000043, 0.704916254000068 ], [ 109.520599119000053, 0.704844870000045 ], [ 109.523334, 0.716429 ], [ 109.488904699000045, 0.733362710000051 ], [ 109.476662814000065, 0.770869902000072 ], [ 109.459216283000046, 0.756475407000039 ], [ 109.428164317000039, 0.761829194000029 ], [ 109.411960187000034, 0.735916864000046 ], [ 109.377524627000071, 0.761096320000036 ], [ 109.36936307600007, 0.756289809000066 ], [ 109.363509602000079, 0.773231571000053 ], [ 109.349181893000036, 0.77631085500002 ], [ 109.324396625000077, 0.757516136000049 ], [ 109.327435261000062, 0.744107166000049 ], [ 109.315371217000063, 0.726623970000048 ], [ 109.287457129000074, 0.73027886400007 ], [ 109.273705469000049, 0.720312075000038 ], [ 109.270891462000066, 0.737130389000072 ], [ 109.27798602200005, 0.741257692000033 ], [ 109.261753153000086, 0.752775763000045 ], [ 109.254624788000058, 0.728426678000062 ], [ 109.22517011900004, 0.719534274000068 ], [ 109.216545919000055, 0.711930528000039 ], [ 109.219811123000056, 0.702385616000072 ], [ 109.20590528200006, 0.70796140300007 ], [ 109.172604388000082, 0.700982457000066 ], [ 109.161836065000045, 0.683780151000065 ], [ 109.151611111000079, 0.681805555000039 ], [ 109.143506424000066, 0.646299842000076 ], [ 109.120046841000033, 0.637693941000066 ], [ 109.083067332000041, 0.590868180000029 ], [ 109.046404725000059, 0.574917908000032 ], [ 109.030441848000066, 0.576369142000033 ], [ 109.030498592000072, 0.570061982000027 ], [ 109.007891358000052, 0.562454531000071 ], [ 108.998540639000055, 0.542674912000052 ], [ 108.990529870000046, 0.554826173000038 ], [ 108.970346189000054, 0.532613437000066 ], [ 108.951766329000066, 0.53049968800002 ], [ 108.950268513000083, 0.540605863000053 ], [ 108.931604677000053, 0.547062695000022 ], [ 108.925880391000078, 0.558592589000057 ], [ 108.92846122800006, 0.625901680000027 ], [ 108.915761471000053, 0.664446462000058 ], [ 108.896950483000069, 0.693479749000062 ], [ 108.872807083000055, 0.70798575200007 ], [ 108.884496598000055, 0.745037334000074 ], [ 108.880082315000038, 0.771381272000042 ], [ 108.861267514000076, 0.791923526000062 ], [ 108.851681090000056, 0.785995986000046 ], [ 108.841455850000045, 0.816645772000072 ], [ 108.878122185000052, 0.840199277000067 ], [ 108.890555556000038, 0.817666667000026 ], [ 108.918111111000087, 0.795444444000054 ], [ 108.967463333000069, 0.771682500000054 ], [ 108.954611847000081, 0.758195683000054 ], [ 108.974415556000054, 0.76401 ], [ 108.983723333000057, 0.762089722000042 ], [ 108.993357222000043, 0.745615 ], [ 109.051136111000062, 0.745154167000067 ], [ 109.047986111000057, 0.758439167000063 ], [ 109.071544290000077, 0.756037038000045 ], [ 109.076511191000066, 0.782932072000051 ], [ 109.051466769000058, 0.788275800000065 ], [ 109.050651808000055, 0.836507423000057 ], [ 109.094025309000074, 0.843361237000067 ], [ 109.11271408600004, 0.859919264000041 ], [ 109.112701520000087, 0.870968259000051 ], [ 109.162269379000065, 0.894276386000058 ], [ 109.17462144700005, 0.907599239000035 ], [ 109.157673711000086, 0.932377152000072 ], [ 109.162345294000033, 0.949471705000065 ], [ 109.171345869000049, 0.961202397000022 ], [ 109.193791887000089, 0.959152316000029 ], [ 109.217613503000052, 0.976251709000053 ], [ 109.222977, 1.000203 ], [ 109.241654623000045, 1.018472003000056 ], [ 109.313388152000073, 1.026927650000061 ], [ 109.378038631000038, 0.998063913000067 ], [ 109.389157865000072, 1.016545022000059 ], [ 109.406108738000057, 1.021500286000048 ], [ 109.424730261000036, 1.044916961000069 ], [ 109.441822111000079, 1.043135993000021 ], [ 109.445006065000086, 1.029476005000049 ], [ 109.478629074000082, 1.014278543000046 ], [ 109.501549427000043, 1.021583062000047 ], [ 109.523168163000037, 1.067183039000042 ], [ 109.521592677000058, 1.08581401400005 ], [ 109.53263620000007, 1.114039785000045 ], [ 109.546030078000058, 1.13176969500006 ], [ 109.553359742000055, 1.131055792000041 ], [ 109.561474205000081, 1.188689055000054 ], [ 109.590147907000073, 1.199196277000055 ], [ 109.59113519400006, 1.215263722000032 ], [ 109.620649252000078, 1.241444258000058 ], [ 109.618277813000077, 1.290714165000054 ], [ 109.625396466000041, 1.319714615000066 ], [ 109.606795282000064, 1.328435931000058 ], [ 109.615808493000088, 1.362734943000021 ], [ 109.576926059000073, 1.380492840000045 ], [ 109.607953673000054, 1.388801369000021 ], [ 109.602385947000073, 1.404476112000054 ], [ 109.610577321000051, 1.431455223000057 ], [ 109.639648222000062, 1.442290685000046 ], [ 109.658217547000049, 1.436583426000027 ], [ 109.704083573000048, 1.475029406000033 ], [ 109.718854702000044, 1.475682831000029 ], [ 109.753045443000076, 1.525082274000056 ], [ 109.752005878000034, 1.536671812000066 ] ] ] ] } },
{ "type": "Feature", "properties": { "kemendagri_kab_code": 6108, "kemendagri_kab_name": "Kabupaten Landak", "kemendagri_prov_code": 61, "kemendagri_prov_name": "Kalimantan Barat" }, "geometry": { "type": "Polygon", "coordinates": [ [ [ 110.13544558600006, 1.020295395000062 ], [ 110.135250358000064, 1.005417879000049 ], [ 110.184487571000034, 1.002469678000068 ], [ 110.224167224000041, 0.980838947000052 ], [ 110.216481565000038, 0.97272498500007 ], [ 110.224893019000035, 0.961460141000032 ], [ 110.216763352000044, 0.955514344000051 ], [ 110.217088259000036, 0.918238368000061 ], [ 110.259251008000035, 0.870766271000036 ], [ 110.258775116000038, 0.85906527100002 ], [ 110.242416322000054, 0.848714616000052 ], [ 110.213869774000045, 0.842354510000064 ], [ 110.205041974000039, 0.847862962000022 ], [ 110.184272022000073, 0.836096982000072 ], [ 110.178737032000072, 0.806876747000047 ], [ 110.201552701000082, 0.751627120000023 ], [ 110.239629751000052, 0.726746587000036 ], [ 110.245050044000038, 0.67437658700004 ], [ 110.228249497000036, 0.660920624000028 ], [ 110.236137256000063, 0.650044376000039 ], [ 110.218345540000087, 0.624825375000057 ], [ 110.219885643000055, 0.602214866000054 ], [ 110.23039513100008, 0.576235829000041 ], [ 110.24920239100004, 0.575417295000022 ], [ 110.243758184000058, 0.56491911300003 ], [ 110.254556178000087, 0.550808909000068 ], [ 110.230797260000088, 0.53242995200003 ], [ 110.216054606000057, 0.537185618000024 ], [ 110.199334681000039, 0.525943263000045 ], [ 110.204980456000044, 0.503618412000037 ], [ 110.199122798000076, 0.485676169000044 ], [ 110.183581362000041, 0.487866733000033 ], [ 110.175426259000062, 0.479890285000067 ], [ 110.180713217000061, 0.471088383000051 ], [ 110.163868897000043, 0.457592560000023 ], [ 110.165157635000071, 0.446103914000048 ], [ 110.181397928000081, 0.442541325000036 ], [ 110.182576077000078, 0.427672415000075 ], [ 110.206242703000044, 0.424646972000062 ], [ 110.210335376000046, 0.410484420000046 ], [ 110.19445961200006, 0.414539021000053 ], [ 110.189072513000042, 0.380427068000074 ], [ 110.159336388000042, 0.378625816000067 ], [ 110.16174340200007, 0.349968069000056 ], [ 110.148715968000033, 0.323267993000059 ], [ 110.135781218000034, 0.322297173000038 ], [ 110.133268507000082, 0.302466745000061 ], [ 110.139935757000046, 0.278189104000035 ], [ 110.150250720000088, 0.27338497300002 ], [ 110.125840479000033, 0.246545418000039 ], [ 110.11933489900008, 0.249940884000068 ], [ 110.117102865000049, 0.207242361000056 ], [ 110.09765337400006, 0.21888459500002 ], [ 110.086484839000036, 0.209876725000072 ], [ 110.071208700000057, 0.22234510100003 ], [ 110.049341453000068, 0.211114045000045 ], [ 110.028606830000058, 0.173727954000071 ], [ 110.024918070000069, 0.140400033000049 ], [ 109.997756653000067, 0.144524716000035 ], [ 109.958216211000035, 0.107503868000038 ], [ 109.936499998000045, 0.114166667000063 ], [ 109.919729963000066, 0.106026971000063 ], [ 109.907703566000066, 0.093214226000043 ], [ 109.909641313000066, 0.084090477000075 ], [ 109.890442481000036, 0.087332592000053 ], [ 109.87641, 0.07703 ], [ 109.849359519000075, 0.085974545000056 ], [ 109.825757100000033, 0.080934477000028 ], [ 109.815667911000048, 0.089378184000054 ], [ 109.801590571000077, 0.087589474000026 ], [ 109.797645349000049, 0.078661104000048 ], [ 109.78596994600008, 0.087540893000039 ], [ 109.772622929000079, 0.07689227000003 ], [ 109.750164702000063, 0.092717684000036 ], [ 109.74821174300007, 0.084453567000025 ], [ 109.730804551000062, 0.076226087000066 ], [ 109.699804433000054, 0.098377778000042 ], [ 109.701921434000042, 0.088604816000043 ], [ 109.689845796000043, 0.083070245000044 ], [ 109.695575250000047, 0.063099610000052 ], [ 109.676517782000076, 0.06672112800004 ], [ 109.672850759000085, 0.056053666000025 ], [ 109.671317133000059, 0.071352881000053 ], [ 109.666546577000076, 0.06039703600004 ], [ 109.65915844400007, 0.064855223000052 ], [ 109.667359662000081, 0.055400219000035 ], [ 109.655842609000047, 0.056326091000074 ], [ 109.66241083500006, 0.040187065000055 ], [ 109.648961077000081, 0.050072751000073 ], [ 109.656121119000034, 0.035434243000054 ], [ 109.642243639000071, 0.039669821000075 ], [ 109.645003216000077, 0.051034695000055 ], [ 109.633608151000033, 0.049364376000028 ], [ 109.628663938000045, 0.045032794000065 ], [ 109.635234350000076, 0.032526631000053 ], [ 109.628093589000059, 0.036345894000021 ], [ 109.620254213000067, 0.023126430000048 ], [ 109.614520620000064, 0.035029497000039 ], [ 109.613168659000053, 0.01872790300007 ], [ 109.604425314000082, 0.035053277000031 ], [ 109.59378545900006, 0.023629905000064 ], [ 109.592364986000064, 0.038720439000031 ], [ 109.572661916000072, 0.037528380000026 ], [ 109.568433323000079, 0.031081512000071 ], [ 109.589160090000064, 0.021074786000042 ], [ 109.58752002500006, 0.008540022000034 ], [ 109.580374685000038, 0.013809456000047 ], [ 109.571047331000045, 0.007384131000038 ], [ 109.58114435400006, -0.005003574999932 ], [ 109.568599754000047, -0.003747967999971 ], [ 109.563951794000047, -0.014342677999934 ], [ 109.559236615000088, -0.005260342999975 ], [ 109.564828544000079, 0.000707347000059 ], [ 109.545326083000077, -0.000316294999948 ], [ 109.550342583000088, -0.011307014999943 ], [ 109.505323457000088, -0.032424202999948 ], [ 109.512767065000048, -0.009473845999935 ], [ 109.50829550800006, 0.009633827000073 ], [ 109.521587085000078, 0.037631646000023 ], [ 109.49541208100004, 0.089759637000043 ], [ 109.503399007000041, 0.092313954000019 ], [ 109.511427132000051, 0.117239363000067 ], [ 109.501364344000081, 0.137978510000039 ], [ 109.50709708100004, 0.144892120000065 ], [ 109.487898535000056, 0.166099022000026 ], [ 109.488453140000047, 0.215097298000046 ], [ 109.459749114000033, 0.219973530000061 ], [ 109.459025586000052, 0.228903861000049 ], [ 109.436056285000063, 0.229783517000044 ], [ 109.426319250000063, 0.216635646000043 ], [ 109.379127295000046, 0.211544300000071 ], [ 109.367830553000033, 0.19666938000006 ], [ 109.320289351000042, 0.246416129000067 ], [ 109.295161585000074, 0.239025219000041 ], [ 109.292008661000068, 0.249619825000025 ], [ 109.283669774000089, 0.237076848000072 ], [ 109.262270993000072, 0.23916160300007 ], [ 109.253002589000062, 0.228372716000024 ], [ 109.245535961000087, 0.230297311000072 ], [ 109.249303024000085, 0.24169474200005 ], [ 109.243670639000072, 0.245926832000066 ], [ 109.179432532000078, 0.246380018000025 ], [ 109.171943279000061, 0.273132775000022 ], [ 109.204143825000074, 0.30685851800007 ], [ 109.207072329000084, 0.322685953000075 ], [ 109.270977931000061, 0.33318274100003 ], [ 109.322197655000082, 0.376155638000057 ], [ 109.303042423000079, 0.387258365000037 ], [ 109.301133699000047, 0.415601064000043 ], [ 109.27375003800006, 0.438907279000034 ], [ 109.271051212000089, 0.455615629000022 ], [ 109.247701406000033, 0.453231884000047 ], [ 109.238135427000088, 0.47381671200003 ], [ 109.223336577000055, 0.470043607000036 ], [ 109.22702199400004, 0.465358650000042 ], [ 109.220460540000033, 0.461701684000047 ], [ 109.208328721000044, 0.46540529400005 ], [ 109.20524675300004, 0.498664659000042 ], [ 109.231808540000088, 0.518219463000037 ], [ 109.238948558000061, 0.540817175000029 ], [ 109.234581172000048, 0.555453812000053 ], [ 109.252774459000079, 0.576731040000027 ], [ 109.25992873000007, 0.610655258000065 ], [ 109.284366369000054, 0.627380305000031 ], [ 109.271624297000074, 0.64727270000003 ], [ 109.257180461000075, 0.650307876000056 ], [ 109.250499428000069, 0.667744888000072 ], [ 109.166760322000073, 0.666987572000039 ], [ 109.151611111000079, 0.681805555000039 ], [ 109.161836065000045, 0.683780151000065 ], [ 109.172604388000082, 0.700982457000066 ], [ 109.20590528200006, 0.70796140300007 ], [ 109.219811123000056, 0.702385616000072 ], [ 109.216545919000055, 0.711930528000039 ], [ 109.22517011900004, 0.719534274000068 ], [ 109.254624788000058, 0.728426678000062 ], [ 109.262878699000055, 0.753105445000074 ], [ 109.278033615000084, 0.741114149000055 ], [ 109.270891462000066, 0.737130389000072 ], [ 109.273705469000049, 0.720312075000038 ], [ 109.287457129000074, 0.73027886400007 ], [ 109.315371217000063, 0.726623970000048 ], [ 109.327435261000062, 0.744107166000049 ], [ 109.324396625000077, 0.757516136000049 ], [ 109.349181893000036, 0.77631085500002 ], [ 109.363509602000079, 0.773231571000053 ], [ 109.36936307600007, 0.756289809000066 ], [ 109.377524627000071, 0.761096320000036 ], [ 109.411960187000034, 0.735916864000046 ], [ 109.428164317000039, 0.761829194000029 ], [ 109.459216283000046, 0.756475407000039 ], [ 109.476953855000033, 0.770814754000071 ], [ 109.488904699000045, 0.733362710000051 ], [ 109.523334, 0.716429 ], [ 109.520599119000053, 0.704844870000045 ], [ 109.542049960000043, 0.704916254000068 ], [ 109.54845752500006, 0.715504760000044 ], [ 109.565411031000053, 0.711685718000069 ], [ 109.598737701000061, 0.735015524000062 ], [ 109.622083383000074, 0.734494916000074 ], [ 109.626384587000075, 0.744288080000047 ], [ 109.660623150000049, 0.753116442000021 ], [ 109.661564914000053, 0.768396073000019 ], [ 109.670649149000042, 0.772279807000075 ], [ 109.664586193000048, 0.777494434000062 ], [ 109.671660921000068, 0.805448274000071 ], [ 109.684210657000051, 0.815584504000071 ], [ 109.684063077000076, 0.841002659000026 ], [ 109.69256080100007, 0.847583852000071 ], [ 109.707109563000074, 0.838371081000048 ], [ 109.744533864000061, 0.843060636000075 ], [ 109.76921715900005, 0.832030231000033 ], [ 109.77223673900005, 0.850276648000033 ], [ 109.780291480000074, 0.845807681000053 ], [ 109.82112158800004, 0.860681966000072 ], [ 109.85513403300007, 0.857394815000021 ], [ 109.867174894000073, 0.86700036000002 ], [ 109.871062985000037, 0.894150860000025 ], [ 109.899899307000055, 0.905841391000024 ], [ 109.90282390200008, 0.92607539100004 ], [ 109.931832012000086, 0.949125453000022 ], [ 109.934578939000062, 0.973416293000071 ], [ 109.924431324000068, 0.98929639000005 ], [ 109.942222554000068, 1.031441403000031 ], [ 109.995333909000067, 1.025429695000071 ], [ 110.070658126000069, 1.039783793000026 ], [ 110.081984361000082, 1.034858309000072 ], [ 110.088765091000084, 1.018360551000058 ], [ 110.106987054000058, 1.016025307000064 ], [ 110.112701086000072, 1.00762200500003 ], [ 110.13544558600006, 1.020295395000062 ] ] ] } },
{ "type": "Feature", "properties": { "kemendagri_kab_code": 6109, "kemendagri_kab_name": "Kabupaten Sekadau", "kemendagri_prov_code": 61, "kemendagri_prov_name": "Kalimantan Barat" }, "geometry": { "type": "Polygon", "coordinates": [ [ [ 111.095057118000057, -0.503971281999952 ], [ 111.071928711000055, -0.501302077999981 ], [ 111.059377789000052, -0.512376101999962 ], [ 111.007658399000036, -0.506036184999971 ], [ 111.000979360000088, -0.495062970999925 ], [ 110.966076716000089, -0.481519453999965 ], [ 110.958732448000035, -0.509464713999932 ], [ 110.965864969000052, -0.520656302999953 ], [ 110.927690416000075, -0.557603231999963 ], [ 110.948720467000044, -0.598262747999968 ], [ 110.959550961000048, -0.603039390999925 ], [ 110.955005984000081, -0.613967487999957 ], [ 110.962616521000086, -0.611908453999945 ], [ 110.969957780000072, -0.626032585999951 ], [ 110.960248572000069, -0.643027823999944 ], [ 110.934659689000057, -0.650172491999967 ], [ 110.930144142000074, -0.677567600999964 ], [ 110.913333226000077, -0.664710712999977 ], [ 110.896323130000042, -0.680583800999955 ], [ 110.882605853000086, -0.67058091399997 ], [ 110.871272661000035, -0.67320153299994 ], [ 110.863619613000083, -0.635455002999947 ], [ 110.841343065000046, -0.608020601999954 ], [ 110.823944690000076, -0.599851446999935 ], [ 110.782258696000042, -0.606284869999968 ], [ 110.763791249000064, -0.621260866999933 ], [ 110.674951517000068, -0.616869559999941 ], [ 110.647729149000043, -0.589611433999949 ], [ 110.63481349500006, -0.587340428999937 ], [ 110.628265773000066, -0.565969672999927 ], [ 110.616890700000056, -0.565420465999978 ], [ 110.633499339000082, -0.550339380999958 ], [ 110.614930600000037, -0.509933843999931 ], [ 110.617982815000062, -0.443534539999973 ], [ 110.597551914000064, -0.395344823999949 ], [ 110.574970974000053, -0.38999175899994 ], [ 110.56255395900007, -0.371802035999963 ], [ 110.561413658000049, -0.356248677999929 ], [ 110.570449987000075, -0.346455935999927 ], [ 110.555631360000064, -0.342277703999969 ], [ 110.553114987000072, -0.326091081999948 ], [ 110.569611788000088, -0.286075656999969 ], [ 110.560050293000074, -0.258959860999937 ], [ 110.596854639000071, -0.24233333899997 ], [ 110.629912942000033, -0.202971691999949 ], [ 110.597006232000069, -0.157367861999944 ], [ 110.638264120000088, -0.142169938999928 ], [ 110.690828629000066, -0.168031385999939 ], [ 110.747312653000051, -0.16162141999996 ], [ 110.746481027000073, -0.145435803999931 ], [ 110.714439543000083, -0.082877791999977 ], [ 110.714646684000058, -0.049518988999978 ], [ 110.722280531000081, -0.032211545999928 ], [ 110.72972821500008, -0.031634805999943 ], [ 110.724817002000066, -0.003784155999938 ], [ 110.767279408000036, 0.079227844000059 ], [ 110.764285680000057, 0.085917127000073 ], [ 110.788236944000062, 0.089547336000066 ], [ 110.797332986000072, 0.099479579000047 ], [ 110.819434077000039, 0.092575537000073 ], [ 110.843006238000044, 0.096082355000021 ], [ 110.843198076000078, 0.108360083000036 ], [ 110.870770442000037, 0.119421641000031 ], [ 110.878530625000053, 0.148041324000076 ], [ 110.901418827000043, 0.167823865000059 ], [ 110.905142617000081, 0.188163346000067 ], [ 110.898683276000042, 0.203402352000069 ], [ 110.910945694000077, 0.222135644000048 ], [ 110.906531521000034, 0.228972787000032 ], [ 110.894537737000064, 0.224001949000069 ], [ 110.888186888000064, 0.233370464000075 ], [ 110.908621689000086, 0.251074334000066 ], [ 110.910346795000066, 0.303273515000058 ], [ 110.926824731000067, 0.327250400000025 ], [ 110.923241735000033, 0.339748992000068 ], [ 110.95902336100005, 0.372555061000071 ], [ 110.958654435000085, 0.397933667000075 ], [ 110.947412198000052, 0.400684913000021 ], [ 110.940399760000048, 0.425540389000048 ], [ 110.942466962000083, 0.461829839000075 ], [ 110.958104012000035, 0.489213887000062 ], [ 110.962238848000084, 0.517413348000048 ], [ 110.999940514000059, 0.557964222000066 ], [ 110.988838842000064, 0.598390405000032 ], [ 111.01242549300008, 0.668694952000067 ], [ 110.98938912300008, 0.690234580000038 ], [ 110.988706045000072, 0.705151315000023 ], [ 111.000906109000084, 0.72395375900004 ], [ 110.997164681000072, 0.735374485000023 ], [ 111.011618920000046, 0.739302767000027 ], [ 111.050679698000067, 0.719930761000057 ], [ 111.11934313200004, 0.720068124000022 ], [ 111.199112212000045, 0.685155150000071 ], [ 111.198666593000041, 0.626099491000048 ], [ 111.212192595000033, 0.598306932000071 ], [ 111.271504055000037, 0.577634726000042 ], [ 111.289843830000052, 0.545273071000054 ], [ 111.281723079000074, 0.535704886000076 ], [ 111.295790346000047, 0.507199836000041 ], [ 111.261028778000082, 0.453379615000074 ], [ 111.235470271000054, 0.439286029000073 ], [ 111.215043604000073, 0.400578997000025 ], [ 111.226153821000082, 0.375866998000049 ], [ 111.208010124000054, 0.368593081000029 ], [ 111.222967987000061, 0.333444440000051 ], [ 111.235597394000081, 0.324960295000039 ], [ 111.231369071000074, 0.306731834000061 ], [ 111.259514033000073, 0.294770710000023 ], [ 111.254746621000038, 0.272464699000068 ], [ 111.263163287000054, 0.261499181000033 ], [ 111.26095433200004, 0.246956139000019 ], [ 111.273378061000074, 0.245205949000024 ], [ 111.272560589000079, 0.231796 ], [ 111.265177863000076, 0.22884067800004 ], [ 111.27243246200004, 0.19897370800004 ], [ 111.268487514000071, 0.170518705000063 ], [ 111.23629509500006, 0.120531281000069 ], [ 111.216932751000058, 0.062841548000051 ], [ 111.20180306900005, 0.074749026000063 ], [ 111.179640219000078, 0.077632093000034 ], [ 111.157383483000046, 0.10215418100006 ], [ 111.122627053000087, 0.085075613000072 ], [ 111.132254619000037, 0.070546385000057 ], [ 111.144230212000082, 0.009813759000053 ], [ 111.133860262000042, -0.11093165799997 ], [ 111.122836079000081, -0.132819824999956 ], [ 111.088180382000075, -0.144559458999936 ], [ 111.09196565700006, -0.175645347999932 ], [ 111.083461930000055, -0.197216118999961 ], [ 111.089769373000081, -0.23908679699997 ], [ 111.081895829000075, -0.260974730999976 ], [ 111.067403769000066, -0.26890616999998 ], [ 111.044718499000055, -0.267322107999973 ], [ 111.028968680000048, -0.293334391999963 ], [ 111.006283846000088, -0.295239533999961 ], [ 110.992004474000055, -0.327242053999953 ], [ 111.0, -0.377964061999933 ], [ 111.019842697000058, -0.393829996999955 ], [ 111.036331949000044, -0.418362645999935 ], [ 111.036332007000055, -0.430754889999946 ], [ 111.072320226000045, -0.453672537999978 ], [ 111.095057118000057, -0.503971281999952 ] ] ] } },
{ "type": "Feature", "properties": { "kemendagri_kab_code": 6110, "kemendagri_kab_name": "Kabupaten Melawi", "kemendagri_prov_code": 61, "kemendagri_prov_name": "Kalimantan Barat" }, "geometry": { "type": "Polygon", "coordinates": [ [ [ 112.462751389, -0.66908194399997 ], [ 112.434281891000069, -0.673622405999936 ], [ 112.38568108700008, -0.713637411999969 ], [ 112.35641737900005, -0.71500829799993 ], [ 112.348658046000082, -0.703558294999937 ], [ 112.315116239000076, -0.723339095999961 ], [ 112.259990699000014, -0.631756550999967 ], [ 112.2444676020001, -0.630558644999951 ], [ 112.232763445000046, -0.612947992999977 ], [ 112.212342598000077, -0.613362374999951 ], [ 112.205318220000095, -0.631763859999978 ], [ 112.176052908000088, -0.643615850999936 ], [ 112.174424167000097, -0.684175745999937 ], [ 112.163441550000016, -0.689767887999949 ], [ 112.175416666000046, -0.725569443999973 ], [ 112.146848089000059, -0.730551582999965 ], [ 112.113861033000035, -0.708278405999977 ], [ 112.102287335000028, -0.709845677999965 ], [ 112.097814248000077, -0.698450738999952 ], [ 112.085173427000086, -0.699663280999971 ], [ 112.07237658300005, -0.720489156999975 ], [ 112.074266067000053, -0.734043226999972 ], [ 112.054040649000058, -0.751591751999968 ], [ 112.054877296000086, -0.770577488999947 ], [ 112.027401343000065, -0.779342570999972 ], [ 112.022604716000046, -0.791086457999938 ], [ 111.984390727000061, -0.799355709999929 ], [ 111.976755532000084, -0.813258201999929 ], [ 111.964305920000072, -0.811265761999948 ], [ 111.951743710000073, -0.792600058999938 ], [ 111.923440805000041, -0.792732095999952 ], [ 111.917250572000057, -0.841093956999941 ], [ 111.886934303000089, -0.841700819999971 ], [ 111.88552244300007, -0.858163600999944 ], [ 111.843095967000068, -0.891890650999926 ], [ 111.838179092000075, -0.906449616999964 ], [ 111.74813137600006, -0.911564167999927 ], [ 111.723906355000054, -0.942618240999934 ], [ 111.705254201000059, -0.941066171999978 ], [ 111.701639114000045, -0.952969504999942 ], [ 111.655596277000086, -0.969334405999973 ], [ 111.639566552000076, -0.967992180999943 ], [ 111.625086342000088, -0.991061055999978 ], [ 111.625227602000052, -1.011183839999944 ], [ 111.616126487000088, -1.026053536999939 ], [ 111.624649527000088, -1.036958122999977 ], [ 111.616149695000047, -1.056265261999954 ], [ 111.584672253000065, -1.06524325099997 ], [ 111.571252093000055, -1.05810486799993 ], [ 111.558245364000072, -1.101275278999935 ], [ 111.544309227000042, -1.098521307999931 ], [ 111.543360140000061, -1.115393753999967 ], [ 111.561173777000079, -1.129849068999931 ], [ 111.557089743000063, -1.15270775099998 ], [ 111.577594677000036, -1.169216072999973 ], [ 111.554655292000064, -1.202417275999949 ], [ 111.525669604000086, -1.202823420999948 ], [ 111.486564722000082, -1.231151069999953 ], [ 111.428207775000033, -1.25263648899994 ], [ 111.423508364000043, -1.267389604999948 ], [ 111.413344793000078, -1.259449203999964 ], [ 111.40674092900008, -1.265858001999959 ], [ 111.400097981000044, -1.262904375999938 ], [ 111.40225238000005, -1.25253199399998 ], [ 111.390823709000074, -1.252859572999967 ], [ 111.38040393700004, -1.283077782999953 ], [ 111.383857615000068, -1.29636383299993 ], [ 111.371547840000062, -1.290328264999971 ], [ 111.364765208000051, -1.309565415999941 ], [ 111.341484722000075, -1.320330277999972 ], [ 111.335962580000057, -1.30680794899996 ], [ 111.315884063000055, -1.301156593999963 ], [ 111.318712375000075, -1.286006836999945 ], [ 111.308841201000064, -1.276002282999968 ], [ 111.31600532300007, -1.257427873999973 ], [ 111.270735840000043, -1.257977136999955 ], [ 111.255387219000056, -1.249725241999954 ], [ 111.262421694000068, -1.214958813999942 ], [ 111.246613557000046, -1.193518891999929 ], [ 111.232528707000085, -1.189830356999948 ], [ 111.248151706000044, -1.167050152999934 ], [ 111.262193726000078, -1.098614557999952 ], [ 111.248754252000083, -1.086026746999949 ], [ 111.239786356000081, -1.056862102999958 ], [ 111.216024081000057, -1.05706014499998 ], [ 111.198274153000057, -1.019744162999928 ], [ 111.144673969000053, -1.007246797999926 ], [ 111.150613142000054, -0.964934383999946 ], [ 111.122202343000083, -0.963357261999931 ], [ 111.114086757000052, -0.951891727999964 ], [ 111.121876585000052, -0.930965198999957 ], [ 111.167020618000038, -0.91127708199997 ], [ 111.166754661000084, -0.887272184999972 ], [ 111.151734882000085, -0.865019350999944 ], [ 111.161304340000072, -0.845851628999981 ], [ 111.172148109000034, -0.848340667999935 ], [ 111.176086892000058, -0.831604372999948 ], [ 111.187259291000089, -0.822614433999945 ], [ 111.214939401000038, -0.856396038999947 ], [ 111.214953840000078, -0.823254154999972 ], [ 111.205548309000051, -0.814650248999953 ], [ 111.20727983200004, -0.782271721999962 ], [ 111.243779212000049, -0.735329322999974 ], [ 111.236241069000073, -0.732852200999957 ], [ 111.241429136000079, -0.692684828999973 ], [ 111.214462350000076, -0.647332294999956 ], [ 111.216250033000051, -0.635789540999951 ], [ 111.234490578000077, -0.632755857999939 ], [ 111.240553721000083, -0.623360113999979 ], [ 111.23414432900006, -0.599363056999948 ], [ 111.239672330000076, -0.591598099999942 ], [ 111.21317625000006, -0.530985931999965 ], [ 111.185283194000078, -0.510269274999928 ], [ 111.196220108000034, -0.505385682999929 ], [ 111.203323410000053, -0.510702194999965 ], [ 111.20224230000008, -0.49594048199998 ], [ 111.209129431000065, -0.499580734999938 ], [ 111.221873108000068, -0.476147861999948 ], [ 111.241554498000085, -0.468618358999947 ], [ 111.239501331000042, -0.455294760999948 ], [ 111.260670438000034, -0.435373243999948 ], [ 111.29731177900004, -0.423019851999925 ], [ 111.312509339000087, -0.41408275699996 ], [ 111.307198362000065, -0.408070183999939 ], [ 111.317564825000034, -0.398825307999971 ], [ 111.355332934000046, -0.383985412999948 ], [ 111.367502199000057, -0.359050257999968 ], [ 111.391594980000036, -0.34969198999994 ], [ 111.430817354000055, -0.366272581999965 ], [ 111.436259864000078, -0.357541907999973 ], [ 111.467306090000079, -0.346996924999928 ], [ 111.476029378000078, -0.32917387699996 ], [ 111.495023873000036, -0.321991064999963 ], [ 111.493026650000047, -0.293227719999948 ], [ 111.479206543000089, -0.292945419999967 ], [ 111.479236149000087, -0.272754179999936 ], [ 111.480458205000048, -0.256902615999934 ], [ 111.488206447000039, -0.257013746999974 ], [ 111.489008106000085, -0.245084365999958 ], [ 111.498047056000075, -0.245814927999959 ], [ 111.498059467000076, -0.233617163999952 ], [ 111.528714433000061, -0.227904724999973 ], [ 111.54149788400008, -0.234847746999947 ], [ 111.551457951000089, -0.211923431999935 ], [ 111.565743330000089, -0.208927502999927 ], [ 111.565849821000086, -0.202606 ], [ 111.569770342000083, -0.208876467999971 ], [ 111.590674599000067, -0.203144626999972 ], [ 111.617554240000061, -0.178990880999947 ], [ 111.630748231000041, -0.180322882999974 ], [ 111.639428295000073, -0.168570622999937 ], [ 111.661897217000046, -0.164634914999965 ], [ 111.693321845000071, -0.129195534999951 ], [ 111.703766194000082, -0.128573015999962 ], [ 111.715119714000082, -0.153215526999929 ], [ 111.731518787000084, -0.149609630999976 ], [ 111.728655897000067, -0.178187377999961 ], [ 111.739600061000033, -0.174675629999967 ], [ 111.751581146000035, -0.190548454999941 ], [ 111.768594870000072, -0.186108996999963 ], [ 111.76513654300004, -0.176916294999955 ], [ 111.780939003000071, -0.17820409899997 ], [ 111.800787639000077, -0.199320984999929 ], [ 111.811419172000058, -0.200994044999959 ], [ 111.814558742000088, -0.215887057999964 ], [ 111.83082892200008, -0.206143830999963 ], [ 111.855809616000045, -0.208008297999925 ], [ 111.862947378000058, -0.20194689899995 ], [ 111.860121866000043, -0.190051183999969 ], [ 111.876010042000075, -0.194607426999937 ], [ 111.877274875000069, -0.204482105999944 ], [ 111.892469737000056, -0.213382876999958 ], [ 111.89271851500007, -0.20655884599995 ], [ 111.906403727000054, -0.204852603999939 ], [ 111.910441770000034, -0.192483334999963 ], [ 111.931729163000057, -0.186401022999974 ], [ 111.955122816000085, -0.195273841999949 ], [ 111.976914068000042, -0.217893206999975 ], [ 111.997310442000071, -0.20790741299993 ], [ 112.030910272000028, -0.219899788999953 ], [ 112.027769859000045, -0.212908139999968 ], [ 112.03708373500001, -0.204003640999929 ], [ 112.046636582000019, -0.235747337999953 ], [ 112.082487106000031, -0.257247924999945 ], [ 112.10718345600003, -0.262348174999943 ], [ 112.132387161000111, -0.303947448999963 ], [ 112.150962632000073, -0.308974912999929 ], [ 112.174427580000042, -0.293440970999939 ], [ 112.17465126500008, -0.27867069499996 ], [ 112.228121520000059, -0.24345068699995 ], [ 112.248455076000027, -0.241780842999958 ], [ 112.354102851000107, -0.191303686999959 ], [ 112.410627185000067, -0.182261623999977 ], [ 112.372578446000034, -0.255827920999934 ], [ 112.386539950000042, -0.292628080999975 ], [ 112.372092289000079, -0.302154443999939 ], [ 112.363495723000028, -0.34673543599996 ], [ 112.380348189000074, -0.368335115999969 ], [ 112.391758515000106, -0.370160342999952 ], [ 112.437383651, -0.430747985999972 ], [ 112.413742371000012, -0.489383331999932 ], [ 112.435384750000026, -0.505746840999961 ], [ 112.423239880000096, -0.526416827999981 ], [ 112.439985275000026, -0.547647476999941 ], [ 112.424665959000095, -0.586234358999945 ], [ 112.42894419400011, -0.600351205999971 ], [ 112.41420805000007, -0.610878998999965 ], [ 112.41254429300011, -0.62116750399997 ], [ 112.462751389, -0.66908194399997 ] ] ] } },
{ "type": "Feature", "properties": { "kemendagri_kab_code": 6111, "kemendagri_kab_name": "Kabupaten Kayong Utara", "kemendagri_prov_code": 61, "kemendagri_prov_name": "Kalimantan Barat" }, "geometry": { "type": "MultiPolygon", "coordinates": [ [ [ [ 108.746548980000057, -1.700082022999936 ], [ 108.78694192200004, -1.709074539999961 ], [ 108.719401994000066, -1.726815042999931 ], [ 108.677891229000068, -1.719843181999977 ], [ 108.684914665000065, -1.703280424999946 ], [ 108.693245340000033, -1.710862239999926 ], [ 108.746548980000057, -1.700082022999936 ] ] ], [ [ [ 108.816837625000062, -1.648137539999937 ], [ 108.817114633000074, -1.647891309999977 ], [ 108.817184097000052, -1.64809800699993 ], [ 108.816837625000062, -1.648137539999937 ] ] ], [ [ [ 108.763521081000079, -1.623333603999924 ], [ 108.761114574000032, -1.624706919999937 ], [ 108.760134145000052, -1.623642550999932 ], [ 108.763521081000079, -1.623333603999924 ] ] ], [ [ [ 108.785893363000071, -1.611770889999946 ], [ 108.785030585000072, -1.616384774999972 ], [ 108.782513557000073, -1.613658063999935 ], [ 108.785893363000071, -1.611770889999946 ] ] ], [ [ [ 108.891887927000084, -1.535980506999977 ], [ 108.914852305000068, -1.553053658999943 ], [ 108.939555880000057, -1.551823140999943 ], [ 108.98280161100007, -1.601701241999933 ], [ 108.95751544400008, -1.639416529999949 ], [ 108.937107077000064, -1.653832084999976 ], [ 108.857687953000038, -1.677054071999976 ], [ 108.831890196000074, -1.666698964999966 ], [ 108.827407952000044, -1.650166444999968 ], [ 108.818578150000064, -1.648719399999948 ], [ 108.839567647000081, -1.632837704999929 ], [ 108.827481158000069, -1.589778541999976 ], [ 108.840265188000046, -1.584795895999946 ], [ 108.797658592000062, -1.593013160999931 ], [ 108.807168999000055, -1.580865122999967 ], [ 108.789774804000047, -1.581319582999924 ], [ 108.799552153000036, -1.571770624999942 ], [ 108.820420433000038, -1.570873660999951 ], [ 108.834711850000076, -1.552955270999973 ], [ 108.844272914000044, -1.569237837999935 ], [ 108.854721314000074, -1.563889528999937 ], [ 108.857934744000033, -1.572299475999955 ], [ 108.867993350000063, -1.559488404999968 ], [ 108.877080480000075, -1.567972519999955 ], [ 108.892572445000042, -1.549451894999947 ], [ 108.891887927000084, -1.535980506999977 ] ] ], [ [ [ 108.752643801000033, -1.583838707999973 ], [ 108.75267232200008, -1.58814410399998 ], [ 108.748908253000081, -1.591578483999967 ], [ 108.752643801000033, -1.583838707999973 ] ] ], [ [ [ 108.761606525000047, -1.586601955999924 ], [ 108.761495291000074, -1.58750927799997 ], [ 108.760716890000083, -1.587006981999934 ], [ 108.761606525000047, -1.586601955999924 ] ] ], [ [ [ 108.776866098000085, -1.577137579999942 ], [ 108.776295667000056, -1.587075888999948 ], [ 108.76314009400005, -1.591201886999954 ], [ 108.765255444000047, -1.57618082099998 ], [ 108.776866098000085, -1.577137579999942 ] ] ], [ [ [ 108.784481034000066, -1.579242904999944 ], [ 108.782940869000072, -1.578908039999931 ], [ 108.783634894000045, -1.577865172999964 ], [ 108.784481034000066, -1.579242904999944 ] ] ], [ [ [ 108.785131088000071, -1.576048526999955 ], [ 108.784216021000077, -1.57315432799993 ], [ 108.786069923000071, -1.571671348999928 ], [ 108.785131088000071, -1.576048526999955 ] ] ], [ [ [ 108.739806992000069, -1.57683637599996 ], [ 108.730732380000063, -1.57542037199994 ], [ 108.731635563000054, -1.56920142499996 ], [ 108.737948336000045, -1.570435648999933 ], [ 108.739806992000069, -1.57683637599996 ] ] ], [ [ [ 108.782245771000078, -1.566080079999949 ], [ 108.780703230000086, -1.566302367999924 ], [ 108.781903512000042, -1.565534724999964 ], [ 108.782245771000078, -1.566080079999949 ] ] ], [ [ [ 108.805750394000086, -1.555961877999948 ], [ 108.805631555000048, -1.562097147999964 ], [ 108.796017410000047, -1.560052059999975 ], [ 108.805750394000086, -1.555961877999948 ] ] ], [ [ [ 108.782262607000064, -1.55828654499993 ], [ 108.780527545000041, -1.558028217999947 ], [ 108.781658900000082, -1.557344128999944 ], [ 108.782262607000064, -1.55828654499993 ] ] ], [ [ [ 108.769583639000075, -1.55628100499996 ], [ 108.770485634000067, -1.55642451999995 ], [ 108.769947289000072, -1.557163623999941 ], [ 108.769583639000075, -1.55628100499996 ] ] ], [ [ [ 108.771963152000069, -1.553866034999942 ], [ 108.778133317000083, -1.557425214999967 ], [ 108.77167793600006, -1.557980139999927 ], [ 108.771963152000069, -1.553866034999942 ] ] ], [ [ [ 108.82456619900006, -1.554460172999939 ], [ 108.826972706000049, -1.556221225999934 ], [ 108.825374310000086, -1.557345428999952 ], [ 108.82456619900006, -1.554460172999939 ] ] ], [ [ [ 108.810749157000089, -1.554892010999936 ], [ 108.811043686000062, -1.554487033999976 ], [ 108.811248687000045, -1.554892554999981 ], [ 108.810749157000089, -1.554892010999936 ] ] ], [ [ [ 108.752482931000088, -1.553492803999973 ], [ 108.751591632000043, -1.552488195999956 ], [ 108.752119281000034, -1.552136582999935 ], [ 108.752482931000088, -1.553492803999973 ] ] ], [ [ [ 108.879462, -1.289528 ], [ 108.879623, -1.289483 ], [ 108.879576, -1.289622 ], [ 108.879462, -1.289528 ] ] ], [ [ [ 108.880782, -1.289191 ], [ 108.880429, -1.288324 ], [ 108.881034, -1.287995 ], [ 108.880782, -1.289191 ] ] ], [ [ [ 108.902174382000055, -1.283540540999979 ], [ 108.899132082000051, -1.288340461999951 ], [ 108.898704259000056, -1.285821692999946 ], [ 108.902174382000055, -1.283540540999979 ] ] ], [ [ [ 108.890670589000081, -1.282672730999934 ], [ 108.889508312000089, -1.285552587999973 ], [ 108.890093003000061, -1.281974029999958 ], [ 108.890670589000081, -1.282672730999934 ] ] ], [ [ [ 108.891466, -1.279191 ], [ 108.892184, -1.278718 ], [ 108.891659, -1.279594 ], [ 108.891466, -1.279191 ] ] ], [ [ [ 108.870518420000053, -1.273760990999961 ], [ 108.870223886000076, -1.273253429999954 ], [ 108.871033902000079, -1.273131821999925 ], [ 108.870518420000053, -1.273760990999961 ] ] ], [ [ [ 109.094979487000046, -1.695030346999943 ], [ 109.094277546000058, -1.700051008999935 ], [ 109.091398398000081, -1.696422330999951 ], [ 109.094979487000046, -1.695030346999943 ] ] ], [ [ [ 109.085306978000062, -1.695679938999945 ], [ 109.083415308000042, -1.69702433599997 ], [ 109.084521756000072, -1.695453890999943 ], [ 109.085306978000062, -1.695679938999945 ] ] ], [ [ [ 109.112578972000051, -1.697097800999927 ], [ 109.111960312000065, -1.695194231999949 ], [ 109.113730631000067, -1.69527037499995 ], [ 109.112578972000051, -1.697097800999927 ] ] ], [ [ [ 109.046031674000062, -1.653523503999963 ], [ 109.043878262000078, -1.65170321599993 ], [ 109.044021029000078, -1.650941788999944 ], [ 109.046031674000062, -1.653523503999963 ] ] ], [ [ [ 109.15473, -1.606255 ], [ 109.154922, -1.60606 ], [ 109.154919, -1.606255 ], [ 109.15473, -1.606255 ] ] ], [ [ [ 109.153897, -1.606252 ], [ 109.153236, -1.605512 ], [ 109.15354, -1.605347 ], [ 109.153897, -1.606252 ] ] ], [ [ [ 109.155894739000075, -1.605689306999977 ], [ 109.156016242000078, -1.605141526999944 ], [ 109.156127255000058, -1.605582768999966 ], [ 109.155894739000075, -1.605689306999977 ] ] ], [ [ [ 109.157367296000075, -1.60507176599998 ], [ 109.157559374000073, -1.604920949999951 ], [ 109.15748396500004, -1.605167092999977 ], [ 109.157367296000075, -1.60507176599998 ] ] ], [ [ [ 109.155663726000057, -1.604835449999939 ], [ 109.155829, -1.604624 ], [ 109.15584, -1.604874 ], [ 109.155663726000057, -1.604835449999939 ] ] ], [ [ [ 109.157195254000044, -1.600293296999951 ], [ 109.149438212000064, -1.604088536999939 ], [ 109.154147164000051, -1.598092294999958 ], [ 109.157195254000044, -1.600293296999951 ] ] ], [ [ [ 109.156315369000083, -1.577152747999946 ], [ 109.154987628000072, -1.576981429999933 ], [ 109.15654379700004, -1.576638783999954 ], [ 109.156315369000083, -1.577152747999946 ] ] ], [ [ [ 109.162069, -1.576648 ], [ 109.161795, -1.576282 ], [ 109.162185, -1.576437 ], [ 109.162069, -1.576648 ] ] ], [ [ [ 109.158640102000049, -1.57451868499993 ], [ 109.15949075900005, -1.575518057999943 ], [ 109.158604410000066, -1.575874976999955 ], [ 109.158640102000049, -1.57451868499993 ] ] ], [ [ [ 109.069741, -1.488391 ], [ 109.069804, -1.487367 ], [ 109.070471, -1.48802 ], [ 109.069741, -1.488391 ] ] ], [ [ [ 109.044901259000085, -1.476662715999964 ], [ 109.043732944000055, -1.484330528999976 ], [ 109.052132441000083, -1.47804875199995 ], [ 109.056861619000074, -1.484068785999966 ], [ 109.053074901000059, -1.501646634999929 ], [ 109.039874649000069, -1.486407004999933 ], [ 109.044901259000085, -1.476662715999964 ] ] ], [ [ [ 109.018692, -1.47183 ], [ 109.019368, -1.472215 ], [ 109.018718, -1.472401 ], [ 109.018692, -1.47183 ] ] ], [ [ [ 109.112780937000082, -1.343901244999927 ], [ 109.116657079000049, -1.345650146999958 ], [ 109.115921826000033, -1.347306252999942 ], [ 109.112780937000082, -1.343901244999927 ] ] ], [ [ [ 109.110413889000085, -1.316320909999945 ], [ 109.109464484000057, -1.316156727999953 ], [ 109.109978448000049, -1.315685593999945 ], [ 109.110413889000085, -1.316320909999945 ] ] ], [ [ [ 109.140996880000046, -1.288273114999924 ], [ 109.163373880000051, -1.293514917999971 ], [ 109.13616627600004, -1.330783005999933 ], [ 109.140996880000046, -1.288273114999924 ] ] ], [ [ [ 109.136449037000034, -1.287995013999932 ], [ 109.12402230400005, -1.311168287999976 ], [ 109.113546727000085, -1.313476365999975 ], [ 109.119281228000034, -1.300146624999968 ], [ 109.136449037000034, -1.287995013999932 ] ] ], [ [ [ 108.902109, -1.283144 ], [ 108.902002, -1.282974 ], [ 108.902118, -1.283007 ], [ 108.902109, -1.283144 ] ] ], [ [ [ 109.134286791000079, -1.277337418999934 ], [ 109.133244587000036, -1.284704230999978 ], [ 109.125977713000054, -1.28643885799994 ], [ 109.126291802000082, -1.281998783999938 ], [ 109.134286791000079, -1.277337418999934 ] ] ], [ [ [ 109.159002720000046, -1.26637864099996 ], [ 109.17843220900005, -1.280742257999975 ], [ 109.175548302000038, -1.296027914999968 ], [ 109.152935095000089, -1.276136809999969 ], [ 109.159002720000046, -1.26637864099996 ] ] ], [ [ [ 109.192134164000038, -1.270114802999956 ], [ 109.187468529000057, -1.275545746999967 ], [ 109.185495467000067, -1.273191446999931 ], [ 109.192134164000038, -1.270114802999956 ] ] ], [ [ [ 109.171338854000055, -1.265834865999977 ], [ 109.170625015000041, -1.263878949999935 ], [ 109.17158155900006, -1.263893226999926 ], [ 109.171338854000055, -1.265834865999977 ] ] ], [ [ [ 109.301179223000076, -1.743963430999941 ], [ 109.300137059000065, -1.744478342999969 ], [ 109.299915026000065, -1.743407975999958 ], [ 109.301179223000076, -1.743963430999941 ] ] ], [ [ [ 109.333716593000077, -1.743896500999938 ], [ 109.333379905000072, -1.743447626999966 ], [ 109.333727654000086, -1.743114116999948 ], [ 109.333716593000077, -1.743896500999938 ] ] ], [ [ [ 109.333797644000072, -1.740294441999936 ], [ 109.332978854000089, -1.73916462699998 ], [ 109.333703550000052, -1.738110465999966 ], [ 109.333797644000072, -1.740294441999936 ] ] ], [ [ [ 109.289510552000081, -1.73226535799995 ], [ 109.29055773500005, -1.733794835999959 ], [ 109.289168035000046, -1.733040924999955 ], [ 109.289510552000081, -1.73226535799995 ] ] ], [ [ [ 109.29744261500008, -1.729795471999978 ], [ 109.295475025000087, -1.729538856999966 ], [ 109.296752576000074, -1.726991640999927 ], [ 109.29744261500008, -1.729795471999978 ] ] ], [ [ [ 109.295164969000041, -1.713692556999945 ], [ 109.29719212200007, -1.714568530999941 ], [ 109.292942406000066, -1.715390316999958 ], [ 109.295164969000041, -1.713692556999945 ] ] ], [ [ [ 109.340600459000086, -1.651737471999979 ], [ 109.338465006000035, -1.650349997999967 ], [ 109.33955602900005, -1.649869776999935 ], [ 109.340600459000086, -1.651737471999979 ] ] ], [ [ [ 109.190325663000067, -1.591300599999954 ], [ 109.190475569000057, -1.595105357999955 ], [ 109.188005689000079, -1.592835351999952 ], [ 109.190325663000067, -1.591300599999954 ] ] ], [ [ [ 109.20209273200004, -1.586684920999971 ], [ 109.206523289000074, -1.588164945999949 ], [ 109.200936314000046, -1.587046598999962 ], [ 109.20209273200004, -1.586684920999971 ] ] ], [ [ [ 109.328729248000059, -1.52351112499997 ], [ 109.333648354000047, -1.522704700999952 ], [ 109.33455185300005, -1.525676055999952 ], [ 109.328729248000059, -1.52351112499997 ] ] ], [ [ [ 109.33909890700005, -1.518731012999979 ], [ 109.344924020000065, -1.520501056999933 ], [ 109.341413785000043, -1.52386424599996 ], [ 109.33909890700005, -1.518731012999979 ] ] ], [ [ [ 109.228250270000046, -1.411335405999978 ], [ 109.227626852000071, -1.414038472999948 ], [ 109.226575130000072, -1.411611423999943 ], [ 109.228250270000046, -1.411335405999978 ] ] ], [ [ [ 109.218322921000038, -1.408947140999942 ], [ 109.223786164000046, -1.413525222999965 ], [ 109.217085601000065, -1.411076757999979 ], [ 109.218322921000038, -1.408947140999942 ] ] ], [ [ [ 109.312346, -1.289423 ], [ 109.311091, -1.289268 ], [ 109.312303, -1.288906 ], [ 109.312346, -1.289423 ] ] ], [ [ [ 109.205451327000048, -1.232206964999932 ], [ 109.205596657000058, -1.24433324499995 ], [ 109.200273957000036, -1.242157181999971 ], [ 109.205451327000048, -1.232206964999932 ] ] ], [ [ [ 109.254315442000063, -1.237094328999945 ], [ 109.253165829000068, -1.235648410999943 ], [ 109.254592277000086, -1.235438801999976 ], [ 109.254315442000063, -1.237094328999945 ] ] ], [ [ [ 109.298247317000062, -1.235710236999978 ], [ 109.296143932000064, -1.234967143999938 ], [ 109.297356635000085, -1.23447742299993 ], [ 109.298247317000062, -1.235710236999978 ] ] ], [ [ [ 109.203306252000061, -1.232280648999961 ], [ 109.202368745000058, -1.231271756999945 ], [ 109.202973128000053, -1.229986847999953 ], [ 109.203306252000061, -1.232280648999961 ] ] ], [ [ [ 109.298251062000077, -1.229812233999951 ], [ 109.295268566000061, -1.228338808999979 ], [ 109.296719117000066, -1.22764585799996 ], [ 109.298251062000077, -1.229812233999951 ] ] ], [ [ [ 109.282299, -1.213536 ], [ 109.282655, -1.213426 ], [ 109.282395, -1.213734 ], [ 109.282299, -1.213536 ] ] ], [ [ [ 109.261454828000069, -1.183462843999962 ], [ 109.269618656000034, -1.216430528999979 ], [ 109.253767501000084, -1.223985790999961 ], [ 109.242952814000034, -1.243498454999951 ], [ 109.223716023000065, -1.242409910999925 ], [ 109.217040465000082, -1.236792855999965 ], [ 109.227706399000056, -1.219954599999937 ], [ 109.227001507000068, -1.200931429999969 ], [ 109.245348341000067, -1.198457504999965 ], [ 109.261454828000069, -1.183462843999962 ] ] ], [ [ [ 109.284708713000043, -1.211364902999946 ], [ 109.282489653000084, -1.213157998999975 ], [ 109.282188251000036, -1.210472619999962 ], [ 109.284708713000043, -1.211364902999946 ] ] ], [ [ [ 109.274650983000072, -1.200408854999978 ], [ 109.271643255000072, -1.208898522999959 ], [ 109.273032683000054, -1.199517757999956 ], [ 109.274650983000072, -1.200408854999978 ] ] ], [ [ [ 109.276566, -1.198109 ], [ 109.276725, -1.197977 ], [ 109.276741, -1.198129 ], [ 109.276566, -1.198109 ] ] ], [ [ [ 109.30028, -1.055776 ], [ 109.299302, -1.056886 ], [ 109.298736, -1.05619 ], [ 109.30028, -1.055776 ] ] ], [ [ [ 109.343153619000077, -1.661364619999972 ], [ 109.347611243000074, -1.663549283999942 ], [ 109.343567991000043, -1.66576499699994 ], [ 109.343153619000077, -1.661364619999972 ] ] ], [ [ [ 109.352086439000061, -1.656609844999934 ], [ 109.352060314000084, -1.655045793999932 ], [ 109.352753458000052, -1.655192138999951 ], [ 109.352086439000061, -1.656609844999934 ] ] ], [ [ [ 109.351626143000033, -1.500000004999947 ], [ 109.350660499000071, -1.502206838999939 ], [ 109.349841033000075, -1.501323794999962 ], [ 109.351626143000033, -1.500000004999947 ] ] ], [ [ [ 109.384208767000075, -1.487384418999966 ], [ 109.383508601000074, -1.505058904999942 ], [ 109.376284318000046, -1.501979400999971 ], [ 109.384208767000075, -1.487384418999966 ] ] ], [ [ [ 109.378156219000061, -1.480707627999948 ], [ 109.379096105000087, -1.47982722699993 ], [ 109.379453025000089, -1.48037450299995 ], [ 109.378156219000061, -1.480707627999948 ] ] ], [ [ [ 109.382070431000045, -1.477519149999978 ], [ 109.383593287000053, -1.47945840999995 ], [ 109.381320901000038, -1.478578009999978 ], [ 109.382070431000045, -1.477519149999978 ] ] ], [ [ [ 109.888516598000081, -1.366514108999979 ], [ 109.885994980000078, -1.368619041999978 ], [ 109.88827901600007, -1.366047303999949 ], [ 109.888516598000081, -1.366514108999979 ] ] ], [ [ [ 109.900161677000085, -1.343063306999966 ], [ 109.899710767000045, -1.352312371999972 ], [ 109.896481101000063, -1.351300306999974 ], [ 109.900161677000085, -1.343063306999966 ] ] ], [ [ [ 110.0037, -1.318872 ], [ 110.00404, -1.319201 ], [ 110.003635, -1.31918 ], [ 110.0037, -1.318872 ] ] ], [ [ [ 110.022111104000089, -1.316709759999981 ], [ 110.021869111000058, -1.315259258999959 ], [ 110.022454043000039, -1.315417453999942 ], [ 110.022111104000089, -1.316709759999981 ] ] ], [ [ [ 110.029425368000034, -1.311961707999956 ], [ 110.028332073000058, -1.310417528999949 ], [ 110.029331067000044, -1.309831531999976 ], [ 110.029425368000034, -1.311961707999956 ] ] ], [ [ [ 110.021539783000037, -1.309066180999935 ], [ 110.021135718000039, -1.308557423999957 ], [ 110.02165890200007, -1.308503776999942 ], [ 110.021539783000037, -1.309066180999935 ] ] ], [ [ [ 110.014745474000051, -1.300740261999977 ], [ 110.013632820000055, -1.300093605999962 ], [ 110.014517821000084, -1.299103083999967 ], [ 110.014745474000051, -1.300740261999977 ] ] ], [ [ [ 109.963964219000047, -1.281438421999951 ], [ 109.96414, -1.281678 ], [ 109.963913, -1.281773 ], [ 109.963964219000047, -1.281438421999951 ] ] ], [ [ [ 109.950820693000082, -1.266408843999955 ], [ 109.948162255000057, -1.268440305999945 ], [ 109.949256533000039, -1.265743080999925 ], [ 109.950820693000082, -1.266408843999955 ] ] ], [ [ [ 109.938078956000084, -1.250028161999978 ], [ 109.937508588000071, -1.249214191999954 ], [ 109.938186231000088, -1.249358067999935 ], [ 109.938078956000084, -1.250028161999978 ] ] ], [ [ [ 109.402427504000059, -1.22330698199994 ], [ 109.403226661000076, -1.222690110999963 ], [ 109.403218922000065, -1.223716629999956 ], [ 109.402427504000059, -1.22330698199994 ] ] ], [ [ [ 109.905819448000045, -1.205148465999969 ], [ 109.905524960000037, -1.204238883999949 ], [ 109.905876925000086, -1.204124146999959 ], [ 109.905819448000045, -1.205148465999969 ] ] ], [ [ [ 109.488264425000068, -0.97327413599993 ], [ 109.528353845000083, -0.998510125999928 ], [ 109.551848865000068, -1.003303466999967 ], [ 109.596345198000051, -0.981155727999976 ], [ 109.63681587800005, -0.98640417699994 ], [ 109.642748409000035, -1.012404199999935 ], [ 109.662944467000045, -1.010930913999971 ], [ 109.674426376000042, -1.021164473999931 ], [ 109.687459742000044, -1.018006186999969 ], [ 109.70099867600004, -0.993165373999943 ], [ 109.714848993000032, -0.989509288999955 ], [ 109.737658611000086, -1.002388742999926 ], [ 109.760844639000084, -1.004704871999934 ], [ 109.762307919000079, -1.008132497999952 ], [ 109.756200484000033, -1.013069716999951 ], [ 109.755683396000052, -1.022297686999934 ], [ 109.770021285000041, -1.080084914999929 ], [ 109.765634256000055, -1.109950330999936 ], [ 109.780057104000036, -1.144074071999967 ], [ 109.689451554000073, -1.192919503999974 ], [ 109.682516822000082, -1.203645751999943 ], [ 109.688914249000049, -1.215548783999964 ], [ 109.686632736000035, -1.217737316999944 ], [ 109.664416310000036, -1.216757136999945 ], [ 109.589902988000063, -1.246868430999939 ], [ 109.542222801000037, -1.272650589999955 ], [ 109.496542469000076, -1.309536148999939 ], [ 109.426957509000033, -1.29223746699995 ], [ 109.379575301000045, -1.255194017999941 ], [ 109.405658420000066, -1.245364499999937 ], [ 109.431392545000051, -1.185618360999968 ], [ 109.448694081000042, -1.107142274999944 ], [ 109.457869892000076, -1.003889342999969 ], [ 109.472460765000051, -1.00284335799995 ], [ 109.488264425000068, -0.97327413599993 ] ] ], [ [ [ 110.007148217000065, -0.72323694499994 ], [ 110.04085649700005, -0.76076371399995 ], [ 110.071769584000037, -0.773325854999939 ], [ 110.077060979000066, -0.795817233999969 ], [ 110.143704687000081, -0.856936472999962 ], [ 110.166684948000068, -0.856962217999978 ], [ 110.169615612000086, -0.883609387999968 ], [ 110.15271520500005, -0.913011873999949 ], [ 110.164863082000068, -0.923223232999931 ], [ 110.165006002000041, -0.934695466999926 ], [ 110.241524496000068, -0.933299415999954 ], [ 110.242979227000035, -0.965835549999952 ], [ 110.27198446400007, -0.965881743999944 ], [ 110.281421619000071, -0.975414481999962 ], [ 110.280743313000073, -0.98678766699993 ], [ 110.269090522000056, -0.986918902999946 ], [ 110.269229675000076, -1.000496560999977 ], [ 110.342797644000086, -1.053502848999926 ], [ 110.33823231000008, -1.071575774999928 ], [ 110.358275894000087, -1.074371516999975 ], [ 110.360584440000082, -1.109127566999973 ], [ 110.340249431000075, -1.11205115599995 ], [ 110.335566652000068, -1.105322039999976 ], [ 110.324561725000081, -1.114368750999972 ], [ 110.325240518000044, -1.131664242999932 ], [ 110.344219598000052, -1.146354165999981 ], [ 110.351471980000042, -1.165623358999937 ], [ 110.385629978000054, -1.191667474999974 ], [ 110.396218541000053, -1.210434275999944 ], [ 110.393480400000044, -1.233085351999932 ], [ 110.421656823000035, -1.26016716099997 ], [ 110.322267879000037, -1.25601146799994 ], [ 110.284112601000061, -1.283491555999944 ], [ 110.217629851000083, -1.285273608999944 ], [ 110.211479709000059, -1.316971654999975 ], [ 110.223517035000043, -1.335013169999968 ], [ 110.217064471000072, -1.344374620999929 ], [ 110.207829530000083, -1.338521835999927 ], [ 110.180180191000034, -1.341210180999951 ], [ 110.170092299000089, -1.354634335999947 ], [ 110.141367747000061, -1.344691282999975 ], [ 110.127737149000041, -1.355732333999924 ], [ 110.094420163000052, -1.352781453999967 ], [ 110.067735485000071, -1.363001245999953 ], [ 110.057210008000084, -1.33681953699994 ], [ 110.022225055000035, -1.291552685999932 ], [ 109.993494049000049, -1.274046642999963 ], [ 109.961832896000033, -1.277161681999928 ], [ 109.960772714000086, -1.264311271999929 ], [ 109.950642437000056, -1.265087405999964 ], [ 109.938761379000084, -1.251697868999941 ], [ 109.948089269000036, -1.239414523999926 ], [ 109.933010593000063, -1.233006070999977 ], [ 109.934509432000084, -1.219019961999948 ], [ 109.925352008000061, -1.213674366999953 ], [ 109.916598648000047, -1.220831700999952 ], [ 109.907843159000038, -1.209569934999934 ], [ 109.93969781800007, -1.123667462999947 ], [ 109.863379331000033, -1.09280943899995 ], [ 109.81907387800004, -1.091787068999963 ], [ 109.803454789000057, -1.049443165999946 ], [ 109.774897112000076, -1.043827129999954 ], [ 109.76428777600006, -0.995643921999942 ], [ 109.73222389700004, -0.987602588999948 ], [ 109.727971849000085, -0.920458679999967 ], [ 109.755308249000052, -0.907986882999978 ], [ 109.754886572000089, -0.892724749999957 ], [ 109.769882736000056, -0.887892071999943 ], [ 109.775404323000089, -0.876960488999941 ], [ 109.801324738000062, -0.869824197999947 ], [ 109.792721898000082, -0.856619165999973 ], [ 109.799416460000089, -0.842737514999953 ], [ 109.812831687000084, -0.846419950999973 ], [ 109.828233779000072, -0.832659933999935 ], [ 109.840842709000071, -0.840673840999955 ], [ 109.856539866000048, -0.824057762999928 ], [ 109.864837084000044, -0.832127296999943 ], [ 109.893077996000045, -0.823292482999932 ], [ 109.894762043000071, -0.802865424999936 ], [ 109.931139303000066, -0.783434786999976 ], [ 109.931073162000075, -0.769175705999942 ], [ 109.940145188000088, -0.760187042999974 ], [ 109.931639493000034, -0.750964526999951 ], [ 109.939925616000039, -0.740539994999949 ], [ 109.967950796000082, -0.739609358999928 ], [ 109.981730703000039, -0.724521814999946 ], [ 109.997333166000033, -0.729317132999938 ], [ 110.007148217000065, -0.72323694499994 ] ] ], [ [ [ 109.454046, -1.021711 ], [ 109.454106, -1.020519 ], [ 109.454597, -1.02088 ], [ 109.454046, -1.021711 ] ] ], [ [ [ 109.758142751000037, -1.01356218199993 ], [ 109.757049218000077, -1.013188420999938 ], [ 109.757605768000076, -1.01265734499998 ], [ 109.758142751000037, -1.01356218199993 ] ] ] ] } },
{ "type": "Feature", "properties": { "kemendagri_kab_code": 6112, "kemendagri_kab_name": "Kabupaten Kubu Raya", "kemendagri_prov_code": 61, "kemendagri_prov_name": "Kalimantan Barat" }, "geometry": { "type": "MultiPolygon", "coordinates": [ [ [ [ 109.357305529000087, -0.868735976999972 ], [ 109.365321933000075, -0.876852317999976 ], [ 109.370354814000052, -0.881097198999953 ], [ 109.382182793000084, -0.88147085199995 ], [ 109.391898133000041, -0.88998694299994 ], [ 109.399529064000035, -0.891807230999973 ], [ 109.401323475000083, -0.90407434399998 ], [ 109.418227563000073, -0.916631155999937 ], [ 109.405999770000051, -0.93236696799994 ], [ 109.335440305000077, -0.921843404999947 ], [ 109.30371733000004, -0.902127190999977 ], [ 109.307857323000064, -0.89416839699993 ], [ 109.307778951000046, -0.887015471999973 ], [ 109.310096546000068, -0.885395058999961 ], [ 109.319526010000061, -0.893695359999924 ], [ 109.324467440000035, -0.894247546999964 ], [ 109.326110795000034, -0.893777424999939 ], [ 109.327488503000041, -0.89267097499993 ], [ 109.334512672000074, -0.885618252999961 ], [ 109.335583429000053, -0.883947870999975 ], [ 109.33599745500004, -0.881113932999938 ], [ 109.334469841000043, -0.874382437999941 ], [ 109.336225884000044, -0.87124868799998 ], [ 109.337667837000083, -0.871170165999956 ], [ 109.341665331000058, -0.873690014999966 ], [ 109.344206596000049, -0.874268223999934 ], [ 109.347594270000059, -0.873267626999962 ], [ 109.351830389000042, -0.869257078999965 ], [ 109.357305529000087, -0.868735976999972 ] ] ], [ [ [ 109.349284, -0.656022 ], [ 109.387714, -0.658673 ], [ 109.40549, -0.674684 ], [ 109.364955998000084, -0.675505002999955 ], [ 109.349284, -0.656022 ] ] ], [ [ [ 109.308588, -0.613309 ], [ 109.308415, -0.611959 ], [ 109.311494, -0.611788 ], [ 109.308588, -0.613309 ] ] ], [ [ [ 109.311457, -0.611387 ], [ 109.311247, -0.609666 ], [ 109.312536, -0.609335 ], [ 109.311457, -0.611387 ] ] ], [ [ [ 109.298552, -0.594017 ], [ 109.307431, -0.601141 ], [ 109.281272, -0.613157 ], [ 109.286021, -0.59964 ], [ 109.298552, -0.594017 ] ] ], [ [ [ 109.334319, -0.575586 ], [ 109.329829, -0.579422 ], [ 109.324272, -0.582074 ], [ 109.325059, -0.574267 ], [ 109.334319, -0.575586 ] ] ], [ [ [ 109.127816687000063, -0.202322468999967 ], [ 109.15909477200006, -0.210990736999975 ], [ 109.177236450000066, -0.207565626999951 ], [ 109.193138133000048, -0.218704898999931 ], [ 109.176553409000064, -0.225006492999967 ], [ 109.172125958000038, -0.23105831099997 ], [ 109.162231568000038, -0.229671728999961 ], [ 109.132424461000085, -0.236390265999944 ], [ 109.116878618000044, -0.257481858999938 ], [ 109.083327545000088, -0.26996459999998 ], [ 109.083330449000073, -0.287822394999978 ], [ 109.100110785000084, -0.307649676999972 ], [ 109.103637928000069, -0.331680765999977 ], [ 109.095659132000037, -0.332378075999941 ], [ 109.058042354000065, -0.273311234999937 ], [ 109.053256618000034, -0.248503718999928 ], [ 109.05870961800008, -0.213486897999928 ], [ 109.072459908000042, -0.220032856999978 ], [ 109.090432548000081, -0.20664794399994 ], [ 109.101727875000051, -0.210584193999978 ], [ 109.127816687000063, -0.202322468999967 ] ] ], [ [ [ 109.099488045000044, -0.207033711999941 ], [ 109.102092146000075, -0.208626539999955 ], [ 109.10162977300007, -0.209336088999976 ], [ 109.099488045000044, -0.207033711999941 ] ] ], [ [ [ 109.068937179000045, -0.190589887999977 ], [ 109.067214794000051, -0.196213683999929 ], [ 109.064144713000076, -0.194939002999945 ], [ 109.068937179000045, -0.190589887999977 ] ] ], [ [ [ 109.102836024000055, -0.168543025999952 ], [ 109.160049115000049, -0.188258590999965 ], [ 109.173088638000081, -0.201287108999963 ], [ 109.159193796000068, -0.207998961999976 ], [ 109.085796866000067, -0.186705462999953 ], [ 109.102836024000055, -0.168543025999952 ] ] ], [ [ [ 109.083166995000056, -0.168452769999931 ], [ 109.094751283000051, -0.170721545999925 ], [ 109.094825895000042, -0.172624061999954 ], [ 109.082809013000087, -0.174233474999937 ], [ 109.083166995000056, -0.168452769999931 ] ] ], [ [ [ 109.159834115000081, -0.185368690999951 ], [ 109.126018839000039, -0.166929850999963 ], [ 109.127208217000089, -0.146399736999967 ], [ 109.137535584000034, -0.152334380999946 ], [ 109.159834115000081, -0.185368690999951 ] ] ], [ [ [ 109.125450571000044, -0.150967916999946 ], [ 109.12389199200004, -0.168531304999931 ], [ 109.113413756000057, -0.166530949999981 ], [ 109.089446857000041, -0.150246513999946 ], [ 109.093848829000081, -0.130045012999972 ], [ 109.113021966000076, -0.11705569399993 ], [ 109.125450571000044, -0.150967916999946 ] ] ], [ [ [ 109.165497487000039, -0.09257122899993 ], [ 109.186603200000036, -0.140075532999958 ], [ 109.176278889000059, -0.194484123999928 ], [ 109.143195741000056, -0.159745222999959 ], [ 109.123990855000045, -0.116185849999965 ], [ 109.138315786000078, -0.080611309999938 ], [ 109.161980001000074, -0.058432783999933 ], [ 109.165497487000039, -0.09257122899993 ] ] ], [ [ [ 109.120471340000051, -0.117143535999958 ], [ 109.11804591300006, -0.108613487999946 ], [ 109.122967361000065, -0.103213758999971 ], [ 109.12567613300007, -0.110116037999944 ], [ 109.120471340000051, -0.117143535999958 ] ] ], [ [ [ 109.174252132000049, -0.103414399999963 ], [ 109.169747763000089, -0.092845757999953 ], [ 109.170880675000035, -0.087623247999943 ], [ 109.175569650000057, -0.089223287999971 ], [ 109.174252132000049, -0.103414399999963 ] ] ], [ [ [ 109.410165069000072, -0.873783096999944 ], [ 109.421374709000077, -0.875403508999966 ], [ 109.432403511000075, -0.896497272999966 ], [ 109.419349074000081, -0.91338232499993 ], [ 109.403760749000071, -0.90446267699997 ], [ 109.400869704000058, -0.892047838999929 ], [ 109.383403271000077, -0.881057108999926 ], [ 109.397194627000033, -0.867501318999928 ], [ 109.410165069000072, -0.873783096999944 ] ] ], [ [ [ 109.252995153000086, -0.661764519999963 ], [ 109.306406198000047, -0.702371100999926 ], [ 109.356230140000036, -0.714456168999959 ], [ 109.393596894000041, -0.707179194999981 ], [ 109.466622210000082, -0.754996253999934 ], [ 109.509355, -0.739411 ], [ 109.552818, -0.743502 ], [ 109.560338222000041, -0.763395337999953 ], [ 109.594054851000067, -0.773732725999935 ], [ 109.622329574000048, -0.800245340999936 ], [ 109.659491605000085, -0.811181082999951 ], [ 109.676102308000054, -0.832114468999976 ], [ 109.710431628000038, -0.832042155999943 ], [ 109.718056825000076, -0.851154080999947 ], [ 109.713083960000063, -0.863381462999939 ], [ 109.715458991000048, -0.870454065999979 ], [ 109.726156193000065, -0.874047476999976 ], [ 109.739447444000064, -0.862727441999937 ], [ 109.74819321700005, -0.872494574999962 ], [ 109.735791497000037, -0.88244603399994 ], [ 109.745640114000082, -0.899931644999924 ], [ 109.720674255000063, -0.914059351999924 ], [ 109.721123423000051, -0.974117687999978 ], [ 109.695737924000071, -0.989292380999927 ], [ 109.681707478000078, -1.014106787999935 ], [ 109.649160491000089, -0.998933156999954 ], [ 109.639065473000073, -0.976589499999932 ], [ 109.612587653000048, -0.972439804999965 ], [ 109.608474489000059, -0.94369749699996 ], [ 109.583841623000069, -0.898399370999925 ], [ 109.570985836000034, -0.902811843999928 ], [ 109.552245109000069, -0.884930233999967 ], [ 109.455537138000068, -0.865539014999968 ], [ 109.438588865000042, -0.852788926999949 ], [ 109.411094411000079, -0.872522490999927 ], [ 109.398877663000064, -0.866530586999943 ], [ 109.382720845000051, -0.873986031999948 ], [ 109.382622871000081, -0.880864721999956 ], [ 109.370392442000082, -0.880246062999959 ], [ 109.360271404000059, -0.86866998499994 ], [ 109.35514366600006, -0.868301167999959 ], [ 109.351574474000074, -0.869050698999956 ], [ 109.344453937000083, -0.874005925999938 ], [ 109.33813052000005, -0.871025650999968 ], [ 109.336232900000084, -0.870936420999953 ], [ 109.334144923000053, -0.874523458999931 ], [ 109.335304910000048, -0.883910432999926 ], [ 109.326682933000086, -0.893006318999937 ], [ 109.310585671000069, -0.884675478999952 ], [ 109.307342733000041, -0.887064363999968 ], [ 109.301662702000044, -0.901524987999949 ], [ 109.25607530800005, -0.852804976999948 ], [ 109.239076623000074, -0.812121042999934 ], [ 109.241253725000036, -0.693540356999961 ], [ 109.245553631000064, -0.664912605999973 ], [ 109.252995153000086, -0.661764519999963 ] ] ], [ [ [ 109.574368590000063, -0.733604273999958 ], [ 109.598488879000058, -0.74865544499994 ], [ 109.626229042000034, -0.751523062999979 ], [ 109.635093594000068, -0.791631104999965 ], [ 109.62388597000006, -0.794907681999973 ], [ 109.601261675000046, -0.768512076999968 ], [ 109.566757635000045, -0.757778291999955 ], [ 109.574368590000063, -0.733604273999958 ] ] ], [ [ [ 109.692350958000077, -0.71579498899996 ], [ 109.691506118000063, -0.726676537999936 ], [ 109.689177518000065, -0.724984740999957 ], [ 109.683907230000045, -0.727400785999976 ], [ 109.669572931000062, -0.738888386999975 ], [ 109.675392854000052, -0.744701648999978 ], [ 109.670196540000063, -0.745809404999932 ], [ 109.669527221000067, -0.752609778999954 ], [ 109.66092606400008, -0.748853229999952 ], [ 109.614661, -0.749266 ], [ 109.607785007000075, -0.745315003999963 ], [ 109.605907, -0.734244 ], [ 109.642237, -0.732363 ], [ 109.647584, -0.719292 ], [ 109.662691787000085, -0.726061629999947 ], [ 109.664993997000067, -0.725535906999937 ], [ 109.669574459000046, -0.716053754999962 ], [ 109.677489241000046, -0.718218469999954 ], [ 109.692350958000077, -0.71579498899996 ] ] ], [ [ [ 109.57721, -0.724685 ], [ 109.567646, -0.743817 ], [ 109.551109, -0.732503 ], [ 109.56869, -0.712296 ], [ 109.57721, -0.724685 ] ] ], [ [ [ 109.570612, -0.711981 ], [ 109.578268, -0.718089 ], [ 109.582725, -0.719921 ], [ 109.589641, -0.71975 ], [ 109.593642, -0.715712 ], [ 109.606575, -0.726261 ], [ 109.603754, -0.732194 ], [ 109.605425, -0.744182 ], [ 109.577772, -0.729417 ], [ 109.576934, -0.718881 ], [ 109.570612, -0.711981 ] ] ], [ [ [ 109.632316, -0.705521 ], [ 109.670062546000054, -0.702305942999942 ], [ 109.679304373000036, -0.702324978999968 ], [ 109.688170463000063, -0.712931009999977 ], [ 109.668883821000065, -0.715283998999951 ], [ 109.662738665000063, -0.725048712999978 ], [ 109.647476, -0.717295 ], [ 109.641522, -0.730715 ], [ 109.629782, -0.732111 ], [ 109.608644, -0.73016 ], [ 109.606905, -0.724912 ], [ 109.594976, -0.71485 ], [ 109.578679, -0.716459 ], [ 109.585486, -0.707302 ], [ 109.596877, -0.709837 ], [ 109.614882, -0.70259 ], [ 109.632316, -0.705521 ] ] ], [ [ [ 109.526558535000049, -0.699942817999954 ], [ 109.559195, -0.716101 ], [ 109.541705, -0.73147 ], [ 109.468596, -0.731932 ], [ 109.454298, -0.726746 ], [ 109.444686, -0.708393 ], [ 109.457216, -0.71997 ], [ 109.462085, -0.720933 ], [ 109.483135, -0.717449 ], [ 109.485276, -0.713845 ], [ 109.482754, -0.707505 ], [ 109.491319, -0.707437 ], [ 109.492113, -0.706292 ], [ 109.491937, -0.699706 ], [ 109.496128, -0.703132 ], [ 109.526558535000049, -0.699942817999954 ] ] ], [ [ [ 109.440487, -0.668394 ], [ 109.471019, -0.689221 ], [ 109.479551, -0.689592 ], [ 109.494736, -0.699407 ], [ 109.496703, -0.702292 ], [ 109.492205, -0.69912 ], [ 109.490994, -0.699782 ], [ 109.490774, -0.707006 ], [ 109.482677, -0.706193 ], [ 109.482999, -0.716558 ], [ 109.458599, -0.71902 ], [ 109.454687, -0.705146 ], [ 109.411942, -0.674455 ], [ 109.420297, -0.669364 ], [ 109.435785, -0.676379 ], [ 109.440487, -0.668394 ] ] ], [ [ [ 109.658408462000068, -0.679403154999932 ], [ 109.673348364000049, -0.697800413999971 ], [ 109.602941, -0.702051 ], [ 109.562374, -0.712245 ], [ 109.551956, -0.707156 ], [ 109.573778, -0.692111 ], [ 109.597841, -0.695281 ], [ 109.614036, -0.684447 ], [ 109.617623, -0.690697 ], [ 109.632363, -0.690198 ], [ 109.648513473000037, -0.683837280999967 ], [ 109.656142025000065, -0.672020876999966 ], [ 109.658408462000068, -0.679403154999932 ] ] ], [ [ [ 109.483622, -0.687515 ], [ 109.497547, -0.688585 ], [ 109.497766, -0.694323 ], [ 109.483622, -0.687515 ] ] ], [ [ [ 109.485042321000037, -0.62843331199997 ], [ 109.492457, -0.625983 ], [ 109.501487, -0.637549 ], [ 109.517306, -0.644819 ], [ 109.52504, -0.639092 ], [ 109.528242, -0.647098 ], [ 109.542114, -0.646367 ], [ 109.547632, -0.656025 ], [ 109.583636, -0.653021 ], [ 109.583155, -0.686001 ], [ 109.54605, -0.703227 ], [ 109.498773, -0.693927 ], [ 109.497817028000043, -0.68835702399997 ], [ 109.472741, -0.670846 ], [ 109.490986, -0.674327 ], [ 109.496267, -0.667031 ], [ 109.496615, -0.661541 ], [ 109.487859, -0.662306 ], [ 109.47424, -0.642642 ], [ 109.458307, -0.635981 ], [ 109.472675, -0.62373 ], [ 109.485042321000037, -0.62843331199997 ] ] ], [ [ [ 109.364616031000082, -0.617539007999937 ], [ 109.450184, -0.660624 ], [ 109.476772, -0.685657 ], [ 109.441774, -0.66658 ], [ 109.439076, -0.667071 ], [ 109.436346, -0.674308 ], [ 109.423388, -0.667504 ], [ 109.405876, -0.672698 ], [ 109.391265, -0.6585 ], [ 109.372918, -0.648204 ], [ 109.360122, -0.653346 ], [ 109.351162, -0.634793 ], [ 109.364616031000082, -0.617539007999937 ] ] ], [ [ [ 109.453352, -0.633342 ], [ 109.4757, -0.646672 ], [ 109.486192, -0.663557 ], [ 109.494738, -0.663973 ], [ 109.490847, -0.673493 ], [ 109.427376, -0.642547 ], [ 109.431844, -0.634246 ], [ 109.453352, -0.633342 ] ] ], [ [ [ 109.382891993000044, -0.61097 ], [ 109.382381990000056, -0.609562023999956 ], [ 109.382891990000076, -0.60940302399996 ], [ 109.382891993000044, -0.61097 ] ] ], [ [ [ 109.459330661000081, 0.221125271000062 ], [ 109.488500685000076, 0.21503030100007 ], [ 109.487898535000056, 0.166099022000026 ], [ 109.507988690000047, 0.140943802000038 ], [ 109.501364344000081, 0.137978510000039 ], [ 109.511384400000054, 0.116234318000068 ], [ 109.503399007000041, 0.092313954000019 ], [ 109.495397094000054, 0.089848704000076 ], [ 109.521587103000059, 0.036597882000024 ], [ 109.50829550800006, 0.009633827000073 ], [ 109.512767065000048, -0.009473845999935 ], [ 109.504605738000066, -0.032143685999927 ], [ 109.550342583000088, -0.011307014999943 ], [ 109.545326083000077, -0.000316294999948 ], [ 109.564828544000079, 0.000707347000059 ], [ 109.559236615000088, -0.005260342999975 ], [ 109.563951794000047, -0.014342677999934 ], [ 109.568599754000047, -0.003747967999971 ], [ 109.58114435400006, -0.005003574999932 ], [ 109.571047331000045, 0.007384131000038 ], [ 109.580374685000038, 0.013809456000047 ], [ 109.58752002500006, 0.008540022000034 ], [ 109.589160090000064, 0.021074786000042 ], [ 109.568433323000079, 0.031081512000071 ], [ 109.572661916000072, 0.037528380000026 ], [ 109.592364986000064, 0.038720439000031 ], [ 109.59378545900006, 0.023629905000064 ], [ 109.604425314000082, 0.035053277000031 ], [ 109.613168659000053, 0.01872790300007 ], [ 109.614520620000064, 0.035029497000039 ], [ 109.620254213000067, 0.023126430000048 ], [ 109.628093589000059, 0.036345894000021 ], [ 109.635234350000076, 0.032526631000053 ], [ 109.628663938000045, 0.045032794000065 ], [ 109.633608151000033, 0.049364376000028 ], [ 109.645003216000077, 0.051034695000055 ], [ 109.642243639000071, 0.039669821000075 ], [ 109.656121119000034, 0.035434243000054 ], [ 109.648961077000081, 0.050072751000073 ], [ 109.66241083500006, 0.040187065000055 ], [ 109.655842609000047, 0.056326091000074 ], [ 109.667359662000081, 0.055400219000035 ], [ 109.65915844400007, 0.064855223000052 ], [ 109.666546577000076, 0.06039703600004 ], [ 109.671317133000059, 0.071352881000053 ], [ 109.672850759000085, 0.056053666000025 ], [ 109.676517782000076, 0.06672112800004 ], [ 109.695575250000047, 0.063099610000052 ], [ 109.689845796000043, 0.083070245000044 ], [ 109.701921434000042, 0.088604816000043 ], [ 109.699804433000054, 0.098377778000042 ], [ 109.730804551000062, 0.076226087000066 ], [ 109.74821174300007, 0.084453567000025 ], [ 109.74983228900004, 0.092697356000031 ], [ 109.772622929000079, 0.07689227000003 ], [ 109.786191004000045, 0.087587557000063 ], [ 109.797580774000039, 0.078660176000028 ], [ 109.802646456000048, 0.08788738800007 ], [ 109.817604136000057, 0.089123465000057 ], [ 109.825856931000033, 0.080920671000058 ], [ 109.849504250000052, 0.085954023000056 ], [ 109.87641, 0.07703 ], [ 109.886014474000035, 0.041337444000021 ], [ 109.842802885000083, 0.003985019000027 ], [ 109.851224754000043, -0.048881779999931 ], [ 109.903888899000037, -0.107684806999941 ], [ 109.906055895000065, -0.137289171999953 ], [ 109.920990441000072, -0.147321861999956 ], [ 109.947525021000047, -0.141458385999954 ], [ 109.944381801000077, -0.228121951999924 ], [ 109.954703108000047, -0.245774238999957 ], [ 109.951228969000056, -0.259488137999938 ], [ 109.970710973000052, -0.281695514999967 ], [ 109.956377973000087, -0.304470561999949 ], [ 109.936074442000063, -0.318919093999966 ], [ 109.953072739000049, -0.348752218999948 ], [ 109.927748504000078, -0.358741921999979 ], [ 109.924775129000068, -0.393403921999948 ], [ 109.931378270000039, -0.414964218999955 ], [ 109.971602317000077, -0.43385212499993 ], [ 109.96811600500007, -0.445495593999965 ], [ 109.946038692000059, -0.444529983999928 ], [ 109.968525239000087, -0.455219202999956 ], [ 109.972532723000086, -0.476671062999969 ], [ 109.958696426000074, -0.486727280999958 ], [ 109.965777500000058, -0.497100832999934 ], [ 109.945970955000064, -0.50119613499993 ], [ 109.919141412000045, -0.532273650999969 ], [ 109.884752166000055, -0.554252977999965 ], [ 109.880510838000077, -0.587608240999941 ], [ 109.865798139000049, -0.594310570999937 ], [ 109.853470648000041, -0.617069005999952 ], [ 109.81829649000008, -0.637734938999927 ], [ 109.808059514000036, -0.671222494999938 ], [ 109.818014650000066, -0.684264369999937 ], [ 109.821111656000085, -0.674872738999966 ], [ 109.835554152000043, -0.677337400999932 ], [ 109.842972351000071, -0.661813524999957 ], [ 109.85989733100007, -0.658949006999933 ], [ 109.883335400000078, -0.691051965999975 ], [ 109.87859926200008, -0.713693424999974 ], [ 109.884241250000059, -0.723136294999961 ], [ 109.902448175000075, -0.732873244999951 ], [ 109.933059087000061, -0.719655050999961 ], [ 109.941596360000062, -0.734213476999969 ], [ 109.931555837000076, -0.751955635999934 ], [ 109.940048804000071, -0.760667944999966 ], [ 109.929525449000039, -0.785322572999974 ], [ 109.893960143000072, -0.803851701999974 ], [ 109.892916634000073, -0.823424349999925 ], [ 109.864837084000044, -0.832127296999943 ], [ 109.856539866000048, -0.824057762999928 ], [ 109.840842709000071, -0.840673840999955 ], [ 109.828233779000072, -0.832659933999935 ], [ 109.812831687000084, -0.846419950999973 ], [ 109.799416460000089, -0.842737514999953 ], [ 109.792721898000082, -0.856619165999973 ], [ 109.801479960000052, -0.869649789999926 ], [ 109.77578225600007, -0.876730313999929 ], [ 109.754004791000057, -0.894976635999967 ], [ 109.738891126000055, -0.883749947999945 ], [ 109.750448019000089, -0.875234992999935 ], [ 109.745248598000046, -0.861734168999931 ], [ 109.732082217000084, -0.862165337999954 ], [ 109.72570771900007, -0.871123231999945 ], [ 109.717074006000075, -0.867875152999943 ], [ 109.72104549900007, -0.84996603999997 ], [ 109.713225826000041, -0.829305662999957 ], [ 109.692872323000074, -0.824266172999955 ], [ 109.679474093000067, -0.82967019299997 ], [ 109.662020048000045, -0.806714349999936 ], [ 109.635383747000049, -0.796884728999942 ], [ 109.637826395000047, -0.786861684999963 ], [ 109.631698848000042, -0.751984461999939 ], [ 109.67061443700004, -0.755323851999947 ], [ 109.677227419000076, -0.746464828999933 ], [ 109.671994984000037, -0.739840409999942 ], [ 109.691625983000051, -0.72748198499994 ], [ 109.698120853000034, -0.716960626999935 ], [ 109.687706468000044, -0.714622806999955 ], [ 109.688555935000068, -0.712152925999931 ], [ 109.68766363800006, -0.709154804999969 ], [ 109.689276912000082, -0.705885425999952 ], [ 109.678613377000033, -0.701462185999958 ], [ 109.667087407000054, -0.700468384999965 ], [ 109.672649397000043, -0.699141834999978 ], [ 109.675317368000037, -0.695545874999937 ], [ 109.657189563000088, -0.671270077999964 ], [ 109.632324, -0.688883 ], [ 109.612494, -0.683134 ], [ 109.595967, -0.69361 ], [ 109.583442, -0.677837 ], [ 109.584445670000036, -0.650780362999967 ], [ 109.55731, -0.654054 ], [ 109.526538, -0.637313 ], [ 109.516949, -0.642433 ], [ 109.494961, -0.624406 ], [ 109.48156033500004, -0.62576340399994 ], [ 109.474231595000049, -0.614722704999963 ], [ 109.461195, -0.625602 ], [ 109.414685, -0.631082 ], [ 109.374154, -0.584617 ], [ 109.327692, -0.588127 ], [ 109.325056, -0.584004 ], [ 109.334384, -0.576638 ], [ 109.334973, -0.57359 ], [ 109.333318, -0.572252 ], [ 109.32397, -0.573894 ], [ 109.3239, -0.588049 ], [ 109.315139, -0.594178 ], [ 109.294813, -0.591808 ], [ 109.263144, -0.60099900199998 ], [ 109.251721, -0.588578 ], [ 109.258255, -0.601178 ], [ 109.250000015000069, -0.604690594999965 ], [ 109.225986050000074, -0.588202169999931 ], [ 109.227344455000036, -0.571695173999956 ], [ 109.201821210000048, -0.551402931999974 ], [ 109.187157278000086, -0.552495058999966 ], [ 109.193065599000079, -0.56340744299996 ], [ 109.187668423000048, -0.568091139999979 ], [ 109.147677904000034, -0.567812266999965 ], [ 109.116365919000089, -0.51364198999994 ], [ 109.116630310000062, -0.436770874999979 ], [ 109.097523101000036, -0.360990792999928 ], [ 109.100805133000051, -0.346812299999954 ], [ 109.114712784000062, -0.336357450999969 ], [ 109.087172637000037, -0.27852213999995 ], [ 109.120822026000042, -0.258612705999951 ], [ 109.132766179000043, -0.238360861999979 ], [ 109.172415561000037, -0.231682243999956 ], [ 109.197240547000035, -0.217338705999964 ], [ 109.18138454700005, -0.194372709999925 ], [ 109.189604796000083, -0.136822699999925 ], [ 109.181778776000044, -0.101616813999954 ], [ 109.188077469000064, -0.09124805099998 ], [ 109.159063825000032, -0.040854872999944 ], [ 109.169655392000038, 0.032083507000038 ], [ 109.287237182000069, 0.005904581000038 ], [ 109.285724646000062, -0.018376729999943 ], [ 109.27416764700007, -0.029870774999949 ], [ 109.321944445000042, -0.094166666999968 ], [ 109.342891556000041, -0.098163300999943 ], [ 109.366033303000052, -0.060186008999949 ], [ 109.385, -0.053333332999955 ], [ 109.374108874000058, -0.033267300999967 ], [ 109.383152062000079, -0.02510295899998 ], [ 109.376069206000068, -0.023096942999928 ], [ 109.364442791000045, 0.036482402000047 ], [ 109.364304565000054, 0.04287916800007 ], [ 109.380541607000055, 0.048404188000063 ], [ 109.379910362000032, 0.078602900000021 ], [ 109.370058143000051, 0.098902801000065 ], [ 109.367830553000033, 0.19666938000006 ], [ 109.379127295000046, 0.211544300000071 ], [ 109.426319250000063, 0.216635646000043 ], [ 109.436056285000063, 0.229783517000044 ], [ 109.459025586000052, 0.228903861000049 ], [ 109.459330661000081, 0.221125271000062 ] ] ] ] } },
{ "type": "Feature", "properties": { "kemendagri_kab_code": 6171, "kemendagri_kab_name": "Kota Pontianak", "kemendagri_prov_code": 61, "kemendagri_prov_name": "Kalimantan Barat" }, "geometry": { "type": "Polygon", "coordinates": [ [ [ 109.370269619000055, 0.021828299000049 ], [ 109.376069206000068, -0.023096942999928 ], [ 109.383152062000079, -0.02510295899998 ], [ 109.374108874000058, -0.033267300999967 ], [ 109.385, -0.053333332999955 ], [ 109.366033303000052, -0.060186008999949 ], [ 109.342891556000041, -0.098163300999943 ], [ 109.321944445000042, -0.094166666999968 ], [ 109.27416764700007, -0.029870774999949 ], [ 109.285724646000062, -0.018376729999943 ], [ 109.287237182000069, 0.005904581000038 ], [ 109.308741515000065, 0.038116787000035 ], [ 109.370269619000055, 0.021828299000049 ] ] ] } },
{ "type": "Feature", "properties": { "kemendagri_kab_code": 6172, "kemendagri_kab_name": "Kota Singkawang", "kemendagri_prov_code": 61, "kemendagri_prov_name": "Kalimantan Barat" }, "geometry": { "type": "Polygon", "coordinates": [ [ [ 109.175851194000074, 0.962432116000059 ], [ 109.156786912000086, 0.938329043000067 ], [ 109.17462144700005, 0.907599239000035 ], [ 109.162269379000065, 0.894276386000058 ], [ 109.112701520000087, 0.870968259000051 ], [ 109.11271408600004, 0.859919264000041 ], [ 109.094025309000074, 0.843361237000067 ], [ 109.050367443000084, 0.836062278000043 ], [ 109.051466769000058, 0.788275800000065 ], [ 109.076511191000066, 0.782932072000051 ], [ 109.071544290000077, 0.756037038000045 ], [ 109.047986111000057, 0.758439167000063 ], [ 109.051136111000062, 0.745154167000067 ], [ 108.993357222000043, 0.745615 ], [ 108.983723333000057, 0.762089722000042 ], [ 108.974415556000054, 0.76401 ], [ 108.954611847000081, 0.758195683000054 ], [ 108.967463333000069, 0.771682500000054 ], [ 108.918111111000087, 0.795444444000054 ], [ 108.873807141000043, 0.840155520000053 ], [ 108.891450130000067, 0.858019110000043 ], [ 108.893225046000055, 0.87060998000004 ], [ 108.913160451000067, 0.863450986000032 ], [ 108.953632071000072, 0.906357893000063 ], [ 108.974816848000046, 0.956682656000055 ], [ 108.978479828000047, 0.997399629000029 ], [ 109.047342111000034, 1.008058886000072 ], [ 109.083290858000055, 1.00099775700005 ], [ 109.09310664800006, 0.990443052000046 ], [ 109.095272968000074, 1.004410008000036 ], [ 109.129173455000057, 1.018018459000075 ], [ 109.146653384000047, 1.008891529000039 ], [ 109.150273845000072, 0.978741663000051 ], [ 109.162691011000049, 0.971405463000053 ], [ 109.17380380600008, 0.978460416000075 ], [ 109.175851194000074, 0.962432116000059 ] ] ] } }
]
}
