{
"type": "FeatureCollection",
"name": "64",
"crs": { "type": "name", "properties": { "name": "urn:ogc:def:crs:OGC:1.3:CRS84" } },
"features": [
{ "type": "Feature", "properties": { "kemendagri_kab_code": 6401, "kemendagri_kab_name": "Kabupaten Paser", "kemendagri_prov_code": 64, "kemendagri_prov_name": "Kalimantan Timur" }, "geometry": { "type": "MultiPolygon", "coordinates": [ [ [ [ 116.551190055, -2.204276368999956 ], [ 116.550823618000095, -2.203315066999949 ], [ 116.551052046000109, -2.203276995999943 ], [ 116.551190055, -2.204276368999956 ] ] ], [ [ [ 116.501920286000086, -2.109271252999974 ], [ 116.522347449000108, -2.15659014299996 ], [ 116.405607090000103, -2.205347572999926 ], [ 116.387149857000054, -2.187359507999929 ], [ 116.39437439400001, -2.155725875999963 ], [ 116.392650804000027, -2.127048506999927 ], [ 116.463342973000067, -2.132529550999948 ], [ 116.501920286000086, -2.109271252999974 ] ] ], [ [ [ 116.398611, -0.972802 ], [ 116.441728273000081, -0.970197182999925 ], [ 116.454062485, -1.043518010999946 ], [ 116.376189278000084, -1.132010256999934 ], [ 116.370879770000101, -1.144399160999967 ], [ 116.377929687, -1.199279785999977 ], [ 116.344332103000056, -1.245280388999959 ], [ 116.33548281000003, -1.284216952999941 ], [ 116.335482964000107, -1.333772544999931 ], [ 116.355774936000103, -1.391749603999926 ], [ 116.362410625000052, -1.474579784999946 ], [ 116.379076591000057, -1.498701436999966 ], [ 116.374855639000089, -1.525463473999935 ], [ 116.384036777, -1.522225576999972 ], [ 116.386318555000116, -1.543159618999937 ], [ 116.397631029000081, -1.549954943999978 ], [ 116.433623361000059, -1.555474299999958 ], [ 116.440566315000069, -1.565142106999929 ], [ 116.484778174000098, -1.575068378999958 ], [ 116.484678885000108, -1.580979806999949 ], [ 116.500000002000093, -1.581975830999966 ], [ 116.520592813, -1.596473542999945 ], [ 116.556128931000103, -1.588383331999978 ], [ 116.560107601000027, -1.59732775699996 ], [ 116.530711739000026, -1.617329505999976 ], [ 116.534066779000113, -1.621384107999972 ], [ 116.492171899000027, -1.642785775999926 ], [ 116.445612487000062, -1.649858500999926 ], [ 116.38840437600004, -1.681704490999948 ], [ 116.335974271000055, -1.69924932899994 ], [ 116.31776354200008, -1.695112896999944 ], [ 116.308845888000064, -1.723968793999973 ], [ 116.28432307300011, -1.729641413999957 ], [ 116.278122944000074, -1.752010452999968 ], [ 116.246209136000061, -1.779294017999973 ], [ 116.245225864000076, -1.80280943799994 ], [ 116.264856417000033, -1.810380882999937 ], [ 116.344592353000053, -1.775096835999932 ], [ 116.369197398000097, -1.78524750899993 ], [ 116.373540628000114, -1.762663805999978 ], [ 116.449407363000091, -1.770901499999979 ], [ 116.450816564000093, -1.819071705999932 ], [ 116.416942473000063, -1.867380394999941 ], [ 116.441020323000089, -1.871809286999962 ], [ 116.455735797000102, -1.915051768999945 ], [ 116.459478689000093, -2.056050299999924 ], [ 116.455728659000101, -2.064978037999936 ], [ 116.393208321000088, -2.082890619999944 ], [ 116.360383656000067, -2.110551853999937 ], [ 116.364583223000068, -2.120451253999931 ], [ 116.391738626, -2.116557744999966 ], [ 116.382763299000089, -2.182973259999926 ], [ 116.400485227000104, -2.214364001999968 ], [ 116.514966443000048, -2.165617471999951 ], [ 116.552500061000046, -2.17378378199993 ], [ 116.539496307000036, -2.204896344999952 ], [ 116.552440575000105, -2.20896522299995 ], [ 116.575041993000013, -2.188992858999939 ], [ 116.582838189000086, -2.175097640999979 ], [ 116.578821659000027, -2.165294260999929 ], [ 116.58596956000008, -2.169824754999979 ], [ 116.597424623000052, -2.202694700999928 ], [ 116.558931375000043, -2.405192763999935 ], [ 116.550236608000091, -2.409592700999951 ], [ 116.547123122000016, -2.40230768899994 ], [ 116.546796635000078, -2.408711163999953 ], [ 116.46264, -2.38722 ], [ 116.327657790000103, -2.340760080999928 ], [ 116.267947037000113, -2.339231746999928 ], [ 116.236310000000117, -2.32789 ], [ 116.23582516700003, -2.309114116999979 ], [ 116.162486935000061, -2.306570305999969 ], [ 116.154223875000071, -2.308465923999961 ], [ 116.149694664000094, -2.324131337999972 ], [ 116.113609752000116, -2.337747651999962 ], [ 116.104879, -2.326985 ], [ 116.07966513000008, -2.336413025999946 ], [ 116.063068562000012, -2.325729678999949 ], [ 116.045144979000042, -2.328722149999976 ], [ 116.033041004000097, -2.307385592999935 ], [ 116.013978123000015, -2.322203747999936 ], [ 116.003953601000035, -2.31530803499993 ], [ 115.945963291000112, -2.329932603999964 ], [ 115.92602497200005, -2.325267302999976 ], [ 115.911609394000038, -2.336123494999924 ], [ 115.889827122000042, -2.337127309999971 ], [ 115.887513036000087, -2.374272083999927 ], [ 115.873973903000092, -2.370679097999925 ], [ 115.857281983, -2.386044466999977 ], [ 115.835490556000082, -2.389861388999975 ], [ 115.831407995000063, -2.333090683999956 ], [ 115.816950677000023, -2.317249382999933 ], [ 115.83308283100007, -2.295563203999961 ], [ 115.809850017000031, -2.277209304999928 ], [ 115.811033200000111, -2.237556051999945 ], [ 115.785084710000092, -2.21552810999998 ], [ 115.7973611110001, -2.17244444399995 ], [ 115.791673030000084, -2.163079082999957 ], [ 115.797249320000105, -2.107945381999969 ], [ 115.814678109000056, -2.09806132999995 ], [ 115.813396983000075, -2.070392940999966 ], [ 115.807580556000062, -2.06135833299993 ], [ 115.802166667000051, -2.067222221999941 ], [ 115.781777778000105, -2.053444443999979 ], [ 115.748875401000078, -2.064445685999942 ], [ 115.721727954000016, -2.062669246999974 ], [ 115.713400964000016, -2.049447888999964 ], [ 115.701472067000054, -2.05048740899997 ], [ 115.694881745000089, -2.040848380999932 ], [ 115.713339444000098, -2.022846763999951 ], [ 115.718980085000112, -1.998384714999929 ], [ 115.710583333000045, -1.98 ], [ 115.694163891000017, -1.977398001999973 ], [ 115.719240599000045, -1.927418343999932 ], [ 115.727549136000107, -1.924837747999959 ], [ 115.71930695900005, -1.91217766699998 ], [ 115.732381259000022, -1.861164635999955 ], [ 115.721401130000118, -1.828893301999926 ], [ 115.728442341000118, -1.799239480999972 ], [ 115.70753, -1.78849 ], [ 115.69131, -1.80478 ], [ 115.679492795000101, -1.793260410999949 ], [ 115.69, -1.78 ], [ 115.690086536000081, -1.750970898999981 ], [ 115.707135926000092, -1.733323528999961 ], [ 115.665236507000031, -1.706666492999943 ], [ 115.676857401, -1.656475307999926 ], [ 115.669792844000085, -1.628700870999978 ], [ 115.651658680000082, -1.622389795999936 ], [ 115.654467639000018, -1.612471607999964 ], [ 115.636208154000087, -1.604043354999931 ], [ 115.639782925000077, -1.586227727999926 ], [ 115.6299924220001, -1.575865109999938 ], [ 115.640156833000106, -1.561084991999962 ], [ 115.629154091000032, -1.561881537999966 ], [ 115.635999489000028, -1.54832805999996 ], [ 115.632312646000059, -1.529874568999958 ], [ 115.655487496000092, -1.512695248999933 ], [ 115.620945923000022, -1.514871275999951 ], [ 115.627515519000099, -1.503841010999963 ], [ 115.61693359700007, -1.500212043999966 ], [ 115.621112253000092, -1.477482660999954 ], [ 115.634936498000116, -1.463922514999979 ], [ 115.663558343000091, -1.461461597999971 ], [ 115.688802991000102, -1.44880470399994 ], [ 115.694787073000043, -1.416065655999944 ], [ 115.709142418000056, -1.411867843999971 ], [ 115.723112258000015, -1.374194133999936 ], [ 115.737378847000059, -1.364704460999974 ], [ 115.751803055000096, -1.333524517999933 ], [ 115.766817978000063, -1.294310885999948 ], [ 115.760918666000066, -1.274614213999939 ], [ 115.777217958000051, -1.231157128999939 ], [ 115.824875962000078, -1.178614918999926 ], [ 115.849358830000028, -1.171768564999979 ], [ 115.843377606000104, -1.110017204999963 ], [ 115.875129, -1.101335 ], [ 115.895259, -1.105174 ], [ 115.903452, -1.137604 ], [ 115.917879, -1.142253 ], [ 115.9224, -1.154065 ], [ 115.95179, -1.125632 ], [ 115.978889, -1.11325 ], [ 115.985333, -1.081806 ], [ 116.012612584000067, -1.08112273699993 ], [ 116.018613585000026, -1.092709918999958 ], [ 116.075644538, -1.07623857599998 ], [ 116.093008668000039, -1.085783173999971 ], [ 116.115337127000089, -1.082697674999963 ], [ 116.133290953000028, -1.092717188999927 ], [ 116.139337309000098, -1.088465450999934 ], [ 116.212086407000015, -1.10409053799998 ], [ 116.228949420000049, -1.086377950999974 ], [ 116.248249875000056, -1.084870873999932 ], [ 116.262137, -1.055996 ], [ 116.299585, -1.051897 ], [ 116.315417, -1.029972 ], [ 116.370008349000045, -0.996255596999958 ], [ 116.384456000000114, -0.966466 ], [ 116.398611, -0.972802 ] ] ] ] } },
{ "type": "Feature", "properties": { "kemendagri_kab_code": 6402, "kemendagri_kab_name": "Kabupaten Kutai Kartanegara", "kemendagri_prov_code": 64, "kemendagri_prov_name": "Kalimantan Timur" }, "geometry": { "type": "MultiPolygon", "coordinates": [ [ [ [ 117.369298812000011, -0.893986926999958 ], [ 117.36213663400008, -0.889561128999958 ], [ 117.36177955200003, -0.873273351999956 ], [ 117.375570913000047, -0.847211603999938 ], [ 117.39288878800005, -0.877284696999936 ], [ 117.369298812000011, -0.893986926999958 ] ] ], [ [ [ 117.259808867000061, -0.850014980999958 ], [ 117.263753917000031, -0.884025000999941 ], [ 117.261661415000049, -0.886045467999963 ], [ 117.255623290000017, -0.881083570999976 ], [ 117.259808867000061, -0.850014980999958 ] ] ], [ [ [ 117.263527470000099, -0.829633943999966 ], [ 117.276140384000087, -0.831999289999942 ], [ 117.264320791000046, -0.844725737999966 ], [ 117.275105124000106, -0.844763683999929 ], [ 117.275464, -0.887775 ], [ 117.267885143000058, -0.883869319999974 ], [ 117.269916558000091, -0.850962781999954 ], [ 117.264408772000024, -0.845395321999945 ], [ 117.269543089000081, -0.854855430999976 ], [ 117.26477055700002, -0.856087105999961 ], [ 117.26285043300004, -0.839942641999926 ], [ 117.263527470000099, -0.829633943999966 ] ] ], [ [ [ 117.258863741000027, -0.847409099999936 ], [ 117.256485654000016, -0.851894398999946 ], [ 117.256504231, -0.84738746499994 ], [ 117.258863741000027, -0.847409099999936 ] ] ], [ [ [ 117.340125710000052, -0.781471174999979 ], [ 117.37354813200011, -0.838760032999971 ], [ 117.356638493000105, -0.875234790999968 ], [ 117.358056652000073, -0.896821260999957 ], [ 117.336676186000091, -0.911064804999967 ], [ 117.318976384000052, -0.888388450999969 ], [ 117.310957600000052, -0.856513191999966 ], [ 117.347063542000114, -0.834684016999972 ], [ 117.345393160000071, -0.817394852999939 ], [ 117.329624472000091, -0.794042822999927 ], [ 117.340125710000052, -0.781471174999979 ] ] ], [ [ [ 117.258683344000019, -0.845390726999938 ], [ 117.256646314000022, -0.843530113999975 ], [ 117.258515830000078, -0.841804402999969 ], [ 117.258683344000019, -0.845390726999938 ] ] ], [ [ [ 117.257818458000088, -0.841965159999972 ], [ 117.25675245900004, -0.840670732999968 ], [ 117.258153486000083, -0.839170720999959 ], [ 117.257818458000088, -0.841965159999972 ] ] ], [ [ [ 117.285606853000104, -0.796031902999971 ], [ 117.302492920000077, -0.848087913999962 ], [ 117.285258277000025, -0.876483400999973 ], [ 117.275880904000019, -0.855050483999946 ], [ 117.287919410000086, -0.825399981999965 ], [ 117.280270916000063, -0.811555142999964 ], [ 117.285606853000104, -0.796031902999971 ] ] ], [ [ [ 117.257479955, -0.832513097999936 ], [ 117.25511837800002, -0.828606327999978 ], [ 117.257215767000048, -0.824721030999967 ], [ 117.257479955, -0.832513097999936 ] ] ], [ [ [ 117.275865211000109, -0.809732053999937 ], [ 117.28559606400006, -0.827636024999947 ], [ 117.268682734000095, -0.84453104499994 ], [ 117.278937004000113, -0.833819530999961 ], [ 117.271902401000034, -0.82553648499993 ], [ 117.263441804000081, -0.828747067999927 ], [ 117.264060329000017, -0.818378424999935 ], [ 117.275865211000109, -0.809732053999937 ] ] ], [ [ [ 117.361258713000097, -0.812541757999952 ], [ 117.360299294000015, -0.813442567999971 ], [ 117.359204741000099, -0.810672875999956 ], [ 117.361258713000097, -0.812541757999952 ] ] ], [ [ [ 117.277490451000062, -0.808672 ], [ 117.278204927000047, -0.810538756999961 ], [ 117.276265310000099, -0.809400643999936 ], [ 117.277490451000062, -0.808672 ] ] ], [ [ [ 117.275681648000045, -0.803393469999946 ], [ 117.275498162000076, -0.808136969999964 ], [ 117.266396240000063, -0.809850691999941 ], [ 117.275681648000045, -0.803393469999946 ] ] ], [ [ [ 117.339072821000059, -0.781855027999939 ], [ 117.338597462000052, -0.780809334999958 ], [ 117.339921590000017, -0.780862987999967 ], [ 117.339072821000059, -0.781855027999939 ] ] ], [ [ [ 117.29286649200003, -0.764628207999976 ], [ 117.295828468000082, -0.772248691999948 ], [ 117.288806555000065, -0.782068271999947 ], [ 117.288220517000013, -0.791990795999936 ], [ 117.286650481000038, -0.776868641999954 ], [ 117.29286649200003, -0.764628207999976 ] ] ], [ [ [ 117.353449276000106, -0.781480321999936 ], [ 117.347075846000052, -0.774539370999946 ], [ 117.343394408000108, -0.767446842999959 ], [ 117.350021905000062, -0.770448031999933 ], [ 117.353449276000106, -0.781480321999936 ] ] ], [ [ [ 117.339604036000082, -0.774871453999936 ], [ 117.330758785000057, -0.767146373999935 ], [ 117.331329216000086, -0.762996855999972 ], [ 117.337603961000013, -0.768886032999944 ], [ 117.339604036000082, -0.774871453999936 ] ] ], [ [ [ 117.302811077000115, -0.696654087999946 ], [ 117.303686595000045, -0.70372991399995 ], [ 117.308360356000094, -0.706094969999924 ], [ 117.310929535000014, -0.706442737999964 ], [ 117.305408577000094, -0.709661476999941 ], [ 117.307177903000024, -0.712265742999932 ], [ 117.311943217000021, -0.712409044999958 ], [ 117.308153166000011, -0.717139320999934 ], [ 117.308272213, -0.719408572999953 ], [ 117.312567039000101, -0.724387244999946 ], [ 117.317413012000088, -0.721658050999963 ], [ 117.311057543000061, -0.728392524999947 ], [ 117.311947127000053, -0.731983063999962 ], [ 117.317806439000037, -0.734175307999976 ], [ 117.313804890000029, -0.738032604999944 ], [ 117.314579462000097, -0.761001636999936 ], [ 117.320440645000076, -0.769685679999952 ], [ 117.314206131000105, -0.77615452799995 ], [ 117.323578017000045, -0.786540371999934 ], [ 117.31470876000003, -0.796131259999925 ], [ 117.341442976000053, -0.827121586999965 ], [ 117.338842609000039, -0.837206802999958 ], [ 117.317812970000091, -0.833883678999939 ], [ 117.309107427000072, -0.839804556999979 ], [ 117.300754912000116, -0.805097566999962 ], [ 117.292482743000051, -0.798451960999955 ], [ 117.298490872000116, -0.771099775999971 ], [ 117.291869351000059, -0.726049973999977 ], [ 117.302811077000115, -0.696654087999946 ] ] ], [ [ [ 117.37758046600004, -0.768206867999936 ], [ 117.375334392000013, -0.767969208999943 ], [ 117.377936985000019, -0.767529540999931 ], [ 117.37758046600004, -0.768206867999936 ] ] ], [ [ [ 117.301596145000076, -0.615357956999958 ], [ 117.322892372000069, -0.632137841999963 ], [ 117.320146717000057, -0.633406994999973 ], [ 117.320018723000089, -0.640061579999951 ], [ 117.324184963000107, -0.643762025999933 ], [ 117.323405136000019, -0.645514286999969 ], [ 117.320256902000096, -0.646371443999953 ], [ 117.319895553000038, -0.647735893999936 ], [ 117.327386578000073, -0.659507780999945 ], [ 117.329103435000093, -0.660086948999947 ], [ 117.331088137000052, -0.659379787999967 ], [ 117.335937097000055, -0.655279881999945 ], [ 117.338234198, -0.656572339999968 ], [ 117.33790255800011, -0.661883526999929 ], [ 117.328704302, -0.665372332999937 ], [ 117.328140914000073, -0.66789472399995 ], [ 117.332687589000102, -0.670709441999975 ], [ 117.339431237000099, -0.670871748999957 ], [ 117.344158890000017, -0.677305752999928 ], [ 117.361375275000114, -0.685644218999926 ], [ 117.361803888000054, -0.693533892999938 ], [ 117.363316342000076, -0.695190231999959 ], [ 117.378068552000059, -0.693829433999952 ], [ 117.375129454000103, -0.717813594999939 ], [ 117.389564797000048, -0.736579094999968 ], [ 117.380973158000074, -0.738412068999935 ], [ 117.37230205700007, -0.751666359999945 ], [ 117.378459632000045, -0.765381821999938 ], [ 117.378074573000049, -0.767227411999954 ], [ 117.376112764000027, -0.76682544099998 ], [ 117.371419207000031, -0.771859842999959 ], [ 117.371476808000011, -0.777963819999968 ], [ 117.374380510000037, -0.780986825999946 ], [ 117.390894865000064, -0.77815594499998 ], [ 117.411292347000085, -0.840532292999967 ], [ 117.434165278000023, -0.844142773999977 ], [ 117.447832904000052, -0.888498759999948 ], [ 117.441325652000046, -0.892690818999938 ], [ 117.436187055, -0.871274400999937 ], [ 117.432798429000059, -0.866719106999938 ], [ 117.425389603000099, -0.867390723999961 ], [ 117.427186567000035, -0.863380086999939 ], [ 117.426684963000071, -0.861103693999951 ], [ 117.41997554000011, -0.864734493999947 ], [ 117.415498032000073, -0.870732655999973 ], [ 117.416692974000057, -0.873064947999978 ], [ 117.422510931000033, -0.87558175099997 ], [ 117.42386978400009, -0.880906868999944 ], [ 117.409980480000058, -0.884419998999931 ], [ 117.39990440400004, -0.855976661999932 ], [ 117.377841276000026, -0.819607150999957 ], [ 117.362224015000038, -0.80385334999994 ], [ 117.353376387000026, -0.77548302699995 ], [ 117.350635940000075, -0.770911673999933 ], [ 117.348836705000053, -0.768720464999944 ], [ 117.33396983800003, -0.757315225999946 ], [ 117.332234776000064, -0.750541939999948 ], [ 117.33308583400003, -0.741270002999954 ], [ 117.330959011000118, -0.728013691999934 ], [ 117.319783053000037, -0.685291795999944 ], [ 117.300544546000083, -0.629841289999945 ], [ 117.301596145000076, -0.615357956999958 ] ] ], [ [ [ 117.318349925, -0.698478720999958 ], [ 117.329260868, -0.766188015999944 ], [ 117.338340233000054, -0.776359786999933 ], [ 117.324269593000054, -0.801979230999962 ], [ 117.327977397000041, -0.784654039999964 ], [ 117.319991358000038, -0.779544401999942 ], [ 117.323889306000069, -0.769467701999929 ], [ 117.318042384000023, -0.762361712999962 ], [ 117.32114806800007, -0.74353216399993 ], [ 117.318151097000055, -0.732214816999942 ], [ 117.313176415000044, -0.730702329999929 ], [ 117.318096663, -0.721739389999925 ], [ 117.308644318, -0.718871154999931 ], [ 117.312649454000052, -0.712447295999937 ], [ 117.305936505000091, -0.709711235999976 ], [ 117.311328975000038, -0.706316387999948 ], [ 117.304367755000044, -0.703651323999964 ], [ 117.306206829000075, -0.698602367999968 ], [ 117.301314264000098, -0.69507729299994 ], [ 117.307945074000031, -0.676344961999973 ], [ 117.318349925, -0.698478720999958 ] ] ], [ [ [ 117.330939374000081, -0.746406487999934 ], [ 117.326006389000099, -0.729909268999961 ], [ 117.32644360300003, -0.725466473999973 ], [ 117.332113481000079, -0.738621991999935 ], [ 117.330939374000081, -0.746406487999934 ] ] ], [ [ [ 117.320414988000039, -0.63358587099998 ], [ 117.37015571500001, -0.666708092999954 ], [ 117.383378736000054, -0.693803937999974 ], [ 117.381191956000066, -0.704456153999956 ], [ 117.37831574900008, -0.692546381999932 ], [ 117.364229394000063, -0.694519918999958 ], [ 117.361023233000083, -0.684073963999936 ], [ 117.339431171000115, -0.669914257999949 ], [ 117.32896839600005, -0.667655294999975 ], [ 117.337309640000058, -0.662972593999939 ], [ 117.338838563000081, -0.661210992999941 ], [ 117.339153472000021, -0.658426542999962 ], [ 117.33808904600005, -0.655054087999929 ], [ 117.335511372000042, -0.65396272199996 ], [ 117.328206934000036, -0.659401763999938 ], [ 117.320430653000017, -0.647692880999955 ], [ 117.3237687190001, -0.645775176999962 ], [ 117.324742745000094, -0.64311089499995 ], [ 117.320414988000039, -0.63358587099998 ] ] ], [ [ [ 117.361917001000052, -0.655808 ], [ 117.359105000000113, -0.655374 ], [ 117.358917, -0.654279 ], [ 117.361917001000052, -0.655808 ] ] ], [ [ [ 117.348954705000097, -0.58509288099998 ], [ 117.356545660000052, -0.586082278999925 ], [ 117.345369571000106, -0.586577425999963 ], [ 117.348954705000097, -0.58509288099998 ] ] ], [ [ [ 117.313490197000078, -0.56967672199994 ], [ 117.319977881000113, -0.574442242999964 ], [ 117.310565526, -0.571603077999953 ], [ 117.313490197000078, -0.56967672199994 ] ] ], [ [ [ 115.980923, 1.5298 ], [ 116.007663605000062, 1.52590391800004 ], [ 116.020568779000087, 1.51602334100005 ], [ 116.0420981420001, 1.516622965000067 ], [ 116.066588806000027, 1.499982274000047 ], [ 116.092060384000092, 1.49989914400004 ], [ 116.131199903000038, 1.478117449000024 ], [ 116.152844795000078, 1.489696028000026 ], [ 116.154347788000109, 1.45050440600005 ], [ 116.140981025000087, 1.413805526000033 ], [ 116.174652562, 1.381352992000075 ], [ 116.158527439000068, 1.362742777000051 ], [ 116.147904076000032, 1.295216560000028 ], [ 116.129868830000078, 1.286508267000045 ], [ 116.129930818000048, 1.274838301000045 ], [ 116.112194737000095, 1.270631189000028 ], [ 116.110704773000066, 1.257515825000041 ], [ 116.094786111000076, 1.248332062000031 ], [ 116.080616717000112, 1.211427797000056 ], [ 116.062452962000066, 1.196654427000055 ], [ 116.064196428000059, 1.176850530000024 ], [ 116.04905073000009, 1.179501209000023 ], [ 116.030160323000018, 1.168581281000058 ], [ 116.037066182000103, 1.139501335000034 ], [ 116.031821538000031, 1.128359225000054 ], [ 116.053940762000025, 1.070631124000045 ], [ 116.049733711000044, 1.061255022000068 ], [ 116.074312993000035, 1.024317991000032 ], [ 116.065348617000041, 1.010521804000064 ], [ 116.040390122000076, 1.006840901000032 ], [ 116.047052310000026, 0.991314595000063 ], [ 116.029024640000102, 0.97138779900007 ], [ 116.0421905070001, 0.953369054000063 ], [ 116.047072073000095, 0.919590345000074 ], [ 116.062459483000112, 0.913487919000033 ], [ 116.06811393800001, 0.901828323000075 ], [ 116.03943601800006, 0.887797420000027 ], [ 116.03958646000001, 0.875493603000052 ], [ 116.026635950000014, 0.869223505000036 ], [ 116.032248632, 0.852104864000069 ], [ 116.015980853000087, 0.834444161000022 ], [ 115.992617908000057, 0.826900311000031 ], [ 115.972119709000026, 0.83493495700003 ], [ 115.968103233000079, 0.820918720000066 ], [ 115.991112125000086, 0.80327926800004 ], [ 115.993865391000099, 0.780271633000041 ], [ 116.01120559900005, 0.770812845000023 ], [ 116.014970873000038, 0.777637147000064 ], [ 116.032748412000046, 0.775069741000038 ], [ 116.059754790000056, 0.806495453000025 ], [ 116.07566732500004, 0.809410532000072 ], [ 116.086751469000092, 0.799948142000062 ], [ 116.085117694000019, 0.787712397000064 ], [ 116.100488630000086, 0.781707710000035 ], [ 116.123426223000024, 0.754827421000073 ], [ 116.147036950000029, 0.749895963000029 ], [ 116.138433743000064, 0.737528996000037 ], [ 116.142385519000072, 0.722491790000049 ], [ 116.170469699000023, 0.73263193300005 ], [ 116.180055442000025, 0.719301059000031 ], [ 116.200336079000067, 0.720513090000054 ], [ 116.224380049000047, 0.709775017000027 ], [ 116.236972222000077, 0.652416667000068 ], [ 116.250515750000091, 0.639731171000051 ], [ 116.242017673000078, 0.631985695000026 ], [ 116.273875519000057, 0.583768444000043 ], [ 116.254167466000013, 0.565730230000042 ], [ 116.255848043000015, 0.552545620000046 ], [ 116.264299158000085, 0.552872673000024 ], [ 116.262317430000053, 0.529061628000022 ], [ 116.285570324000105, 0.511510885000064 ], [ 116.279617037000094, 0.504046606000031 ], [ 116.288264, 0.465243 ], [ 116.32347, 0.458374 ], [ 116.334299000000101, 0.449077 ], [ 116.337422, 0.431473 ], [ 116.361563, 0.4133 ], [ 116.402211, 0.356169 ], [ 116.470797, 0.309043 ], [ 116.476332654000089, 0.295002128000021 ], [ 116.459470286000055, 0.295017506000022 ], [ 116.45925795200003, 0.289543332000051 ], [ 116.469219511, 0.183895938000035 ], [ 116.652472000000103, 0.183889 ], [ 116.776639, 0.22725 ], [ 116.803642579000098, 0.225985889000071 ], [ 116.826391564, 0.235943684000063 ], [ 116.851613056000019, 0.270546345000071 ], [ 116.847757850000107, 0.300152290000028 ], [ 116.876586626000062, 0.36613886400005 ], [ 116.8739, 0.389605 ], [ 116.904034093000064, 0.390037280000058 ], [ 116.938349006000067, 0.434653446000027 ], [ 116.947306742000023, 0.521975076000047 ], [ 116.94028, 0.539848 ], [ 116.964890482000101, 0.540869599000075 ], [ 116.963480348000076, 0.556982168000047 ], [ 116.993108016000065, 0.583307528000034 ], [ 117.000208980000025, 0.56551089800007 ], [ 117.009382427000105, 0.56230333600007 ], [ 117.009784102000026, 0.550126043000034 ], [ 117.024996268000109, 0.545188178000046 ], [ 117.056783799000073, 0.476074245000063 ], [ 117.074230181000075, 0.464822484000024 ], [ 117.078553522000107, 0.44832953100007 ], [ 117.10666930900004, 0.438202463000039 ], [ 117.144371697000111, 0.370571403000042 ], [ 117.1829237500001, 0.349380641000039 ], [ 117.214458012000023, 0.349637007000069 ], [ 117.215652448000014, 0.339410125000029 ], [ 117.195854225000062, 0.309030381000071 ], [ 117.200117710000086, 0.302713553000046 ], [ 117.176635880000049, 0.274177910000049 ], [ 117.181854724000118, 0.205398928000022 ], [ 117.172627778000106, 0.150955556000042 ], [ 117.207586467000056, 0.118609132000074 ], [ 117.21005845500008, 0.082821916000057 ], [ 117.220200137, 0.076583826000046 ], [ 117.225164894000045, 0.085876355000039 ], [ 117.231736928000032, 0.08309956100004 ], [ 117.247277350000104, 0.05735168700005 ], [ 117.261765444000048, 0.052230922000035 ], [ 117.259343872000045, 0.043088158000046 ], [ 117.284102164000046, 0.033860608000055 ], [ 117.306790325000065, 0.033337126000049 ], [ 117.336666837000053, 0.050997486000028 ], [ 117.339617369000052, 0.033865367000033 ], [ 117.348849679000068, 0.027792982000051 ], [ 117.366952616000049, 0.031219407000037 ], [ 117.370661, 0.022823 ], [ 117.516643383000087, 0.022446327000068 ], [ 117.506554471000072, 0.002768184000047 ], [ 117.518343135, -0.03115736899997 ], [ 117.476141772, -0.07728067499994 ], [ 117.442500022000104, -0.201944997999931 ], [ 117.425951819000034, -0.22210045099996 ], [ 117.436791432000064, -0.208321447999936 ], [ 117.432442441000035, -0.204315037999947 ], [ 117.423882839000044, -0.208288821999929 ], [ 117.416773929000101, -0.223417254999958 ], [ 117.425584968000067, -0.273954964999973 ], [ 117.452542984000047, -0.303732842999977 ], [ 117.446909457000061, -0.323982379999961 ], [ 117.452914025000041, -0.355982483999981 ], [ 117.464617977000103, -0.37145963699993 ], [ 117.458022784000036, -0.387068299999953 ], [ 117.445093890000066, -0.378978248999942 ], [ 117.43666293900003, -0.379656832999956 ], [ 117.434541424000031, -0.383909751999965 ], [ 117.437257074000058, -0.390920844999926 ], [ 117.428547737000031, -0.396918724999978 ], [ 117.430556159000048, -0.415146083999957 ], [ 117.438043057000073, -0.421266663999972 ], [ 117.42482325900005, -0.428636931999961 ], [ 117.424905155000033, -0.43405033199997 ], [ 117.438511224000081, -0.439313298999934 ], [ 117.443082311000012, -0.437086886999964 ], [ 117.444711851000079, -0.442072507999967 ], [ 117.454148923000048, -0.446907480999926 ], [ 117.454917060000071, -0.455443616999958 ], [ 117.437020383000117, -0.483697104999976 ], [ 117.431601422000085, -0.512119010999925 ], [ 117.412325029000044, -0.539204278999932 ], [ 117.39127729300003, -0.546863319999943 ], [ 117.369012570000109, -0.568604008999955 ], [ 117.348024609000049, -0.574761074999969 ], [ 117.347319922000111, -0.576812798999924 ], [ 117.350298401000032, -0.579335176999962 ], [ 117.312984196000116, -0.567719767999961 ], [ 117.275970096000037, -0.576917708999929 ], [ 117.275081503000024, -0.583519588999934 ], [ 117.235896992000107, -0.575575044999937 ], [ 117.238365269000042, -0.556548866999947 ], [ 117.251748690000113, -0.55033360799996 ], [ 117.257041955000091, -0.555143614999963 ], [ 117.255343979000031, -0.550437581999972 ], [ 117.26757279800006, -0.559770252999954 ], [ 117.2627777780001, -0.530666666999934 ], [ 117.269500000000107, -0.525555555999972 ], [ 117.257194444000106, -0.523805555999957 ], [ 117.270564578000062, -0.469900349999932 ], [ 117.262354, -0.438184 ], [ 117.268982282000024, -0.422605389999944 ], [ 117.295088971000041, -0.402413973999955 ], [ 117.298230008000019, -0.383157043999972 ], [ 117.292245984000033, -0.365867968999964 ], [ 117.280660035000096, -0.360151040999938 ], [ 117.261965020000048, -0.36534500199997 ], [ 117.233595981, -0.357372998999949 ], [ 117.238750985000024, -0.337688016999948 ], [ 117.225726024000096, -0.314399954999942 ], [ 117.206287, -0.323476 ], [ 117.142922000000112, -0.320182 ], [ 117.138492043000042, -0.340768523999941 ], [ 117.147706, -0.343547 ], [ 117.149205971000015, -0.352795968999942 ], [ 117.132991016, -0.362820015999944 ], [ 117.12780800500002, -0.408436002999963 ], [ 117.073946124000031, -0.428631243999973 ], [ 117.065522796000096, -0.439718264999954 ], [ 117.05886569900008, -0.46180267699998 ], [ 117.06513, -0.47896 ], [ 117.054580009, -0.513878980999948 ], [ 117.067536455000095, -0.533019944999978 ], [ 117.054166002000102, -0.550649957999951 ], [ 117.071552778000068, -0.580872221999925 ], [ 117.0698680590001, -0.591535596999961 ], [ 117.083003230000031, -0.576100619999977 ], [ 117.090929982000034, -0.576915962999976 ], [ 117.092642530000035, -0.593053059999932 ], [ 117.114208001000065, -0.598521037999944 ], [ 117.145352678000108, -0.620721901999957 ], [ 117.126191019000089, -0.664556008999966 ], [ 117.145511, -0.672964 ], [ 117.162220995000098, -0.716540984999938 ], [ 117.184930667000117, -0.712146232999942 ], [ 117.191253618000019, -0.682096573999956 ], [ 117.225734704000047, -0.66204866399994 ], [ 117.233434640000041, -0.649713537999958 ], [ 117.228290245000039, -0.637349857999936 ], [ 117.26224753300005, -0.61729932999998 ], [ 117.272764320000078, -0.596224569999947 ], [ 117.28966704100003, -0.60942485299995 ], [ 117.302781261000064, -0.67871738499997 ], [ 117.288404989000014, -0.72096610899996 ], [ 117.28117145300007, -0.79262393099998 ], [ 117.25233120300004, -0.810458728999947 ], [ 117.248780062000037, -0.907150355999931 ], [ 117.203137415000015, -0.928065041999957 ], [ 117.170256999000117, -0.953174998999941 ], [ 117.145115832000101, -0.993628179999973 ], [ 117.120388152000032, -1.016730000999928 ], [ 117.064835192000032, -1.106442500999947 ], [ 117.022701691000066, -1.140653243999964 ], [ 117.000859000000105, -1.125173 ], [ 116.945303134000028, -1.126074899999935 ], [ 116.94063888900007, -1.120583332999956 ], [ 116.946665411000026, -1.116887179999935 ], [ 116.930665073000114, -1.109887482999966 ], [ 116.901839000000109, -1.063252 ], [ 116.860436, -1.05872 ], [ 116.838991, -1.047538 ], [ 116.843197349000093, -1.020873851999966 ], [ 116.873933, -1.009016 ], [ 116.874257, -0.9897 ], [ 116.90485761900004, -0.985449427999924 ], [ 116.90910537100001, -0.968831726999952 ], [ 116.93111061400009, -0.951561285999958 ], [ 116.938240670000027, -0.926012748999938 ], [ 116.932231464000097, -0.918613509999943 ], [ 116.945133, -0.906677 ], [ 116.945161381000048, -0.879597752999928 ], [ 116.924093429000095, -0.879697980999936 ], [ 116.904373217000057, -0.895637523999937 ], [ 116.887228240000013, -0.891353422999941 ], [ 116.895605853, -0.86648323999998 ], [ 116.884026, -0.850593 ], [ 116.86717942100006, -0.834019646999934 ], [ 116.830893512000102, -0.823766028999955 ], [ 116.825166257000092, -0.809755285999927 ], [ 116.806837057000052, -0.80604686199996 ], [ 116.792742098000076, -0.822101644999975 ], [ 116.772474450000118, -0.825756386999956 ], [ 116.773296944000094, -0.801376110999968 ], [ 116.735331089000056, -0.825850124999931 ], [ 116.734108915000093, -0.806039012999975 ], [ 116.725859, -0.800252356999977 ], [ 116.71134, -0.807363357999975 ], [ 116.684165, -0.798307356999942 ], [ 116.651227, -0.825184356999955 ], [ 116.64741, -0.850212357999965 ], [ 116.628341, -0.876328356999977 ], [ 116.602444000000105, -0.882765356999926 ], [ 116.588628, -0.873405356999967 ], [ 116.590976, -0.864305357999967 ], [ 116.568330557000081, -0.859895632999951 ], [ 116.572219, -0.831210356999975 ], [ 116.564107, -0.81265635699998 ], [ 116.554996, -0.81002635699997 ], [ 116.539254, -0.813248356999964 ], [ 116.532032, -0.826210356999979 ], [ 116.514014, -0.827053356999954 ], [ 116.516705000000115, -0.845793356999934 ], [ 116.5008610000001, -0.858139 ], [ 116.49064695800007, -0.807069945999956 ], [ 116.500844456000095, -0.783084466999981 ], [ 116.508696965000013, -0.784801189999939 ], [ 116.505838158000074, -0.765299067999933 ], [ 116.521864434, -0.753336300999933 ], [ 116.495919782000101, -0.75183369299998 ], [ 116.484848, -0.734826 ], [ 116.455, -0.73505 ], [ 116.44936804800011, -0.712179245999948 ], [ 116.409497000000101, -0.659312 ], [ 116.375000000000114, -0.632569 ], [ 116.375000000000114, -0.615903 ], [ 116.32, -0.534199 ], [ 116.287, -0.52406 ], [ 116.250568203000057, -0.485929964999968 ], [ 116.265846206000106, -0.449683018999963 ], [ 116.235375, -0.42515 ], [ 116.232833333000031, -0.407861110999931 ], [ 116.236225000000104, -0.400338888999954 ], [ 116.289650735, -0.39979199499993 ], [ 116.303137786000093, -0.385795421999944 ], [ 116.322499640000046, -0.39019000299993 ], [ 116.301287778000074, -0.348510555999951 ], [ 116.306385541000054, -0.32984546199998 ], [ 116.277394022000067, -0.289036092999936 ], [ 116.164951668000072, -0.21396797999995 ], [ 116.160905719000084, -0.178283902999965 ], [ 116.065500861000032, -0.167823547999944 ], [ 116.034123085000033, -0.145663853999963 ], [ 116.007, -0.102638888999934 ], [ 115.99825, -0.104083332999949 ], [ 115.98873096300008, -0.090519140999959 ], [ 115.971279152000079, -0.084320799999944 ], [ 115.977011111000024, -0.074352499999975 ], [ 115.960790700000075, -0.057843964999961 ], [ 115.947690438000109, -0.01950902699997 ], [ 115.966568541000015, 0.001970517000075 ], [ 115.967700530000116, 0.023036679000029 ], [ 115.978634184000043, 0.014652540000043 ], [ 115.989337762000105, 0.020679426000072 ], [ 115.99403299800008, 0.060685078000063 ], [ 115.976633998000011, 0.07353507800002 ], [ 115.981423998000082, 0.085821078000038 ], [ 115.975473998000098, 0.10641707800005 ], [ 115.961809998000035, 0.100603078000063 ], [ 115.959076998000114, 0.108844078000061 ], [ 115.947223998000027, 0.109577078000029 ], [ 115.947583998000027, 0.116801078000037 ], [ 115.902262998000083, 0.122657078000032 ], [ 115.875777998000103, 0.166411078000067 ], [ 115.86143499800005, 0.169905078000056 ], [ 115.850734998, 0.186274078000054 ], [ 115.83818799800008, 0.185947078000027 ], [ 115.827229998, 0.218785078000053 ], [ 115.804520998000044, 0.20887607800006 ], [ 115.795957998000063, 0.213058078000074 ], [ 115.792024402000038, 0.231615224000052 ], [ 115.764571954000075, 0.230000031000031 ], [ 115.76764399800004, 0.25742907800003 ], [ 115.78179999800011, 0.28445307800007 ], [ 115.750011998000105, 0.306098078000048 ], [ 115.730542998000033, 0.31110707800002 ], [ 115.723393998, 0.30540707800003 ], [ 115.703082998000014, 0.314126078000072 ], [ 115.692045998000026, 0.329349078000064 ], [ 115.674751, 0.334829 ], [ 115.671536, 0.343173 ], [ 115.684516, 0.359362 ], [ 115.70562, 0.369808 ], [ 115.7147930000001, 0.384059 ], [ 115.768316471000048, 0.40491705900007 ], [ 115.747647, 0.441616 ], [ 115.754394, 0.484817 ], [ 115.741633, 0.493085 ], [ 115.734911, 0.51921 ], [ 115.723535, 0.512235 ], [ 115.712019, 0.515948 ], [ 115.699911, 0.543813 ], [ 115.647689, 0.540318 ], [ 115.640896000000112, 0.563483 ], [ 115.663788, 0.567607 ], [ 115.673458, 0.580641 ], [ 115.647183, 0.605258 ], [ 115.651516, 0.621327 ], [ 115.636886000000118, 0.624603 ], [ 115.629489, 0.615317 ], [ 115.607801000000109, 0.63438 ], [ 115.595005, 0.635566 ], [ 115.5653, 0.700139 ], [ 115.554618, 0.702194 ], [ 115.547010000000114, 0.720616 ], [ 115.495898, 0.763219 ], [ 115.405433, 0.783897 ], [ 115.392174, 0.770619 ], [ 115.389351, 0.783933 ], [ 115.375737, 0.795109 ], [ 115.382417056, 0.808891927000047 ], [ 115.354969, 0.8171 ], [ 115.34424, 0.813291 ], [ 115.319405, 0.828285 ], [ 115.295691, 0.811069 ], [ 115.282868, 0.812752 ], [ 115.278422, 0.83931 ], [ 115.290973, 0.859579 ], [ 115.291053, 0.875569 ], [ 115.307736, 0.896454 ], [ 115.267244, 0.915134 ], [ 115.26128, 0.944989 ], [ 115.232419658000026, 0.963710659000071 ], [ 115.255383, 0.991024 ], [ 115.2497, 0.998942 ], [ 115.25576, 1.026237 ], [ 115.274937, 1.032286 ], [ 115.300004, 1.060452 ], [ 115.325361, 1.05416 ], [ 115.371353000000113, 1.07019 ], [ 115.377877, 1.10053 ], [ 115.400969, 1.109696 ], [ 115.410458, 1.137885 ], [ 115.420916, 1.139946 ], [ 115.405191, 1.180805 ], [ 115.410709000000111, 1.192655 ], [ 115.42198, 1.190666 ], [ 115.427634, 1.223154 ], [ 115.485014, 1.245363 ], [ 115.487459, 1.252468 ], [ 115.554134, 1.265406 ], [ 115.583212000000117, 1.280575 ], [ 115.646695414000078, 1.282040789000064 ], [ 115.658531641000081, 1.29013057700007 ], [ 115.685831873000097, 1.281960420000075 ], [ 115.700746, 1.264216 ], [ 115.709803738, 1.266014872000028 ], [ 115.711076066000032, 1.275303931000053 ], [ 115.724983, 1.260629 ], [ 115.764477, 1.259065 ], [ 115.776642, 1.275442 ], [ 115.773394, 1.307682 ], [ 115.807025, 1.324618 ], [ 115.831527, 1.356726 ], [ 115.835256, 1.379285 ], [ 115.856882, 1.401414 ], [ 115.854311, 1.434041 ], [ 115.91403, 1.477268 ], [ 115.957414, 1.490562 ], [ 115.964773, 1.524124 ], [ 115.980923, 1.5298 ] ] ], [ [ [ 117.426689350000061, -0.862206919999949 ], [ 117.425135129000068, -0.867646874999934 ], [ 117.436046338000097, -0.871774221999942 ], [ 117.435220577000109, -0.891731768999932 ], [ 117.424300482000035, -0.885731005999958 ], [ 117.424970320000057, -0.881037916999958 ], [ 117.423347161000038, -0.875642729999925 ], [ 117.415948745000037, -0.87155149199998 ], [ 117.426689350000061, -0.862206919999949 ] ] ], [ [ [ 117.398126156000103, -0.863741681999954 ], [ 117.397484028, -0.862978754999972 ], [ 117.397570156000029, -0.862281577999966 ], [ 117.398126156000103, -0.863741681999954 ] ] ], [ [ [ 117.398102022000103, -0.860324663999961 ], [ 117.397008091000089, -0.859648555999968 ], [ 117.396862294000016, -0.85821533799998 ], [ 117.398102022000103, -0.860324663999961 ] ] ], [ [ [ 117.382700573000079, -0.830117214999973 ], [ 117.381963520000113, -0.831254300999944 ], [ 117.381344910000053, -0.827663788999928 ], [ 117.382700573000079, -0.830117214999973 ] ] ], [ [ [ 117.469752734000053, -0.811449513999946 ], [ 117.493356633000076, -0.834917580999956 ], [ 117.49125024600005, -0.838470066999946 ], [ 117.46761463100006, -0.82899634499995 ], [ 117.469752734000053, -0.811449513999946 ] ] ], [ [ [ 117.487483266000027, -0.821066199999962 ], [ 117.473659090000069, -0.81197254999995 ], [ 117.469656024000074, -0.802795621999962 ], [ 117.480171803000076, -0.808891105999976 ], [ 117.487483266000027, -0.821066199999962 ] ] ], [ [ [ 117.387991359000011, -0.739509693999935 ], [ 117.410493216000077, -0.786755574999972 ], [ 117.433492455000078, -0.788024287999974 ], [ 117.439910339000107, -0.816088815999933 ], [ 117.417214425000111, -0.83608219599995 ], [ 117.392687729000045, -0.776646602999961 ], [ 117.373758915000053, -0.77812008199993 ], [ 117.382583360000012, -0.765966295999931 ], [ 117.375636567000015, -0.754686511999978 ], [ 117.380973294000114, -0.740008676999935 ], [ 117.387991359000011, -0.739509693999935 ] ] ], [ [ [ 117.405907982000031, -0.753244465999956 ], [ 117.466042141000116, -0.807665695999958 ], [ 117.464800265, -0.820968474999972 ], [ 117.443005034000066, -0.804546457999948 ], [ 117.4319053910001, -0.781582854999954 ], [ 117.412337219000051, -0.784589816999926 ], [ 117.405907982000031, -0.753244465999956 ] ] ], [ [ [ 117.482593938000036, -0.772868444999972 ], [ 117.492432301, -0.802395740999941 ], [ 117.467198386000064, -0.784025963999966 ], [ 117.437437285000101, -0.74611718999995 ], [ 117.442575789000102, -0.741221960999951 ], [ 117.461361581, -0.747060636999947 ], [ 117.468344691000084, -0.763829088999955 ], [ 117.482593938000036, -0.772868444999972 ] ] ], [ [ [ 117.440715827000076, -0.742418907999934 ], [ 117.437234468000042, -0.740916012999946 ], [ 117.439906986000096, -0.738732693999964 ], [ 117.440715827000076, -0.742418907999934 ] ] ], [ [ [ 117.45596630700004, -0.784141727999952 ], [ 117.381216902, -0.718674825999926 ], [ 117.386707828000112, -0.694761151999955 ], [ 117.430470566000054, -0.722013708999953 ], [ 117.435770544000093, -0.751402635999966 ], [ 117.457689281000057, -0.775426826999933 ], [ 117.45596630700004, -0.784141727999952 ] ] ], [ [ [ 117.437966641000116, -0.738742461999948 ], [ 117.435398341000109, -0.736741582999969 ], [ 117.43736716300009, -0.736147750999976 ], [ 117.437966641000116, -0.738742461999948 ] ] ], [ [ [ 117.42874766500006, -0.718312482999977 ], [ 117.427320879000035, -0.717600490999928 ], [ 117.426940356000046, -0.716906352999956 ], [ 117.42874766500006, -0.718312482999977 ] ] ], [ [ [ 117.435276231000103, -0.662735970999961 ], [ 117.471437122000111, -0.706829898999956 ], [ 117.463749206000102, -0.70075858499996 ], [ 117.44766374400001, -0.701759528999958 ], [ 117.448233996000113, -0.697192301999962 ], [ 117.438890910000055, -0.694172734999938 ], [ 117.437695507000058, -0.68835615699993 ], [ 117.434914061000086, -0.682240508999939 ], [ 117.438498311000103, -0.694775555999968 ], [ 117.432679679000103, -0.688890212999979 ], [ 117.429205256000046, -0.687933973999975 ], [ 117.425540125000111, -0.688284056999976 ], [ 117.423139658000082, -0.690252095999938 ], [ 117.44772639200005, -0.698213456999952 ], [ 117.439754479000044, -0.70915581099996 ], [ 117.442233579000117, -0.712292730999934 ], [ 117.446561272000054, -0.71218459399995 ], [ 117.447346099000015, -0.713572860999932 ], [ 117.44545586400011, -0.715260601999944 ], [ 117.445491773000072, -0.717762010999934 ], [ 117.452744891000066, -0.724284110999974 ], [ 117.440560154000082, -0.729581160999942 ], [ 117.439373388000035, -0.73143033599996 ], [ 117.423309831000097, -0.709676189999925 ], [ 117.388034928000025, -0.692359433999968 ], [ 117.384566532, -0.681086922999953 ], [ 117.395349556000042, -0.688373607999949 ], [ 117.402314233000084, -0.687456230999942 ], [ 117.408777995000037, -0.69613765899993 ], [ 117.413343560000044, -0.696955905999971 ], [ 117.415790066000113, -0.693379491999963 ], [ 117.415211746000068, -0.68762028499998 ], [ 117.408462528000086, -0.677416491999963 ], [ 117.426739144000067, -0.682671477999975 ], [ 117.435276231000103, -0.662735970999961 ] ] ], [ [ [ 117.363791067000079, -0.645918719999941 ], [ 117.360350329000084, -0.646670238999945 ], [ 117.36118731900001, -0.650185338999961 ], [ 117.365021736000017, -0.652904174999946 ], [ 117.368751325000062, -0.653092575999949 ], [ 117.369711736000113, -0.651884939999945 ], [ 117.372667450000108, -0.639263017999951 ], [ 117.37356507700008, -0.630827498999963 ], [ 117.3797911690001, -0.634125100999938 ], [ 117.381839784000022, -0.634341844999938 ], [ 117.394948438000029, -0.630255342999931 ], [ 117.412164596000025, -0.638536228999953 ], [ 117.411188155000104, -0.648153395999941 ], [ 117.420925210000064, -0.646860820999962 ], [ 117.422935369000015, -0.657513594999955 ], [ 117.432446151000022, -0.65726942799995 ], [ 117.426158287000021, -0.68055501799995 ], [ 117.418510860000083, -0.67751089799998 ], [ 117.420460144000117, -0.668636869999943 ], [ 117.415342412000086, -0.661360440999943 ], [ 117.411014763000026, -0.661676772999954 ], [ 117.404300321000051, -0.668963780999945 ], [ 117.393418938000082, -0.664742161999925 ], [ 117.395130659000074, -0.660557813999958 ], [ 117.404318775000093, -0.661974146999967 ], [ 117.407435425000017, -0.65914308899994 ], [ 117.407948757000099, -0.655667381999933 ], [ 117.406778694000081, -0.653628036999976 ], [ 117.39667724800006, -0.648918024999944 ], [ 117.399540900000034, -0.646049056999971 ], [ 117.400735435000115, -0.643614971999966 ], [ 117.396495959000049, -0.648263836999945 ], [ 117.396316357000046, -0.649754894999944 ], [ 117.405498089000048, -0.660770013999979 ], [ 117.393350871000052, -0.655462630999978 ], [ 117.389652735000027, -0.656818064999925 ], [ 117.3907558840001, -0.653383295999959 ], [ 117.386965829000019, -0.651951487999952 ], [ 117.388883066000062, -0.649933501999953 ], [ 117.386538402000042, -0.651646385999925 ], [ 117.388429168000016, -0.656565322999938 ], [ 117.395069465, -0.65856354999994 ], [ 117.391987372000017, -0.663471213999969 ], [ 117.39338758100007, -0.671671058999948 ], [ 117.385049983000044, -0.662925899999948 ], [ 117.37297167700001, -0.660875800999975 ], [ 117.378184005000094, -0.655097077999926 ], [ 117.378763540000023, -0.653057478999926 ], [ 117.378408442000023, -0.65031490399997 ], [ 117.37213578, -0.65978791799995 ], [ 117.372521117000019, -0.661464689999946 ], [ 117.375110751000079, -0.663464444999931 ], [ 117.384762478000084, -0.66367913299996 ], [ 117.395090645000096, -0.678129156999944 ], [ 117.396297814000036, -0.66843930999994 ], [ 117.40440749600009, -0.671053480999944 ], [ 117.417618366000056, -0.665637800999946 ], [ 117.41512416, -0.676336975999959 ], [ 117.407049621000056, -0.677569329999926 ], [ 117.413561713000036, -0.695411466999929 ], [ 117.402803516000063, -0.686493438999946 ], [ 117.394956577000016, -0.686479735999967 ], [ 117.377456074000065, -0.671111975999963 ], [ 117.346840995000093, -0.632380976999968 ], [ 117.342745602000036, -0.628507049999939 ], [ 117.363791067000079, -0.645918719999941 ] ] ], [ [ [ 117.310947830000032, -0.578225436999958 ], [ 117.343683642000087, -0.589956637999933 ], [ 117.378025584000056, -0.585109303999957 ], [ 117.371805487000074, -0.589370543999962 ], [ 117.369155049000028, -0.602300427999978 ], [ 117.375284139000087, -0.60716144099996 ], [ 117.379433631000097, -0.607467849999978 ], [ 117.381188993000023, -0.607244754999954 ], [ 117.37729597100008, -0.609875776999957 ], [ 117.377709819000074, -0.611393364999969 ], [ 117.379745336000042, -0.612719339999956 ], [ 117.381519206, -0.612838898999939 ], [ 117.382793671000059, -0.612106329999961 ], [ 117.383611398000085, -0.608635381999932 ], [ 117.386445789000049, -0.608917636999934 ], [ 117.387069034000092, -0.612479439999959 ], [ 117.388067860000092, -0.614384764999954 ], [ 117.382242123000083, -0.613633560999972 ], [ 117.381890344000112, -0.615606008999976 ], [ 117.383612023000069, -0.617410746999951 ], [ 117.389932521000105, -0.620469450999963 ], [ 117.393151664000015, -0.614475351999943 ], [ 117.391473387000019, -0.620895417999975 ], [ 117.395439837000026, -0.623968647999959 ], [ 117.39799825800003, -0.622302429999934 ], [ 117.398958542000059, -0.617490995999958 ], [ 117.404584846000034, -0.622316287999979 ], [ 117.410733564000111, -0.617868298999952 ], [ 117.421435214000098, -0.630539435999935 ], [ 117.426499938, -0.629988468999954 ], [ 117.431362054000033, -0.623453259999962 ], [ 117.435809352000092, -0.63281225999998 ], [ 117.458869367000034, -0.634967976999974 ], [ 117.47017814000003, -0.659550139999965 ], [ 117.475802332000058, -0.66626389399994 ], [ 117.470310834000088, -0.679633175999925 ], [ 117.46239197500006, -0.680838272999949 ], [ 117.453816089000043, -0.665701369999965 ], [ 117.434968429000037, -0.654960151999944 ], [ 117.424539392000042, -0.656727604999958 ], [ 117.421471033000103, -0.645309893999979 ], [ 117.412877683000033, -0.64711067199994 ], [ 117.412068359000045, -0.636367776999975 ], [ 117.396307532000037, -0.629254905999971 ], [ 117.387490645000071, -0.630931173999954 ], [ 117.383067073, -0.619977856999981 ], [ 117.375115762000064, -0.622343423999951 ], [ 117.374011605000078, -0.618923843999937 ], [ 117.37050535000003, -0.616952862999938 ], [ 117.36962414300001, -0.613775260999944 ], [ 117.373964253000054, -0.611917474999927 ], [ 117.37489511900003, -0.610418266999943 ], [ 117.375063026000021, -0.60785042599997 ], [ 117.370529478000094, -0.60469821099997 ], [ 117.367429967000021, -0.604569162999951 ], [ 117.366032319000055, -0.605575091999924 ], [ 117.36549694100006, -0.614341025999977 ], [ 117.358494187000019, -0.61091460199998 ], [ 117.35850132500002, -0.609965196999951 ], [ 117.360856992000095, -0.609786737999968 ], [ 117.362998506000054, -0.608159185999966 ], [ 117.3631412740001, -0.60634603699998 ], [ 117.362270391000038, -0.60460427199996 ], [ 117.360792746000016, -0.60444722699998 ], [ 117.360028939000017, -0.605896318999953 ], [ 117.358058745000108, -0.605517984999949 ], [ 117.357801764000101, -0.608109217999925 ], [ 117.356088552000074, -0.607523869999966 ], [ 117.352988214000106, -0.60802548099997 ], [ 117.357965946000036, -0.608411408999928 ], [ 117.362234699000055, -0.604999261999978 ], [ 117.362434574000076, -0.608340024999961 ], [ 117.358172960000047, -0.609696317999976 ], [ 117.358037330000116, -0.610916981999935 ], [ 117.364883040000109, -0.614736016999927 ], [ 117.366838957000027, -0.613986485999931 ], [ 117.368887672000028, -0.610445847999927 ], [ 117.366946032000101, -0.605120614999976 ], [ 117.374736019000011, -0.608328049999955 ], [ 117.369215157000099, -0.613724270999967 ], [ 117.370241440000086, -0.617380160999971 ], [ 117.37353724400009, -0.619164445999957 ], [ 117.373304511000015, -0.620725748999973 ], [ 117.363957539000012, -0.615653438999971 ], [ 117.353771987000073, -0.61878066099996 ], [ 117.353771987000073, -0.620017980999933 ], [ 117.357275743000059, -0.622076213999947 ], [ 117.355337672000019, -0.624126119999971 ], [ 117.364621854, -0.616186225999968 ], [ 117.368253226000093, -0.622232512999972 ], [ 117.376495975000012, -0.623989963999975 ], [ 117.382592524000074, -0.620911200999956 ], [ 117.385888665000039, -0.627278243999967 ], [ 117.382583335000049, -0.633592470999929 ], [ 117.374960213, -0.630339095999943 ], [ 117.37227624500008, -0.631154030999937 ], [ 117.368449862000034, -0.652593036999974 ], [ 117.360769239000092, -0.647456599999941 ], [ 117.367304629000046, -0.645762909999974 ], [ 117.36772045400005, -0.643640003999963 ], [ 117.347015536000072, -0.626893345999974 ], [ 117.343732812000098, -0.626831830999947 ], [ 117.342022542000109, -0.628932563999967 ], [ 117.347373722000043, -0.636309445999927 ], [ 117.325798383, -0.629967574999966 ], [ 117.28538001600009, -0.583342646999938 ], [ 117.310947830000032, -0.578225436999958 ] ] ], [ [ [ 117.432515831000046, -0.587481499999967 ], [ 117.425235010000051, -0.591392457999973 ], [ 117.425511079000103, -0.594585637999955 ], [ 117.428768902000115, -0.59748176599993 ], [ 117.433619472000032, -0.59543716099995 ], [ 117.430853582000054, -0.601221042999953 ], [ 117.43174783500001, -0.60372478499994 ], [ 117.44911895000007, -0.614886848999959 ], [ 117.437913608000031, -0.631411767999964 ], [ 117.431920704000049, -0.621765653999944 ], [ 117.42198199500001, -0.629067262999968 ], [ 117.414158194000038, -0.619469126999945 ], [ 117.417879133000042, -0.614932759999931 ], [ 117.41204094200009, -0.606543268999928 ], [ 117.408652489000019, -0.605741634999958 ], [ 117.4051134770001, -0.611508213999969 ], [ 117.40333419000001, -0.606543580999926 ], [ 117.400337598000078, -0.604771888999949 ], [ 117.405305916000088, -0.603805135999949 ], [ 117.405989910000017, -0.59805536999994 ], [ 117.405748831000096, -0.601960933999976 ], [ 117.406106158000057, -0.602284080999937 ], [ 117.408635175000086, -0.602358660999926 ], [ 117.412966679000078, -0.592744159999938 ], [ 117.416664559000083, -0.597839484999952 ], [ 117.418192318000024, -0.598015903999965 ], [ 117.424534072000029, -0.584057124999958 ], [ 117.432515831000046, -0.587481499999967 ] ] ], [ [ [ 117.383528557000091, -0.599628914999926 ], [ 117.384524497000029, -0.60257652599995 ], [ 117.390466412000023, -0.602384726999958 ], [ 117.392956044000016, -0.596593114999962 ], [ 117.394749731000047, -0.603900369999963 ], [ 117.387342286000035, -0.603553664999936 ], [ 117.386608601000034, -0.605746441999941 ], [ 117.388469716000031, -0.608349660999977 ], [ 117.39633885, -0.611815070999967 ], [ 117.399045119000107, -0.61068894899995 ], [ 117.402182952000089, -0.606623335999927 ], [ 117.405170119000104, -0.612202187999969 ], [ 117.409911544000011, -0.606117644999927 ], [ 117.417052135000063, -0.614907615999925 ], [ 117.407390288000101, -0.617150444999936 ], [ 117.404797619000078, -0.621757339999931 ], [ 117.398908566000046, -0.616942839999979 ], [ 117.394814417000021, -0.623284092999938 ], [ 117.39331212400009, -0.613884092999967 ], [ 117.389075280000043, -0.620024283999953 ], [ 117.382373016000088, -0.615220585999964 ], [ 117.388468553000052, -0.614782091999928 ], [ 117.386627664000116, -0.608513085999959 ], [ 117.383521017000021, -0.608290692999958 ], [ 117.380079398000021, -0.612398557999938 ], [ 117.381466481000075, -0.606980279999959 ], [ 117.369385599000111, -0.602277195999932 ], [ 117.373752431000071, -0.592827706999969 ], [ 117.380432898000095, -0.599212923999971 ], [ 117.383628553000108, -0.597182827999973 ], [ 117.382772173000035, -0.591907136999964 ], [ 117.385425814000087, -0.591801627999928 ], [ 117.383528557000091, -0.599628914999926 ] ] ], [ [ [ 117.48314628300011, -0.596376822999957 ], [ 117.490365417000021, -0.591493067999977 ], [ 117.485872488000041, -0.60388077999994 ], [ 117.485242927000058, -0.610104414999967 ], [ 117.470953173000112, -0.619441080999934 ], [ 117.473591497000029, -0.60761602499997 ], [ 117.463865299000076, -0.595875816999978 ], [ 117.473507631000075, -0.600183629999947 ], [ 117.476955090000047, -0.596185870999932 ], [ 117.476645422000047, -0.589699005999933 ], [ 117.48314628300011, -0.596376822999957 ] ] ], [ [ [ 117.407723725000096, -0.594436604999942 ], [ 117.40853882600004, -0.602100186999962 ], [ 117.406702290000112, -0.597975670999972 ], [ 117.405946547000099, -0.597833033999962 ], [ 117.403520848000085, -0.598714901999926 ], [ 117.405121359000077, -0.603673706999928 ], [ 117.400159021000036, -0.604316435999976 ], [ 117.397965918000068, -0.610552174999953 ], [ 117.387558486000103, -0.60627003899998 ], [ 117.394401082000059, -0.605598935999978 ], [ 117.399869433000049, -0.593330888999958 ], [ 117.400669918000062, -0.594218398999942 ], [ 117.405186898000011, -0.593968693999955 ], [ 117.40799069600007, -0.592155303999959 ], [ 117.407723725000096, -0.594436604999942 ] ] ], [ [ [ 117.473072881, -0.549925464999944 ], [ 117.478633488000014, -0.564919048999968 ], [ 117.508561447000034, -0.574986948999936 ], [ 117.493517650000058, -0.593092886999955 ], [ 117.490087958000117, -0.588513872999954 ], [ 117.476249179000092, -0.587880752999979 ], [ 117.472136535000118, -0.598892072999945 ], [ 117.463588014000038, -0.594853452999928 ], [ 117.465657386000089, -0.603015762999974 ], [ 117.472718070000042, -0.607871289999935 ], [ 117.468712382000035, -0.618284192999965 ], [ 117.469793606000053, -0.623967187999938 ], [ 117.447852620000049, -0.628167455999971 ], [ 117.450617325000053, -0.619099625999979 ], [ 117.448963923000065, -0.609249705999957 ], [ 117.432191222000029, -0.602766071999952 ], [ 117.434434090000082, -0.595200598999952 ], [ 117.425531393000028, -0.592809986999953 ], [ 117.433630970000081, -0.587337352999953 ], [ 117.426411648000112, -0.583284173999971 ], [ 117.424228833000029, -0.583420780999973 ], [ 117.422616811000012, -0.585158732999957 ], [ 117.417790916000058, -0.597658658999933 ], [ 117.413500942000042, -0.592316229999938 ], [ 117.408437474000038, -0.594644448999929 ], [ 117.408048915000109, -0.591932038999971 ], [ 117.399983238000118, -0.593033056999957 ], [ 117.391012848000059, -0.596203289999949 ], [ 117.389748938000025, -0.601836703999936 ], [ 117.386380066000015, -0.591606733999924 ], [ 117.382215039000016, -0.591172971999924 ], [ 117.380375237000067, -0.598446373999934 ], [ 117.372523320000028, -0.590956158999973 ], [ 117.407165773000088, -0.567136593999976 ], [ 117.44444085400005, -0.56598460999993 ], [ 117.473072881, -0.549925464999944 ] ] ], [ [ [ 117.419241832000012, -0.550898677999953 ], [ 117.367762206000066, -0.581946766999977 ], [ 117.348657138000021, -0.576194555999962 ], [ 117.371250846000066, -0.56883522499993 ], [ 117.392854734000025, -0.547602951999977 ], [ 117.412736285000051, -0.541129009999963 ], [ 117.419241832000012, -0.550898677999953 ] ] ], [ [ [ 117.503584180000075, -0.527724676999981 ], [ 117.503406463000033, -0.533432833999939 ], [ 117.508367910000061, -0.534579976999964 ], [ 117.506488983000054, -0.537304214999949 ], [ 117.50730537700008, -0.539798981999979 ], [ 117.512659868000014, -0.540545298999973 ], [ 117.506845107000117, -0.543578723999929 ], [ 117.506308086000104, -0.546807455999954 ], [ 117.504948460000037, -0.546540406999952 ], [ 117.505140022000091, -0.542805367999961 ], [ 117.504311896000104, -0.541830533999928 ], [ 117.502515356000117, -0.542263846999958 ], [ 117.501320004000036, -0.54464338899993 ], [ 117.498624760000098, -0.544656312999962 ], [ 117.498144517000014, -0.545451054999944 ], [ 117.498506346000113, -0.550396366999962 ], [ 117.501632377000078, -0.553576132999979 ], [ 117.489428023000073, -0.560363707999954 ], [ 117.487923096000031, -0.562385778999953 ], [ 117.478307349000033, -0.562185509999949 ], [ 117.473541574000024, -0.548338925999929 ], [ 117.439207707000037, -0.561595652999927 ], [ 117.44039641300003, -0.559058240999946 ], [ 117.436961790000055, -0.54406196399998 ], [ 117.444044730000087, -0.54394900799997 ], [ 117.448746845000073, -0.534997375999978 ], [ 117.454716130000065, -0.536520502999963 ], [ 117.485165069000118, -0.526242059999959 ], [ 117.503584180000075, -0.527724676999981 ] ] ], [ [ [ 117.480219917000113, -0.509819862999962 ], [ 117.478803066000069, -0.509056312999974 ], [ 117.479866413000082, -0.508309639999936 ], [ 117.480219917000113, -0.509819862999962 ] ] ], [ [ [ 117.455813751000051, -0.50104035399994 ], [ 117.448195575000113, -0.506865977999951 ], [ 117.444727753000052, -0.507926680999958 ], [ 117.448718506000091, -0.503044794999937 ], [ 117.455813751000051, -0.50104035399994 ] ] ], [ [ [ 117.491670190000036, -0.329434219999939 ], [ 117.493873679000103, -0.346694510999953 ], [ 117.452419596000027, -0.43980311599995 ], [ 117.44538353400003, -0.441159970999934 ], [ 117.443630806000101, -0.435552834999953 ], [ 117.426176320000081, -0.433179093999968 ], [ 117.439424340000073, -0.423814156999924 ], [ 117.437971047000019, -0.417161960999977 ], [ 117.431677742000034, -0.413213896999935 ], [ 117.430699675000028, -0.397777711999936 ], [ 117.439344776000098, -0.389739745999975 ], [ 117.436445773000059, -0.381806928999936 ], [ 117.445633697000062, -0.381388471999969 ], [ 117.453517395000063, -0.387898113999938 ], [ 117.461448893000011, -0.387884517999964 ], [ 117.467373763000069, -0.375029529999949 ], [ 117.460365790000083, -0.346961413999963 ], [ 117.475164215000063, -0.329931354999928 ], [ 117.491670190000036, -0.329434219999939 ] ] ], [ [ [ 117.434012979000045, -0.208785923999926 ], [ 117.431052768000086, -0.209518479999929 ], [ 117.434612144000084, -0.208261686999947 ], [ 117.434012979000045, -0.208785923999926 ] ] ], [ [ [ 117.511828648, -0.810900351999976 ], [ 117.504816734000087, -0.810030538999968 ], [ 117.499312074000045, -0.80085797199996 ], [ 117.502675758, -0.802909621999959 ], [ 117.511828648, -0.810900351999976 ] ] ], [ [ [ 117.499426814000117, -0.795138228999974 ], [ 117.496539006000035, -0.795019399999944 ], [ 117.496669729000018, -0.793878646999929 ], [ 117.499426814000117, -0.795138228999974 ] ] ], [ [ [ 117.462878918000115, -0.74369240599998 ], [ 117.484317653000062, -0.751028007999935 ], [ 117.498075741000093, -0.749666937999962 ], [ 117.512558378000108, -0.777568672999962 ], [ 117.553953911, -0.792802860999927 ], [ 117.553505644000097, -0.802406787999928 ], [ 117.537217694000105, -0.813626631999966 ], [ 117.507045936000054, -0.804977152999925 ], [ 117.486022604000027, -0.770807090999938 ], [ 117.468867703000114, -0.762703998999939 ], [ 117.462878918000115, -0.74369240599998 ] ] ], [ [ [ 117.514155351000113, -0.776151884999933 ], [ 117.513184531000093, -0.774505297999951 ], [ 117.513227361000077, -0.774053200999958 ], [ 117.514155351000113, -0.776151884999933 ] ] ], [ [ [ 117.46202181000001, -0.702714147999927 ], [ 117.515173513000036, -0.736320451999973 ], [ 117.550390322000112, -0.727046260999941 ], [ 117.593885155000066, -0.735664067999949 ], [ 117.605282011000099, -0.726666006999949 ], [ 117.616143241000032, -0.748444167999935 ], [ 117.614475642000116, -0.76840027999998 ], [ 117.596727551000072, -0.785421579999934 ], [ 117.52208986200003, -0.775931663999927 ], [ 117.49731228600001, -0.748230817999968 ], [ 117.444894109000074, -0.740144563999934 ], [ 117.440255864000051, -0.730378291999955 ], [ 117.448416437000105, -0.727641485999925 ], [ 117.452649821000023, -0.725058565999973 ], [ 117.453101470000092, -0.723598366999965 ], [ 117.445753257000092, -0.717255803999933 ], [ 117.44770268700006, -0.712970896999934 ], [ 117.441923889, -0.706640127999947 ], [ 117.46202181000001, -0.702714147999927 ] ] ], [ [ [ 117.522359342000073, -0.704684492999945 ], [ 117.504400106000048, -0.705567358999929 ], [ 117.499736219000056, -0.70233320899996 ], [ 117.517778860000021, -0.697537504999957 ], [ 117.522359342000073, -0.704684492999945 ] ] ], [ [ [ 117.509298487000024, -0.666289933999963 ], [ 117.524591911000016, -0.661472466999953 ], [ 117.531408036000016, -0.673937949999925 ], [ 117.528206655000076, -0.689839181999957 ], [ 117.505256355000029, -0.693992323999964 ], [ 117.472607571000026, -0.685088464999978 ], [ 117.486851308000041, -0.660944646999951 ], [ 117.484572429000082, -0.649640982999927 ], [ 117.497973836000028, -0.663245441999948 ], [ 117.509298487000024, -0.666289933999963 ] ] ], [ [ [ 117.458874059000095, -0.631194514999947 ], [ 117.49855922200004, -0.626403479999965 ], [ 117.501247120000016, -0.642193010999961 ], [ 117.515533568000023, -0.643646792999959 ], [ 117.510292468000102, -0.663000183999941 ], [ 117.487408132000041, -0.64682886199995 ], [ 117.480810106000035, -0.651138128999946 ], [ 117.484294548000094, -0.66092796099997 ], [ 117.477458684000112, -0.664818366999953 ], [ 117.458874059000095, -0.631194514999947 ] ] ], [ [ [ 117.500251091000109, -0.614000656999963 ], [ 117.504929448000098, -0.612499965999973 ], [ 117.510783117000074, -0.607735993999938 ], [ 117.566229548000024, -0.621360753999966 ], [ 117.561928791000014, -0.649223353999957 ], [ 117.526892918000044, -0.654027589999941 ], [ 117.516200842000103, -0.639441667999961 ], [ 117.501567790000081, -0.638787259999958 ], [ 117.499129568000058, -0.622956527999975 ], [ 117.470287394000025, -0.620387045999962 ], [ 117.478909653000073, -0.618557229999965 ], [ 117.486089875000062, -0.610394110999948 ], [ 117.488811686000076, -0.601860382999973 ], [ 117.493710968000073, -0.61188823599997 ], [ 117.500251091000109, -0.614000656999963 ] ] ], [ [ [ 117.498218251000026, -0.613116824999963 ], [ 117.493222525000078, -0.602266908999979 ], [ 117.500050806000104, -0.593698801999949 ], [ 117.505625854000073, -0.610586351999928 ], [ 117.498218251000026, -0.613116824999963 ] ] ], [ [ [ 117.483858983000118, -0.594458661999965 ], [ 117.481683012000076, -0.591071788999955 ], [ 117.484999952000067, -0.59020977199998 ], [ 117.483858983000118, -0.594458661999965 ] ] ], [ [ [ 117.539670751000017, -0.509580204999963 ], [ 117.572553417000108, -0.50953640299997 ], [ 117.567256402000112, -0.51583218299993 ], [ 117.563665632000038, -0.511251049999942 ], [ 117.559286007000082, -0.512960504999967 ], [ 117.570368246000044, -0.523151414999973 ], [ 117.568432727000072, -0.522615412999926 ], [ 117.55762599600007, -0.52683333899995 ], [ 117.557592229000079, -0.521426069999961 ], [ 117.554272273000038, -0.521092375999956 ], [ 117.553201364000074, -0.53140502399998 ], [ 117.563396967000017, -0.525651022999966 ], [ 117.562703139000064, -0.530864467999947 ], [ 117.563630642000021, -0.532927711999946 ], [ 117.563074407000045, -0.534632045999956 ], [ 117.563844848000031, -0.536248630999978 ], [ 117.569049613000061, -0.523405031999971 ], [ 117.571563587000014, -0.531255976999944 ], [ 117.575201984000046, -0.536313418999953 ], [ 117.569356639000034, -0.51360026499998 ], [ 117.588048355000069, -0.517352593999931 ], [ 117.578078847000029, -0.577554302999943 ], [ 117.553568401, -0.597848449999958 ], [ 117.513719621000064, -0.602211021999949 ], [ 117.51153001800003, -0.56999362199997 ], [ 117.488929588000019, -0.561259698999947 ], [ 117.501930291, -0.553791391999937 ], [ 117.498753192000095, -0.545048865999945 ], [ 117.506401043000096, -0.547101624999925 ], [ 117.513788392000038, -0.540306433999945 ], [ 117.504914283000062, -0.526571909999973 ], [ 117.515584667000098, -0.527782703999947 ], [ 117.520023861000027, -0.526994811999941 ], [ 117.523659550000048, -0.528301449999958 ], [ 117.530983334000098, -0.544232263999959 ], [ 117.5350167900001, -0.545097375999944 ], [ 117.54814216200009, -0.529261220999956 ], [ 117.532232533000069, -0.54430995499996 ], [ 117.527574696000102, -0.532134363999944 ], [ 117.531350369000052, -0.529903138999941 ], [ 117.540912454000022, -0.515837137999938 ], [ 117.539670751000017, -0.509580204999963 ] ] ], [ [ [ 117.540822917000014, -0.504921048999961 ], [ 117.526240170000051, -0.530616800999951 ], [ 117.523859904, -0.527654518999952 ], [ 117.52050232900001, -0.526325666999981 ], [ 117.501091013000064, -0.522652027999925 ], [ 117.540822917000014, -0.504921048999961 ] ] ], [ [ [ 117.490238738000016, -0.521176513999933 ], [ 117.507712568000102, -0.510359802999972 ], [ 117.509796976000075, -0.509688794999931 ], [ 117.497221570000079, -0.519557349999957 ], [ 117.490238738000016, -0.521176513999933 ] ] ], [ [ [ 117.481195813000113, -0.508508955999957 ], [ 117.480907828000113, -0.50773507699995 ], [ 117.481861498000058, -0.507993408999937 ], [ 117.481195813000113, -0.508508955999957 ] ] ], [ [ [ 117.572690357000056, -0.50442083799993 ], [ 117.555582825000101, -0.506686178999928 ], [ 117.55086278400006, -0.503730413999961 ], [ 117.566938128000061, -0.495331010999962 ], [ 117.572690357000056, -0.50442083799993 ] ] ], [ [ [ 117.622445724000045, -0.418216421999944 ], [ 117.628029249000065, -0.436212457999943 ], [ 117.622645581000029, -0.457181101999936 ], [ 117.604229158000066, -0.477456836999977 ], [ 117.59721726600003, -0.474178780999978 ], [ 117.513240677000113, -0.506944469999951 ], [ 117.508722463000026, -0.500517808999973 ], [ 117.501208927000107, -0.50236152399998 ], [ 117.498827692000077, -0.506744820999927 ], [ 117.497681257000067, -0.502005422999957 ], [ 117.494549473, -0.497918095999978 ], [ 117.485422994000032, -0.499603744999945 ], [ 117.475102863000075, -0.504856488999962 ], [ 117.471563726000113, -0.520870662999926 ], [ 117.478488534, -0.50925932399997 ], [ 117.48535516100003, -0.515027330999942 ], [ 117.48374600000011, -0.506910466999955 ], [ 117.484599221000053, -0.509340790999943 ], [ 117.491708917000096, -0.512098967999975 ], [ 117.486107443000037, -0.500496182999939 ], [ 117.495423462000076, -0.500380584999959 ], [ 117.498997852000116, -0.508710318999931 ], [ 117.502956593000022, -0.502648629999953 ], [ 117.509745360000011, -0.506537823999963 ], [ 117.447998436000034, -0.534096285999965 ], [ 117.443299516000025, -0.543247041999962 ], [ 117.436077447000116, -0.543332883999938 ], [ 117.438483860000019, -0.561493775999963 ], [ 117.440214971000046, -0.562546872999974 ], [ 117.446250574000032, -0.56124652699998 ], [ 117.445180052000069, -0.562101973999972 ], [ 117.436234942000056, -0.563998464999941 ], [ 117.417920281000079, -0.560764652999978 ], [ 117.421798122000041, -0.54939494599995 ], [ 117.417914131000089, -0.533279931999971 ], [ 117.478293904000111, -0.494032622999953 ], [ 117.498718365000059, -0.470923226999957 ], [ 117.518569298000102, -0.462931207999929 ], [ 117.596182849000115, -0.409379527999931 ], [ 117.622445724000045, -0.418216421999944 ] ] ], [ [ [ 117.594282676000034, -0.482363837999969 ], [ 117.596303291000027, -0.477384885999925 ], [ 117.597301888000061, -0.476930006999964 ], [ 117.594282676000034, -0.482363837999969 ] ] ], [ [ [ 117.536718555000107, -0.44392505899998 ], [ 117.52845719600009, -0.453461764999929 ], [ 117.524806563000084, -0.454882125999973 ], [ 117.536718555000107, -0.44392505899998 ] ] ], [ [ [ 117.494784634000098, -0.460650692999934 ], [ 117.49795864500004, -0.454274698999939 ], [ 117.508488530000022, -0.445087853999951 ], [ 117.515738146000103, -0.436284848999946 ], [ 117.504417136000029, -0.453032038999936 ], [ 117.494784634000098, -0.460650692999934 ] ] ], [ [ [ 117.532004414000085, -0.403522085999953 ], [ 117.515186159000109, -0.434445536999931 ], [ 117.495949692000067, -0.455544990999954 ], [ 117.481258484000023, -0.480751250999958 ], [ 117.449740583000107, -0.498132378999969 ], [ 117.465831227000081, -0.482907483999952 ], [ 117.46575264, -0.480733633999932 ], [ 117.46332540100002, -0.477129285999979 ], [ 117.471464359000038, -0.473619441999972 ], [ 117.473258551000072, -0.463562923999973 ], [ 117.484257649000028, -0.452047272999948 ], [ 117.486381784000059, -0.442541184999925 ], [ 117.499637728000039, -0.440649795999946 ], [ 117.502404721000062, -0.437089664999974 ], [ 117.506635671000026, -0.41566596399997 ], [ 117.500809457000059, -0.402692591999937 ], [ 117.517976465000061, -0.401518611999961 ], [ 117.532455750000054, -0.386676934999969 ], [ 117.532004414000085, -0.403522085999953 ] ] ], [ [ [ 117.525720609000018, -0.351098957999966 ], [ 117.539655409000034, -0.376997617999962 ], [ 117.51954136300003, -0.397895614999925 ], [ 117.500000433000082, -0.400456589999976 ], [ 117.500502605000065, -0.438047264999966 ], [ 117.485777307000035, -0.441923441999961 ], [ 117.463071594000098, -0.476603256999965 ], [ 117.46519451000006, -0.483250095999949 ], [ 117.442835883000043, -0.500356580999949 ], [ 117.441413709000017, -0.481372466999971 ], [ 117.457790825000075, -0.463408606999963 ], [ 117.4693633280001, -0.418399477999969 ], [ 117.498306337000031, -0.382658548999927 ], [ 117.51509236600009, -0.35196127599994 ], [ 117.525720609000018, -0.351098957999966 ] ] ], [ [ [ 117.519650464000051, -0.437075062999952 ], [ 117.5291338400001, -0.416023923999944 ], [ 117.539459676000092, -0.410684398999933 ], [ 117.535025818, -0.421431165999934 ], [ 117.519650464000051, -0.437075062999952 ] ] ], [ [ [ 117.535808919000033, -0.406972277999955 ], [ 117.534125185000107, -0.406578016999958 ], [ 117.535634106000089, -0.405497518999937 ], [ 117.535808919000033, -0.406972277999955 ] ] ], [ [ [ 117.511026521000076, -0.352272679999942 ], [ 117.497564275000059, -0.378874660999941 ], [ 117.48574274300006, -0.386904555999934 ], [ 117.498414985000068, -0.351088671999946 ], [ 117.511026521000076, -0.352272679999942 ] ] ] ] } },
{ "type": "Feature", "properties": { "kemendagri_kab_code": 6403, "kemendagri_kab_name": "Kabupaten Berau", "kemendagri_prov_code": 64, "kemendagri_prov_name": "Kalimantan Timur" }, "geometry": { "type": "MultiPolygon", "coordinates": [ [ [ [ 118.384871399000076, 1.49726750800005 ], [ 118.383949018000067, 1.501087503000065 ], [ 118.385812235000117, 1.500727062000067 ], [ 118.384871399000076, 1.49726750800005 ] ] ], [ [ [ 118.377113546000032, 1.501565867000068 ], [ 118.378141473000028, 1.50003111500007 ], [ 118.376328324000042, 1.499638504000075 ], [ 118.377113546000032, 1.501565867000068 ] ] ], [ [ [ 117.215242000000103, 2.56398 ], [ 117.221276000000103, 2.543945 ], [ 117.20575, 2.545352 ], [ 117.2089390000001, 2.529566 ], [ 117.194515, 2.522975 ], [ 117.191748, 2.496874 ], [ 117.229078, 2.487161 ], [ 117.23093, 2.479357 ], [ 117.288481, 2.491815 ], [ 117.283188000000109, 2.503776 ], [ 117.298119, 2.508902 ], [ 117.307449, 2.533308 ], [ 117.317933, 2.535935 ], [ 117.329931000000101, 2.523404 ], [ 117.335253, 2.534962 ], [ 117.363846, 2.538699 ], [ 117.392626, 2.561443 ], [ 117.411493, 2.504151 ], [ 117.432563, 2.501507 ], [ 117.441581, 2.51876 ], [ 117.455110000000104, 2.510158 ], [ 117.461874, 2.478981 ], [ 117.475354521000099, 2.519471031000023 ], [ 117.471008120000079, 2.531134477000023 ], [ 117.495411000000104, 2.532017 ], [ 117.499283000000105, 2.521591 ], [ 117.539574, 2.52139 ], [ 117.572082, 2.501545 ], [ 117.587877, 2.517388 ], [ 117.608626, 2.522151 ], [ 117.669698, 2.448104 ], [ 117.687982, 2.406413 ], [ 117.705313, 2.397161 ], [ 117.72125, 2.346347 ], [ 117.746909, 2.326873 ], [ 117.761021, 2.334997 ], [ 117.811603000000105, 2.326419 ], [ 117.824309, 2.348217 ], [ 117.82189, 2.361321 ], [ 117.863762, 2.392894 ], [ 117.900348, 2.404659 ], [ 117.918282575000035, 2.393631250000055 ], [ 117.955823, 2.415569 ], [ 117.958749, 2.426911 ], [ 117.998656483000104, 2.435458229000062 ], [ 118.001165481000044, 2.423762165000028 ], [ 117.994719768000095, 2.421749213000055 ], [ 118.019525636000026, 2.391836658000045 ], [ 118.01301240500004, 2.378001381000047 ], [ 118.021355496000069, 2.360009130000037 ], [ 118.037910826000029, 2.361929595000049 ], [ 118.03930191500001, 2.377121187000057 ], [ 118.046385780000037, 2.37938295500004 ], [ 118.066520492000109, 2.357019275000027 ], [ 118.064995961000022, 2.349109656000053 ], [ 118.077653104000092, 2.314437256000076 ], [ 118.078835192000042, 2.313600561000044 ], [ 118.079859393000106, 2.313513619000048 ], [ 118.081822997000017, 2.314467044000025 ], [ 118.085790865000035, 2.32581433200005 ], [ 118.09447633100001, 2.311213149000025 ], [ 118.085116689000074, 2.288904068000022 ], [ 118.085976791, 2.288152966000041 ], [ 118.089374625, 2.287791527000024 ], [ 118.096592453000085, 2.29137712000005 ], [ 118.096366705000037, 2.275863623000021 ], [ 118.075735809000093, 2.258665665000024 ], [ 118.077889602000027, 2.250691010000025 ], [ 118.019372591000092, 2.196913983000059 ], [ 117.993034564000027, 2.197234784000045 ], [ 117.945460463000018, 2.181087854000054 ], [ 117.933341293000012, 2.181013724000024 ], [ 117.906400074000089, 2.21128425400002 ], [ 117.894448678000117, 2.195918093000046 ], [ 117.81700245400009, 2.202112528000043 ], [ 117.790648257000043, 2.189972777000037 ], [ 117.74294326100005, 2.192847476000054 ], [ 117.689904883000054, 2.180900970000039 ], [ 117.689583656000082, 2.16987216800004 ], [ 117.707683261000057, 2.162423098000033 ], [ 117.723778092000089, 2.13580464000006 ], [ 117.715344295000023, 2.102363696000054 ], [ 117.726550605000057, 2.083713785000043 ], [ 117.713609284000086, 2.082595537000032 ], [ 117.71041402600008, 2.07841227900002 ], [ 117.720022769000025, 2.061423073000071 ], [ 117.689284736000104, 2.063699131000021 ], [ 117.701853822000089, 2.035971618000076 ], [ 117.718021721000014, 2.026365301000055 ], [ 117.740387795000061, 2.045334298000057 ], [ 117.745971729000075, 2.029319991000023 ], [ 117.769753177000098, 2.011265261000062 ], [ 117.824171850000084, 2.010074616000054 ], [ 117.819864904000042, 1.996314387000041 ], [ 117.821066724000048, 1.988238426000066 ], [ 117.81029017600008, 1.98900655500006 ], [ 117.808131182000011, 1.988254784000048 ], [ 117.806940453000038, 1.986069979000035 ], [ 117.80949320600007, 1.982921977000046 ], [ 117.813946793000014, 1.981034986000054 ], [ 117.815388681000059, 1.970974710000064 ], [ 117.821189605000086, 1.965586271000063 ], [ 117.817484720000039, 1.956114078000041 ], [ 117.818984251000074, 1.953064391000055 ], [ 117.816342131000056, 1.949915449000059 ], [ 117.818412262000038, 1.947681135000039 ], [ 117.826743348000036, 1.948866009000028 ], [ 117.825133555000093, 1.93847713200006 ], [ 117.832095343000105, 1.91154468700006 ], [ 117.858097911000073, 1.884622868000065 ], [ 117.861413372000015, 1.86999905600004 ], [ 117.869766889000061, 1.881605702000058 ], [ 117.889661027000102, 1.872691914000029 ], [ 117.898143669000092, 1.83643365000006 ], [ 117.918377435000025, 1.813217488000021 ], [ 117.967688129000067, 1.789752041000042 ], [ 118.048149262000038, 1.783200869000041 ], [ 118.066659145000017, 1.761829014000057 ], [ 118.053640201, 1.729748115000064 ], [ 118.134629055000119, 1.633888737000063 ], [ 118.164718851000089, 1.626559065000038 ], [ 118.176992556000073, 1.608722588000035 ], [ 118.247007887000109, 1.558652947000041 ], [ 118.29801846600003, 1.540031504000069 ], [ 118.299849146000042, 1.529771762000053 ], [ 118.312705926000035, 1.530035953000038 ], [ 118.356521691000012, 1.506541320000053 ], [ 118.364826010000115, 1.508813705000023 ], [ 118.368395201000112, 1.500116775000038 ], [ 118.374534210000093, 1.503852529000028 ], [ 118.374097809000091, 1.496029822000025 ], [ 118.3878710890001, 1.495712393000076 ], [ 118.372016741000039, 1.488010078000059 ], [ 118.377798831000064, 1.482099497000036 ], [ 118.386985930000037, 1.487767373000054 ], [ 118.390997405, 1.48028626200005 ], [ 118.394934779000096, 1.488133962000063 ], [ 118.400263917000075, 1.480098370000064 ], [ 118.410529189000044, 1.486725526000043 ], [ 118.407270296000092, 1.477939054000046 ], [ 118.410576779000053, 1.48291838800003 ], [ 118.41510155800006, 1.47200146900002 ], [ 118.408066681000037, 1.455725955000048 ], [ 118.417553358000077, 1.462134986000024 ], [ 118.420644780000089, 1.448228942000071 ], [ 118.414309465000088, 1.438377973000058 ], [ 118.382830072000047, 1.430761299000039 ], [ 118.389184769000053, 1.42258834200004 ], [ 118.420398538000086, 1.434192378000034 ], [ 118.426685074000034, 1.432012792000023 ], [ 118.419126530000085, 1.430228326000019 ], [ 118.415849116000118, 1.426862798000059 ], [ 118.428880307000099, 1.426422140000057 ], [ 118.429277677000073, 1.413668229000052 ], [ 118.414049127000112, 1.411883633000059 ], [ 118.419797111000094, 1.402670360000059 ], [ 118.412950212000055, 1.40142114300005 ], [ 118.406799306000039, 1.405626841000071 ], [ 118.401403931000118, 1.405268269000032 ], [ 118.40834935700002, 1.39640858100006 ], [ 118.43332672400004, 1.398893932000021 ], [ 118.430536809000046, 1.381926616000044 ], [ 118.440171213000099, 1.373181935000048 ], [ 118.445696736000059, 1.373663288000046 ], [ 118.455299403000026, 1.386111890000052 ], [ 118.459406621000085, 1.399093158000028 ], [ 118.468829286000073, 1.395645319000039 ], [ 118.468461659000013, 1.385435052000048 ], [ 118.461012443000072, 1.376623532000053 ], [ 118.461621585000103, 1.371331611000073 ], [ 118.454140560000042, 1.369961041000067 ], [ 118.462365563000048, 1.358620926000071 ], [ 118.467290572000024, 1.35918192400004 ], [ 118.464815932000079, 1.37666620300007 ], [ 118.480268271000114, 1.384907586000054 ], [ 118.490088711000112, 1.378007316000037 ], [ 118.482611612000028, 1.366566074000048 ], [ 118.48758254400002, 1.361123057000043 ], [ 118.488998323000033, 1.36105167300002 ], [ 118.491722806000098, 1.363205085000061 ], [ 118.490717483000026, 1.370313725000074 ], [ 118.496709621000036, 1.365010700000028 ], [ 118.500684329000023, 1.374361920000069 ], [ 118.516732287000082, 1.375461877000021 ], [ 118.517089206000037, 1.365739399000063 ], [ 118.505609390000018, 1.362691538000036 ], [ 118.516335693000087, 1.362831232000076 ], [ 118.517602756000088, 1.360838434000073 ], [ 118.51545916900011, 1.356917776000046 ], [ 118.51496424100003, 1.354738190000035 ], [ 118.515406820000067, 1.353719780000063 ], [ 118.530183273000034, 1.363289972000075 ], [ 118.549924716000078, 1.355352087000028 ], [ 118.551119391000043, 1.367136763000076 ], [ 118.563031938000108, 1.366512029000035 ], [ 118.582974223000065, 1.345347089000029 ], [ 118.589096358, 1.347620217000042 ], [ 118.605996308000044, 1.322269124000059 ], [ 118.689401904000079, 1.267250210000043 ], [ 118.687150235000104, 1.259916585000042 ], [ 118.691284548000112, 1.264877762000026 ], [ 118.712251458000082, 1.250575347000051 ], [ 118.768597094000029, 1.190089448000037 ], [ 118.769061089000047, 1.16642927700002 ], [ 118.759634222000045, 1.159976503000053 ], [ 118.738156174000096, 1.161893192000036 ], [ 118.737185354000076, 1.157553055000051 ], [ 118.727145614000051, 1.158687582000027 ], [ 118.721127957000022, 1.155660908000073 ], [ 118.721192203000101, 1.154004803000021 ], [ 118.740192199000035, 1.15318626800007 ], [ 118.746631021000098, 1.144448887000067 ], [ 118.750400087000116, 1.151758591000032 ], [ 118.772871241000075, 1.149548072000073 ], [ 118.776563905000103, 1.133900594000067 ], [ 118.797148975000027, 1.123462378000056 ], [ 118.795907735000014, 1.116296790000035 ], [ 118.82780832900005, 1.101160681000067 ], [ 118.836821972000052, 1.050545144000068 ], [ 118.853366364000067, 1.047066372000074 ], [ 118.869058977, 1.066218500000048 ], [ 118.888765605000117, 1.066692167000042 ], [ 118.945076825000115, 1.058449275000044 ], [ 118.95251522, 1.051535007000041 ], [ 118.948769, 1.045991 ], [ 118.924147, 1.035642 ], [ 118.917486, 1.017013 ], [ 118.902564, 1.008881 ], [ 118.86714, 1.008309 ], [ 118.856362000000104, 0.98539 ], [ 118.841085, 0.984494 ], [ 118.830982, 0.995171 ], [ 118.787149000000113, 0.995775 ], [ 118.785692, 1.022827 ], [ 118.768411, 1.036783 ], [ 118.77134500000011, 1.05167 ], [ 118.75665, 1.073716 ], [ 118.763737000000106, 1.089265 ], [ 118.750746, 1.108554 ], [ 118.699329, 1.122177 ], [ 118.602413, 1.111708 ], [ 118.588621000000103, 1.125601 ], [ 118.573348, 1.232839 ], [ 118.522771, 1.277613 ], [ 118.482445, 1.289777 ], [ 118.416805, 1.282984 ], [ 118.380579, 1.261754 ], [ 118.363992, 1.282254 ], [ 118.348879, 1.285082 ], [ 118.310014, 1.177775 ], [ 118.222938000000113, 1.186892 ], [ 118.187626003000105, 1.169936997000036 ], [ 118.149576996000064, 1.171137001000034 ], [ 118.086337, 1.159123003000047 ], [ 118.03845327800002, 1.161908174000075 ], [ 117.99455523600011, 1.201006714000073 ], [ 117.98179583700005, 1.257528892000039 ], [ 117.975211736, 1.252746281000043 ], [ 117.941061698000112, 1.279079674000059 ], [ 117.907000458000084, 1.324844760000076 ], [ 117.907350661, 1.341946972000073 ], [ 117.873444993000021, 1.360651240000038 ], [ 117.837165268000035, 1.365779231000033 ], [ 117.848077115000024, 1.374201088000063 ], [ 117.850009279, 1.387723888000039 ], [ 117.840786730000104, 1.421014054000068 ], [ 117.846406746000071, 1.428607199000055 ], [ 117.854250825, 1.419686812000066 ], [ 117.865240224000104, 1.439334527000028 ], [ 117.859193506000111, 1.450229653000065 ], [ 117.851375377000068, 1.447749819000023 ], [ 117.851958967000087, 1.46917580500002 ], [ 117.839931717000013, 1.472856684000021 ], [ 117.832193937000056, 1.487342992000038 ], [ 117.838678112000025, 1.515866920000065 ], [ 117.819691314000011, 1.597568359000036 ], [ 117.792379416000017, 1.61226926400002 ], [ 117.77236933800009, 1.658525986000029 ], [ 117.755306223000048, 1.678038755000046 ], [ 117.724903662000088, 1.695112827000059 ], [ 117.687133857000049, 1.683098130000076 ], [ 117.671829914000114, 1.668366129000049 ], [ 117.664422325000032, 1.671003013000075 ], [ 117.663809810000089, 1.629789714000026 ], [ 117.656891808000069, 1.630180780000046 ], [ 117.642427240000075, 1.59004999800004 ], [ 117.624035584000012, 1.594991465000021 ], [ 117.613983117000089, 1.588979300000062 ], [ 117.603026077000095, 1.595846815000073 ], [ 117.604590369000107, 1.608536956000023 ], [ 117.588282172000049, 1.602353106000066 ], [ 117.580522969000071, 1.612740634000033 ], [ 117.559852346000071, 1.589428846000033 ], [ 117.56005889700009, 1.596373975000063 ], [ 117.549046153000063, 1.598001651000061 ], [ 117.52863328, 1.536594141000023 ], [ 117.517140128000051, 1.53437354700003 ], [ 117.513032026000019, 1.511288124000032 ], [ 117.497404634000077, 1.509199518000059 ], [ 117.494527751000078, 1.501290734000065 ], [ 117.485850102000086, 1.501841438000042 ], [ 117.48541866700009, 1.513963713000066 ], [ 117.467803391000075, 1.528460950000067 ], [ 117.455708482000091, 1.557396721000032 ], [ 117.443038401000081, 1.554675719000045 ], [ 117.394029068, 1.590920592000032 ], [ 117.385805238000103, 1.584858297000039 ], [ 117.37341290300003, 1.513002680000056 ], [ 117.334025922000023, 1.488126924000028 ], [ 117.333914665000066, 1.451173447000031 ], [ 117.304500929000028, 1.438158256000065 ], [ 117.279809199000056, 1.44635211800005 ], [ 117.275356202000012, 1.421610907000058 ], [ 117.258808946000045, 1.418799328000034 ], [ 117.240795848000062, 1.381900327000039 ], [ 117.222622277000028, 1.385793136000075 ], [ 117.211777728000015, 1.409946723000076 ], [ 117.196375809000074, 1.397073173000024 ], [ 117.201426104, 1.39126722900005 ], [ 117.189198345000023, 1.378490552000073 ], [ 117.144804696000051, 1.388188089000039 ], [ 117.13594475900004, 1.381813643000044 ], [ 117.131129101000056, 1.391216658000076 ], [ 117.107794300000023, 1.394844360000036 ], [ 117.084968907000075, 1.413121515000057 ], [ 117.068311909000045, 1.405066527000031 ], [ 117.059010957000055, 1.417372317000059 ], [ 117.044056775000058, 1.414454540000065 ], [ 117.034934990000011, 1.42226024100006 ], [ 117.017668861000061, 1.406062667000072 ], [ 117.008547007000061, 1.410729380000021 ], [ 116.978624597000021, 1.472050165000041 ], [ 116.975890675000073, 1.491690239000036 ], [ 116.984520366000083, 1.522316541000066 ], [ 116.927249896000035, 1.576270092000073 ], [ 116.927048377, 1.60825651600004 ], [ 116.914666274000069, 1.603289387000075 ], [ 116.901489918000038, 1.609307658000034 ], [ 116.910909484000058, 1.64148651000005 ], [ 116.887421102000076, 1.641837019000036 ], [ 116.892055363000054, 1.652118315000052 ], [ 116.886873373000071, 1.656682597000042 ], [ 116.897955390000106, 1.669074084000044 ], [ 116.892389122000054, 1.676228045000073 ], [ 116.883372742, 1.669255640000074 ], [ 116.861293676000059, 1.680760758000076 ], [ 116.853354744000058, 1.671969294000064 ], [ 116.840475029000118, 1.692626909000069 ], [ 116.819790340000054, 1.679536481000071 ], [ 116.760151252000014, 1.693673340000032 ], [ 116.762149978000025, 1.682700581000063 ], [ 116.732983853000064, 1.680301461000056 ], [ 116.698571138000034, 1.665079390000074 ], [ 116.684491963000028, 1.643428813000071 ], [ 116.659006292000072, 1.642831403000059 ], [ 116.644722578000028, 1.664933030000043 ], [ 116.619548072000043, 1.667098818000056 ], [ 116.622144547000062, 1.673712497000054 ], [ 116.603744765000101, 1.692347764000033 ], [ 116.544091557000115, 1.695294929000056 ], [ 116.528104223000014, 1.723915126000065 ], [ 116.512895510000021, 1.723242018000064 ], [ 116.502134822000016, 1.713267089000055 ], [ 116.460454007000067, 1.724807130000045 ], [ 116.45222724000007, 1.742151297000021 ], [ 116.440217713000038, 1.747739797000065 ], [ 116.453150916000027, 1.760703696000064 ], [ 116.470547291000116, 1.759860637000031 ], [ 116.489307352000083, 1.785897347000059 ], [ 116.456939416000068, 1.794504804000042 ], [ 116.415597213000069, 1.822468075000074 ], [ 116.386243787000012, 1.78770882200007 ], [ 116.353500326000017, 1.777769169000067 ], [ 116.351025299000071, 1.803215098000067 ], [ 116.328302214000018, 1.817439385000057 ], [ 116.317334101000029, 1.846993903000055 ], [ 116.29952943100011, 1.856281929000033 ], [ 116.294310257, 1.868141687000048 ], [ 116.28467222300003, 1.857576336000022 ], [ 116.276117331000023, 1.861831167000048 ], [ 116.256095314000049, 1.853772934000062 ], [ 116.240118633000066, 1.861803221000059 ], [ 116.206392268000059, 1.837192490000064 ], [ 116.183833889000084, 1.840993056000059 ], [ 116.17574, 1.85753 ], [ 116.175167000000101, 1.901845 ], [ 116.199412, 1.950837 ], [ 116.194458, 1.985706 ], [ 116.22963, 2.011052 ], [ 116.234875000000102, 2.031446 ], [ 116.226556, 2.052445 ], [ 116.21252, 2.060479 ], [ 116.221357, 2.075518 ], [ 116.220277, 2.093377 ], [ 116.252365, 2.106329 ], [ 116.287807, 2.102968 ], [ 116.299339, 2.120014 ], [ 116.315434, 2.115073 ], [ 116.332001000000105, 2.150179 ], [ 116.34771, 2.163367 ], [ 116.347632, 2.181017 ], [ 116.305208000000107, 2.207691 ], [ 116.28984, 2.235626 ], [ 116.304441000000111, 2.262251 ], [ 116.334889, 2.290667 ], [ 116.402132, 2.297919 ], [ 116.412792, 2.282071 ], [ 116.4288150000001, 2.28888 ], [ 116.455049, 2.276879 ], [ 116.476508, 2.290717 ], [ 116.466667, 2.325362 ], [ 116.482568, 2.336953 ], [ 116.498355, 2.333977 ], [ 116.50417, 2.348101 ], [ 116.498082, 2.357247 ], [ 116.501859, 2.381968 ], [ 116.486586000000102, 2.398627 ], [ 116.496598, 2.407021 ], [ 116.49084, 2.44391 ], [ 116.496653, 2.452344 ], [ 116.526254000000108, 2.447339 ], [ 116.567444, 2.453495 ], [ 116.566687000000115, 2.436956 ], [ 116.577938, 2.427325 ], [ 116.627624, 2.415355 ], [ 116.630152, 2.390953 ], [ 116.641519, 2.390166 ], [ 116.650297, 2.404657 ], [ 116.66288, 2.384422 ], [ 116.686057, 2.399069 ], [ 116.707603, 2.378702 ], [ 116.717670000000112, 2.383187 ], [ 116.717722, 2.405379 ], [ 116.7334350000001, 2.409759 ], [ 116.730597000000103, 2.424379 ], [ 116.752297000000112, 2.438317 ], [ 116.756522, 2.483903 ], [ 116.791549, 2.508928 ], [ 116.806442, 2.497572 ], [ 116.844718, 2.519538 ], [ 116.875642776000063, 2.507093430000054 ], [ 116.887514, 2.476506 ], [ 116.898317337000094, 2.50139045700007 ], [ 116.926723, 2.503976 ], [ 116.929387, 2.493329 ], [ 116.936634, 2.495778 ], [ 116.961607, 2.475998 ], [ 116.968032000000107, 2.446042 ], [ 116.982038000000102, 2.43998 ], [ 116.982954, 2.431893 ], [ 117.000157, 2.436517 ], [ 117.024045000000115, 2.458606 ], [ 117.015459, 2.497686 ], [ 117.028103000000101, 2.505836 ], [ 117.025412, 2.513027 ], [ 117.048027, 2.54781 ], [ 117.133715, 2.53617 ], [ 117.171041, 2.56168 ], [ 117.191401, 2.559609 ], [ 117.205737000000113, 2.569023 ], [ 117.215242000000103, 2.56398 ] ] ], [ [ [ 117.873588965000067, 1.971940011000072 ], [ 117.870944904000112, 1.906940089000045 ], [ 117.85907549, 1.89374103800003 ], [ 117.837042864000068, 1.911596340000074 ], [ 117.828155576000086, 1.94956594000007 ], [ 117.81767865900008, 1.948929515000032 ], [ 117.819860952000113, 1.95306855900003 ], [ 117.818247445000111, 1.955937161000065 ], [ 117.822240311000087, 1.960794866000072 ], [ 117.824193176000108, 1.958081446000051 ], [ 117.830328466000083, 1.953754220000064 ], [ 117.844406063000065, 1.950109050000037 ], [ 117.873588965000067, 1.971940011000072 ] ] ], [ [ [ 117.83031294400007, 2.010361226000043 ], [ 117.863162653000018, 1.967171877000055 ], [ 117.84389270600002, 1.951192827000057 ], [ 117.824631, 1.958377447000032 ], [ 117.814456846000098, 1.981259917000045 ], [ 117.807625723000115, 1.986373258000071 ], [ 117.821435283000028, 1.987448537000034 ], [ 117.83031294400007, 2.010361226000043 ] ] ], [ [ [ 117.881586998000103, 2.056693463000045 ], [ 117.884396831000117, 2.041125884000053 ], [ 117.889337030000092, 2.036923361000049 ], [ 117.858772221000095, 2.024591917000066 ], [ 117.844844755000054, 2.026657317000058 ], [ 117.845171018000087, 2.038436258000047 ], [ 117.862567671000079, 2.034824871000069 ], [ 117.864782516000105, 2.03796845200003 ], [ 117.864136116000054, 2.044802300000072 ], [ 117.866388187000098, 2.045538906000047 ], [ 117.868466770000055, 2.041896765000047 ], [ 117.871104269000057, 2.04139291000007 ], [ 117.871629827000106, 2.042852525000058 ], [ 117.870162956000058, 2.046547818000022 ], [ 117.873461442, 2.050062610000055 ], [ 117.873389065000083, 2.054180527000028 ], [ 117.875059795000084, 2.053534347000038 ], [ 117.876905251000039, 2.053837792000024 ], [ 117.881586998000103, 2.056693463000045 ] ] ], [ [ [ 117.769232058000057, 2.100043304000053 ], [ 117.779745823000098, 2.073524204000023 ], [ 117.774810745000082, 2.073400725000056 ], [ 117.769156357000043, 2.066147781000041 ], [ 117.763310130000036, 2.072373336000055 ], [ 117.760645373000102, 2.073557134000055 ], [ 117.757675426000105, 2.073144261000039 ], [ 117.751454846000115, 2.063811240000064 ], [ 117.752136945000075, 2.058166125000071 ], [ 117.757157823000057, 2.054063891000055 ], [ 117.761599614000033, 2.053719319000038 ], [ 117.764930099000026, 2.049201993000054 ], [ 117.767532742000071, 2.050260671000046 ], [ 117.76986118800005, 2.055000645000064 ], [ 117.773823328000049, 2.047564526000031 ], [ 117.783706033000044, 2.051186961000042 ], [ 117.786142493000057, 2.047666286000037 ], [ 117.786647285000072, 2.03755510600007 ], [ 117.788637900000026, 2.035207268000022 ], [ 117.801045779000106, 2.041011903000026 ], [ 117.797902663000059, 2.028254696000033 ], [ 117.764123777, 2.024522914000045 ], [ 117.738694187000078, 2.053264117000026 ], [ 117.71540338200009, 2.032839057000047 ], [ 117.706010329000037, 2.051340151000034 ], [ 117.718642681, 2.05605855500005 ], [ 117.722370219000027, 2.063626790000058 ], [ 117.712825343000077, 2.079320981000023 ], [ 117.738074704000041, 2.084743802000048 ], [ 117.769232058000057, 2.100043304000053 ] ] ], [ [ [ 117.832663887000081, 2.096115560000044 ], [ 117.906176766000044, 2.056911924000076 ], [ 117.910507024000026, 2.045522121000033 ], [ 117.885559281000042, 2.040773536000074 ], [ 117.883205823000026, 2.056019774000049 ], [ 117.881904868000106, 2.056907956000032 ], [ 117.87893714400002, 2.05720726900006 ], [ 117.872044846000108, 2.054626119000034 ], [ 117.869664173000047, 2.046581744000036 ], [ 117.870884039000089, 2.042054914000062 ], [ 117.867103068, 2.045996436000053 ], [ 117.863661713000056, 2.045330060000026 ], [ 117.8624762930001, 2.035565138000038 ], [ 117.842654359000107, 2.041965123000068 ], [ 117.802278117000014, 2.026769990000048 ], [ 117.806990852000013, 2.048695190000046 ], [ 117.805984368000054, 2.056694092000043 ], [ 117.813495449000015, 2.058819776000064 ], [ 117.81771285800005, 2.061781779000057 ], [ 117.822408666000115, 2.068311367000035 ], [ 117.824808530000041, 2.074485173000028 ], [ 117.824493600000096, 2.07759648800004 ], [ 117.821795986000097, 2.080884035000054 ], [ 117.811867743000107, 2.083163958000057 ], [ 117.811361223000063, 2.089178315000026 ], [ 117.832663887000081, 2.096115560000044 ] ] ], [ [ [ 117.796950806000041, 2.110476242000061 ], [ 117.826228772000036, 2.107367031000024 ], [ 117.831532782000068, 2.09758301100004 ], [ 117.810083463000069, 2.088926703000027 ], [ 117.812050020000015, 2.081740267000043 ], [ 117.824159632000033, 2.074111803000051 ], [ 117.805434006000041, 2.057180518000052 ], [ 117.801863738000065, 2.042175948000022 ], [ 117.789048675000117, 2.036206328000048 ], [ 117.787326061000044, 2.047454671000025 ], [ 117.783942594000109, 2.052174558000047 ], [ 117.774207694000097, 2.048502068000062 ], [ 117.769744084000081, 2.056447748000039 ], [ 117.765174931000047, 2.049926944000049 ], [ 117.761490904000084, 2.054790265000065 ], [ 117.753256502000113, 2.05741981500006 ], [ 117.757863712000017, 2.072814635000043 ], [ 117.76916596500007, 2.065767873000027 ], [ 117.780209599000045, 2.073500652000064 ], [ 117.77676201700001, 2.097167398000067 ], [ 117.788460237000095, 2.097981889000039 ], [ 117.796950806000041, 2.110476242000061 ] ] ], [ [ [ 117.787659829000063, 2.100553362000028 ], [ 117.771103123000103, 2.106630997000025 ], [ 117.767767566000089, 2.118899275000047 ], [ 117.778018302000078, 2.120332544000064 ], [ 117.78969521800002, 2.110058606000052 ], [ 117.787659829000063, 2.100553362000028 ] ] ], [ [ [ 117.896681865, 2.079757270000073 ], [ 117.862103749000084, 2.087961027000063 ], [ 117.829719644000079, 2.115535750000049 ], [ 117.853800977000105, 2.131894451000051 ], [ 117.862838313000111, 2.146176691000051 ], [ 117.879268889000059, 2.140944445000059 ], [ 117.900251394000065, 2.125618296000027 ], [ 117.898328772000013, 2.10441581300006 ], [ 117.914294024000014, 2.089477625000029 ], [ 117.896681865, 2.079757270000073 ] ] ], [ [ [ 117.800228080000011, 2.179422181000064 ], [ 117.803042524000034, 2.121720496000023 ], [ 117.790016380000111, 2.113616497000066 ], [ 117.778047665000031, 2.122356607000029 ], [ 117.766120887000056, 2.120236497000064 ], [ 117.771695108000017, 2.104359195000029 ], [ 117.732168555000044, 2.087874247000059 ], [ 117.728656294000075, 2.139260173000025 ], [ 117.713757027000042, 2.163219148000053 ], [ 117.740008502000023, 2.169872434000069 ], [ 117.767824977000032, 2.165497019000043 ], [ 117.775610164000113, 2.171878136000032 ], [ 117.781819332000055, 2.182561350000071 ], [ 117.800228080000011, 2.179422181000064 ] ] ], [ [ [ 118.331029841000031, 2.140624959000036 ], [ 118.33408023800007, 2.132214440000041 ], [ 118.330535282000028, 2.130752607000034 ], [ 118.323345857000049, 2.13806299700002 ], [ 118.331029841000031, 2.140624959000036 ] ] ], [ [ [ 117.866573936, 2.156004200000041 ], [ 117.947332785000071, 2.136459137000031 ], [ 117.957422657000052, 2.121649195000032 ], [ 117.909013469000115, 2.099500822000039 ], [ 117.901446325000052, 2.128220972000065 ], [ 117.880038245000037, 2.144221557000037 ], [ 117.865243660000033, 2.14871789700004 ], [ 117.830586052000058, 2.118333212000039 ], [ 117.812523153000029, 2.122319424000068 ], [ 117.801911868000047, 2.18414630500007 ], [ 117.82699664300003, 2.191995826000039 ], [ 117.828711306000059, 2.185010612000042 ], [ 117.845372593000093, 2.168025586000056 ], [ 117.866573936, 2.156004200000041 ] ] ], [ [ [ 117.881035195000095, 2.155051017000062 ], [ 117.871430668000016, 2.156723562000025 ], [ 117.884999122000067, 2.15964466500003 ], [ 117.881035195000095, 2.155051017000062 ] ] ], [ [ [ 117.867180345000065, 2.157614692000038 ], [ 117.8444985000001, 2.169850281000038 ], [ 117.828230939000036, 2.191890485000044 ], [ 117.881627389000073, 2.176441027000067 ], [ 117.884048423000081, 2.161581069000022 ], [ 117.867180345000065, 2.157614692000038 ] ] ], [ [ [ 117.729614458000015, 2.182332650000035 ], [ 117.776406996000105, 2.181531308000046 ], [ 117.767857592000041, 2.166708233000065 ], [ 117.736897276000036, 2.172311580000041 ], [ 117.71608780300005, 2.164962657000046 ], [ 117.707526761000054, 2.170203247000074 ], [ 117.729614458000015, 2.182332650000035 ] ] ], [ [ [ 117.893709460000082, 2.168470549000062 ], [ 117.884892052000055, 2.17884525300002 ], [ 117.870683864000057, 2.189415319000034 ], [ 117.890436814000054, 2.189041938000059 ], [ 117.893709460000082, 2.168470549000062 ] ] ], [ [ [ 117.916226205000044, 2.15743475000005 ], [ 117.892869763000022, 2.190258076000021 ], [ 117.904527422000115, 2.206874446000029 ], [ 117.927481090000015, 2.174250347000054 ], [ 117.916226205000044, 2.15743475000005 ] ] ], [ [ [ 118.244418955000015, 2.282245414000045 ], [ 118.240650158000108, 2.285982036000064 ], [ 118.247568900000033, 2.285085750000064 ], [ 118.244418955000015, 2.282245414000045 ] ] ], [ [ [ 118.08697096100002, 2.289824846000045 ], [ 118.087893104000045, 2.288791485000047 ], [ 118.085956347000092, 2.288399211000069 ], [ 118.08697096100002, 2.289824846000045 ] ] ], [ [ [ 118.079968422000093, 2.313749875000042 ], [ 118.077805077000107, 2.314739767000049 ], [ 118.079032453000082, 2.318293648000065 ], [ 118.079968422000093, 2.313749875000042 ] ] ], [ [ [ 118.129671574000099, 2.334674826000025 ], [ 118.133492677000049, 2.330269634000047 ], [ 118.129751596, 2.330598738000049 ], [ 118.129671574000099, 2.334674826000025 ] ] ], [ [ [ 118.075594213000045, 2.337584899000035 ], [ 118.076696978000086, 2.32643755700002 ], [ 118.071800426000095, 2.338736155000049 ], [ 118.075594213000045, 2.337584899000035 ] ] ], [ [ [ 118.070380731000114, 2.338431835000051 ], [ 118.07091992800008, 2.338808369000049 ], [ 118.070640859000036, 2.337896730000068 ], [ 118.070380731000114, 2.338431835000051 ] ] ], [ [ [ 118.20557898800007, 2.383114142000068 ], [ 118.221927339000104, 2.358150287000058 ], [ 118.216686557000116, 2.348329831000058 ], [ 118.194159130000116, 2.376913778000073 ], [ 118.20557898800007, 2.383114142000068 ] ] ], [ [ [ 118.194396723000068, 2.373115491000021 ], [ 118.194203987000037, 2.372511584000051 ], [ 118.193986980000091, 2.372809969000059 ], [ 118.194396723000068, 2.373115491000021 ] ] ], [ [ [ 118.016106370000102, 2.37915227000002 ], [ 118.016445706000013, 2.379519997000045 ], [ 118.016341313000112, 2.379119188000061 ], [ 118.016106370000102, 2.37915227000002 ] ] ], [ [ [ 118.54914318200008, 1.357218774000046 ], [ 118.549043244000018, 1.357914766000022 ], [ 118.549471547000053, 1.357807691000062 ], [ 118.54914318200008, 1.357218774000046 ] ] ], [ [ [ 118.548871923000092, 1.358071811000059 ], [ 118.549275242000022, 1.358496544000047 ], [ 118.549243119000039, 1.358036119000076 ], [ 118.548871923000092, 1.358071811000059 ] ] ], [ [ [ 118.545214969000085, 1.360612282000034 ], [ 118.548776626000063, 1.359278197000037 ], [ 118.548229350000042, 1.358237183000028 ], [ 118.545214969000085, 1.360612282000034 ] ] ], [ [ [ 118.48967604500001, 1.361889433000044 ], [ 118.487076484000113, 1.363679581000042 ], [ 118.488304286000016, 1.364564741000038 ], [ 118.48967604500001, 1.361889433000044 ] ] ], [ [ [ 118.527123848000087, 1.366450103000034 ], [ 118.518291289000103, 1.361291431000041 ], [ 118.517413268000041, 1.362295564000021 ], [ 118.521672503000104, 1.368279908000034 ], [ 118.527123848000087, 1.366450103000034 ] ] ], [ [ [ 118.543737965000105, 1.368099004000044 ], [ 118.544864029000109, 1.364795683000068 ], [ 118.543136541000081, 1.364748094000049 ], [ 118.543737965000105, 1.368099004000044 ] ] ], [ [ [ 118.49173767700006, 1.371240525000076 ], [ 118.49108332600008, 1.372894250000058 ], [ 118.492118391000076, 1.372656304000031 ], [ 118.49173767700006, 1.371240525000076 ] ] ], [ [ [ 118.555067471000029, 1.370487289000039 ], [ 118.558120320000057, 1.373615685000061 ], [ 118.55966697000008, 1.374400907000052 ], [ 118.562617501000091, 1.37324686900007 ], [ 118.555067471000029, 1.370487289000039 ] ] ], [ [ [ 118.444439966000118, 1.374823763000052 ], [ 118.445110974000045, 1.374852317000034 ], [ 118.44535367900005, 1.373924327000054 ], [ 118.444439966000118, 1.374823763000052 ] ] ], [ [ [ 118.462088733000087, 1.376965044000031 ], [ 118.464694243000054, 1.374526096000068 ], [ 118.462897749000035, 1.372574938000071 ], [ 118.462088733000087, 1.376965044000031 ] ] ], [ [ [ 118.53207037300001, 1.384430186000031 ], [ 118.533712201000071, 1.386214782000025 ], [ 118.532891287000098, 1.38393049900003 ], [ 118.53207037300001, 1.384430186000031 ] ] ], [ [ [ 118.448484325000095, 1.397558418000074 ], [ 118.45242074600003, 1.386818325000036 ], [ 118.444438646000094, 1.380274311000051 ], [ 118.438224943000023, 1.394896500000073 ], [ 118.448484325000095, 1.397558418000074 ] ] ], [ [ [ 118.532599856000047, 1.388073514000041 ], [ 118.534056086000078, 1.392556418000026 ], [ 118.54263642300009, 1.393027552000035 ], [ 118.532599856000047, 1.388073514000041 ] ] ], [ [ [ 118.541145399000015, 1.395308011000054 ], [ 118.542063144000053, 1.394146886000044 ], [ 118.541423394000049, 1.394088562000036 ], [ 118.541145399000015, 1.395308011000054 ] ] ], [ [ [ 118.460049075000029, 1.399464354000031 ], [ 118.459770678000041, 1.399585707000028 ], [ 118.460705806000078, 1.399978318000024 ], [ 118.460049075000029, 1.399464354000031 ] ] ], [ [ [ 118.422890908000113, 1.405884914000069 ], [ 118.42434713800003, 1.404547657000023 ], [ 118.421772561000012, 1.404828433000034 ], [ 118.422890908000113, 1.405884914000069 ] ] ], [ [ [ 118.500261287000058, 1.412052301000074 ], [ 118.500927536000063, 1.412499639000032 ], [ 118.500446884000098, 1.411952363000069 ], [ 118.500261287000058, 1.412052301000074 ] ] ], [ [ [ 118.505364922000012, 1.416636418000053 ], [ 118.506583206000073, 1.414256957000021 ], [ 118.503404246000059, 1.413800101000049 ], [ 118.505364922000012, 1.416636418000053 ] ] ], [ [ [ 118.470237462000114, 1.464213083000061 ], [ 118.472421807000046, 1.454458879000072 ], [ 118.473809826000092, 1.460466622000069 ], [ 118.481626355000117, 1.453613774000075 ], [ 118.476520648000019, 1.448140011000021 ], [ 118.48365367100007, 1.440024202000075 ], [ 118.491795195, 1.448948965000056 ], [ 118.488130621000096, 1.441330574000062 ], [ 118.492115019000039, 1.445130401000029 ], [ 118.499996843000076, 1.440639168000075 ], [ 118.489073077000057, 1.438663224000038 ], [ 118.487555361000091, 1.435152612000024 ], [ 118.494260302000043, 1.434689524000021 ], [ 118.493119855000032, 1.420795330000033 ], [ 118.502109819000111, 1.416098462000036 ], [ 118.495483507000017, 1.407706422000047 ], [ 118.505075818000023, 1.412012332000074 ], [ 118.505567216000031, 1.399450758000057 ], [ 118.507517884000094, 1.410649846000069 ], [ 118.512959280000018, 1.41059201500002 ], [ 118.515994283000055, 1.395654751000052 ], [ 118.530137873000058, 1.386154980000072 ], [ 118.502538230000027, 1.380399283000031 ], [ 118.475277153000093, 1.398838563000027 ], [ 118.465890117000072, 1.424057358000027 ], [ 118.481886281000016, 1.432256822000056 ], [ 118.46593546500003, 1.439652187000036 ], [ 118.470787035000058, 1.45389711100006 ], [ 118.461926074000075, 1.450926867000021 ], [ 118.457316116000015, 1.462382484000045 ], [ 118.470237462000114, 1.464213083000061 ] ] ], [ [ [ 118.481549989000086, 1.445844482000041 ], [ 118.485456311, 1.444237632000068 ], [ 118.482363765000059, 1.44283208500002 ], [ 118.481549989000086, 1.445844482000041 ] ] ], [ [ [ 118.480159630000117, 1.448906135000072 ], [ 118.483757375000096, 1.447892484000022 ], [ 118.481093133000059, 1.445830206000039 ], [ 118.480159630000117, 1.448906135000072 ] ] ], [ [ [ 118.534022189000098, 1.466584630000057 ], [ 118.533558194000079, 1.467482877000066 ], [ 118.534159008000074, 1.466667911000059 ], [ 118.534022189000098, 1.466584630000057 ] ] ], [ [ [ 118.397817303000011, 2.084518864000074 ], [ 118.400595079000027, 2.086689258000035 ], [ 118.402410750000058, 2.085064988000056 ], [ 118.397817303000011, 2.084518864000074 ] ] ], [ [ [ 118.537692180000022, 2.161233337000056 ], [ 118.561238066000101, 2.125247496000043 ], [ 118.562820429000112, 2.116869675000032 ], [ 118.538713286000075, 2.137467400000048 ], [ 118.505119481000065, 2.136227563000034 ], [ 118.515132379000079, 2.160205451000024 ], [ 118.537692180000022, 2.161233337000056 ] ] ], [ [ [ 118.58380372900001, 2.266197337000051 ], [ 118.58288248000008, 2.266649995000023 ], [ 118.58358157300006, 2.266975247000062 ], [ 118.58380372900001, 2.266197337000051 ] ] ], [ [ [ 118.583609046000106, 2.269052302000034 ], [ 118.583519267000042, 2.269177307000064 ], [ 118.583699195, 2.269267557000035 ], [ 118.583609046000106, 2.269052302000034 ] ] ], [ [ [ 118.58194276800009, 2.292553772000076 ], [ 118.581651830000055, 2.292753178000055 ], [ 118.581964008000114, 2.292833230000042 ], [ 118.58194276800009, 2.292553772000076 ] ] ], [ [ [ 118.574627689000067, 2.29987268800005 ], [ 118.574582704000022, 2.300498702000027 ], [ 118.574802916000067, 2.300010320000069 ], [ 118.574627689000067, 2.29987268800005 ] ] ], [ [ [ 118.846551822000038, 1.113407627000072 ], [ 118.836786514000096, 1.11554914200002 ], [ 118.837557459000095, 1.119789342000047 ], [ 118.845623832000115, 1.118590093000023 ], [ 118.846551822000038, 1.113407627000072 ] ] ], [ [ [ 118.786182481000083, 1.13124932300002 ], [ 118.78957321300004, 1.13251638600002 ], [ 118.794736643000078, 1.126853269000037 ], [ 118.786182481000083, 1.13124932300002 ] ] ], [ [ [ 118.777211378000061, 1.153081572000076 ], [ 118.786552963000076, 1.139274749000037 ], [ 118.786931297000024, 1.134420649000049 ], [ 118.77580446200011, 1.139672595000036 ], [ 118.777211378000061, 1.153081572000076 ] ] ], [ [ [ 118.878768779000097, 1.154245677000063 ], [ 118.879411234000031, 1.152675232000036 ], [ 118.878102530000092, 1.153948244000048 ], [ 118.878768779000097, 1.154245677000063 ] ] ], [ [ [ 118.904739115000098, 1.515517673000033 ], [ 118.904614560000027, 1.517211528000075 ], [ 118.9115952840001, 1.52346303500002 ], [ 118.904739115000098, 1.515517673000033 ] ] ], [ [ [ 118.631037848, 1.525708886000075 ], [ 118.638967410000078, 1.524648274000072 ], [ 118.630287435000014, 1.524612377000039 ], [ 118.631037848, 1.525708886000075 ] ] ], [ [ [ 118.950205476000065, 1.560277842000062 ], [ 118.945733241000084, 1.561285917000021 ], [ 118.950888291000069, 1.562285012000075 ], [ 118.950205476000065, 1.560277842000062 ] ] ], [ [ [ 119.035658467000076, 1.780396129000053 ], [ 119.036319958000036, 1.78156206500006 ], [ 119.037067108000088, 1.78129556500005 ], [ 119.035658467000076, 1.780396129000053 ] ] ], [ [ [ 118.99667235000004, 1.79012941000002 ], [ 118.995586284000069, 1.788079994000043 ], [ 118.993747054000096, 1.788932574000057 ], [ 118.99667235000004, 1.79012941000002 ] ] ], [ [ [ 118.731855250000081, 2.101547946000039 ], [ 118.729797448000113, 2.102405316000045 ], [ 118.734010350000062, 2.104605094000021 ], [ 118.731855250000081, 2.101547946000039 ] ] ], [ [ [ 118.73591930900011, 2.114224336000063 ], [ 118.734176746000117, 2.113944641000046 ], [ 118.734064205000095, 2.115332170000045 ], [ 118.73591930900011, 2.114224336000063 ] ] ], [ [ [ 118.607335622000051, 2.188975550000066 ], [ 118.607252378000112, 2.187997084000074 ], [ 118.606829895000033, 2.188659098000073 ], [ 118.607335622000051, 2.188975550000066 ] ] ], [ [ [ 118.652020481000022, 2.219140416000073 ], [ 118.653018742000086, 2.218490384000063 ], [ 118.652287681000075, 2.21815047900003 ], [ 118.652020481000022, 2.219140416000073 ] ] ], [ [ [ 118.651854593000053, 2.220973919000073 ], [ 118.651727460000075, 2.21958077000005 ], [ 118.650932737000062, 2.220315834000075 ], [ 118.651854593000053, 2.220973919000073 ] ] ], [ [ [ 118.650917632000073, 2.220721995000076 ], [ 118.650877043000037, 2.220797412000024 ], [ 118.650893481000026, 2.220821082000043 ], [ 118.650917632000073, 2.220721995000076 ] ] ], [ [ [ 118.647965262000071, 2.226424421000047 ], [ 118.647472109000091, 2.226137846000029 ], [ 118.647531650000019, 2.226635470000076 ], [ 118.647965262000071, 2.226424421000047 ] ] ], [ [ [ 118.638493864000111, 2.231121391000045 ], [ 118.638232793000043, 2.229040607000059 ], [ 118.636924035000106, 2.230695465000053 ], [ 118.638493864000111, 2.231121391000045 ] ] ], [ [ [ 118.644575045000011, 2.231519770000034 ], [ 118.643260804000079, 2.231440492000047 ], [ 118.643511868000019, 2.232624620000024 ], [ 118.644575045000011, 2.231519770000034 ] ] ], [ [ [ 118.634776252000051, 2.234088147000023 ], [ 118.635478635000027, 2.232709252000063 ], [ 118.634309793000057, 2.233707843000047 ], [ 118.634776252000051, 2.234088147000023 ] ] ], [ [ [ 118.629608019000102, 2.23672636200007 ], [ 118.631017004000114, 2.236863189000076 ], [ 118.630693851000046, 2.236303644000031 ], [ 118.629608019000102, 2.23672636200007 ] ] ], [ [ [ 118.572162999000057, 2.311875754000027 ], [ 118.598482784000112, 2.280290878000073 ], [ 118.637271102000113, 2.248930510000037 ], [ 118.593251551000094, 2.27464672800005 ], [ 118.578659281000114, 2.299220229000071 ], [ 118.570471829000098, 2.305924455000024 ], [ 118.563702469000077, 2.278936609000027 ], [ 118.567717002000109, 2.247382481000045 ], [ 118.592565209000099, 2.214591278000057 ], [ 118.606574772000045, 2.209900552000022 ], [ 118.62202496000009, 2.189317474000063 ], [ 118.648601225000107, 2.173452179000037 ], [ 118.653502434000075, 2.162645013000031 ], [ 118.605135439000037, 2.196882901000038 ], [ 118.608775988000048, 2.188897111000074 ], [ 118.598036082000021, 2.194861957000057 ], [ 118.564295792000053, 2.242082110000069 ], [ 118.562308433000112, 2.299882307000075 ], [ 118.572162999000057, 2.311875754000027 ] ] ], [ [ [ 118.637812049000104, 2.249328492000075 ], [ 118.637673009000082, 2.249459733000037 ], [ 118.63785137800005, 2.249402623000037 ], [ 118.637812049000104, 2.249328492000075 ] ] ], [ [ [ 118.594426257, 2.258265729000072 ], [ 118.593799145000048, 2.258317783000052 ], [ 118.594092499000112, 2.258766664000063 ], [ 118.594426257, 2.258265729000072 ] ] ], [ [ [ 118.597697249000021, 2.257007161000047 ], [ 118.600025602000073, 2.260338034000029 ], [ 118.602710128000012, 2.257278261000067 ], [ 118.597697249000021, 2.257007161000047 ] ] ], [ [ [ 118.589016100000094, 2.262486969000065 ], [ 118.591870197000048, 2.262203864000071 ], [ 118.59174624700006, 2.260011624000072 ], [ 118.589016100000094, 2.262486969000065 ] ] ], [ [ [ 118.594090600000072, 2.262926687000061 ], [ 118.594873324000105, 2.263057426000046 ], [ 118.594929838000098, 2.262530946000027 ], [ 118.594090600000072, 2.262926687000061 ] ] ], [ [ [ 118.592423208000014, 2.266175712000063 ], [ 118.592193519000034, 2.266694726000026 ], [ 118.592621387, 2.26642625900007 ], [ 118.592423208000014, 2.266175712000063 ] ] ], [ [ [ 118.60036272800005, 2.279488386000025 ], [ 118.600271662000068, 2.279738296000062 ], [ 118.600351593000028, 2.279743949000022 ], [ 118.60036272800005, 2.279488386000025 ] ] ] ] } },
{ "type": "Feature", "properties": { "kemendagri_kab_code": 6407, "kemendagri_kab_name": "Kabupaten Kutai Barat", "kemendagri_prov_code": 64, "kemendagri_prov_name": "Kalimantan Timur" }, "geometry": { "type": "Polygon", "coordinates": [ [ [ 115.688831998000069, 0.329684078000071 ], [ 115.703082998000014, 0.314126078000072 ], [ 115.723393998, 0.30540707800003 ], [ 115.730542998000033, 0.31110707800002 ], [ 115.750011998000105, 0.306098078000048 ], [ 115.78179999800011, 0.28445307800007 ], [ 115.76764399800004, 0.25742907800003 ], [ 115.767407865000109, 0.227031187000023 ], [ 115.792024402000038, 0.231615224000052 ], [ 115.795957998000063, 0.213058078000074 ], [ 115.804520998000044, 0.20887607800006 ], [ 115.827229998, 0.218785078000053 ], [ 115.83818799800008, 0.185947078000027 ], [ 115.850734998, 0.186274078000054 ], [ 115.86143499800005, 0.169905078000056 ], [ 115.875777998000103, 0.166411078000067 ], [ 115.902262998000083, 0.122657078000032 ], [ 115.947583998000027, 0.116801078000037 ], [ 115.947223998000027, 0.109577078000029 ], [ 115.959076998000114, 0.108844078000061 ], [ 115.961809998000035, 0.100603078000063 ], [ 115.975473998000098, 0.10641707800005 ], [ 115.981423998000082, 0.085821078000038 ], [ 115.976633998000011, 0.07353507800002 ], [ 115.99403299800008, 0.060685078000063 ], [ 115.989337762000105, 0.020679426000072 ], [ 115.978634184000043, 0.014652540000043 ], [ 115.967700530000116, 0.023036679000029 ], [ 115.966568541000015, 0.001970517000075 ], [ 115.947690438000109, -0.01950902699997 ], [ 115.960790700000075, -0.057843964999961 ], [ 115.977011111000024, -0.074352499999975 ], [ 115.971279152000079, -0.084320799999944 ], [ 115.98873096300008, -0.090519140999959 ], [ 115.99825, -0.104083332999949 ], [ 116.007, -0.102638888999934 ], [ 116.034123085000033, -0.145663853999963 ], [ 116.065500861000032, -0.167823547999944 ], [ 116.160905719000084, -0.178283902999965 ], [ 116.164951668000072, -0.21396797999995 ], [ 116.277394022000067, -0.289036092999936 ], [ 116.306385541000054, -0.32984546199998 ], [ 116.301287778000074, -0.348510555999951 ], [ 116.322499640000046, -0.39019000299993 ], [ 116.300836208000078, -0.386254801999939 ], [ 116.289650735, -0.39979199499993 ], [ 116.271083333000092, -0.403 ], [ 116.236225000000104, -0.400338888999954 ], [ 116.235375, -0.42515 ], [ 116.265846206000106, -0.449683018999963 ], [ 116.250568203000057, -0.485929964999968 ], [ 116.255000000000109, -0.496014 ], [ 116.287, -0.52406 ], [ 116.32, -0.534199 ], [ 116.375000000000114, -0.615903 ], [ 116.375000000000114, -0.632569 ], [ 116.409497000000101, -0.659312 ], [ 116.44936804800011, -0.712179245999948 ], [ 116.455, -0.73505 ], [ 116.484848, -0.734826 ], [ 116.495919782000101, -0.75183369299998 ], [ 116.517177741000069, -0.748219042999949 ], [ 116.522336080000059, -0.754470001999948 ], [ 116.505838158000074, -0.765299067999933 ], [ 116.508696965000013, -0.784801189999939 ], [ 116.500844456000095, -0.783084466999981 ], [ 116.49064695800007, -0.807069945999956 ], [ 116.5008610000001, -0.858139 ], [ 116.467680557000108, -0.862384144999965 ], [ 116.450898, -0.883634 ], [ 116.454177909, -0.904278818999956 ], [ 116.461229000000117, -0.916587 ], [ 116.469966000000113, -0.916761 ], [ 116.479509, -0.944555 ], [ 116.443445000000111, -0.953331 ], [ 116.440421, -0.969956 ], [ 116.395438, -0.9738 ], [ 116.384456000000114, -0.966466 ], [ 116.370008349000045, -0.996255596999958 ], [ 116.315417, -1.029972 ], [ 116.299585, -1.051897 ], [ 116.262137, -1.055996 ], [ 116.248249875000056, -1.084870873999932 ], [ 116.228949420000049, -1.086377950999974 ], [ 116.212086407000015, -1.10409053799998 ], [ 116.139337309000098, -1.088465450999934 ], [ 116.133290953000028, -1.092717188999927 ], [ 116.115337127000089, -1.082697674999963 ], [ 116.093008668000039, -1.085783173999971 ], [ 116.075644538, -1.07623857599998 ], [ 116.018613585000026, -1.092709918999958 ], [ 116.012612584000067, -1.08112273699993 ], [ 115.985333, -1.081806 ], [ 115.978889, -1.11325 ], [ 115.95179, -1.125632 ], [ 115.921841, -1.154045 ], [ 115.917879, -1.142253 ], [ 115.903452, -1.137604 ], [ 115.895259, -1.105174 ], [ 115.869741, -1.101865 ], [ 115.844442, -1.110544 ], [ 115.841993708000018, -1.096339780999926 ], [ 115.819750246000012, -1.088581221999959 ], [ 115.766438207000078, -1.137696479999931 ], [ 115.756469237000033, -1.133512610999958 ], [ 115.74959942800001, -1.104897016999928 ], [ 115.710937871000056, -1.074963240999978 ], [ 115.699931191000019, -1.029714360999947 ], [ 115.6792388, -1.008946560999959 ], [ 115.624620159000074, -1.01659581499996 ], [ 115.630891980000115, -0.976322241999981 ], [ 115.591394369000113, -0.934955278999951 ], [ 115.547258108000051, -0.854420822999941 ], [ 115.492935386000113, -0.874965463999956 ], [ 115.486826641000107, -0.871393259999934 ], [ 115.477598599000089, -0.881958379999958 ], [ 115.473889018000023, -0.872512624999956 ], [ 115.446432934000086, -0.878425833999927 ], [ 115.413651106000088, -0.87354823499993 ], [ 115.40795520000006, -0.868686226999955 ], [ 115.416059167000071, -0.864714900999957 ], [ 115.399203304000025, -0.845259403999933 ], [ 115.39766084200005, -0.864879641999948 ], [ 115.381586371000026, -0.851803212999926 ], [ 115.37530852000009, -0.877157667999938 ], [ 115.357248981000112, -0.863574125999946 ], [ 115.360251547000075, -0.876602559999981 ], [ 115.349941489000116, -0.891193534999957 ], [ 115.348427821000087, -0.863158351999971 ], [ 115.336784745000045, -0.841331891999971 ], [ 115.341716979000012, -0.83908256899997 ], [ 115.325409720000039, -0.832209932999945 ], [ 115.321124879000081, -0.816747422999924 ], [ 115.308603463000054, -0.815386090999937 ], [ 115.299991017000025, -0.797235175999958 ], [ 115.289464906000035, -0.799423210999976 ], [ 115.285964650000096, -0.771298114999979 ], [ 115.300921869000035, -0.761200273999975 ], [ 115.300799608000034, -0.74497949199997 ], [ 115.322691564000024, -0.726626371999942 ], [ 115.346586286000047, -0.720445201999951 ], [ 115.337277729000107, -0.693051833999959 ], [ 115.341937782000059, -0.68623066899994 ], [ 115.333038909000038, -0.685514241999954 ], [ 115.336183404000053, -0.678502463999962 ], [ 115.325649631000033, -0.671523109999953 ], [ 115.357067755000116, -0.670455367999978 ], [ 115.372701428000028, -0.653686276999963 ], [ 115.377737638000099, -0.629488797999954 ], [ 115.369773887000065, -0.632531501999949 ], [ 115.356519752000054, -0.613381472999947 ], [ 115.374125511000102, -0.598407835999978 ], [ 115.380933347000109, -0.572243784999955 ], [ 115.356673335000096, -0.549200027999973 ], [ 115.336741418000088, -0.543528456999979 ], [ 115.305978788000061, -0.545985365999968 ], [ 115.29044285000009, -0.555449161999945 ], [ 115.282642458000055, -0.548205716999973 ], [ 115.293607224000084, -0.516474449999976 ], [ 115.307106427, -0.511031905999971 ], [ 115.297474640000019, -0.494144442999925 ], [ 115.307102002000079, -0.486022468999977 ], [ 115.297494577000066, -0.478837812999927 ], [ 115.298939057000098, -0.456279822999932 ], [ 115.27353154900004, -0.454815105999955 ], [ 115.267305949000047, -0.43195048299998 ], [ 115.248325175000105, -0.411515259999931 ], [ 115.251640283000029, -0.402728800999967 ], [ 115.262618005000036, -0.400908817999948 ], [ 115.246038239000086, -0.379134686999976 ], [ 115.246388303000117, -0.367437443999961 ], [ 115.232715441000096, -0.36183406899994 ], [ 115.23721172, -0.341660232999971 ], [ 115.229348476000041, -0.335862805999966 ], [ 115.232811111000046, -0.323233008999978 ], [ 115.224904593000019, -0.311739870999929 ], [ 115.253237542000079, -0.302627 ], [ 115.248570550000068, -0.247760188999962 ], [ 115.260376220000012, -0.238922552999952 ], [ 115.273241003000066, -0.24333460899993 ], [ 115.274836855000103, -0.228116536999948 ], [ 115.298471378000045, -0.210432072999936 ], [ 115.286830983000073, -0.19339548399995 ], [ 115.256013081000106, -0.182329778999929 ], [ 115.241177375, -0.164572737999947 ], [ 115.257038820000048, -0.160684297999978 ], [ 115.270942897000054, -0.142688736999958 ], [ 115.286023458000045, -0.145156487999941 ], [ 115.287122968000062, -0.128077077999933 ], [ 115.309634168000116, -0.117833214999962 ], [ 115.316530783000076, -0.097065783999938 ], [ 115.308966619000103, -0.080457716999945 ], [ 115.29125848700005, -0.078069564999964 ], [ 115.291199750000033, -0.036448952999933 ], [ 115.313464859000078, -0.019670615999928 ], [ 115.315618297000015, -0.00266882699998 ], [ 115.335933343000079, -0.00161180899994 ], [ 115.390634952000028, 0.055584705000058 ], [ 115.410025588000053, 0.052133577000063 ], [ 115.440589742000043, 0.061935962000064 ], [ 115.461399065000023, 0.051912835000053 ], [ 115.461411543000054, 0.063538641000036 ], [ 115.508898531000114, 0.061746843000037 ], [ 115.523552420000101, 0.079507715000034 ], [ 115.542461400000093, 0.082584112000063 ], [ 115.557392032000052, 0.096467855000071 ], [ 115.580864523000059, 0.145399700000041 ], [ 115.606693086000064, 0.140571900000054 ], [ 115.656263712000055, 0.162933696000039 ], [ 115.660366031000081, 0.156394334000026 ], [ 115.677351694000095, 0.161933574000045 ], [ 115.691468358000066, 0.196252284000025 ], [ 115.713621896000063, 0.21482497900007 ], [ 115.714381703000072, 0.22516352100007 ], [ 115.711333719000095, 0.278291474000071 ], [ 115.684710904000099, 0.280584926000074 ], [ 115.683332161000067, 0.302487414000041 ], [ 115.67086121400007, 0.311288080000054 ], [ 115.688831998000069, 0.329684078000071 ] ] ] } },
{ "type": "Feature", "properties": { "kemendagri_kab_code": 6408, "kemendagri_kab_name": "Kabupaten Kutai Timur", "kemendagri_prov_code": 64, "kemendagri_prov_name": "Kalimantan Timur" }, "geometry": { "type": "MultiPolygon", "coordinates": [ [ [ [ 116.295165638000071, 1.864919319000023 ], [ 116.317334101000029, 1.846993903000055 ], [ 116.328302214000018, 1.817439385000057 ], [ 116.351025299000071, 1.803215098000067 ], [ 116.349535756000023, 1.779118297000025 ], [ 116.367064428000049, 1.777231116000053 ], [ 116.372106885000107, 1.78692376500004 ], [ 116.386108963000083, 1.787618314000042 ], [ 116.415597213000069, 1.822468075000074 ], [ 116.456939416000068, 1.794504804000042 ], [ 116.489307352000083, 1.785897347000059 ], [ 116.470547291000116, 1.759860637000031 ], [ 116.453150916000027, 1.760703696000064 ], [ 116.440217713000038, 1.747739797000065 ], [ 116.45222724000007, 1.742151297000021 ], [ 116.460454007000067, 1.724807130000045 ], [ 116.502134822000016, 1.713267089000055 ], [ 116.512895510000021, 1.723242018000064 ], [ 116.528104223000014, 1.723915126000065 ], [ 116.544091557000115, 1.695294929000056 ], [ 116.603744765000101, 1.692347764000033 ], [ 116.622144547000062, 1.673712497000054 ], [ 116.619548072000043, 1.667098818000056 ], [ 116.644722578000028, 1.664933030000043 ], [ 116.659006292000072, 1.642831403000059 ], [ 116.684491963000028, 1.643428813000071 ], [ 116.698571138000034, 1.665079390000074 ], [ 116.732983853000064, 1.680301461000056 ], [ 116.762149978000025, 1.682700581000063 ], [ 116.760151252000014, 1.693673340000032 ], [ 116.819790340000054, 1.679536481000071 ], [ 116.840475029000118, 1.692626909000069 ], [ 116.853354744000058, 1.671969294000064 ], [ 116.861293676000059, 1.680760758000076 ], [ 116.883372742, 1.669255640000074 ], [ 116.892903086000047, 1.675956786000029 ], [ 116.897955390000106, 1.669074084000044 ], [ 116.886873373000071, 1.656682597000042 ], [ 116.892055363000054, 1.652118315000052 ], [ 116.887421102000076, 1.641837019000036 ], [ 116.910909484000058, 1.64148651000005 ], [ 116.901489918000038, 1.609307658000034 ], [ 116.914666274000069, 1.603289387000075 ], [ 116.927048377, 1.60825651600004 ], [ 116.927249896000035, 1.576270092000073 ], [ 116.984520366000083, 1.522316541000066 ], [ 116.975890675000073, 1.491690239000036 ], [ 116.978624597000021, 1.472050165000041 ], [ 117.008547007000061, 1.410729380000021 ], [ 117.017668861000061, 1.406062667000072 ], [ 117.034934990000011, 1.42226024100006 ], [ 117.044056775000058, 1.414454540000065 ], [ 117.059010957000055, 1.417372317000059 ], [ 117.068311909000045, 1.405066527000031 ], [ 117.084968907000075, 1.413121515000057 ], [ 117.107794300000023, 1.394844360000036 ], [ 117.131129101000056, 1.391216658000076 ], [ 117.13594475900004, 1.381813643000044 ], [ 117.144804696000051, 1.388188089000039 ], [ 117.189198345000023, 1.378490552000073 ], [ 117.201426104, 1.39126722900005 ], [ 117.196375809000074, 1.397073173000024 ], [ 117.211777728000015, 1.409946723000076 ], [ 117.222622277000028, 1.385793136000075 ], [ 117.240795848000062, 1.381900327000039 ], [ 117.258808946000045, 1.418799328000034 ], [ 117.275356202000012, 1.421610907000058 ], [ 117.279809199000056, 1.44635211800005 ], [ 117.304500929000028, 1.438158256000065 ], [ 117.333914665000066, 1.451173447000031 ], [ 117.334025922000023, 1.488126924000028 ], [ 117.37341290300003, 1.513002680000056 ], [ 117.385805238000103, 1.584858297000039 ], [ 117.394029068, 1.590920592000032 ], [ 117.443038401000081, 1.554675719000045 ], [ 117.455708482000091, 1.557396721000032 ], [ 117.467803391000075, 1.528460950000067 ], [ 117.48541866700009, 1.513963713000066 ], [ 117.485850102000086, 1.501841438000042 ], [ 117.494527751000078, 1.501290734000065 ], [ 117.497404634000077, 1.509199518000059 ], [ 117.513032026000019, 1.511288124000032 ], [ 117.517140128000051, 1.53437354700003 ], [ 117.52863328, 1.536594141000023 ], [ 117.549046153000063, 1.598001651000061 ], [ 117.56005889700009, 1.596373975000063 ], [ 117.559852346000071, 1.589428846000033 ], [ 117.580522969000071, 1.612740634000033 ], [ 117.588282172000049, 1.602353106000066 ], [ 117.604590369000107, 1.608536956000023 ], [ 117.603026077000095, 1.595846815000073 ], [ 117.613983117000089, 1.588979300000062 ], [ 117.624035584000012, 1.594991465000021 ], [ 117.642427240000075, 1.59004999800004 ], [ 117.656891808000069, 1.630180780000046 ], [ 117.663809810000089, 1.629789714000026 ], [ 117.664422325000032, 1.671003013000075 ], [ 117.671829914000114, 1.668366129000049 ], [ 117.687133857000049, 1.683098130000076 ], [ 117.724903662000088, 1.695112827000059 ], [ 117.755306223000048, 1.678038755000046 ], [ 117.77236933800009, 1.658525986000029 ], [ 117.792379416000017, 1.61226926400002 ], [ 117.819691314000011, 1.597568359000036 ], [ 117.838678112000025, 1.515866920000065 ], [ 117.832193937000056, 1.487342992000038 ], [ 117.839931717000013, 1.472856684000021 ], [ 117.851958967000087, 1.46917580500002 ], [ 117.851375377000068, 1.447749819000023 ], [ 117.859193506000111, 1.450229653000065 ], [ 117.865240224000104, 1.439334527000028 ], [ 117.854250825, 1.419686812000066 ], [ 117.846406746000071, 1.428607199000055 ], [ 117.840786730000104, 1.421014054000068 ], [ 117.850009279, 1.387723888000039 ], [ 117.848077115000024, 1.374201088000063 ], [ 117.837165268000035, 1.365779231000033 ], [ 117.873444993000021, 1.360651240000038 ], [ 117.907350661, 1.341946972000073 ], [ 117.907000458000084, 1.324844760000076 ], [ 117.941061698000112, 1.279079674000059 ], [ 117.975211736, 1.252746281000043 ], [ 117.98179583700005, 1.257528892000039 ], [ 117.99455523600011, 1.201006714000073 ], [ 118.03845327800002, 1.161908174000075 ], [ 118.086337, 1.159123003000047 ], [ 118.149576996000064, 1.171137001000034 ], [ 118.187626003000105, 1.169936997000036 ], [ 118.222938000000113, 1.186892 ], [ 118.310014, 1.177775 ], [ 118.348879, 1.285082 ], [ 118.363992, 1.282254 ], [ 118.380579, 1.261754 ], [ 118.416805, 1.282984 ], [ 118.495184000000108, 1.287541 ], [ 118.522771, 1.277613 ], [ 118.573348, 1.232839 ], [ 118.588621000000103, 1.125601 ], [ 118.602413, 1.111708 ], [ 118.699329, 1.122177 ], [ 118.750746, 1.108554 ], [ 118.763737000000106, 1.089265 ], [ 118.75665, 1.073716 ], [ 118.77134500000011, 1.05167 ], [ 118.768411, 1.036783 ], [ 118.785692, 1.022827 ], [ 118.787149000000113, 0.995775 ], [ 118.830982, 0.995171 ], [ 118.841085, 0.984494 ], [ 118.856362000000104, 0.98539 ], [ 118.864462000000117, 1.006552 ], [ 118.902564, 1.008881 ], [ 118.917486, 1.017013 ], [ 118.924147, 1.035642 ], [ 118.940323, 1.038346 ], [ 118.95251522, 1.051535007000041 ], [ 118.966040670000098, 1.035862638000026 ], [ 118.978352001000076, 1.038554602000033 ], [ 118.987548142000037, 1.026913644000047 ], [ 118.978756430000089, 1.006514723000066 ], [ 118.987002225000083, 0.986213667000072 ], [ 118.964290270000106, 0.942617183000038 ], [ 118.935940309000102, 0.916329785000073 ], [ 118.906544871000051, 0.903006094000034 ], [ 118.899490663000051, 0.887423418000026 ], [ 118.906697399000109, 0.891054560000043 ], [ 118.892626669000038, 0.874892567000074 ], [ 118.855558278000103, 0.876922856000022 ], [ 118.824769704000119, 0.842644694000057 ], [ 118.824204186000088, 0.829372457000034 ], [ 118.815290405000042, 0.828396213000076 ], [ 118.816110628000047, 0.819316508000043 ], [ 118.795111386000031, 0.80169836400006 ], [ 118.787068808000072, 0.803107004000026 ], [ 118.797490847000063, 0.809445889000074 ], [ 118.794735431000049, 0.812072814000032 ], [ 118.759802594, 0.805589723000026 ], [ 118.725891435000108, 0.823769944000048 ], [ 118.708054995000111, 0.813450222000029 ], [ 118.707918176000021, 0.832301501000074 ], [ 118.672252297000114, 0.857450804000052 ], [ 118.650949815000104, 0.845822798000029 ], [ 118.63074825800004, 0.850629817000026 ], [ 118.621467301000052, 0.845403326000053 ], [ 118.589493901000083, 0.810359168000048 ], [ 118.5527345590001, 0.815576136000061 ], [ 118.54640995200009, 0.808447271000034 ], [ 118.442366857000025, 0.845148030000075 ], [ 118.433006058000046, 0.834504701000071 ], [ 118.42336686100009, 0.839339765000034 ], [ 118.412522800000033, 0.831618172000049 ], [ 118.415750207000087, 0.823878028000024 ], [ 118.367537568000103, 0.806247174000021 ], [ 118.343486275000032, 0.816799118000063 ], [ 118.34215176400005, 0.83853474600005 ], [ 118.320492671000011, 0.849908025000047 ], [ 118.211115404000111, 0.867064803000062 ], [ 118.063664258000017, 0.903340725000021 ], [ 118.051979122000034, 0.913077380000061 ], [ 118.056933240000035, 0.939665240000068 ], [ 118.008692919000055, 0.960018269000045 ], [ 118.00654109300001, 0.990333022000073 ], [ 117.991459494000082, 1.001055326000028 ], [ 117.995440333000033, 1.022109035000028 ], [ 117.980799965000074, 1.068115478000038 ], [ 117.953025706000062, 1.078168144000074 ], [ 117.948892872000101, 1.090896029000021 ], [ 117.927848868000069, 1.107100884000033 ], [ 117.915732003000016, 1.106610889000024 ], [ 117.912478739000107, 1.115000695000049 ], [ 117.906534846000113, 1.112388046000035 ], [ 117.898781967000104, 1.125871262000032 ], [ 117.89254087900008, 1.121949078000057 ], [ 117.893329075000111, 1.101507128000037 ], [ 117.885912142000052, 1.101025235000066 ], [ 117.883978235000086, 1.097497386000043 ], [ 117.886710644000118, 1.089560826000024 ], [ 117.884354978000033, 1.088858885000036 ], [ 117.893688413000064, 1.083296895000046 ], [ 117.897124950000034, 1.067327142000067 ], [ 117.922386002000053, 1.066105487000073 ], [ 117.922362455000098, 1.055521595000073 ], [ 117.93376007300003, 1.055266993000032 ], [ 117.931262829000048, 1.053756729000042 ], [ 117.927793120000047, 1.050179594000042 ], [ 117.92820357700009, 1.049436013000047 ], [ 117.926270265000085, 1.049031504000027 ], [ 117.93126118400005, 1.037330505000057 ], [ 117.944853855000019, 1.032863067000051 ], [ 117.94474677900007, 1.024148291000074 ], [ 117.952587688000108, 1.007484076000026 ], [ 117.960368526000025, 1.002715636000062 ], [ 117.963166772000022, 0.987696478000032 ], [ 117.973237246000053, 0.979173844000059 ], [ 117.968821186000014, 0.95887551800007 ], [ 117.979196012000102, 0.944952987000022 ], [ 117.976622941000073, 0.929931097000065 ], [ 118.019260016000089, 0.866525030000048 ], [ 118.02833947900001, 0.830491645000052 ], [ 118.018923912000105, 0.815752668000073 ], [ 118.02126768200003, 0.802689427000075 ], [ 118.029857536, 0.801832821000062 ], [ 118.029210101000103, 0.78042638200003 ], [ 117.971033484000031, 0.77363503600003 ], [ 117.95933178000007, 0.792603445000054 ], [ 117.923152567000102, 0.80659556300003 ], [ 117.914347780000071, 0.836999965000075 ], [ 117.874945780000076, 0.824567576000049 ], [ 117.874598757000058, 0.807036704000041 ], [ 117.855515449000109, 0.813537906000022 ], [ 117.813632176000056, 0.798280802000022 ], [ 117.752027464000093, 0.756385270000067 ], [ 117.711263005000092, 0.697158468000055 ], [ 117.710370707000038, 0.62739029200003 ], [ 117.679396467000061, 0.619629171000042 ], [ 117.668881047000013, 0.609576122000021 ], [ 117.65936427400004, 0.565320031000056 ], [ 117.646864172000051, 0.555377056000054 ], [ 117.651669843000036, 0.552378618000034 ], [ 117.639557197000045, 0.533881521000069 ], [ 117.645799712000098, 0.528791378000051 ], [ 117.638875481000014, 0.53244742000004 ], [ 117.628562262000059, 0.509247487000039 ], [ 117.604810244000078, 0.487441314000023 ], [ 117.601165858000059, 0.462868540000045 ], [ 117.610231605000081, 0.428866041000049 ], [ 117.583676819000061, 0.404500360000043 ], [ 117.572017461000087, 0.404738307000059 ], [ 117.576596388000098, 0.411776929000041 ], [ 117.566371726000057, 0.423027767000065 ], [ 117.553124541000102, 0.421891777000042 ], [ 117.565117024000074, 0.418277440000054 ], [ 117.556682825000053, 0.408055672000046 ], [ 117.564594534000094, 0.405692867000027 ], [ 117.566640868000036, 0.391320923000023 ], [ 117.552254552000022, 0.361711266000043 ], [ 117.550794217000089, 0.331270404000065 ], [ 117.54106166400004, 0.317105534000063 ], [ 117.521669057000054, 0.321317180000051 ], [ 117.534051771, 0.287566905000062 ], [ 117.516172214000107, 0.268989177000037 ], [ 117.522392413000034, 0.264581312000075 ], [ 117.517609695000033, 0.260274487000061 ], [ 117.530482580000012, 0.257990204000066 ], [ 117.516650523000067, 0.244394121000028 ], [ 117.526858410000045, 0.236256364000042 ], [ 117.52807193600006, 0.220337770000071 ], [ 117.52083837400005, 0.212318986000071 ], [ 117.506840294000085, 0.214307607000023 ], [ 117.492655475000106, 0.198166250000043 ], [ 117.46916666900006, 0.199166668000032 ], [ 117.467776130000061, 0.175769107000065 ], [ 117.449722223000094, 0.16694444500007 ], [ 117.428263100000095, 0.105870291000031 ], [ 117.402915018000044, 0.091807546000041 ], [ 117.397361406000073, 0.08086673400004 ], [ 117.388333333000105, 0.022500004000051 ], [ 117.370661, 0.022823 ], [ 117.366952616000049, 0.031219407000037 ], [ 117.348468964000062, 0.027907196000058 ], [ 117.336190946000102, 0.038662360000046 ], [ 117.336666837000053, 0.050997486000028 ], [ 117.306790325000065, 0.033337126000049 ], [ 117.27223579200006, 0.037220406000074 ], [ 117.259201106000091, 0.04328089400002 ], [ 117.261290742000028, 0.052784147000068 ], [ 117.247277350000104, 0.05735168700005 ], [ 117.243555170000036, 0.071231968000063 ], [ 117.230928454000036, 0.074956016000044 ], [ 117.231736928000032, 0.08309956100004 ], [ 117.225164894000045, 0.085876355000039 ], [ 117.220200137, 0.076583826000046 ], [ 117.21005845500008, 0.082821916000057 ], [ 117.207586467000056, 0.118609132000074 ], [ 117.172627778000106, 0.150955556000042 ], [ 117.181854724000118, 0.205398928000022 ], [ 117.176635880000049, 0.274177910000049 ], [ 117.200117710000086, 0.302713553000046 ], [ 117.195854225000062, 0.309030381000071 ], [ 117.215652448000014, 0.339410125000029 ], [ 117.214458012000023, 0.349637007000069 ], [ 117.1829237500001, 0.349380641000039 ], [ 117.144371697000111, 0.370571403000042 ], [ 117.10666930900004, 0.438202463000039 ], [ 117.078553522000107, 0.44832953100007 ], [ 117.074230181000075, 0.464822484000024 ], [ 117.056783799000073, 0.476074245000063 ], [ 117.024996268000109, 0.545188178000046 ], [ 117.009784102000026, 0.550126043000034 ], [ 117.009382427000105, 0.56230333600007 ], [ 117.000208980000025, 0.56551089800007 ], [ 116.993108016000065, 0.583307528000034 ], [ 116.963480348000076, 0.556982168000047 ], [ 116.964890482000101, 0.540869599000075 ], [ 116.94028, 0.539848 ], [ 116.947306742000023, 0.521975076000047 ], [ 116.938349006000067, 0.434653446000027 ], [ 116.904034093000064, 0.390037280000058 ], [ 116.8739, 0.389605 ], [ 116.876586626000062, 0.36613886400005 ], [ 116.847757850000107, 0.300152290000028 ], [ 116.851613056000019, 0.270546345000071 ], [ 116.826391564, 0.235943684000063 ], [ 116.803642579000098, 0.225985889000071 ], [ 116.776639, 0.22725 ], [ 116.652472000000103, 0.183889 ], [ 116.469219511, 0.183895938000035 ], [ 116.45925795200003, 0.289543332000051 ], [ 116.459470286000055, 0.295017506000022 ], [ 116.476332654000089, 0.295002128000021 ], [ 116.470797, 0.309043 ], [ 116.402211, 0.356169 ], [ 116.361563, 0.4133 ], [ 116.337422, 0.431473 ], [ 116.334299000000101, 0.449077 ], [ 116.32347, 0.458374 ], [ 116.288264, 0.465243 ], [ 116.279617037000094, 0.504046606000031 ], [ 116.285570324000105, 0.511510885000064 ], [ 116.262317430000053, 0.529061628000022 ], [ 116.264299158000085, 0.552872673000024 ], [ 116.255848043000015, 0.552545620000046 ], [ 116.254167466000013, 0.565730230000042 ], [ 116.273875519000057, 0.583768444000043 ], [ 116.242017673000078, 0.631985695000026 ], [ 116.250515750000091, 0.639731171000051 ], [ 116.236972222000077, 0.652416667000068 ], [ 116.224380049000047, 0.709775017000027 ], [ 116.200336079000067, 0.720513090000054 ], [ 116.180055442000025, 0.719301059000031 ], [ 116.170469699000023, 0.73263193300005 ], [ 116.142385519000072, 0.722491790000049 ], [ 116.138433743000064, 0.737528996000037 ], [ 116.147036950000029, 0.749895963000029 ], [ 116.123426223000024, 0.754827421000073 ], [ 116.100488630000086, 0.781707710000035 ], [ 116.085117694000019, 0.787712397000064 ], [ 116.086751469000092, 0.799948142000062 ], [ 116.07566732500004, 0.809410532000072 ], [ 116.059754790000056, 0.806495453000025 ], [ 116.032748412000046, 0.775069741000038 ], [ 116.014970873000038, 0.777637147000064 ], [ 116.01120559900005, 0.770812845000023 ], [ 115.993865391000099, 0.780271633000041 ], [ 115.991112125000086, 0.80327926800004 ], [ 115.968103233000079, 0.820918720000066 ], [ 115.972119709000026, 0.83493495700003 ], [ 115.992617908000057, 0.826900311000031 ], [ 116.015980853000087, 0.834444161000022 ], [ 116.032248632, 0.852104864000069 ], [ 116.026635950000014, 0.869223505000036 ], [ 116.03958646000001, 0.875493603000052 ], [ 116.03943601800006, 0.887797420000027 ], [ 116.06811393800001, 0.901828323000075 ], [ 116.062459483000112, 0.913487919000033 ], [ 116.047072073000095, 0.919590345000074 ], [ 116.0421905070001, 0.953369054000063 ], [ 116.029024640000102, 0.97138779900007 ], [ 116.047052310000026, 0.991314595000063 ], [ 116.040390122000076, 1.006840901000032 ], [ 116.065348617000041, 1.010521804000064 ], [ 116.074312993000035, 1.024317991000032 ], [ 116.049733711000044, 1.061255022000068 ], [ 116.053940762000025, 1.070631124000045 ], [ 116.031821538000031, 1.128359225000054 ], [ 116.037066182000103, 1.139501335000034 ], [ 116.030160323000018, 1.168581281000058 ], [ 116.04905073000009, 1.179501209000023 ], [ 116.064196428000059, 1.176850530000024 ], [ 116.062452962000066, 1.196654427000055 ], [ 116.080616717000112, 1.211427797000056 ], [ 116.094786111000076, 1.248332062000031 ], [ 116.110704773000066, 1.257515825000041 ], [ 116.112194737000095, 1.270631189000028 ], [ 116.129930818000048, 1.274838301000045 ], [ 116.129868830000078, 1.286508267000045 ], [ 116.147904076000032, 1.295216560000028 ], [ 116.158527439000068, 1.362742777000051 ], [ 116.174652562, 1.381352992000075 ], [ 116.140981025000087, 1.413805526000033 ], [ 116.154347788000109, 1.45050440600005 ], [ 116.152844795000078, 1.489696028000026 ], [ 116.131199903000038, 1.478117449000024 ], [ 116.092060384000092, 1.49989914400004 ], [ 116.066588806000027, 1.499982274000047 ], [ 116.061343223000108, 1.508627976000071 ], [ 116.020568779000087, 1.51602334100005 ], [ 116.007598, 1.525922 ], [ 116.027642, 1.55138 ], [ 116.041417, 1.556644 ], [ 116.045587, 1.579497 ], [ 116.03644, 1.606101 ], [ 116.068654, 1.648464 ], [ 116.102354000000105, 1.667213 ], [ 116.115007000000105, 1.654538 ], [ 116.133468000000107, 1.668068 ], [ 116.130833, 1.67859 ], [ 116.141881, 1.686879 ], [ 116.149603, 1.726858 ], [ 116.161729, 1.744093 ], [ 116.159164, 1.769874 ], [ 116.170191, 1.782442 ], [ 116.183834007000087, 1.840993026000035 ], [ 116.206392268000059, 1.837192490000064 ], [ 116.240118633000066, 1.861803221000059 ], [ 116.256095314000049, 1.853772934000062 ], [ 116.295165638000071, 1.864919319000023 ] ] ], [ [ [ 117.890798711000116, 1.092950161000033 ], [ 117.890207337000106, 1.093757925000034 ], [ 117.890835514000059, 1.094236196000054 ], [ 117.890798711000116, 1.092950161000033 ] ] ], [ [ [ 117.888383474000079, 1.096282751000047 ], [ 117.889104580000094, 1.093954104000034 ], [ 117.887194933000046, 1.095472544000074 ], [ 117.888383474000079, 1.096282751000047 ] ] ], [ [ [ 117.890177486000084, 1.095123561000037 ], [ 117.889696835000109, 1.095904024000049 ], [ 117.889849121000111, 1.095989685000063 ], [ 117.890177486000084, 1.095123561000037 ] ] ], [ [ [ 117.89099422400011, 1.09552106600006 ], [ 117.890963292000038, 1.095804221000037 ], [ 117.891089403000024, 1.09566383300006 ], [ 117.89099422400011, 1.09552106600006 ] ] ], [ [ [ 117.888974954000105, 1.096550182000044 ], [ 117.889534128000037, 1.096205161000057 ], [ 117.8890493130001, 1.096053470000072 ], [ 117.888974954000105, 1.096550182000044 ] ] ], [ [ [ 117.889985742000022, 1.096262172000024 ], [ 117.8898658170001, 1.096532479000075 ], [ 117.890138027000035, 1.096391615000073 ], [ 117.889985742000022, 1.096262172000024 ] ] ], [ [ [ 117.887780499000087, 1.096476955000071 ], [ 117.887411682000106, 1.096821976000058 ], [ 117.88786853900001, 1.096883842000068 ], [ 117.887780499000087, 1.096476955000071 ] ] ], [ [ [ 117.890509223000095, 1.096688572000062 ], [ 117.890549198000031, 1.096852279000075 ], [ 117.890606305, 1.096694283000033 ], [ 117.890509223000095, 1.096688572000062 ] ] ], [ [ [ 117.886823658000026, 1.097209670000041 ], [ 117.8862678160001, 1.096813728000029 ], [ 117.886494341000116, 1.097287716000039 ], [ 117.886823658000026, 1.097209670000041 ] ] ], [ [ [ 117.890317988000106, 1.097715755000024 ], [ 117.890220906000081, 1.097854716000029 ], [ 117.890365577000011, 1.097784284000056 ], [ 117.890317988000106, 1.097715755000024 ] ] ], [ [ [ 117.886938027000042, 1.09765696900007 ], [ 117.886418454000022, 1.097667958000045 ], [ 117.886759091000044, 1.098115729000028 ], [ 117.886938027000042, 1.09765696900007 ] ] ], [ [ [ 117.889602250000053, 1.098321870000063 ], [ 117.886955099000033, 1.098583610000048 ], [ 117.887722476000022, 1.100320617000023 ], [ 117.889602250000053, 1.098321870000063 ] ] ], [ [ [ 117.886971002000109, 1.099389355000028 ], [ 117.885442198000078, 1.098758798000063 ], [ 117.886343419000013, 1.100855698000032 ], [ 117.886971002000109, 1.099389355000028 ] ] ], [ [ [ 117.891195295000102, 1.098973023000042 ], [ 117.890527856000062, 1.099519109000028 ], [ 117.8906884700001, 1.099669015000075 ], [ 117.891195295000102, 1.098973023000042 ] ] ], [ [ [ 117.890168700000117, 1.099096588000066 ], [ 117.89018773600003, 1.099357377000047 ], [ 117.890315275000034, 1.099313595000069 ], [ 117.890168700000117, 1.099096588000066 ] ] ], [ [ [ 117.889833672, 1.099427809000076 ], [ 117.889934561000018, 1.099581998000076 ], [ 117.88997263300007, 1.099477302000025 ], [ 117.889833672, 1.099427809000076 ] ] ], [ [ [ 117.941116238000063, 1.058788240000069 ], [ 117.963384820000101, 1.033621474000029 ], [ 117.979327209000076, 1.02129586600006 ], [ 117.974830027000053, 1.014930807000042 ], [ 117.984909028000061, 0.977810423000051 ], [ 117.967396195000106, 0.98673935000005 ], [ 117.963621180000018, 1.003184995000026 ], [ 117.953170587000045, 1.012388750000071 ], [ 117.948004975000117, 1.03536519000005 ], [ 117.939369702000022, 1.050051961000065 ], [ 117.934548925000058, 1.048937271000057 ], [ 117.941116238000063, 1.058788240000069 ] ] ], [ [ [ 117.933029124000086, 1.039425335000033 ], [ 117.937966505000077, 1.041444307000063 ], [ 117.944429121000098, 1.036991146000048 ], [ 117.933029124000086, 1.039425335000033 ] ] ], [ [ [ 117.934526994000066, 1.05383206700003 ], [ 117.932801885000117, 1.047633571000063 ], [ 117.930951854000114, 1.046788862000028 ], [ 117.930065505000016, 1.051071892000039 ], [ 117.934526994000066, 1.05383206700003 ] ] ], [ [ [ 117.907720383000083, 1.083787102000031 ], [ 117.919850876000055, 1.076939013000072 ], [ 117.924535687000116, 1.070417802000065 ], [ 117.904693709000071, 1.072209834000034 ], [ 117.903016189000027, 1.082132186000024 ], [ 117.906347434000054, 1.082286851000049 ], [ 117.907720383000083, 1.083787102000031 ] ] ], [ [ [ 117.887707699000089, 1.088648182000043 ], [ 117.901013644000045, 1.082818502000066 ], [ 117.90065672500009, 1.071511304000069 ], [ 117.894365430000107, 1.083877362000067 ], [ 117.887707699000089, 1.088648182000043 ] ] ], [ [ [ 117.899024296000107, 1.087363788000062 ], [ 117.910731876000114, 1.085196336000024 ], [ 117.902693425000052, 1.082595348000041 ], [ 117.899024296000107, 1.087363788000062 ] ] ], [ [ [ 117.893386927000051, 1.093827376000036 ], [ 117.902232573000106, 1.091090996000048 ], [ 117.898014978000106, 1.087456369000051 ], [ 117.893386927000051, 1.093827376000036 ] ] ], [ [ [ 117.89200676400003, 1.093852112000036 ], [ 117.891079533000038, 1.093014217000075 ], [ 117.891024682000079, 1.094314718000021 ], [ 117.89200676400003, 1.093852112000036 ] ] ], [ [ [ 117.891371976000073, 1.095470962000036 ], [ 117.891015640000091, 1.095164146000059 ], [ 117.8910013630001, 1.09532832900004 ], [ 117.891371976000073, 1.095470962000036 ] ] ], [ [ [ 117.892326405000063, 1.09497878600007 ], [ 117.891907025000023, 1.095645035000075 ], [ 117.892620864000037, 1.09561826700002 ], [ 117.892326405000063, 1.09497878600007 ] ] ], [ [ [ 117.892425322, 1.096232332000056 ], [ 117.892846486000053, 1.09572788600002 ], [ 117.89251098200009, 1.09578975200003 ], [ 117.892425322, 1.096232332000056 ] ] ], [ [ [ 117.892182934000061, 1.096650007000051 ], [ 117.892554955000037, 1.096394922000059 ], [ 117.891997336000031, 1.096112249000043 ], [ 117.892182934000061, 1.096650007000051 ] ] ], [ [ [ 117.892295207000075, 1.097127067000031 ], [ 117.890715245000024, 1.097479227000065 ], [ 117.891652752000027, 1.097964637000075 ], [ 117.892295207000075, 1.097127067000031 ] ] ], [ [ [ 117.892332081000063, 1.099994981000066 ], [ 117.892837345000089, 1.098034595000058 ], [ 117.891245486000116, 1.099438477000035 ], [ 117.891890320000016, 1.099616937000064 ], [ 117.892332081000063, 1.099994981000066 ] ] ], [ [ [ 117.894459319000021, 1.100965801000029 ], [ 117.894488988000035, 1.097564354000042 ], [ 117.893706741000074, 1.097858813000073 ], [ 117.892980529000056, 1.098989909000068 ], [ 117.894459319000021, 1.100965801000029 ] ] ], [ [ [ 117.891483432000086, 1.099945303000027 ], [ 117.891607164000106, 1.099628834000043 ], [ 117.89135018200011, 1.09976922200002 ], [ 117.891483432000086, 1.099945303000027 ] ] ], [ [ [ 117.908309329000076, 1.109460358000035 ], [ 117.919872557000076, 1.10097293900003 ], [ 117.920830290000026, 1.09394758000002 ], [ 117.908309329000076, 1.109460358000035 ] ] ], [ [ [ 118.472039468000048, 0.692791807000049 ], [ 118.473705091000056, 0.697098631000074 ], [ 118.47713151500011, 0.696456176000027 ], [ 118.472039468000048, 0.692791807000049 ] ] ], [ [ [ 118.011749547000022, 0.744538495000029 ], [ 118.021787981000102, 0.733601336000049 ], [ 118.013297211, 0.712792086000036 ], [ 117.997513770000069, 0.733191681000051 ], [ 118.011749547000022, 0.744538495000029 ] ] ], [ [ [ 118.040051195000046, 0.774104635000072 ], [ 118.045682551000027, 0.777658005000035 ], [ 118.045118686000023, 0.771532676000049 ], [ 118.040051195000046, 0.774104635000072 ] ] ], [ [ [ 118.783470725000029, 0.80403941700007 ], [ 118.780529711000099, 0.804389198000024 ], [ 118.782085879000078, 0.806459329000063 ], [ 118.783470725000029, 0.80403941700007 ] ] ], [ [ [ 118.716685856000026, 0.817857182000068 ], [ 118.717528185000106, 0.816008340000053 ], [ 118.71642887400003, 0.815294502000029 ], [ 118.716685856000026, 0.817857182000068 ] ] ], [ [ [ 118.0146016220001, 0.891997737000054 ], [ 118.026220530000046, 0.890098927000054 ], [ 118.026051588000087, 0.882698804000029 ], [ 118.0146016220001, 0.891997737000054 ] ] ], [ [ [ 118.913526660000116, 0.902324967000027 ], [ 118.920163891000016, 0.903339751000033 ], [ 118.914478787, 0.898552417000076 ], [ 118.913526660000116, 0.902324967000027 ] ] ], [ [ [ 118.012896777000037, 0.906130546000043 ], [ 118.012575550000065, 0.908521904000054 ], [ 118.014883627000017, 0.907772374000047 ], [ 118.012896777000037, 0.906130546000043 ] ] ], [ [ [ 118.926133341000082, 0.910925529000053 ], [ 118.928888757000095, 0.909333669000034 ], [ 118.926004850000027, 0.908177251000041 ], [ 118.926133341000082, 0.910925529000053 ] ] ], [ [ [ 117.998695017000045, 0.938593039000068 ], [ 118.009642475000078, 0.903817970000034 ], [ 118.00296189300002, 0.900296901000047 ], [ 117.99225431900004, 0.93177479000002 ], [ 117.998695017000045, 0.938593039000068 ] ] ], [ [ [ 118.053270059000056, 0.921288662000052 ], [ 118.051092852000011, 0.921062613000061 ], [ 118.052387707000094, 0.923062472000026 ], [ 118.053270059000056, 0.921288662000052 ] ] ], [ [ [ 117.991445626000086, 0.932249234000039 ], [ 117.990812094000034, 0.932867893000036 ], [ 117.99088645300003, 0.933117737000032 ], [ 117.991445626000086, 0.932249234000039 ] ] ], [ [ [ 118.050378617000092, 0.935908864000055 ], [ 118.052801352000074, 0.930973025000071 ], [ 118.049469663000082, 0.931782878000035 ], [ 118.050378617000092, 0.935908864000055 ] ] ], [ [ [ 118.002802088000067, 0.991889643000036 ], [ 118.007894134000026, 0.964745465000021 ], [ 118.004479608000111, 0.964109435000069 ], [ 117.997597017000089, 0.973115695000047 ], [ 118.002802088000067, 0.991889643000036 ] ] ], [ [ [ 117.965763884000012, 1.035333177000041 ], [ 117.963957873000027, 1.033926916000041 ], [ 117.962894254000048, 1.037467554000045 ], [ 117.965763884000012, 1.035333177000041 ] ] ] ] } },
{ "type": "Feature", "properties": { "kemendagri_kab_code": 6409, "kemendagri_kab_name": "Kabupaten Penajam Paser Utara", "kemendagri_prov_code": 64, "kemendagri_prov_name": "Kalimantan Timur" }, "geometry": { "type": "MultiPolygon", "coordinates": [ [ [ [ 116.71134, -0.807363357999975 ], [ 116.725859, -0.800252356999977 ], [ 116.73383922700009, -0.805453021999938 ], [ 116.735331089000056, -0.825850124999931 ], [ 116.773296944000094, -0.801376110999968 ], [ 116.772474450000118, -0.825756386999956 ], [ 116.792742098000076, -0.822101644999975 ], [ 116.806837057000052, -0.80604686199996 ], [ 116.825166257000092, -0.809755285999927 ], [ 116.830893512000102, -0.823766028999955 ], [ 116.86717942100006, -0.834019646999934 ], [ 116.884026, -0.850593 ], [ 116.895605853, -0.86648323999998 ], [ 116.887228240000013, -0.891353422999941 ], [ 116.904373217000057, -0.895637523999937 ], [ 116.924093429000095, -0.879697980999936 ], [ 116.945161381000048, -0.879597752999928 ], [ 116.945133, -0.906677 ], [ 116.932311739000056, -0.91831469899995 ], [ 116.938240670000027, -0.926012748999938 ], [ 116.93111061400009, -0.951561285999958 ], [ 116.90910537100001, -0.968831726999952 ], [ 116.90485761900004, -0.985449427999924 ], [ 116.874257, -0.9897 ], [ 116.873933, -1.009016 ], [ 116.826482, -1.020465 ], [ 116.800587, -1.050594 ], [ 116.782908, -1.04283 ], [ 116.765027, -1.071392 ], [ 116.740507066000077, -1.073833449999938 ], [ 116.737489910000022, -1.067789618999939 ], [ 116.741915707000089, -1.046545790999971 ], [ 116.7569192200001, -1.029231662999962 ], [ 116.749885533000111, -1.005080133999968 ], [ 116.735080874, -1.023025631999928 ], [ 116.737966524000058, -1.037510839999925 ], [ 116.723811747000013, -1.030087872999957 ], [ 116.719757145000017, -1.035455936999938 ], [ 116.726169526000035, -1.076037218999943 ], [ 116.716505964000021, -1.087763582999969 ], [ 116.720379726000033, -1.096853123999949 ], [ 116.699695547000033, -1.08414120499998 ], [ 116.712774493000097, -1.10493377399996 ], [ 116.701914633000115, -1.101316992999955 ], [ 116.707197036000025, -1.115707972999928 ], [ 116.701467294000054, -1.121076036999966 ], [ 116.711120252000114, -1.13740966499995 ], [ 116.72122447400011, -1.132682426999963 ], [ 116.749637109000105, -1.15737437599995 ], [ 116.750797551, -1.176538232999974 ], [ 116.766914070000098, -1.187156239999979 ], [ 116.742377843000099, -1.20782911799995 ], [ 116.741842394000059, -1.218076658999962 ], [ 116.778455731, -1.244869753999978 ], [ 116.760370732000069, -1.29230940399998 ], [ 116.763209001000064, -1.32498798599994 ], [ 116.7562351790001, -1.328978347999964 ], [ 116.764294540000037, -1.357650226999965 ], [ 116.750634075000107, -1.370776815999932 ], [ 116.600231182000016, -1.419815993999975 ], [ 116.545406533, -1.45769298099998 ], [ 116.530040047000057, -1.509675 ], [ 116.548473137000087, -1.533361046999971 ], [ 116.55725308000001, -1.587070733999951 ], [ 116.520592813, -1.596473542999945 ], [ 116.500000002000093, -1.581975830999966 ], [ 116.484678885000108, -1.580979806999949 ], [ 116.484778174000098, -1.575068378999958 ], [ 116.440566315000069, -1.565142106999929 ], [ 116.433623361000059, -1.555474299999958 ], [ 116.397631029000081, -1.549954943999978 ], [ 116.386318555000116, -1.543159618999937 ], [ 116.384036777, -1.522225576999972 ], [ 116.374855639000089, -1.525463473999935 ], [ 116.379076591000057, -1.498701436999966 ], [ 116.362517506000017, -1.475094440999953 ], [ 116.355774936000103, -1.391749603999926 ], [ 116.335482964000107, -1.333772544999931 ], [ 116.334497187000011, -1.291935406999926 ], [ 116.344332103000056, -1.245280388999959 ], [ 116.377929687, -1.199279785999977 ], [ 116.370879770000101, -1.144399160999967 ], [ 116.376189278000084, -1.132010256999934 ], [ 116.454062485, -1.043518010999946 ], [ 116.439775032000057, -0.958973109999931 ], [ 116.479710716000113, -0.943997971999977 ], [ 116.469966000000113, -0.916761 ], [ 116.461229000000117, -0.916587 ], [ 116.453474031000042, -0.902739360999931 ], [ 116.45379, -0.877134 ], [ 116.467680557000108, -0.862384144999965 ], [ 116.488783997000041, -0.864234175999968 ], [ 116.506085, -0.856100357999935 ], [ 116.516705000000115, -0.845793356999934 ], [ 116.514014, -0.827053356999954 ], [ 116.532032, -0.826210356999979 ], [ 116.539254, -0.813248356999964 ], [ 116.554996, -0.81002635699997 ], [ 116.564107, -0.81265635699998 ], [ 116.572219, -0.831210356999975 ], [ 116.57005846200002, -0.861605664999956 ], [ 116.590976, -0.864305357999967 ], [ 116.588628, -0.873405356999967 ], [ 116.5995, -0.882437356999958 ], [ 116.624667, -0.878322356999945 ], [ 116.641464, -0.862272356999938 ], [ 116.651227, -0.825184356999955 ], [ 116.670852, -0.805518356999926 ], [ 116.689931000000115, -0.79777035799998 ], [ 116.71134, -0.807363357999975 ] ] ], [ [ [ 116.711581867000064, -1.135034962999953 ], [ 116.712124384000049, -1.136015300999929 ], [ 116.711524760000088, -1.136129514999936 ], [ 116.711581867000064, -1.135034962999953 ] ] ], [ [ [ 116.716874196000049, -1.132827729999974 ], [ 116.713385544000062, -1.131405506999954 ], [ 116.71676044000003, -1.128734432999977 ], [ 116.716874196000049, -1.132827729999974 ] ] ], [ [ [ 116.708412858000088, -1.128021326999942 ], [ 116.709395658000062, -1.129328007999959 ], [ 116.708082196000078, -1.128338151999969 ], [ 116.708412858000088, -1.128021326999942 ] ] ], [ [ [ 116.71486952500004, -1.128371582999932 ], [ 116.71481003800011, -1.128024181999933 ], [ 116.715100333, -1.127912346999949 ], [ 116.71486952500004, -1.128371582999932 ] ] ], [ [ [ 116.711951793000026, -1.123687254999936 ], [ 116.708583968000084, -1.12704771999995 ], [ 116.708089428000108, -1.125831653999967 ], [ 116.711951793000026, -1.123687254999936 ] ] ], [ [ [ 116.714730921000069, -1.126137567999933 ], [ 116.714519148000022, -1.126035250999962 ], [ 116.714654778000067, -1.125935313999946 ], [ 116.714730921000069, -1.126137567999933 ] ] ], [ [ [ 116.70691166000006, -1.119551912999952 ], [ 116.708423086000039, -1.125036967999961 ], [ 116.70383739600004, -1.121093803999941 ], [ 116.70691166000006, -1.119551912999952 ] ] ], [ [ [ 116.756443215000104, -1.171549560999949 ], [ 116.753595, -1.171572165999976 ], [ 116.75457652800003, -1.167825704999927 ], [ 116.756443215000104, -1.171549560999949 ] ] ], [ [ [ 116.738490557000091, -1.146826478999969 ], [ 116.746216956000012, -1.145337075999976 ], [ 116.745888286000081, -1.150751685999978 ], [ 116.738490557000091, -1.146826478999969 ] ] ], [ [ [ 116.715875443000073, -1.126767528999949 ], [ 116.715578010000058, -1.12654445499993 ], [ 116.716107440000087, -1.126003126999933 ], [ 116.715875443000073, -1.126767528999949 ] ] ], [ [ [ 116.718419362000077, -1.098063227999944 ], [ 116.718107058000101, -1.097715231999928 ], [ 116.718449105000104, -1.098051329999976 ], [ 116.718419362000077, -1.098063227999944 ] ] ], [ [ [ 116.721596944000112, -1.035627733999945 ], [ 116.733046911000088, -1.043622722999942 ], [ 116.726355866000063, -1.067217457999959 ], [ 116.721596944000112, -1.035627733999945 ] ] ], [ [ [ 116.745108716000118, -1.027155582999967 ], [ 116.744195003000073, -1.027574368999979 ], [ 116.744214039000099, -1.026527405999957 ], [ 116.745108716000118, -1.027155582999967 ] ] ], [ [ [ 116.746996714000034, -1.015382711999962 ], [ 116.745356180000044, -1.02677486999994 ], [ 116.744518610000114, -1.024195533999944 ], [ 116.73603821100005, -1.02554706799998 ], [ 116.746996714000034, -1.015382711999962 ] ] ] ] } },
{ "type": "Feature", "properties": { "kemendagri_kab_code": 6411, "kemendagri_kab_name": "Kabupaten Mahakam Ulu", "kemendagri_prov_code": 64, "kemendagri_prov_name": "Kalimantan Timur" }, "geometry": { "type": "Polygon", "coordinates": [ [ [ 114.561647433000076, 1.433781454000041 ], [ 114.576965, 1.412088 ], [ 114.571807, 1.389192 ], [ 114.609181, 1.389712 ], [ 114.616804000000116, 1.363242 ], [ 114.647904, 1.354766 ], [ 114.657791, 1.359386 ], [ 114.675377, 1.352172 ], [ 114.690105, 1.359894 ], [ 114.704839000000106, 1.350878 ], [ 114.699321, 1.34136 ], [ 114.712491000000114, 1.335363 ], [ 114.722481, 1.313327 ], [ 114.7408881, 1.318000356000027 ], [ 114.745321638000064, 1.327470890000029 ], [ 114.759767346000103, 1.326053820000027 ], [ 114.764773399000092, 1.345151544000032 ], [ 114.796237830000109, 1.367362470000046 ], [ 114.802224867000064, 1.382489531000033 ], [ 114.842420677000064, 1.402390251000043 ], [ 114.867175869000107, 1.403877052000041 ], [ 114.879683711000098, 1.418442105000054 ], [ 114.907522229000051, 1.41757773300003 ], [ 114.908571512000094, 1.403453274000071 ], [ 114.930588166, 1.40169862800002 ], [ 114.953925102000085, 1.373170861000062 ], [ 114.988168973000029, 1.353681450000067 ], [ 115.01701365100007, 1.347926887000028 ], [ 115.030156130000023, 1.309413258000063 ], [ 115.046130383000104, 1.292644813000038 ], [ 115.045194235000054, 1.267450125000039 ], [ 115.078114740000046, 1.268544557000041 ], [ 115.097922, 1.249852 ], [ 115.093697935000023, 1.211958245000062 ], [ 115.099198000000115, 1.199181 ], [ 115.116624000000115, 1.192394 ], [ 115.114455, 1.181107 ], [ 115.182017, 1.196749 ], [ 115.2103350000001, 1.176878 ], [ 115.232418, 1.172778 ], [ 115.246787, 1.18138 ], [ 115.273552451000114, 1.160752039000045 ], [ 115.280347949000088, 1.134468557000048 ], [ 115.334582700000055, 1.126960290000056 ], [ 115.367638222000096, 1.114057881000065 ], [ 115.380788761000076, 1.11798742700006 ], [ 115.400623437000036, 1.146370292000029 ], [ 115.418102178000026, 1.151661527000044 ], [ 115.420818, 1.139734 ], [ 115.410458, 1.137885 ], [ 115.400969, 1.109696 ], [ 115.377877, 1.10053 ], [ 115.36733, 1.06677 ], [ 115.323771, 1.053973 ], [ 115.300004, 1.060452 ], [ 115.283322000000112, 1.038774 ], [ 115.253978, 1.022733 ], [ 115.2497, 0.998942 ], [ 115.255383, 0.991024 ], [ 115.232151079, 0.961901927000042 ], [ 115.26128, 0.944989 ], [ 115.267244, 0.915134 ], [ 115.308211, 0.89465 ], [ 115.291915, 0.877218 ], [ 115.290973, 0.859579 ], [ 115.278422, 0.83931 ], [ 115.284043000000111, 0.809812 ], [ 115.309411, 0.817337 ], [ 115.319405, 0.828285 ], [ 115.34424, 0.813291 ], [ 115.354969, 0.8171 ], [ 115.382417056, 0.808891927000047 ], [ 115.375737, 0.795109 ], [ 115.389351, 0.783933 ], [ 115.392174, 0.770619 ], [ 115.404956, 0.78389 ], [ 115.429833, 0.774333 ], [ 115.448245, 0.777819 ], [ 115.492045, 0.765556 ], [ 115.518828, 0.747794 ], [ 115.529146, 0.72912 ], [ 115.547010000000114, 0.720616 ], [ 115.553174, 0.703662 ], [ 115.570271, 0.692861 ], [ 115.569202, 0.681523 ], [ 115.595005, 0.635566 ], [ 115.607801000000109, 0.63438 ], [ 115.629489, 0.615317 ], [ 115.636886000000118, 0.624603 ], [ 115.652019000000109, 0.620565 ], [ 115.647183, 0.605258 ], [ 115.673458, 0.580641 ], [ 115.663788, 0.567607 ], [ 115.640896000000112, 0.563483 ], [ 115.647689, 0.540318 ], [ 115.700914, 0.543515 ], [ 115.710492, 0.517456 ], [ 115.723535, 0.512235 ], [ 115.734652, 0.519485 ], [ 115.741633, 0.493085 ], [ 115.754394, 0.484817 ], [ 115.74655, 0.446942 ], [ 115.768316471000048, 0.40491705900007 ], [ 115.7147930000001, 0.384059 ], [ 115.671536, 0.343173 ], [ 115.682916969000075, 0.329538045000049 ], [ 115.67039610900008, 0.31435811800003 ], [ 115.683332161000067, 0.302487414000041 ], [ 115.684710904000099, 0.280584926000074 ], [ 115.704787362000047, 0.280618404000052 ], [ 115.713901823000015, 0.271207986000036 ], [ 115.713621896000063, 0.21482497900007 ], [ 115.694415651000099, 0.200847358000033 ], [ 115.677351694000095, 0.161933574000045 ], [ 115.660366031000081, 0.156394334000026 ], [ 115.656263712000055, 0.162933696000039 ], [ 115.606693086000064, 0.140571900000054 ], [ 115.580864523000059, 0.145399700000041 ], [ 115.557392032000052, 0.096467855000071 ], [ 115.542461400000093, 0.082584112000063 ], [ 115.523552420000101, 0.079507715000034 ], [ 115.50878306300001, 0.061704071000065 ], [ 115.461411543000054, 0.063538641000036 ], [ 115.461399065000023, 0.051912835000053 ], [ 115.440589742000043, 0.061935962000064 ], [ 115.410025588000053, 0.052133577000063 ], [ 115.394841839000037, 0.057881934000022 ], [ 115.335933343000079, -0.00161180899994 ], [ 115.315618297000015, -0.00266882699998 ], [ 115.313464859000078, -0.019670615999928 ], [ 115.291199750000033, -0.036448952999933 ], [ 115.291577820000043, -0.049550053999951 ], [ 115.261740759000077, -0.047947268999962 ], [ 115.240163788000018, -0.057109411999932 ], [ 115.228416865000099, -0.072359803999973 ], [ 115.183700870000052, -0.081113627999969 ], [ 115.181425857000022, -0.094650186999957 ], [ 115.164552520000029, -0.087812304999943 ], [ 115.146265563000043, -0.121097470999928 ], [ 115.150402259000089, -0.139024761999963 ], [ 115.133696893000092, -0.142618682999966 ], [ 115.126385538000022, -0.136400500999969 ], [ 115.120043889000044, -0.149145118999968 ], [ 115.105694960000051, -0.144772566999961 ], [ 115.087109009000073, -0.154386220999925 ], [ 115.073174087000098, -0.147715335999976 ], [ 115.059762707000118, -0.151800821999927 ], [ 115.050230118000059, -0.161687926999946 ], [ 115.055842546, -0.177765631999932 ], [ 115.039709799000093, -0.199154395999926 ], [ 115.046479759000022, -0.20251469599998 ], [ 115.037705361, -0.207674531999942 ], [ 115.028060248000088, -0.202385384999957 ], [ 115.02015481, -0.212072674999945 ], [ 115.036785480000049, -0.226969099999963 ], [ 115.039208469000073, -0.240005734999954 ], [ 114.995667042000036, -0.273377288999939 ], [ 114.97109295000007, -0.272621353999966 ], [ 114.953626021000105, -0.244830389999947 ], [ 114.920413074000066, -0.23337718199997 ], [ 114.924125002000096, -0.217468844999928 ], [ 114.916948092000098, -0.20429603499997 ], [ 114.922822275000044, -0.192252960999951 ], [ 114.930649524000046, -0.192157599999973 ], [ 114.922126369000011, -0.18167514199996 ], [ 114.929029987000035, -0.165367376999939 ], [ 114.916415688000029, -0.136397810999938 ], [ 114.921027179000021, -0.100334171999975 ], [ 114.908086043000026, -0.091869672999962 ], [ 114.909916939000027, -0.060916476999978 ], [ 114.897676595, -0.031680710999979 ], [ 114.876096441000072, -0.015350926999929 ], [ 114.837362198000051, -0.046457765999946 ], [ 114.823810551000065, -0.036197903999948 ], [ 114.811193210000056, -0.007159666999939 ], [ 114.795848108000087, 0.000941114000057 ], [ 114.795266885000046, 0.011403135000023 ], [ 114.745466047000036, 0.034683660000042 ], [ 114.737339595000094, 0.031041295000023 ], [ 114.718349039000032, 0.053497089000075 ], [ 114.706708802000094, 0.084438452000029 ], [ 114.725189438000029, 0.079389387000049 ], [ 114.746981392000066, 0.093776458000036 ], [ 114.749261018000084, 0.110171669000067 ], [ 114.771109185000114, 0.119837760000053 ], [ 114.758388141000069, 0.135154476000025 ], [ 114.76245033500004, 0.146373076000032 ], [ 114.82975087300008, 0.191611268000031 ], [ 114.831563669000047, 0.217232111000044 ], [ 114.819642411000018, 0.236711139000022 ], [ 114.844910409000022, 0.243033224000044 ], [ 114.862890733000086, 0.275090950000049 ], [ 114.884301912000069, 0.27848718000007 ], [ 114.884859857000038, 0.296874260000038 ], [ 114.902593945000035, 0.317721352000035 ], [ 114.941591483000025, 0.333252777000041 ], [ 114.949561446000075, 0.332389860000035 ], [ 114.954350351000016, 0.320078043000024 ], [ 114.989796389000048, 0.334540889000039 ], [ 115.001699694000081, 0.327450078000027 ], [ 115.022874021, 0.330350551000038 ], [ 115.037134679000019, 0.314518804000045 ], [ 115.03955252600008, 0.299191591000067 ], [ 115.047616387000062, 0.298281245000055 ], [ 115.064930877000052, 0.325033017000067 ], [ 115.129319582000107, 0.374414169000033 ], [ 115.137387532000048, 0.425491371000021 ], [ 115.116735118000065, 0.448560321000059 ], [ 115.108614430000102, 0.441903577000062 ], [ 115.077193087000069, 0.469820998000046 ], [ 115.091621220000093, 0.480377076000025 ], [ 115.013537022000037, 0.599344750000057 ], [ 114.985558331000107, 0.73165741400004 ], [ 114.943304255000044, 0.772891037000022 ], [ 114.924124310000025, 0.772220587000049 ], [ 114.908504006000044, 0.79064767400007 ], [ 114.910812891000091, 0.770358953000027 ], [ 114.872247222000055, 0.741067889000021 ], [ 114.852761834000034, 0.740391143000068 ], [ 114.829907662000096, 0.755187754000076 ], [ 114.793575387000033, 0.741343400000062 ], [ 114.786808640000118, 0.730391363000024 ], [ 114.760978057000102, 0.731700344000046 ], [ 114.71612359900007, 0.701244691000056 ], [ 114.68976942300003, 0.70752780600003 ], [ 114.662368062000041, 0.702728205000028 ], [ 114.651983469000015, 0.674715984000045 ], [ 114.639433334000046, 0.671419444000037 ], [ 114.637933726000028, 0.660578976000068 ], [ 114.597878870000045, 0.631781367000031 ], [ 114.566812358000107, 0.624451067000052 ], [ 114.545868642000073, 0.630559650000066 ], [ 114.540597615000024, 0.620359333000067 ], [ 114.545651141, 0.585186794000037 ], [ 114.524457777000066, 0.562794834000044 ], [ 114.488950583000019, 0.57002621700002 ], [ 114.463379742000029, 0.565073762000054 ], [ 114.459943345000056, 0.556179557000064 ], [ 114.430307500000026, 0.541624444000036 ], [ 114.370876692000024, 0.558739019000029 ], [ 114.35870525200005, 0.547992699000019 ], [ 114.364103626000087, 0.530236019000029 ], [ 114.291939279000076, 0.536603462000073 ], [ 114.266570579000017, 0.52777242600007 ], [ 114.254608611000094, 0.531683111000063 ], [ 114.243843372000015, 0.522580049000055 ], [ 114.203080278000016, 0.540071473000069 ], [ 114.194684177000113, 0.582350503000043 ], [ 114.147202743000094, 0.586398446000032 ], [ 114.146501944000079, 0.594677417000071 ], [ 114.176655, 0.610369361000039 ], [ 114.177972167, 0.636668324000027 ], [ 114.164297327000099, 0.648526422000032 ], [ 114.158000634000018, 0.677743381000028 ], [ 114.123086666000063, 0.695364416000075 ], [ 114.090861667000013, 0.698275055000067 ], [ 114.081429612000079, 0.68930584800006 ], [ 114.06944777800004, 0.690166805000047 ], [ 114.06944777800004, 0.682890194000038 ], [ 114.045954723000023, 0.667921166000042 ], [ 114.02341638900009, 0.667219528000032 ], [ 114.003936829000054, 0.641074998000022 ], [ 113.974996231000091, 0.660723748000066 ], [ 113.961724700000104, 0.648160032000021 ], [ 113.941886527000065, 0.652829261000022 ], [ 113.921290771000031, 0.644001619000051 ], [ 113.841838056000029, 0.657743889000074 ], [ 113.834525689000088, 0.670547619000047 ], [ 113.839343621000012, 0.695432022000034 ], [ 113.867970982000088, 0.699046592000059 ], [ 113.877188137000076, 0.717354196000031 ], [ 113.894825892000085, 0.726039229000037 ], [ 113.89966146800009, 0.754949514000032 ], [ 113.884659645000056, 0.75893706200003 ], [ 113.872583880000093, 0.783316524000043 ], [ 113.879484317000106, 0.782023683000034 ], [ 113.910396886000058, 0.812732759000028 ], [ 113.926487991000045, 0.841405264000059 ], [ 113.870923942000104, 0.888681068000039 ], [ 113.878501030000052, 0.897176073000026 ], [ 113.872492891000093, 0.917607215000032 ], [ 113.91351273600003, 0.972494819000076 ], [ 113.915462903000048, 1.002344959000027 ], [ 113.892886577000013, 1.020105256000022 ], [ 113.889557761000106, 1.047527651000053 ], [ 113.901427305000084, 1.059836603000065 ], [ 113.947522563, 1.060347647000071 ], [ 113.962694731000056, 1.08908993600005 ], [ 113.964015774000018, 1.113057547000039 ], [ 113.982840880000026, 1.121690827000066 ], [ 113.988538499000015, 1.139169951000042 ], [ 114.008472335000079, 1.143372079000073 ], [ 114.017062189000058, 1.13465373400004 ], [ 114.038023036000027, 1.145704744000057 ], [ 114.052610321000088, 1.127451898000061 ], [ 114.083053688000064, 1.147935582000059 ], [ 114.087668242000063, 1.159069575000046 ], [ 114.109030552000036, 1.14415797700002 ], [ 114.127171563000047, 1.153454134000071 ], [ 114.133936966000078, 1.183080803000053 ], [ 114.144632643000023, 1.186649995000039 ], [ 114.149884510000106, 1.199100128000055 ], [ 114.136008320000087, 1.222643155000071 ], [ 114.153269795000028, 1.254326760000026 ], [ 114.171093019000068, 1.265352953000047 ], [ 114.163541792000046, 1.284214601000031 ], [ 114.148873204000097, 1.291880867000032 ], [ 114.163073827000062, 1.309070093000059 ], [ 114.157945286000086, 1.378092020000054 ], [ 114.222976457000073, 1.416542811000056 ], [ 114.238304884000058, 1.448275741000032 ], [ 114.299092312000084, 1.457191859000034 ], [ 114.307151608000026, 1.471890219000045 ], [ 114.332658607000099, 1.484157777000064 ], [ 114.379131488000098, 1.492941679000069 ], [ 114.386475287000053, 1.501517397000043 ], [ 114.384595884000078, 1.516563030000043 ], [ 114.405393200000049, 1.522913574000029 ], [ 114.472519247000037, 1.475145853000072 ], [ 114.511965445000101, 1.462059123000074 ], [ 114.525987694000037, 1.442845110000064 ], [ 114.561647433000076, 1.433781454000041 ] ] ] } },
{ "type": "Feature", "properties": { "kemendagri_kab_code": 6471, "kemendagri_kab_name": "Kota Balikpapan", "kemendagri_prov_code": 64, "kemendagri_prov_name": "Kalimantan Timur" }, "geometry": { "type": "MultiPolygon", "coordinates": [ [ [ [ 116.809380557000054, -1.280287228999953 ], [ 116.808916562000036, -1.280183127999976 ], [ 116.808836255000074, -1.279909489999966 ], [ 116.809380557000054, -1.280287228999953 ] ] ], [ [ [ 116.804580589000011, -1.274473253999929 ], [ 116.804327890000081, -1.274430423999945 ], [ 116.804350733000092, -1.274257674999944 ], [ 116.804580589000011, -1.274473253999929 ] ] ], [ [ [ 116.850586, -1.014732 ], [ 116.839343865000046, -1.028968146999944 ], [ 116.839160000000106, -1.047797 ], [ 116.860436, -1.05872 ], [ 116.901839000000109, -1.063252 ], [ 116.930665073000114, -1.109887482999966 ], [ 116.946665411000026, -1.116887179999935 ], [ 116.94063888900007, -1.120583332999956 ], [ 116.945303134000028, -1.126074899999935 ], [ 117.000859000000105, -1.125173 ], [ 117.022701691000066, -1.140653243999964 ], [ 117.000694525000085, -1.200106988999948 ], [ 116.935653941000055, -1.251782511999977 ], [ 116.883912772000031, -1.276691696999933 ], [ 116.810930963000033, -1.282253414999957 ], [ 116.805556774000024, -1.272355354999945 ], [ 116.816457962000072, -1.258778220999943 ], [ 116.808452181, -1.225071329999935 ], [ 116.812991381000074, -1.202768233999961 ], [ 116.806190600000036, -1.198960381999939 ], [ 116.799096538000072, -1.214984449999974 ], [ 116.782777420000116, -1.212396436999938 ], [ 116.788833622000084, -1.173698833999936 ], [ 116.780406710000079, -1.146638139999936 ], [ 116.744038187000115, -1.106812779999927 ], [ 116.735614895000026, -1.10945873999998 ], [ 116.728923850000115, -1.101597000999959 ], [ 116.737088821000043, -1.086101672999973 ], [ 116.741781, -1.071669 ], [ 116.765027, -1.071392 ], [ 116.782908, -1.04283 ], [ 116.800587, -1.050594 ], [ 116.824407, -1.021725 ], [ 116.850586, -1.014732 ] ] ], [ [ [ 116.736162153, -1.087156715999924 ], [ 116.734786842000062, -1.087358306999931 ], [ 116.736176447000048, -1.08629230799994 ], [ 116.736162153, -1.087156715999924 ] ] ] ] } },
{ "type": "Feature", "properties": { "kemendagri_kab_code": 6472, "kemendagri_kab_name": "Kota Samarinda", "kemendagri_prov_code": 64, "kemendagri_prov_name": "Kalimantan Timur" }, "geometry": { "type": "Polygon", "coordinates": [ [ [ 117.275081503000024, -0.583519588999934 ], [ 117.279831204000061, -0.597913864999953 ], [ 117.270690878000096, -0.597105570999929 ], [ 117.26224753300005, -0.61729932999998 ], [ 117.229218235000076, -0.636107779999975 ], [ 117.231412098000078, -0.654829378999978 ], [ 117.191253618000019, -0.682096573999956 ], [ 117.184930667000117, -0.712146232999942 ], [ 117.164155983000114, -0.716763975999925 ], [ 117.145511, -0.672964 ], [ 117.126191019000089, -0.664556008999966 ], [ 117.145352678000108, -0.620721901999957 ], [ 117.114208001000065, -0.598521037999944 ], [ 117.092642530000035, -0.593053059999932 ], [ 117.090929982000034, -0.576915962999976 ], [ 117.083003230000031, -0.576100619999977 ], [ 117.0698680590001, -0.591535596999961 ], [ 117.071552778000068, -0.580872221999925 ], [ 117.0539500000001, -0.54653 ], [ 117.067536455000095, -0.533019944999978 ], [ 117.054580009, -0.513878980999948 ], [ 117.06513, -0.47896 ], [ 117.06239047400004, -0.447919314999979 ], [ 117.073946124000031, -0.428631243999973 ], [ 117.12780800500002, -0.408436002999963 ], [ 117.132991016, -0.362820015999944 ], [ 117.149205971000015, -0.352795968999942 ], [ 117.147706, -0.343547 ], [ 117.138492043000042, -0.340768523999941 ], [ 117.143047803000059, -0.320096697999929 ], [ 117.206287, -0.323476 ], [ 117.225726024000096, -0.314399954999942 ], [ 117.238750985000024, -0.337688016999948 ], [ 117.233595981, -0.357372998999949 ], [ 117.261965020000048, -0.36534500199997 ], [ 117.274160989000052, -0.358152032999953 ], [ 117.297595037000065, -0.375241031999963 ], [ 117.295088971000041, -0.402413973999955 ], [ 117.268982282000024, -0.422605389999944 ], [ 117.262354, -0.438184 ], [ 117.270564578000062, -0.469900349999932 ], [ 117.257194444000106, -0.523805555999957 ], [ 117.269500000000107, -0.525555555999972 ], [ 117.2627777780001, -0.530666666999934 ], [ 117.26757279800006, -0.559770252999954 ], [ 117.251748690000113, -0.55033360799996 ], [ 117.236293949000014, -0.561308978999932 ], [ 117.235896992000107, -0.575575044999937 ], [ 117.275081503000024, -0.583519588999934 ] ] ] } },
{ "type": "Feature", "properties": { "kemendagri_kab_code": 6474, "kemendagri_kab_name": "Kota Bontang", "kemendagri_prov_code": 64, "kemendagri_prov_name": "Kalimantan Timur" }, "geometry": { "type": "MultiPolygon", "coordinates": [ [ [ [ 117.51432735700007, 0.067891969000073 ], [ 117.523202745000049, 0.062680950000072 ], [ 117.511733743000036, 0.06513179500007 ], [ 117.51432735700007, 0.067891969000073 ] ] ], [ [ [ 117.492143436000106, 0.065267987000027 ], [ 117.489002546000052, 0.06907512600003 ], [ 117.498710746000029, 0.073929226000075 ], [ 117.492143436000106, 0.065267987000027 ] ] ], [ [ [ 117.505236378000063, 0.110916402000043 ], [ 117.503865809000104, 0.110659420000047 ], [ 117.504165621000084, 0.112244141000076 ], [ 117.505236378000063, 0.110916402000043 ] ] ], [ [ [ 117.50556223500007, 0.204347792000021 ], [ 117.518173378000029, 0.198208783000041 ], [ 117.507751338000048, 0.191784238000025 ], [ 117.499820685000032, 0.199469027000021 ], [ 117.494793788000038, 0.195986508000033 ], [ 117.500789927000028, 0.186792228000058 ], [ 117.489969717, 0.189879799000039 ], [ 117.504130692000103, 0.175470752000024 ], [ 117.483925886000065, 0.179981241000064 ], [ 117.489826950000065, 0.166989384000033 ], [ 117.482117494000022, 0.160612428000036 ], [ 117.482384848000038, 0.166080375000035 ], [ 117.470431492000102, 0.163957931000027 ], [ 117.480275, 0.161073302000034 ], [ 117.475740540000061, 0.15380717000005 ], [ 117.487447488000043, 0.159898590000068 ], [ 117.488337959000091, 0.146878554000068 ], [ 117.495775602000094, 0.158566091000068 ], [ 117.492439453000088, 0.14762649000005 ], [ 117.494460425000057, 0.145591814000056 ], [ 117.499201661000029, 0.154302126000061 ], [ 117.506823350000104, 0.15796257900007 ], [ 117.507337313000107, 0.159004783000057 ], [ 117.522142319000068, 0.125711365000029 ], [ 117.506366493000087, 0.107108738000022 ], [ 117.506766242000026, 0.110192520000055 ], [ 117.504410575000065, 0.112376866000034 ], [ 117.484816706000061, 0.11708389100005 ], [ 117.489895954000076, 0.108433228000024 ], [ 117.478902845000107, 0.109979878000047 ], [ 117.482281678000049, 0.102508370000066 ], [ 117.492251620000047, 0.105601669000066 ], [ 117.500793885, 0.101271050000037 ], [ 117.497557817000029, 0.098153957000022 ], [ 117.477665524000031, 0.103650511000069 ], [ 117.476166463000027, 0.093323650000059 ], [ 117.485636717000034, 0.085304867000048 ], [ 117.49003872000003, 0.087541561000023 ], [ 117.490014927000061, 0.090111378000074 ], [ 117.490657381, 0.090230351000059 ], [ 117.490514614000062, 0.086708749000024 ], [ 117.487064395000061, 0.08373442200002 ], [ 117.478959951000093, 0.081954586000052 ], [ 117.475390784000069, 0.095381343000042 ], [ 117.469208942000023, 0.092625927000029 ], [ 117.46285578100003, 0.103033690000075 ], [ 117.456788155000027, 0.10007839900004 ], [ 117.465811072000065, 0.092882909000025 ], [ 117.459258037000041, 0.091669384000056 ], [ 117.462419864000026, 0.084323513000072 ], [ 117.474079224000093, 0.089796273000047 ], [ 117.479188380000096, 0.077405056000032 ], [ 117.466053755000075, 0.06505089500007 ], [ 117.47718963300008, 0.063531085000022 ], [ 117.467703149000045, 0.046437597000022 ], [ 117.477817809000044, 0.048340606000068 ], [ 117.484914974000048, 0.062660276000031 ], [ 117.488725259000034, 0.057077987000071 ], [ 117.509150463000083, 0.063729975000058 ], [ 117.512149709000028, 0.052782566000076 ], [ 117.488795071000027, 0.042275936000067 ], [ 117.490700852000032, 0.030091374000051 ], [ 117.51440669200008, 0.037484520000021 ], [ 117.517714142000045, 0.021589721000055 ], [ 117.388333333000105, 0.022500004000051 ], [ 117.397361406000073, 0.08086673400004 ], [ 117.402915018000044, 0.091807546000041 ], [ 117.428263100000095, 0.105870291000031 ], [ 117.449722223000094, 0.16694444500007 ], [ 117.467776130000061, 0.175769107000065 ], [ 117.46916666900006, 0.199166668000032 ], [ 117.50556223500007, 0.204347792000021 ] ] ], [ [ [ 117.513485840000044, 0.152761077000036 ], [ 117.512795797000081, 0.150476795000031 ], [ 117.511201557000049, 0.152285186000029 ], [ 117.513485840000044, 0.152761077000036 ] ] ], [ [ [ 117.506224339000028, 0.157970531000046 ], [ 117.506281447000106, 0.158869967000044 ], [ 117.506638366000061, 0.158027638000021 ], [ 117.506224339000028, 0.157970531000046 ] ] ], [ [ [ 117.508237363000035, 0.159312546000024 ], [ 117.508365855000079, 0.158099022000044 ], [ 117.507537801000012, 0.15912694900004 ], [ 117.508237363000035, 0.159312546000024 ] ] ], [ [ [ 117.512168510000038, 0.184379455000055 ], [ 117.512496877000103, 0.184593606000021 ], [ 117.512568261000069, 0.18413675000005 ], [ 117.512168510000038, 0.184379455000055 ] ] ], [ [ [ 117.511840145000065, 0.184507946000053 ], [ 117.511197689000028, 0.184593606000021 ], [ 117.511526057000083, 0.184836311000026 ], [ 117.511840145000065, 0.184507946000053 ] ] ], [ [ [ 117.512696750000032, 0.184893419000048 ], [ 117.512839519000067, 0.184693544000027 ], [ 117.512639644000046, 0.18476492700006 ], [ 117.512696750000032, 0.184893419000048 ] ] ], [ [ [ 117.507685607000099, 0.188234182000031 ], [ 117.507114535000028, 0.189290662000076 ], [ 117.507728437000083, 0.189262109000026 ], [ 117.507685607000099, 0.188234182000031 ] ] ], [ [ [ 117.509413094000024, 0.189419153000074 ], [ 117.507971142000088, 0.189233555000044 ], [ 117.509156112000028, 0.190061608000065 ], [ 117.509413094000024, 0.189419153000074 ] ] ], [ [ [ 117.512396939000041, 0.191018151000037 ], [ 117.510498130000087, 0.190618401000052 ], [ 117.511825869000063, 0.191803373000027 ], [ 117.512396939000041, 0.191018151000037 ] ] ], [ [ [ 117.559389363000037, 0.063527223000051 ], [ 117.558970579000061, 0.064402865000034 ], [ 117.559884292000106, 0.063774687000034 ], [ 117.559389363000037, 0.063527223000051 ] ] ], [ [ [ 117.528272298000047, 0.06507123800003 ], [ 117.529793979000033, 0.063778640000066 ], [ 117.529579987000034, 0.063563213000066 ], [ 117.528272298000047, 0.06507123800003 ] ] ], [ [ [ 117.527154813000038, 0.06600478200005 ], [ 117.528105882000091, 0.06684255700003 ], [ 117.52824853300001, 0.066172327000061 ], [ 117.527154813000038, 0.06600478200005 ] ] ], [ [ [ 117.559380387000033, 0.079366642000025 ], [ 117.558780764000062, 0.080037650000065 ], [ 117.55953743300006, 0.079937714000039 ], [ 117.559380387000033, 0.079366642000025 ] ] ], [ [ [ 117.553174753, 0.084387306000053 ], [ 117.548487214000033, 0.080937087000052 ], [ 117.541848519000041, 0.083887618000063 ], [ 117.546750209000038, 0.086433642000031 ], [ 117.553174753, 0.084387306000053 ] ] ], [ [ [ 117.555982518000064, 0.083364137000046 ], [ 117.553983770000059, 0.08740922000004 ], [ 117.555244885000093, 0.087670962000061 ], [ 117.555982518000064, 0.083364137000046 ] ] ], [ [ [ 117.559391094000034, 0.091529852000065 ], [ 117.564073875000076, 0.086866108000038 ], [ 117.55718295500003, 0.088141500000063 ], [ 117.559391094000034, 0.091529852000065 ] ] ], [ [ [ 117.536429490000046, 0.109391318000064 ], [ 117.537369378000108, 0.108201587000053 ], [ 117.53552529600006, 0.108320560000038 ], [ 117.536429490000046, 0.109391318000064 ] ] ], [ [ [ 117.538511519000053, 0.109236653000039 ], [ 117.539332433000027, 0.109902902000044 ], [ 117.539415714000029, 0.109284242000058 ], [ 117.538511519000053, 0.109236653000039 ] ] ], [ [ [ 117.530650673000082, 0.115242532000025 ], [ 117.529247848000068, 0.114644141000042 ], [ 117.530531792000033, 0.115434028000038 ], [ 117.530650673000082, 0.115242532000025 ] ] ], [ [ [ 117.529607744000032, 0.132078730000046 ], [ 117.531192466000107, 0.130636777000063 ], [ 117.527480507000064, 0.130651054000055 ], [ 117.529607744000032, 0.132078730000046 ] ] ], [ [ [ 117.522385025000062, 0.152737283000022 ], [ 117.519577259000016, 0.14973916200006 ], [ 117.517721280000046, 0.150881303000062 ], [ 117.522385025000062, 0.152737283000022 ] ] ], [ [ [ 117.524516804000086, 0.184971511000072 ], [ 117.523660863000032, 0.185617827000044 ], [ 117.524588166000058, 0.186072598000067 ], [ 117.524516804000086, 0.184971511000072 ] ] ] ] } }
]
}
