{
"type": "FeatureCollection",
"name": "71",
"crs": { "type": "name", "properties": { "name": "urn:ogc:def:crs:OGC:1.3:CRS84" } },
"features": [
{ "type": "Feature", "properties": { "kemendagri_kab_code": 7101, "kemendagri_kab_name": "Kabupaten Bolaang Mongondow", "kemendagri_prov_code": 71, "kemendagri_prov_name": "Sulawesi Utara" }, "geometry": { "type": "MultiPolygon", "coordinates": [ [ [ [ 124.298827396000092, 1.001786809000066 ], [ 124.317449896000085, 1.008359744000074 ], [ 124.333499757000027, 0.988009623000039 ], [ 124.354845529000045, 0.98636529700002 ], [ 124.360558633000096, 0.962822092000067 ], [ 124.369956632000026, 0.962981361000061 ], [ 124.376384654000049, 0.952854467000066 ], [ 124.366076020000037, 0.920893445000047 ], [ 124.377410068000017, 0.912375361000045 ], [ 124.379586823000068, 0.869907417000036 ], [ 124.406446526000082, 0.858017640000071 ], [ 124.436556734000078, 0.828187782000043 ], [ 124.418900589000032, 0.807312272000047 ], [ 124.436022154000057, 0.786310821000029 ], [ 124.418161162000047, 0.768874986000071 ], [ 124.357122113000059, 0.755335071000047 ], [ 124.34577980600011, 0.76848880600005 ], [ 124.320532241000024, 0.774527611000053 ], [ 124.304108333000045, 0.762138889000028 ], [ 124.306013889000042, 0.752427778000026 ], [ 124.26964243000009, 0.743105912000033 ], [ 124.26488324200011, 0.757555742000022 ], [ 124.255712739000046, 0.750361564000059 ], [ 124.252402778000032, 0.707163889000071 ], [ 124.270533364000016, 0.713885764000054 ], [ 124.288015619000021, 0.699094201000037 ], [ 124.294141505000084, 0.659103597000069 ], [ 124.318472193000048, 0.666824275000067 ], [ 124.341735523000011, 0.648372939000069 ], [ 124.337466904000053, 0.615101730000049 ], [ 124.315865700000018, 0.57404149100006 ], [ 124.302498962000072, 0.573016117000066 ], [ 124.29669135000006, 0.561202544000025 ], [ 124.310064720000014, 0.56790495100006 ], [ 124.319252778000077, 0.544072222000068 ], [ 124.299972816000036, 0.543538540000043 ], [ 124.293770957000106, 0.53202380700003 ], [ 124.281039664000104, 0.534263797000051 ], [ 124.270618315000092, 0.526347764000036 ], [ 124.25161880600001, 0.530141440000023 ], [ 124.2537917840001, 0.543569409000042 ], [ 124.238915966000036, 0.542213228000037 ], [ 124.249246895000056, 0.515438918000029 ], [ 124.232805833000043, 0.510528056000055 ], [ 124.217826288000083, 0.537487570000053 ], [ 124.178925055000036, 0.522429333000048 ], [ 124.181095134000088, 0.539333012000043 ], [ 124.160707912000021, 0.561661873000048 ], [ 124.13968610400002, 0.559052708000024 ], [ 124.129984313000023, 0.544130005000056 ], [ 124.115868195000076, 0.538805584000045 ], [ 124.113302641000018, 0.527320216000021 ], [ 124.074070087000109, 0.513766806000035 ], [ 124.063267806000113, 0.519196694000073 ], [ 124.048238659000049, 0.510987596000064 ], [ 124.046106661000067, 0.496748901000046 ], [ 124.032991072000073, 0.492884656000058 ], [ 124.025357761, 0.477865498000028 ], [ 123.99023416700004, 0.463572679000038 ], [ 123.968287770000074, 0.46543328000007 ], [ 123.929824056000029, 0.431286448000037 ], [ 123.909893691000093, 0.434427337000045 ], [ 123.894075035000014, 0.450874171000066 ], [ 123.882253873000082, 0.448475675000054 ], [ 123.858897084000091, 0.459268909000059 ], [ 123.826346058000013, 0.443621574000019 ], [ 123.791567856000029, 0.44065200700004 ], [ 123.776034736000042, 0.455271415000027 ], [ 123.737110950000101, 0.465669414000047 ], [ 123.71221226900002, 0.466982877000021 ], [ 123.706216028000085, 0.456589391000023 ], [ 123.697535754000114, 0.456589391000023 ], [ 123.690226050000092, 0.486285064000072 ], [ 123.710441951, 0.504730645000052 ], [ 123.720150152000087, 0.526431329000047 ], [ 123.713582840000072, 0.563208278000047 ], [ 123.709014278000041, 0.571031944000026 ], [ 123.681774205000011, 0.562979850000033 ], [ 123.642941402000019, 0.57354465700007 ], [ 123.634062924000091, 0.59976346000002 ], [ 123.665538884000057, 0.617584005000026 ], [ 123.698754604000101, 0.61296049300006 ], [ 123.731184278000114, 0.64814558300003 ], [ 123.729899369, 0.663850026000034 ], [ 123.741392166000082, 0.685336558000074 ], [ 123.72970499500002, 0.695967118000056 ], [ 123.719263179000109, 0.725632731000076 ], [ 123.700453540000012, 0.73244988600004 ], [ 123.710601595000071, 0.759090124000068 ], [ 123.688851817000113, 0.794061326000076 ], [ 123.7270488260001, 0.864068994000036 ], [ 123.736216900000045, 0.865308667000022 ], [ 123.736818259000074, 0.849438956000029 ], [ 123.741335105000076, 0.853889869000056 ], [ 123.741007355000079, 0.842625593000037 ], [ 123.752632722000044, 0.830941119000045 ], [ 123.765687633000084, 0.838120667000055 ], [ 123.757307554000022, 0.854825839000057 ], [ 123.769432105000078, 0.837773857000059 ], [ 123.775961994000113, 0.840489710000043 ], [ 123.786055373000067, 0.830161664000059 ], [ 123.804274009000096, 0.837056199000074 ], [ 123.791663318000019, 0.855619506000039 ], [ 123.839000387000056, 0.839089284000067 ], [ 123.848856174000048, 0.84517527600002 ], [ 123.881577002000085, 0.839462616000048 ], [ 123.910979357000087, 0.84529933500005 ], [ 123.913456314000086, 0.852103989000057 ], [ 123.937383436000118, 0.83391849000003 ], [ 123.959273126000085, 0.837305310000033 ], [ 123.962789407000059, 0.845817726000064 ], [ 123.952244540000038, 0.851707289000046 ], [ 123.943010472000083, 0.846455757000058 ], [ 123.931441201000098, 0.860005108000053 ], [ 123.95630863100007, 0.864915370000062 ], [ 124.072736700000064, 0.921181223000076 ], [ 124.099883838000096, 0.91898820900002 ], [ 124.137892468000018, 0.928821970000058 ], [ 124.203332520000117, 0.989953153000044 ], [ 124.230063066000071, 0.990827438000053 ], [ 124.244104962000051, 1.001768052000045 ], [ 124.277639993000093, 0.999678132000042 ], [ 124.297829540000066, 1.010830080000062 ], [ 124.298827396000092, 1.001786809000066 ] ] ], [ [ [ 123.830307478, 0.842668231000061 ], [ 123.829860640000106, 0.842397306000066 ], [ 123.829451831000029, 0.843214835000026 ], [ 123.830307478, 0.842668231000061 ] ] ], [ [ [ 123.927510531000053, 0.85786280700006 ], [ 123.926200686000016, 0.857827892000046 ], [ 123.927250857000104, 0.858205944000019 ], [ 123.927510531000053, 0.85786280700006 ] ] ], [ [ [ 123.811393874000032, 0.863544168000033 ], [ 123.810345180000013, 0.861720723000076 ], [ 123.809633765000058, 0.86373082800003 ], [ 123.811393874000032, 0.863544168000033 ] ] ], [ [ [ 123.801991073000067, 0.870310894000056 ], [ 123.804726949000042, 0.870423143000039 ], [ 123.804520083000057, 0.868402123000067 ], [ 123.801991073000067, 0.870310894000056 ] ] ], [ [ [ 123.79071568400002, 0.880237409000074 ], [ 123.78780950700002, 0.87685723200002 ], [ 123.786994834000097, 0.882275648000075 ], [ 123.79071568400002, 0.880237409000074 ] ] ], [ [ [ 123.974393725000027, 0.903720082000063 ], [ 123.977716815, 0.90320212000006 ], [ 123.977157186000113, 0.899681631000021 ], [ 123.974393725000027, 0.903720082000063 ] ] ] ] } },
{ "type": "Feature", "properties": { "kemendagri_kab_code": 7102, "kemendagri_kab_name": "Kabupaten Minahasa", "kemendagri_prov_code": 71, "kemendagri_prov_name": "Sulawesi Utara" }, "geometry": { "type": "MultiPolygon", "coordinates": [ [ [ [ 124.891995085000076, 1.464264626000045 ], [ 124.904434019000064, 1.451656974000059 ], [ 124.90104709000002, 1.426665320000041 ], [ 124.917747009000095, 1.404807023000046 ], [ 124.907745175000059, 1.397732780000069 ], [ 124.921269989000052, 1.392611988000056 ], [ 124.926042009000071, 1.378172005000067 ], [ 124.912172457000111, 1.353139620000036 ], [ 124.922949195000115, 1.349790044000031 ], [ 124.926039235000076, 1.337967271000025 ], [ 124.935128976000101, 1.342512986000031 ], [ 124.963163833000067, 1.319063909000022 ], [ 124.980148965000012, 1.322302964000073 ], [ 124.98316168100007, 1.337311718000024 ], [ 124.998925400000076, 1.336389802000042 ], [ 124.994981503000076, 1.32959289300004 ], [ 125.002844386000106, 1.32368709800005 ], [ 125.022407990000033, 1.326304014000073 ], [ 125.016659576000052, 1.313576755000042 ], [ 125.029007288000116, 1.30045812700007 ], [ 125.02678030300001, 1.291366827000047 ], [ 125.06345172400006, 1.286141694000037 ], [ 125.023319011000012, 1.142310021000071 ], [ 124.972023217000014, 1.074706823000042 ], [ 124.909571222000068, 1.018357521000041 ], [ 124.873853762000067, 1.057492821000039 ], [ 124.87078851900003, 1.073658981000051 ], [ 124.837425198000119, 1.120988685000043 ], [ 124.822326660000044, 1.112915039000029 ], [ 124.792705683, 1.113285857000051 ], [ 124.769945234000033, 1.096486807000076 ], [ 124.736716128000012, 1.115095930000052 ], [ 124.744155733000071, 1.143366546000038 ], [ 124.727088643000116, 1.18368219000007 ], [ 124.729720601000054, 1.211368144000062 ], [ 124.746017079000012, 1.206174218000058 ], [ 124.752068165000082, 1.21132646600006 ], [ 124.749493045, 1.226396058000034 ], [ 124.759572714000115, 1.251900242000033 ], [ 124.750099731000091, 1.267312009000022 ], [ 124.71792076600002, 1.280297948000054 ], [ 124.708328945000062, 1.294941197000071 ], [ 124.722732393000115, 1.315729827000041 ], [ 124.716934053000045, 1.325983733000044 ], [ 124.621108858000071, 1.336542816000076 ], [ 124.594376473000011, 1.352102983000066 ], [ 124.58793632000004, 1.369839118000073 ], [ 124.565267168000105, 1.378727752000032 ], [ 124.580278785000019, 1.398078850000047 ], [ 124.60240516600004, 1.400964470000019 ], [ 124.605337757000029, 1.405985264000037 ], [ 124.605629222000061, 1.412450738000075 ], [ 124.617964894000011, 1.418841686000064 ], [ 124.639052559000106, 1.398747996000054 ], [ 124.675567413000067, 1.394127278000042 ], [ 124.687413127000013, 1.408325594000075 ], [ 124.703310898000041, 1.408503497000027 ], [ 124.707989789000067, 1.419381983000051 ], [ 124.740602155000033, 1.435956247000036 ], [ 124.75238626600003, 1.45455886000002 ], [ 124.771218743000077, 1.461057376000042 ], [ 124.783495920000064, 1.461558652000065 ], [ 124.789698129000044, 1.441824558000064 ], [ 124.823527531000082, 1.428023388000042 ], [ 124.857030599000041, 1.433814761000065 ], [ 124.862547230000018, 1.44900330400003 ], [ 124.876444543000048, 1.458182307000072 ], [ 124.871894444000077, 1.464612222000028 ], [ 124.891995085000076, 1.464264626000045 ] ], [ [ 124.841666473000032, 1.402726364000046 ], [ 124.792255700000055, 1.398410278000028 ], [ 124.7789832200001, 1.387901667000051 ], [ 124.769338448000099, 1.359288603000039 ], [ 124.733898977000081, 1.32691038300004 ], [ 124.731237971000041, 1.313340870000047 ], [ 124.751477322000028, 1.293029960000069 ], [ 124.778706140000054, 1.296326752000027 ], [ 124.770291071000088, 1.290011165000067 ], [ 124.797564753000074, 1.280744753000022 ], [ 124.800378433000105, 1.269637319000026 ], [ 124.821528875000013, 1.269306475000064 ], [ 124.819704805000015, 1.24254275200002 ], [ 124.834580899000116, 1.262186629000041 ], [ 124.850063677000094, 1.26672131700002 ], [ 124.876286363000077, 1.326231790000065 ], [ 124.909497500000043, 1.348627500000021 ], [ 124.884239749000017, 1.356833572000028 ], [ 124.864097857000047, 1.351878598000042 ], [ 124.837656801000094, 1.386058849000051 ], [ 124.841666473000032, 1.402726364000046 ] ] ], [ [ [ 124.603025209000066, 1.40709616700002 ], [ 124.604324187000088, 1.406258636000075 ], [ 124.602998288000094, 1.406451316000073 ], [ 124.603025209000066, 1.40709616700002 ] ] ] ] } },
{ "type": "Feature", "properties": { "kemendagri_kab_code": 7103, "kemendagri_kab_name": "Kabupaten Kepulauan Sangihe", "kemendagri_prov_code": 71, "kemendagri_prov_name": "Sulawesi Utara" }, "geometry": { "type": "MultiPolygon", "coordinates": [ [ [ [ 125.479916321000019, 2.935474716000044 ], [ 125.479873162000104, 2.935910051000064 ], [ 125.480136951000077, 2.935728679000022 ], [ 125.479916321000019, 2.935474716000044 ] ] ], [ [ [ 125.47723196100003, 2.942823069000042 ], [ 125.480627347000109, 2.940736852000043 ], [ 125.478011111000114, 2.938936224000031 ], [ 125.47723196100003, 2.942823069000042 ] ] ], [ [ [ 125.450218247000066, 2.945298542000046 ], [ 125.45219669700009, 2.944557821000046 ], [ 125.450919903000113, 2.943512706000035 ], [ 125.450218247000066, 2.945298542000046 ] ] ], [ [ [ 125.477390526000022, 2.947854922000033 ], [ 125.48063641400006, 2.946998334000057 ], [ 125.476794348000112, 2.943629528000031 ], [ 125.477390526000022, 2.947854922000033 ] ] ], [ [ [ 125.482899914000086, 3.06260082600005 ], [ 125.488650225000015, 3.061891050000042 ], [ 125.4902306890001, 3.059297042000026 ], [ 125.482899914000086, 3.06260082600005 ] ] ], [ [ [ 125.503540279000049, 3.091825762000042 ], [ 125.512259414000027, 3.080002020000052 ], [ 125.505149456000026, 3.058299044000023 ], [ 125.499652775000072, 3.064942096000038 ], [ 125.505392035000114, 3.073636646000068 ], [ 125.494772262000083, 3.080623854000066 ], [ 125.503540279000049, 3.091825762000042 ] ] ], [ [ [ 125.477959345000045, 3.092083590000072 ], [ 125.483571856000026, 3.100152914000034 ], [ 125.484567703000039, 3.096693201000051 ], [ 125.477959345000045, 3.092083590000072 ] ] ], [ [ [ 125.487275290000071, 3.095150902000057 ], [ 125.498402762000069, 3.096969319000038 ], [ 125.496920120000027, 3.091979144000049 ], [ 125.487275290000071, 3.095150902000057 ] ] ], [ [ [ 125.445674739000083, 3.144229101000064 ], [ 125.445927914000094, 3.143890266000028 ], [ 125.445714714000019, 3.143663742000058 ], [ 125.445674739000083, 3.144229101000064 ] ] ], [ [ [ 125.449581279000085, 3.148895581000033 ], [ 125.456031962000111, 3.141180508000048 ], [ 125.447078998000052, 3.143251817000021 ], [ 125.449581279000085, 3.148895581000033 ] ] ], [ [ [ 125.520804233000035, 3.191199443000073 ], [ 125.539368831000047, 3.181019209000056 ], [ 125.539422369000022, 3.169169493000027 ], [ 125.533650748000014, 3.159546239000065 ], [ 125.524740364000081, 3.163925564000067 ], [ 125.523273927000105, 3.156320484000048 ], [ 125.512643518000118, 3.156526881000048 ], [ 125.511967417000051, 3.166090823000047 ], [ 125.50432821000004, 3.161791165000068 ], [ 125.506229781000116, 3.169488069000067 ], [ 125.498924367000086, 3.172244369000055 ], [ 125.515427446000103, 3.174235126000042 ], [ 125.503610974000026, 3.17563257300003 ], [ 125.50919607600008, 3.181400452000048 ], [ 125.502630981000038, 3.185145747000035 ], [ 125.513125172000059, 3.189202607000027 ], [ 125.517677859000059, 3.173585245000027 ], [ 125.523998234000032, 3.172159270000066 ], [ 125.520804233000035, 3.191199443000073 ] ] ], [ [ [ 125.502465383000072, 3.175779737000028 ], [ 125.502530819000071, 3.175428766000039 ], [ 125.502337487000091, 3.175568559000055 ], [ 125.502465383000072, 3.175779737000028 ] ] ], [ [ [ 125.531756432000066, 3.187468940000031 ], [ 125.531870646000016, 3.187773511000046 ], [ 125.531908717000078, 3.187784933000046 ], [ 125.531756432000066, 3.187468940000031 ] ] ], [ [ [ 125.53170432200011, 3.187768038000058 ], [ 125.532014603000107, 3.188158270000031 ], [ 125.532554547000018, 3.188412662000076 ], [ 125.53170432200011, 3.187768038000058 ] ] ], [ [ [ 125.513774973000068, 3.189986919000035 ], [ 125.513253395000106, 3.189471052000044 ], [ 125.513554268, 3.190322879000064 ], [ 125.513774973000068, 3.189986919000035 ] ] ], [ [ [ 125.513530238000044, 3.191132867000022 ], [ 125.513726305000091, 3.19086065700003 ], [ 125.513452191000056, 3.19033336800004 ], [ 125.513530238000044, 3.191132867000022 ] ] ], [ [ [ 125.513091227000018, 3.19184771700003 ], [ 125.513204251000047, 3.19232955800004 ], [ 125.513352968000049, 3.19219868700003 ], [ 125.513091227000018, 3.19184771700003 ] ] ], [ [ [ 125.460342892000085, 3.254059158000075 ], [ 125.472549897000022, 3.244296408000025 ], [ 125.455597091000072, 3.231724061000023 ], [ 125.446278075, 3.239438152000048 ], [ 125.448183116000109, 3.251574151000057 ], [ 125.460342892000085, 3.254059158000075 ] ] ], [ [ [ 125.452951487000064, 3.253894333000062 ], [ 125.453049997000107, 3.254035673000033 ], [ 125.453105676000064, 3.253917176000073 ], [ 125.452951487000064, 3.253894333000062 ] ] ], [ [ [ 125.559084250000069, 3.40959822700006 ], [ 125.559514114000081, 3.410033949000024 ], [ 125.559948529000053, 3.409955295000032 ], [ 125.559084250000069, 3.40959822700006 ] ] ], [ [ [ 125.527860068000109, 3.407453538000027 ], [ 125.526353946000086, 3.411597395000058 ], [ 125.527179978000049, 3.412403209000047 ], [ 125.527860068000109, 3.407453538000027 ] ] ], [ [ [ 125.550617667000097, 3.420922703000031 ], [ 125.55066729300006, 3.421062355000061 ], [ 125.550670169000114, 3.420912675000068 ], [ 125.550617667000097, 3.420922703000031 ] ] ], [ [ [ 125.554637722000052, 3.431207620000066 ], [ 125.554409690000057, 3.431802854000068 ], [ 125.554665133000071, 3.432385932000045 ], [ 125.554637722000052, 3.431207620000066 ] ] ], [ [ [ 125.449712120000072, 3.736461785000074 ], [ 125.50776010300001, 3.723112453000056 ], [ 125.556908608000072, 3.665744623000023 ], [ 125.560764508000034, 3.648808353000049 ], [ 125.57265515000006, 3.646241073000056 ], [ 125.576709284000117, 3.636971217000053 ], [ 125.563433210000085, 3.626451535000058 ], [ 125.583397083000023, 3.625662986000066 ], [ 125.594624067000041, 3.611168712000051 ], [ 125.589838168000028, 3.611797376000027 ], [ 125.586164875, 3.611270920000038 ], [ 125.584427036000079, 3.606349759000068 ], [ 125.581025596000018, 3.60841560700004 ], [ 125.577231094000012, 3.606910098000071 ], [ 125.573942321000118, 3.607016936000036 ], [ 125.572746642000084, 3.606570787000067 ], [ 125.571492270000022, 3.605354525000052 ], [ 125.571573171000068, 3.604911945000026 ], [ 125.571944367000015, 3.604469366000046 ], [ 125.582486406000044, 3.597467900000026 ], [ 125.572845348000101, 3.586435231000053 ], [ 125.566215179000096, 3.591770551000025 ], [ 125.560705933, 3.59054453400006 ], [ 125.559416992000024, 3.577904972000056 ], [ 125.58506429900001, 3.58320378600007 ], [ 125.589826649000088, 3.553001169000026 ], [ 125.60029248, 3.558740576000048 ], [ 125.59970588300007, 3.550568902000066 ], [ 125.612687566000091, 3.540522298000042 ], [ 125.618012798000109, 3.542595704000064 ], [ 125.61715606100006, 3.528726992000031 ], [ 125.626492959000075, 3.52749277700002 ], [ 125.62194166200004, 3.518857463000074 ], [ 125.631830484000034, 3.514478107000059 ], [ 125.642365355000038, 3.490525059000049 ], [ 125.654228878000026, 3.49411764000007 ], [ 125.661024979000103, 3.48693092000002 ], [ 125.657346673, 3.49549425400005 ], [ 125.643598821000069, 3.49753572700007 ], [ 125.640114352000069, 3.512618877000023 ], [ 125.662324549000118, 3.523201722000067 ], [ 125.654324965000114, 3.505441203000032 ], [ 125.666803513000104, 3.503604225000061 ], [ 125.671007637000116, 3.494131584000058 ], [ 125.663748741000063, 3.471898493000026 ], [ 125.676391285000022, 3.429379672000039 ], [ 125.66181038700006, 3.401627271000052 ], [ 125.654372014000046, 3.40331085400004 ], [ 125.657093321000048, 3.389406277000035 ], [ 125.650297988000034, 3.392419456000027 ], [ 125.635754828000017, 3.38012915500002 ], [ 125.637698266000029, 3.389065490000064 ], [ 125.630311498000083, 3.388864900000044 ], [ 125.630707987000051, 3.380679549000035 ], [ 125.620708370000102, 3.388849806000053 ], [ 125.621655333000035, 3.372499789000074 ], [ 125.612401713000054, 3.37412759800003 ], [ 125.605289275000018, 3.368329360000075 ], [ 125.595031402000018, 3.380302805000042 ], [ 125.581179499000086, 3.375963812000066 ], [ 125.592045613000096, 3.38413661200002 ], [ 125.586232105000022, 3.404886103000024 ], [ 125.558346665000045, 3.422023230000036 ], [ 125.570015185000102, 3.437682531000064 ], [ 125.548490490000063, 3.43499842600005 ], [ 125.546977724000044, 3.426054775000068 ], [ 125.550919334000014, 3.419138152000073 ], [ 125.544419515000072, 3.410550812000054 ], [ 125.533872595000048, 3.417272132000051 ], [ 125.534636487000057, 3.409465069000021 ], [ 125.533602311000095, 3.407459895000045 ], [ 125.519462706000013, 3.424903526000037 ], [ 125.525711534000038, 3.437263023000071 ], [ 125.502947388000052, 3.435197874000039 ], [ 125.498621476000039, 3.445651276000035 ], [ 125.504298820000031, 3.449705048000055 ], [ 125.490210452000042, 3.459782156000074 ], [ 125.499378125000021, 3.467246166000052 ], [ 125.484758992000025, 3.467869250000035 ], [ 125.4900711680001, 3.477018531000056 ], [ 125.481313582000098, 3.481756134000022 ], [ 125.48709679500007, 3.525755083000035 ], [ 125.51200781700004, 3.567678525000076 ], [ 125.49934208500008, 3.57117125700006 ], [ 125.500693619000117, 3.57836912700003 ], [ 125.489275062000047, 3.57307435000007 ], [ 125.482276353000088, 3.59378619000006 ], [ 125.504032122000012, 3.600848073000066 ], [ 125.503202701000077, 3.607515834000026 ], [ 125.480116615000043, 3.605086250000056 ], [ 125.440790372000038, 3.621623149000072 ], [ 125.413465136000013, 3.644210538000038 ], [ 125.397616042000095, 3.673249757000065 ], [ 125.40407191700001, 3.71940406300007 ], [ 125.426916884000093, 3.734553457000061 ], [ 125.449712120000072, 3.736461785000074 ] ] ], [ [ [ 125.503391848000092, 3.55594695000002 ], [ 125.503453239, 3.556002629000034 ], [ 125.503481792000116, 3.55597550300007 ], [ 125.503391848000092, 3.55594695000002 ] ] ], [ [ [ 125.507487146000017, 3.564206603000059 ], [ 125.508330318000048, 3.56390973200007 ], [ 125.508392296000011, 3.563646931000051 ], [ 125.507487146000017, 3.564206603000059 ] ] ], [ [ [ 125.389764421000109, 3.915596408000056 ], [ 125.391417457000102, 3.908132616000046 ], [ 125.386685899000099, 3.907512172000054 ], [ 125.384274315000084, 3.91252034200005 ], [ 125.389764421000109, 3.915596408000056 ] ] ], [ [ [ 125.320564133000062, 4.236926316000051 ], [ 125.331027781000103, 4.234526004000031 ], [ 125.330348675000096, 4.227989061000073 ], [ 125.320351826000092, 4.22904963600007 ], [ 125.320564133000062, 4.236926316000051 ] ] ], [ [ [ 125.434280045000037, 4.662350852000031 ], [ 125.438543861000085, 4.651917986000058 ], [ 125.433312626000088, 4.648191921000034 ], [ 125.434280045000037, 4.662350852000031 ] ] ], [ [ [ 125.437648956000089, 4.674564118000035 ], [ 125.434777898000107, 4.665809605000049 ], [ 125.428760588000046, 4.668420290000029 ], [ 125.432485049000093, 4.673964493000028 ], [ 125.437648956000089, 4.674564118000035 ] ] ], [ [ [ 125.438772126000117, 4.674973415000068 ], [ 125.439341293000098, 4.674705011000071 ], [ 125.438657912000053, 4.67479447900007 ], [ 125.438772126000117, 4.674973415000068 ] ] ], [ [ [ 125.490513466000039, 4.74505063600003 ], [ 125.487397053000109, 4.731210329000021 ], [ 125.477312428000118, 4.729191042000025 ], [ 125.478078863000064, 4.737133048000032 ], [ 125.490513466000039, 4.74505063600003 ] ] ], [ [ [ 125.490813700000103, 4.745124729000054 ], [ 125.490803706000065, 4.745170890000054 ], [ 125.490828928000042, 4.745166131000076 ], [ 125.490813700000103, 4.745124729000054 ] ] ], [ [ [ 125.491299644000037, 4.745513535000043 ], [ 125.49187547300005, 4.745469753000066 ], [ 125.491340873000013, 4.74534329200003 ], [ 125.491299644000037, 4.745513535000043 ] ] ], [ [ [ 125.489825524000025, 4.746245411000075 ], [ 125.490172449000056, 4.745765711000047 ], [ 125.489715593000028, 4.745822818000022 ], [ 125.489825524000025, 4.746245411000075 ] ] ], [ [ [ 125.491222804000017, 4.746475923000048 ], [ 125.491613514000051, 4.746224424000047 ], [ 125.491173787000093, 4.746425241000054 ], [ 125.491222804000017, 4.746475923000048 ] ] ], [ [ [ 125.49180294700011, 4.746529287000044 ], [ 125.492393978000109, 4.746455231000027 ], [ 125.491727729000104, 4.746466653000027 ], [ 125.49180294700011, 4.746529287000044 ] ] ], [ [ [ 125.570574687000089, 3.332311904000051 ], [ 125.570586584000011, 3.331954985000039 ], [ 125.570446791000109, 3.332291084000076 ], [ 125.570574687000089, 3.332311904000051 ] ] ], [ [ [ 125.579159667000113, 3.342228344000034 ], [ 125.570471264000048, 3.332502416000068 ], [ 125.567608772000085, 3.333069917000046 ], [ 125.565605242000061, 3.337550617000034 ], [ 125.579159667000113, 3.342228344000034 ] ] ], [ [ [ 125.611428407000062, 3.33857378600004 ], [ 125.611516447000099, 3.33886645900003 ], [ 125.611634457000036, 3.338815261000036 ], [ 125.611428407000062, 3.33857378600004 ] ] ], [ [ [ 125.57966495300002, 3.342921764000039 ], [ 125.579906884000025, 3.342892782000035 ], [ 125.579782682000086, 3.342764816000056 ], [ 125.57966495300002, 3.342921764000039 ] ] ], [ [ [ 125.595002362000059, 3.349396194000064 ], [ 125.595554224000011, 3.348938272000055 ], [ 125.594952859000045, 3.349165332000041 ], [ 125.595002362000059, 3.349396194000064 ] ] ], [ [ [ 125.593319864000023, 3.34965782200004 ], [ 125.593066795000027, 3.349097389000065 ], [ 125.59314637500006, 3.349682316000042 ], [ 125.593319864000023, 3.34965782200004 ] ] ], [ [ [ 125.602666692000071, 3.350024106000035 ], [ 125.601792573000012, 3.349550343000033 ], [ 125.602592080000022, 3.350187040000037 ], [ 125.602666692000071, 3.350024106000035 ] ] ], [ [ [ 125.597311491000028, 3.351305654000043 ], [ 125.596822254000017, 3.349332038000057 ], [ 125.596269247, 3.349847305000026 ], [ 125.597311491000028, 3.351305654000043 ] ] ], [ [ [ 125.600140094000039, 3.351394213000049 ], [ 125.59946100500008, 3.350634786000057 ], [ 125.599295722000079, 3.351011758000027 ], [ 125.600140094000039, 3.351394213000049 ] ] ], [ [ [ 125.602498117000096, 3.351528113000029 ], [ 125.602675589000114, 3.351696997000033 ], [ 125.602578089000076, 3.351485560000071 ], [ 125.602498117000096, 3.351528113000029 ] ] ], [ [ [ 125.592704727000068, 3.35486045500005 ], [ 125.592992759000026, 3.354735610000034 ], [ 125.592546930000026, 3.354695794000065 ], [ 125.592704727000068, 3.35486045500005 ] ] ], [ [ [ 125.603104438000059, 3.35835525300007 ], [ 125.602003299000103, 3.359157011000036 ], [ 125.60242109, 3.359593721000067 ], [ 125.603104438000059, 3.35835525300007 ] ] ], [ [ [ 125.577448067000091, 3.363082589000044 ], [ 125.579536017, 3.360970290000068 ], [ 125.577572414000088, 3.359488012000043 ], [ 125.577448067000091, 3.363082589000044 ] ] ], [ [ [ 125.569868113000098, 3.364417076000052 ], [ 125.569621881000103, 3.364332301000047 ], [ 125.569457006000107, 3.364541474000021 ], [ 125.569868113000098, 3.364417076000052 ] ] ], [ [ [ 125.572438645000034, 3.367398416000071 ], [ 125.573131390000071, 3.365418243000022 ], [ 125.571798529000034, 3.365139333000059 ], [ 125.572438645000034, 3.367398416000071 ] ] ], [ [ [ 125.580660076000072, 3.376005332000034 ], [ 125.580604873000084, 3.376317517000075 ], [ 125.58073119900007, 3.37628234400006 ], [ 125.580660076000072, 3.376005332000034 ] ] ], [ [ [ 125.588632516000075, 3.391143185000033 ], [ 125.588479819000099, 3.390632369000059 ], [ 125.58828222000011, 3.390924443000074 ], [ 125.588632516000075, 3.391143185000033 ] ] ], [ [ [ 125.560555811000086, 3.41358338200007 ], [ 125.579537788000039, 3.398353105000069 ], [ 125.57820937200006, 3.389742889000047 ], [ 125.572181197000077, 3.398053095000023 ], [ 125.554952127000092, 3.395589476000055 ], [ 125.561402532000102, 3.402234431000068 ], [ 125.560555811000086, 3.41358338200007 ] ] ], [ [ [ 125.573595137000098, 3.411840282000071 ], [ 125.572364751, 3.411471522000056 ], [ 125.572748348000118, 3.412200728000073 ], [ 125.573595137000098, 3.411840282000071 ] ] ], [ [ [ 125.611292290000051, 3.544522295000036 ], [ 125.611400748000051, 3.54455510400004 ], [ 125.611312060000046, 3.544457086000023 ], [ 125.611292290000051, 3.544522295000036 ] ] ], [ [ [ 125.611209856000073, 3.545596618000047 ], [ 125.610916707000115, 3.544873261000021 ], [ 125.610789167, 3.545493825000051 ], [ 125.611209856000073, 3.545596618000047 ] ] ], [ [ [ 125.56239301100004, 3.589553568000042 ], [ 125.561914739000031, 3.589946179000037 ], [ 125.562343042000066, 3.590012804000025 ], [ 125.56239301100004, 3.589553568000042 ] ] ], [ [ [ 125.561078049000116, 3.59012447200007 ], [ 125.561595582000109, 3.589464171000031 ], [ 125.56080294700007, 3.590026477000038 ], [ 125.561078049000116, 3.59012447200007 ] ] ], [ [ [ 125.588596241000118, 3.595491504000051 ], [ 125.58818459400004, 3.595574785000053 ], [ 125.588467750000063, 3.595784177000041 ], [ 125.588596241000118, 3.595491504000051 ] ] ], [ [ [ 125.573408886000038, 3.60586547500003 ], [ 125.573090038000032, 3.604447316000062 ], [ 125.571643326000071, 3.605123083000024 ], [ 125.5721763250001, 3.605703671000072 ], [ 125.572814021000113, 3.605546627000024 ], [ 125.573408886000038, 3.60586547500003 ] ] ], [ [ [ 125.573927490000074, 3.606862469000021 ], [ 125.574631810000028, 3.604892275000054 ], [ 125.5734611150001, 3.606524585000045 ], [ 125.573927490000074, 3.606862469000021 ] ] ], [ [ [ 125.573345711000115, 3.605974692000075 ], [ 125.572631873000091, 3.606413703000044 ], [ 125.573277897000025, 3.606670684000051 ], [ 125.573345711000115, 3.605974692000075 ] ] ], [ [ [ 125.591391471000065, 3.608850417000042 ], [ 125.591869797000072, 3.609405330000072 ], [ 125.592229559000089, 3.609109682000053 ], [ 125.591391471000065, 3.608850417000042 ] ] ], [ [ [ 125.589430606000064, 3.611333262000073 ], [ 125.589091845000098, 3.611419133000027 ], [ 125.589400149000085, 3.611548365000033 ], [ 125.589430606000064, 3.611333262000073 ] ] ], [ [ [ 125.570721113000104, 3.754950892000068 ], [ 125.570964562000086, 3.755777460000047 ], [ 125.571167, 3.755050872000027 ], [ 125.570721113000104, 3.754950892000068 ] ] ], [ [ [ 125.574030875000062, 3.770171936000054 ], [ 125.586404821000087, 3.750726007000026 ], [ 125.573905845000013, 3.75723391300005 ], [ 125.572986092000065, 3.754864505000057 ], [ 125.571002933000045, 3.756074403000071 ], [ 125.570392189000017, 3.755321437000021 ], [ 125.571314657000016, 3.747769490000053 ], [ 125.561934349000012, 3.753978423000035 ], [ 125.556543350000084, 3.747592112000063 ], [ 125.561800836000089, 3.76462592200005 ], [ 125.574030875000062, 3.770171936000054 ] ] ], [ [ [ 125.586021001000063, 3.787840200000062 ], [ 125.624481399000047, 3.79390593200003 ], [ 125.634291807000068, 3.784299383000075 ], [ 125.617938020000111, 3.781964954000046 ], [ 125.61185135900007, 3.790306154000064 ], [ 125.590019209000047, 3.769760103000067 ], [ 125.586021001000063, 3.787840200000062 ] ] ], [ [ [ 125.60925531700002, 3.786431975000028 ], [ 125.609407008000062, 3.786881099000027 ], [ 125.609582493000062, 3.786872176000031 ], [ 125.60925531700002, 3.786431975000028 ] ] ], [ [ [ 125.584574778000047, 3.788730132000069 ], [ 125.58495739500006, 3.788792236000063 ], [ 125.584970958000099, 3.788664459000074 ], [ 125.584574778000047, 3.788730132000069 ] ] ], [ [ [ 125.566809297000077, 3.795632047000026 ], [ 125.565019942000049, 3.794913450000024 ], [ 125.565790888000038, 3.798544507000031 ], [ 125.566809297000077, 3.795632047000026 ] ] ], [ [ [ 125.572760924000022, 3.808021662000044 ], [ 125.577078456000095, 3.806453598000076 ], [ 125.573987833000047, 3.805101469000022 ], [ 125.572760924000022, 3.808021662000044 ] ] ], [ [ [ 125.599781085000018, 4.647140831000058 ], [ 125.599900058000117, 4.64667255300003 ], [ 125.599433684000019, 4.646864813000036 ], [ 125.599781085000018, 4.647140831000058 ] ] ], [ [ [ 125.678220035000095, 3.051853108000046 ], [ 125.678189578000115, 3.051995876000035 ], [ 125.678254299000059, 3.051870240000028 ], [ 125.678220035000095, 3.051853108000046 ] ] ], [ [ [ 125.678158186000019, 3.052373228000022 ], [ 125.678261914000018, 3.052388011000062 ], [ 125.678261914000018, 3.052277604000039 ], [ 125.678158186000019, 3.052373228000022 ] ] ], [ [ [ 125.67611763900004, 3.052321505000066 ], [ 125.676363913000046, 3.052617748000046 ], [ 125.676392466000038, 3.052607040000055 ], [ 125.67611763900004, 3.052321505000066 ] ] ], [ [ [ 125.675260041000115, 3.055964509000034 ], [ 125.675302872000088, 3.055350608000026 ], [ 125.675174381000033, 3.055386300000066 ], [ 125.675260041000115, 3.055964509000034 ] ] ], [ [ [ 125.675129171000094, 3.055695630000059 ], [ 125.674986403000048, 3.056093 ], [ 125.67513155000006, 3.056112036000059 ], [ 125.675129171000094, 3.055695630000059 ] ] ], [ [ [ 125.676109509000071, 3.058583106000071 ], [ 125.675981018000016, 3.056470145000048 ], [ 125.675336184000116, 3.056184610000059 ], [ 125.675057787000014, 3.057371961000058 ], [ 125.676109509000071, 3.058583106000071 ] ] ], [ [ [ 125.675877136000054, 3.060196380000036 ], [ 125.677190598000038, 3.059335967000038 ], [ 125.676162671000043, 3.058664007000061 ], [ 125.675877136000054, 3.060196380000036 ] ] ], [ [ [ 125.676096046000112, 3.060554251000042 ], [ 125.67598389200009, 3.060655632000021 ], [ 125.676021807000097, 3.060680838000053 ], [ 125.676096046000112, 3.060554251000042 ] ] ], [ [ [ 125.677240329000028, 3.060896108000065 ], [ 125.677699089000043, 3.060454480000033 ], [ 125.676869133000082, 3.060361205000049 ], [ 125.677240329000028, 3.060896108000065 ] ] ], [ [ [ 125.6759118760001, 3.060833885000022 ], [ 125.675976121000076, 3.060925257000065 ], [ 125.67592758, 3.06082389200003 ], [ 125.6759118760001, 3.060833885000022 ] ] ], [ [ [ 125.676200382000047, 3.061399127000072 ], [ 125.675860086000057, 3.061333055000034 ], [ 125.676207011000088, 3.06156719400002 ], [ 125.676200382000047, 3.061399127000072 ] ] ], [ [ [ 125.676265546000081, 3.061284514000022 ], [ 125.676474561000077, 3.061532063000072 ], [ 125.676556792000042, 3.061494383000024 ], [ 125.676265546000081, 3.061284514000022 ] ] ], [ [ [ 125.673938168000063, 3.063536549000048 ], [ 125.673715451000021, 3.06370787000003 ], [ 125.673995275000038, 3.064017676000049 ], [ 125.673938168000063, 3.063536549000048 ] ] ], [ [ [ 125.673776427, 3.064734737000038 ], [ 125.673831155000016, 3.064211255000032 ], [ 125.673724079000067, 3.064182702000039 ], [ 125.673776427, 3.064734737000038 ] ] ], [ [ [ 125.613252205000094, 3.370690419000027 ], [ 125.621330153000031, 3.363565036000068 ], [ 125.615315378000105, 3.347878512000023 ], [ 125.62085185400008, 3.341665119000027 ], [ 125.611659881000037, 3.338980433000074 ], [ 125.604955919000076, 3.35208897800004 ], [ 125.613252205000094, 3.370690419000027 ] ] ], [ [ [ 125.623031258000083, 3.356572529000061 ], [ 125.623206387000096, 3.356658190000076 ], [ 125.623061715000063, 3.356521133000058 ], [ 125.623031258000083, 3.356572529000061 ] ] ], [ [ [ 125.620923294000022, 3.35721895000006 ], [ 125.621042267, 3.357316507000064 ], [ 125.620968504000075, 3.357147566000037 ], [ 125.620923294000022, 3.35721895000006 ] ] ], [ [ [ 125.644709477000106, 3.381708659000026 ], [ 125.64119891900009, 3.37099106200003 ], [ 125.63469429700001, 3.373020236000059 ], [ 125.644709477000106, 3.381708659000026 ] ] ], [ [ [ 125.670212154000069, 3.455922301000044 ], [ 125.670241897000096, 3.456261374000064 ], [ 125.670333982000102, 3.455897793000076 ], [ 125.670212154000069, 3.455922301000044 ] ] ], [ [ [ 125.668832067000039, 3.458910905000039 ], [ 125.668861810000067, 3.459249978000059 ], [ 125.668998629000043, 3.458827624000037 ], [ 125.668832067000039, 3.458910905000039 ] ] ], [ [ [ 125.665407943000105, 3.469071798000073 ], [ 125.665257561000089, 3.468959488000053 ], [ 125.665230158000099, 3.469011717000058 ], [ 125.665407943000105, 3.469071798000073 ] ] ], [ [ [ 125.665982178000036, 3.471798327000045 ], [ 125.665724387000068, 3.471575094000059 ], [ 125.665264008, 3.471924371000057 ], [ 125.665982178000036, 3.471798327000045 ] ] ], [ [ [ 125.663290417000098, 3.504185994000068 ], [ 125.662982753000051, 3.504332331000057 ], [ 125.663233116000015, 3.504504352000026 ], [ 125.663290417000098, 3.504185994000068 ] ] ], [ [ [ 125.665403929000036, 3.505043907000072 ], [ 125.665118873000097, 3.504811740000036 ], [ 125.66507677900006, 3.504976889000034 ], [ 125.665403929000036, 3.505043907000072 ] ] ], [ [ [ 125.660415361000105, 3.525725475000058 ], [ 125.660584965000112, 3.526308257000039 ], [ 125.660681851000049, 3.526314238000055 ], [ 125.660415361000105, 3.525725475000058 ] ] ], [ [ [ 125.659856988000115, 3.528237711000031 ], [ 125.660120836000033, 3.528167641000039 ], [ 125.659820048000029, 3.527909343000033 ], [ 125.659856988000115, 3.528237711000031 ] ] ], [ [ [ 125.656042605000039, 3.53633605400006 ], [ 125.662413943000047, 3.530143641000052 ], [ 125.655823416000089, 3.528132422000056 ], [ 125.656042605000039, 3.53633605400006 ] ] ], [ [ [ 125.657696635000093, 3.538721296000062 ], [ 125.656982651000021, 3.538927554000054 ], [ 125.657267711000031, 3.539187660000039 ], [ 125.657696635000093, 3.538721296000062 ] ] ], [ [ [ 125.656610769000054, 3.539544755000065 ], [ 125.656410153000024, 3.539780440000072 ], [ 125.656637802000091, 3.539760225000066 ], [ 125.656610769000054, 3.539544755000065 ] ] ], [ [ [ 125.633177382000099, 3.540257112000063 ], [ 125.633319932000063, 3.540283274000046 ], [ 125.633197152000093, 3.54019190300005 ], [ 125.633177382000099, 3.540257112000063 ] ] ], [ [ [ 125.6321878870001, 3.547825368000076 ], [ 125.645567644000039, 3.544495558000051 ], [ 125.637445724000031, 3.537620849000064 ], [ 125.6321878870001, 3.547825368000076 ] ] ], [ [ [ 125.611747183000034, 3.545642336000071 ], [ 125.611659619000079, 3.545836500000064 ], [ 125.611777640000014, 3.545870764000028 ], [ 125.611747183000034, 3.545642336000071 ] ] ], [ [ [ 125.614870049000046, 3.781173964000061 ], [ 125.615926530000024, 3.779910471000051 ], [ 125.615078395000069, 3.77984779600007 ], [ 125.614870049000046, 3.781173964000061 ] ] ], [ [ [ 125.635157931000094, 3.784423115000038 ], [ 125.634958056000073, 3.783980536000058 ], [ 125.634501200000045, 3.78429462400004 ], [ 125.635157931000094, 3.784423115000038 ] ] ], [ [ [ 125.633421629000054, 3.78968702800006 ], [ 125.633335968000097, 3.79047582000004 ], [ 125.633503720000022, 3.790490096000042 ], [ 125.633421629000054, 3.78968702800006 ] ] ], [ [ [ 125.632939788000044, 3.790254530000027 ], [ 125.633221754000033, 3.790693540000063 ], [ 125.632946926000045, 3.789968995000038 ], [ 125.632939788000044, 3.790254530000027 ] ] ], [ [ [ 125.627331488000095, 4.590147986000034 ], [ 125.632116472, 4.58996238900005 ], [ 125.626517712, 4.588915901000064 ], [ 125.627331488000095, 4.590147986000034 ] ] ], [ [ [ 125.682309198000098, 3.04676313300007 ], [ 125.682205621000094, 3.046778827000026 ], [ 125.682323322000116, 3.046902805000059 ], [ 125.682309198000098, 3.04676313300007 ] ] ], [ [ [ 125.6787292570001, 3.051630836000072 ], [ 125.679144694000115, 3.051453835000075 ], [ 125.678906748000031, 3.051358656000048 ], [ 125.6787292570001, 3.051630836000072 ] ] ], [ [ [ 125.678273811000054, 3.051639433000048 ], [ 125.678309503000037, 3.051820272000043 ], [ 125.67835471300009, 3.051656089000062 ], [ 125.678273811000054, 3.051639433000048 ] ] ], [ [ [ 125.680623986000114, 3.42621457000007 ], [ 125.679951204000076, 3.427820913000062 ], [ 125.680802761000109, 3.428052019000063 ], [ 125.680623986000114, 3.42621457000007 ] ] ], [ [ [ 125.710636032000025, 3.476116470000022 ], [ 125.709273028000098, 3.462966069000061 ], [ 125.70235092900009, 3.451959951000049 ], [ 125.690550198000096, 3.463838190000047 ], [ 125.710636032000025, 3.476116470000022 ] ] ], [ [ [ 125.738554034000117, 3.479279172000076 ], [ 125.738401748000115, 3.47877472600004 ], [ 125.73815904300011, 3.478884181000069 ], [ 125.738554034000117, 3.479279172000076 ] ] ], [ [ [ 125.727368188000014, 3.481323129000032 ], [ 125.736257129000023, 3.480863212000031 ], [ 125.729200372000037, 3.475630268000032 ], [ 125.727368188000014, 3.481323129000032 ] ] ], [ [ [ 125.738254222000023, 3.479921626000021 ], [ 125.738135249000038, 3.480773473000056 ], [ 125.738325605000114, 3.480806786000073 ], [ 125.738254222000023, 3.479921626000021 ] ] ], [ [ [ 125.738515962000065, 3.482191632000024 ], [ 125.738558793000038, 3.482719872000075 ], [ 125.738777703000096, 3.48277698000004 ], [ 125.738515962000065, 3.482191632000024 ] ] ], [ [ [ 125.736381586000107, 3.483514612000022 ], [ 125.736599306000016, 3.48382513200005 ], [ 125.736563615000023, 3.48353959700006 ], [ 125.736381586000107, 3.483514612000022 ] ] ], [ [ [ 125.732363866000014, 3.484540160000051 ], [ 125.732663678000108, 3.484759071000042 ], [ 125.732420973000103, 3.484449741000049 ], [ 125.732363866000014, 3.484540160000051 ] ] ], [ [ [ 125.731403860000114, 3.486711010000022 ], [ 125.731439552000097, 3.487075067000035 ], [ 125.731577561000108, 3.487224973000025 ], [ 125.731403860000114, 3.486711010000022 ] ] ], [ [ [ 125.731405942000038, 3.493097220000038 ], [ 125.731459242000028, 3.493274252000049 ], [ 125.731508735000034, 3.493270445000064 ], [ 125.731405942000038, 3.493097220000038 ] ] ], [ [ [ 125.731548496000073, 3.49616289100004 ], [ 125.731898277000028, 3.495648928000037 ], [ 125.731834031000062, 3.495577544000071 ], [ 125.731548496000073, 3.49616289100004 ] ] ], [ [ [ 125.732140521000019, 3.496973794000041 ], [ 125.731985857000041, 3.496709079000027 ], [ 125.731777654000098, 3.496804257000065 ], [ 125.732140521000019, 3.496973794000041 ] ] ], [ [ [ 125.732045343000095, 3.497440763000043 ], [ 125.731744936000041, 3.497497275000057 ], [ 125.732006677000072, 3.497613274000059 ], [ 125.732045343000095, 3.497440763000043 ] ] ], [ [ [ 125.76071167300006, 3.755820196000059 ], [ 125.760665987000039, 3.754983577000075 ], [ 125.760037809000096, 3.755413308000072 ], [ 125.76071167300006, 3.755820196000059 ] ] ], [ [ [ 125.779721650000056, 3.780922623000038 ], [ 125.779558062000092, 3.780854214000044 ], [ 125.779593754000075, 3.780976161000069 ], [ 125.779721650000056, 3.780922623000038 ] ] ], [ [ [ 125.779617251000104, 3.781926260000034 ], [ 125.780595210000115, 3.781769216000043 ], [ 125.780138353000098, 3.781430143000023 ], [ 125.779617251000104, 3.781926260000034 ] ] ], [ [ [ 125.758973142000059, 3.810321645000045 ], [ 125.758874394000031, 3.810464413000034 ], [ 125.759026680000034, 3.810347819000071 ], [ 125.758973142000059, 3.810321645000045 ] ] ], [ [ [ 125.757935776000068, 3.811109148000071 ], [ 125.758268901000065, 3.810977802000025 ], [ 125.758112808000078, 3.810616124000035 ], [ 125.757935776000068, 3.811109148000071 ] ] ], [ [ [ 125.7570938, 3.811834677000036 ], [ 125.757788841000092, 3.811110369000062 ], [ 125.757524959000079, 3.810889556000063 ], [ 125.7570938, 3.811834677000036 ] ] ], [ [ [ 125.757563712000092, 3.823097467000025 ], [ 125.757843537000099, 3.82300990300007 ], [ 125.757828308000057, 3.822968025000023 ], [ 125.757563712000092, 3.823097467000025 ] ] ], [ [ [ 125.757755612000096, 3.823436342000036 ], [ 125.757626585000025, 3.823417544000051 ], [ 125.757641397000043, 3.823637407000035 ], [ 125.757755612000096, 3.823436342000036 ] ] ], [ [ [ 125.757935625000073, 3.841592401000071 ], [ 125.757991780000111, 3.841352551000057 ], [ 125.757829025000092, 3.841547667000043 ], [ 125.757935625000073, 3.841592401000071 ] ] ], [ [ [ 125.720473427000115, 3.87267325800002 ], [ 125.724412228000119, 3.870235500000035 ], [ 125.722547920000011, 3.866579458000047 ], [ 125.720473427000115, 3.87267325800002 ] ] ], [ [ [ 125.719342317000041, 3.87349839500007 ], [ 125.720040920000088, 3.873200943000029 ], [ 125.720255071000111, 3.872941582000067 ], [ 125.719342317000041, 3.87349839500007 ] ] ], [ [ [ 125.718141872000047, 3.875218627000038 ], [ 125.718215635000092, 3.874861708000026 ], [ 125.717961033000051, 3.874947368000051 ], [ 125.718141872000047, 3.875218627000038 ] ] ], [ [ [ 125.717597570000066, 3.875925921000032 ], [ 125.718079411000076, 3.875548182000045 ], [ 125.717716544000041, 3.875093110000023 ], [ 125.717597570000066, 3.875925921000032 ] ] ], [ [ [ 125.703428643000052, 4.227012082000044 ], [ 125.703492889000017, 4.22675034100007 ], [ 125.70335488, 4.226788413000065 ], [ 125.703428643000052, 4.227012082000044 ] ] ], [ [ [ 125.702095495000094, 4.227769131000059 ], [ 125.701497655000026, 4.227150472000062 ], [ 125.701512527000091, 4.228631686000028 ], [ 125.702178776000096, 4.228598968000028 ], [ 125.702095495000094, 4.227769131000059 ] ] ], [ [ [ 125.702449083000033, 4.227837660000034 ], [ 125.702214151000021, 4.22791617200005 ], [ 125.702392927000119, 4.228021949000038 ], [ 125.702449083000033, 4.227837660000034 ] ] ], [ [ [ 125.700029885000049, 4.228257595000059 ], [ 125.700292577000027, 4.228007276000028 ], [ 125.700085088000037, 4.227917808000029 ], [ 125.700029885000049, 4.228257595000059 ] ] ], [ [ [ 125.700260574000026, 4.228770250000025 ], [ 125.70012732400005, 4.22883687500007 ], [ 125.700281989000018, 4.228855911000039 ], [ 125.700260574000026, 4.228770250000025 ] ] ], [ [ [ 125.701985881000041, 4.228925312000058 ], [ 125.701803852000012, 4.22903476700003 ], [ 125.702022763000059, 4.229157309000072 ], [ 125.701985881000041, 4.228925312000058 ] ] ], [ [ [ 125.688774454000054, 4.433374482000033 ], [ 125.696920833000036, 4.433253437000076 ], [ 125.696275404000062, 4.431931646000066 ], [ 125.688774454000054, 4.433374482000033 ] ] ] ] } },
{ "type": "Feature", "properties": { "kemendagri_kab_code": 7104, "kemendagri_kab_name": "Kabupaten Kepulauan Talaud", "kemendagri_prov_code": 71, "kemendagri_prov_name": "Sulawesi Utara" }, "geometry": { "type": "MultiPolygon", "coordinates": [ [ [ [ 126.761680241000022, 3.85464905300006 ], [ 126.802692393000029, 3.83419834700004 ], [ 126.835446047000119, 3.792048353000041 ], [ 126.85113126300007, 3.753606126000022 ], [ 126.822736170000098, 3.72799215200007 ], [ 126.809354085000109, 3.740805913000031 ], [ 126.785548569000071, 3.74594376400006 ], [ 126.753181639000104, 3.784781614000053 ], [ 126.742576738000025, 3.840465681000069 ], [ 126.761680241000022, 3.85464905300006 ] ] ], [ [ [ 126.615587455000082, 4.043784183000071 ], [ 126.640138035000064, 4.023646923000058 ], [ 126.646841569000117, 3.976919749000047 ], [ 126.720959876000052, 3.915269158000058 ], [ 126.716495694000059, 3.888661002000049 ], [ 126.684777075000056, 3.869528358000025 ], [ 126.702454050000028, 3.813026186000059 ], [ 126.682452803000047, 3.813154117000067 ], [ 126.673841583000012, 3.838377559000037 ], [ 126.675925960000086, 3.856483641000068 ], [ 126.661510642000053, 3.882479770000032 ], [ 126.666825129000017, 3.931324018000055 ], [ 126.659018118000063, 3.939755638000065 ], [ 126.648538976000054, 3.936789513000065 ], [ 126.637650880000024, 3.950686035000047 ], [ 126.627029737000043, 3.985001579000027 ], [ 126.613037937000058, 3.983676711000044 ], [ 126.621085989000107, 3.992345712000031 ], [ 126.611602707000088, 4.002353194000023 ], [ 126.617551493000065, 4.021981045000075 ], [ 126.607910974000106, 4.040757693000046 ], [ 126.615587455000082, 4.043784183000071 ] ] ], [ [ [ 126.717475127000057, 3.944727514000022 ], [ 126.709122715000035, 3.943862326000044 ], [ 126.710439774000065, 3.946650213000055 ], [ 126.717475127000057, 3.944727514000022 ] ] ], [ [ [ 126.712052888000017, 3.953432908000025 ], [ 126.709902611000075, 3.955959822000068 ], [ 126.712990657000091, 3.955365650000033 ], [ 126.712052888000017, 3.953432908000025 ] ] ], [ [ [ 126.771190577000084, 4.246881008000059 ], [ 126.770223012000088, 4.247811024000043 ], [ 126.771500225000068, 4.24690582300002 ], [ 126.771190577000084, 4.246881008000059 ] ] ], [ [ [ 126.772992263000106, 4.250048554000045 ], [ 126.772537665000073, 4.251031480000051 ], [ 126.773065940000038, 4.25125186300005 ], [ 126.772992263000106, 4.250048554000045 ] ] ], [ [ [ 126.711525148000078, 4.268609463000075 ], [ 126.708982094000021, 4.268548051000039 ], [ 126.709191782000062, 4.270466270000043 ], [ 126.711525148000078, 4.268609463000075 ] ] ], [ [ [ 126.737307264000037, 4.542884063000031 ], [ 126.775126516000114, 4.538803710000025 ], [ 126.774502920000032, 4.529961589000038 ], [ 126.784630019000019, 4.524424497000041 ], [ 126.807553026000051, 4.53402359100005 ], [ 126.830882913000096, 4.491038930000059 ], [ 126.855093601000021, 4.489576151000051 ], [ 126.852702838000027, 4.466323853000063 ], [ 126.866550956000083, 4.459149402000037 ], [ 126.869104740000012, 4.428831267000021 ], [ 126.851452837000011, 4.413074773000062 ], [ 126.850885168000104, 4.373095622000051 ], [ 126.865611536000074, 4.342616126000053 ], [ 126.899298856000087, 4.30222221300005 ], [ 126.911142128000051, 4.270004896000046 ], [ 126.860856208000087, 4.25063941600007 ], [ 126.870271371000058, 4.217527616000041 ], [ 126.830906857000059, 4.189456798000037 ], [ 126.796392634000085, 4.148829693000039 ], [ 126.802894402000106, 4.11046987900005 ], [ 126.811822524000036, 4.103474224000024 ], [ 126.801122744000054, 4.055573843000047 ], [ 126.807589226000118, 4.03182546000005 ], [ 126.794421919000115, 4.031971544000044 ], [ 126.790944724000042, 4.017725601000052 ], [ 126.76263085000005, 3.994857564000029 ], [ 126.741970495000032, 3.992963581000026 ], [ 126.70201634700004, 4.00497615200004 ], [ 126.683986347000086, 3.992703581000058 ], [ 126.670750576000046, 4.003368831000046 ], [ 126.668549011000096, 4.044738608000046 ], [ 126.686528419000069, 4.07484207300007 ], [ 126.712271299, 4.084877510000069 ], [ 126.733376913000029, 4.109508345000052 ], [ 126.758667093000099, 4.181875140000045 ], [ 126.790791675000037, 4.213192158000027 ], [ 126.792541571000015, 4.23602891500002 ], [ 126.778590370000074, 4.249591870000074 ], [ 126.769842662000087, 4.252656829000045 ], [ 126.757306513000117, 4.247250453000049 ], [ 126.747039500000028, 4.262665473000027 ], [ 126.716549793000013, 4.264828385000044 ], [ 126.708627249000074, 4.273199747000035 ], [ 126.715044219000106, 4.302505835000034 ], [ 126.706652585000029, 4.308196805000023 ], [ 126.707479861000024, 4.322310511000069 ], [ 126.680270539000048, 4.336537055000065 ], [ 126.69028168300008, 4.358763224000029 ], [ 126.686812621000058, 4.37513623600006 ], [ 126.698574120000103, 4.38281394400002 ], [ 126.691938740000069, 4.394639552000058 ], [ 126.702716036000083, 4.405937874000074 ], [ 126.703824939000015, 4.428883865000046 ], [ 126.717264058000069, 4.435031224000056 ], [ 126.717160449000062, 4.456300641000041 ], [ 126.723593057000016, 4.452166141000021 ], [ 126.733798788000058, 4.462537284000064 ], [ 126.729533372000105, 4.474833275000037 ], [ 126.721907631000022, 4.474773683000024 ], [ 126.728882082000041, 4.486021029000028 ], [ 126.720710129000054, 4.494714698000053 ], [ 126.719938278000086, 4.512980396000046 ], [ 126.737307264000037, 4.542884063000031 ] ] ], [ [ [ 126.70045192900011, 4.283045525000034 ], [ 126.698095530000046, 4.283894661000033 ], [ 126.699998214000061, 4.284991019000074 ], [ 126.70045192900011, 4.283045525000034 ] ] ], [ [ [ 126.710579675000076, 4.445127465000041 ], [ 126.710755849000066, 4.445953160000045 ], [ 126.711070312000061, 4.445982839000067 ], [ 126.710579675000076, 4.445127465000041 ] ] ], [ [ [ 126.723644283000112, 4.483797178000032 ], [ 126.723476632000029, 4.484065727000029 ], [ 126.723792764000109, 4.483947125000043 ], [ 126.723644283000112, 4.483797178000032 ] ] ], [ [ [ 126.580534, 5.544595364000031 ], [ 126.582061563000025, 5.543704723000076 ], [ 126.581929316000014, 5.543354237000074 ], [ 126.580534, 5.544595364000031 ] ] ], [ [ [ 126.586961630000019, 5.564878889000056 ], [ 126.589411708000057, 5.556946668000023 ], [ 126.579659051000021, 5.545476834000056 ], [ 126.57674708400009, 5.557917407000048 ], [ 126.586961630000019, 5.564878889000056 ] ] ], [ [ [ 126.803797275000079, 4.02745073400007 ], [ 126.802491022000027, 4.026047939000023 ], [ 126.802346636000038, 4.02659768500007 ], [ 126.803797275000079, 4.02745073400007 ] ] ], [ [ [ 126.801851156000112, 4.027506223000046 ], [ 126.801522525000109, 4.029256202000056 ], [ 126.802127576000089, 4.027459133000036 ], [ 126.801851156000112, 4.027506223000046 ] ] ], [ [ [ 126.832081011000014, 4.182855767000035 ], [ 126.830417294000085, 4.184889082000041 ], [ 126.833334270000023, 4.184538382000028 ], [ 126.832081011000014, 4.182855767000035 ] ] ], [ [ [ 126.837578270000108, 4.18816436700007 ], [ 126.841451383000049, 4.193609599000069 ], [ 126.846367010000108, 4.194216393000033 ], [ 126.837578270000108, 4.18816436700007 ] ] ], [ [ [ 126.853240694000078, 4.39531521300006 ], [ 126.852940988000114, 4.395953002000056 ], [ 126.853411020000067, 4.395753433000039 ], [ 126.853240694000078, 4.39531521300006 ] ] ], [ [ [ 127.149048527000105, 4.61650432700003 ], [ 127.142748586000039, 4.60756021100002 ], [ 127.121467282000026, 4.612922921000063 ], [ 127.118511634000015, 4.616466097000057 ], [ 127.149048527000105, 4.61650432700003 ] ] ], [ [ [ 127.158919026000035, 4.632570885000064 ], [ 127.163512932000117, 4.627348563000055 ], [ 127.157855763000043, 4.622333849000029 ], [ 127.156207663000032, 4.626415358000031 ], [ 127.158919026000035, 4.632570885000064 ] ] ], [ [ [ 127.155146053000067, 4.644154994000075 ], [ 127.160998433000032, 4.64089289900005 ], [ 127.15710953100006, 4.639124484000035 ], [ 127.155146053000067, 4.644154994000075 ] ] ], [ [ [ 127.161952894000024, 4.644976848000056 ], [ 127.16089046500008, 4.644434926000031 ], [ 127.162125405000097, 4.645247511000036 ], [ 127.161952894000024, 4.644976848000056 ] ] ], [ [ [ 127.140908797000066, 4.687661740000067 ], [ 127.130913871000075, 4.695299215000034 ], [ 127.13608790100011, 4.704689263000034 ], [ 127.143496461000041, 4.701462019000076 ], [ 127.140908797000066, 4.687661740000067 ] ] ], [ [ [ 127.053915485000061, 4.731993232000036 ], [ 127.078807780000034, 4.739587085000039 ], [ 127.092737883000041, 4.729260434000025 ], [ 127.0834736380001, 4.718683155000065 ], [ 127.0684232750001, 4.718958445000055 ], [ 127.053915485000061, 4.731993232000036 ] ] ], [ [ [ 127.137237457000083, 4.734770535000052 ], [ 127.113646723000102, 4.733016303000056 ], [ 127.110658108000052, 4.748910834000071 ], [ 127.132814445, 4.778545326000028 ], [ 127.145370386000081, 4.748546311000041 ], [ 127.137237457000083, 4.734770535000052 ] ] ], [ [ [ 127.057829705000017, 4.791526689000023 ], [ 127.057240688000093, 4.802138382000066 ], [ 127.063008546000106, 4.806983341000034 ], [ 127.064256217000093, 4.794304579000027 ], [ 127.057829705000017, 4.791526689000023 ] ] ] ] } },
{ "type": "Feature", "properties": { "kemendagri_kab_code": 7105, "kemendagri_kab_name": "Kabupaten Minahasa Selatan", "kemendagri_prov_code": 71, "kemendagri_prov_name": "Sulawesi Utara" }, "geometry": { "type": "MultiPolygon", "coordinates": [ [ [ [ 124.551221314000031, 1.376410235000037 ], [ 124.58793632000004, 1.369839118000073 ], [ 124.594376473000011, 1.352102983000066 ], [ 124.621108858000071, 1.336542816000076 ], [ 124.65650924900001, 1.337580413000069 ], [ 124.667808356000023, 1.328121454000041 ], [ 124.718234066000036, 1.324526640000045 ], [ 124.722732393000115, 1.315729827000041 ], [ 124.708328945000062, 1.294941197000071 ], [ 124.71792076600002, 1.280297948000054 ], [ 124.750099731000091, 1.267312009000022 ], [ 124.759572714000115, 1.251900242000033 ], [ 124.749493045, 1.226396058000034 ], [ 124.752068165000082, 1.21132646600006 ], [ 124.729612481000117, 1.210712122000075 ], [ 124.727088643000116, 1.18368219000007 ], [ 124.744155733000071, 1.143366546000038 ], [ 124.736716128000012, 1.115095930000052 ], [ 124.693261156000062, 1.119697099000064 ], [ 124.661424377000117, 1.133968992000064 ], [ 124.648922718000108, 1.116312192000066 ], [ 124.596192705000021, 1.105176752000034 ], [ 124.580904821000104, 1.114704080000024 ], [ 124.574332584000103, 1.092821653000044 ], [ 124.550315584000032, 1.087828040000034 ], [ 124.549998506000065, 1.07052814900004 ], [ 124.566502689000117, 1.044629986000075 ], [ 124.553982021000024, 1.039807047000068 ], [ 124.554825730000061, 1.031540879000033 ], [ 124.565950059000102, 1.010846216000061 ], [ 124.579542063000076, 1.005034281000064 ], [ 124.574913023000022, 0.973293616000035 ], [ 124.565725304000011, 0.968052825000029 ], [ 124.578562924000039, 0.934186749000048 ], [ 124.594870876000073, 0.93458273400006 ], [ 124.558936172000017, 0.887511225000026 ], [ 124.559947066000063, 0.866806351000037 ], [ 124.516714757000045, 0.824857950000023 ], [ 124.497321393000107, 0.820293215000049 ], [ 124.487960010000052, 0.802427635000072 ], [ 124.490466942000012, 0.775592375000031 ], [ 124.469244254000046, 0.762447931000054 ], [ 124.461934153000016, 0.77361634500005 ], [ 124.447603982000032, 0.77143331700006 ], [ 124.433945131000087, 0.796363271000075 ], [ 124.419806214000118, 0.804264925000041 ], [ 124.43288094400009, 0.81667507800006 ], [ 124.435240472000032, 0.831352278000054 ], [ 124.406446526000082, 0.858017640000071 ], [ 124.379586823000068, 0.869907417000036 ], [ 124.377410068000017, 0.912375361000045 ], [ 124.366076020000037, 0.920893445000047 ], [ 124.376384654000049, 0.952854467000066 ], [ 124.369956632000026, 0.962981361000061 ], [ 124.360558633000096, 0.962822092000067 ], [ 124.355458174000091, 0.985524228000031 ], [ 124.333499757000027, 0.988009623000039 ], [ 124.317449896000085, 1.008359744000074 ], [ 124.298297078000019, 1.001787021000041 ], [ 124.297829540000066, 1.010830080000062 ], [ 124.307397679000019, 1.021794166000063 ], [ 124.32141988, 1.077619646000073 ], [ 124.339366112000107, 1.09882096900003 ], [ 124.339916001, 1.118920133000074 ], [ 124.356773151000084, 1.133597830000042 ], [ 124.342900296000039, 1.154082577000054 ], [ 124.348390799000072, 1.161302201000069 ], [ 124.415762062000113, 1.195608073000074 ], [ 124.481564086000049, 1.18337437100007 ], [ 124.497280806000049, 1.191938779000054 ], [ 124.516585182000085, 1.187454648000028 ], [ 124.517872990000114, 1.208925246000035 ], [ 124.526450111000031, 1.215303712000036 ], [ 124.5422569750001, 1.213462880000066 ], [ 124.557033840000031, 1.189765045000058 ], [ 124.570758473000069, 1.185346220000042 ], [ 124.609442475000037, 1.22947272600004 ], [ 124.60971341100003, 1.25590505100007 ], [ 124.573481690000108, 1.270703422000054 ], [ 124.571306918000118, 1.28189493800005 ], [ 124.562460094000016, 1.271681829000045 ], [ 124.550139097000056, 1.271512705000021 ], [ 124.515086806000113, 1.300859374000026 ], [ 124.515810372000033, 1.312266233000059 ], [ 124.512267062000092, 1.317462860000035 ], [ 124.528990165000096, 1.335487317000059 ], [ 124.532150846000036, 1.352893061000032 ], [ 124.551221314000031, 1.376410235000037 ] ] ], [ [ [ 124.510525727000072, 1.304920440000046 ], [ 124.511407769000016, 1.298375306000025 ], [ 124.506231943000103, 1.296159566000028 ], [ 124.503617613000074, 1.301745412000059 ], [ 124.510525727000072, 1.304920440000046 ] ] ], [ [ [ 124.512264026000025, 1.309019413000044 ], [ 124.511606827000037, 1.309493361000023 ], [ 124.511864797000044, 1.309676474000071 ], [ 124.512264026000025, 1.309019413000044 ] ] ], [ [ [ 124.513144791000059, 1.313030440000034 ], [ 124.512493638000024, 1.313636429000042 ], [ 124.513199513000018, 1.313654232000033 ], [ 124.513144791000059, 1.313030440000034 ] ] ], [ [ [ 124.512791426000035, 1.314641010000059 ], [ 124.512450672000114, 1.314091952000069 ], [ 124.51219583000011, 1.31456920200003 ], [ 124.512791426000035, 1.314641010000059 ] ] ] ] } },
{ "type": "Feature", "properties": { "kemendagri_kab_code": 7106, "kemendagri_kab_name": "Kabupaten Minahasa Utara", "kemendagri_prov_code": 71, "kemendagri_prov_name": "Sulawesi Utara" }, "geometry": { "type": "MultiPolygon", "coordinates": [ [ [ [ 124.942274436000048, 1.68549045900005 ], [ 124.941484312000057, 1.687693109000065 ], [ 124.942153900000108, 1.688130332000071 ], [ 124.942274436000048, 1.68549045900005 ] ] ], [ [ [ 124.953019992, 1.699565767000024 ], [ 124.956348503000072, 1.690390057000059 ], [ 124.954068208000081, 1.686805789000061 ], [ 124.948339459000067, 1.691643784000064 ], [ 124.953019992, 1.699565767000024 ] ] ], [ [ [ 124.959524501000033, 1.707670630000052 ], [ 124.959602381000082, 1.708444855000039 ], [ 124.959917034000114, 1.708055883000043 ], [ 124.959524501000033, 1.707670630000052 ] ] ], [ [ [ 124.955387066000071, 1.715186598000059 ], [ 124.955881994000038, 1.715386473000024 ], [ 124.955710673000112, 1.715091420000022 ], [ 124.955387066000071, 1.715186598000059 ] ] ], [ [ [ 124.766046881000079, 1.743913015000032 ], [ 124.780496051000114, 1.700176316000068 ], [ 124.768598542000063, 1.69233014200006 ], [ 124.74423084700004, 1.703745181000045 ], [ 124.731012215000078, 1.72731789200003 ], [ 124.738553773000035, 1.733261224000046 ], [ 124.740245374000096, 1.728426293000041 ], [ 124.748700649000057, 1.719915705000062 ], [ 124.749285996000026, 1.720443946000046 ], [ 124.748257346000059, 1.726373090000038 ], [ 124.751133071000027, 1.734668107000061 ], [ 124.766046881000079, 1.743913015000032 ] ] ], [ [ [ 124.748921753000104, 1.720574983000063 ], [ 124.746073562000106, 1.722978663000049 ], [ 124.746435402000088, 1.723689531000048 ], [ 124.748921753000104, 1.720574983000063 ] ] ], [ [ [ 124.736068045000025, 1.734105563000071 ], [ 124.735657391000018, 1.732706565000058 ], [ 124.734691586000054, 1.733045919000062 ], [ 124.736068045000025, 1.734105563000071 ] ] ], [ [ [ 124.741670197000076, 1.752446926000061 ], [ 124.749241838000103, 1.737524840000049 ], [ 124.745824766000055, 1.728404410000053 ], [ 124.734193345000108, 1.74355065900005 ], [ 124.741670197000076, 1.752446926000061 ] ] ], [ [ [ 124.763819906000094, 1.744677471000045 ], [ 124.754375339000035, 1.745176351000055 ], [ 124.757427078000092, 1.753044425000041 ], [ 124.760427507000031, 1.751326921000043 ], [ 124.763819906000094, 1.744677471000045 ] ] ], [ [ [ 124.746112166000103, 1.749206934000028 ], [ 124.750163027000099, 1.745952056000021 ], [ 124.746424728000079, 1.746595663000051 ], [ 124.746112166000103, 1.749206934000028 ] ] ], [ [ [ 124.745824704000029, 1.750398178000069 ], [ 124.745193671000038, 1.750643739000054 ], [ 124.74574761000008, 1.750932129000034 ], [ 124.745824704000029, 1.750398178000069 ] ] ], [ [ [ 124.749902625000118, 1.75038453600007 ], [ 124.748532055000055, 1.751907391000032 ], [ 124.749645643, 1.752031123000052 ], [ 124.749902625000118, 1.75038453600007 ] ] ], [ [ [ 124.804364348000036, 1.78402714200007 ], [ 124.804329449000079, 1.784985272000029 ], [ 124.804684782000095, 1.784518898000044 ], [ 124.804364348000036, 1.78402714200007 ] ] ], [ [ [ 124.797589986000048, 1.794330111000022 ], [ 124.795646479000084, 1.786596167000027 ], [ 124.797524270000054, 1.775521759000071 ], [ 124.788191982000058, 1.78602141500005 ], [ 124.797589986000048, 1.794330111000022 ] ] ], [ [ [ 125.06803181500004, 1.308054741000035 ], [ 125.068196831000023, 1.308600965000039 ], [ 125.068190553000022, 1.308054609000067 ], [ 125.06803181500004, 1.308054741000035 ] ] ], [ [ [ 125.066650026000048, 1.311086647000025 ], [ 125.066717603000029, 1.311143754000057 ], [ 125.066699519000053, 1.311080936000053 ], [ 125.066650026000048, 1.311086647000025 ] ] ], [ [ [ 125.074255464000089, 1.332407942000032 ], [ 125.074254513000028, 1.332576173000064 ], [ 125.074341029000038, 1.332483979000074 ], [ 125.074255464000089, 1.332407942000032 ] ] ], [ [ [ 125.076424950000046, 1.339002925000045 ], [ 125.075887794000096, 1.339159750000022 ], [ 125.076130228000011, 1.339278558000046 ], [ 125.076424950000046, 1.339002925000045 ] ] ], [ [ [ 125.078128461000119, 1.34357318900004 ], [ 125.078042800000048, 1.343685500000049 ], [ 125.078161773000033, 1.343619827000055 ], [ 125.078128461000119, 1.34357318900004 ] ] ], [ [ [ 125.078247397000041, 1.351328168000066 ], [ 125.07783621100009, 1.351606176000075 ], [ 125.078023978000033, 1.35187230300005 ], [ 125.078247397000041, 1.351328168000066 ] ] ], [ [ [ 124.992376090000107, 1.750824978000026 ], [ 125.009833270000058, 1.73875257800006 ], [ 125.009473888000116, 1.728510887000027 ], [ 125.015064351000092, 1.735828038000022 ], [ 125.025793679000117, 1.730448970000054 ], [ 125.019397627000103, 1.72034803400004 ], [ 125.012124612000093, 1.693959475000042 ], [ 125.015175348000071, 1.687909998000066 ], [ 125.039499257000102, 1.677222316000041 ], [ 125.046903349000104, 1.685133028000052 ], [ 125.065322129000037, 1.672075341000038 ], [ 125.078497847000108, 1.67855740300007 ], [ 125.106702656000039, 1.66453129000007 ], [ 125.118050112000105, 1.676323313000069 ], [ 125.134505558000114, 1.667327034000039 ], [ 125.143753176000018, 1.687521753000055 ], [ 125.151022254000054, 1.679257925000059 ], [ 125.165959450000059, 1.690161737000039 ], [ 125.176900838000051, 1.677824953000027 ], [ 125.162859433000108, 1.663686643000062 ], [ 125.161648496000112, 1.638910913000075 ], [ 125.158291599000108, 1.640767567000069 ], [ 125.150658433000103, 1.634740420000071 ], [ 125.154700149000064, 1.625102723000055 ], [ 125.143275791000065, 1.622755204000043 ], [ 125.14794466, 1.599319516000037 ], [ 125.137094363000074, 1.576892324000028 ], [ 125.124800262, 1.565944443000035 ], [ 125.085291353000116, 1.576199374000055 ], [ 125.071749890000092, 1.555562647000045 ], [ 125.067177137000044, 1.541385147000028 ], [ 125.078614590000029, 1.499279001000048 ], [ 125.06663841000011, 1.501113720000035 ], [ 125.049882894, 1.48987371000004 ], [ 125.032493641000087, 1.455087332000062 ], [ 125.095725763000019, 1.451680233000047 ], [ 125.088422220000098, 1.428651089000027 ], [ 125.108510636000119, 1.394357477000028 ], [ 125.070109065000111, 1.352555405000032 ], [ 125.076219432000016, 1.338013770000032 ], [ 125.061709994000012, 1.319039614000076 ], [ 125.068128131000094, 1.299045518000071 ], [ 125.061136172000033, 1.285740024000063 ], [ 125.02678030300001, 1.291366827000047 ], [ 125.029007288000116, 1.30045812700007 ], [ 125.016659576000052, 1.313576755000042 ], [ 125.022407990000033, 1.326304014000073 ], [ 125.002844386000106, 1.32368709800005 ], [ 124.994981503000076, 1.32959289300004 ], [ 124.998925400000076, 1.336389802000042 ], [ 124.98316168100007, 1.337311718000024 ], [ 124.980148965000012, 1.322302964000073 ], [ 124.962543266000011, 1.319164297000043 ], [ 124.912217579000071, 1.352478436000069 ], [ 124.926042009000071, 1.378172005000067 ], [ 124.921269989000052, 1.392611988000056 ], [ 124.907745175000059, 1.397732780000069 ], [ 124.917790994000029, 1.404517963000046 ], [ 124.90104709000002, 1.426665320000041 ], [ 124.904434019000064, 1.451656974000059 ], [ 124.885204937000026, 1.465849270000035 ], [ 124.90266607600006, 1.496545453000067 ], [ 124.933738987000083, 1.50792578100004 ], [ 124.924691389000031, 1.525474667000026 ], [ 124.927331595000055, 1.560268176000022 ], [ 124.899985425000068, 1.57838295800002 ], [ 124.842417312000066, 1.565298050000024 ], [ 124.821128597000097, 1.582920743000045 ], [ 124.842257774000018, 1.597010898000065 ], [ 124.866694392000113, 1.598592889000031 ], [ 124.868356251000023, 1.614640092000059 ], [ 124.881831531000103, 1.631522573000041 ], [ 124.919352951000064, 1.663510188000032 ], [ 124.922181820000105, 1.65805737900007 ], [ 124.932147175000068, 1.662099502000046 ], [ 124.923827975000108, 1.672202709000032 ], [ 124.933066771000085, 1.675694488000033 ], [ 124.940816370000107, 1.694022387000075 ], [ 124.94059783900002, 1.68219510900002 ], [ 124.945370557000047, 1.687025406000032 ], [ 124.960147505, 1.677524868000035 ], [ 124.961240376000092, 1.684922994000033 ], [ 124.964360347000024, 1.676285323000059 ], [ 124.967262505, 1.676742928000067 ], [ 124.968962284000099, 1.689142145000062 ], [ 124.957147502000112, 1.698925116000055 ], [ 124.973893824000015, 1.702248801000053 ], [ 124.962558192000074, 1.705053440000029 ], [ 124.962303144000089, 1.727823702000023 ], [ 124.972206586000084, 1.73175341700005 ], [ 124.984640740000032, 1.719767662000038 ], [ 124.97701523, 1.733177097000066 ], [ 124.984187980000115, 1.738826477000032 ], [ 124.980505537000113, 1.74958538900006 ], [ 124.992376090000107, 1.750824978000026 ] ] ], [ [ [ 125.037156672000037, 1.687897126000053 ], [ 125.038386508000031, 1.687077584000065 ], [ 125.036619422000058, 1.686241951000056 ], [ 125.037156672000037, 1.687897126000053 ] ] ], [ [ [ 125.023923197000045, 1.688685316000033 ], [ 125.020684313000061, 1.686990662000028 ], [ 125.019930919000103, 1.687868393000031 ], [ 125.023923197000045, 1.688685316000033 ] ] ], [ [ [ 125.026973660000067, 1.706132199000024 ], [ 125.031646089000105, 1.697387743000036 ], [ 125.029747236000048, 1.687513651000074 ], [ 125.017252275000033, 1.69590665100003 ], [ 125.026973660000067, 1.706132199000024 ] ] ], [ [ [ 125.035840143000087, 1.765369231000022 ], [ 125.037905816000034, 1.761093364000033 ], [ 125.034302011000023, 1.763812026000039 ], [ 125.035840143000087, 1.765369231000022 ] ] ], [ [ [ 125.057436094000082, 1.786671819000048 ], [ 125.057940500000086, 1.76535251200005 ], [ 125.051417782000044, 1.759451084000034 ], [ 125.057436094000082, 1.786671819000048 ] ] ], [ [ [ 125.055918955000038, 1.789001628000051 ], [ 125.056511020000016, 1.794653046000064 ], [ 125.058352288000037, 1.796314165000069 ], [ 125.059045472000093, 1.793900558000075 ], [ 125.055918955000038, 1.789001628000051 ] ] ], [ [ [ 125.098864476000017, 1.887673412000026 ], [ 125.087022401000013, 1.838642743000037 ], [ 125.061054298000045, 1.807376546000057 ], [ 125.050889734000066, 1.805307674000062 ], [ 125.066001945000039, 1.858071693000056 ], [ 125.098864476000017, 1.887673412000026 ] ] ], [ [ [ 125.079916814000057, 1.353927922000025 ], [ 125.079832675000034, 1.354093301000034 ], [ 125.079864049000093, 1.354094727000074 ], [ 125.079916814000057, 1.353927922000025 ] ] ], [ [ [ 125.080119779000029, 1.354743489000043 ], [ 125.079825056000118, 1.355128423000053 ], [ 125.080355082000096, 1.354810021000048 ], [ 125.080119779000029, 1.354743489000043 ] ] ], [ [ [ 125.079641917000117, 1.355736470000068 ], [ 125.079663784000104, 1.355814408000072 ], [ 125.079694207000102, 1.355759281000076 ], [ 125.079641917000117, 1.355736470000068 ] ] ], [ [ [ 125.157903774000033, 1.636587262000035 ], [ 125.156876033000117, 1.63583107200003 ], [ 125.156418273000099, 1.637109683000062 ], [ 125.157903774000033, 1.636587262000035 ] ] ], [ [ [ 125.164431044000025, 1.642270395000025 ], [ 125.163774312000101, 1.642222806000063 ], [ 125.164659472000039, 1.642555930000071 ], [ 125.164431044000025, 1.642270395000025 ] ] ], [ [ [ 125.176293871000098, 1.674466341000027 ], [ 125.175958766, 1.674583314000074 ], [ 125.175970627000083, 1.674713423000071 ], [ 125.176293871000098, 1.674466341000027 ] ] ], [ [ [ 125.118990799000017, 1.67720169100005 ], [ 125.119079929, 1.677569936000054 ], [ 125.119234421000101, 1.677275934000022 ], [ 125.118990799000017, 1.67720169100005 ] ] ], [ [ [ 125.179531663000034, 1.677544189000059 ], [ 125.179581575000043, 1.67739308900002 ], [ 125.179505993000021, 1.677477667000062 ], [ 125.179531663000034, 1.677544189000059 ] ] ], [ [ [ 125.155856900000117, 1.745314596000071 ], [ 125.157764230000112, 1.740860496000039 ], [ 125.154511142000047, 1.74334361700005 ], [ 125.155856900000117, 1.745314596000071 ] ] ], [ [ [ 125.135114210000097, 1.846473623000065 ], [ 125.166118513000015, 1.802313893000075 ], [ 125.1884480760001, 1.800105064000036 ], [ 125.185384422000084, 1.798340370000062 ], [ 125.185292343000015, 1.77516804000004 ], [ 125.159833884000022, 1.770331373000033 ], [ 125.147289603000104, 1.757794898000043 ], [ 125.1616381340001, 1.747201260000054 ], [ 125.148932309000088, 1.747251335000044 ], [ 125.15116846300009, 1.734688109000047 ], [ 125.132201998000028, 1.753185390000056 ], [ 125.130873867000105, 1.783635146000051 ], [ 125.11327793800001, 1.81584199200006 ], [ 125.136101118000056, 1.82254038800005 ], [ 125.12514683400002, 1.832283358000041 ], [ 125.135114210000097, 1.846473623000065 ] ] ], [ [ [ 125.188353383000049, 1.799824535000027 ], [ 125.188123527000016, 1.799844523000047 ], [ 125.188234886000032, 1.799953026000026 ], [ 125.188353383000049, 1.799824535000027 ] ] ], [ [ [ 125.188745994000101, 1.800219764000076 ], [ 125.188534698000012, 1.800269732000061 ], [ 125.188682582000069, 1.800336 ], [ 125.188745994000101, 1.800219764000076 ] ] ], [ [ [ 125.093057517000034, 1.830268906000072 ], [ 125.09186679000004, 1.830994514000054 ], [ 125.092174836000027, 1.831633477000025 ], [ 125.093057517000034, 1.830268906000072 ] ] ], [ [ [ 125.099165037000034, 1.843128561000071 ], [ 125.099071545000015, 1.831711969000025 ], [ 125.092491883000093, 1.832871150000074 ], [ 125.090635723000105, 1.837323052000045 ], [ 125.099165037000034, 1.843128561000071 ] ] ] ] } },
{ "type": "Feature", "properties": { "kemendagri_kab_code": 7107, "kemendagri_kab_name": "Kabupaten Minahasa Tenggara", "kemendagri_prov_code": 71, "kemendagri_prov_name": "Sulawesi Utara" }, "geometry": { "type": "MultiPolygon", "coordinates": [ [ [ [ 124.736682550000069, 0.857918785000038 ], [ 124.726139334000095, 0.84996344800004 ], [ 124.722392350000064, 0.849861217000068 ], [ 124.722776058000022, 0.853338952000058 ], [ 124.736682550000069, 0.857918785000038 ] ] ], [ [ [ 124.738115119000099, 0.860324125000034 ], [ 124.737426024000115, 0.859967211000026 ], [ 124.737433772000031, 0.860493833000021 ], [ 124.738115119000099, 0.860324125000034 ] ] ], [ [ [ 124.74187840400009, 0.862477175000038 ], [ 124.73990118100005, 0.860064546000046 ], [ 124.739056020000021, 0.860809208000035 ], [ 124.74187840400009, 0.862477175000038 ] ] ], [ [ [ 124.742561993000095, 0.862752798000031 ], [ 124.742535255, 0.86283062900003 ], [ 124.742594674000088, 0.86282290500003 ], [ 124.742561993000095, 0.862752798000031 ] ] ], [ [ [ 124.742980025000065, 0.863031790000036 ], [ 124.743263814000102, 0.862929124000061 ], [ 124.742883051000035, 0.862777977000064 ], [ 124.742980025000065, 0.863031790000036 ] ] ], [ [ [ 124.747608693000075, 0.86364921400002 ], [ 124.747101248000035, 0.863472404000049 ], [ 124.746429841, 0.863988203000019 ], [ 124.747608693000075, 0.86364921400002 ] ] ], [ [ [ 124.746271997, 0.864009246000023 ], [ 124.744507371000054, 0.863297788000068 ], [ 124.74396493100005, 0.863781834000065 ], [ 124.746271997, 0.864009246000023 ] ] ], [ [ [ 124.766267869000103, 0.876709435000066 ], [ 124.762143731000037, 0.874634398000069 ], [ 124.764586999000016, 0.878503998000042 ], [ 124.766267869000103, 0.876709435000066 ] ] ], [ [ [ 124.728627430000074, 0.883008629000074 ], [ 124.734261512000103, 0.881212393000055 ], [ 124.728011638000112, 0.87937233100007 ], [ 124.728627430000074, 0.883008629000074 ] ] ], [ [ [ 124.738033651000023, 0.884351708000054 ], [ 124.738666876000025, 0.882406483000068 ], [ 124.734812534000071, 0.882245959000045 ], [ 124.738033651000023, 0.884351708000054 ] ] ], [ [ [ 124.782667905000039, 0.891990735000036 ], [ 124.781944983000017, 0.888933573000031 ], [ 124.780492801000037, 0.888988143000063 ], [ 124.782667905000039, 0.891990735000036 ] ] ], [ [ [ 124.787391433000039, 0.921937413000023 ], [ 124.787641277000034, 0.922205102000021 ], [ 124.787730506000116, 0.921967156000051 ], [ 124.787391433000039, 0.921937413000023 ] ] ], [ [ [ 124.786700657000097, 0.927416279000056 ], [ 124.786606171000017, 0.927409010000019 ], [ 124.786607453000101, 0.92743594500007 ], [ 124.786700657000097, 0.927416279000056 ] ] ], [ [ [ 124.741516113000102, 1.110900879000042 ], [ 124.771104194000031, 1.09660270300003 ], [ 124.792705683, 1.113285857000051 ], [ 124.822326660000044, 1.112915039000029 ], [ 124.837425198000119, 1.120988685000043 ], [ 124.87078851900003, 1.073658981000051 ], [ 124.873853762000067, 1.057492821000039 ], [ 124.90888179500007, 1.018360321000046 ], [ 124.89185038200003, 1.003222735000065 ], [ 124.894430323000051, 0.981119284000044 ], [ 124.887487451000084, 0.990820148000068 ], [ 124.884823569000105, 0.989630228000067 ], [ 124.886058338000112, 0.971948675000021 ], [ 124.836554697000111, 0.96368854800005 ], [ 124.789484456000082, 0.945043275000046 ], [ 124.782124944000088, 0.929599621000023 ], [ 124.787320019000049, 0.922259876000055 ], [ 124.769759284000088, 0.914215207000041 ], [ 124.767830356000104, 0.891695621000054 ], [ 124.760544568000114, 0.887948687000062 ], [ 124.747337469000058, 0.896688515000051 ], [ 124.732705219000081, 0.884905858000025 ], [ 124.730471463000072, 0.896157602000073 ], [ 124.716371113000037, 0.896365546000027 ], [ 124.706930475000036, 0.859010752000074 ], [ 124.709439800000041, 0.847281118000069 ], [ 124.721971839000048, 0.850792828000067 ], [ 124.707777542000031, 0.842149942000049 ], [ 124.698867680000035, 0.843970273000025 ], [ 124.683628367000097, 0.86931411300003 ], [ 124.661230658000022, 0.869367726000064 ], [ 124.634723608000058, 0.89078986800007 ], [ 124.633850494000058, 0.910972681000032 ], [ 124.648663468000109, 0.929884566000055 ], [ 124.650941203000116, 0.956322456000066 ], [ 124.578562924000039, 0.934186749000048 ], [ 124.565725304000011, 0.968052825000029 ], [ 124.574913023000022, 0.973293616000035 ], [ 124.579542063000076, 1.005034281000064 ], [ 124.565950059000102, 1.010846216000061 ], [ 124.554825730000061, 1.031540879000033 ], [ 124.553982021000024, 1.039807047000068 ], [ 124.566502689000117, 1.044629986000075 ], [ 124.549998506000065, 1.07052814900004 ], [ 124.550315584000032, 1.087828040000034 ], [ 124.574332584000103, 1.092821653000044 ], [ 124.580904821000104, 1.114704080000024 ], [ 124.596192705000021, 1.105176752000034 ], [ 124.648922718000108, 1.116312192000066 ], [ 124.664409848000105, 1.134379469000066 ], [ 124.693261156000062, 1.119697099000064 ], [ 124.741516113000102, 1.110900879000042 ] ] ], [ [ [ 124.789578703000075, 0.917825702000073 ], [ 124.788853503000041, 0.918410961000063 ], [ 124.789037625000105, 0.918621398000028 ], [ 124.789578703000075, 0.917825702000073 ] ] ], [ [ [ 124.789614771000061, 0.925651013000049 ], [ 124.791985891000081, 0.921737514000029 ], [ 124.789034654000034, 0.918826371000023 ], [ 124.789614771000061, 0.925651013000049 ] ] ], [ [ [ 124.790133171000093, 0.930078218000062 ], [ 124.790534791000027, 0.92801496900006 ], [ 124.787286822000056, 0.926620857000046 ], [ 124.790133171000093, 0.930078218000062 ] ] ], [ [ [ 124.788008164000075, 0.937353134000034 ], [ 124.788681986000029, 0.936658014000045 ], [ 124.787676601000044, 0.936387095000043 ], [ 124.788008164000075, 0.937353134000034 ] ] ], [ [ [ 124.879847277000067, 0.952463146000071 ], [ 124.879224556000054, 0.953622863000021 ], [ 124.88004692800007, 0.954739802000063 ], [ 124.879847277000067, 0.952463146000071 ] ] ], [ [ [ 124.901544305000016, 0.961026911000033 ], [ 124.903117745000031, 0.96060390100007 ], [ 124.901843781000025, 0.95985293800004 ], [ 124.901544305000016, 0.961026911000033 ] ] ], [ [ [ 124.917671050000081, 0.966090312000063 ], [ 124.917659166000021, 0.965511050000032 ], [ 124.91716598000005, 0.965546697000036 ], [ 124.917671050000081, 0.966090312000063 ] ] ], [ [ [ 124.896270600000094, 0.97603115000004 ], [ 124.910211472000015, 0.975775278000071 ], [ 124.918661022000038, 0.975999674000036 ], [ 124.912471849000099, 0.969809305000069 ], [ 124.896270600000094, 0.97603115000004 ] ] ], [ [ [ 124.919242055000041, 0.976150773000029 ], [ 124.919066766000014, 0.976432977000059 ], [ 124.919360895000068, 0.976192361000074 ], [ 124.919242055000041, 0.976150773000029 ] ] ], [ [ [ 124.949918574000094, 0.977426551000065 ], [ 124.950866916000109, 0.976100491000068 ], [ 124.95001840000009, 0.975986421000073 ], [ 124.949918574000094, 0.977426551000065 ] ] ], [ [ [ 124.919678235000106, 0.978143742000043 ], [ 124.919538598000031, 0.978654679000044 ], [ 124.919814901000109, 0.978589327000066 ], [ 124.919678235000106, 0.978143742000043 ] ] ], [ [ [ 124.923295977000066, 0.978335626000046 ], [ 124.923020268000073, 0.978948751000075 ], [ 124.923348266000062, 0.979281454000045 ], [ 124.923295977000066, 0.978335626000046 ] ] ], [ [ [ 124.920439404000035, 0.97939019100005 ], [ 124.920515462000026, 0.979680118000033 ], [ 124.920738881000034, 0.979485249000049 ], [ 124.920439404000035, 0.97939019100005 ] ] ], [ [ [ 124.902331693000065, 0.98044040000002 ], [ 124.901839145000054, 0.981054301000029 ], [ 124.902324555000064, 0.981161377000035 ], [ 124.902331693000065, 0.98044040000002 ] ] ] ] } },
{ "type": "Feature", "properties": { "kemendagri_kab_code": 7108, "kemendagri_kab_name": "Kabupaten Bolaang Mongondow Utara", "kemendagri_prov_code": 71, "kemendagri_prov_name": "Sulawesi Utara" }, "geometry": { "type": "MultiPolygon", "coordinates": [ [ [ [ 123.248699295000051, 0.95875987900007 ], [ 123.261728239000036, 0.933334733000038 ], [ 123.253992689000029, 0.923613878000026 ], [ 123.261694664000061, 0.91444202100007 ], [ 123.268520609, 0.924705046000042 ], [ 123.281021624000118, 0.912689952000051 ], [ 123.333211181000024, 0.908784166000032 ], [ 123.338008279000064, 0.915071670000032 ], [ 123.343556167000088, 0.907566197000051 ], [ 123.350624116000063, 0.920495483000025 ], [ 123.355470353000101, 0.901963985000066 ], [ 123.373127062000094, 0.913217875000043 ], [ 123.394281836000118, 0.898714324000025 ], [ 123.400455050000119, 0.915578462000042 ], [ 123.417041252000104, 0.891103699000041 ], [ 123.42673697400005, 0.895500131000063 ], [ 123.42513460400005, 0.902150151000058 ], [ 123.4462641450001, 0.90505280800005 ], [ 123.470743722000066, 0.892151923000029 ], [ 123.52511861000005, 0.886361781000062 ], [ 123.554586893000078, 0.887026291000041 ], [ 123.592446646000099, 0.904435983000042 ], [ 123.681368287000055, 0.875804201000051 ], [ 123.699498878000099, 0.858297194000045 ], [ 123.707103141000061, 0.858601343000032 ], [ 123.710408439000048, 0.873481028000072 ], [ 123.72632907000002, 0.866360316000055 ], [ 123.728573312000094, 0.857707135000055 ], [ 123.688851817000113, 0.794061326000076 ], [ 123.710601595000071, 0.759090124000068 ], [ 123.700453540000012, 0.73244988600004 ], [ 123.719263179000109, 0.725632731000076 ], [ 123.72970499500002, 0.695967118000056 ], [ 123.741392166000082, 0.685336558000074 ], [ 123.726116026000113, 0.637902003000022 ], [ 123.698754604000101, 0.61296049300006 ], [ 123.665538884000057, 0.617584005000026 ], [ 123.640563, 0.60560380000004 ], [ 123.634043500000075, 0.587456600000053 ], [ 123.642941402000019, 0.57354465700007 ], [ 123.631006026000023, 0.564236205000043 ], [ 123.608277415000089, 0.561894816000063 ], [ 123.587033587000064, 0.586907709000059 ], [ 123.546658894000075, 0.575314976000072 ], [ 123.50911218300007, 0.584424617000025 ], [ 123.487508802000093, 0.601570579000054 ], [ 123.492193414000099, 0.619130594000069 ], [ 123.485010029000023, 0.626942176000057 ], [ 123.428989630000046, 0.641437416000031 ], [ 123.384233293000079, 0.639687638000055 ], [ 123.359448307000093, 0.651365206000037 ], [ 123.322050778000062, 0.69870915000007 ], [ 123.273648028000025, 0.698161197000047 ], [ 123.247145019000072, 0.716973867000036 ], [ 123.246151121000025, 0.73385926800006 ], [ 123.253304808000053, 0.756993583000053 ], [ 123.268555740000011, 0.768115929000032 ], [ 123.271087852000051, 0.80259737800003 ], [ 123.206348789000117, 0.857123647000037 ], [ 123.179206504000035, 0.861346414000025 ], [ 123.164698806000047, 0.874409702000037 ], [ 123.152675857000077, 0.870232190000024 ], [ 123.121653266000067, 0.888695295000048 ], [ 123.112272399000062, 0.915397511000037 ], [ 123.119115253000018, 0.926302018000058 ], [ 123.141282452000041, 0.923023108000052 ], [ 123.163077182000052, 0.903130631000067 ], [ 123.178700199000104, 0.901665399000024 ], [ 123.198874053000054, 0.920049052000024 ], [ 123.176067960000069, 0.931730086000073 ], [ 123.167813279000029, 0.951573746000065 ], [ 123.184099966000076, 0.954012578000061 ], [ 123.195388801000036, 0.940596449000054 ], [ 123.210996217000115, 0.938333021000062 ], [ 123.214896395000096, 0.946736459000022 ], [ 123.239612116000103, 0.942519188000063 ], [ 123.240264301000025, 0.956871340000021 ], [ 123.248699295000051, 0.95875987900007 ] ] ], [ [ [ 123.394106646000068, 0.915563052000039 ], [ 123.396612864000076, 0.915611289000026 ], [ 123.396993376000069, 0.914558846000034 ], [ 123.394106646000068, 0.915563052000039 ] ] ], [ [ [ 123.264970865, 0.92144945900003 ], [ 123.263401120000026, 0.921878752000055 ], [ 123.264503321, 0.923607080000068 ], [ 123.264970865, 0.92144945900003 ] ] ], [ [ [ 123.256181030000107, 0.923270402000071 ], [ 123.258167247000074, 0.922795393000058 ], [ 123.257736012, 0.922172299000067 ], [ 123.256181030000107, 0.923270402000071 ] ] ], [ [ [ 123.258743664, 0.924589410000067 ], [ 123.262168920000022, 0.926874196000028 ], [ 123.262185270000032, 0.920788995000066 ], [ 123.258743664, 0.924589410000067 ] ] ], [ [ [ 123.256869523000091, 0.924418838000065 ], [ 123.255855615000087, 0.924843281000051 ], [ 123.256676404000018, 0.92529337700006 ], [ 123.256869523000091, 0.924418838000065 ] ] ], [ [ [ 123.141497619, 0.925910563000059 ], [ 123.142730589000053, 0.925341330000037 ], [ 123.142671103000112, 0.924775018000048 ], [ 123.141497619, 0.925910563000059 ] ] ], [ [ [ 123.258833030000119, 0.92759884000003 ], [ 123.258572054000069, 0.927676895000047 ], [ 123.2586508710001, 0.927773125000044 ], [ 123.258833030000119, 0.92759884000003 ] ] ], [ [ [ 123.185305443000061, 0.958512945000052 ], [ 123.184480365000013, 0.958455839000067 ], [ 123.184462859000064, 0.958685658000036 ], [ 123.185305443000061, 0.958512945000052 ] ] ], [ [ [ 123.107066135000082, 1.046856682000055 ], [ 123.106540750000022, 1.043651072000046 ], [ 123.105210816000067, 1.043733522000025 ], [ 123.107066135000082, 1.046856682000055 ] ] ] ] } },
{ "type": "Feature", "properties": { "kemendagri_kab_code": 7109, "kemendagri_kab_name": "Kabupaten Kep. Siau Tagulandang Biaro", "kemendagri_prov_code": 71, "kemendagri_prov_name": "Sulawesi Utara" }, "geometry": { "type": "MultiPolygon", "coordinates": [ [ [ [ 125.342758055000104, 2.071772198000076 ], [ 125.342635988000097, 2.071733413000061 ], [ 125.342735212000093, 2.071812173000069 ], [ 125.342758055000104, 2.071772198000076 ] ] ], [ [ [ 125.341863520000061, 2.073052086000075 ], [ 125.341822978000096, 2.073163755000053 ], [ 125.341910634000101, 2.073146313000052 ], [ 125.341863520000061, 2.073052086000075 ] ] ], [ [ [ 125.334907095000062, 2.082998651000025 ], [ 125.334829048000074, 2.083343197000033 ], [ 125.335066994000044, 2.083366040000044 ], [ 125.334907095000062, 2.082998651000025 ] ] ], [ [ [ 125.335278985000059, 2.08317700300006 ], [ 125.335312079000119, 2.083294847000047 ], [ 125.335343488000035, 2.083294847000047 ], [ 125.335278985000059, 2.08317700300006 ] ] ], [ [ [ 125.331257795000056, 2.090192904000048 ], [ 125.333222501000023, 2.087065763000055 ], [ 125.333024544000068, 2.086151538000024 ], [ 125.331257795000056, 2.090192904000048 ] ] ], [ [ [ 125.339450132000024, 2.099666508000041 ], [ 125.341390416000081, 2.098698323000065 ], [ 125.339939734000041, 2.097524569000029 ], [ 125.339450132000024, 2.099666508000041 ] ] ], [ [ [ 125.342919458000097, 2.100332020000053 ], [ 125.342742426000086, 2.100494775000072 ], [ 125.342778118000069, 2.10056473100002 ], [ 125.342919458000097, 2.100332020000053 ] ] ], [ [ [ 125.342616592000013, 2.103016765000064 ], [ 125.345686097000112, 2.102528976000031 ], [ 125.342920885000012, 2.100193535000074 ], [ 125.343259046000071, 2.102032263000069 ], [ 125.342616592000013, 2.103016765000064 ] ] ], [ [ [ 125.341968427000097, 2.104315436000036 ], [ 125.342432422000115, 2.102691453000034 ], [ 125.34169776300007, 2.102453507000064 ], [ 125.341968427000097, 2.104315436000036 ] ] ], [ [ [ 125.361258133000092, 2.104503991000058 ], [ 125.361411608000026, 2.10481808000003 ], [ 125.361427568000067, 2.10449526900004 ], [ 125.361258133000092, 2.104503991000058 ] ] ], [ [ [ 125.343831836000049, 2.105193432000021 ], [ 125.34371740000006, 2.105253332000075 ], [ 125.343775935000053, 2.105281885000068 ], [ 125.343831836000049, 2.105193432000021 ] ] ], [ [ [ 125.343651727000065, 2.105682991000037 ], [ 125.343643161000045, 2.105851457000028 ], [ 125.343697412000097, 2.105852885000047 ], [ 125.343651727000065, 2.105682991000037 ] ] ], [ [ [ 125.351157593000039, 2.120438378000074 ], [ 125.352878079000106, 2.114120267000033 ], [ 125.349282311000024, 2.11260223000005 ], [ 125.346707049000088, 2.11492310400007 ], [ 125.351157593000039, 2.120438378000074 ] ] ], [ [ [ 125.349304842000038, 2.120840509000061 ], [ 125.34821127400005, 2.121404570000038 ], [ 125.34860925800001, 2.122572269000045 ], [ 125.349304842000038, 2.120840509000061 ] ] ], [ [ [ 125.307470710000075, 2.355734136000024 ], [ 125.307465791000027, 2.354495162000035 ], [ 125.306989841000018, 2.354658319000066 ], [ 125.307470710000075, 2.355734136000024 ] ] ], [ [ [ 125.302841090000015, 2.362972316000025 ], [ 125.305429307000054, 2.354395338000074 ], [ 125.309015008000074, 2.351274786000033 ], [ 125.301430074000109, 2.347808495000038 ], [ 125.294361585000047, 2.358588175000023 ], [ 125.302841090000015, 2.362972316000025 ] ] ], [ [ [ 125.305170445000044, 2.357235862000039 ], [ 125.30505641600007, 2.357890114000043 ], [ 125.305539792000104, 2.357696889000067 ], [ 125.305170445000044, 2.357235862000039 ] ] ], [ [ [ 125.166471024000089, 2.74501747100004 ], [ 125.178755181000042, 2.735916461000045 ], [ 125.169692608000105, 2.724706027000025 ], [ 125.159314149000011, 2.736196724000024 ], [ 125.166471024000089, 2.74501747100004 ] ] ], [ [ [ 125.364683175000096, 2.080051581000021 ], [ 125.364721722000013, 2.080155802000036 ], [ 125.364767408000034, 2.080110116000071 ], [ 125.364683175000096, 2.080051581000021 ] ] ], [ [ [ 125.364658904000066, 2.080161513000064 ], [ 125.364476162000074, 2.080145808000054 ], [ 125.364538979000031, 2.08025288400006 ], [ 125.364658904000066, 2.080161513000064 ] ] ], [ [ [ 125.364460457000064, 2.080217192000021 ], [ 125.3644333310001, 2.080298569000036 ], [ 125.364550401000088, 2.080288576000044 ], [ 125.364460457000064, 2.080217192000021 ] ] ], [ [ [ 125.363180515000067, 2.082090720000053 ], [ 125.364489695000088, 2.080435924000028 ], [ 125.363844236000091, 2.079906880000067 ], [ 125.363180515000067, 2.082090720000053 ] ] ], [ [ [ 125.410467362000077, 2.134235599000021 ], [ 125.40774065100004, 2.102243590000057 ], [ 125.397872813000049, 2.10532488900003 ], [ 125.379724297000053, 2.090843069000073 ], [ 125.362273806000076, 2.088987803000066 ], [ 125.358419872000013, 2.072689447000073 ], [ 125.346041616000093, 2.069907898000054 ], [ 125.336511595000047, 2.081874425000024 ], [ 125.341860673000042, 2.098917228000062 ], [ 125.353934895000066, 2.100952266000036 ], [ 125.354420305000076, 2.109132853000062 ], [ 125.36004648100004, 2.103636674000029 ], [ 125.364304526000069, 2.105271364000032 ], [ 125.353383445000077, 2.118630824000036 ], [ 125.360705654000071, 2.130194525000036 ], [ 125.366071044000023, 2.119289856000023 ], [ 125.372513985000069, 2.124978261000024 ], [ 125.374343314000043, 2.120739554000068 ], [ 125.382402949000038, 2.11537189400002 ], [ 125.391224001000069, 2.113595737000026 ], [ 125.410467362000077, 2.134235599000021 ] ] ], [ [ [ 125.361494490000041, 2.10503684400004 ], [ 125.361571032000029, 2.105216639000048 ], [ 125.361651933000076, 2.105109564000031 ], [ 125.361494490000041, 2.10503684400004 ] ] ], [ [ [ 125.379322089000084, 2.119131435000043 ], [ 125.379417267, 2.119247433000055 ], [ 125.379423216000077, 2.119113589000051 ], [ 125.379322089000084, 2.119131435000043 ] ] ], [ [ [ 125.374741177000033, 2.122489236000035 ], [ 125.374536645000035, 2.122815633000073 ], [ 125.374673464000011, 2.122878094000043 ], [ 125.374741177000033, 2.122489236000035 ] ] ], [ [ [ 125.376296749000062, 2.122599287000071 ], [ 125.376319159000104, 2.122759716000076 ], [ 125.376409579000097, 2.122678814000039 ], [ 125.376296749000062, 2.122599287000071 ] ] ], [ [ [ 125.376110163000021, 2.123009832000037 ], [ 125.376051866000012, 2.123237071000062 ], [ 125.376098266000099, 2.123271573000068 ], [ 125.376110163000021, 2.123009832000037 ] ] ], [ [ [ 125.367290187000094, 2.124468560000025 ], [ 125.366942786000095, 2.123664302000066 ], [ 125.366060006000112, 2.124599430000046 ], [ 125.367290187000094, 2.124468560000025 ] ] ], [ [ [ 125.366537594000079, 2.127046498000027 ], [ 125.370470605000037, 2.126118270000063 ], [ 125.368361094000079, 2.123740594000026 ], [ 125.366537594000079, 2.127046498000027 ] ] ], [ [ [ 125.380365176000055, 2.325108202000024 ], [ 125.38581543600003, 2.306369418000031 ], [ 125.375645979000069, 2.290205688000071 ], [ 125.364556917000073, 2.287080652000043 ], [ 125.343834683000068, 2.302817318000052 ], [ 125.356448064000119, 2.321569887000067 ], [ 125.380365176000055, 2.325108202000024 ] ] ], [ [ [ 125.392192486000113, 2.384247576000064 ], [ 125.401648536000039, 2.367287499000042 ], [ 125.416187090000108, 2.368045387000052 ], [ 125.421432705000029, 2.380149479000067 ], [ 125.433298261000118, 2.383574630000055 ], [ 125.457819759000017, 2.366194158000042 ], [ 125.466535500000077, 2.349496215000045 ], [ 125.442947841000091, 2.316952228000048 ], [ 125.404226105000021, 2.321029934000023 ], [ 125.386503222000101, 2.332504855000025 ], [ 125.3692289600001, 2.362683213000025 ], [ 125.384970307000117, 2.382506763000038 ], [ 125.392192486000113, 2.384247576000064 ] ] ], [ [ [ 125.421747462000098, 2.667740347000063 ], [ 125.421606598000039, 2.667836858000044 ], [ 125.421770305000109, 2.667938319000029 ], [ 125.421747462000098, 2.667740347000063 ] ] ], [ [ [ 125.396422703000098, 2.684889835000035 ], [ 125.396408426000107, 2.684945990000074 ], [ 125.396444594000059, 2.68490220800004 ], [ 125.396422703000098, 2.684889835000035 ] ] ], [ [ [ 125.406561021000016, 2.811627366000039 ], [ 125.431965733000084, 2.805909759000031 ], [ 125.456944779000082, 2.770911100000035 ], [ 125.451448165000102, 2.753251633000048 ], [ 125.427137846000051, 2.733730019000063 ], [ 125.408196653000118, 2.72936508600003 ], [ 125.400909484000067, 2.713646377000032 ], [ 125.392369896000105, 2.678667903000076 ], [ 125.431621643000085, 2.650110862000076 ], [ 125.409241543, 2.632912831000056 ], [ 125.376046079000048, 2.651773649000063 ], [ 125.358939579000094, 2.723517710000067 ], [ 125.373882832000049, 2.795049384000038 ], [ 125.406561021000016, 2.811627366000039 ] ] ], [ [ [ 125.391823505000048, 2.80938401100002 ], [ 125.39183428900003, 2.809402588000069 ], [ 125.391840571000102, 2.809391928000025 ], [ 125.391823505000048, 2.80938401100002 ] ] ], [ [ [ 125.47526786200001, 2.646408522000058 ], [ 125.476734799000042, 2.645219981000025 ], [ 125.475292846000116, 2.644952291000038 ], [ 125.47526786200001, 2.646408522000058 ] ] ], [ [ [ 125.476840448000075, 2.646400669000059 ], [ 125.476691875000029, 2.646290666000027 ], [ 125.476621537000028, 2.646381634000022 ], [ 125.476840448000075, 2.646400669000059 ] ] ], [ [ [ 125.490431772000079, 2.64863280000003 ], [ 125.490378948000057, 2.648775568000076 ], [ 125.490461753000091, 2.648762719000047 ], [ 125.490431772000079, 2.64863280000003 ] ] ], [ [ [ 125.48134793600002, 2.656287395000049 ], [ 125.489381893000086, 2.653519757000026 ], [ 125.488151261000098, 2.648345062000033 ], [ 125.48134793600002, 2.656287395000049 ] ] ], [ [ [ 125.47405599700005, 2.655332417000068 ], [ 125.47457617200007, 2.655291635000026 ], [ 125.474038887, 2.655186729000036 ], [ 125.47405599700005, 2.655332417000068 ] ] ], [ [ [ 125.462689687000079, 2.672748826000031 ], [ 125.464369501000078, 2.655056639000065 ], [ 125.473906818000046, 2.657071023000071 ], [ 125.463215943000023, 2.647743516000048 ], [ 125.465717950000112, 2.640918882000051 ], [ 125.442509442000073, 2.638598909000052 ], [ 125.460340663000011, 2.656039423000038 ], [ 125.449094043000059, 2.670088401000044 ], [ 125.462689687000079, 2.672748826000031 ] ] ], [ [ [ 125.486175017000051, 2.65705941300007 ], [ 125.485837133000018, 2.656917835000058 ], [ 125.485746714000015, 2.657026101000042 ], [ 125.486175017000051, 2.65705941300007 ] ] ], [ [ [ 125.48516590700001, 2.65726333300006 ], [ 125.485183039000049, 2.657425136000029 ], [ 125.485282977000111, 2.657330910000042 ], [ 125.48516590700001, 2.65726333300006 ] ] ], [ [ [ 125.484489050000093, 2.658881208000025 ], [ 125.484515224, 2.658567119000054 ], [ 125.484352231000116, 2.658832429000029 ], [ 125.484489050000093, 2.658881208000025 ] ] ], [ [ [ 125.47484845200006, 2.658904033000056 ], [ 125.474029560000076, 2.662041471000066 ], [ 125.476658022000038, 2.660562190000064 ], [ 125.47484845200006, 2.658904033000056 ] ] ], [ [ [ 125.477199350000092, 2.660562190000064 ], [ 125.476800790000084, 2.660699009000041 ], [ 125.477053608000119, 2.660913161000053 ], [ 125.477199350000092, 2.660562190000064 ] ] ], [ [ [ 125.477222186000063, 2.661485867000067 ], [ 125.477210051000043, 2.661608647000037 ], [ 125.477314272000058, 2.661609361000046 ], [ 125.477222186000063, 2.661485867000067 ] ] ], [ [ [ 125.475881435000019, 2.663003487000026 ], [ 125.47556544300005, 2.663180519000036 ], [ 125.475586382000074, 2.663289023000061 ], [ 125.475881435000019, 2.663003487000026 ] ] ], [ [ [ 125.475668236000047, 2.663561233000053 ], [ 125.47539792900011, 2.663867708000055 ], [ 125.475455036000085, 2.66393623600004 ], [ 125.475668236000047, 2.663561233000053 ] ] ], [ [ [ 125.473494166000023, 2.667041443000073 ], [ 125.475834961000032, 2.665694073000054 ], [ 125.475335274000031, 2.664427010000054 ], [ 125.473494166000023, 2.667041443000073 ] ] ], [ [ [ 125.461735924000095, 2.690243813000052 ], [ 125.456353673000081, 2.676510249000046 ], [ 125.447182704000056, 2.681953453000062 ], [ 125.461735924000095, 2.690243813000052 ] ] ], [ [ [ 125.461441089000118, 2.693318053000041 ], [ 125.461498196000093, 2.693521496000074 ], [ 125.461501765000094, 2.693328760000043 ], [ 125.461441089000118, 2.693318053000041 ] ] ] ] } },
{ "type": "Feature", "properties": { "kemendagri_kab_code": 7110, "kemendagri_kab_name": "Kabupaten Bolaang Mongondow Timur", "kemendagri_prov_code": 71, "kemendagri_prov_name": "Sulawesi Utara" }, "geometry": { "type": "MultiPolygon", "coordinates": [ [ [ [ 124.477426853000111, 0.448911065000061 ], [ 124.4794233020001, 0.446691456000053 ], [ 124.476287188000015, 0.445911 ], [ 124.477426853000111, 0.448911065000061 ] ] ], [ [ [ 124.565736580000021, 0.569397984000034 ], [ 124.565322543000093, 0.570015123000076 ], [ 124.565968956, 0.569555515000047 ], [ 124.565736580000021, 0.569397984000034 ] ] ], [ [ [ 124.564937189000034, 0.574810624000065 ], [ 124.566834027000027, 0.571500490000062 ], [ 124.565512642000044, 0.571260641000038 ], [ 124.564937189000034, 0.574810624000065 ] ] ], [ [ [ 124.556692926000096, 0.639283498000054 ], [ 124.556502569000031, 0.63953334100006 ], [ 124.556633440000041, 0.639539290000073 ], [ 124.556692926000096, 0.639283498000054 ] ] ], [ [ [ 124.572773502000018, 0.668364958000041 ], [ 124.57321631100001, 0.66786901200004 ], [ 124.572627375000025, 0.668291895000038 ], [ 124.572773502000018, 0.668364958000041 ] ] ], [ [ [ 124.651696626000103, 0.954112142000042 ], [ 124.648663468000109, 0.929884566000055 ], [ 124.633850494000058, 0.910972681000032 ], [ 124.634723608000058, 0.89078986800007 ], [ 124.661230658000022, 0.869367726000064 ], [ 124.683628367000097, 0.86931411300003 ], [ 124.69517505400006, 0.85916012000007 ], [ 124.699652706000052, 0.841144991000021 ], [ 124.69031433400005, 0.829850652000061 ], [ 124.670516989000021, 0.828964392000046 ], [ 124.626808427000014, 0.770736301000056 ], [ 124.623193552000089, 0.734617856000057 ], [ 124.629382332000091, 0.712920673000042 ], [ 124.62274087500009, 0.712320047000048 ], [ 124.614945866000085, 0.700282142000049 ], [ 124.598284015000104, 0.706597488000057 ], [ 124.592007629000022, 0.683167678000075 ], [ 124.581483791000096, 0.696148212000026 ], [ 124.576773807000109, 0.671899666000058 ], [ 124.565609553000058, 0.666034102000026 ], [ 124.555137544000104, 0.650853528000027 ], [ 124.543386240000018, 0.624424756000053 ], [ 124.566018369000062, 0.618772185000068 ], [ 124.568961223000088, 0.579834174000041 ], [ 124.564269333000084, 0.577303822000033 ], [ 124.558266325000091, 0.591195416000062 ], [ 124.539726421000069, 0.588720747000025 ], [ 124.527147724000088, 0.578845956000066 ], [ 124.523087249000014, 0.561417 ], [ 124.49377628000002, 0.548434547000056 ], [ 124.497855746000027, 0.540733488000058 ], [ 124.489339284000039, 0.528197055000021 ], [ 124.499358883000014, 0.526505943000075 ], [ 124.499813616000097, 0.504130083000064 ], [ 124.508097428000042, 0.492475098000057 ], [ 124.501193056000034, 0.490034567000066 ], [ 124.513142813000059, 0.473160060000055 ], [ 124.496361848000106, 0.466755116000058 ], [ 124.499371825000026, 0.478205113000058 ], [ 124.489530415000104, 0.487204389000055 ], [ 124.475941855000087, 0.466533501000072 ], [ 124.466406410000104, 0.477458047000027 ], [ 124.469011685000055, 0.499303351000037 ], [ 124.460124973, 0.517793157000028 ], [ 124.435487687000091, 0.534616968000023 ], [ 124.439778324000031, 0.56670641200003 ], [ 124.41869634000011, 0.564860085000021 ], [ 124.381638791000114, 0.581322580000062 ], [ 124.374615696000092, 0.598552872000027 ], [ 124.337558453000042, 0.614618184000051 ], [ 124.343817797000042, 0.650860173000069 ], [ 124.379527778000011, 0.657888889000048 ], [ 124.370187467000051, 0.669002506000027 ], [ 124.371444444000076, 0.686972222000065 ], [ 124.363647789000083, 0.69115302900002 ], [ 124.348880773000019, 0.743175114000053 ], [ 124.357122113000059, 0.755335071000047 ], [ 124.418161162000047, 0.768874986000071 ], [ 124.438457788000051, 0.786279973000035 ], [ 124.45288697400008, 0.770596302000058 ], [ 124.455713721000052, 0.736799209000026 ], [ 124.46483171400007, 0.730799769000043 ], [ 124.469586137000078, 0.762427970000033 ], [ 124.490466942000012, 0.775592375000031 ], [ 124.487960010000052, 0.802427635000072 ], [ 124.497321393000107, 0.820293215000049 ], [ 124.516272029000106, 0.824548041000071 ], [ 124.525512780000099, 0.84033346700005 ], [ 124.550834068000086, 0.85449787400006 ], [ 124.560124157000018, 0.867071987000031 ], [ 124.558463930000016, 0.886507710000046 ], [ 124.579393659000061, 0.92192301700004 ], [ 124.599896946000058, 0.943032595000034 ], [ 124.651696626000103, 0.954112142000042 ] ] ], [ [ [ 124.615775532000043, 0.699994177000065 ], [ 124.614962668000089, 0.69976245700002 ], [ 124.615134178000062, 0.700333907000072 ], [ 124.615775532000043, 0.699994177000065 ] ] ], [ [ [ 124.624518291000072, 0.710707322000076 ], [ 124.623564672000043, 0.710285212000031 ], [ 124.623487538000063, 0.710620232000053 ], [ 124.624518291000072, 0.710707322000076 ] ] ], [ [ [ 124.632773886000109, 0.712271294000061 ], [ 124.634289568000099, 0.711637063000069 ], [ 124.632841036000059, 0.710582358000067 ], [ 124.632773886000109, 0.712271294000061 ] ] ], [ [ [ 124.658154530000047, 0.781443388000071 ], [ 124.662489091000111, 0.774039325000047 ], [ 124.660429257000033, 0.769944439000028 ], [ 124.650396257000011, 0.778514537000035 ], [ 124.658154530000047, 0.781443388000071 ] ] ], [ [ [ 124.664755094000043, 0.808413158000064 ], [ 124.687242534, 0.807918935000032 ], [ 124.660952423000026, 0.805276714000058 ], [ 124.664755094000043, 0.808413158000064 ] ] ], [ [ [ 124.702509170000098, 0.811685630000056 ], [ 124.702147492000108, 0.812114567000037 ], [ 124.702708410000014, 0.811872179000034 ], [ 124.702509170000098, 0.811685630000056 ] ] ] ] } },
{ "type": "Feature", "properties": { "kemendagri_kab_code": 7111, "kemendagri_kab_name": "Kabupaten Bolaang Mongondow Selatan", "kemendagri_prov_code": 71, "kemendagri_prov_name": "Sulawesi Utara" }, "geometry": { "type": "MultiPolygon", "coordinates": [ [ [ [ 124.35235143400007, 0.419706836000046 ], [ 124.35067661100004, 0.416336166000065 ], [ 124.349695778000068, 0.416773035000062 ], [ 124.35235143400007, 0.419706836000046 ] ] ], [ [ [ 124.365445645000023, 0.424479101000031 ], [ 124.361267851000093, 0.420261250000067 ], [ 124.359598182000013, 0.430622913000036 ], [ 124.365445645000023, 0.424479101000031 ] ] ], [ [ [ 124.35853368100004, 0.430288313000062 ], [ 124.357060341000079, 0.429395543000055 ], [ 124.357471148000059, 0.430369463000034 ], [ 124.35853368100004, 0.430288313000062 ] ] ], [ [ [ 124.334950259000038, 0.436841229000038 ], [ 124.334075157000029, 0.434912682000061 ], [ 124.332324496000069, 0.435206743000037 ], [ 124.334950259000038, 0.436841229000038 ] ] ], [ [ [ 124.460349868000094, 0.451137900000049 ], [ 124.463357177000034, 0.450444631000039 ], [ 124.463373535000073, 0.44966710500006 ], [ 124.460349868000094, 0.451137900000049 ] ] ], [ [ [ 124.337466904000053, 0.615101730000049 ], [ 124.374615696000092, 0.598552872000027 ], [ 124.382180766000033, 0.581074174000037 ], [ 124.41869634000011, 0.564860085000021 ], [ 124.439778324000031, 0.56670641200003 ], [ 124.435487687000091, 0.534616968000023 ], [ 124.460124973, 0.517793157000028 ], [ 124.469011685000055, 0.499303351000037 ], [ 124.466406410000104, 0.477458047000027 ], [ 124.475941855000087, 0.466533501000072 ], [ 124.45039979, 0.466787927000041 ], [ 124.448816199000021, 0.457247276000032 ], [ 124.459079587000019, 0.451524889000041 ], [ 124.453054288000089, 0.444109992000051 ], [ 124.432991769000068, 0.443787265000026 ], [ 124.428541899000038, 0.452345061000074 ], [ 124.412474280000083, 0.455005369000048 ], [ 124.385610972000109, 0.442222145000073 ], [ 124.361520458000086, 0.444969942000057 ], [ 124.36019697200004, 0.431600073000027 ], [ 124.355742535000104, 0.453322324000055 ], [ 124.347319270000071, 0.44325354800003 ], [ 124.341720424000073, 0.449566721000053 ], [ 124.338933890000021, 0.433953680000059 ], [ 124.323310996000032, 0.44590032900004 ], [ 124.314419204000046, 0.410352511000042 ], [ 124.314789271000109, 0.420062605000055 ], [ 124.303868580000085, 0.427915560000031 ], [ 124.284848072000045, 0.421346280000023 ], [ 124.271399906000056, 0.429146616000025 ], [ 124.28836839500002, 0.407106848000069 ], [ 124.24327164500005, 0.398526941000057 ], [ 124.232008814000096, 0.388978870000074 ], [ 124.224885130000075, 0.395455971000047 ], [ 124.217416362000108, 0.391011173000038 ], [ 124.219859138000061, 0.382730775000027 ], [ 124.212368301000083, 0.397801098000059 ], [ 124.191639265000049, 0.397967605000019 ], [ 124.080208231000029, 0.387769878000029 ], [ 124.052779978000103, 0.360983680000061 ], [ 124.045694112000092, 0.377391560000035 ], [ 124.035968790000084, 0.36891067800002 ], [ 123.992683765000038, 0.374929069000075 ], [ 123.980438424000113, 0.370330318000072 ], [ 123.977016050000088, 0.359449552000058 ], [ 123.946085325000013, 0.363129270000059 ], [ 123.941548149000027, 0.354577016000064 ], [ 123.92532794300007, 0.355817276000039 ], [ 123.919872295000118, 0.34529668600004 ], [ 123.916361523000091, 0.351308703000029 ], [ 123.883196085, 0.347713592000048 ], [ 123.872534557000108, 0.331399160000046 ], [ 123.859943790000102, 0.327861287000076 ], [ 123.820225914000048, 0.336999608000042 ], [ 123.803686946000084, 0.33318808000007 ], [ 123.797895727000082, 0.316968322000037 ], [ 123.778806738000071, 0.312145781000027 ], [ 123.73629526000002, 0.323596380000026 ], [ 123.70751128500001, 0.31942422000003 ], [ 123.676975374000108, 0.295748352000032 ], [ 123.648237776000087, 0.307440512000028 ], [ 123.628279599000052, 0.292275511000071 ], [ 123.614051064000023, 0.299326611000026 ], [ 123.612429969000118, 0.309823093000034 ], [ 123.58976554700007, 0.308853784000064 ], [ 123.57401277800011, 0.321787633000042 ], [ 123.538363473000118, 0.321656520000033 ], [ 123.494061894000083, 0.307108123000035 ], [ 123.473649932000058, 0.320259729000043 ], [ 123.482118935000017, 0.321979309000028 ], [ 123.480049531000077, 0.352754775000051 ], [ 123.494188726000061, 0.35736453100003 ], [ 123.497903791000113, 0.382130585000027 ], [ 123.550205855000058, 0.433809575000055 ], [ 123.548229115000026, 0.442327743000021 ], [ 123.526652635000119, 0.452345448000074 ], [ 123.523012378000089, 0.464123629000028 ], [ 123.522759668000049, 0.490059330000065 ], [ 123.544740536000063, 0.495838382000045 ], [ 123.552294555000117, 0.510714060000055 ], [ 123.526111768000078, 0.541812800000059 ], [ 123.536836479000044, 0.579026935000059 ], [ 123.565332903000012, 0.577599258000021 ], [ 123.587033587000064, 0.586907709000059 ], [ 123.60919112800002, 0.561837709000031 ], [ 123.642941402000019, 0.57354465700007 ], [ 123.681774205000011, 0.562979850000033 ], [ 123.709585344000061, 0.570803518000048 ], [ 123.720150152000087, 0.526431329000047 ], [ 123.710441951, 0.504730645000052 ], [ 123.690226050000092, 0.486285064000072 ], [ 123.69850657500001, 0.456189642000027 ], [ 123.71221226900002, 0.466982877000021 ], [ 123.737110950000101, 0.465669414000047 ], [ 123.776034736000042, 0.455271415000027 ], [ 123.791567856000029, 0.44065200700004 ], [ 123.826346058000013, 0.443621574000019 ], [ 123.858897084000091, 0.459268909000059 ], [ 123.882253873000082, 0.448475675000054 ], [ 123.894075035000014, 0.450874171000066 ], [ 123.909893691000093, 0.434427337000045 ], [ 123.929824056000029, 0.431286448000037 ], [ 123.968287770000074, 0.46543328000007 ], [ 123.99023416700004, 0.463572679000038 ], [ 124.025357761, 0.477865498000028 ], [ 124.032991072000073, 0.492884656000058 ], [ 124.046106661000067, 0.496748901000046 ], [ 124.048238659000049, 0.510987596000064 ], [ 124.063267806000113, 0.519196694000073 ], [ 124.074070087000109, 0.513766806000035 ], [ 124.113302641000018, 0.527320216000021 ], [ 124.115868195000076, 0.538805584000045 ], [ 124.129984313000023, 0.544130005000056 ], [ 124.13968610400002, 0.559052708000024 ], [ 124.160707912000021, 0.561661873000048 ], [ 124.181095134000088, 0.539333012000043 ], [ 124.178925055000036, 0.522429333000048 ], [ 124.217826288000083, 0.537487570000053 ], [ 124.232805833000043, 0.510528056000055 ], [ 124.249246895000056, 0.515438918000029 ], [ 124.238915966000036, 0.542213228000037 ], [ 124.2537917840001, 0.543569409000042 ], [ 124.256246893000025, 0.527121897000029 ], [ 124.293770957000106, 0.53202380700003 ], [ 124.299583289000111, 0.543372423000051 ], [ 124.319937897000045, 0.545706919000054 ], [ 124.310064720000014, 0.56790495100006 ], [ 124.29669135000006, 0.561202544000025 ], [ 124.301586237000038, 0.571993005000024 ], [ 124.315865700000018, 0.57404149100006 ], [ 124.337466904000053, 0.615101730000049 ] ] ] ] } },
{ "type": "Feature", "properties": { "kemendagri_kab_code": 7171, "kemendagri_kab_name": "Kota Manado", "kemendagri_prov_code": 71, "kemendagri_prov_name": "Sulawesi Utara" }, "geometry": { "type": "MultiPolygon", "coordinates": [ [ [ [ 124.821434820000036, 1.582810633000065 ], [ 124.842417312000066, 1.565298050000024 ], [ 124.875180782000029, 1.576636796000059 ], [ 124.876992327000039, 1.571360942000069 ], [ 124.906407417000082, 1.575514389000034 ], [ 124.904849084000034, 1.569768444000033 ], [ 124.927331595000055, 1.560268176000022 ], [ 124.924691389000031, 1.525474667000026 ], [ 124.934118193000018, 1.509470433000047 ], [ 124.90266607600006, 1.496545453000067 ], [ 124.888137984000082, 1.46811400100006 ], [ 124.871894444000077, 1.464612222000028 ], [ 124.876444543000048, 1.458182307000072 ], [ 124.862547230000018, 1.44900330400003 ], [ 124.857030599000041, 1.433814761000065 ], [ 124.823527531000082, 1.428023388000042 ], [ 124.790070721, 1.441543111000044 ], [ 124.783713248000026, 1.456726032000063 ], [ 124.826628388000017, 1.46286432100004 ], [ 124.833623062000015, 1.474977054000021 ], [ 124.830078671000024, 1.48547669900006 ], [ 124.841646329000014, 1.49595081700005 ], [ 124.843626815000107, 1.524753687000043 ], [ 124.802825140000095, 1.563681451000036 ], [ 124.806462872000111, 1.576325746000066 ], [ 124.821434820000036, 1.582810633000065 ] ] ], [ [ [ 124.809315801000025, 1.579586010000071 ], [ 124.808916051000097, 1.578070769000021 ], [ 124.808615287000066, 1.579182454000033 ], [ 124.809315801000025, 1.579586010000071 ] ] ], [ [ [ 124.738947973000109, 1.63084137900006 ], [ 124.775677665000103, 1.627578240000048 ], [ 124.783365924, 1.595977721000054 ], [ 124.772504729000048, 1.601128551000045 ], [ 124.763893445, 1.620585322000068 ], [ 124.736223485000096, 1.617521501000056 ], [ 124.738947973000109, 1.63084137900006 ] ] ], [ [ [ 124.801175708000073, 1.637037872000064 ], [ 124.805469248, 1.631159677000028 ], [ 124.80372843900011, 1.626842779000071 ], [ 124.799345390000099, 1.629719862000059 ], [ 124.801175708000073, 1.637037872000064 ] ] ], [ [ [ 124.702665360000083, 1.648836909000067 ], [ 124.714192791000073, 1.642155183000057 ], [ 124.716257839000036, 1.628075261000049 ], [ 124.693476673000077, 1.616766335000023 ], [ 124.68342511100002, 1.621622444000025 ], [ 124.682065800000032, 1.636552939000069 ], [ 124.702665360000083, 1.648836909000067 ] ] ] ] } },
{ "type": "Feature", "properties": { "kemendagri_kab_code": 7172, "kemendagri_kab_name": "Kota Bitung", "kemendagri_prov_code": 71, "kemendagri_prov_name": "Sulawesi Utara" }, "geometry": { "type": "MultiPolygon", "coordinates": [ [ [ [ 125.21282821300008, 1.388866355000062 ], [ 125.216128225000034, 1.390382644000056 ], [ 125.216408633000015, 1.387768838000056 ], [ 125.21282821300008, 1.388866355000062 ] ] ], [ [ [ 125.159565025, 1.390553884000042 ], [ 125.159585941000046, 1.390649879000023 ], [ 125.159600202000092, 1.390547231000028 ], [ 125.159565025, 1.390553884000042 ] ] ], [ [ [ 125.169060142000035, 1.399794815000064 ], [ 125.168579511000075, 1.399698536000074 ], [ 125.168930011000043, 1.400093905000062 ], [ 125.169060142000035, 1.399794815000064 ] ] ], [ [ [ 125.17698981, 1.404032163000068 ], [ 125.176810124000099, 1.404184708000059 ], [ 125.176909949000105, 1.404248862000031 ], [ 125.17698981, 1.404032163000068 ] ] ], [ [ [ 125.183274353000115, 1.424550842000031 ], [ 125.183282586000018, 1.424637099000051 ], [ 125.183308855000064, 1.424648520000062 ], [ 125.183274353000115, 1.424550842000031 ] ] ], [ [ [ 125.205589474000021, 1.433354355000063 ], [ 125.205511717000036, 1.433652560000041 ], [ 125.205553770000051, 1.433676630000036 ], [ 125.205589474000021, 1.433354355000063 ] ] ], [ [ [ 125.224051995000082, 1.454600646000074 ], [ 125.223839034000093, 1.454570233000027 ], [ 125.223977839000099, 1.454870563000043 ], [ 125.224051995000082, 1.454600646000074 ] ] ], [ [ [ 125.224053086000026, 1.45562063400007 ], [ 125.224641186000099, 1.456065012000067 ], [ 125.224560613000108, 1.455672101000062 ], [ 125.224053086000026, 1.45562063400007 ] ] ], [ [ [ 125.226832613000056, 1.455831051000075 ], [ 125.226905343000112, 1.456084811000039 ], [ 125.226989481000032, 1.456071980000047 ], [ 125.226832613000056, 1.455831051000075 ] ] ], [ [ [ 125.225854439000045, 1.456521250000037 ], [ 125.225484585000117, 1.456755914000041 ], [ 125.225646410000081, 1.457066337000072 ], [ 125.225854439000045, 1.456521250000037 ] ] ], [ [ [ 125.230917918000046, 1.460418416000039 ], [ 125.23097073100007, 1.459993575000055 ], [ 125.230685558000118, 1.460170011000059 ], [ 125.230917918000046, 1.460418416000039 ] ] ], [ [ [ 125.23125836600002, 1.460272011000029 ], [ 125.234595864000084, 1.460824952000053 ], [ 125.232206640000072, 1.459112289000075 ], [ 125.23125836600002, 1.460272011000029 ] ] ], [ [ [ 125.234868083000038, 1.460870318000048 ], [ 125.234864953000056, 1.461043091000022 ], [ 125.234939467000117, 1.460879241000043 ], [ 125.234868083000038, 1.460870318000048 ] ] ], [ [ [ 125.292697863000058, 1.549373120000041 ], [ 125.292984225000055, 1.533653058000027 ], [ 125.28806914200004, 1.531042088000049 ], [ 125.274621562000107, 1.504057696000075 ], [ 125.283237366000094, 1.487367298000038 ], [ 125.260618777000104, 1.445338071000037 ], [ 125.259875784000087, 1.412734761000024 ], [ 125.254144922000023, 1.407336332000057 ], [ 125.244181919000084, 1.415310629000032 ], [ 125.226404116000026, 1.397445137000034 ], [ 125.205830950000063, 1.405004784000027 ], [ 125.195042442000045, 1.39729870900004 ], [ 125.174763282000072, 1.398604294000052 ], [ 125.177939957000035, 1.392727430000036 ], [ 125.173668407000036, 1.387187960000063 ], [ 125.16892508400008, 1.397535576000053 ], [ 125.177200664000111, 1.401721560000055 ], [ 125.179083332000118, 1.406137037000065 ], [ 125.166928405000021, 1.403862748000051 ], [ 125.181688829000109, 1.416754635000075 ], [ 125.185976644000107, 1.43188222200007 ], [ 125.188457337000045, 1.427468993000048 ], [ 125.240224911000041, 1.442818808000027 ], [ 125.237451122000039, 1.453014633000066 ], [ 125.244761581000034, 1.452411278000056 ], [ 125.2452244750001, 1.460166583000046 ], [ 125.237431654000034, 1.462033467000026 ], [ 125.278086065000025, 1.516715134000037 ], [ 125.292697863000058, 1.549373120000041 ] ] ], [ [ [ 125.238623285000017, 1.48090660500003 ], [ 125.238569729000119, 1.480718042000035 ], [ 125.23842740200007, 1.480777265000029 ], [ 125.238623285000017, 1.48090660500003 ] ] ], [ [ [ 125.14794466, 1.599319516000037 ], [ 125.169102637000037, 1.566354578000073 ], [ 125.207746972000109, 1.550546672000053 ], [ 125.247914854000101, 1.508394039000052 ], [ 125.242322963000106, 1.509721971000033 ], [ 125.246595018000107, 1.506796019000035 ], [ 125.236205347, 1.493439692000038 ], [ 125.241255130000013, 1.486001661000046 ], [ 125.234380182000109, 1.478785004000031 ], [ 125.233846506000077, 1.466445454000052 ], [ 125.214471165000077, 1.459483872000021 ], [ 125.201746188000016, 1.439821786000039 ], [ 125.141489775000082, 1.437343807000047 ], [ 125.126431776000118, 1.42836565500005 ], [ 125.122459434, 1.407223907000059 ], [ 125.108380838000016, 1.393731305000074 ], [ 125.088422220000098, 1.428651089000027 ], [ 125.095725763000019, 1.451680233000047 ], [ 125.032493641000087, 1.455087332000062 ], [ 125.049882894, 1.48987371000004 ], [ 125.06663841000011, 1.501113720000035 ], [ 125.078614590000029, 1.499279001000048 ], [ 125.067197380000039, 1.541666667000072 ], [ 125.085291353000116, 1.576199374000055 ], [ 125.124800262, 1.565944443000035 ], [ 125.14794466, 1.599319516000037 ] ] ], [ [ [ 125.246230486000059, 1.506203294000045 ], [ 125.246462483000073, 1.506179499000041 ], [ 125.246408945000098, 1.506018886000049 ], [ 125.246230486000059, 1.506203294000045 ] ] ], [ [ [ 125.246808136000027, 1.507708733000072 ], [ 125.246437016000073, 1.507585376000065 ], [ 125.246357671000055, 1.507735870000033 ], [ 125.246808136000027, 1.507708733000072 ] ] ], [ [ [ 125.164322814000116, 1.602453148000052 ], [ 125.164063700000042, 1.603569219000065 ], [ 125.164770400000066, 1.603597773000047 ], [ 125.164322814000116, 1.602453148000052 ] ] ], [ [ [ 125.256823524000083, 1.408729371000049 ], [ 125.257823095000049, 1.408828336000056 ], [ 125.257862177000106, 1.408455353000022 ], [ 125.256823524000083, 1.408729371000049 ] ] ], [ [ [ 125.261630861000071, 1.438157892000049 ], [ 125.261640053000065, 1.43821525200002 ], [ 125.261690730000055, 1.438149190000047 ], [ 125.261630861000071, 1.438157892000049 ] ] ], [ [ [ 125.26268342700007, 1.441997782000044 ], [ 125.26300513000001, 1.442058696000061 ], [ 125.263387748000014, 1.441624683000043 ], [ 125.26268342700007, 1.441997782000044 ] ] ], [ [ [ 125.262576097000078, 1.441976846000045 ], [ 125.26265297000009, 1.442083443000058 ], [ 125.262658681000062, 1.442018721000068 ], [ 125.262576097000078, 1.441976846000045 ] ] ], [ [ [ 125.262996810000118, 1.447840808000024 ], [ 125.262935304000052, 1.448010925000062 ], [ 125.263085519000015, 1.447955800000045 ], [ 125.262996810000118, 1.447840808000024 ] ] ], [ [ [ 125.264418701000068, 1.449341599000036 ], [ 125.264931128000057, 1.449033601000053 ], [ 125.264302938000014, 1.449219267000046 ], [ 125.264418701000068, 1.449341599000036 ] ] ], [ [ [ 125.28060465100009, 1.480729478000057 ], [ 125.280882919000078, 1.480673756000044 ], [ 125.280520271000114, 1.480599850000033 ], [ 125.28060465100009, 1.480729478000057 ] ] ], [ [ [ 125.256211109000105, 1.488253005000047 ], [ 125.256394011000111, 1.48802775200005 ], [ 125.256294400000115, 1.487946357000055 ], [ 125.256211109000105, 1.488253005000047 ] ] ], [ [ [ 125.247514529000114, 1.507512893000069 ], [ 125.246965046000014, 1.507837973000051 ], [ 125.246988696000017, 1.508054281000057 ], [ 125.247514529000114, 1.507512893000069 ] ] ], [ [ [ 125.248216622000086, 1.509206174000042 ], [ 125.248535469000103, 1.508744558000046 ], [ 125.24808337200011, 1.509191897000051 ], [ 125.248216622000086, 1.509206174000042 ] ] ], [ [ [ 125.28255767600001, 1.517109497000035 ], [ 125.282822900000042, 1.516835719000028 ], [ 125.282244696000021, 1.516668224000057 ], [ 125.28255767600001, 1.517109497000035 ] ] ], [ [ [ 125.276182058000018, 1.523081350000041 ], [ 125.276976550000086, 1.522501245000058 ], [ 125.276124055000082, 1.522678008000071 ], [ 125.276182058000018, 1.523081350000041 ] ] ], [ [ [ 125.277968841000074, 1.523307024000076 ], [ 125.277405171000055, 1.523040201000072 ], [ 125.277790398000093, 1.523494099000061 ], [ 125.277968841000074, 1.523307024000076 ] ] ], [ [ [ 125.292968119000079, 1.539127557000029 ], [ 125.293540179000047, 1.539097386000037 ], [ 125.293787396000084, 1.538462260000074 ], [ 125.292968119000079, 1.539127557000029 ] ] ], [ [ [ 125.293444207000107, 1.540681126000038 ], [ 125.293735358000049, 1.540608039000062 ], [ 125.293443998000043, 1.540586370000028 ], [ 125.293444207000107, 1.540681126000038 ] ] ], [ [ [ 125.293841208000117, 1.54278656300005 ], [ 125.294180785000094, 1.542905576000067 ], [ 125.294180294000057, 1.542774362000046 ], [ 125.293841208000117, 1.54278656300005 ] ] ], [ [ [ 125.29434569700004, 1.545406945000025 ], [ 125.295023774000015, 1.543295214000068 ], [ 125.293899418000024, 1.543324712000071 ], [ 125.29434569700004, 1.545406945000025 ] ] ], [ [ [ 125.294438986000046, 1.552566148000039 ], [ 125.29425668600004, 1.552745637000044 ], [ 125.294294747000095, 1.553105024000047 ], [ 125.294438986000046, 1.552566148000039 ] ] ] ] } },
{ "type": "Feature", "properties": { "kemendagri_kab_code": 7173, "kemendagri_kab_name": "Kota Tomohon", "kemendagri_prov_code": 71, "kemendagri_prov_name": "Sulawesi Utara" }, "geometry": { "type": "Polygon", "coordinates": [ [ [ 124.835685847000036, 1.405133190000072 ], [ 124.837656801000094, 1.386058849000051 ], [ 124.864097857000047, 1.351878598000042 ], [ 124.884239749000017, 1.356833572000028 ], [ 124.909497500000043, 1.348627500000021 ], [ 124.876286363000077, 1.326231790000065 ], [ 124.850063677000094, 1.26672131700002 ], [ 124.834580899000116, 1.262186629000041 ], [ 124.81896177200008, 1.24258472300005 ], [ 124.821528875000013, 1.269306475000064 ], [ 124.800378433000105, 1.269637319000026 ], [ 124.797564753000074, 1.280744753000022 ], [ 124.770291071000088, 1.290011165000067 ], [ 124.778706140000054, 1.296326752000027 ], [ 124.751477322000028, 1.293029960000069 ], [ 124.731237971000041, 1.313340870000047 ], [ 124.733898977000081, 1.32691038300004 ], [ 124.769338448000099, 1.359288603000039 ], [ 124.778177670000105, 1.387112780000052 ], [ 124.790984231000039, 1.397860291000029 ], [ 124.835685847000036, 1.405133190000072 ] ] ] } },
{ "type": "Feature", "properties": { "kemendagri_kab_code": 7174, "kemendagri_kab_name": "Kota Kotamobagu", "kemendagri_prov_code": 71, "kemendagri_prov_name": "Sulawesi Utara" }, "geometry": { "type": "Polygon", "coordinates": [ [ [ 124.357122113000059, 0.755335071000047 ], [ 124.34877529500011, 0.730644247000043 ], [ 124.379527778000011, 0.657888889000048 ], [ 124.336465405000013, 0.647928197000056 ], [ 124.318472193000048, 0.666824275000067 ], [ 124.295763798000053, 0.658291893000069 ], [ 124.288015619000021, 0.699094201000037 ], [ 124.270533364000016, 0.713885764000054 ], [ 124.252402778000032, 0.707163889000071 ], [ 124.255712739000046, 0.750361564000059 ], [ 124.26488324200011, 0.757555742000022 ], [ 124.26964243000009, 0.743105912000033 ], [ 124.306013889000042, 0.752427778000026 ], [ 124.304108333000045, 0.762138889000028 ], [ 124.321176319000074, 0.774563325000031 ], [ 124.34577980600011, 0.76848880600005 ], [ 124.357122113000059, 0.755335071000047 ] ] ] } }
]
}
