{
"type": "FeatureCollection",
"name": "73",
"crs": { "type": "name", "properties": { "name": "urn:ogc:def:crs:OGC:1.3:CRS84" } },
"features": [
{ "type": "Feature", "properties": { "kemendagri_kab_code": 7301, "kemendagri_kab_name": "Kabupaten Kepulauan Selayar", "kemendagri_prov_code": 73, "kemendagri_prov_name": "Sulawesi Selatan" }, "geometry": { "type": "MultiPolygon", "coordinates": [ [ [ [ 120.446561754000072, -6.962762209999937 ], [ 120.445465080000076, -6.962364598999955 ], [ 120.445914797000114, -6.961036858999933 ], [ 120.446561754000072, -6.962762209999937 ] ] ], [ [ [ 120.426893456000016, -6.695089621999955 ], [ 120.426798278000092, -6.695149107999953 ], [ 120.4267732940001, -6.695086646999926 ], [ 120.426893456000016, -6.695089621999955 ] ] ], [ [ [ 120.279070997000076, -6.692415713999935 ], [ 120.278823532000047, -6.68938903999998 ], [ 120.278994854000075, -6.687989916999925 ], [ 120.279070997000076, -6.692415713999935 ] ] ], [ [ [ 120.436402379000015, -6.661076949999938 ], [ 120.438501064000093, -6.677247766999926 ], [ 120.428176823000058, -6.717539135999971 ], [ 120.429695963000086, -6.662460722999981 ], [ 120.436402379000015, -6.661076949999938 ] ] ], [ [ [ 120.426588634000041, -6.656708264999963 ], [ 120.427031214000067, -6.656476267999949 ], [ 120.427263212000071, -6.656711834999953 ], [ 120.426588634000041, -6.656708264999963 ] ] ], [ [ [ 120.42697101300007, -6.649171935999959 ], [ 120.426053047000096, -6.648308313999962 ], [ 120.42638914600002, -6.647630166999932 ], [ 120.42697101300007, -6.649171935999959 ] ] ], [ [ [ 120.443603898000106, -6.648056736999933 ], [ 120.437936021000041, -6.649926993999941 ], [ 120.434580981000067, -6.647014532999947 ], [ 120.443603898000106, -6.648056736999933 ] ] ], [ [ [ 120.439923248000014, -6.644212481999944 ], [ 120.439873279000039, -6.642777666999962 ], [ 120.440701333000106, -6.643570026999953 ], [ 120.439923248000014, -6.644212481999944 ] ] ], [ [ [ 120.437014446000035, -6.584039926999935 ], [ 120.441409335000117, -6.640428566999958 ], [ 120.426402159000077, -6.641165055999977 ], [ 120.427808916000117, -6.606308609999928 ], [ 120.420467287000065, -6.597839611999973 ], [ 120.437014446000035, -6.584039926999935 ] ] ], [ [ [ 120.430361319000099, -6.469657449999943 ], [ 120.432222351000064, -6.48426647499997 ], [ 120.423701533000099, -6.489480843999957 ], [ 120.424591399000064, -6.469542866999973 ], [ 120.430361319000099, -6.469657449999943 ] ] ], [ [ [ 120.43000880000011, -6.468628218999925 ], [ 120.430341552000073, -6.468765195999936 ], [ 120.430247841000096, -6.468973562999963 ], [ 120.43000880000011, -6.468628218999925 ] ] ], [ [ [ 120.429176921000021, -6.468118097999934 ], [ 120.429338544000075, -6.468226734999973 ], [ 120.42922275300009, -6.468288107999967 ], [ 120.429176921000021, -6.468118097999934 ] ] ], [ [ [ 120.427291675000106, -6.467957234999972 ], [ 120.427588166000078, -6.467985683999927 ], [ 120.427473913000085, -6.468181818999938 ], [ 120.427291675000106, -6.467957234999972 ] ] ], [ [ [ 120.426000250000016, -6.46790219199994 ], [ 120.426410286000078, -6.467341077999947 ], [ 120.426620197000034, -6.467425675999948 ], [ 120.426000250000016, -6.46790219199994 ] ] ], [ [ [ 120.454249614000105, -6.382641889999945 ], [ 120.454234402000111, -6.383138868999936 ], [ 120.453746153000111, -6.382887385999936 ], [ 120.454249614000105, -6.382641889999945 ] ] ], [ [ [ 120.448605947000033, -6.345421623999925 ], [ 120.448744378000015, -6.345101904999979 ], [ 120.448767706000012, -6.34541313099993 ], [ 120.448605947000033, -6.345421623999925 ] ] ], [ [ [ 120.449781548000033, -6.34100041399995 ], [ 120.451958694000041, -6.348380049999946 ], [ 120.446130788000119, -6.347832013999948 ], [ 120.449600912000051, -6.347076100999971 ], [ 120.449781548000033, -6.34100041399995 ] ] ], [ [ [ 120.448053323000067, -6.341515877999939 ], [ 120.447856763000118, -6.341497383999979 ], [ 120.448005372000011, -6.341312264999942 ], [ 120.448053323000067, -6.341515877999939 ] ] ], [ [ [ 120.45044259000008, -6.324863215999926 ], [ 120.450574068000037, -6.322843558999978 ], [ 120.451989151000021, -6.324035339999966 ], [ 120.45044259000008, -6.324863215999926 ] ] ], [ [ [ 120.446896575000096, -6.321274571999936 ], [ 120.44687328200007, -6.321128578999947 ], [ 120.446986656000036, -6.321235828999932 ], [ 120.446896575000096, -6.321274571999936 ] ] ], [ [ [ 120.446663607000119, -6.246566382999958 ], [ 120.446420918000058, -6.246127128999944 ], [ 120.446837010000081, -6.246454863999929 ], [ 120.446663607000119, -6.246566382999958 ] ] ], [ [ [ 120.444912161000047, -6.236737086999938 ], [ 120.445444536000082, -6.236502978999965 ], [ 120.445319636000022, -6.236958896999965 ], [ 120.444912161000047, -6.236737086999938 ] ] ], [ [ [ 120.444293594000101, -6.233589686999949 ], [ 120.444483951000052, -6.233649171999957 ], [ 120.444364978000067, -6.233762196999976 ], [ 120.444293594000101, -6.233589686999949 ] ] ], [ [ [ 120.445301483000094, -6.232858728999929 ], [ 120.445378958000106, -6.232934581999928 ], [ 120.445290541000077, -6.233056971999929 ], [ 120.445301483000094, -6.232858728999929 ] ] ], [ [ [ 120.445443523000108, -6.207550943999934 ], [ 120.445289316000071, -6.207189958999948 ], [ 120.44551053400005, -6.207318382999972 ], [ 120.445443523000108, -6.207550943999934 ] ] ], [ [ [ 120.445054357000117, -6.205975184999943 ], [ 120.444714237000085, -6.205918187999941 ], [ 120.444789821000086, -6.205700044999958 ], [ 120.445054357000117, -6.205975184999943 ] ] ], [ [ [ 120.404768371000046, -6.204729934999932 ], [ 120.405127224000012, -6.204280275999963 ], [ 120.405021224000052, -6.20478727699998 ], [ 120.404768371000046, -6.204729934999932 ] ] ], [ [ [ 120.443777001000058, -6.204261867999946 ], [ 120.443638170000099, -6.204443977999972 ], [ 120.443560257000058, -6.204373932999943 ], [ 120.443777001000058, -6.204261867999946 ] ] ], [ [ [ 120.415404681000041, -6.114836261999926 ], [ 120.426621658000045, -6.196398377999969 ], [ 120.420139297000105, -6.207189450999977 ], [ 120.398626255000067, -6.202342512999962 ], [ 120.394878635000055, -6.165915150999979 ], [ 120.415404681000041, -6.114836261999926 ] ] ], [ [ [ 120.41709259400011, -6.116155674999959 ], [ 120.421298823000029, -6.118213108999953 ], [ 120.421862125000075, -6.120758332999969 ], [ 120.419209619000071, -6.123253917999932 ], [ 120.41709259400011, -6.116155674999959 ] ] ], [ [ [ 120.425023276000047, -6.109153563999939 ], [ 120.43237471000009, -6.110599900999944 ], [ 120.423262069000089, -6.122135008999976 ], [ 120.425023276000047, -6.109153563999939 ] ] ], [ [ [ 120.479124485000057, -5.738912325999934 ], [ 120.489269893000028, -5.744313391999981 ], [ 120.492805331000113, -5.751643520999949 ], [ 120.491388179000069, -5.753115565999963 ], [ 120.473540011000068, -5.749642569999935 ], [ 120.479124485000057, -5.738912325999934 ] ] ], [ [ [ 120.669249683000089, -7.148038057999941 ], [ 120.668193202000111, -7.149165921999952 ], [ 120.66840735400001, -7.147562163999964 ], [ 120.669249683000089, -7.148038057999941 ] ] ], [ [ [ 120.75417686000003, -7.131124867999972 ], [ 120.758773979000011, -7.135265129999937 ], [ 120.753253630000017, -7.133942149999939 ], [ 120.75417686000003, -7.131124867999972 ] ] ], [ [ [ 120.761408534000111, -7.133124651999935 ], [ 120.760885052000049, -7.132476246999943 ], [ 120.761563199000079, -7.132767731999934 ], [ 120.761408534000111, -7.133124651999935 ] ] ], [ [ [ 120.590461383000047, -7.108795448999956 ], [ 120.590490035000016, -7.108678943999962 ], [ 120.590574746000016, -7.108735280999952 ], [ 120.590461383000047, -7.108795448999956 ] ] ], [ [ [ 120.589807523000104, -7.104078539999932 ], [ 120.590002638000101, -7.105387243999928 ], [ 120.589093686000069, -7.10542531599998 ], [ 120.589807523000104, -7.104078539999932 ] ] ], [ [ [ 120.588567105000038, -7.104207568999925 ], [ 120.588448265000011, -7.104281863999972 ], [ 120.588436619000049, -7.104218418999949 ], [ 120.588567105000038, -7.104207568999925 ] ] ], [ [ [ 120.560977752000099, -7.073042791999967 ], [ 120.588961544000085, -7.08262020199993 ], [ 120.60983774500005, -7.080240741999944 ], [ 120.613057156000082, -7.084959211999944 ], [ 120.601435870000046, -7.099335916999962 ], [ 120.575184861000025, -7.086731910999958 ], [ 120.5629187400001, -7.092561590999935 ], [ 120.554624093000029, -7.079908426999964 ], [ 120.560977752000099, -7.073042791999967 ] ] ], [ [ [ 120.61636829400004, -7.085513123999931 ], [ 120.616299862, -7.085200563999933 ], [ 120.616507519000038, -7.085359264999965 ], [ 120.61636829400004, -7.085513123999931 ] ] ], [ [ [ 120.632884680000075, -7.001568410999937 ], [ 120.657261052000081, -7.018726945999958 ], [ 120.672703755000043, -7.042865092999932 ], [ 120.738922623, -7.075771069999973 ], [ 120.765195442000049, -7.077396835999934 ], [ 120.785690763000048, -7.059721767999974 ], [ 120.782987109000032, -7.097485100999961 ], [ 120.76710610400005, -7.135503920999952 ], [ 120.763352900000086, -7.131544497999926 ], [ 120.745272255000032, -7.128341871999964 ], [ 120.701099940000063, -7.134482070999979 ], [ 120.661719548000065, -7.120695911999974 ], [ 120.652945671000111, -7.127555965999932 ], [ 120.670489436000025, -7.130009190999942 ], [ 120.679915931000096, -7.142981845999941 ], [ 120.667511800000057, -7.147355294999954 ], [ 120.639706609000086, -7.128436199999953 ], [ 120.631487952000043, -7.132252854999933 ], [ 120.633410555000069, -7.123858116999941 ], [ 120.623092001000032, -7.113310608999939 ], [ 120.634579035000115, -7.098878964999926 ], [ 120.62629722500003, -7.091629215999944 ], [ 120.619515671000045, -7.098089196999979 ], [ 120.618040405000102, -7.081099844999926 ], [ 120.603960918000098, -7.071732691999955 ], [ 120.626840136000055, -7.052406162999944 ], [ 120.61959996600001, -7.005506580999963 ], [ 120.632884680000075, -7.001568410999937 ] ] ], [ [ [ 120.557045320000043, -7.070875318999981 ], [ 120.566698773000098, -7.06417066399996 ], [ 120.560880585000064, -7.071927114999937 ], [ 120.557045320000043, -7.070875318999981 ] ] ], [ [ [ 120.598356593000062, -7.066864437999925 ], [ 120.595943818000023, -7.066114906999928 ], [ 120.596721902000013, -7.064937073999943 ], [ 120.598356593000062, -7.066864437999925 ] ] ], [ [ [ 120.567931626000018, -7.064669139999978 ], [ 120.567290120000052, -7.064813534999928 ], [ 120.567306364000046, -7.064469040999938 ], [ 120.567931626000018, -7.064669139999978 ] ] ], [ [ [ 120.565305761000104, -7.063546122999981 ], [ 120.565641266000057, -7.063591332999977 ], [ 120.565581779000013, -7.063762653999959 ], [ 120.565305761000104, -7.063546122999981 ] ] ], [ [ [ 120.552534535000063, -7.056476817999965 ], [ 120.549436864000086, -7.067904089999956 ], [ 120.536872399000117, -7.064154812999959 ], [ 120.542385133000039, -7.057685176999939 ], [ 120.552534535000063, -7.056476817999965 ] ] ], [ [ [ 120.600623940000105, -7.058667291999939 ], [ 120.603690857000061, -7.064159721999943 ], [ 120.601309226000012, -7.065044248999925 ], [ 120.600623940000105, -7.058667291999939 ] ] ], [ [ [ 120.537028154000041, -7.060302193999973 ], [ 120.536922476000086, -7.060601782999981 ], [ 120.536733054000024, -7.060390051999946 ], [ 120.537028154000041, -7.060302193999973 ] ] ], [ [ [ 120.538451758000065, -7.05823479299994 ], [ 120.538192634000097, -7.057104430999971 ], [ 120.538861501000042, -7.057062670999926 ], [ 120.538451758000065, -7.05823479299994 ] ] ], [ [ [ 120.538361655000017, -7.054416471999957 ], [ 120.53880537100008, -7.056355252999936 ], [ 120.538358032000019, -7.056459950999965 ], [ 120.538361655000017, -7.054416471999957 ] ] ], [ [ [ 120.602095042000087, -7.042266025999936 ], [ 120.602737497000021, -7.040326764999975 ], [ 120.60405809800011, -7.041016808999927 ], [ 120.602095042000087, -7.042266025999936 ] ] ], [ [ [ 120.618360245000076, -7.042104420999976 ], [ 120.617103890000067, -7.03927762099994 ], [ 120.619749851000051, -7.041828402999954 ], [ 120.618360245000076, -7.042104420999976 ] ] ], [ [ [ 120.611286900000096, -7.038968092999937 ], [ 120.612000739000109, -7.041430834999971 ], [ 120.610876443000052, -7.039253626999937 ], [ 120.611286900000096, -7.038968092999937 ] ] ], [ [ [ 120.753757367000048, -7.021494178999944 ], [ 120.753210090000039, -7.021765437999932 ], [ 120.753333822000059, -7.021165812999925 ], [ 120.753757367000048, -7.021494178999944 ] ] ], [ [ [ 120.753760287000091, -7.02121716399995 ], [ 120.75371460100007, -7.021238102999973 ], [ 120.753722216000028, -7.021201935999954 ], [ 120.753760287000091, -7.02121716399995 ] ] ], [ [ [ 120.753505144000087, -7.019569670999942 ], [ 120.753095876000089, -7.017846940999959 ], [ 120.75364791100003, -7.017675619999977 ], [ 120.753505144000087, -7.019569670999942 ] ] ], [ [ [ 120.517660073000116, -6.988784572999975 ], [ 120.528788629000019, -7.0 ], [ 120.528617308000094, -7.002559047999966 ], [ 120.517660073000116, -6.988784572999975 ] ] ], [ [ [ 120.509482486000024, -6.983795843999928 ], [ 120.51076144600006, -6.983795843999928 ], [ 120.508500958000013, -6.986294277999946 ], [ 120.509482486000024, -6.983795843999928 ] ] ], [ [ [ 120.529344205000029, -6.231627008999965 ], [ 120.529219126000044, -6.231522751999933 ], [ 120.529287756000031, -6.231474906999949 ], [ 120.529344205000029, -6.231627008999965 ] ] ], [ [ [ 120.497280426000088, -5.770188521999955 ], [ 120.508449687000052, -5.79195640599994 ], [ 120.502453486000036, -5.812886225999932 ], [ 120.51555763600004, -5.835971471999926 ], [ 120.524626313000113, -5.834804435999956 ], [ 120.53029739200008, -5.844479589999935 ], [ 120.532987071000093, -5.911557176999963 ], [ 120.558661108000024, -5.992136889999927 ], [ 120.568328173000054, -6.055817891999936 ], [ 120.551635070000088, -6.075080596999953 ], [ 120.557494841000107, -6.081342706999976 ], [ 120.554610208000099, -6.104665974999932 ], [ 120.544157477000113, -6.108859172999928 ], [ 120.551129442000047, -6.122562966999965 ], [ 120.539638566, -6.123888232999946 ], [ 120.548556264000013, -6.135461392999957 ], [ 120.528775376000112, -6.188086134999935 ], [ 120.530189124000117, -6.221057439999981 ], [ 120.5242076400001, -6.222575054999936 ], [ 120.530166748000056, -6.244551293999962 ], [ 120.538840154000013, -6.250186591999977 ], [ 120.538451681000083, -6.327732718999926 ], [ 120.521800456000051, -6.33612801299995 ], [ 120.527214636000053, -6.346320577999961 ], [ 120.517484265, -6.348774814999956 ], [ 120.521077717000026, -6.36464656499993 ], [ 120.510322088000066, -6.365369347999945 ], [ 120.506078816000013, -6.392607070999929 ], [ 120.495180548, -6.391362643999969 ], [ 120.497889309000016, -6.422735194999973 ], [ 120.509851808, -6.443593901999975 ], [ 120.483444652000117, -6.498446997999963 ], [ 120.473585140000068, -6.438897389999966 ], [ 120.460147845000051, -6.408388861999981 ], [ 120.469458499000098, -6.398983234999946 ], [ 120.460701818000075, -6.398963810999931 ], [ 120.454225657000052, -6.381678926999939 ], [ 120.464064036000082, -6.389111691999972 ], [ 120.47111016000008, -6.383395305999954 ], [ 120.476810458000045, -6.308058478999953 ], [ 120.471388955000066, -6.299229529999934 ], [ 120.480457002000094, -6.282111381999925 ], [ 120.468712984000035, -6.269156229999965 ], [ 120.445773304000113, -6.266553397999928 ], [ 120.442430995000109, -6.256347958999925 ], [ 120.443550757000025, -6.255745703999935 ], [ 120.44438264900009, -6.249804162999965 ], [ 120.445979511000019, -6.249078804999954 ], [ 120.446850787000017, -6.246845341999972 ], [ 120.447338769000112, -6.244665448999967 ], [ 120.447274954000022, -6.215171011999928 ], [ 120.444763198000032, -6.200059256999964 ], [ 120.426404490000095, -6.180778248999957 ], [ 120.430308387000082, -6.168409298999961 ], [ 120.448857108000084, -6.157844171999955 ], [ 120.44766, -6.140273067999942 ], [ 120.465897511000094, -6.09333410399995 ], [ 120.450952843000096, -6.064260265999962 ], [ 120.445123011000078, -5.960294705999956 ], [ 120.460935092000113, -5.79603416599997 ], [ 120.475049769000066, -5.773654252999961 ], [ 120.497280426000088, -5.770188521999955 ] ] ], [ [ [ 120.530798520000076, -5.844475271999954 ], [ 120.530758545000026, -5.84452809499993 ], [ 120.530737129000045, -5.844503825999936 ], [ 120.530798520000076, -5.844475271999954 ] ] ], [ [ [ 120.53082023200011, -5.844455313999958 ], [ 120.530729813000107, -5.844350617999964 ], [ 120.530813094000109, -5.84438868899997 ], [ 120.53082023200011, -5.844455313999958 ] ] ], [ [ [ 120.490070279000065, -5.745435512999961 ], [ 120.490241128000093, -5.745924770999977 ], [ 120.489921687000106, -5.745552068999928 ], [ 120.490070279000065, -5.745435512999961 ] ] ], [ [ [ 120.489646241000059, -5.738922209999942 ], [ 120.489574858000083, -5.738929347999942 ], [ 120.489614118000077, -5.738847255999929 ], [ 120.489646241000059, -5.738922209999942 ] ] ], [ [ [ 121.056269423000117, -7.374048988999959 ], [ 121.056830976000015, -7.373944293999955 ], [ 121.056821460000037, -7.374163203999956 ], [ 121.056269423000117, -7.374048988999959 ] ] ], [ [ [ 121.050022250000097, -7.370821280999962 ], [ 121.046755430000076, -7.36870216899996 ], [ 121.046592953000072, -7.368263135999939 ], [ 121.050022250000097, -7.370821280999962 ] ] ], [ [ [ 121.046534061000102, -7.368139817999975 ], [ 121.046495395000079, -7.368202279999934 ], [ 121.046462678000012, -7.368130894999979 ], [ 121.046534061000102, -7.368139817999975 ] ] ], [ [ [ 121.045870786000023, -7.367750180999963 ], [ 121.045924325000101, -7.367827513999941 ], [ 121.045846992000065, -7.367800744999954 ], [ 121.045870786000023, -7.367750180999963 ] ] ], [ [ [ 121.041489863000038, -7.366541586999972 ], [ 121.045573016000048, -7.365180535999968 ], [ 121.045706267000014, -7.367683728999964 ], [ 121.041489863000038, -7.366541586999972 ] ] ], [ [ [ 121.081194526000104, -7.305995638999946 ], [ 121.105744317000017, -7.318420787999969 ], [ 121.126102857000092, -7.321268405999945 ], [ 121.131734149000067, -7.337465100999964 ], [ 121.162962195000091, -7.346925837999947 ], [ 121.167121493000082, -7.357521576999943 ], [ 121.156628069000021, -7.371898280999972 ], [ 121.099299150000093, -7.397697448999963 ], [ 121.06055971100011, -7.373026144999926 ], [ 121.082023718000073, -7.362740201999941 ], [ 121.077827460000094, -7.330374305999953 ], [ 121.081194526000104, -7.305995638999946 ] ] ], [ [ [ 121.096158660000015, -7.302968567999926 ], [ 121.102148951000117, -7.308553162999942 ], [ 121.102020461000052, -7.310366311999928 ], [ 121.096158660000015, -7.302968567999926 ] ] ], [ [ [ 120.820767869000065, -7.259582136999938 ], [ 120.900415568000085, -7.273416323999925 ], [ 120.919130462000112, -7.284540522999976 ], [ 120.960108511000044, -7.278202609999937 ], [ 121.003333800000064, -7.281833666999944 ], [ 121.063680619000024, -7.30127398299993 ], [ 121.05050316400002, -7.32690553599997 ], [ 121.003954958, -7.332886905999942 ], [ 120.955911275000062, -7.324799912999936 ], [ 120.932153609000011, -7.307938462999971 ], [ 120.8907786850001, -7.309967263999965 ], [ 120.854391968000073, -7.293929697999943 ], [ 120.830387014000053, -7.299010876999944 ], [ 120.807996285000058, -7.288862476999952 ], [ 120.795238413000106, -7.270620758999939 ], [ 120.820767869000065, -7.259582136999938 ] ] ], [ [ [ 120.795374181000057, -7.270331768999938 ], [ 120.795444613000086, -7.270346996999933 ], [ 120.795412253000109, -7.270394586999942 ], [ 120.795374181000057, -7.270331768999938 ] ] ], [ [ [ 121.121945306000043, -7.077368277999938 ], [ 121.120094477000066, -7.072369395999942 ], [ 121.121802494, -7.068279918999963 ], [ 121.121945306000043, -7.077368277999938 ] ] ], [ [ [ 121.098797513000022, -7.064960182999926 ], [ 121.097572092000064, -7.058916350999937 ], [ 121.09935731600001, -7.05866685899997 ], [ 121.098797513000022, -7.064960182999926 ] ] ], [ [ [ 121.062744938000037, -7.046491106999952 ], [ 121.062424425000017, -7.041409776999956 ], [ 121.06403358700004, -7.038809905999926 ], [ 121.062744938000037, -7.046491106999952 ] ] ], [ [ [ 120.788949677000119, -6.956326700999966 ], [ 120.788064516000077, -6.961247426999932 ], [ 120.785626253000032, -6.959178203999954 ], [ 120.788949677000119, -6.956326700999966 ] ] ], [ [ [ 121.001362520000043, -6.94900978499993 ], [ 121.001890761000027, -6.941928508999979 ], [ 121.002961518, -6.941585866999958 ], [ 121.001362520000043, -6.94900978499993 ] ] ], [ [ [ 120.790287132000117, -6.882204651999928 ], [ 120.790241897000101, -6.881277356999931 ], [ 120.792009122000081, -6.879387196999971 ], [ 120.790287132000117, -6.882204651999928 ] ] ], [ [ [ 120.79207124800007, -6.879381944999977 ], [ 120.792227103000073, -6.879418827999928 ], [ 120.792084335000027, -6.879464036999934 ], [ 120.79207124800007, -6.879381944999977 ] ] ], [ [ [ 120.801204415000029, -6.789711168999929 ], [ 120.813818207000054, -6.833307876999982 ], [ 120.79584528800001, -6.866560603999972 ], [ 120.791426693000062, -6.820750290999968 ], [ 120.779205257000058, -6.799415981999971 ], [ 120.788423685000112, -6.778981966999936 ], [ 120.801204415000029, -6.789711168999929 ] ] ], [ [ [ 120.785915691000014, -6.816648434999934 ], [ 120.785897845000022, -6.81672279299994 ], [ 120.785862154000029, -6.816675203999978 ], [ 120.785915691000014, -6.816648434999934 ] ] ], [ [ [ 120.783739436000019, -6.814387395999972 ], [ 120.783835805000081, -6.814266043999964 ], [ 120.783789405000107, -6.814419518999955 ], [ 120.783739436000019, -6.814387395999972 ] ] ], [ [ [ 120.80997870200008, -6.794739460999949 ], [ 120.810089346000041, -6.79431115899996 ], [ 120.810257098000079, -6.794785859999934 ], [ 120.80997870200008, -6.794739460999949 ] ] ], [ [ [ 121.072559840000054, -6.759832570999947 ], [ 121.072436108000034, -6.757411468999976 ], [ 121.072507492000113, -6.757268701999976 ], [ 121.072559840000054, -6.759832570999947 ] ] ], [ [ [ 120.967683249000061, -6.76623733699995 ], [ 120.967095522000022, -6.753032517999941 ], [ 120.971633868000026, -6.749456425999938 ], [ 120.967683249000061, -6.76623733699995 ] ] ], [ [ [ 120.977095700000064, -6.703475783999977 ], [ 120.978648299000042, -6.704425188999949 ], [ 120.974607974000037, -6.705313916999955 ], [ 120.977095700000064, -6.703475783999977 ] ] ], [ [ [ 121.025510860000054, -6.574789547999956 ], [ 121.024246377000054, -6.568793384999935 ], [ 121.024725718000013, -6.565626798999972 ], [ 121.025510860000054, -6.574789547999956 ] ] ], [ [ [ 121.057842399000037, -6.572130725999955 ], [ 121.057192806000103, -6.570560281999974 ], [ 121.058235010000089, -6.570010626999931 ], [ 121.057842399000037, -6.572130725999955 ] ] ], [ [ [ 121.098292740000034, -6.575052346999939 ], [ 121.097585247000097, -6.56913145599998 ], [ 121.098746424000069, -6.565343352999946 ], [ 121.098292740000034, -6.575052346999939 ] ] ], [ [ [ 121.079764016000013, -6.567230285999926 ], [ 121.078377980000027, -6.566903109999942 ], [ 121.079091818000052, -6.56534456199995 ], [ 121.079764016000013, -6.567230285999926 ] ] ], [ [ [ 120.999206754000056, -6.531154640999944 ], [ 120.999274568000033, -6.531343807999974 ], [ 120.999242446000039, -6.546298719999925 ], [ 120.996740442000032, -6.537404294999931 ], [ 120.998032490000014, -6.532175429999938 ], [ 120.999206754000056, -6.531154640999944 ] ] ], [ [ [ 120.952077569000039, -6.518421646999968 ], [ 120.952579352000043, -6.511590398999942 ], [ 120.953849425000044, -6.508930719999967 ], [ 120.952077569000039, -6.518421646999968 ] ] ], [ [ [ 120.982381916, -6.503354571999978 ], [ 120.999655293000046, -6.494577762999938 ], [ 121.001604322000048, -6.494570886999952 ], [ 120.995323437000025, -6.502901082999927 ], [ 120.982381916, -6.503354571999978 ] ] ], [ [ [ 121.131814301000077, -6.462306407999961 ], [ 121.128126137000095, -6.456286371999965 ], [ 121.126934871000117, -6.454595906999941 ], [ 121.128778109000109, -6.456129327999975 ], [ 121.131814301000077, -6.462306407999961 ] ] ], [ [ [ 121.095204390000049, -6.411670525999966 ], [ 121.096310627000094, -6.40590324599998 ], [ 121.095918228000073, -6.41282694299997 ], [ 121.095204390000049, -6.411670525999966 ] ] ], [ [ [ 121.803767551000078, -7.48357716199996 ], [ 121.803077508000115, -7.49016826899998 ], [ 121.801411885000107, -7.491072464999945 ], [ 121.803767551000078, -7.48357716199996 ] ] ], [ [ [ 121.798054465000064, -7.472306250999964 ], [ 121.803524924000044, -7.481359373999965 ], [ 121.797423908000042, -7.488153460999968 ], [ 121.751450419000093, -7.495285168999942 ], [ 121.722958676000076, -7.49118727299998 ], [ 121.798054465000064, -7.472306250999964 ] ] ], [ [ [ 121.421280906000106, -7.463193540999953 ], [ 121.420762149000097, -7.463312045999942 ], [ 121.42075963700006, -7.46320626399995 ], [ 121.421280906000106, -7.463193540999953 ] ] ], [ [ [ 121.422226648000105, -7.462867389999928 ], [ 121.422351689000038, -7.463254742999936 ], [ 121.422090004000097, -7.463021432999938 ], [ 121.422226648000105, -7.462867389999928 ] ] ], [ [ [ 122.095182500000078, -7.42961620899996 ], [ 122.095200347000059, -7.429990973999963 ], [ 122.094293177000054, -7.430279482999936 ], [ 122.095182500000078, -7.42961620899996 ] ] ], [ [ [ 122.084280300000046, -7.420130639999968 ], [ 122.091529429000047, -7.423543480999967 ], [ 122.090660925000066, -7.426113298999951 ], [ 122.085223856000084, -7.426065708999943 ], [ 122.084280300000046, -7.420130639999968 ] ] ], [ [ [ 122.091851055, -7.423233971999935 ], [ 122.09202654, -7.422868129999927 ], [ 122.092288281000037, -7.423031718999937 ], [ 122.091851055, -7.423233971999935 ] ] ], [ [ [ 122.090606946000094, -7.421943517999978 ], [ 122.090803252000114, -7.42192924099993 ], [ 122.090592669000102, -7.422129114999962 ], [ 122.090606946000094, -7.421943517999978 ] ] ], [ [ [ 121.786149122000097, -7.420240433999936 ], [ 121.785948283000039, -7.420005333999939 ], [ 121.786386803000028, -7.42011316199995 ], [ 121.786149122000097, -7.420240433999936 ] ] ], [ [ [ 121.786891619000016, -7.419333586999926 ], [ 121.786784543000067, -7.419440662999932 ], [ 121.786760749000109, -7.419363329999953 ], [ 121.786891619000016, -7.419333586999926 ] ] ], [ [ [ 121.78506423500005, -7.33379499299997 ], [ 121.829441754000072, -7.334090965999962 ], [ 121.840305242000113, -7.351618908999967 ], [ 121.839886903000092, -7.371487023999975 ], [ 121.824353132000056, -7.395666087999928 ], [ 121.80211522500008, -7.406671357999926 ], [ 121.780826421000029, -7.423842410999953 ], [ 121.754455706000044, -7.422880704999955 ], [ 121.744288609000023, -7.404300504999981 ], [ 121.755325774000084, -7.349828936999927 ], [ 121.78506423500005, -7.33379499299997 ] ] ], [ [ [ 121.167286829000091, -7.35283 ], [ 121.167032551000034, -7.352732261999961 ], [ 121.167119304000039, -7.352594951999947 ], [ 121.167286829000091, -7.35283 ] ] ], [ [ [ 121.1670343830001, -7.351880061999964 ], [ 121.166781791000062, -7.35171450799993 ], [ 121.166911056000117, -7.351542430999928 ], [ 121.1670343830001, -7.351880061999964 ] ] ], [ [ [ 121.166574497000056, -7.349022382999976 ], [ 121.166367715000092, -7.349170890999972 ], [ 121.165672502, -7.347597408999945 ], [ 121.166574497000056, -7.349022382999976 ] ] ], [ [ [ 121.162648017000038, -7.344935490999944 ], [ 121.164952584000048, -7.346177569999952 ], [ 121.159801089000098, -7.344690114999935 ], [ 121.162648017000038, -7.344935490999944 ] ] ], [ [ [ 121.704088272000035, -7.301402284999938 ], [ 121.70510192200004, -7.302032843999939 ], [ 121.703464853000014, -7.301980494999952 ], [ 121.704088272000035, -7.301402284999938 ] ] ], [ [ [ 121.728864982000118, -7.281536547999963 ], [ 121.728823341000066, -7.281673366999939 ], [ 121.728725189000102, -7.281679314999963 ], [ 121.728864982000118, -7.281536547999963 ] ] ], [ [ [ 121.762579850000066, -7.261344608999934 ], [ 121.779001428000015, -7.272573164999926 ], [ 121.773394500000109, -7.286388436999971 ], [ 121.727696951000098, -7.294686805999959 ], [ 121.730455648000088, -7.277671172999931 ], [ 121.762579850000066, -7.261344608999934 ] ] ], [ [ [ 121.58611682500009, -7.27000716799995 ], [ 121.588680932000102, -7.274142749999953 ], [ 121.583320959000048, -7.27148243299996 ], [ 121.58611682500009, -7.27000716799995 ] ] ], [ [ [ 121.74603809000007, -7.238613206999958 ], [ 121.747829824000064, -7.240351402999977 ], [ 121.747644226000034, -7.24213242999997 ], [ 121.74603809000007, -7.238613206999958 ] ] ], [ [ [ 121.750007802000027, -7.222344168999939 ], [ 121.757326959000011, -7.228195740999979 ], [ 121.747702866000054, -7.238443328999949 ], [ 121.738421696000046, -7.229242321999948 ], [ 121.750007802000027, -7.222344168999939 ] ] ], [ [ [ 121.612315720000083, -7.214782470999978 ], [ 121.613063618000069, -7.214579650999951 ], [ 121.612949532000016, -7.214833175999956 ], [ 121.612315720000083, -7.214782470999978 ] ] ], [ [ [ 121.441183158000058, -7.117511257999979 ], [ 121.44285066100008, -7.118544195999959 ], [ 121.441949344000022, -7.119543316999966 ], [ 121.441183158000058, -7.117511257999979 ] ] ], [ [ [ 121.217190831000039, -7.006092907999971 ], [ 121.217441404000056, -7.003505287999928 ], [ 121.218206630000054, -7.002350599999943 ], [ 121.217190831000039, -7.006092907999971 ] ] ], [ [ [ 121.286740040000041, -6.917209570999944 ], [ 121.285661361000052, -6.915496354999959 ], [ 121.285712113000045, -6.91511802499997 ], [ 121.286740040000041, -6.917209570999944 ] ] ], [ [ [ 122.217022764000035, -6.902865230999964 ], [ 122.222547872000064, -6.899272244999963 ], [ 122.220487259000038, -6.90722440299993 ], [ 122.217022764000035, -6.902865230999964 ] ] ], [ [ [ 121.31454335300009, -6.901864055999965 ], [ 121.311897392000105, -6.899998557999936 ], [ 121.313077605000103, -6.899084844999948 ], [ 121.31454335300009, -6.901864055999965 ] ] ], [ [ [ 122.222310612000115, -6.900806770999964 ], [ 122.222468685000081, -6.900577210999927 ], [ 122.222414018000109, -6.900816 ], [ 122.222310612000115, -6.900806770999964 ] ] ], [ [ [ 122.217258170000036, -6.899902758999929 ], [ 122.217126702000087, -6.899815398999976 ], [ 122.217182347000062, -6.899759605999975 ], [ 122.217258170000036, -6.899902758999929 ] ] ], [ [ [ 121.277498416000071, -6.903292929999964 ], [ 121.26838805400007, -6.900630907999926 ], [ 121.263962257000117, -6.881238300999939 ], [ 121.271865042000059, -6.887903765999965 ], [ 121.277498416000071, -6.903292929999964 ] ] ], [ [ [ 121.171181099000023, -6.557040452999956 ], [ 121.170845596000049, -6.553813903999981 ], [ 121.170895564000034, -6.552536132999933 ], [ 121.171181099000023, -6.557040452999956 ] ] ], [ [ [ 121.135679319000019, -6.495616403999975 ], [ 121.132300484000098, -6.495059609999942 ], [ 121.132157717000041, -6.490762301999951 ], [ 121.135679319000019, -6.495616403999975 ] ] ] ] } },
{ "type": "Feature", "properties": { "kemendagri_kab_code": 7302, "kemendagri_kab_name": "Kabupaten Bulukumba", "kemendagri_prov_code": 73, "kemendagri_prov_name": "Sulawesi Selatan" }, "geometry": { "type": "MultiPolygon", "coordinates": [ [ [ [ 120.429184500000019, -5.639840699999979 ], [ 120.445670900000096, -5.64491 ], [ 120.429604600000062, -5.660966 ], [ 120.4207867, -5.649129799999969 ], [ 120.429184500000019, -5.639840699999979 ] ] ], [ [ [ 120.451687969000091, -5.476896601999954 ], [ 120.451411815000029, -5.476684647999946 ], [ 120.451660962, -5.476699341999961 ], [ 120.451687969000091, -5.476896601999954 ] ] ], [ [ [ 120.425671855000019, -5.463969302999942 ], [ 120.42557414700002, -5.463879314999929 ], [ 120.425636366000049, -5.463857763999954 ], [ 120.425671855000019, -5.463969302999942 ] ] ], [ [ [ 120.26582014600001, -5.287451272999931 ], [ 120.298908315000062, -5.287909405999926 ], [ 120.304721226000083, -5.301857720999976 ], [ 120.306898405000084, -5.293970026999943 ], [ 120.336348129000044, -5.287126780999927 ], [ 120.361924773000055, -5.322353324999938 ], [ 120.40509549300009, -5.341612884999961 ], [ 120.40289395800005, -5.378444977999948 ], [ 120.43380349600011, -5.445319092999966 ], [ 120.422936978000052, -5.461336359999962 ], [ 120.428691043000072, -5.468958677999979 ], [ 120.451196013000072, -5.476779471999976 ], [ 120.442616678000036, -5.494722760999935 ], [ 120.451171278000061, -5.547770880999963 ], [ 120.444815252000012, -5.557941672999959 ], [ 120.459551595000107, -5.572534757999961 ], [ 120.462163319000069, -5.603446039999938 ], [ 120.472306236, -5.622451160999958 ], [ 120.447232948000078, -5.60780557399994 ], [ 120.427388051000094, -5.608947235999949 ], [ 120.394456231000049, -5.58664859199996 ], [ 120.357107502000076, -5.52411273599995 ], [ 120.318219970000087, -5.506746788999976 ], [ 120.277173200000107, -5.53737179999996 ], [ 120.221242900000107, -5.540102099999956 ], [ 120.191615102000014, -5.565956511999957 ], [ 120.171424200000047, -5.564349799999945 ], [ 120.129843699000048, -5.588418356999966 ], [ 120.105768881000017, -5.588987390999932 ], [ 120.095770426000058, -5.562838152999973 ], [ 120.10214428200004, -5.556017020999946 ], [ 120.09115814300003, -5.49072962799994 ], [ 120.052017967000097, -5.448338995999961 ], [ 120.054887628000074, -5.435882998999944 ], [ 120.026336660000084, -5.411720247999938 ], [ 120.035513003, -5.408191000999977 ], [ 120.028792192000083, -5.393416855999931 ], [ 120.003534418000072, -5.38693309599995 ], [ 119.972144164000042, -5.392352062999976 ], [ 119.957560846000092, -5.381006409999941 ], [ 119.956958733000079, -5.344494410999971 ], [ 119.998527207000052, -5.31967038099998 ], [ 120.039603600000078, -5.346932210999967 ], [ 120.062285385000109, -5.333898035999937 ], [ 120.074289248000014, -5.339111913999943 ], [ 120.078185650000023, -5.315864394999949 ], [ 120.125148701000057, -5.311611968999955 ], [ 120.140634780000028, -5.288408285999935 ], [ 120.169828286000097, -5.314007059999938 ], [ 120.203757507000091, -5.301349703999961 ], [ 120.244306192000067, -5.299582016999977 ], [ 120.26582014600001, -5.287451272999931 ] ] ] ] } },
{ "type": "Feature", "properties": { "kemendagri_kab_code": 7303, "kemendagri_kab_name": "Kabupaten Bantaeng", "kemendagri_prov_code": 73, "kemendagri_prov_name": "Sulawesi Selatan" }, "geometry": { "type": "Polygon", "coordinates": [ [ [ 119.955579142000033, -5.354370424999956 ], [ 119.957560846000092, -5.381006409999941 ], [ 119.970100799000079, -5.39146797099994 ], [ 120.003534418000072, -5.38693309599995 ], [ 120.028726752000011, -5.393332550999958 ], [ 120.035513003, -5.408191000999977 ], [ 120.026336660000084, -5.411720247999938 ], [ 120.054887628000074, -5.435882998999944 ], [ 120.052017967000097, -5.448338995999961 ], [ 120.090151034000087, -5.488740770999925 ], [ 120.101182446000053, -5.585789467999973 ], [ 120.063408255000013, -5.587452531999929 ], [ 120.004302373000087, -5.561201793999942 ], [ 119.972323887000016, -5.559497105999981 ], [ 119.937708987000065, -5.544418539999981 ], [ 119.907409329000075, -5.576730082999973 ], [ 119.901964645000021, -5.559111383999948 ], [ 119.890746313000022, -5.56249347499994 ], [ 119.857421368000018, -5.552261059999978 ], [ 119.862134373000117, -5.528664139999933 ], [ 119.854108298000028, -5.514924176999955 ], [ 119.87587248400007, -5.52945833299998 ], [ 119.879811450000034, -5.490937402999975 ], [ 119.894723737000049, -5.479822264999939 ], [ 119.898332116, -5.463419766999948 ], [ 119.936957875000076, -5.407000643999936 ], [ 119.942445327000087, -5.388943408999978 ], [ 119.931424896000067, -5.364238694999926 ], [ 119.940409981000016, -5.354561248999971 ], [ 119.955579142000033, -5.354370424999956 ] ] ] } },
{ "type": "Feature", "properties": { "kemendagri_kab_code": 7304, "kemendagri_kab_name": "Kabupaten Jeneponto", "kemendagri_prov_code": 73, "kemendagri_prov_name": "Sulawesi Selatan" }, "geometry": { "type": "MultiPolygon", "coordinates": [ [ [ [ 119.602001162000079, -5.648115013999927 ], [ 119.597707881000019, -5.649553219999973 ], [ 119.595867705000046, -5.646731357999954 ], [ 119.602001162000079, -5.648115013999927 ] ] ], [ [ [ 119.557854411000108, -5.601239766999981 ], [ 119.560336636000102, -5.601829951999946 ], [ 119.560780480000062, -5.602495732999955 ], [ 119.55869387000007, -5.603554905999943 ], [ 119.557854411000108, -5.601239766999981 ] ] ], [ [ [ 119.556940777000023, -5.596030780999968 ], [ 119.556137641000078, -5.595598113999927 ], [ 119.556182295000099, -5.595027531999961 ], [ 119.556940777000023, -5.596030780999968 ] ] ], [ [ [ 119.939310966000107, -5.398757908999926 ], [ 119.894723737000049, -5.479822264999939 ], [ 119.879811450000034, -5.490937402999975 ], [ 119.87587248400007, -5.52945833299998 ], [ 119.854108298000028, -5.514924176999955 ], [ 119.862134373000117, -5.528664139999933 ], [ 119.857421368000018, -5.552261059999978 ], [ 119.890746313000022, -5.56249347499994 ], [ 119.901964645000021, -5.559111383999948 ], [ 119.90810353400002, -5.564367903999937 ], [ 119.905873862000021, -5.582187620999946 ], [ 119.873807821000014, -5.613569681999934 ], [ 119.863530982000043, -5.611114881999981 ], [ 119.857565537000028, -5.630143302999954 ], [ 119.848491540000055, -5.6293 ], [ 119.848524649000069, -5.630553345999942 ], [ 119.851613423000117, -5.63336776899996 ], [ 119.852164665000032, -5.635473591999926 ], [ 119.839091200000098, -5.634796299999948 ], [ 119.847354655000117, -5.658921899999939 ], [ 119.847138100000052, -5.650965499999927 ], [ 119.854284400000097, -5.657450899999958 ], [ 119.848044100000038, -5.665764099999933 ], [ 119.821509900000024, -5.673152499999958 ], [ 119.789820600000098, -5.701125499999932 ], [ 119.704515900000047, -5.702789 ], [ 119.64737039900001, -5.681995012999948 ], [ 119.639835194000057, -5.659990737999976 ], [ 119.656159917000082, -5.652994929999977 ], [ 119.657998872, -5.642712685999925 ], [ 119.650627307000036, -5.62873733899994 ], [ 119.617335375000039, -5.625271658999964 ], [ 119.612084474000085, -5.61277808799997 ], [ 119.588493235000101, -5.62230719799993 ], [ 119.58897356500006, -5.641784081999958 ], [ 119.579705204000106, -5.656515575999947 ], [ 119.55720847200007, -5.648824744999956 ], [ 119.546264121000036, -5.636282174999963 ], [ 119.544836293000117, -5.619470544999956 ], [ 119.553340720000051, -5.595012512999972 ], [ 119.560130502000106, -5.611305310999967 ], [ 119.569207411000093, -5.604776357999981 ], [ 119.544155693000107, -5.584605273999955 ], [ 119.534006699000088, -5.586188841999956 ], [ 119.512347745000056, -5.569280456999934 ], [ 119.518274180000049, -5.548519834999979 ], [ 119.505497028000036, -5.522441266999977 ], [ 119.487526989000116, -5.510802368999975 ], [ 119.486079423000092, -5.490426290999949 ], [ 119.511690151000039, -5.492068737999944 ], [ 119.528316667000013, -5.481169443999931 ], [ 119.508047222000073, -5.454744443999971 ], [ 119.529696061000095, -5.431901392999976 ], [ 119.57349991500007, -5.446550414999933 ], [ 119.639405224000029, -5.430495575999942 ], [ 119.652570060000016, -5.465639684999928 ], [ 119.636132007000015, -5.458524722999925 ], [ 119.626559949000011, -5.460319133999974 ], [ 119.625620643000047, -5.468056922999949 ], [ 119.634106813000017, -5.473815618999936 ], [ 119.653743879000103, -5.469338555999968 ], [ 119.664321655000094, -5.477537018999953 ], [ 119.658305291000033, -5.486295439999935 ], [ 119.665032201000031, -5.513164940999957 ], [ 119.671608857000024, -5.516348763999929 ], [ 119.690637759000083, -5.494580072999952 ], [ 119.700495206000028, -5.496970113999964 ], [ 119.69936860100006, -5.530963950999933 ], [ 119.706441338000104, -5.544944649999934 ], [ 119.731647860000066, -5.563277218999929 ], [ 119.772495153000023, -5.569654821999961 ], [ 119.777689199000065, -5.561266005999926 ], [ 119.786171843000034, -5.569452479999939 ], [ 119.794535254000039, -5.556423393999978 ], [ 119.804314134000037, -5.555248082999981 ], [ 119.81848449600011, -5.517016585999954 ], [ 119.833122737000053, -5.504018702999929 ], [ 119.838715638000053, -5.477829036999935 ], [ 119.8731352100001, -5.43131546799998 ], [ 119.908498813000051, -5.420406323999941 ], [ 119.939509994000105, -5.381985670999939 ], [ 119.939310966000107, -5.398757908999926 ] ] ] ] } },
{ "type": "Feature", "properties": { "kemendagri_kab_code": 7305, "kemendagri_kab_name": "Kabupaten Takalar", "kemendagri_prov_code": 73, "kemendagri_prov_name": "Sulawesi Selatan" }, "geometry": { "type": "MultiPolygon", "coordinates": [ [ [ [ 119.274762180000039, -5.523426756999925 ], [ 119.274587007000036, -5.523096837999958 ], [ 119.274906359000056, -5.52300592499995 ], [ 119.274762180000039, -5.523426756999925 ] ] ], [ [ [ 119.274111925000057, -5.523260110999956 ], [ 119.27429415000006, -5.522757127999967 ], [ 119.274478800000111, -5.522889675999977 ], [ 119.274111925000057, -5.523260110999956 ] ] ], [ [ [ 119.258955991000107, -5.512875375999954 ], [ 119.258833825000011, -5.51245298799995 ], [ 119.259064522000017, -5.512878985999976 ], [ 119.258955991000107, -5.512875375999954 ] ] ], [ [ [ 119.246822719000079, -5.49768834899993 ], [ 119.246766889000014, -5.497199393999949 ], [ 119.246923465, -5.497145588999956 ], [ 119.246822719000079, -5.49768834899993 ] ] ], [ [ [ 119.273341305000031, -5.469397151999942 ], [ 119.276480532000051, -5.466309717999934 ], [ 119.276368277000074, -5.468201256999976 ], [ 119.273341305000031, -5.469397151999942 ] ] ], [ [ [ 119.229639422000105, -5.465816887999949 ], [ 119.229699286000027, -5.465456721999942 ], [ 119.229947798000012, -5.465407806999963 ], [ 119.229639422000105, -5.465816887999949 ] ] ], [ [ [ 119.272302185000058, -5.464389678999964 ], [ 119.271637728000087, -5.464346802999955 ], [ 119.272043954000083, -5.463968269999953 ], [ 119.272302185000058, -5.464389678999964 ] ] ], [ [ [ 119.267895682000017, -5.461672337999971 ], [ 119.267808381, -5.461391376999927 ], [ 119.268025976000104, -5.461540277999973 ], [ 119.267895682000017, -5.461672337999971 ] ] ], [ [ [ 119.234846082000104, -5.444708509999941 ], [ 119.238764654000079, -5.454757596999968 ], [ 119.224786583000082, -5.469889537999961 ], [ 119.223535496000068, -5.451412855999934 ], [ 119.234846082000104, -5.444708509999941 ] ] ], [ [ [ 119.222667339000054, -5.454077840999958 ], [ 119.222849656000108, -5.454548340999963 ], [ 119.222648764000041, -5.454523389999963 ], [ 119.222667339000054, -5.454077840999958 ] ] ], [ [ [ 119.223073509000073, -5.453937669999959 ], [ 119.222823333000065, -5.453729965999969 ], [ 119.223167021000108, -5.453671680999946 ], [ 119.223073509000073, -5.453937669999959 ] ] ], [ [ [ 119.224959808000108, -5.449404418999961 ], [ 119.224290042, -5.44935625599993 ], [ 119.224788919000048, -5.448654241999975 ], [ 119.224959808000108, -5.449404418999961 ] ] ], [ [ [ 119.226041033000115, -5.446170883999969 ], [ 119.226085421000107, -5.445597801999952 ], [ 119.226168851000011, -5.445591576999959 ], [ 119.226041033000115, -5.446170883999969 ] ] ], [ [ [ 119.228899603000059, -5.434225561999938 ], [ 119.221941819000108, -5.44404308299994 ], [ 119.217565837000052, -5.440948727999967 ], [ 119.222673355000097, -5.435093177999931 ], [ 119.228899603000059, -5.434225561999938 ] ] ], [ [ [ 119.189942122000048, -5.400245997999946 ], [ 119.19133897200004, -5.401167990999966 ], [ 119.189646038000092, -5.400545324999939 ], [ 119.189529192, -5.398808993999978 ], [ 119.189942122000048, -5.400245997999946 ] ] ], [ [ [ 119.192710823000084, -5.395324344999949 ], [ 119.196553872000095, -5.396565516999942 ], [ 119.190465811000081, -5.400161454999932 ], [ 119.192710823000084, -5.395324344999949 ] ] ], [ [ [ 119.195000719000063, -5.393499157999941 ], [ 119.195115643, -5.393517707999933 ], [ 119.195018954000034, -5.393569033999938 ], [ 119.195000719000063, -5.393499157999941 ] ] ], [ [ [ 119.308607056000028, -5.519565959999966 ], [ 119.309003605000044, -5.520074012999942 ], [ 119.308554811000022, -5.519660612999928 ], [ 119.308607056000028, -5.519565959999966 ] ] ], [ [ [ 119.309893388000091, -5.519451133999951 ], [ 119.309564015000092, -5.519874147999928 ], [ 119.309489271000075, -5.519819524999946 ], [ 119.309893388000091, -5.519451133999951 ] ] ], [ [ [ 119.305764141000054, -5.518595879999964 ], [ 119.305557696000051, -5.518685274999939 ], [ 119.305460452000034, -5.518480641999929 ], [ 119.305764141000054, -5.518595879999964 ] ] ], [ [ [ 119.305752952000034, -5.518536616999938 ], [ 119.305663078000066, -5.51797025999997 ], [ 119.30603454200002, -5.518416911999964 ], [ 119.305752952000034, -5.518536616999938 ] ] ], [ [ [ 119.312189186000069, -5.517873704999943 ], [ 119.31202359100007, -5.517516561999969 ], [ 119.312250684000105, -5.517574918999969 ], [ 119.312189186000069, -5.517873704999943 ] ] ], [ [ [ 119.301894679000043, -5.517215173999944 ], [ 119.301240731, -5.516396289999932 ], [ 119.302124229000015, -5.516344825999965 ], [ 119.301894679000043, -5.517215173999944 ] ] ], [ [ [ 119.294483371000069, -5.514781665999976 ], [ 119.294228124000028, -5.514721879999968 ], [ 119.29437598200002, -5.514407934999952 ], [ 119.294483371000069, -5.514781665999976 ] ] ], [ [ [ 119.28982975200006, -5.468519818999937 ], [ 119.306303043000071, -5.478158409999935 ], [ 119.317087953000055, -5.472882523999942 ], [ 119.314189207000027, -5.482568795999953 ], [ 119.296398086000067, -5.490721921999977 ], [ 119.300135742000066, -5.49541114699997 ], [ 119.318130727000039, -5.487061690999951 ], [ 119.318171880000023, -5.511089451999965 ], [ 119.315579462000073, -5.512076535999938 ], [ 119.316066451000097, -5.514003464999973 ], [ 119.315184563000116, -5.51446679299994 ], [ 119.314830255000061, -5.514960102999964 ], [ 119.314986514000111, -5.515801493999959 ], [ 119.312218569000038, -5.516873918999977 ], [ 119.310632327, -5.519426683999939 ], [ 119.309476720000021, -5.519383123999944 ], [ 119.3090096950001, -5.519661792999955 ], [ 119.307387102, -5.507769616999951 ], [ 119.301892187000021, -5.504272442999934 ], [ 119.299671949000071, -5.514163178999979 ], [ 119.29039069800001, -5.511454439999966 ], [ 119.294540825000013, -5.52143923999995 ], [ 119.306242580000117, -5.518597159999956 ], [ 119.30529893500011, -5.525535914999978 ], [ 119.272936224000091, -5.534298837999927 ], [ 119.267348322000089, -5.53010782299998 ], [ 119.276341675000026, -5.523413851999976 ], [ 119.27206521800008, -5.517031588999942 ], [ 119.262346961000048, -5.527012786999933 ], [ 119.256644874000017, -5.522183656999971 ], [ 119.260022169000081, -5.517340573999945 ], [ 119.258209962000024, -5.515169159999971 ], [ 119.259370559000104, -5.513508140999932 ], [ 119.259161560000052, -5.512586821999946 ], [ 119.25800378800011, -5.511069609999936 ], [ 119.244769151000014, -5.504585331999976 ], [ 119.254943184000012, -5.485405091999951 ], [ 119.254975687000069, -5.504473123999958 ], [ 119.276637282000024, -5.501358459999949 ], [ 119.275202936000028, -5.476643650999961 ], [ 119.284142613000085, -5.471152725999957 ], [ 119.285652276000064, -5.478009419999978 ], [ 119.28982975200006, -5.468519818999937 ] ] ], [ [ [ 119.307255075000057, -5.473998351999967 ], [ 119.30649104500003, -5.474311752999938 ], [ 119.306434836000108, -5.47390162399995 ], [ 119.307255075000057, -5.473998351999967 ] ] ], [ [ [ 119.306037900000092, -5.473444789999974 ], [ 119.307906015000071, -5.472973946999957 ], [ 119.30812585000001, -5.473730713999942 ], [ 119.306037900000092, -5.473444789999974 ] ] ], [ [ [ 119.293248676000076, -5.468593351999971 ], [ 119.292894738000086, -5.468501648999961 ], [ 119.293116780000105, -5.468346470999961 ], [ 119.293248676000076, -5.468593351999971 ] ] ], [ [ [ 119.291248922000023, -5.468448252999963 ], [ 119.292340627000044, -5.467576023999925 ], [ 119.292760768000107, -5.468096656999933 ], [ 119.291248922000023, -5.468448252999963 ] ] ], [ [ [ 119.305734700000016, -5.466813688999935 ], [ 119.308740566000097, -5.46793960499997 ], [ 119.30481751800005, -5.469476738999958 ], [ 119.305734700000016, -5.466813688999935 ] ] ], [ [ [ 119.289200165000011, -5.458315468999956 ], [ 119.300228287000095, -5.460369029999981 ], [ 119.306204759000025, -5.466139139999939 ], [ 119.298923298000091, -5.469603130999928 ], [ 119.289200165000011, -5.458315468999956 ] ] ], [ [ [ 119.30388993300005, -5.461939344999962 ], [ 119.306147623000015, -5.463309392999975 ], [ 119.303519582000035, -5.462687241999959 ], [ 119.30388993300005, -5.461939344999962 ] ] ], [ [ [ 119.274049802000036, -5.451312579999978 ], [ 119.286065688, -5.454941218999977 ], [ 119.294535451000115, -5.466600089999929 ], [ 119.278243844000031, -5.467942697999945 ], [ 119.273615374000087, -5.462573975999931 ], [ 119.268090446000087, -5.464346000999967 ], [ 119.268651854000041, -5.459773286999962 ], [ 119.264242534000118, -5.463261648999946 ], [ 119.274049802000036, -5.451312579999978 ] ] ], [ [ [ 119.304608710000025, -5.45951647399994 ], [ 119.303212651000081, -5.45948659499993 ], [ 119.303510942000116, -5.458944899999949 ], [ 119.304608710000025, -5.45951647399994 ] ] ], [ [ [ 119.490603191000105, -5.603840138999942 ], [ 119.489130852000017, -5.60410871299996 ], [ 119.490836737000109, -5.602973176999967 ], [ 119.490603191000105, -5.603840138999942 ] ] ], [ [ [ 119.312869163000073, -5.516803728999946 ], [ 119.312935607000099, -5.517451815999948 ], [ 119.312548745000072, -5.51727393799996 ], [ 119.312869163000073, -5.516803728999946 ] ] ], [ [ [ 119.312358970000105, -5.517138853999938 ], [ 119.312506168000027, -5.516846142999952 ], [ 119.312530184000025, -5.517104877999941 ], [ 119.312358970000105, -5.517138853999938 ] ] ], [ [ [ 119.31383310800004, -5.516748725999946 ], [ 119.313680923000106, -5.51641362099997 ], [ 119.313795943000059, -5.516397797999957 ], [ 119.31383310800004, -5.516748725999946 ] ] ], [ [ [ 119.315093836000074, -5.515687290999949 ], [ 119.315459918000101, -5.514745754999979 ], [ 119.315559275000055, -5.514740974999938 ], [ 119.315093836000074, -5.515687290999949 ] ] ], [ [ [ 119.315241024000102, -5.514827145999959 ], [ 119.315197509000086, -5.514534445999971 ], [ 119.315288725000073, -5.514503339999976 ], [ 119.315241024000102, -5.514827145999959 ] ] ], [ [ [ 119.315668798000047, -5.514720047999958 ], [ 119.315700080000056, -5.514495880999959 ], [ 119.315798185000062, -5.514545286999976 ], [ 119.315668798000047, -5.514720047999958 ] ] ], [ [ [ 119.316119091000019, -5.514390280999976 ], [ 119.316044027000089, -5.514252924999937 ], [ 119.316180504000044, -5.514022490999935 ], [ 119.316119091000019, -5.514390280999976 ] ] ], [ [ [ 119.316774146000057, -5.513162071999943 ], [ 119.316378145000044, -5.51279459899996 ], [ 119.316627835000077, -5.51274091099998 ], [ 119.316774146000057, -5.513162071999943 ] ] ], [ [ [ 119.316072204000079, -5.512756252999964 ], [ 119.315896169000098, -5.512302258999966 ], [ 119.316234845000054, -5.512300940999978 ], [ 119.316072204000079, -5.512756252999964 ] ] ], [ [ [ 119.319726877000107, -5.494498168999939 ], [ 119.319298741000011, -5.49418948899995 ], [ 119.319377405000068, -5.494111156999963 ], [ 119.319726877000107, -5.494498168999939 ] ] ], [ [ [ 119.566003075000026, -5.292090691999931 ], [ 119.586672731000021, -5.327495762999945 ], [ 119.600251282000045, -5.329244277999976 ], [ 119.615118052000071, -5.347943560999965 ], [ 119.617488479000031, -5.367978495999978 ], [ 119.640797898000073, -5.385420109999927 ], [ 119.645311610000022, -5.407442282999966 ], [ 119.627200661000074, -5.419150118999937 ], [ 119.636273418000087, -5.431597257999954 ], [ 119.608337053000014, -5.441952423999965 ], [ 119.573438444000089, -5.446543392999956 ], [ 119.530710059000057, -5.431563557999937 ], [ 119.524093250000078, -5.445017032999942 ], [ 119.510503638000046, -5.449752767999939 ], [ 119.528316667000013, -5.481169443999931 ], [ 119.511690151000039, -5.492068737999944 ], [ 119.485617217000026, -5.491033211999934 ], [ 119.487526989000116, -5.510802368999975 ], [ 119.50803423800005, -5.526413469999966 ], [ 119.505318197000065, -5.552717690999941 ], [ 119.502507149000053, -5.558756784999957 ], [ 119.480905060000055, -5.559519898999952 ], [ 119.459434696000017, -5.579052862999959 ], [ 119.471015955000098, -5.593239567999944 ], [ 119.486083048000069, -5.584406526999942 ], [ 119.489234160000024, -5.60372037999997 ], [ 119.459931278000113, -5.606381966999948 ], [ 119.440241987000036, -5.596332998999969 ], [ 119.418365857000026, -5.560349362999943 ], [ 119.420084553000038, -5.546426379999957 ], [ 119.424578162000103, -5.547100976999957 ], [ 119.439458644000069, -5.534469153999964 ], [ 119.435081124000021, -5.537371460999964 ], [ 119.43050768, -5.508537949999948 ], [ 119.396502382000108, -5.456447265999941 ], [ 119.382789257000013, -5.449228235999954 ], [ 119.365726462000111, -5.422578370999929 ], [ 119.372883432000094, -5.425503954999954 ], [ 119.406989310000085, -5.405604886999981 ], [ 119.420948892000069, -5.411290129999941 ], [ 119.41073576000008, -5.436742619999961 ], [ 119.432356846000062, -5.438625506999927 ], [ 119.435201568000025, -5.431121755999925 ], [ 119.423439981000115, -5.421088454999961 ], [ 119.426510871000119, -5.39817151799997 ], [ 119.439909469000099, -5.395584192999934 ], [ 119.441179118000036, -5.384833771999979 ], [ 119.456759132000116, -5.375613512999962 ], [ 119.449451457, -5.357413826999959 ], [ 119.475413435000064, -5.32984197199994 ], [ 119.456324380000069, -5.330475378999949 ], [ 119.456301407000069, -5.321035312999925 ], [ 119.481447011000114, -5.311025952999955 ], [ 119.502434268000115, -5.323199056999954 ], [ 119.502210207000076, -5.312610957999937 ], [ 119.523108120000074, -5.299773512999934 ], [ 119.541812302000039, -5.306440466999959 ], [ 119.548112729000081, -5.295761959999936 ], [ 119.566003075000026, -5.292090691999931 ] ], [ [ 119.417714391000118, -5.440543703999936 ], [ 119.40799219400003, -5.451477340999929 ], [ 119.416183333000049, -5.452974998999935 ], [ 119.417714391000118, -5.440543703999936 ] ] ], [ [ [ 119.342019229000016, -5.32363141899998 ], [ 119.34367356000007, -5.324677819999977 ], [ 119.341901325000094, -5.325286104999975 ], [ 119.342019229000016, -5.32363141899998 ] ] ], [ [ [ 119.383794855000019, -5.21050298199998 ], [ 119.416242099000101, -5.239665182999943 ], [ 119.413587994000068, -5.252495966999959 ], [ 119.404394233000062, -5.248590601999979 ], [ 119.376485903000116, -5.291487479999944 ], [ 119.394452536000017, -5.310580239999979 ], [ 119.404302715000085, -5.364620184999978 ], [ 119.399182054000107, -5.37426649899993 ], [ 119.391190909000102, -5.373577454999975 ], [ 119.400556700000038, -5.382151843999964 ], [ 119.368966925000109, -5.396674436999945 ], [ 119.365427880000084, -5.422127291999971 ], [ 119.354039261000025, -5.326202167999952 ], [ 119.369722043000024, -5.299758513999961 ], [ 119.383794855000019, -5.21050298199998 ] ] ], [ [ [ 119.421945053000059, -5.255078933999926 ], [ 119.426577979000058, -5.262277147999953 ], [ 119.420963889000063, -5.260716943999967 ], [ 119.421945053000059, -5.255078933999926 ] ] ], [ [ [ 119.44160277800006, -5.24805 ], [ 119.439535457000034, -5.24744388299996 ], [ 119.440271478000113, -5.246825641999976 ], [ 119.44160277800006, -5.24805 ] ] ] ] } },
{ "type": "Feature", "properties": { "kemendagri_kab_code": 7306, "kemendagri_kab_name": "Kabupaten Gowa", "kemendagri_prov_code": 73, "kemendagri_prov_name": "Sulawesi Selatan" }, "geometry": { "type": "MultiPolygon", "coordinates": [ [ [ [ 119.417474347000052, -5.44378275899993 ], [ 119.416183333000049, -5.452974998999935 ], [ 119.40799219400003, -5.451477340999929 ], [ 119.40927595200003, -5.443588933999933 ], [ 119.417474347000052, -5.44378275899993 ] ] ], [ [ [ 119.864209867000113, -5.091759198999966 ], [ 119.892908989000034, -5.095412087999932 ], [ 119.898451501000068, -5.110650929999963 ], [ 119.922469780000029, -5.132970273999945 ], [ 119.939108266000062, -5.129129395999939 ], [ 119.970421471, -5.139158062999968 ], [ 119.973099522000098, -5.158647014999929 ], [ 120.004340034000052, -5.165758014999938 ], [ 120.031893137000111, -5.184548288999963 ], [ 120.024783353000089, -5.199895470999934 ], [ 120.002489345000072, -5.196222540999941 ], [ 119.990443454000115, -5.205164071999945 ], [ 119.996621513000036, -5.23146782699996 ], [ 119.980554824000023, -5.245972928999947 ], [ 119.974647817000118, -5.27715612399993 ], [ 119.956598823000036, -5.289958895999973 ], [ 119.928693724000027, -5.341589382999928 ], [ 119.937571300000059, -5.355870180999943 ], [ 119.930310053000085, -5.370938447999947 ], [ 119.937105429000098, -5.387770172999979 ], [ 119.908344194000051, -5.420515893999948 ], [ 119.8731352100001, -5.43131546799998 ], [ 119.838715638000053, -5.477829036999935 ], [ 119.833122737000053, -5.504018702999929 ], [ 119.81848449600011, -5.517016585999954 ], [ 119.804314134000037, -5.555248082999981 ], [ 119.794535254000039, -5.556423393999978 ], [ 119.786308828000074, -5.569398000999968 ], [ 119.777689199000065, -5.561266005999926 ], [ 119.772495153000023, -5.569654821999961 ], [ 119.731033139000033, -5.562977530999945 ], [ 119.699381680000101, -5.531058105999932 ], [ 119.700612608000029, -5.497044974999937 ], [ 119.690637759000083, -5.494580072999952 ], [ 119.669145983000021, -5.516213359999938 ], [ 119.660586750000107, -5.506197142999952 ], [ 119.664321655000094, -5.477537018999953 ], [ 119.653743879000103, -5.469338555999968 ], [ 119.634106813000017, -5.473815618999936 ], [ 119.625717189000056, -5.468309953999949 ], [ 119.626559949000011, -5.460319133999974 ], [ 119.636132007000015, -5.458524722999925 ], [ 119.652619036000033, -5.465481610999973 ], [ 119.644053491000022, -5.434815234999974 ], [ 119.626996625000061, -5.420462637999947 ], [ 119.640880969000023, -5.414143318999947 ], [ 119.645957253, -5.39655778599996 ], [ 119.635030457000084, -5.378189579999969 ], [ 119.617488479000031, -5.367978495999978 ], [ 119.618166374000111, -5.354635764999955 ], [ 119.60033088800003, -5.329330084999981 ], [ 119.586672731000021, -5.327495762999945 ], [ 119.580595322000022, -5.311630844999968 ], [ 119.572278286000028, -5.309641167999928 ], [ 119.569615382000052, -5.292996391999964 ], [ 119.548112729000081, -5.295761959999936 ], [ 119.541812302000039, -5.306440466999959 ], [ 119.523108120000074, -5.299773512999934 ], [ 119.502210207000076, -5.312610957999937 ], [ 119.502434268000115, -5.323199056999954 ], [ 119.481447011000114, -5.311025952999955 ], [ 119.463415379000025, -5.313281676999964 ], [ 119.466832047000025, -5.319387941999935 ], [ 119.456301407000069, -5.321035312999925 ], [ 119.455998897000086, -5.330241420999926 ], [ 119.475413435000064, -5.32984197199994 ], [ 119.449451457, -5.357413826999959 ], [ 119.456759132000116, -5.375613512999962 ], [ 119.441179118000036, -5.384833771999979 ], [ 119.439909469000099, -5.395584192999934 ], [ 119.426510871000119, -5.39817151799997 ], [ 119.423439981000115, -5.421088454999961 ], [ 119.435201568000025, -5.431121755999925 ], [ 119.432356846000062, -5.438625506999927 ], [ 119.41073576000008, -5.436742619999961 ], [ 119.420948892000069, -5.411290129999941 ], [ 119.406989310000085, -5.405604886999981 ], [ 119.372883432000094, -5.425503954999954 ], [ 119.365422887000022, -5.422119748999933 ], [ 119.368966925000109, -5.396674436999945 ], [ 119.400556700000038, -5.382151843999964 ], [ 119.391190909000102, -5.373577454999975 ], [ 119.399182054000107, -5.37426649899993 ], [ 119.404302715000085, -5.364620184999978 ], [ 119.394452536000017, -5.310580239999979 ], [ 119.376447222000024, -5.292401943999948 ], [ 119.404394233000062, -5.248590601999979 ], [ 119.413687827000103, -5.252286319999939 ], [ 119.416242099000101, -5.239665182999943 ], [ 119.403783060000023, -5.220776986999965 ], [ 119.410831076000022, -5.205186738999942 ], [ 119.395048611000107, -5.195671149999953 ], [ 119.399686944000109, -5.188142911999932 ], [ 119.409471288000077, -5.186696198999925 ], [ 119.414596938000045, -5.195628596999939 ], [ 119.455545900000061, -5.191983579999942 ], [ 119.463680556000099, -5.174258332999955 ], [ 119.49185060700006, -5.190005434999932 ], [ 119.515759431000106, -5.18998401999994 ], [ 119.511956438000084, -5.177081133999934 ], [ 119.520582524000019, -5.163447159999976 ], [ 119.530359983000039, -5.167314381999972 ], [ 119.549550176000025, -5.159814490999963 ], [ 119.56671548700001, -5.173100174999945 ], [ 119.579635017000101, -5.15765369199994 ], [ 119.596669064000025, -5.159600037999951 ], [ 119.604166667000072, -5.146861110999964 ], [ 119.60680555600004, -5.157972220999966 ], [ 119.623094695000077, -5.161028617999932 ], [ 119.638366572000109, -5.176063509999949 ], [ 119.685611112000061, -5.166444443999978 ], [ 119.718138890000091, -5.182472221999944 ], [ 119.74877777800009, -5.18311111099996 ], [ 119.764445980000119, -5.190228100999946 ], [ 119.775778869000078, -5.20783658199997 ], [ 119.799247899000079, -5.212020023999969 ], [ 119.833156069000097, -5.193861093999942 ], [ 119.864210120000052, -5.161504612999977 ], [ 119.855635586000062, -5.149432536999939 ], [ 119.871122071000059, -5.120609933999958 ], [ 119.858139293000022, -5.111004786999956 ], [ 119.864209867000113, -5.091759198999966 ] ], [ [ 119.439535457000034, -5.24744388299996 ], [ 119.44160277800006, -5.24805 ], [ 119.440345718000117, -5.246825641999976 ], [ 119.439535457000034, -5.24744388299996 ] ], [ [ 119.426577979000058, -5.262277147999953 ], [ 119.421945053000059, -5.255078933999926 ], [ 119.420963889000063, -5.260716943999967 ], [ 119.426577979000058, -5.262277147999953 ] ] ] ] } },
{ "type": "Feature", "properties": { "kemendagri_kab_code": 7307, "kemendagri_kab_name": "Kabupaten Sinjai", "kemendagri_prov_code": 73, "kemendagri_prov_name": "Sulawesi Selatan" }, "geometry": { "type": "MultiPolygon", "coordinates": [ [ [ [ 120.023551885000074, -5.572705063999933 ], [ 120.023442103000093, -5.572708675999934 ], [ 120.024090063000017, -5.571697211999947 ], [ 120.023551885000074, -5.572705063999933 ] ] ], [ [ [ 120.130748938000011, -5.044525638999971 ], [ 120.137886231000039, -5.057395215999975 ], [ 120.161294014000077, -5.065011440999967 ], [ 120.164694718000078, -5.07852928899996 ], [ 120.187356773000033, -5.068996824999942 ], [ 120.188607435000108, -5.080160459999945 ], [ 120.195264372000111, -5.079795025999942 ], [ 120.207349429000033, -5.099971421999953 ], [ 120.229030976000104, -5.095787306999966 ], [ 120.232399293000071, -5.08746261899995 ], [ 120.251018118000047, -5.095369281999979 ], [ 120.260759531000076, -5.116163578999931 ], [ 120.265879964000078, -5.101762514999962 ], [ 120.292987449000066, -5.117741058999968 ], [ 120.270911740000088, -5.14503469899995 ], [ 120.286773710000034, -5.188227056999949 ], [ 120.311622829000044, -5.217194100999961 ], [ 120.334387982000067, -5.287631655999974 ], [ 120.306898405000084, -5.293970026999943 ], [ 120.304721226000083, -5.301857720999976 ], [ 120.298908315000062, -5.287909405999926 ], [ 120.263124728000093, -5.286045801999933 ], [ 120.244306192000067, -5.299582016999977 ], [ 120.203757507000091, -5.301349703999961 ], [ 120.169828286000097, -5.314007059999938 ], [ 120.140634780000028, -5.288408285999935 ], [ 120.124959575000048, -5.311704189999944 ], [ 120.078062916000022, -5.315926325999953 ], [ 120.074146481000071, -5.33922612799995 ], [ 120.062285385000109, -5.333898035999937 ], [ 120.039603600000078, -5.346932210999967 ], [ 119.99858366, -5.319658179999976 ], [ 119.958542583000053, -5.342912681999962 ], [ 119.955579142000033, -5.354370424999956 ], [ 119.937571300000059, -5.355870180999943 ], [ 119.928780300000085, -5.341405699999939 ], [ 119.956598823000036, -5.289958895999973 ], [ 119.974647817000118, -5.27715612399993 ], [ 119.980554824000023, -5.245972928999947 ], [ 119.996621513000036, -5.23146782699996 ], [ 119.990443454000115, -5.205164071999945 ], [ 120.002489345000072, -5.196222540999941 ], [ 120.024783353000089, -5.199895470999934 ], [ 120.031893137000111, -5.184548288999963 ], [ 120.004340034000052, -5.165758014999938 ], [ 119.973099522000098, -5.158647014999929 ], [ 119.97061076500006, -5.131075813999928 ], [ 119.98324256, -5.122871944999929 ], [ 119.997218075000092, -5.131321937999928 ], [ 120.012594990000025, -5.121411139999964 ], [ 120.023195685000019, -5.133068804999937 ], [ 120.057221543000082, -5.126751806999948 ], [ 120.063911344000076, -5.099827098999981 ], [ 120.072157409000056, -5.097775224999964 ], [ 120.081363930000066, -5.077557733999981 ], [ 120.106294733000027, -5.070960330999981 ], [ 120.130748938000011, -5.044525638999971 ] ] ], [ [ [ 120.392079890000105, -5.115465013999938 ], [ 120.396471108000014, -5.12259086399996 ], [ 120.391833770000062, -5.125727715999972 ], [ 120.387126139000088, -5.121691840999972 ], [ 120.392079890000105, -5.115465013999938 ] ] ], [ [ [ 120.392627377000053, -5.071220100999938 ], [ 120.391872923000051, -5.071624293999946 ], [ 120.391942036000046, -5.071169939999947 ], [ 120.392627377000053, -5.071220100999938 ] ] ], [ [ [ 120.395844076000117, -5.042057252999939 ], [ 120.396608689000118, -5.045900219999965 ], [ 120.395920219000118, -5.046387680999942 ], [ 120.395844076000117, -5.042057252999939 ] ] ], [ [ [ 120.391455215000065, -5.039344289999974 ], [ 120.392981688000077, -5.041875523999977 ], [ 120.390231651000022, -5.041178594999963 ], [ 120.391455215000065, -5.039344289999974 ] ] ], [ [ [ 120.414076731000023, -5.112176701999942 ], [ 120.411384188000056, -5.111650649999945 ], [ 120.414044601000114, -5.109141969999939 ], [ 120.414076731000023, -5.112176701999942 ] ] ], [ [ [ 120.420639676000064, -5.100429325999926 ], [ 120.419717068000068, -5.094950658999949 ], [ 120.421499830000016, -5.094116841999949 ], [ 120.420639676000064, -5.100429325999926 ] ] ], [ [ [ 120.398268696000059, -5.068152901999952 ], [ 120.401083979000077, -5.067710670999929 ], [ 120.400104706000093, -5.06954671099993 ], [ 120.398268696000059, -5.068152901999952 ] ] ], [ [ [ 120.426100679000115, -5.069049889999974 ], [ 120.423216800000091, -5.068013864999955 ], [ 120.425700193000011, -5.065401091999945 ], [ 120.426100679000115, -5.069049889999974 ] ] ], [ [ [ 120.399837142000024, -5.062732256999936 ], [ 120.400157180000065, -5.062239231999968 ], [ 120.399915665000094, -5.062753670999939 ], [ 120.399837142000024, -5.062732256999936 ] ] ], [ [ [ 120.42221040700008, -5.048280508999937 ], [ 120.426111286000037, -5.058309116999965 ], [ 120.413095516000112, -5.050979731999973 ], [ 120.42221040700008, -5.048280508999937 ] ] ] ] } },
{ "type": "Feature", "properties": { "kemendagri_kab_code": 7308, "kemendagri_kab_name": "Kabupaten Bone", "kemendagri_prov_code": 73, "kemendagri_prov_name": "Sulawesi Selatan" }, "geometry": { "type": "MultiPolygon", "coordinates": [ [ [ [ 120.309930627000085, -5.03713987499998 ], [ 120.310476815000015, -5.037600139999938 ], [ 120.309916365000049, -5.03783169299993 ], [ 120.309930627000085, -5.03713987499998 ] ] ], [ [ [ 120.313765257000114, -4.949792171999945 ], [ 120.31425066700001, -4.953656415999944 ], [ 120.312613598000098, -4.950196679999976 ], [ 120.313765257000114, -4.949792171999945 ] ] ], [ [ [ 120.397611847, -4.742551433999949 ], [ 120.3979003930001, -4.742783489999965 ], [ 120.3979003930001, -4.743554434999965 ], [ 120.397611847, -4.742551433999949 ] ] ], [ [ [ 120.361391181000045, -4.222383698999977 ], [ 120.372904752000068, -4.23252826199996 ], [ 120.364554488000067, -4.298976775999961 ], [ 120.387766793000083, -4.31362516799993 ], [ 120.393342436000012, -4.333702727999935 ], [ 120.377047239000035, -4.366584165999939 ], [ 120.369134341000063, -4.373644145999947 ], [ 120.360610262000023, -4.368933041999981 ], [ 120.36414873800004, -4.381811098999947 ], [ 120.347689927000033, -4.402922334999971 ], [ 120.346776809000062, -4.426200760999961 ], [ 120.371618861000115, -4.446127347999948 ], [ 120.373659843000041, -4.461386362999974 ], [ 120.396860750000087, -4.469138766999947 ], [ 120.401451880000081, -4.479946040999948 ], [ 120.398489667000035, -4.491680281999948 ], [ 120.387408055000037, -4.490219459999935 ], [ 120.37656512, -4.514253633999942 ], [ 120.384986236000032, -4.54898325299996 ], [ 120.397201986000027, -4.549163481999926 ], [ 120.386115885000095, -4.549262839999926 ], [ 120.383703142000059, -4.559027165999964 ], [ 120.399486985000067, -4.606408719999934 ], [ 120.434756516000107, -4.625040728999977 ], [ 120.439880727000059, -4.633216475999973 ], [ 120.438319166000042, -4.638884700999938 ], [ 120.442077254000083, -4.648179357999936 ], [ 120.458140528000058, -4.658216943999946 ], [ 120.444392465000078, -4.662215075999939 ], [ 120.399572044000024, -4.710725724999975 ], [ 120.393724225000028, -4.749146037999935 ], [ 120.398738510000044, -4.754920703999971 ], [ 120.38522656900011, -4.768200510999975 ], [ 120.386953680000033, -4.791951780999966 ], [ 120.379435931000103, -4.808144237999954 ], [ 120.383285146000048, -4.838156154999979 ], [ 120.363838319000024, -4.844291237999926 ], [ 120.336693427000114, -4.839813092999975 ], [ 120.305759290000083, -4.867933231999928 ], [ 120.299951644000089, -4.886400955999932 ], [ 120.311960932000034, -4.910933644999943 ], [ 120.292441569000061, -4.923303826999927 ], [ 120.308174565000058, -4.938094555999953 ], [ 120.29416905800008, -4.950829430999931 ], [ 120.304667240000072, -4.966086534999931 ], [ 120.297022840000068, -4.983323445999929 ], [ 120.308329649000029, -5.003717367999968 ], [ 120.300549569000054, -5.006208354999956 ], [ 120.287693665, -5.038613788999953 ], [ 120.290116908000073, -5.045534688999965 ], [ 120.300928584000076, -5.04370012499993 ], [ 120.28969229300003, -5.067306953999946 ], [ 120.289275690000068, -5.11346692099994 ], [ 120.264576175000116, -5.101885720999974 ], [ 120.260759531000076, -5.116163578999931 ], [ 120.251018118000047, -5.095369281999979 ], [ 120.232399293000071, -5.08746261899995 ], [ 120.229030976000104, -5.095787306999966 ], [ 120.207524232000083, -5.10004924499998 ], [ 120.195264372000111, -5.079795025999942 ], [ 120.188607435000108, -5.080160459999945 ], [ 120.187356773000033, -5.068996824999942 ], [ 120.164694718000078, -5.07852928899996 ], [ 120.161294014000077, -5.065011440999967 ], [ 120.137886231000039, -5.057395215999975 ], [ 120.129866484000104, -5.044433708999975 ], [ 120.106294733000027, -5.070960330999981 ], [ 120.081363930000066, -5.077557733999981 ], [ 120.072157409000056, -5.097775224999964 ], [ 120.063911344000076, -5.099827098999981 ], [ 120.055615210000042, -5.127483693999977 ], [ 120.026440579000109, -5.127389638999944 ], [ 120.023195685000019, -5.133068804999937 ], [ 120.012594990000025, -5.121411139999964 ], [ 119.997218075000092, -5.131321937999928 ], [ 119.98324256, -5.122871944999929 ], [ 119.968030113000054, -5.139990873999977 ], [ 119.939108266000062, -5.129129395999939 ], [ 119.922469780000029, -5.132970273999945 ], [ 119.898451501000068, -5.110650929999963 ], [ 119.892908989000034, -5.095412087999932 ], [ 119.861519059000102, -5.090121622999959 ], [ 119.84624661600003, -5.048826580999958 ], [ 119.884971217000043, -5.00030073399995 ], [ 119.890299707000054, -4.973221380999973 ], [ 119.884440446000099, -4.96232398899997 ], [ 119.901059835000069, -4.941045476999932 ], [ 119.895032121000099, -4.938422386999946 ], [ 119.897459062000053, -4.916644280999947 ], [ 119.924124336000091, -4.900228788999925 ], [ 119.934356667000088, -4.886564309999926 ], [ 119.933422641000107, -4.873583717999963 ], [ 119.94963546300005, -4.859808228999952 ], [ 119.948748780000074, -4.844929737999962 ], [ 119.931477262000044, -4.846127967999962 ], [ 119.940974058000052, -4.836426385999971 ], [ 119.947470262000024, -4.800249271999974 ], [ 119.971801767000102, -4.786360028999979 ], [ 119.971783520000031, -4.777621259999933 ], [ 119.884663530000012, -4.71828807199995 ], [ 119.8670462770001, -4.744111811999971 ], [ 119.844282278000037, -4.74323802899994 ], [ 119.818475201000069, -4.765665953999928 ], [ 119.808694970000033, -4.760952085999975 ], [ 119.814919405000069, -4.779373175999979 ], [ 119.806969956000103, -4.80817910899998 ], [ 119.784457445000044, -4.806532284999946 ], [ 119.76636785300002, -4.824542876999942 ], [ 119.761049827000079, -4.805877573999965 ], [ 119.739918009, -4.803540453999972 ], [ 119.725469018000013, -4.809544674999927 ], [ 119.720265851000022, -4.821392474999925 ], [ 119.697945222000044, -4.799101857999972 ], [ 119.696249870000088, -4.787914868999962 ], [ 119.723430329000053, -4.787588275999951 ], [ 119.730367985000044, -4.800656551999964 ], [ 119.748868220000077, -4.798066945999949 ], [ 119.748956127000042, -4.79087642199994 ], [ 119.759317509000084, -4.788054575999979 ], [ 119.75510715900009, -4.775165882999943 ], [ 119.773251078000044, -4.753937672999939 ], [ 119.788150496000071, -4.753143955999974 ], [ 119.801359558000058, -4.763492110999948 ], [ 119.822553559000085, -4.742221193999967 ], [ 119.825716968000052, -4.717685221999943 ], [ 119.817237573000057, -4.707226413999933 ], [ 119.78669904100002, -4.688297318999957 ], [ 119.760311996000041, -4.68530637899994 ], [ 119.759365184000103, -4.62566413899998 ], [ 119.802568296000118, -4.591640902999927 ], [ 119.799017347000017, -4.564847061999956 ], [ 119.808413045000066, -4.554045101999975 ], [ 119.808406119000097, -4.537406787999942 ], [ 119.817486421000012, -4.532078053999953 ], [ 119.852569262000088, -4.544966082999963 ], [ 119.859657362, -4.527377026999943 ], [ 119.893025039, -4.535477618999948 ], [ 119.903390068000022, -4.526271971999961 ], [ 119.902472505000105, -4.515312111999947 ], [ 119.93907122600001, -4.533441259999961 ], [ 119.972300456000085, -4.530621753999981 ], [ 119.976380387000063, -4.539287853999951 ], [ 119.994572455000025, -4.521068173999936 ], [ 120.013737202000016, -4.527160761999937 ], [ 120.04329787100005, -4.52137371799995 ], [ 120.046794851000072, -4.505033110999932 ], [ 120.057974930000114, -4.498108899999977 ], [ 120.065473061000034, -4.435209175999944 ], [ 120.060516235000023, -4.409231190999947 ], [ 120.049369746000025, -4.406426985999929 ], [ 120.048974141000031, -4.399144456999977 ], [ 120.088820823000106, -4.407110498999941 ], [ 120.096664173000022, -4.391443930999969 ], [ 120.094445813000107, -4.335071551999931 ], [ 120.085022870000103, -4.324565068999959 ], [ 120.061544578000053, -4.320564130999969 ], [ 120.073905926000066, -4.297570518999976 ], [ 120.070054078000112, -4.270309900999962 ], [ 120.094520325000076, -4.242809152999939 ], [ 120.112615578000032, -4.244296793999979 ], [ 120.127840555000034, -4.223698271999979 ], [ 120.172828878000018, -4.226384941999925 ], [ 120.193407999000101, -4.236897379999959 ], [ 120.225341015000026, -4.235282943999948 ], [ 120.237221402000046, -4.267028049999965 ], [ 120.252899659000036, -4.274379926999927 ], [ 120.263833679000072, -4.272659179999948 ], [ 120.292930048000017, -4.243354667999938 ], [ 120.303879997000081, -4.247733898999968 ], [ 120.317650398000069, -4.239169741999945 ], [ 120.337599756000031, -4.240433214999939 ], [ 120.361391181000045, -4.222383698999977 ] ] ], [ [ [ 120.439841428000022, -4.640246488999935 ], [ 120.440470776000097, -4.641389529999969 ], [ 120.439479753000114, -4.640575804999969 ], [ 120.439841428000022, -4.640246488999935 ] ] ], [ [ [ 120.374692530000061, -4.460830758999975 ], [ 120.375725216000092, -4.461289994999959 ], [ 120.374506932000031, -4.461106776999941 ], [ 120.374692530000061, -4.460830758999975 ] ] ], [ [ [ 120.375860559000103, -4.46100353199995 ], [ 120.375998568000114, -4.461279548999926 ], [ 120.375808211000049, -4.461289066999939 ], [ 120.375860559000103, -4.46100353199995 ] ] ] ] } },
{ "type": "Feature", "properties": { "kemendagri_kab_code": 7309, "kemendagri_kab_name": "Kabupaten Maros", "kemendagri_prov_code": 73, "kemendagri_prov_name": "Sulawesi Selatan" }, "geometry": { "type": "MultiPolygon", "coordinates": [ [ [ [ 119.518566733000057, -5.165234661999932 ], [ 119.518566669000052, -5.165234656999928 ], [ 119.518566670000041, -5.165234624999925 ], [ 119.518566733000057, -5.165234661999932 ] ] ], [ [ [ 119.456622749000076, -5.043243976999975 ], [ 119.456306763000043, -5.046697730999938 ], [ 119.45157817900008, -5.047183841999981 ], [ 119.456622749000076, -5.043243976999975 ] ] ], [ [ [ 119.459461162000025, -5.034505159999981 ], [ 119.465904345000013, -5.037729224999964 ], [ 119.465619614000047, -5.039535000999933 ], [ 119.459461162000025, -5.034505159999981 ] ] ], [ [ [ 119.468944961000034, -5.007920768999952 ], [ 119.469074359000047, -5.008778917999962 ], [ 119.467562179000083, -5.006895619999966 ], [ 119.468944961000034, -5.007920768999952 ] ] ], [ [ [ 119.547592008000038, -5.159421950999956 ], [ 119.501248928000109, -5.161294926999972 ], [ 119.496966221000093, -5.151354598999944 ], [ 119.518462797000097, -5.151009667999972 ], [ 119.539384597000094, -5.12234700099998 ], [ 119.543234398000095, -5.076926024999977 ], [ 119.529330067000046, -5.064741277999929 ], [ 119.487109812000085, -5.065454957999975 ], [ 119.477885877000062, -5.058700583999951 ], [ 119.478498003000027, -5.032736587999977 ], [ 119.467877829000031, -5.034814092999966 ], [ 119.46581165300006, -5.025923997999939 ], [ 119.476047878000031, -5.013729708999961 ], [ 119.479126691000033, -4.989195907999942 ], [ 119.49133813200001, -4.982539458999952 ], [ 119.503262816000074, -4.954952026999933 ], [ 119.51951977300007, -4.93955258099993 ], [ 119.524973738000085, -4.923627822999947 ], [ 119.51476853500003, -4.885237747999952 ], [ 119.525521692000098, -4.885116509999932 ], [ 119.529133272000081, -4.894183421999969 ], [ 119.56296954700008, -4.892328894999935 ], [ 119.573907474000066, -4.904555183999946 ], [ 119.579818749000083, -4.898406455999975 ], [ 119.580432986, -4.90516291299997 ], [ 119.587692715000117, -4.895702354999969 ], [ 119.598126462000096, -4.905018131999952 ], [ 119.603547234000075, -4.886979638999946 ], [ 119.632549885000117, -4.890334466999946 ], [ 119.622583314000053, -4.909504197999979 ], [ 119.637352082, -4.908852431999946 ], [ 119.645374461000074, -4.921084276999977 ], [ 119.662667355000053, -4.923497896999947 ], [ 119.669412621000106, -4.933487757999956 ], [ 119.667030688000068, -4.950467590999949 ], [ 119.704949565000106, -4.948260992999963 ], [ 119.74696317900009, -4.928949730999932 ], [ 119.774655667000047, -4.943109168999968 ], [ 119.785343736000073, -4.92823762699993 ], [ 119.804528460000029, -4.925651552999966 ], [ 119.805632309000089, -4.885440323999944 ], [ 119.7962737900001, -4.864830939999933 ], [ 119.810750750000011, -4.821256816999949 ], [ 119.806880467000042, -4.808527624999954 ], [ 119.814924193000024, -4.779063479999934 ], [ 119.808694970000033, -4.760952085999975 ], [ 119.818475201000069, -4.765665953999928 ], [ 119.844282278000037, -4.74323802899994 ], [ 119.8670462770001, -4.744111811999971 ], [ 119.884717544000068, -4.718290688999957 ], [ 119.971700186000021, -4.777499153999941 ], [ 119.971801767000102, -4.786360028999979 ], [ 119.947470262000024, -4.800249271999974 ], [ 119.940974058000052, -4.836426385999971 ], [ 119.931477262000044, -4.846127967999962 ], [ 119.948748780000074, -4.844929737999962 ], [ 119.94963546300005, -4.859808228999952 ], [ 119.933422641000107, -4.873583717999963 ], [ 119.934356667000088, -4.886564309999926 ], [ 119.924124336000091, -4.900228788999925 ], [ 119.897459062000053, -4.916644280999947 ], [ 119.895032121000099, -4.938422386999946 ], [ 119.901059835000069, -4.941045476999932 ], [ 119.884440446000099, -4.96232398899997 ], [ 119.890299707000054, -4.973221380999973 ], [ 119.884971217000043, -5.00030073399995 ], [ 119.846851296000068, -5.046170504999964 ], [ 119.864209867000113, -5.091759198999966 ], [ 119.857850295000048, -5.112544321999962 ], [ 119.871122071000059, -5.120609933999958 ], [ 119.855635586000062, -5.149432536999939 ], [ 119.864210120000052, -5.161504612999977 ], [ 119.833156069000097, -5.193861093999942 ], [ 119.789187260000062, -5.211584823999942 ], [ 119.774741590000076, -5.207133299999953 ], [ 119.763150096000118, -5.18931546999994 ], [ 119.718138890000091, -5.182472221999944 ], [ 119.685611112000061, -5.166444443999978 ], [ 119.638366572000109, -5.176063509999949 ], [ 119.623094695000077, -5.161028617999932 ], [ 119.60680555600004, -5.157972220999966 ], [ 119.604166667000072, -5.146861110999964 ], [ 119.596669064000025, -5.159600037999951 ], [ 119.579635017000101, -5.15765369199994 ], [ 119.56671548700001, -5.173100174999945 ], [ 119.547592008000038, -5.159421950999956 ] ] ] ] } },
{ "type": "Feature", "properties": { "kemendagri_kab_code": 7310, "kemendagri_kab_name": "Kabupaten Pangkajene Dan Kepulauan", "kemendagri_prov_code": 73, "kemendagri_prov_name": "Sulawesi Selatan" }, "geometry": { "type": "MultiPolygon", "coordinates": [ [ [ [ 117.20323139300001, -7.75894120199996 ], [ 117.202422377000062, -7.758248777999938 ], [ 117.202015489000019, -7.757834751999951 ], [ 117.20283164500006, -7.758239260999972 ], [ 117.20323139300001, -7.75894120199996 ] ] ], [ [ [ 117.351698196000029, -7.589726035999945 ], [ 117.348188491000087, -7.605489964999947 ], [ 117.335862883000118, -7.611771741999974 ], [ 117.351698196000029, -7.589726035999945 ] ] ], [ [ [ 117.255386592000036, -7.589128800999958 ], [ 117.255035465000105, -7.591243806999955 ], [ 117.254325910000034, -7.590836918999969 ], [ 117.255386592000036, -7.589128800999958 ] ] ], [ [ [ 117.445423434000077, -7.57523748899996 ], [ 117.454667640000025, -7.584774368999945 ], [ 117.45547005800006, -7.58859995499995 ], [ 117.440822097000023, -7.58261085099997 ], [ 117.445423434000077, -7.57523748899996 ] ] ], [ [ [ 117.277071700000079, -7.538285711999947 ], [ 117.276896096000087, -7.537149638999949 ], [ 117.28073797400009, -7.537988755999947 ], [ 117.277071700000079, -7.538285711999947 ] ] ], [ [ [ 117.290317412000036, -7.525615651999942 ], [ 117.311674264000089, -7.529328561999932 ], [ 117.335229970000114, -7.528279087999977 ], [ 117.313651481000079, -7.53857007299996 ], [ 117.28289087600001, -7.53858618199996 ], [ 117.279195336000043, -7.531502199999977 ], [ 117.290317412000036, -7.525615651999942 ] ] ], [ [ [ 117.277436575000024, -7.531863337999937 ], [ 117.276886473000104, -7.532341155999973 ], [ 117.27715588, -7.531712736999964 ], [ 117.277436575000024, -7.531863337999937 ] ] ], [ [ [ 117.441003675000047, -7.512316421999969 ], [ 117.439529995000044, -7.530343005999953 ], [ 117.431954577000056, -7.539991592999968 ], [ 117.423619623000036, -7.51856593499997 ], [ 117.441003675000047, -7.512316421999969 ] ] ], [ [ [ 117.274239685000111, -7.521226972999955 ], [ 117.27557253100008, -7.529522991999954 ], [ 117.274616810000111, -7.530429326999979 ], [ 117.274239685000111, -7.521226972999955 ] ] ], [ [ [ 117.176602098000103, -7.508749957999953 ], [ 117.176479556000118, -7.508490596999934 ], [ 117.176715122000019, -7.508595292999928 ], [ 117.176602098000103, -7.508749957999953 ] ] ], [ [ [ 117.175366259000043, -7.507432319999964 ], [ 117.175347699000099, -7.507255287999953 ], [ 117.175414800000112, -7.507403765999925 ], [ 117.175366259000043, -7.507432319999964 ] ] ], [ [ [ 117.181795907000037, -7.505324703999975 ], [ 117.182882844, -7.506405930999961 ], [ 117.182753401000014, -7.506598191999956 ], [ 117.181795907000037, -7.505324703999975 ] ] ], [ [ [ 117.185843877000025, -7.504315721999944 ], [ 117.185289938000096, -7.50397307999998 ], [ 117.185558343000025, -7.503887419999955 ], [ 117.185843877000025, -7.504315721999944 ] ] ], [ [ [ 117.191060679000088, -7.502847890999931 ], [ 117.191147166000064, -7.503202069999929 ], [ 117.190945648000024, -7.50302983499995 ], [ 117.191060679000088, -7.502847890999931 ] ] ], [ [ [ 117.183249775000036, -7.492442349999976 ], [ 117.197019056000045, -7.501192381999942 ], [ 117.189688951000107, -7.50268364599998 ], [ 117.186224915000025, -7.504836773999955 ], [ 117.186112506000086, -7.503623341999969 ], [ 117.180882609000037, -7.505204810999942 ], [ 117.177219844000092, -7.508875401999944 ], [ 117.183249775000036, -7.492442349999976 ] ] ], [ [ [ 117.484678699000028, -7.499443741999926 ], [ 117.483905374000074, -7.5 ], [ 117.485380640000017, -7.493304731999956 ], [ 117.484678699000028, -7.499443741999926 ] ] ], [ [ [ 117.482572499000071, -7.480734366999968 ], [ 117.484883551000053, -7.491355685999963 ], [ 117.482028197000091, -7.498843849999957 ], [ 117.47449898800005, -7.488979198999971 ], [ 117.482572499000071, -7.480734366999968 ] ] ], [ [ [ 117.485416966000116, -7.492743971999971 ], [ 117.484113022000088, -7.485843534999958 ], [ 117.484798306000016, -7.485262946999967 ], [ 117.485416966000116, -7.492743971999971 ] ] ], [ [ [ 117.483468188000074, -7.480951124999933 ], [ 117.484776891000024, -7.483604223999976 ], [ 117.484431869000105, -7.485085438999931 ], [ 117.483468188000074, -7.480951124999933 ] ] ], [ [ [ 117.865905682000061, -7.44140835099995 ], [ 117.865512171000091, -7.440942463999932 ], [ 117.865992528000106, -7.441375274999928 ], [ 117.865905682000061, -7.44140835099995 ] ] ], [ [ [ 117.793404168000052, -7.435504302999959 ], [ 117.793068954000091, -7.435751396999933 ], [ 117.793015908000029, -7.435583970999971 ], [ 117.793404168000052, -7.435504302999959 ] ] ], [ [ [ 117.789904113000034, -7.432522951999943 ], [ 117.795444033000081, -7.434526408999943 ], [ 117.788581606000093, -7.437078271999951 ], [ 117.789904113000034, -7.432522951999943 ] ] ], [ [ [ 117.587391575000083, -7.403705263999939 ], [ 117.593739435000089, -7.403203837999968 ], [ 117.593765055000063, -7.40443393299995 ], [ 117.587391575000083, -7.403705263999939 ] ] ], [ [ [ 117.743925992000072, -7.397877274999928 ], [ 117.75061151500006, -7.398138887999949 ], [ 117.750734130000069, -7.400472026999978 ], [ 117.743925992000072, -7.397877274999928 ] ] ], [ [ [ 117.804719207000062, -7.388123158999974 ], [ 117.811707149000085, -7.395914539999978 ], [ 117.8127616270001, -7.398346441999934 ], [ 117.814064920000078, -7.399184054999978 ], [ 117.816835212000115, -7.403831244999935 ], [ 117.810747869000011, -7.396774943999958 ], [ 117.810792267000011, -7.402972140999964 ], [ 117.802560245000109, -7.400843588999976 ], [ 117.804719207000062, -7.388123158999974 ] ] ], [ [ [ 117.710208766000051, -7.393049670999972 ], [ 117.712988937000091, -7.395554499999946 ], [ 117.712932725000087, -7.396380241999964 ], [ 117.710208766000051, -7.393049670999972 ] ] ], [ [ [ 117.745783815000095, -7.373677863999944 ], [ 117.745963410000059, -7.373559101999945 ], [ 117.745981653000058, -7.373717020999948 ], [ 117.745783815000095, -7.373677863999944 ] ] ], [ [ [ 117.748846157000116, -7.36274429499997 ], [ 117.750150950000034, -7.372079296999971 ], [ 117.74861519600006, -7.374027523999928 ], [ 117.745592454000075, -7.373211511999955 ], [ 117.743693049000058, -7.374894688999973 ], [ 117.748846157000116, -7.36274429499997 ] ] ], [ [ [ 117.531567636000091, -7.344827745999964 ], [ 117.535667388000093, -7.343395413999929 ], [ 117.534983986000043, -7.351605263999943 ], [ 117.531567636000091, -7.344827745999964 ] ] ], [ [ [ 117.658081758000094, -5.221855790999939 ], [ 117.654343029000074, -5.228601562999927 ], [ 117.65062631100011, -5.228106277999927 ], [ 117.658081758000094, -5.221855790999939 ] ] ], [ [ [ 117.661106806000021, -5.175926997999966 ], [ 117.681423239000083, -5.19783023399998 ], [ 117.656392975000017, -5.221985808999932 ], [ 117.660412004000023, -5.201451476999978 ], [ 117.652455086000032, -5.194079906999946 ], [ 117.661106806000021, -5.175926997999966 ] ] ], [ [ [ 117.680712526000093, -5.19400130899993 ], [ 117.681526302000066, -5.194533117999981 ], [ 117.680705388000092, -5.194868622999934 ], [ 117.680712526000093, -5.19400130899993 ] ] ], [ [ [ 117.051378482000018, -5.089624173999937 ], [ 117.061791, -5.097668 ], [ 117.060174, -5.09991 ], [ 117.046326, -5.096952 ], [ 117.051378482000018, -5.089624173999937 ] ] ], [ [ [ 117.07167490300003, -5.045950572999971 ], [ 117.07554390700011, -5.045914880999931 ], [ 117.074930006000045, -5.050055143999941 ], [ 117.07167490300003, -5.045950572999971 ] ] ], [ [ [ 117.042875, -5.046511 ], [ 117.038291271000048, -5.048574955999925 ], [ 117.039963, -5.040357 ], [ 117.042875, -5.046511 ] ] ], [ [ [ 117.055754136000019, -5.031870346999938 ], [ 117.0593, -5.035682 ], [ 117.057676740000034, -5.03819019499997 ], [ 117.055754136000019, -5.031870346999938 ] ] ], [ [ [ 117.062819549000096, -5.025185944999976 ], [ 117.063952767000046, -5.025420916999963 ], [ 117.064318609000111, -5.025923577999947 ], [ 117.062819549000096, -5.025185944999976 ] ] ], [ [ [ 117.061690494000118, -5.023330559999977 ], [ 117.062515946000076, -5.022874508999962 ], [ 117.063097946000084, -5.023571508999964 ], [ 117.061690494000118, -5.023330559999977 ] ] ], [ [ [ 117.071856844000081, -5.018310729999939 ], [ 117.073825, -5.024262 ], [ 117.067748602000052, -5.023934943999961 ], [ 117.071856844000081, -5.018310729999939 ] ] ], [ [ [ 117.984244928000066, -7.534156177999932 ], [ 117.982062963000089, -7.538552232999962 ], [ 117.980128461000049, -7.534875964999969 ], [ 117.984244928000066, -7.534156177999932 ] ] ], [ [ [ 117.989560057000062, -7.534792279999976 ], [ 117.988163314000076, -7.53647931699993 ], [ 117.989162687000089, -7.533647758999962 ], [ 117.989560057000062, -7.534792279999976 ] ] ], [ [ [ 117.883044528000028, -7.53261234799993 ], [ 117.885029236000037, -7.533455152999977 ], [ 117.882216007000011, -7.532974879999927 ], [ 117.883044528000028, -7.53261234799993 ] ] ], [ [ [ 117.986178339000048, -7.531762341999979 ], [ 117.988127118000079, -7.532944932999953 ], [ 117.986316348000059, -7.532968726999968 ], [ 117.986178339000048, -7.531762341999979 ] ] ], [ [ [ 117.982466558000056, -7.530710043999932 ], [ 117.983738856000059, -7.530258421999974 ], [ 117.985105857, -7.53115072099996 ], [ 117.982466558000056, -7.530710043999932 ] ] ], [ [ [ 117.877358205000064, -7.460576261999961 ], [ 117.869617651000112, -7.441852181999934 ], [ 117.870929877000094, -7.443457768999963 ], [ 117.871653170000059, -7.443068663999952 ], [ 117.875141313000086, -7.446550925999929 ], [ 117.877358205000064, -7.460576261999961 ] ] ], [ [ [ 118.110629251000091, -7.296851662999927 ], [ 118.113511667000012, -7.305294054999933 ], [ 118.107561302000022, -7.308928856999955 ], [ 118.099951397000041, -7.301864333999958 ], [ 118.110629251000091, -7.296851662999927 ] ] ], [ [ [ 118.008924904000082, -7.220449722999945 ], [ 118.011306327000057, -7.219929106999928 ], [ 118.011280945000067, -7.221683531999929 ], [ 118.008924904000082, -7.220449722999945 ] ] ], [ [ [ 118.18621333100009, -7.198746739999933 ], [ 118.187497784000016, -7.198819981999975 ], [ 118.187077333000047, -7.199299651999979 ], [ 118.18621333100009, -7.198746739999933 ] ] ], [ [ [ 118.191996482000036, -7.19659725799994 ], [ 118.190530865000028, -7.196878646999949 ], [ 118.189115658000105, -7.19811705799998 ], [ 118.19032798100011, -7.19658299799994 ], [ 118.191996482000036, -7.19659725799994 ] ] ], [ [ [ 118.403236492000019, -7.182543020999958 ], [ 118.396771823000108, -7.192552987999932 ], [ 118.38466652000011, -7.197314362999975 ], [ 118.379597072000024, -7.195606162999979 ], [ 118.369455669000104, -7.200507671999958 ], [ 118.36679205900009, -7.19886310499993 ], [ 118.403236492000019, -7.182543020999958 ] ] ], [ [ [ 118.382752407000112, -7.188827729999957 ], [ 118.381811495000079, -7.189741543999958 ], [ 118.37997679800003, -7.190453073999947 ], [ 118.382752407000112, -7.188827729999957 ] ] ], [ [ [ 118.403891222000084, -7.184814247999952 ], [ 118.404063953000104, -7.184267227999953 ], [ 118.404256036000106, -7.184764228999938 ], [ 118.403891222000084, -7.184814247999952 ] ] ], [ [ [ 118.404473960000018, -7.184474144999967 ], [ 118.404202235000071, -7.183345275999955 ], [ 118.404887028000076, -7.184376891999932 ], [ 118.404473960000018, -7.184474144999967 ] ] ], [ [ [ 118.408014347000062, -7.183406196999954 ], [ 118.408711745, -7.182947939999963 ], [ 118.408340513000098, -7.183636128999979 ], [ 118.408014347000062, -7.183406196999954 ] ] ], [ [ [ 118.409511549000058, -7.184184703999961 ], [ 118.40904828500004, -7.182146069999931 ], [ 118.409993076000092, -7.18203028299996 ], [ 118.409511549000058, -7.184184703999961 ] ] ], [ [ [ 118.405868638000015, -7.177750369999956 ], [ 118.405325155000014, -7.18428227499993 ], [ 118.402365908000093, -7.180423211999937 ], [ 118.405868638000015, -7.177750369999956 ] ] ], [ [ [ 118.409533146000058, -7.18070524999996 ], [ 118.40975263200005, -7.180972285999928 ], [ 118.409502684000017, -7.180883886999936 ], [ 118.409533146000058, -7.18070524999996 ] ] ], [ [ [ 118.407862059000081, -7.173231587999965 ], [ 118.412877632000118, -7.179766738999945 ], [ 118.411970372000042, -7.184469839999963 ], [ 118.409266905000095, -7.188188609999941 ], [ 118.412187797000115, -7.179651089999936 ], [ 118.407862059000081, -7.173231587999965 ] ] ], [ [ [ 118.278403264000076, -7.142488305999962 ], [ 118.277970213000117, -7.146510546999934 ], [ 118.277349782000101, -7.142744670999946 ], [ 118.278403264000076, -7.142488305999962 ] ] ], [ [ [ 118.158768610000038, -7.117821953999965 ], [ 118.158435789, -7.114068284999973 ], [ 118.15899322100006, -7.112817782999969 ], [ 118.158768610000038, -7.117821953999965 ] ] ], [ [ [ 118.234689138000022, -7.085244432999957 ], [ 118.23844082200003, -7.090821785999935 ], [ 118.23601928000005, -7.093233407999946 ], [ 118.234689138000022, -7.085244432999957 ] ] ], [ [ [ 118.168489295000086, -7.089844622999976 ], [ 118.151963645000023, -7.091082354999969 ], [ 118.177068908000024, -7.072479119999969 ], [ 118.17265115400005, -7.079793451999933 ], [ 118.168489295000086, -7.089844622999976 ] ] ], [ [ [ 117.997829650000085, -7.064425355999958 ], [ 117.989770668, -7.067783443999929 ], [ 117.996349609000049, -7.06123379099995 ], [ 117.997829650000085, -7.064425355999958 ] ] ], [ [ [ 118.036764586000118, -7.035669807999966 ], [ 118.042691835000028, -7.037544303999937 ], [ 118.03488126700006, -7.037816497999927 ], [ 118.036764586000118, -7.035669807999966 ] ] ], [ [ [ 118.278828453000074, -6.691245752999976 ], [ 118.277389426000013, -6.690778662999946 ], [ 118.278312661000086, -6.689058064999927 ], [ 118.278828453000074, -6.691245752999976 ] ] ], [ [ [ 118.277455927, -6.682511314999942 ], [ 118.275404037000044, -6.697328476999928 ], [ 118.27345356100011, -6.698306235999951 ], [ 118.277455927, -6.682511314999942 ] ] ], [ [ [ 118.324415983000108, -6.635357488999944 ], [ 118.327571040000066, -6.639311564999957 ], [ 118.325099876000081, -6.644109809999975 ], [ 118.324415983000108, -6.635357488999944 ] ] ], [ [ [ 117.933339371000102, -5.355662046999953 ], [ 117.952527210000085, -5.387426500999936 ], [ 117.947465771000111, -5.408188425999981 ], [ 117.927071546000093, -5.389467801999956 ], [ 117.920699540000101, -5.354494760999955 ], [ 117.933339371000102, -5.355662046999953 ] ] ], [ [ [ 117.893437012000049, -5.236225555999965 ], [ 117.899770773000114, -5.262063059999946 ], [ 117.889496260000101, -5.29654858899994 ], [ 117.886040458000025, -5.239629474999958 ], [ 117.893437012000049, -5.236225555999965 ] ] ], [ [ [ 117.87774502700006, -5.173983908999958 ], [ 117.87798297300003, -5.174346776999926 ], [ 117.877875897000081, -5.174364622999974 ], [ 117.87774502700006, -5.173983908999958 ] ] ], [ [ [ 117.878086712000027, -5.17318062399994 ], [ 117.89057888100001, -5.172892114999968 ], [ 117.88156072400011, -5.179450503999931 ], [ 117.878086712000027, -5.17318062399994 ] ] ], [ [ [ 117.878086195000037, -5.171761275999927 ], [ 117.878418130000114, -5.171946873999957 ], [ 117.878114749000019, -5.171968288999949 ], [ 117.878086195000037, -5.171761275999927 ] ] ], [ [ [ 117.877675738000107, -5.171786260999966 ], [ 117.877989827000079, -5.17153641699997 ], [ 117.877861337000013, -5.17183622899995 ], [ 117.877675738000107, -5.171786260999966 ] ] ], [ [ [ 117.878725081000084, -5.171304418999966 ], [ 117.877872044000014, -5.171229465999943 ], [ 117.87812188700002, -5.170797593999964 ], [ 117.878725081000084, -5.171304418999966 ] ] ], [ [ [ 117.878518067000073, -5.170776178999972 ], [ 117.878832156000044, -5.170822577999957 ], [ 117.878621574000022, -5.170883254999978 ], [ 117.878518067000073, -5.170776178999972 ] ] ], [ [ [ 117.878999909000072, -5.170647687999974 ], [ 117.879199784000093, -5.170558458999949 ], [ 117.87916409200011, -5.170665533999966 ], [ 117.878999909000072, -5.170647687999974 ] ] ], [ [ [ 118.153523567000093, -5.133761296999978 ], [ 118.139303908000102, -5.127415273999929 ], [ 118.147049054000036, -5.11467326099995 ], [ 118.153702026000019, -5.125951905999955 ], [ 118.153523567000093, -5.133761296999978 ] ] ], [ [ [ 117.915672475000065, -5.049421744999961 ], [ 117.91946771500011, -5.054805273999932 ], [ 117.914179363000017, -5.056375718999959 ], [ 117.915672475000065, -5.049421744999961 ] ] ], [ [ [ 118.650839862000112, -7.062091140999939 ], [ 118.654748127000062, -7.067706668999961 ], [ 118.651010588000076, -7.072755092999955 ], [ 118.647941084000081, -7.066857002999939 ], [ 118.650839862000112, -7.062091140999939 ] ] ], [ [ [ 118.805413366000039, -6.975004849999948 ], [ 118.808605413, -6.974806164999961 ], [ 118.807374042000106, -6.976465838999957 ], [ 118.805413366000039, -6.975004849999948 ] ] ], [ [ [ 118.85235684700001, -6.928508910999938 ], [ 118.860008967000113, -6.930349710999963 ], [ 118.854034238000054, -6.933899782999958 ], [ 118.85235684700001, -6.928508910999938 ] ] ], [ [ [ 119.021548289000066, -6.903670746999978 ], [ 119.021443592000082, -6.908910318999972 ], [ 119.019442902000037, -6.908169077999958 ], [ 119.021548289000066, -6.903670746999978 ] ] ], [ [ [ 119.066767455000104, -6.897894855999937 ], [ 119.067110097000068, -6.897730672999955 ], [ 119.067024436000111, -6.89797337899995 ], [ 119.066767455000104, -6.897894855999937 ] ] ], [ [ [ 119.067659753000044, -6.89479679699997 ], [ 119.067145789000051, -6.894761105999976 ], [ 119.067260003000115, -6.894589784999937 ], [ 119.067659753000044, -6.89479679699997 ] ] ], [ [ [ 119.067647260000058, -6.893502370999954 ], [ 119.069190631000083, -6.89329829899998 ], [ 119.069267963000016, -6.894791410999972 ], [ 119.067025428000079, -6.897434393999959 ], [ 119.068051768000032, -6.895703372999947 ], [ 119.067647260000058, -6.893502370999954 ] ] ], [ [ [ 118.90401772700011, -6.883574076999935 ], [ 118.909728433000055, -6.885572823999951 ], [ 118.897314786000038, -6.89125497699996 ], [ 118.90401772700011, -6.883574076999935 ] ] ], [ [ [ 119.09272773500004, -6.866280678999942 ], [ 119.092709889000048, -6.866202156999975 ], [ 119.092813395, -6.866191449999974 ], [ 119.09272773500004, -6.866280678999942 ] ] ], [ [ [ 119.092267309000022, -6.866073666999966 ], [ 119.092327985000111, -6.866230710999957 ], [ 119.09224589400003, -6.866209295999965 ], [ 119.092267309000022, -6.866073666999966 ] ] ], [ [ [ 119.091917528000067, -6.865102845999957 ], [ 119.091867560000082, -6.865231336999955 ], [ 119.091817591000108, -6.865117123999937 ], [ 119.091917528000067, -6.865102845999957 ] ] ], [ [ [ 119.091863990000093, -6.864806603999966 ], [ 119.092038881, -6.864988632999939 ], [ 119.091814022000108, -6.864952940999956 ], [ 119.091863990000093, -6.864806603999966 ] ] ], [ [ [ 119.092477892000034, -6.864724512999942 ], [ 119.092606382000099, -6.864810172999967 ], [ 119.092477892000034, -6.864838725999959 ], [ 119.092477892000034, -6.864724512999942 ] ] ], [ [ [ 119.091182275000051, -6.864417561999971 ], [ 119.09135716500009, -6.864560329999961 ], [ 119.091217967000034, -6.864603159999945 ], [ 119.091182275000051, -6.864417561999971 ] ] ], [ [ [ 119.090889601000072, -6.863871475999929 ], [ 119.091121598000086, -6.863832213999956 ], [ 119.091028800000117, -6.863974981999945 ], [ 119.090889601000072, -6.863871475999929 ] ] ], [ [ [ 118.961778588000016, -6.85505655399993 ], [ 118.96695153600001, -6.86265179399993 ], [ 118.963496559000077, -6.864588674999936 ], [ 118.961778588000016, -6.85505655399993 ] ] ], [ [ [ 118.989160831000049, -6.855868544999964 ], [ 118.988054381000097, -6.855583008999929 ], [ 118.989592703000085, -6.854901293999944 ], [ 118.989160831000049, -6.855868544999964 ] ] ], [ [ [ 119.090987222000081, -6.847412797999937 ], [ 119.091106195000066, -6.847541288999935 ], [ 119.09097294500009, -6.847531770999979 ], [ 119.090987222000081, -6.847412797999937 ] ] ], [ [ [ 119.092610015000105, -6.847250994999968 ], [ 119.092824165000025, -6.84729858399993 ], [ 119.092657603000021, -6.847374726999931 ], [ 119.092610015000105, -6.847250994999968 ] ] ], [ [ [ 119.092467246000069, -6.847151056999962 ], [ 119.092391104000058, -6.847036842999955 ], [ 119.092457729000103, -6.847036842999955 ], [ 119.092467246000069, -6.847151056999962 ] ] ], [ [ [ 119.091653471000086, -6.846951182999931 ], [ 119.091572570000039, -6.846884557999942 ], [ 119.091691542000035, -6.846870280999951 ], [ 119.091653471000086, -6.846951182999931 ] ] ], [ [ [ 119.02074532000006, -6.833802970999955 ], [ 119.018660912000087, -6.840077608999934 ], [ 119.018825095000011, -6.83337466699993 ], [ 119.02074532000006, -6.833802970999955 ] ] ], [ [ [ 119.00665058300001, -6.818071043999964 ], [ 119.002600740000048, -6.816576742999928 ], [ 119.002757784000096, -6.812165221999976 ], [ 119.00665058300001, -6.818071043999964 ] ] ], [ [ [ 118.974257474000069, -6.763167882999937 ], [ 118.96992685500004, -6.761706893999929 ], [ 118.971049960000073, -6.757109775999936 ], [ 118.974257474000069, -6.763167882999937 ] ] ], [ [ [ 118.95072407400005, -6.713810168999942 ], [ 118.954683497000019, -6.715908852999974 ], [ 118.954488381000033, -6.719025946999977 ], [ 118.95072407400005, -6.713810168999942 ] ] ], [ [ [ 118.926322109000012, -6.647544828999969 ], [ 118.931164312000078, -6.656057349999969 ], [ 118.929171514000018, -6.656890161999968 ], [ 118.926322109000012, -6.647544828999969 ] ] ], [ [ [ 118.88281406100009, -6.60746742799995 ], [ 118.888934035000034, -6.608138435999933 ], [ 118.886611680000101, -6.611550582999939 ], [ 118.88281406100009, -6.60746742799995 ] ] ], [ [ [ 118.859366876000081, -6.587093627999934 ], [ 118.868882341000017, -6.594574653999928 ], [ 118.869067939000047, -6.599700012999961 ], [ 118.855790546000094, -6.593825122999931 ], [ 118.859366876000081, -6.587093627999934 ] ] ], [ [ [ 118.841396394000071, -6.576727584999958 ], [ 118.838231710000059, -6.583633970999927 ], [ 118.824752064000108, -6.572866909999959 ], [ 118.831450247000021, -6.569137104999925 ], [ 118.841396394000071, -6.576727584999958 ] ] ], [ [ [ 118.797272303000113, -6.55624359899997 ], [ 118.793660282000019, -6.555815295999935 ], [ 118.795273556000097, -6.552917111999932 ], [ 118.797272303000113, -6.55624359899997 ] ] ], [ [ [ 118.449583689000065, -5.505932789999974 ], [ 118.457178928000076, -5.503144060999944 ], [ 118.456098653000026, -5.511848129999976 ], [ 118.449583689000065, -5.505932789999974 ] ] ], [ [ [ 118.628118998000105, -5.493084181999961 ], [ 118.632844607000038, -5.490196705999949 ], [ 118.630199837000077, -5.499091130999943 ], [ 118.628118998000105, -5.493084181999961 ] ] ], [ [ [ 118.429909710000061, -5.395689267999956 ], [ 118.436200880000115, -5.40775313599994 ], [ 118.426587857000072, -5.417946253999958 ], [ 118.424755798000092, -5.397906925999962 ], [ 118.429909710000061, -5.395689267999956 ] ] ], [ [ [ 118.531841120000081, -4.974658315999932 ], [ 118.531762598000114, -4.97545067599998 ], [ 118.531412817000046, -4.974665453999933 ], [ 118.531841120000081, -4.974658315999932 ] ] ], [ [ [ 118.545439739000017, -4.958033020999949 ], [ 118.548390271000017, -4.959289376999948 ], [ 118.543907367000088, -4.958689752999931 ], [ 118.545439739000017, -4.958033020999949 ] ] ], [ [ [ 119.063453597000034, -4.739990790999968 ], [ 119.062466120000067, -4.736814210999967 ], [ 119.063429802000087, -4.735576890999937 ], [ 119.063453597000034, -4.739990790999968 ] ] ], [ [ [ 118.981910946000085, -4.720046375999971 ], [ 118.979276883000011, -4.721042179999927 ], [ 118.979514966000011, -4.718969256999969 ], [ 118.981910946000085, -4.720046375999971 ] ] ], [ [ [ 119.065648887000066, -4.715598420999925 ], [ 119.060361724000018, -4.717697104999957 ], [ 119.066593789000081, -4.71340117099993 ], [ 119.065648887000066, -4.715598420999925 ] ] ], [ [ [ 118.950624120000043, -4.69654976399994 ], [ 118.964556487000095, -4.700739388999978 ], [ 118.965445929000111, -4.705243708999944 ], [ 118.950624120000043, -4.69654976399994 ] ] ], [ [ [ 119.136045462000084, -6.881413300999952 ], [ 119.137037697000096, -6.882227076999925 ], [ 119.136423796000031, -6.88246978199993 ], [ 119.136045462000084, -6.881413300999952 ] ] ], [ [ [ 119.136316720000082, -6.877008918999934 ], [ 119.137573076000081, -6.878272412999934 ], [ 119.135988355000109, -6.877144547999933 ], [ 119.136316720000082, -6.877008918999934 ] ] ], [ [ [ 119.137028179000026, -6.868754568999975 ], [ 119.137846713000044, -6.869232839999938 ], [ 119.136552264000102, -6.874313368999935 ], [ 119.137028179000026, -6.868754568999975 ] ] ], [ [ [ 119.12874844800001, -6.866367651999951 ], [ 119.138563724000051, -6.863072097999975 ], [ 119.135291966000068, -6.874826635999966 ], [ 119.12874844800001, -6.866367651999951 ] ] ], [ [ [ 119.094633683000097, -6.86659119899997 ], [ 119.094755035000048, -6.86674824399995 ], [ 119.094622976000096, -6.866769658999942 ], [ 119.094633683000097, -6.86659119899997 ] ] ], [ [ [ 119.095108386000106, -6.866473415999963 ], [ 119.095215461000066, -6.866580491999969 ], [ 119.095058417000018, -6.866551938999976 ], [ 119.095108386000106, -6.866473415999963 ] ] ], [ [ [ 119.092820534000111, -6.866319940999972 ], [ 119.09303111700001, -6.86625569499995 ], [ 119.092949024000063, -6.866423446999931 ], [ 119.092820534000111, -6.866319940999972 ] ] ], [ [ [ 119.093370189000098, -6.866216434999956 ], [ 119.09351652600003, -6.866362770999956 ], [ 119.093363051000097, -6.866377047999947 ], [ 119.093370189000098, -6.866216434999956 ] ] ], [ [ [ 119.093073946000118, -6.865845238999952 ], [ 119.09309893000011, -6.866016559999935 ], [ 119.092931179000061, -6.865991574999953 ], [ 119.093073946000118, -6.865845238999952 ] ] ], [ [ [ 119.139384798000037, -6.866241381999941 ], [ 119.139108780000015, -6.865508507999948 ], [ 119.139594190000025, -6.865479953999966 ], [ 119.139384798000037, -6.866241381999941 ] ] ], [ [ [ 119.150796551000099, -6.865110921999928 ], [ 119.149436689000026, -6.864522004999969 ], [ 119.149999500000035, -6.863721745999953 ], [ 119.150796551000099, -6.865110921999928 ] ] ], [ [ [ 119.093743765000113, -6.863695394999979 ], [ 119.093905568000082, -6.863838162999969 ], [ 119.093767559000071, -6.863890510999965 ], [ 119.093743765000113, -6.863695394999979 ] ] ], [ [ [ 119.092777442000056, -6.861908442999948 ], [ 119.093519833000073, -6.863421779999953 ], [ 119.091863729000011, -6.862070245999973 ], [ 119.092777442000056, -6.861908442999948 ] ] ], [ [ [ 119.11403296900005, -6.836939964999942 ], [ 119.112236476000021, -6.84395937599993 ], [ 119.1247500610001, -6.844055743999945 ], [ 119.12269182700004, -6.858470517999933 ], [ 119.095758708000062, -6.867730190999964 ], [ 119.098504490000096, -6.847151661999931 ], [ 119.11403296900005, -6.836939964999942 ] ] ], [ [ [ 119.092625474000101, -6.847512544999972 ], [ 119.092631422000068, -6.847970590999978 ], [ 119.092429168000081, -6.847934898999938 ], [ 119.092625474000101, -6.847512544999972 ] ] ], [ [ [ 119.093709325000077, -6.847027325999932 ], [ 119.093654590000028, -6.847726696999928 ], [ 119.093315517000065, -6.847322187999964 ], [ 119.093709325000077, -6.847027325999932 ] ] ], [ [ [ 119.094332737000059, -6.847036652999975 ], [ 119.09459447800009, -6.847238906999962 ], [ 119.094273251000118, -6.847238906999962 ], [ 119.094332737000059, -6.847036652999975 ] ] ], [ [ [ 119.09367243600002, -6.846554811999965 ], [ 119.094070996000028, -6.846245481999972 ], [ 119.094082893000063, -6.846536965999974 ], [ 119.09367243600002, -6.846554811999965 ] ] ], [ [ [ 119.093273876000012, -6.84612650899993 ], [ 119.093369055000039, -6.84637040399997 ], [ 119.093208442000105, -6.84633471199993 ], [ 119.093273876000012, -6.84612650899993 ] ] ], [ [ [ 119.093791410000108, -6.845835024999928 ], [ 119.094076945000097, -6.845959946999926 ], [ 119.093833050000057, -6.845995637999977 ], [ 119.093791410000108, -6.845835024999928 ] ] ], [ [ [ 119.094636118000039, -6.845882613999947 ], [ 119.09494544800009, -6.845698205999952 ], [ 119.094868115000054, -6.845948049999947 ], [ 119.094636118000039, -6.845882613999947 ] ] ], [ [ [ 119.094148329000063, -6.845846922999954 ], [ 119.094558785000117, -6.845710102999931 ], [ 119.094398172000069, -6.846007535999945 ], [ 119.094148329000063, -6.845846922999954 ] ] ], [ [ [ 119.19393148600011, -6.817761832999963 ], [ 119.172165367000048, -6.843507600999942 ], [ 119.171252066000079, -6.842639477999967 ], [ 119.17529141600005, -6.837727169999937 ], [ 119.174945204000096, -6.835789098999953 ], [ 119.170471602000021, -6.843267655999966 ], [ 119.17084279900007, -6.845904098999938 ], [ 119.169634033000079, -6.846170598999947 ], [ 119.1739170620001, -6.82591662699997 ], [ 119.19393148600011, -6.817761832999963 ] ] ], [ [ [ 119.180658670000071, -6.821420663999959 ], [ 119.180468313, -6.821028053999953 ], [ 119.180777643000056, -6.821063745999936 ], [ 119.180658670000071, -6.821420663999959 ] ] ], [ [ [ 119.167099438000037, -6.793915513999934 ], [ 119.168365171000119, -6.79834160799993 ], [ 119.164995994000037, -6.802972692999958 ], [ 119.167099438000037, -6.793915513999934 ] ] ], [ [ [ 119.28840350300004, -4.968100980999964 ], [ 119.286567173000094, -4.966480710999974 ], [ 119.289089402000059, -4.966785281999933 ], [ 119.28840350300004, -4.968100980999964 ] ] ], [ [ [ 119.267969393000044, -4.881274441999949 ], [ 119.264954453000087, -4.88062795999997 ], [ 119.266176238000071, -4.87899177099996 ], [ 119.267969393000044, -4.881274441999949 ] ] ], [ [ [ 119.235337881000078, -4.811637995999945 ], [ 119.233638945000052, -4.812375627999927 ], [ 119.235095176000073, -4.810081827999966 ], [ 119.235337881000078, -4.811637995999945 ] ] ], [ [ [ 119.303785936000054, -4.72828807999997 ], [ 119.304551638000021, -4.725846524999952 ], [ 119.304838316000087, -4.725890693999929 ], [ 119.303785936000054, -4.72828807999997 ] ] ], [ [ [ 119.273754395000083, -4.720424972999979 ], [ 119.273259937000034, -4.718098937999969 ], [ 119.273562598000012, -4.718005734999963 ], [ 119.273754395000083, -4.720424972999979 ] ] ], [ [ [ 119.299703343000033, -4.700157980999961 ], [ 119.299635384000112, -4.699301440999932 ], [ 119.300026829000103, -4.699474399999929 ], [ 119.299703343000033, -4.700157980999961 ] ] ], [ [ [ 119.300968094000041, -4.699558423999974 ], [ 119.301438299000097, -4.697262491999936 ], [ 119.30196632000002, -4.697144580999975 ], [ 119.300968094000041, -4.699558423999974 ] ] ], [ [ [ 119.306829746000062, -4.694760973999962 ], [ 119.307186307000052, -4.693727831999979 ], [ 119.310803037000028, -4.68996128699996 ], [ 119.306829746000062, -4.694760973999962 ] ] ], [ [ [ 119.119939296000098, -4.690046300999938 ], [ 119.123665532000018, -4.690410357999951 ], [ 119.118190392000088, -4.690767277999953 ], [ 119.119939296000098, -4.690046300999938 ] ] ], [ [ [ 119.304614205, -4.688572328999953 ], [ 119.30395485300005, -4.690974175999941 ], [ 119.303204962000109, -4.690584864999948 ], [ 119.304614205, -4.688572328999953 ] ] ], [ [ [ 119.279036023000117, -4.676471914999979 ], [ 119.280760642000018, -4.685122509999928 ], [ 119.278071121000039, -4.685471807999932 ], [ 119.279036023000117, -4.676471914999979 ] ] ], [ [ [ 119.310222629, -4.679918953999959 ], [ 119.309182861000068, -4.677085773999977 ], [ 119.310572716000024, -4.67705714799996 ], [ 119.310222629, -4.679918953999959 ] ] ], [ [ [ 119.136405626000055, -4.65443877499996 ], [ 119.137512075000018, -4.651626252999961 ], [ 119.13820449800005, -4.651647666999963 ], [ 119.136405626000055, -4.65443877499996 ] ] ], [ [ [ 119.224249909000036, -4.558376606999957 ], [ 119.221970385000077, -4.557543795999948 ], [ 119.222512902000062, -4.556987001999971 ], [ 119.224249909000036, -4.558376606999957 ] ] ], [ [ [ 119.328061561000027, -4.970529020999948 ], [ 119.327302656000029, -4.967878524999946 ], [ 119.328530458000046, -4.967869006999933 ], [ 119.328061561000027, -4.970529020999948 ] ] ], [ [ [ 119.36499944600007, -4.955994053999973 ], [ 119.365611886000011, -4.95486800499998 ], [ 119.366046270000083, -4.955328032999944 ], [ 119.36499944600007, -4.955994053999973 ] ] ], [ [ [ 119.340568138000094, -4.946767017999946 ], [ 119.34229709400006, -4.945288690999973 ], [ 119.341697138000086, -4.947338017999925 ], [ 119.340568138000094, -4.946767017999946 ] ] ], [ [ [ 119.396869882000033, -4.941248396999981 ], [ 119.400672392000047, -4.945351096999957 ], [ 119.396578142000067, -4.948422617999938 ], [ 119.396869882000033, -4.941248396999981 ] ] ], [ [ [ 119.420157795000023, -4.94352005099995 ], [ 119.417889645000059, -4.941328278999947 ], [ 119.419434988000035, -4.940217123999957 ], [ 119.420157795000023, -4.94352005099995 ] ] ], [ [ [ 119.321666, -4.92813 ], [ 119.319959727000082, -4.926750368999933 ], [ 119.320173879000095, -4.926145401999975 ], [ 119.321666, -4.92813 ] ] ], [ [ [ 119.397323232000076, -4.925771139999938 ], [ 119.399451261000081, -4.924034698999947 ], [ 119.399538036000081, -4.924061835999964 ], [ 119.397323232000076, -4.925771139999938 ] ] ], [ [ [ 119.410808578000115, -4.908124341999951 ], [ 119.407874208000067, -4.902636553999969 ], [ 119.411141339000096, -4.90842429099996 ], [ 119.410808578000115, -4.908124341999951 ] ] ], [ [ [ 119.359372914000119, -4.898015485999963 ], [ 119.359548024000105, -4.896343851999973 ], [ 119.360575951000101, -4.896753118999925 ], [ 119.359372914000119, -4.898015485999963 ] ] ], [ [ [ 119.340584, -4.887773 ], [ 119.339712, -4.885474 ], [ 119.341015, -4.885439 ], [ 119.340584, -4.887773 ] ] ], [ [ [ 119.384424494000086, -4.854551690999926 ], [ 119.385283562000041, -4.85906274499996 ], [ 119.381910207000033, -4.855368867999971 ], [ 119.384424494000086, -4.854551690999926 ] ] ], [ [ [ 119.343897, -4.845705 ], [ 119.342303248, -4.845820211999978 ], [ 119.342736459000093, -4.844920080999941 ], [ 119.343897, -4.845705 ] ] ], [ [ [ 119.404226839000103, -4.845607219999977 ], [ 119.403111744000057, -4.843455782999968 ], [ 119.404451502000029, -4.844022855999981 ], [ 119.404226839000103, -4.845607219999977 ] ] ], [ [ [ 119.421526094000114, -4.820385887999976 ], [ 119.419431410000016, -4.82152160399994 ], [ 119.418954704000043, -4.817355751999969 ], [ 119.421526094000114, -4.820385887999976 ] ] ], [ [ [ 119.42888743200001, -4.784802495999941 ], [ 119.433102056000052, -4.786899586999937 ], [ 119.431859264000082, -4.790369736999935 ], [ 119.42888743200001, -4.784802495999941 ] ] ], [ [ [ 119.463875587000075, -4.775802751999947 ], [ 119.463779801000101, -4.774663401999931 ], [ 119.463431564000075, -4.774168887999963 ], [ 119.464126834000012, -4.774820542999976 ], [ 119.463875587000075, -4.775802751999947 ] ] ], [ [ [ 119.435475115000031, -4.778200691999928 ], [ 119.433947859000114, -4.77326456399993 ], [ 119.437185342000021, -4.770760395999957 ], [ 119.435475115000031, -4.778200691999928 ] ] ], [ [ [ 119.447294214000067, -4.773277090999954 ], [ 119.44723500300006, -4.770470424999928 ], [ 119.448174304000077, -4.769770126999958 ], [ 119.447294214000067, -4.773277090999954 ] ] ], [ [ [ 119.463853296000025, -4.765877088999957 ], [ 119.462395414000071, -4.767672721999929 ], [ 119.46051603, -4.767212895999933 ], [ 119.463853296000025, -4.765877088999957 ] ] ], [ [ [ 119.593351315000064, -4.557112185999927 ], [ 119.625191737000023, -4.574146055999961 ], [ 119.639660769000102, -4.627323285999978 ], [ 119.666736246000028, -4.653932278999946 ], [ 119.655785587000082, -4.677443836999942 ], [ 119.660982239000077, -4.696037489999981 ], [ 119.654608664000079, -4.71624066399994 ], [ 119.661115063000011, -4.726211732999957 ], [ 119.667300895000039, -4.719098452999958 ], [ 119.691609997000114, -4.720810272999927 ], [ 119.696028614000056, -4.75659972099993 ], [ 119.680939587000012, -4.768962185999953 ], [ 119.700319571000023, -4.802245035999931 ], [ 119.720962691000068, -4.821658068999966 ], [ 119.725630425000077, -4.809460000999934 ], [ 119.756871010000054, -4.80397880299995 ], [ 119.76636785300002, -4.824542876999942 ], [ 119.784457445000044, -4.806532284999946 ], [ 119.806969956000103, -4.80817910899998 ], [ 119.810482284000045, -4.823489688999928 ], [ 119.7962737900001, -4.864830939999933 ], [ 119.805632309000089, -4.885440323999944 ], [ 119.804528460000029, -4.925651552999966 ], [ 119.785343736000073, -4.92823762699993 ], [ 119.774655667000047, -4.943109168999968 ], [ 119.74696317900009, -4.928949730999932 ], [ 119.704949565000106, -4.948260992999963 ], [ 119.667030688000068, -4.950467590999949 ], [ 119.669412621000106, -4.933487757999956 ], [ 119.662667355000053, -4.923497896999947 ], [ 119.645374461000074, -4.921084276999977 ], [ 119.637352082, -4.908852431999946 ], [ 119.622583314000053, -4.909504197999979 ], [ 119.632549885000117, -4.890334466999946 ], [ 119.603547234000075, -4.886979638999946 ], [ 119.598126462000096, -4.905018131999952 ], [ 119.587692715000117, -4.895702354999969 ], [ 119.574835675000031, -4.90485255699997 ], [ 119.56296954700008, -4.892328894999935 ], [ 119.528658762000077, -4.893926741999962 ], [ 119.504927808000048, -4.865332104999936 ], [ 119.497299263000059, -4.831449917999976 ], [ 119.501956824000104, -4.824435532999928 ], [ 119.492754749000028, -4.817059634999964 ], [ 119.498739435000061, -4.812730582999961 ], [ 119.492675046000045, -4.771513862999939 ], [ 119.481949438000015, -4.75142679399994 ], [ 119.498755876000018, -4.725714401999937 ], [ 119.516848666000101, -4.715704013999925 ], [ 119.525194648000024, -4.675525870999934 ], [ 119.548520997000082, -4.649879360999932 ], [ 119.552910582000095, -4.63292994699998 ], [ 119.587598254000113, -4.586257835999959 ], [ 119.593351315000064, -4.557112185999927 ] ] ], [ [ [ 119.431007342000044, -4.747812655999951 ], [ 119.434482347000085, -4.752416409999967 ], [ 119.432190555000034, -4.753426044999969 ], [ 119.431007342000044, -4.747812655999951 ] ] ], [ [ [ 119.328252312000018, -4.74749060399995 ], [ 119.32707043500011, -4.745418616999928 ], [ 119.32850264700005, -4.745569871999976 ], [ 119.328252312000018, -4.74749060399995 ] ] ], [ [ [ 119.449395902000106, -4.738610587999972 ], [ 119.450121860000081, -4.740220704999956 ], [ 119.449176639000029, -4.739017843999932 ], [ 119.449395902000106, -4.738610587999972 ] ] ], [ [ [ 119.343590038000116, -4.716982413999972 ], [ 119.342956697000091, -4.717246475999957 ], [ 119.343073398000115, -4.716834474999928 ], [ 119.343590038000116, -4.716982413999972 ] ] ], [ [ [ 119.353101471000059, -4.718139097999938 ], [ 119.353484860000094, -4.715911084999959 ], [ 119.354583631000082, -4.716633661999936 ], [ 119.353101471000059, -4.718139097999938 ] ] ], [ [ [ 119.363983837000092, -4.711754963999965 ], [ 119.364245773000107, -4.709702544999971 ], [ 119.36554891000003, -4.710738850999974 ], [ 119.363983837000092, -4.711754963999965 ] ] ], [ [ [ 119.4686593240001, -4.705108227999972 ], [ 119.477470815000061, -4.703944190999948 ], [ 119.472259979000114, -4.711793438999962 ], [ 119.4686593240001, -4.705108227999972 ] ] ], [ [ [ 119.329183052000076, -4.706647628999974 ], [ 119.329067904000112, -4.703294225999969 ], [ 119.330198568000014, -4.704472080999949 ], [ 119.329183052000076, -4.706647628999974 ] ] ], [ [ [ 119.448077044000115, -4.702588908999928 ], [ 119.462269159000016, -4.697691168999938 ], [ 119.449913630000083, -4.708425948999945 ], [ 119.448077044000115, -4.702588908999928 ] ] ], [ [ [ 119.470419918000061, -4.688084792999973 ], [ 119.46743978500001, -4.689557259999958 ], [ 119.468915177000099, -4.686590206999938 ], [ 119.470419918000061, -4.688084792999973 ] ] ], [ [ [ 119.504237000000103, -4.674926 ], [ 119.503912, -4.674393 ], [ 119.504136, -4.674378 ], [ 119.504237000000103, -4.674926 ] ] ], [ [ [ 119.347275893000074, -4.666789359999939 ], [ 119.349520134000045, -4.674614567999924 ], [ 119.345366903000013, -4.675102735999928 ], [ 119.347275893000074, -4.666789359999939 ] ] ], [ [ [ 119.505292077000036, -4.668438494999975 ], [ 119.504761254000073, -4.668368507999958 ], [ 119.504743192000092, -4.668035643999929 ], [ 119.505292077000036, -4.668438494999975 ] ] ], [ [ [ 119.318474010000045, -4.66923488499998 ], [ 119.313778906000039, -4.669622321999952 ], [ 119.318353166000065, -4.662540687999979 ], [ 119.318474010000045, -4.66923488499998 ] ] ], [ [ [ 119.333601441000042, -4.658369905999962 ], [ 119.333870616000013, -4.654322602999969 ], [ 119.335842082000113, -4.657213094999975 ], [ 119.333601441000042, -4.658369905999962 ] ] ], [ [ [ 119.502249418000019, -4.654685260999941 ], [ 119.503268430000048, -4.656280254999956 ], [ 119.501416132000031, -4.655302819999974 ], [ 119.502249418000019, -4.654685260999941 ] ] ] ] } },
{ "type": "Feature", "properties": { "kemendagri_kab_code": 7311, "kemendagri_kab_name": "Kabupaten Barru", "kemendagri_prov_code": 73, "kemendagri_prov_name": "Sulawesi Selatan" }, "geometry": { "type": "MultiPolygon", "coordinates": [ [ [ [ 119.572362137000027, -4.487954485999978 ], [ 119.570264117000079, -4.48743649599993 ], [ 119.570942829000046, -4.486358887999927 ], [ 119.572362137000027, -4.487954485999978 ] ] ], [ [ [ 119.620949941000049, -4.067354095999974 ], [ 119.642680354000049, -4.078642773999945 ], [ 119.66720513100006, -4.069448653999928 ], [ 119.719742319000034, -4.077405327999941 ], [ 119.721280024000066, -4.092190305999964 ], [ 119.750853055000107, -4.125412396999934 ], [ 119.747968785000012, -4.139561888999935 ], [ 119.739560975000018, -4.138674320999939 ], [ 119.730313223000053, -4.150961525999946 ], [ 119.735491506000017, -4.16433135099993 ], [ 119.729976484000076, -4.173408568999946 ], [ 119.757252640000047, -4.193545886999971 ], [ 119.757586074000073, -4.206461212999955 ], [ 119.721812207000085, -4.21449763499993 ], [ 119.706235378000088, -4.231628230999945 ], [ 119.716003562000083, -4.250631111999951 ], [ 119.744517754000071, -4.266048989999945 ], [ 119.741502104, -4.280182751999973 ], [ 119.756066696000062, -4.28875407299995 ], [ 119.759184570000116, -4.347600197999952 ], [ 119.750287029000106, -4.366160829999956 ], [ 119.759804620000068, -4.406567904999974 ], [ 119.753428024000073, -4.457638134999968 ], [ 119.758533919000115, -4.480307054999969 ], [ 119.791509801000075, -4.495612196999957 ], [ 119.789969330000076, -4.513239750999958 ], [ 119.811041557000067, -4.542470133999927 ], [ 119.798898374000032, -4.56547365299997 ], [ 119.802568296000118, -4.591640902999927 ], [ 119.759365184000103, -4.62566413899998 ], [ 119.760120940000093, -4.683989915999973 ], [ 119.786905930000103, -4.688398458999927 ], [ 119.825716968000052, -4.717685221999943 ], [ 119.817805741000029, -4.750456031999931 ], [ 119.80097953500001, -4.763544921999937 ], [ 119.788150496000071, -4.753143955999974 ], [ 119.773363384000049, -4.75385571399994 ], [ 119.75510715900009, -4.775165882999943 ], [ 119.759317509000084, -4.788054575999979 ], [ 119.748956127000042, -4.79087642199994 ], [ 119.748868220000077, -4.798066945999949 ], [ 119.730367985000044, -4.800656551999964 ], [ 119.723430329000053, -4.787588275999951 ], [ 119.698105873000031, -4.789236590999963 ], [ 119.682350082000085, -4.771223817999953 ], [ 119.696028614000056, -4.75659972099993 ], [ 119.691609997000114, -4.720810272999927 ], [ 119.667300895000039, -4.719098452999958 ], [ 119.661115063000011, -4.726211732999957 ], [ 119.654572180000059, -4.716079000999969 ], [ 119.660982239000077, -4.696037489999981 ], [ 119.655785587000082, -4.677443836999942 ], [ 119.666736246000028, -4.653932278999946 ], [ 119.639660769000102, -4.627323285999978 ], [ 119.625191737000023, -4.574146055999961 ], [ 119.616061840000043, -4.562567814999966 ], [ 119.589590267000062, -4.555696019999971 ], [ 119.580988544000093, -4.530407165999975 ], [ 119.599506881000025, -4.473928978999936 ], [ 119.596339493000073, -4.416609007999966 ], [ 119.612367847000087, -4.368660935999969 ], [ 119.613730258000032, -4.378556805999949 ], [ 119.627316626000038, -4.364780172999929 ], [ 119.619598151000105, -4.363605728999971 ], [ 119.626874425000096, -4.363294671999938 ], [ 119.62982459300008, -4.349086802999977 ], [ 119.619857268000032, -4.350140677999946 ], [ 119.620497907000072, -4.337922735999939 ], [ 119.637213321000104, -4.319304745999943 ], [ 119.629109572000061, -4.309509309999953 ], [ 119.636654504000035, -4.299882150999963 ], [ 119.622494194000069, -4.295179809999979 ], [ 119.621304052000028, -4.281325602999971 ], [ 119.604502004000096, -4.264529263999975 ], [ 119.610583468000073, -4.258479487999978 ], [ 119.594735489000072, -4.240385198999945 ], [ 119.605170619000091, -4.232826298999953 ], [ 119.614785709000103, -4.240640151999969 ], [ 119.625200397000071, -4.23618560999995 ], [ 119.617906852000033, -4.218256950999944 ], [ 119.60833213300009, -4.216569276999962 ], [ 119.619719710000027, -4.211613074999946 ], [ 119.612200185, -4.20254762299993 ], [ 119.621244396000066, -4.204531647999943 ], [ 119.624855450000041, -4.181767769999965 ], [ 119.637991450000072, -4.173369831999935 ], [ 119.636213267000016, -4.161609255999963 ], [ 119.614058464000095, -4.144314703999953 ], [ 119.620581212000047, -4.11231661599993 ], [ 119.605401798000116, -4.103765997999972 ], [ 119.616803180000034, -4.089882087999968 ], [ 119.605701977000081, -4.08321258899997 ], [ 119.620949941000049, -4.067354095999974 ] ] ], [ [ [ 119.598652077000111, -4.339104927999927 ], [ 119.599985969000045, -4.356672387999936 ], [ 119.591827997000109, -4.363893194999946 ], [ 119.598652077000111, -4.339104927999927 ] ] ], [ [ [ 119.609410881000031, -4.27881416799994 ], [ 119.60896531800006, -4.278482305999944 ], [ 119.609264049000103, -4.278281729999946 ], [ 119.609410881000031, -4.27881416799994 ] ] ], [ [ [ 119.617973276000043, -4.179573219999952 ], [ 119.621819825000102, -4.180494609999926 ], [ 119.617812806000074, -4.182006179999973 ], [ 119.617973276000043, -4.179573219999952 ] ] ], [ [ [ 119.604578236000066, -4.142424780999931 ], [ 119.607275166000022, -4.142529635999949 ], [ 119.605643613000098, -4.144859789999941 ], [ 119.604578236000066, -4.142424780999931 ] ] ], [ [ [ 119.605319967000014, -4.109606994999979 ], [ 119.606172309000044, -4.110852511999951 ], [ 119.603786170000035, -4.110542204999945 ], [ 119.605319967000014, -4.109606994999979 ] ] ] ] } },
{ "type": "Feature", "properties": { "kemendagri_kab_code": 7312, "kemendagri_kab_name": "Kabupaten Soppeng", "kemendagri_prov_code": 73, "kemendagri_prov_name": "Sulawesi Selatan" }, "geometry": { "type": "Polygon", "coordinates": [ [ [ 119.848277489000111, -4.098604609999938 ], [ 119.950444452000056, -4.123333332999948 ], [ 119.950280209000084, -4.185308794999969 ], [ 119.936258467000016, -4.206674980999935 ], [ 119.935994534000088, -4.239433661999954 ], [ 119.959555710000018, -4.256473220999965 ], [ 119.960809286000085, -4.271909882999978 ], [ 120.040446393000025, -4.262409395999953 ], [ 120.04164469400007, -4.287215427999968 ], [ 120.072571389000018, -4.285507499999937 ], [ 120.061544578000053, -4.320564130999969 ], [ 120.085022870000103, -4.324565068999959 ], [ 120.094445813000107, -4.335071551999931 ], [ 120.092804215000115, -4.405809801999965 ], [ 120.048974141000031, -4.399144456999977 ], [ 120.064074578000032, -4.419207563999976 ], [ 120.06039772400004, -4.486264677999941 ], [ 120.043648831000041, -4.520860831999926 ], [ 120.033410814000035, -4.52587103299993 ], [ 119.994572455000025, -4.521068173999936 ], [ 119.976241221, -4.539290623999932 ], [ 119.972300456000085, -4.530621753999981 ], [ 119.93907122600001, -4.533441259999961 ], [ 119.902364806000037, -4.515314438999951 ], [ 119.903390068000022, -4.526271971999961 ], [ 119.893025039, -4.535477618999948 ], [ 119.859657362, -4.527377026999943 ], [ 119.85035331600011, -4.545153771999935 ], [ 119.820531412000037, -4.531303401999935 ], [ 119.806060429000013, -4.536248304999958 ], [ 119.789969330000076, -4.513239750999958 ], [ 119.791509801000075, -4.495612196999957 ], [ 119.758533919000115, -4.480307054999969 ], [ 119.753428024000073, -4.457638134999968 ], [ 119.759804620000068, -4.406567904999974 ], [ 119.750287029000106, -4.366160829999956 ], [ 119.759184570000116, -4.347600197999952 ], [ 119.756066696000062, -4.28875407299995 ], [ 119.741502104, -4.280182751999973 ], [ 119.744517754000071, -4.266048989999945 ], [ 119.716003562000083, -4.250631111999951 ], [ 119.706235378000088, -4.231628230999945 ], [ 119.721812207000085, -4.21449763499993 ], [ 119.757586074000073, -4.206461212999955 ], [ 119.757252640000047, -4.193545886999971 ], [ 119.731220371000063, -4.176457390999929 ], [ 119.730162551000035, -4.151323628999933 ], [ 119.739560975000018, -4.138674320999939 ], [ 119.747968785000012, -4.139561888999935 ], [ 119.750623333000021, -4.126748332999966 ], [ 119.776676134000013, -4.132068877999927 ], [ 119.791558676000022, -4.123742299999947 ], [ 119.802056875000062, -4.129663887999925 ], [ 119.80949251100003, -4.112171733999958 ], [ 119.848277489000111, -4.098604609999938 ] ] ] } },
{ "type": "Feature", "properties": { "kemendagri_kab_code": 7313, "kemendagri_kab_name": "Kabupaten Wajo", "kemendagri_prov_code": 73, "kemendagri_prov_name": "Sulawesi Selatan" }, "geometry": { "type": "MultiPolygon", "coordinates": [ [ [ [ 120.377086610000106, -4.162689722999971 ], [ 120.376363849000086, -4.162555877999978 ], [ 120.376723742000081, -4.162303059999942 ], [ 120.377086610000106, -4.162689722999971 ] ] ], [ [ [ 120.354540799, -4.03277030299995 ], [ 120.353654450000022, -4.032930915999941 ], [ 120.354314750000071, -4.032368768999959 ], [ 120.354540799, -4.03277030299995 ] ] ], [ [ [ 120.190907848000052, -3.644475604999968 ], [ 120.263239208000073, -3.676378287999967 ], [ 120.299349916000097, -3.705227019999938 ], [ 120.293145388000084, -3.721886285999972 ], [ 120.270873572000028, -3.726300376999973 ], [ 120.280487983000057, -3.750010513999939 ], [ 120.303642237000076, -3.730449096999962 ], [ 120.304570934000026, -3.701438612999937 ], [ 120.31337381000003, -3.685137373999964 ], [ 120.338807018000011, -3.677929863999964 ], [ 120.324289194000016, -3.644384582999976 ], [ 120.333305438000025, -3.654745987999945 ], [ 120.355973049000113, -3.651624519999928 ], [ 120.385734228000047, -3.664956157999939 ], [ 120.411729603000026, -3.66338359599996 ], [ 120.417612824000116, -3.67857682999994 ], [ 120.438089291000097, -3.689321108999934 ], [ 120.440184421000026, -3.744118144999959 ], [ 120.400407077000068, -3.784574649999968 ], [ 120.35906925900008, -3.856401501999926 ], [ 120.336563709000075, -3.937238151999964 ], [ 120.353448154000034, -3.973259865999978 ], [ 120.342437097000015, -3.998816906999934 ], [ 120.360985196000115, -4.022263737999936 ], [ 120.353120856000032, -4.033456776999969 ], [ 120.355849883000019, -4.064743101999966 ], [ 120.330382434000057, -4.095852091999973 ], [ 120.330881009000109, -4.107957682999938 ], [ 120.340069892000088, -4.110589366999932 ], [ 120.346206459000086, -4.132160626999962 ], [ 120.373657497000067, -4.144778061999943 ], [ 120.373028556, -4.153797157999975 ], [ 120.381121550000103, -4.175154766999981 ], [ 120.366238985000109, -4.224001269999974 ], [ 120.351251867000087, -4.225780276999956 ], [ 120.337599756000031, -4.240433214999939 ], [ 120.317650398000069, -4.239169741999945 ], [ 120.303879997000081, -4.247733898999968 ], [ 120.292930048000017, -4.243354667999938 ], [ 120.263833679000072, -4.272659179999948 ], [ 120.252899659000036, -4.274379926999927 ], [ 120.237221402000046, -4.267028049999965 ], [ 120.225341015000026, -4.235282943999948 ], [ 120.193407999000101, -4.236897379999959 ], [ 120.148316143000102, -4.22285256899994 ], [ 120.126575570000114, -4.224407628999927 ], [ 120.112615578000032, -4.244296793999979 ], [ 120.094434353000111, -4.242875764999951 ], [ 120.082303256000046, -4.263757062999957 ], [ 120.073103852000031, -4.263942241999928 ], [ 120.072571282000013, -4.285507382999981 ], [ 120.04164469400007, -4.287215427999968 ], [ 120.039483618000077, -4.262271982999948 ], [ 120.00774828200008, -4.268580606999933 ], [ 119.987975214000016, -4.263946875999977 ], [ 119.962112363000074, -4.272947661999979 ], [ 119.959555710000018, -4.256473220999965 ], [ 119.935994534000088, -4.239433661999954 ], [ 119.936258467000016, -4.206674980999935 ], [ 119.950280209000084, -4.185308794999969 ], [ 119.950444452000056, -4.123333332999948 ], [ 119.894394478000095, -4.108995526999934 ], [ 119.896544201000097, -4.078582730999926 ], [ 119.908171200000083, -4.069434729999955 ], [ 119.881248479000078, -4.02511373599998 ], [ 119.900274407000097, -3.989100139999948 ], [ 119.89884573300003, -3.973941728999932 ], [ 119.907886464000057, -3.968786179999938 ], [ 119.907693405000032, -3.939750493999952 ], [ 119.932090561000109, -3.929170152999973 ], [ 119.956031867000092, -3.939094740999963 ], [ 120.016173079000055, -3.938634320999938 ], [ 120.041086909000114, -3.902078695999933 ], [ 120.045942278000098, -3.870186975999957 ], [ 120.056605195000088, -3.865314940999951 ], [ 120.06693297400011, -3.842610307999962 ], [ 120.069450819000053, -3.849890717999926 ], [ 120.079549759000088, -3.847329982999952 ], [ 120.072479121000015, -3.822821291999958 ], [ 120.086182107000013, -3.792478433999975 ], [ 120.125462697000103, -3.812822573999938 ], [ 120.153443998000057, -3.765155546999949 ], [ 120.19183930500003, -3.772790193999981 ], [ 120.210530336000033, -3.72340870599993 ], [ 120.143256399000052, -3.683027102999972 ], [ 120.156598007000071, -3.642158494999933 ], [ 120.190907848000052, -3.644475604999968 ] ] ], [ [ [ 120.43751222700007, -3.938981270999932 ], [ 120.435391499000048, -3.938034158999926 ], [ 120.435316060000105, -3.937657292999972 ], [ 120.43751222700007, -3.938981270999932 ] ] ] ] } },
{ "type": "Feature", "properties": { "kemendagri_kab_code": 7314, "kemendagri_kab_name": "Kabupaten Sidenreng Rappang", "kemendagri_prov_code": 73, "kemendagri_prov_name": "Sulawesi Selatan" }, "geometry": { "type": "Polygon", "coordinates": [ [ [ 120.32094341200002, -3.646752073999949 ], [ 120.338807018000011, -3.677929863999964 ], [ 120.31337381000003, -3.685137373999964 ], [ 120.304570934000026, -3.701438612999937 ], [ 120.303642237000076, -3.730449096999962 ], [ 120.280487983000057, -3.750010513999939 ], [ 120.270873572000028, -3.726300376999973 ], [ 120.293145388000084, -3.721886285999972 ], [ 120.299349916000097, -3.705227019999938 ], [ 120.263239208000073, -3.676378287999967 ], [ 120.240075048000108, -3.673634022999977 ], [ 120.201566231000015, -3.648740196999938 ], [ 120.156598007000071, -3.642158494999933 ], [ 120.143256399000052, -3.683027102999972 ], [ 120.210530336000033, -3.72340870599993 ], [ 120.19183930500003, -3.772790193999981 ], [ 120.153443998000057, -3.765155546999949 ], [ 120.125462697000103, -3.812822573999938 ], [ 120.086182107000013, -3.792478433999975 ], [ 120.072479121000015, -3.822821291999958 ], [ 120.079549759000088, -3.847329982999952 ], [ 120.069450819000053, -3.849890717999926 ], [ 120.06693297400011, -3.842610307999962 ], [ 120.056605195000088, -3.865314940999951 ], [ 120.045942278000098, -3.870186975999957 ], [ 120.041086909000114, -3.902078695999933 ], [ 120.016173079000055, -3.938634320999938 ], [ 119.956031867000092, -3.939094740999963 ], [ 119.935351101000037, -3.93528775599998 ], [ 119.934385373000055, -3.929203869999981 ], [ 119.910708339000053, -3.934512542999926 ], [ 119.907837462000089, -3.968943945999968 ], [ 119.89884573300003, -3.973941728999932 ], [ 119.900274407000097, -3.989100139999948 ], [ 119.881248479000078, -4.02511373599998 ], [ 119.908171200000083, -4.069434729999955 ], [ 119.896544201000097, -4.078582730999926 ], [ 119.896800687000109, -4.108076685999947 ], [ 119.848277489000111, -4.098604609999938 ], [ 119.80949251100003, -4.112171733999958 ], [ 119.804678974000012, -4.128582113999926 ], [ 119.783633245000033, -4.124383558999966 ], [ 119.776676134000013, -4.132068877999927 ], [ 119.750623333000021, -4.126748332999966 ], [ 119.725807442000018, -4.098453822999943 ], [ 119.710266927000021, -4.067092315999957 ], [ 119.71880086300007, -4.045950725999944 ], [ 119.70222354200007, -4.034150910999927 ], [ 119.698737657000038, -4.013792860999956 ], [ 119.678984761000038, -4.01222882899998 ], [ 119.686370363000037, -3.990170598999953 ], [ 119.678525443000012, -3.991067875999931 ], [ 119.659429203000059, -3.966026254999974 ], [ 119.703776111000025, -3.906344327999932 ], [ 119.712681263000036, -3.910787644999971 ], [ 119.724748749000014, -3.894573002999948 ], [ 119.727180554000029, -3.863173678999942 ], [ 119.751519194000025, -3.813796454999931 ], [ 119.75194706000002, -3.77275958599995 ], [ 119.778019243000017, -3.737794292999979 ], [ 119.80266666700004, -3.733305554999959 ], [ 119.819035117000112, -3.748759796999934 ], [ 119.823224419000098, -3.76733343199993 ], [ 119.845803945000057, -3.778890505999925 ], [ 119.860515761000102, -3.81159226099993 ], [ 119.872989906000043, -3.818727777999925 ], [ 119.906722222000099, -3.822694443999978 ], [ 119.937165284000116, -3.802888479999979 ], [ 119.943815667000081, -3.809748764999938 ], [ 119.96057647300006, -3.804043331999935 ], [ 119.969272832000115, -3.788434150999933 ], [ 119.950200195000093, -3.779149974999939 ], [ 119.940527407000104, -3.761769532999949 ], [ 119.938466773000073, -3.719740193999939 ], [ 119.931487603000051, -3.719174337999959 ], [ 119.937161743000047, -3.708637019999969 ], [ 119.924838465000107, -3.700540819999958 ], [ 119.922938342000066, -3.685390551999944 ], [ 119.951616818000048, -3.660256494999942 ], [ 119.970933855000112, -3.667306240999949 ], [ 119.970502381000074, -3.660528501999977 ], [ 119.995298952000098, -3.659973957999966 ], [ 119.992083516000093, -3.630357755999967 ], [ 120.007460563000109, -3.622668377999958 ], [ 120.027205052000113, -3.595659911999974 ], [ 120.037274570000022, -3.547441847999949 ], [ 120.061533412000017, -3.537125927999966 ], [ 120.085693302000095, -3.494437778999952 ], [ 120.097492647000081, -3.488019368999971 ], [ 120.112115874000096, -3.508731138999963 ], [ 120.140157035000016, -3.524478202999944 ], [ 120.15543625600003, -3.52382887999994 ], [ 120.155002341000113, -3.51775546999994 ], [ 120.176314994000109, -3.507236924999972 ], [ 120.179769541000041, -3.543139456999938 ], [ 120.197239507000063, -3.580390571999942 ], [ 120.234042433000013, -3.58449686299997 ], [ 120.27439727400008, -3.613711249999938 ], [ 120.28911943300011, -3.640981561999979 ], [ 120.32094341200002, -3.646752073999949 ] ] ] } },
{ "type": "Feature", "properties": { "kemendagri_kab_code": 7315, "kemendagri_kab_name": "Kabupaten Pinrang", "kemendagri_prov_code": 73, "kemendagri_prov_name": "Sulawesi Selatan" }, "geometry": { "type": "MultiPolygon", "coordinates": [ [ [ [ 119.597001402000046, -3.99834716099997 ], [ 119.59677634600007, -3.997949223999967 ], [ 119.597004775000073, -3.997882598999979 ], [ 119.597001402000046, -3.99834716099997 ] ] ], [ [ [ 119.601126178000072, -3.997642825999947 ], [ 119.606467955000085, -3.99726511199998 ], [ 119.605888009000068, -3.999170375999938 ], [ 119.601126178000072, -3.997642825999947 ] ] ], [ [ [ 119.603276661000109, -3.992729378999968 ], [ 119.602460827000073, -3.993421397999953 ], [ 119.60249133800005, -3.992389499999945 ], [ 119.603276661000109, -3.992729378999968 ] ] ], [ [ [ 119.447852286000057, -3.696929261999969 ], [ 119.447145364000107, -3.697307902999967 ], [ 119.446638877000055, -3.697224639999945 ], [ 119.447852286000057, -3.696929261999969 ] ] ], [ [ [ 119.447402429000022, -3.694699498999967 ], [ 119.446114975000114, -3.695043260999967 ], [ 119.446282445000065, -3.694412424999939 ], [ 119.447402429000022, -3.694699498999967 ] ] ], [ [ [ 119.560213677000093, -3.270759063999947 ], [ 119.579708985000025, -3.288301020999938 ], [ 119.602579448000029, -3.282220043999928 ], [ 119.615858139000011, -3.286969859999942 ], [ 119.620473806000064, -3.302128151999966 ], [ 119.647377732000109, -3.323748905999935 ], [ 119.642631527000049, -3.33544960699993 ], [ 119.654338331000076, -3.342935634999947 ], [ 119.651301230000058, -3.362905611999963 ], [ 119.667751037000016, -3.368222216999925 ], [ 119.684176293000064, -3.389558715999954 ], [ 119.696922291000078, -3.386650655999972 ], [ 119.702001226000107, -3.424752619999936 ], [ 119.692657853000014, -3.426239179999925 ], [ 119.695001116000071, -3.447115161999932 ], [ 119.685483936000082, -3.450661820999926 ], [ 119.706223674000057, -3.47284394199994 ], [ 119.705476346000069, -3.486262372999931 ], [ 119.692254717000083, -3.501577330999964 ], [ 119.701751809000029, -3.523284884999953 ], [ 119.699801330000014, -3.544938928999954 ], [ 119.722073297000065, -3.564281015999939 ], [ 119.723878765000109, -3.588890731999925 ], [ 119.740080415000079, -3.614352772999951 ], [ 119.748771567000063, -3.66353901399998 ], [ 119.764978857000074, -3.686430123999969 ], [ 119.758913165000081, -3.712766709999926 ], [ 119.80266666700004, -3.733305554999959 ], [ 119.778019243000017, -3.737794292999979 ], [ 119.74865753000006, -3.77834267999998 ], [ 119.751519194000025, -3.813796454999931 ], [ 119.727180554000029, -3.863173678999942 ], [ 119.717831053000054, -3.907250253999962 ], [ 119.703776111000025, -3.906344327999932 ], [ 119.673456224, -3.950669192999953 ], [ 119.640100220000022, -3.980511371999967 ], [ 119.633047684000076, -3.980844300999934 ], [ 119.632915083000057, -3.96697796199993 ], [ 119.611398071000053, -3.984148045999973 ], [ 119.604810465000014, -3.974492780999981 ], [ 119.586437069000112, -3.973833656999943 ], [ 119.592931948000114, -4.005126208999968 ], [ 119.613908524000067, -4.004385634999949 ], [ 119.593309046000059, -4.022445398999935 ], [ 119.595934347000025, -4.043781625999941 ], [ 119.584059355000022, -4.033574964999957 ], [ 119.570873806, -3.948706913999956 ], [ 119.538267684000061, -3.90195775799998 ], [ 119.484772566000061, -3.758269570999971 ], [ 119.452629696000031, -3.713395249999962 ], [ 119.449915260000012, -3.696461416999966 ], [ 119.456444864000105, -3.69399169899998 ], [ 119.451170315000013, -3.691405479999958 ], [ 119.446830377000083, -3.679619295999942 ], [ 119.447812142000089, -3.67528796299996 ], [ 119.45031989600011, -3.672559870999976 ], [ 119.451381136, -3.672245781999948 ], [ 119.447529502000066, -3.679655978999961 ], [ 119.452661444000114, -3.686708899999928 ], [ 119.459396461000097, -3.641894463999961 ], [ 119.479858490000083, -3.632465547999971 ], [ 119.494878812000024, -3.602294576999952 ], [ 119.510531951000075, -3.596292941999934 ], [ 119.513593896000089, -3.561280911999972 ], [ 119.503170167, -3.534294345999967 ], [ 119.474234796000019, -3.502275057999952 ], [ 119.482464891000063, -3.498276742999963 ], [ 119.479449367000029, -3.493190887999958 ], [ 119.485093124000059, -3.49562270399997 ], [ 119.492957559000047, -3.475301401999957 ], [ 119.475263816000052, -3.457679688999974 ], [ 119.478299623000112, -3.447256918999926 ], [ 119.469177039000101, -3.433735463999938 ], [ 119.474312766000025, -3.41299731099997 ], [ 119.459455052000067, -3.384265583999934 ], [ 119.464095138000062, -3.372798633999935 ], [ 119.431422778000069, -3.339124721999951 ], [ 119.446523636000052, -3.332489168999928 ], [ 119.43856409700004, -3.320094666999978 ], [ 119.444616237000105, -3.314554913999928 ], [ 119.436560791000034, -3.313406426999961 ], [ 119.436080444000027, -3.287671978999981 ], [ 119.442120371000101, -3.282038840999974 ], [ 119.448972699000024, -3.288000777999969 ], [ 119.4581803640001, -3.283926048999945 ], [ 119.461806248000016, -3.292555555999968 ], [ 119.47608566200006, -3.288316188999943 ], [ 119.501628311000104, -3.315540717999966 ], [ 119.520670887000051, -3.309628825999937 ], [ 119.519911895000064, -3.277941806999934 ], [ 119.560213677000093, -3.270759063999947 ] ] ] ] } },
{ "type": "Feature", "properties": { "kemendagri_kab_code": 7316, "kemendagri_kab_name": "Kabupaten Enrekang", "kemendagri_prov_code": 73, "kemendagri_prov_name": "Sulawesi Selatan" }, "geometry": { "type": "Polygon", "coordinates": [ [ [ 120.040661697000019, -3.369292981999934 ], [ 120.025359247000097, -3.388057510999943 ], [ 120.039499908000039, -3.409893561999979 ], [ 120.059980250000081, -3.406272588999968 ], [ 120.074608379000097, -3.446231738999927 ], [ 120.100266900000065, -3.47713106499998 ], [ 120.097492647000081, -3.488019368999971 ], [ 120.084415096000043, -3.496005731999958 ], [ 120.061533412000017, -3.537125927999966 ], [ 120.037274570000022, -3.547441847999949 ], [ 120.027205052000113, -3.595659911999974 ], [ 120.007460563000109, -3.622668377999958 ], [ 119.992083516000093, -3.630357755999967 ], [ 119.995298952000098, -3.659973957999966 ], [ 119.970502381000074, -3.660528501999977 ], [ 119.970933855000112, -3.667306240999949 ], [ 119.951616818000048, -3.660256494999942 ], [ 119.922938342000066, -3.685390551999944 ], [ 119.924838465000107, -3.700540819999958 ], [ 119.937161743000047, -3.708637019999969 ], [ 119.931487603000051, -3.719174337999959 ], [ 119.938466773000073, -3.719740193999939 ], [ 119.940527407000104, -3.761769532999949 ], [ 119.950200195000093, -3.779149974999939 ], [ 119.968909308000093, -3.787735251999948 ], [ 119.96816547100002, -3.795809274999954 ], [ 119.943815667000081, -3.809748764999938 ], [ 119.937165284000116, -3.802888479999979 ], [ 119.906722222000099, -3.822694443999978 ], [ 119.872989906000043, -3.818727777999925 ], [ 119.860515761000102, -3.81159226099993 ], [ 119.845803945000057, -3.778890505999925 ], [ 119.823224419000098, -3.76733343199993 ], [ 119.816056029000038, -3.744711751999944 ], [ 119.798178835000044, -3.728839371999925 ], [ 119.758913165000081, -3.712766709999926 ], [ 119.764978857000074, -3.686430123999969 ], [ 119.748771567000063, -3.66353901399998 ], [ 119.740080415000079, -3.614352772999951 ], [ 119.723878765000109, -3.588890731999925 ], [ 119.722073297000065, -3.564281015999939 ], [ 119.699801330000014, -3.544938928999954 ], [ 119.701751809000029, -3.523284884999953 ], [ 119.692254717000083, -3.501577330999964 ], [ 119.705476346000069, -3.486262372999931 ], [ 119.706223674000057, -3.47284394199994 ], [ 119.688589500000035, -3.460525660999963 ], [ 119.685594533000085, -3.44598459599996 ], [ 119.694840234000026, -3.447440800999971 ], [ 119.692657853000014, -3.426239179999925 ], [ 119.702001226000107, -3.424752619999936 ], [ 119.696320446000072, -3.387216713999976 ], [ 119.725426820000052, -3.382756823999955 ], [ 119.714294104000032, -3.290798888999973 ], [ 119.717851075000112, -3.285004165999965 ], [ 119.730532290000042, -3.294040043999928 ], [ 119.771137602000067, -3.274321325999949 ], [ 119.773940602000039, -3.245365297999967 ], [ 119.781655937000096, -3.237580915999956 ], [ 119.815077237000082, -3.245493581999938 ], [ 119.829000467000014, -3.265293652999958 ], [ 119.842236921000108, -3.262986464999926 ], [ 119.850150363000012, -3.280893569999932 ], [ 119.861207755, -3.269721536999953 ], [ 119.878961169000036, -3.269531381999968 ], [ 119.881885960000091, -3.256827050999959 ], [ 119.906608645, -3.259499455999958 ], [ 119.921855676000064, -3.263832961999981 ], [ 119.937266611000041, -3.293474103999927 ], [ 119.966232159000015, -3.291329322999957 ], [ 119.988205102000052, -3.307879482999965 ], [ 119.997879074000025, -3.303394946999958 ], [ 120.005986304000089, -3.318940032999933 ], [ 120.001681233000113, -3.334257547999925 ], [ 120.040661697000019, -3.369292981999934 ] ] ] } },
{ "type": "Feature", "properties": { "kemendagri_kab_code": 7317, "kemendagri_kab_name": "Kabupaten Luwu", "kemendagri_prov_code": 73, "kemendagri_prov_name": "Sulawesi Selatan" }, "geometry": { "type": "MultiPolygon", "coordinates": [ [ [ [ 120.083321906000037, -3.031779297999947 ], [ 120.113836434000063, -3.037957335999977 ], [ 120.106911800000034, -3.044745581999962 ], [ 120.112030425000057, -3.055582323999943 ], [ 120.105069508000042, -3.066012285999932 ], [ 120.110256449000076, -3.070059235999963 ], [ 120.113525752000101, -3.060593714999925 ], [ 120.129085893000024, -3.069948745999966 ], [ 120.142567346000078, -3.060781012999939 ], [ 120.138296767000043, -3.071920413999976 ], [ 120.153785856000013, -3.073530108999933 ], [ 120.163189078000073, -3.069478115999971 ], [ 120.160953339000116, -3.058438950999971 ], [ 120.177065634000087, -3.05358393399996 ], [ 120.209460097000033, -3.067457239999953 ], [ 120.227993323000078, -3.043676557999959 ], [ 120.247756883000079, -3.051667961999954 ], [ 120.248063292000097, -3.046506818999944 ], [ 120.262446903000068, -3.082121391999976 ], [ 120.260263094000038, -3.126590682999961 ], [ 120.251754141000106, -3.142280848999974 ], [ 120.256603165000115, -3.161556544999939 ], [ 120.381688496000038, -3.201936235999938 ], [ 120.388962508000077, -3.250222637999968 ], [ 120.405610722, -3.260955301999957 ], [ 120.41800295500002, -3.248934264999946 ], [ 120.419071778000102, -3.270048825999936 ], [ 120.398751294000022, -3.288922312999944 ], [ 120.408345281000038, -3.302542347999974 ], [ 120.397052597000084, -3.318357157999969 ], [ 120.404490792000047, -3.339681292999956 ], [ 120.396967674000052, -3.385491942999977 ], [ 120.39736941600006, -3.386735164999948 ], [ 120.397581606000017, -3.385241224999959 ], [ 120.403785739000114, -3.383611576999954 ], [ 120.404139518000079, -3.384810493999964 ], [ 120.404570840000019, -3.431812064999974 ], [ 120.389433217000033, -3.445224774999929 ], [ 120.391494877000014, -3.488487376999956 ], [ 120.379301740000074, -3.500409242999979 ], [ 120.387417559000028, -3.522399925999935 ], [ 120.401976359000059, -3.53116879099997 ], [ 120.400396400000091, -3.552345144999947 ], [ 120.417530620000093, -3.573401083999954 ], [ 120.421011357000111, -3.614167920999932 ], [ 120.408327241000052, -3.667348216999926 ], [ 120.355973049000113, -3.651624519999928 ], [ 120.333305438000025, -3.654745987999945 ], [ 120.324289194000016, -3.644384582999976 ], [ 120.292662736000011, -3.643071150999958 ], [ 120.27439727400008, -3.613711249999938 ], [ 120.234042433000013, -3.58449686299997 ], [ 120.198267594000072, -3.581378652999945 ], [ 120.179769541000041, -3.543139456999938 ], [ 120.177368978000118, -3.508043422999947 ], [ 120.155002341000113, -3.51775546999994 ], [ 120.15543625600003, -3.52382887999994 ], [ 120.140157035000016, -3.524478202999944 ], [ 120.112115874000096, -3.508731138999963 ], [ 120.09743942700004, -3.487932625999974 ], [ 120.100266900000065, -3.47713106499998 ], [ 120.074608379000097, -3.446231738999927 ], [ 120.059980250000081, -3.406272588999968 ], [ 120.039499908000039, -3.409893561999979 ], [ 120.025477254000066, -3.388297111999975 ], [ 120.038699304000033, -3.377922030999969 ], [ 120.044143713000039, -3.351129562999972 ], [ 120.029408629000045, -3.322120153999947 ], [ 120.025300797000114, -3.28254650699995 ], [ 119.98108228600006, -3.24929823399998 ], [ 119.980227344000014, -3.223934750999945 ], [ 119.993693606000079, -3.211924955999962 ], [ 119.984424235, -3.188715000999935 ], [ 120.010007493000103, -3.167192745999955 ], [ 120.023498061000055, -3.106255739999938 ], [ 120.016909296000108, -3.091620367999951 ], [ 120.028009034000092, -3.070728562999932 ], [ 120.021310991000064, -3.072213440999974 ], [ 120.007770445, -3.052251965999972 ], [ 120.025341234000052, -3.055290682999953 ], [ 120.034455816000104, -3.043886096999927 ], [ 120.046267851000039, -3.046902758999977 ], [ 120.083321906000037, -3.031779297999947 ] ] ], [ [ [ 120.10544122500005, -2.663866522999967 ], [ 120.138592533000065, -2.68201634899998 ], [ 120.130505471000106, -2.703755299999955 ], [ 120.17103062800004, -2.736001449999947 ], [ 120.176519594000069, -2.763329785999929 ], [ 120.190774555000075, -2.764456440999936 ], [ 120.248733654000034, -2.826211337999951 ], [ 120.260440278000033, -2.823725580999962 ], [ 120.255532103000064, -2.837994591999973 ], [ 120.27695683200011, -2.867544402999954 ], [ 120.267152857000042, -2.893759238999962 ], [ 120.283234833000051, -2.901731029999951 ], [ 120.287904290000029, -2.914757970999972 ], [ 120.25683264700001, -2.946203527999955 ], [ 120.213536491000013, -2.95727902699997 ], [ 120.219954079000104, -2.898451148999925 ], [ 120.182857768000076, -2.887302150999972 ], [ 120.183192351000116, -2.881381193999971 ], [ 120.14308165500006, -2.896143608999978 ], [ 120.122954744000026, -2.912084285999924 ], [ 120.094343344000094, -2.917827030999945 ], [ 120.086682354000118, -2.930371909999963 ], [ 120.049533255000028, -2.952455200999964 ], [ 120.052624428000058, -2.93111240099995 ], [ 120.006034172000113, -2.903559282999936 ], [ 120.005618529000117, -2.889644722999947 ], [ 119.981361659000072, -2.860382107999953 ], [ 119.99076328600006, -2.844035104999932 ], [ 119.944041623000089, -2.781259335999948 ], [ 119.912831230000052, -2.780283147999967 ], [ 119.88593241, -2.763079346999973 ], [ 119.901222082000118, -2.726614066999957 ], [ 119.908220317000087, -2.721796800999925 ], [ 119.927434464000044, -2.728121408999925 ], [ 119.940634722000027, -2.705663757999957 ], [ 119.957951912000112, -2.698703095999974 ], [ 120.046712933000094, -2.700585867999962 ], [ 120.06128341200008, -2.689495013999931 ], [ 120.074650864000091, -2.697300992999942 ], [ 120.10544122500005, -2.663866522999967 ] ] ] ] } },
{ "type": "Feature", "properties": { "kemendagri_kab_code": 7318, "kemendagri_kab_name": "Kabupaten Tana Toraja", "kemendagri_prov_code": 73, "kemendagri_prov_name": "Sulawesi Selatan" }, "geometry": { "type": "Polygon", "coordinates": [ [ [ 119.68171638900003, -2.756215277999956 ], [ 119.675117821000072, -2.768849669999952 ], [ 119.684884122000085, -2.776803338999969 ], [ 119.674020280000036, -2.805071975999965 ], [ 119.691610171000093, -2.823142231999952 ], [ 119.696464271000082, -2.845017409999969 ], [ 119.686827168000036, -2.853860370999939 ], [ 119.690583934000074, -2.870366897999929 ], [ 119.675757916000066, -2.918943388999935 ], [ 119.683315084000014, -2.925815271999966 ], [ 119.699820105000072, -2.924127865999935 ], [ 119.720896953000079, -2.955786595999939 ], [ 119.750235202000113, -2.95407486299996 ], [ 119.774110686000085, -2.939524891999952 ], [ 119.796583874000021, -2.945126068999969 ], [ 119.808042550000096, -2.959846679999941 ], [ 119.812363985000047, -2.987202909999951 ], [ 119.81300666900006, -3.009472116999973 ], [ 119.802521856000112, -3.023629465999932 ], [ 119.818679161000091, -3.027514511999925 ], [ 119.831990666000024, -3.010063626999965 ], [ 119.857507771000087, -3.054297310999971 ], [ 119.858894092000014, -3.042344317999948 ], [ 119.878292353, -3.021088995999946 ], [ 119.895376443000032, -3.026956118999976 ], [ 119.894978596000101, -3.045006200999978 ], [ 119.926926335000076, -3.049474215999965 ], [ 119.937194410000075, -3.068361612999979 ], [ 119.968922550000116, -3.069086411999933 ], [ 119.959045759000105, -3.100292104999937 ], [ 119.97943495700008, -3.109058183999934 ], [ 119.967819479000013, -3.12551037399993 ], [ 119.978187079, -3.152353159999961 ], [ 119.972963697000068, -3.174132909999969 ], [ 119.987066667000022, -3.182704721999926 ], [ 119.993693606000079, -3.211924955999962 ], [ 119.980227344000014, -3.223934750999945 ], [ 119.98108228600006, -3.24929823399998 ], [ 120.025300797000114, -3.28254650699995 ], [ 120.029408629000045, -3.322120153999947 ], [ 120.044143713000039, -3.351129562999972 ], [ 120.041416667000021, -3.368305555999939 ], [ 120.001681233000113, -3.334257547999925 ], [ 120.005986304000089, -3.318940032999933 ], [ 119.997879074000025, -3.303394946999958 ], [ 119.988205102000052, -3.307879482999965 ], [ 119.966232159000015, -3.291329322999957 ], [ 119.937116096000068, -3.293399726999951 ], [ 119.921806428000082, -3.263803458999973 ], [ 119.881885960000091, -3.256827050999959 ], [ 119.878961169000036, -3.269531381999968 ], [ 119.861207755, -3.269721536999953 ], [ 119.850150363000012, -3.280893569999932 ], [ 119.842236921000108, -3.262986464999926 ], [ 119.829000467000014, -3.265293652999958 ], [ 119.815077237000082, -3.245493581999938 ], [ 119.781655937000096, -3.237580915999956 ], [ 119.773940602000039, -3.245365297999967 ], [ 119.771137602000067, -3.274321325999949 ], [ 119.730532290000042, -3.294040043999928 ], [ 119.715828591000104, -3.286770467999929 ], [ 119.713257496000097, -3.313480012999946 ], [ 119.723803562000057, -3.329926341999965 ], [ 119.725426820000052, -3.382756823999955 ], [ 119.684176293000064, -3.389558715999954 ], [ 119.667751037000016, -3.368222216999925 ], [ 119.651301230000058, -3.362905611999963 ], [ 119.654338331000076, -3.342935634999947 ], [ 119.642631527000049, -3.33544960699993 ], [ 119.647377732000109, -3.323748905999935 ], [ 119.620473806000064, -3.302128151999966 ], [ 119.615748017000101, -3.286897145999944 ], [ 119.602579448000029, -3.282220043999928 ], [ 119.579708985000025, -3.288301020999938 ], [ 119.557867544000032, -3.269536784999957 ], [ 119.528464581000094, -3.274474771999962 ], [ 119.518968178000023, -3.279617224999924 ], [ 119.520670887000051, -3.309628825999937 ], [ 119.501235174000044, -3.315585949999956 ], [ 119.47608566200006, -3.288316188999943 ], [ 119.47105129800002, -3.29358835599993 ], [ 119.45772291000003, -3.283750002999966 ], [ 119.436363913000037, -3.285190782999962 ], [ 119.432066718000101, -3.261726797999927 ], [ 119.419938757000068, -3.247753245999945 ], [ 119.403691692000052, -3.246802201999969 ], [ 119.390145119000067, -3.219074556999942 ], [ 119.374235671000065, -3.212631760999955 ], [ 119.374113317000024, -3.195029318999957 ], [ 119.393752638000024, -3.198852775999967 ], [ 119.431972222000013, -3.167388888999938 ], [ 119.444659349000062, -3.191169170999956 ], [ 119.462036749000049, -3.181351043999939 ], [ 119.470313536000049, -3.190894219999961 ], [ 119.482112424000093, -3.189852550999944 ], [ 119.515681407000102, -3.171040841999968 ], [ 119.535922092000078, -3.139400860999956 ], [ 119.572972222000089, -3.14475 ], [ 119.57300968100003, -3.131037178999975 ], [ 119.598367687000064, -3.128113448999954 ], [ 119.605937616, -3.118112155999938 ], [ 119.636937681000063, -3.127769959999966 ], [ 119.619533115000081, -3.078997225999956 ], [ 119.594924314000082, -3.062864671999932 ], [ 119.5646065090001, -2.994338176999975 ], [ 119.576598427000022, -2.950223727999969 ], [ 119.549984571000095, -2.897343662999958 ], [ 119.566097747000072, -2.878942117999941 ], [ 119.578919617000111, -2.837000337999939 ], [ 119.56782041800011, -2.798193992999927 ], [ 119.575481726000021, -2.771028316999946 ], [ 119.585638301000017, -2.763702075999959 ], [ 119.578016007000087, -2.753551372999937 ], [ 119.586327107000102, -2.743022075999932 ], [ 119.60828170700006, -2.739019049999968 ], [ 119.614133222000078, -2.750379653999971 ], [ 119.630707458000074, -2.754604123999968 ], [ 119.68171638900003, -2.756215277999956 ] ] ] } },
{ "type": "Feature", "properties": { "kemendagri_kab_code": 7322, "kemendagri_kab_name": "Kabupaten Luwu Utara", "kemendagri_prov_code": 73, "kemendagri_prov_name": "Sulawesi Selatan" }, "geometry": { "type": "MultiPolygon", "coordinates": [ [ [ [ 120.289912892000075, -2.910590285999945 ], [ 120.288805253000078, -2.91158549599993 ], [ 120.28978440100002, -2.910485589999951 ], [ 120.289912892000075, -2.910590285999945 ] ] ], [ [ [ 120.29005566, -2.910699740999974 ], [ 120.290655284000081, -2.911308882999947 ], [ 120.290150838000045, -2.912046515999975 ], [ 120.29005566, -2.910699740999974 ] ] ], [ [ [ 120.290502999000068, -2.909115019999945 ], [ 120.29033167800003, -2.910323785999935 ], [ 120.289860544000021, -2.910033491999968 ], [ 120.290502999000068, -2.909115019999945 ] ] ], [ [ [ 120.293937314000118, -2.909035862999929 ], [ 120.290332431000024, -2.913122587999965 ], [ 120.292931992000035, -2.906043690999979 ], [ 120.293937314000118, -2.909035862999929 ] ] ], [ [ [ 120.501830638000115, -2.774628914999937 ], [ 120.500179292000098, -2.774386209999932 ], [ 120.501606969000022, -2.773896040999944 ], [ 120.501830638000115, -2.774628914999937 ] ] ], [ [ [ 120.075425688000109, -1.94808975899997 ], [ 120.087524456000097, -1.96648016499995 ], [ 120.109214628000018, -1.977818767999963 ], [ 120.115848339000081, -1.999998995999931 ], [ 120.129842002000032, -1.996867022999936 ], [ 120.138935024000034, -1.97967088799993 ], [ 120.166052692000108, -1.962181494999925 ], [ 120.180247331000032, -1.966119022999976 ], [ 120.197821152000074, -1.994559633999927 ], [ 120.219018496000103, -1.996157318999963 ], [ 120.231991998000012, -1.982577439999943 ], [ 120.269502744000079, -2.025707083999976 ], [ 120.287752795000074, -2.027355083999964 ], [ 120.299216576000049, -2.050358853999967 ], [ 120.307948405000047, -2.052081186999942 ], [ 120.312708913000051, -2.042507821999948 ], [ 120.326081167000098, -2.03999463599996 ], [ 120.329041949000043, -1.997129598999948 ], [ 120.343696256000044, -1.977207481999926 ], [ 120.354656370000043, -1.979619898999943 ], [ 120.361650714, -1.992611554999939 ], [ 120.382202409000115, -1.984258775999933 ], [ 120.391945510000028, -1.996899201999952 ], [ 120.386769807000064, -1.959181099999967 ], [ 120.399117651000097, -1.954235660999927 ], [ 120.406646172000023, -1.971727870999928 ], [ 120.428705009000055, -1.986141397999972 ], [ 120.428371005000031, -1.996282984999937 ], [ 120.445849698000075, -2.011218155999927 ], [ 120.468507455, -2.055670188999954 ], [ 120.476934713000105, -2.049642220999942 ], [ 120.483149691000108, -2.057523207999964 ], [ 120.481985403000067, -2.086507583999946 ], [ 120.496788831000117, -2.094153078999966 ], [ 120.508135956000046, -2.112891094999952 ], [ 120.513364122000098, -2.110168449999946 ], [ 120.51968050500011, -2.140050368999937 ], [ 120.508155982000062, -2.162794384999927 ], [ 120.506918796000036, -2.205890461999957 ], [ 120.488771731000043, -2.211132892999956 ], [ 120.486553133000029, -2.231837377999966 ], [ 120.469818414000088, -2.247928458999979 ], [ 120.473556570000028, -2.26105013199998 ], [ 120.4833, -2.280198888999962 ], [ 120.499754592000045, -2.287643530999958 ], [ 120.523197972000048, -2.328339564999965 ], [ 120.531641784000044, -2.36001466099998 ], [ 120.520236954000097, -2.379099544999974 ], [ 120.542584137000063, -2.405768678999948 ], [ 120.540562542000089, -2.428168382999957 ], [ 120.574807019000104, -2.463115069999958 ], [ 120.620701563000011, -2.58470045699994 ], [ 120.636082945000112, -2.590026081999952 ], [ 120.631503094000095, -2.620051691999947 ], [ 120.655919632000064, -2.66722247499996 ], [ 120.63312987900008, -2.682613317999937 ], [ 120.607844865000061, -2.677980610999953 ], [ 120.571938851000027, -2.686071427999934 ], [ 120.573222237000095, -2.705473647999952 ], [ 120.538914538000085, -2.738895358999969 ], [ 120.537724807000018, -2.755753840999944 ], [ 120.527714415000105, -2.767134802999976 ], [ 120.499417864000065, -2.773605746999976 ], [ 120.450486628000021, -2.82605572999995 ], [ 120.350345284000014, -2.866844871999945 ], [ 120.322305904000018, -2.901543262999951 ], [ 120.30202934700003, -2.904504371999963 ], [ 120.294294517000026, -2.916634669999951 ], [ 120.295309966000104, -2.905760336999947 ], [ 120.292863880000027, -2.905236855999931 ], [ 120.291742361000047, -2.907398298999965 ], [ 120.291028523000023, -2.906322781999961 ], [ 120.288097027000049, -2.910986525999931 ], [ 120.267269523000095, -2.89411802799998 ], [ 120.27695683200011, -2.867544402999954 ], [ 120.255532103000064, -2.837994591999973 ], [ 120.260440278000033, -2.823725580999962 ], [ 120.248733654000034, -2.826211337999951 ], [ 120.190774555000075, -2.764456440999936 ], [ 120.176380252000058, -2.763174697999943 ], [ 120.17103062800004, -2.736001449999947 ], [ 120.130505471000106, -2.703755299999955 ], [ 120.139754339000092, -2.692031570999973 ], [ 120.132923892, -2.675076625999964 ], [ 120.114976506000062, -2.673073597999974 ], [ 120.107546849000073, -2.663040271999932 ], [ 120.074650864000091, -2.697300992999942 ], [ 120.06128341200008, -2.689495013999931 ], [ 120.046712933000094, -2.700585867999962 ], [ 119.958035549000101, -2.698671335999961 ], [ 119.940634722000027, -2.705663757999957 ], [ 119.927434464000044, -2.728121408999925 ], [ 119.903192515000114, -2.724916274999941 ], [ 119.893248559000085, -2.73688969799997 ], [ 119.891715421000072, -2.759439623999981 ], [ 119.882247353000025, -2.761701380999966 ], [ 119.85562053000001, -2.688089318999971 ], [ 119.836854385000038, -2.696676625999942 ], [ 119.842594058000032, -2.677384408999956 ], [ 119.838555967000048, -2.647405780999975 ], [ 119.851792355000043, -2.634272844999941 ], [ 119.82990738, -2.613632229999951 ], [ 119.809762889000012, -2.618783207999968 ], [ 119.782808672000101, -2.609029849999956 ], [ 119.784396187000084, -2.597541482999929 ], [ 119.759968553000022, -2.586361778999958 ], [ 119.762238963000073, -2.571879184999943 ], [ 119.745284734000052, -2.535192646999974 ], [ 119.710493649000114, -2.514594670999941 ], [ 119.710077087000059, -2.488975670999935 ], [ 119.724451462000047, -2.467004295999971 ], [ 119.722925149000048, -2.43589335799993 ], [ 119.708782399000029, -2.418561919999945 ], [ 119.722879876000093, -2.392711443999929 ], [ 119.710767345000022, -2.378501472999972 ], [ 119.687837451000064, -2.371161307999955 ], [ 119.680503850000036, -2.328099340999927 ], [ 119.699014001000023, -2.313989988999936 ], [ 119.6762640500001, -2.270490400999961 ], [ 119.712202476000016, -2.256231508999974 ], [ 119.747179898000013, -2.221380275999934 ], [ 119.738198282000099, -2.188436360999958 ], [ 119.711, -2.1425 ], [ 119.734296927000059, -2.125595621999935 ], [ 119.777072536000105, -2.119460369999956 ], [ 119.792027778000033, -2.108472221999932 ], [ 119.80471568300004, -2.112026471999968 ], [ 119.817381283000032, -2.09573706599997 ], [ 119.817715807000013, -2.059311524999941 ], [ 119.828374206000035, -2.046729567999932 ], [ 119.851385773000061, -2.042042394999953 ], [ 119.868389277, -2.019400423999969 ], [ 119.884186990000103, -2.04608392199998 ], [ 119.909275498000056, -2.053294928999946 ], [ 119.920820641000091, -2.033144264999976 ], [ 119.931443612000066, -2.036939239999924 ], [ 119.944990676000089, -2.028761824999947 ], [ 119.945085853000023, -2.01454851099993 ], [ 119.970773852000093, -1.997280968999974 ], [ 119.977164511000069, -1.975205217999928 ], [ 119.995159619000106, -1.957862514999931 ], [ 120.028054169000029, -1.970013390999952 ], [ 120.037510450000013, -1.964744634999931 ], [ 120.044565912000053, -1.97213624099993 ], [ 120.075425688000109, -1.94808975899997 ] ] ] ] } },
{ "type": "Feature", "properties": { "kemendagri_kab_code": 7324, "kemendagri_kab_name": "Kabupaten Luwu Timur", "kemendagri_prov_code": 73, "kemendagri_prov_name": "Sulawesi Selatan" }, "geometry": { "type": "MultiPolygon", "coordinates": [ [ [ [ 121.010256349000088, -2.866337408999925 ], [ 121.010194360000014, -2.866442844999938 ], [ 121.010178394000036, -2.866293310999936 ], [ 121.010256349000088, -2.866337408999925 ] ] ], [ [ [ 120.964813254000092, -2.807481722999967 ], [ 120.9576929750001, -2.815026124999974 ], [ 120.955060107, -2.811056693999944 ], [ 120.964813254000092, -2.807481722999967 ] ] ], [ [ [ 121.00197993200004, -2.67883235499994 ], [ 121.001740796000036, -2.678507558999968 ], [ 121.001830026000107, -2.678439743999945 ], [ 121.00197993200004, -2.67883235499994 ] ] ], [ [ [ 121.000543927000081, -2.678137552999942 ], [ 121.000234597000031, -2.678100670999925 ], [ 121.000534409000011, -2.678018579999957 ], [ 121.000543927000081, -2.678137552999942 ] ] ], [ [ [ 120.976416902000096, -2.668503106999935 ], [ 120.977411536000091, -2.669741362999957 ], [ 120.976287519000039, -2.669797187999961 ], [ 120.976416902000096, -2.668503106999935 ] ] ], [ [ [ 120.884576130000028, -2.64274435699997 ], [ 120.884322032000114, -2.642599607999955 ], [ 120.884540438000045, -2.642482616999928 ], [ 120.884576130000028, -2.64274435699997 ] ] ], [ [ [ 121.047999559000118, -2.699246961999961 ], [ 121.048579322000023, -2.702656512999965 ], [ 121.047009302000106, -2.702248918999942 ], [ 121.047999559000118, -2.699246961999961 ] ] ], [ [ [ 121.044394923000027, -2.696722626999929 ], [ 121.04440059500007, -2.696481616999961 ], [ 121.04450806400007, -2.696501284999954 ], [ 121.044394923000027, -2.696722626999929 ] ] ], [ [ [ 121.045292563000089, -2.696332419999976 ], [ 121.044892910000044, -2.696087210999963 ], [ 121.045303912, -2.695846855999946 ], [ 121.045292563000089, -2.696332419999976 ] ] ], [ [ [ 121.026069067000094, -2.660784809999939 ], [ 121.028421322000099, -2.66626064999997 ], [ 121.024794683000096, -2.660894849999977 ], [ 121.026069067000094, -2.660784809999939 ] ] ], [ [ [ 121.010239674000104, -2.867187459999968 ], [ 120.996817453000062, -2.869798453999977 ], [ 120.986660605000111, -2.836887099999956 ], [ 120.988349463000077, -2.830810472999929 ], [ 120.975217342000064, -2.808667730999957 ], [ 120.99438086400005, -2.818785890999948 ], [ 121.003720552000118, -2.814214276999962 ], [ 121.006363512, -2.798977244999946 ], [ 121.017051481000067, -2.808986525999956 ], [ 121.033214465000015, -2.767615457999966 ], [ 121.035819942000103, -2.777098643999977 ], [ 121.048210329000085, -2.777779615999975 ], [ 121.062190442000087, -2.764417863999938 ], [ 121.068163879000053, -2.738062702999969 ], [ 121.083541493000098, -2.744592196999974 ], [ 121.09727419100011, -2.71691170899993 ], [ 121.087473420000038, -2.715565979999951 ], [ 121.079030236000108, -2.697109262999959 ], [ 121.037636326000097, -2.694717140999956 ], [ 121.037260404000108, -2.663726415999975 ], [ 121.028991063000035, -2.653791928999965 ], [ 121.021097202000078, -2.651590926999972 ], [ 121.020132840000088, -2.672757114999968 ], [ 120.994756290000055, -2.679224458999954 ], [ 120.983112875000074, -2.66823506399993 ], [ 120.954317722000042, -2.668164624999974 ], [ 120.942968010000072, -2.657915809999963 ], [ 120.90759648300002, -2.66230584799996 ], [ 120.90586556400001, -2.649773939999932 ], [ 120.890241031000073, -2.639798346999953 ], [ 120.867697026000087, -2.643944854999972 ], [ 120.866154025000014, -2.655934760999969 ], [ 120.856531485000119, -2.657153044999973 ], [ 120.839828413000077, -2.649544081999977 ], [ 120.817156218000036, -2.619477403999952 ], [ 120.807898434000094, -2.618649016999939 ], [ 120.785432905000107, -2.627273101999947 ], [ 120.755023661000109, -2.62003045299997 ], [ 120.746321012000067, -2.637016892999952 ], [ 120.674117350000074, -2.644931311999926 ], [ 120.655919632000064, -2.66722247499996 ], [ 120.649418583000056, -2.657471415999964 ], [ 120.631503094000095, -2.620051691999947 ], [ 120.636082945000112, -2.590026081999952 ], [ 120.620701563000011, -2.58470045699994 ], [ 120.574807019000104, -2.463115069999958 ], [ 120.540562542000089, -2.428168382999957 ], [ 120.542584137000063, -2.405768678999948 ], [ 120.520236954000097, -2.379099544999974 ], [ 120.531641784000044, -2.36001466099998 ], [ 120.523197972000048, -2.328339564999965 ], [ 120.499754592000045, -2.287643530999958 ], [ 120.483078307000028, -2.279958657999941 ], [ 120.469835975000024, -2.24808393099994 ], [ 120.486553133000029, -2.231837377999966 ], [ 120.490781484000081, -2.208708722999972 ], [ 120.506994760000111, -2.205676239999946 ], [ 120.508155982000062, -2.162794384999927 ], [ 120.520398718000024, -2.144814274999931 ], [ 120.513179748000084, -2.102822644999947 ], [ 120.524410803000023, -2.090425652999954 ], [ 120.522222222000096, -2.08275 ], [ 120.529650779, -2.083043721999957 ], [ 120.517940783000086, -2.044256813999937 ], [ 120.523624364000057, -2.032039338999937 ], [ 120.54056291400002, -2.038287735999972 ], [ 120.544618427000046, -2.01858516599998 ], [ 120.572388372000091, -2.049036119999926 ], [ 120.573673444000065, -2.064661287999968 ], [ 120.599510426000052, -2.095981439999946 ], [ 120.636167450000016, -2.113540434999948 ], [ 120.640872909000109, -2.132451855999932 ], [ 120.676127524000094, -2.167220480999958 ], [ 120.686613908000027, -2.20377455299996 ], [ 120.723430672000063, -2.211003116999962 ], [ 120.719534305000025, -2.219125408999957 ], [ 120.73759515800009, -2.228708686999937 ], [ 120.743054800000095, -2.241827355999931 ], [ 120.779896640000061, -2.228111983999952 ], [ 120.782919932000027, -2.213098831999957 ], [ 120.805712744000061, -2.223702503999959 ], [ 120.823530600000026, -2.217904566999948 ], [ 120.855169506000038, -2.222344630999942 ], [ 120.857363360000022, -2.256174508999948 ], [ 120.879976193000061, -2.266795234999961 ], [ 120.95777363600007, -2.251852234999944 ], [ 120.994369099000096, -2.275107307999974 ], [ 121.015834611000059, -2.258406569999977 ], [ 121.046655423000061, -2.249695023999948 ], [ 121.053054107000094, -2.254847578999943 ], [ 121.048798432000012, -2.265302682999959 ], [ 121.107625005000045, -2.280768012999943 ], [ 121.102244183000039, -2.297852314999943 ], [ 121.109413009000036, -2.315484491999939 ], [ 121.085154533000036, -2.373296076999964 ], [ 121.088702993000084, -2.38723671899993 ], [ 121.105465834000029, -2.400280300999952 ], [ 121.122464104000073, -2.393483768999943 ], [ 121.134801214000049, -2.407511398999929 ], [ 121.169283430000064, -2.381305930999929 ], [ 121.193818232000012, -2.374707456999943 ], [ 121.198804591000112, -2.364871069999936 ], [ 121.208310950000055, -2.371092132999934 ], [ 121.227926191000051, -2.368372755999928 ], [ 121.254586918000086, -2.40318267899994 ], [ 121.265736578000087, -2.403675488999966 ], [ 121.292334095000115, -2.376473284999975 ], [ 121.391028883000104, -2.41108603899994 ], [ 121.405929534000052, -2.403614199999936 ], [ 121.442138889000034, -2.405037499999935 ], [ 121.451137258000017, -2.417811464999943 ], [ 121.468781300000046, -2.415391769999928 ], [ 121.497651245000043, -2.446440336999956 ], [ 121.570327316000089, -2.49124825399997 ], [ 121.585286949000078, -2.528123986999958 ], [ 121.620694719000085, -2.535065750999934 ], [ 121.629891823000094, -2.50557146999995 ], [ 121.672987869000053, -2.519925272999956 ], [ 121.673970789, -2.541616743999953 ], [ 121.697096904000091, -2.580591549999951 ], [ 121.720114705000015, -2.60376948399994 ], [ 121.747820852000018, -2.606502317999968 ], [ 121.784140631000014, -2.641680708999957 ], [ 121.773456295000074, -2.682923420999941 ], [ 121.750631327000065, -2.679064859999926 ], [ 121.735380772000099, -2.698555047999946 ], [ 121.747465797000018, -2.717971402999979 ], [ 121.715339896000046, -2.753339467999979 ], [ 121.717192863000037, -2.77723952499997 ], [ 121.706772936000107, -2.807263467999974 ], [ 121.674790776, -2.822301249999953 ], [ 121.671735231000071, -2.84028251899997 ], [ 121.650979490000054, -2.846193674999938 ], [ 121.659635546000118, -2.861004497999943 ], [ 121.668381454000041, -2.858292507999977 ], [ 121.67084232000002, -2.870828457999949 ], [ 121.685589182000058, -2.865866680999943 ], [ 121.688527148000048, -2.888577729999952 ], [ 121.670222222, -2.90045 ], [ 121.634302825000077, -2.893583358999933 ], [ 121.598359927000047, -2.902358171999936 ], [ 121.564866385000073, -2.921053442999948 ], [ 121.54781080500004, -2.917784407999932 ], [ 121.540088264000019, -2.928912406999927 ], [ 121.523663268000064, -2.931516476999946 ], [ 121.516221494000092, -2.92517797499994 ], [ 121.511416667000049, -2.936805555999968 ], [ 121.483824394000067, -2.948906472999965 ], [ 121.472134401000062, -2.972611463999954 ], [ 121.481191077000062, -2.974919219999947 ], [ 121.48278867800002, -2.984241715999929 ], [ 121.461555920000023, -3.011399204999975 ], [ 121.443661002000113, -3.01163820599993 ], [ 121.436314337000113, -3.00154151299995 ], [ 121.417530611000075, -3.01594969599995 ], [ 121.38937992000001, -3.014470979999942 ], [ 121.367093, -2.988691 ], [ 121.34747, -2.984999 ], [ 121.319038, -2.963966 ], [ 121.299963, -2.944133 ], [ 121.297319, -2.926495 ], [ 121.251716000000101, -2.906512 ], [ 121.245431, -2.892703 ], [ 121.230715, -2.886666 ], [ 121.225947264000069, -2.869825485999968 ], [ 121.213020076000021, -2.870413828999972 ], [ 121.209222, -2.853581 ], [ 121.201003, -2.857131 ], [ 121.18659, -2.842016 ], [ 121.16507, -2.846811 ], [ 121.153207128000076, -2.812703815999953 ], [ 121.129071260000046, -2.79462732099995 ], [ 121.102333333000047, -2.790444441999966 ], [ 121.094156160000011, -2.776419989999965 ], [ 121.082459861000075, -2.773288753999964 ], [ 121.068332794000071, -2.787015818999976 ], [ 121.031967960000088, -2.791906019999942 ], [ 121.01863197800003, -2.819936097999971 ], [ 120.994890823000105, -2.828703422999979 ], [ 120.992386446000069, -2.847758517999978 ], [ 121.010239674000104, -2.867187459999968 ] ] ] ] } },
{ "type": "Feature", "properties": { "kemendagri_kab_code": 7326, "kemendagri_kab_name": "Kabupaten Toraja Utara", "kemendagri_prov_code": 73, "kemendagri_prov_name": "Sulawesi Selatan" }, "geometry": { "type": "Polygon", "coordinates": [ [ [ 119.760386111000116, -2.586633332999952 ], [ 119.784396187000084, -2.597541482999929 ], [ 119.782886139000084, -2.609094054999957 ], [ 119.805519517000107, -2.618255760999944 ], [ 119.834959769000079, -2.615670634999958 ], [ 119.851765404000048, -2.634234373999959 ], [ 119.838555967000048, -2.647405780999975 ], [ 119.842594058000032, -2.677384408999956 ], [ 119.836854385000038, -2.696676625999942 ], [ 119.85562053000001, -2.688089318999971 ], [ 119.877823853000109, -2.755983554999943 ], [ 119.890900441000099, -2.769522648999953 ], [ 119.912831230000052, -2.780283147999967 ], [ 119.941458737000062, -2.778797184999974 ], [ 119.951961251000057, -2.799861393999947 ], [ 119.961067052000089, -2.802073725999946 ], [ 119.963227066000059, -2.814546238999981 ], [ 119.99076328600006, -2.844035104999932 ], [ 119.981361659000072, -2.860382107999953 ], [ 120.005618529000117, -2.889644722999947 ], [ 120.006034172000113, -2.903559282999936 ], [ 120.052624428000058, -2.93111240099995 ], [ 120.049487276000036, -2.95232802299995 ], [ 120.060909604000017, -2.965339564999965 ], [ 120.051044819000026, -2.983460830999945 ], [ 120.085328582000102, -3.00716659099993 ], [ 120.084843056000068, -3.031606779999947 ], [ 120.040586308000115, -3.048303275999956 ], [ 120.034455816000104, -3.043886096999927 ], [ 120.025341234000052, -3.055290682999953 ], [ 120.007770445, -3.052251965999972 ], [ 120.021310991000064, -3.072213440999974 ], [ 120.026392153000074, -3.069504576999975 ], [ 120.028009034000092, -3.070728562999932 ], [ 120.016909296000108, -3.091620367999951 ], [ 120.023498061000055, -3.106255739999938 ], [ 120.010007493000103, -3.167192745999955 ], [ 119.987066667000022, -3.182704721999926 ], [ 119.973002695000105, -3.174325965999969 ], [ 119.978187079, -3.152353159999961 ], [ 119.967851848, -3.130364726999971 ], [ 119.97943495700008, -3.109058183999934 ], [ 119.959045759000105, -3.100292104999937 ], [ 119.968922550000116, -3.069086411999933 ], [ 119.937194410000075, -3.068361612999979 ], [ 119.926926335000076, -3.049474215999965 ], [ 119.894978596000101, -3.045006200999978 ], [ 119.895376443000032, -3.026956118999976 ], [ 119.878292353, -3.021088995999946 ], [ 119.858894092000014, -3.042344317999948 ], [ 119.857507771000087, -3.054297310999971 ], [ 119.831990666000024, -3.010063626999965 ], [ 119.818679161000091, -3.027514511999925 ], [ 119.802521856000112, -3.023629465999932 ], [ 119.81300666900006, -3.009472116999973 ], [ 119.812363985000047, -2.987202909999951 ], [ 119.808042550000096, -2.959846679999941 ], [ 119.796583874000021, -2.945126068999969 ], [ 119.774110686000085, -2.939524891999952 ], [ 119.750235202000113, -2.95407486299996 ], [ 119.720896953000079, -2.955786595999939 ], [ 119.699820105000072, -2.924127865999935 ], [ 119.683315084000014, -2.925815271999966 ], [ 119.675235970000017, -2.917877481999938 ], [ 119.690583934000074, -2.870366897999929 ], [ 119.686827168000036, -2.853860370999939 ], [ 119.696464271000082, -2.845017409999969 ], [ 119.691610171000093, -2.823142231999952 ], [ 119.674020280000036, -2.805071975999965 ], [ 119.684884122000085, -2.776803338999969 ], [ 119.675117821000072, -2.768849669999952 ], [ 119.707953456000041, -2.732203109999944 ], [ 119.747819967000055, -2.714385318999973 ], [ 119.745861576000038, -2.683479226999964 ], [ 119.755181421000088, -2.676603945999943 ], [ 119.750577693000082, -2.644228688999931 ], [ 119.756328325000027, -2.636818894999976 ], [ 119.743979196000055, -2.610620562999941 ], [ 119.760386111000116, -2.586633332999952 ] ] ] } },
{ "type": "Feature", "properties": { "kemendagri_kab_code": 7371, "kemendagri_kab_name": "Kota Makassar", "kemendagri_prov_code": 73, "kemendagri_prov_name": "Sulawesi Selatan" }, "geometry": { "type": "MultiPolygon", "coordinates": [ [ [ [ 119.263770141, -5.152026513999942 ], [ 119.262680973000101, -5.146182111999963 ], [ 119.264936702000114, -5.145239845999981 ], [ 119.266890027000045, -5.147148204999951 ], [ 119.263770141, -5.152026513999942 ] ] ], [ [ [ 119.28960639200011, -5.104702446999966 ], [ 119.287940769000102, -5.10574940999993 ], [ 119.289517162000038, -5.104071889999943 ], [ 119.28960639200011, -5.104702446999966 ] ] ], [ [ [ 119.321508123000058, -5.080803519999961 ], [ 119.319611189000057, -5.081092448999925 ], [ 119.320807467, -5.079703575999929 ], [ 119.321508123000058, -5.080803519999961 ] ] ], [ [ [ 119.330506690000107, -5.050917810999977 ], [ 119.3275672420001, -5.047093789999963 ], [ 119.33055347100003, -5.045701682999947 ], [ 119.330506690000107, -5.050917810999977 ] ] ], [ [ [ 119.27818814200009, -5.037041852999948 ], [ 119.276527278000117, -5.036306123999964 ], [ 119.278267569000036, -5.035912004999943 ], [ 119.27818814200009, -5.037041852999948 ] ] ], [ [ [ 119.091687906000061, -5.031384870999943 ], [ 119.096499176000066, -5.033622753999964 ], [ 119.09226254500004, -5.033701276999977 ], [ 119.091687906000061, -5.031384870999943 ] ] ], [ [ [ 119.075007008000057, -4.978811636999978 ], [ 119.075649463000104, -4.98135290099998 ], [ 119.074464491000072, -4.980003746999955 ], [ 119.075007008000057, -4.978811636999978 ] ] ], [ [ [ 119.215621865000116, -4.976651256999958 ], [ 119.213542216000064, -4.976108739999972 ], [ 119.2152411510001, -4.974971356999959 ], [ 119.215621865000116, -4.976651256999958 ] ] ], [ [ [ 119.484599287000037, -5.061255820999975 ], [ 119.50186067900006, -5.069453748999933 ], [ 119.532093964000069, -5.065361758999927 ], [ 119.543270628000073, -5.077045442999975 ], [ 119.539384597000094, -5.12234700099998 ], [ 119.518462797000097, -5.151009667999972 ], [ 119.496966221000093, -5.151354598999944 ], [ 119.501248928000109, -5.161294926999972 ], [ 119.519343705000097, -5.166051998999933 ], [ 119.511956438000084, -5.177081133999934 ], [ 119.515759431000106, -5.18998401999994 ], [ 119.49185060700006, -5.190005434999932 ], [ 119.463680556000099, -5.174258332999955 ], [ 119.455545900000061, -5.191983579999942 ], [ 119.414596938000045, -5.195628596999939 ], [ 119.404288822000012, -5.186201270999959 ], [ 119.394923776000041, -5.195461170999977 ], [ 119.411193073000049, -5.208269879999932 ], [ 119.406522222000035, -5.232338888999948 ], [ 119.397787317000052, -5.229110429999935 ], [ 119.399174314000106, -5.220298395999976 ], [ 119.385927778000109, -5.2161 ], [ 119.378851716000099, -5.194951924999941 ], [ 119.387293381000063, -5.182663826999942 ], [ 119.386162684000055, -5.158002873999976 ], [ 119.399641588, -5.150580047999938 ], [ 119.392892123000024, -5.149056069999972 ], [ 119.397550275000071, -5.140352833999941 ], [ 119.408122469000091, -5.147429802999966 ], [ 119.401221021000083, -5.133953270999939 ], [ 119.409599901000092, -5.112787352999931 ], [ 119.433665716000064, -5.10410057799993 ], [ 119.415950724000027, -5.093987351999942 ], [ 119.437764758000071, -5.105520515999956 ], [ 119.449966778000089, -5.096736048999958 ], [ 119.448558997000077, -5.086628502999929 ], [ 119.484599287000037, -5.061255820999975 ] ] ], [ [ [ 119.389612901000078, -5.131200821999926 ], [ 119.393945039000073, -5.137590130999968 ], [ 119.393390399000054, -5.138995789999967 ], [ 119.39009098300005, -5.136900760999936 ], [ 119.389612901000078, -5.131200821999926 ] ] ], [ [ [ 119.34386938800003, -5.124906526999951 ], [ 119.342850979000104, -5.125434766999945 ], [ 119.342922363000071, -5.124782794999931 ], [ 119.34386938800003, -5.124906526999951 ] ] ], [ [ [ 119.392881535000015, -5.127861303999964 ], [ 119.395630166000046, -5.121545260999937 ], [ 119.396592681000016, -5.120208178999974 ], [ 119.392881535000015, -5.127861303999964 ] ] ], [ [ [ 119.400366321000092, -5.114680132999979 ], [ 119.400551378000046, -5.113600493999968 ], [ 119.401399403000028, -5.113881029999959 ], [ 119.400366321000092, -5.114680132999979 ] ] ], [ [ [ 119.461957576000032, -5.065292242999931 ], [ 119.460163326000043, -5.063213762999965 ], [ 119.463100947000044, -5.064006968999934 ], [ 119.461957576000032, -5.065292242999931 ] ] ], [ [ [ 119.466382098000054, -5.059665708999944 ], [ 119.466290349000019, -5.061618331999966 ], [ 119.465543043000025, -5.059451984999953 ], [ 119.466382098000054, -5.059665708999944 ] ] ] ] } },
{ "type": "Feature", "properties": { "kemendagri_kab_code": 7372, "kemendagri_kab_name": "Kota Parepare", "kemendagri_prov_code": 73, "kemendagri_prov_name": "Sulawesi Selatan" }, "geometry": { "type": "Polygon", "coordinates": [ [ [ 119.66388543100004, -3.960589832999972 ], [ 119.660821188000114, -3.968310537999969 ], [ 119.678525443000012, -3.991067875999931 ], [ 119.686370363000037, -3.990170598999953 ], [ 119.675604289000034, -4.00729546599996 ], [ 119.698737657000038, -4.013792860999956 ], [ 119.70222354200007, -4.034150910999927 ], [ 119.71880086300007, -4.045950725999944 ], [ 119.710266927000021, -4.067092315999957 ], [ 119.721126112000093, -4.078230832999964 ], [ 119.66720513100006, -4.069448653999928 ], [ 119.64224475900005, -4.078595279999945 ], [ 119.620120466000117, -4.067031253999971 ], [ 119.616977548000023, -4.05219055699996 ], [ 119.625709363000055, -4.037910886999953 ], [ 119.620862717000023, -4.002023231999942 ], [ 119.629708140000048, -4.002394003999939 ], [ 119.634743345000061, -3.98252107299993 ], [ 119.66388543100004, -3.960589832999972 ] ] ] } },
{ "type": "Feature", "properties": { "kemendagri_kab_code": 7373, "kemendagri_kab_name": "Kota Palopo", "kemendagri_prov_code": 73, "kemendagri_prov_name": "Sulawesi Selatan" }, "geometry": { "type": "MultiPolygon", "coordinates": [ [ [ [ 120.183604141000046, -2.881728255999974 ], [ 120.182857768000076, -2.887302150999972 ], [ 120.221358788000089, -2.902996848999976 ], [ 120.212564754000027, -2.956356461999974 ], [ 120.200096241000097, -2.95719497999994 ], [ 120.188376854000012, -2.967979851999928 ], [ 120.197409083000025, -2.983156923999957 ], [ 120.210372386000017, -2.983504324999956 ], [ 120.203714654, -2.986507204999953 ], [ 120.221563380000021, -3.00710675299996 ], [ 120.229542526000046, -3.043051053999932 ], [ 120.209460097000033, -3.067457239999953 ], [ 120.177065634000087, -3.05358393399996 ], [ 120.160953339000116, -3.058438950999971 ], [ 120.163189078000073, -3.069478115999971 ], [ 120.153785856000013, -3.073530108999933 ], [ 120.138296767000043, -3.071920413999976 ], [ 120.142567346000078, -3.060781012999939 ], [ 120.129085893000024, -3.069948745999966 ], [ 120.113525752000101, -3.060593714999925 ], [ 120.109131050000087, -3.069660411999962 ], [ 120.106911800000034, -3.044745581999962 ], [ 120.113836434000063, -3.037957335999977 ], [ 120.086209598000096, -3.031947432999971 ], [ 120.084095510000111, -3.005371110999931 ], [ 120.051044819000026, -2.983460830999945 ], [ 120.060909604000017, -2.965339564999965 ], [ 120.049533255000028, -2.952455200999964 ], [ 120.086682354000118, -2.930371909999963 ], [ 120.094343344000094, -2.917827030999945 ], [ 120.122954744000026, -2.912084285999924 ], [ 120.14308165500006, -2.896143608999978 ], [ 120.183604141000046, -2.881728255999974 ] ] ], [ [ [ 120.198626699000101, -2.964216867999937 ], [ 120.203078239000092, -2.965427773999977 ], [ 120.20108970900003, -2.966555981999932 ], [ 120.198626699000101, -2.964216867999937 ] ] ], [ [ [ 120.197225735000075, -2.96245890299997 ], [ 120.197871805000091, -2.96333879599996 ], [ 120.196657930000015, -2.963575463999973 ], [ 120.197225735000075, -2.96245890299997 ] ] ], [ [ [ 120.200245187000064, -2.95820519199998 ], [ 120.203052839000065, -2.95986000399995 ], [ 120.200049406000062, -2.958678929999962 ], [ 120.200245187000064, -2.95820519199998 ] ] ] ] } }
]
}
