{
"type": "FeatureCollection",
"name": "74",
"crs": { "type": "name", "properties": { "name": "urn:ogc:def:crs:OGC:1.3:CRS84" } },
"features": [
{ "type": "Feature", "properties": { "kemendagri_kab_code": 7401, "kemendagri_kab_name": "Kabupaten Kolaka", "kemendagri_prov_code": 74, "kemendagri_prov_name": "Sulawesi Tenggara" }, "geometry": { "type": "MultiPolygon", "coordinates": [ [ [ [ 121.445192220000081, -4.174024374999931 ], [ 121.44495960200004, -4.174143957999945 ], [ 121.444921032000025, -4.173976971999934 ], [ 121.445192220000081, -4.174024374999931 ] ] ], [ [ [ 121.426906622000047, -4.085855280999965 ], [ 121.415444346000072, -4.111926080999979 ], [ 121.439713045000076, -4.116995000999964 ], [ 121.450200519000077, -4.102400243999966 ], [ 121.462947186000065, -4.103876414999945 ], [ 121.47084548600003, -4.111172637999971 ], [ 121.455637850000016, -4.117291991999934 ], [ 121.462883159000057, -4.134680148999962 ], [ 121.429232991000049, -4.130048916999954 ], [ 121.438250190000076, -4.159259584999973 ], [ 121.445497394000085, -4.160792095999966 ], [ 121.441738909000037, -4.16867702299993 ], [ 121.427364657000112, -4.169446995999976 ], [ 121.416739417000031, -4.154150226999946 ], [ 121.39010686000006, -4.170026829999927 ], [ 121.403677790000074, -4.136407598999938 ], [ 121.397867877000067, -4.124855384999933 ], [ 121.386311929000044, -4.124776791999977 ], [ 121.383252044000074, -4.10489347999993 ], [ 121.4038523480001, -4.114165553999953 ], [ 121.413942716000065, -4.103400593999936 ], [ 121.411865173000024, -4.084568124999976 ], [ 121.426906622000047, -4.085855280999965 ] ] ], [ [ [ 121.368106898000065, -4.081948142999977 ], [ 121.37598614, -4.094281036999973 ], [ 121.377758798000059, -4.10076016599993 ], [ 121.355044236000026, -4.090091808999944 ], [ 121.368106898000065, -4.081948142999977 ] ] ], [ [ [ 121.409599405000108, -4.082535523999979 ], [ 121.408371168000031, -4.084272125999973 ], [ 121.408309726000084, -4.08254562299993 ], [ 121.409599405000108, -4.082535523999979 ] ] ], [ [ [ 121.334169196000062, -4.076729473999933 ], [ 121.337652747000107, -4.084034362999944 ], [ 121.328810477000047, -4.086402900999929 ], [ 121.334169196000062, -4.076729473999933 ] ] ], [ [ [ 121.229640750000044, -3.91191848699998 ], [ 121.229208984000024, -3.909867744999929 ], [ 121.231453282000075, -3.91113295699995 ], [ 121.229640750000044, -3.91191848699998 ] ] ], [ [ [ 121.226569592000033, -3.866899866999972 ], [ 121.225322331000029, -3.873584875999939 ], [ 121.223841488000062, -3.874082580999925 ], [ 121.221842951000099, -3.869317167999952 ], [ 121.226569592000033, -3.866899866999972 ] ] ], [ [ [ 121.490254614000037, -4.192678403999935 ], [ 121.485919693000028, -4.200980046999973 ], [ 121.503800804000093, -4.200842318999946 ], [ 121.481133531000069, -4.204047720999938 ], [ 121.472154226000043, -4.226186440999925 ], [ 121.468433399000105, -4.207589237999969 ], [ 121.490254614000037, -4.192678403999935 ] ] ], [ [ [ 121.489602390000073, -4.181361938999942 ], [ 121.489371284000072, -4.18167189899998 ], [ 121.489139138000041, -4.181470678999972 ], [ 121.489602390000073, -4.181361938999942 ] ] ], [ [ [ 121.489714991000028, -4.174523506999947 ], [ 121.483553154000106, -4.174320150999961 ], [ 121.483806202000096, -4.165093917999968 ], [ 121.485272197000086, -4.160377376999975 ], [ 121.489714991000028, -4.174523506999947 ] ] ], [ [ [ 121.485752624000042, -4.155057919999933 ], [ 121.481765177000057, -4.154194583999981 ], [ 121.484222593000027, -4.151621754999951 ], [ 121.485752624000042, -4.155057919999933 ] ] ], [ [ [ 121.369842934000076, -3.62804960699998 ], [ 121.387238466000099, -3.639439611999933 ], [ 121.406032303000075, -3.628202432999956 ], [ 121.420007489000113, -3.630046713999945 ], [ 121.427343012000051, -3.669824752999943 ], [ 121.418131658000107, -3.695151991999978 ], [ 121.425815544000102, -3.712026790999971 ], [ 121.449647509000101, -3.707600998999965 ], [ 121.458722447000014, -3.719343213999935 ], [ 121.487167706000037, -3.724027369999931 ], [ 121.53578660800008, -3.76037243199994 ], [ 121.55949625400001, -3.795598552999934 ], [ 121.577482936000024, -3.796650790999934 ], [ 121.596432417000074, -3.818851957999925 ], [ 121.609241169000029, -3.821123356999976 ], [ 121.601746330000083, -3.863167056999941 ], [ 121.606098025000051, -3.876582990999964 ], [ 121.637620853000044, -3.90956706999998 ], [ 121.656799708000108, -3.909798427999931 ], [ 121.672455107000019, -3.931297766999933 ], [ 121.654701653000075, -3.977114621999931 ], [ 121.680609692000075, -3.988640664999934 ], [ 121.700145405000058, -4.014693718999979 ], [ 121.727520403000085, -4.027078174999929 ], [ 121.732121023000104, -4.037925778999977 ], [ 121.725158234000105, -4.05290840999993 ], [ 121.756096025000033, -4.042759880999938 ], [ 121.784498730000109, -4.053972380999937 ], [ 121.780015164000019, -4.111199170999953 ], [ 121.763500529000112, -4.132896293999977 ], [ 121.773327382000048, -4.14477560399996 ], [ 121.780367450000085, -4.181109877999972 ], [ 121.739263573000017, -4.203330006999977 ], [ 121.747642875000111, -4.217907036999975 ], [ 121.74626059000002, -4.244520939999973 ], [ 121.734164934000091, -4.251289593999957 ], [ 121.740675389000103, -4.267087469999979 ], [ 121.753222722000032, -4.269878716999926 ], [ 121.772825428000033, -4.295805422999933 ], [ 121.739355834000094, -4.288734902999977 ], [ 121.701615357000037, -4.293319431999976 ], [ 121.72651045200007, -4.356789813999967 ], [ 121.782794697000099, -4.390886444999978 ], [ 121.796180696000079, -4.389175555999941 ], [ 121.811415277000037, -4.415833880999969 ], [ 121.792874569000105, -4.431813663999947 ], [ 121.782110001000092, -4.455743222999956 ], [ 121.754401979000022, -4.466262599999936 ], [ 121.752722240000026, -4.48025920699996 ], [ 121.737243877000083, -4.491609822999976 ], [ 121.72414032000006, -4.491746616999933 ], [ 121.723637771000085, -4.52409049299996 ], [ 121.71037187200011, -4.527177696999956 ], [ 121.669581681000068, -4.615229036999949 ], [ 121.654784876, -4.59835355499996 ], [ 121.650145745000032, -4.568411289999972 ], [ 121.622070704000066, -4.559721088999936 ], [ 121.612838780000061, -4.572693243999936 ], [ 121.596851381000079, -4.570344906999935 ], [ 121.59281343400005, -4.57733731899998 ], [ 121.577354689000117, -4.570577206999928 ], [ 121.566262901000073, -4.578991913999971 ], [ 121.55793639500007, -4.568548918999966 ], [ 121.510125915000117, -4.587507674999927 ], [ 121.504381049000017, -4.582004243999961 ], [ 121.491592318000016, -4.592083486999968 ], [ 121.470234445000074, -4.590986361999967 ], [ 121.477022778000105, -4.549456310999972 ], [ 121.495541485000103, -4.512572877999958 ], [ 121.525172321000014, -4.402419193999947 ], [ 121.516619971000068, -4.355093860999943 ], [ 121.533800809000013, -4.282507123999949 ], [ 121.526891634000094, -4.244156603999954 ], [ 121.560767816000066, -4.244098492999967 ], [ 121.540339136000057, -4.25424458699996 ], [ 121.549895954000021, -4.266629980999937 ], [ 121.566499898000075, -4.26255757399997 ], [ 121.580438646000061, -4.243678236999926 ], [ 121.585082007000096, -4.229107728999963 ], [ 121.578532532000054, -4.209506312999963 ], [ 121.600781046000066, -4.187691515999973 ], [ 121.589455381000107, -4.176596650999954 ], [ 121.596314043, -4.182103277999943 ], [ 121.599738162000108, -4.17893492099995 ], [ 121.606048592000093, -4.18379837599997 ], [ 121.60706239000001, -4.183569555999952 ], [ 121.60753679700008, -4.162271375999978 ], [ 121.617253217000098, -4.15101943999997 ], [ 121.606023639000114, -4.102281352999967 ], [ 121.609146502000044, -4.066542215999959 ], [ 121.591194903000087, -4.062017905999937 ], [ 121.587559319000093, -4.051310200999978 ], [ 121.564529228000083, -4.039228382999966 ], [ 121.555273125000099, -4.045081856999957 ], [ 121.504983368000012, -4.017987343999948 ], [ 121.454549898000096, -4.007875949999971 ], [ 121.452047586000049, -4.023865876999935 ], [ 121.418800999000041, -3.999477215999946 ], [ 121.373202124000045, -4.002686066999956 ], [ 121.349329065, -3.99075154999997 ], [ 121.317804624000019, -3.943098543999952 ], [ 121.31482422800002, -3.917258324999978 ], [ 121.300343924000117, -3.889314677999948 ], [ 121.281980246000103, -3.884172188999969 ], [ 121.289225444000067, -3.883729134999953 ], [ 121.290786660000094, -3.879509991999953 ], [ 121.280610555000067, -3.882094944999949 ], [ 121.282003417000055, -3.889511521999964 ], [ 121.272984543, -3.889759985999945 ], [ 121.277287745000081, -3.896628159999977 ], [ 121.270372209000016, -3.897148821999963 ], [ 121.26608985900009, -3.911538550999978 ], [ 121.254624354000043, -3.911082710999949 ], [ 121.256231627000034, -3.919310111999948 ], [ 121.242796381000062, -3.912696355999969 ], [ 121.241124822000074, -3.902781598999979 ], [ 121.262634504000061, -3.883678875999976 ], [ 121.234395153000037, -3.869821053999942 ], [ 121.259673914000018, -3.854109668999968 ], [ 121.245630802000051, -3.828671515999929 ], [ 121.215961668000091, -3.822337687999948 ], [ 121.188678662000029, -3.829700688999935 ], [ 121.171298857000011, -3.825726087999954 ], [ 121.151035982000053, -3.787391217999925 ], [ 121.102650976000064, -3.745308020999971 ], [ 121.132964481000045, -3.709467510999957 ], [ 121.252666667000085, -3.657138610999937 ], [ 121.265905876000033, -3.675676825999972 ], [ 121.306175698000061, -3.694440458999964 ], [ 121.332539661000055, -3.696560401999932 ], [ 121.34314297200001, -3.685814102999927 ], [ 121.335826361000045, -3.668873068999972 ], [ 121.350678106000032, -3.645136326999932 ], [ 121.369842934000076, -3.62804960699998 ] ] ], [ [ [ 121.476727601000107, -4.112854462999962 ], [ 121.481979651000074, -4.118991482999945 ], [ 121.482802129000106, -4.121706955999969 ], [ 121.478378703000089, -4.120838154999944 ], [ 121.476727601000107, -4.112854462999962 ] ] ] ] } },
{ "type": "Feature", "properties": { "kemendagri_kab_code": 7402, "kemendagri_kab_name": "Kabupaten Konawe", "kemendagri_prov_code": 74, "kemendagri_prov_name": "Sulawesi Tenggara" }, "geometry": { "type": "MultiPolygon", "coordinates": [ [ [ [ 122.763666632000081, -3.979991520999931 ], [ 122.761409341000103, -3.978905932999965 ], [ 122.764605597000013, -3.977856067999937 ], [ 122.763666632000081, -3.979991520999931 ] ] ], [ [ [ 122.664484077000111, -3.938646034999977 ], [ 122.662254983000025, -3.943124824999927 ], [ 122.658916766000061, -3.939755444999946 ], [ 122.664484077000111, -3.938646034999977 ] ] ], [ [ [ 122.821653210000022, -3.878278103999946 ], [ 122.816877492000117, -3.878423479999981 ], [ 122.816156910000018, -3.877534882999953 ], [ 122.821653210000022, -3.878278103999946 ] ] ], [ [ [ 121.64387871100007, -2.897441759999936 ], [ 121.682702600000084, -2.902678164999941 ], [ 121.695071236000103, -2.921152167999935 ], [ 121.727398756000071, -2.916160375999937 ], [ 121.738264662, -2.925932008999951 ], [ 121.751534166000056, -2.923404694999931 ], [ 121.77176539800007, -2.943500620999941 ], [ 121.795784862000119, -2.94691531999996 ], [ 121.834179780000113, -2.972962670999948 ], [ 121.865620976000059, -2.967893516999936 ], [ 121.884203478000018, -3.009632088999979 ], [ 121.94124489100011, -3.028318978999948 ], [ 121.950963380000076, -3.048295818999975 ], [ 121.926647903000116, -3.123025938999945 ], [ 121.846110950000025, -3.20107165099995 ], [ 121.834132080000018, -3.226438170999927 ], [ 121.797578420000036, -3.241796222999938 ], [ 121.783130232000076, -3.238534963999939 ], [ 121.774405113000057, -3.242456088999973 ], [ 121.774509371000022, -3.251222215999974 ], [ 121.765698513000075, -3.252043844999946 ], [ 121.752211157000033, -3.234824164999964 ], [ 121.733641642000066, -3.247185280999929 ], [ 121.709876552000082, -3.238890947999948 ], [ 121.711328211000023, -3.229815308999946 ], [ 121.703847333000112, -3.226484609999943 ], [ 121.675292860000013, -3.223977 ], [ 121.68230781200009, -3.202387599999952 ], [ 121.665367116000084, -3.192108595999969 ], [ 121.655140252000024, -3.169844936999937 ], [ 121.633463372000051, -3.157958750999967 ], [ 121.615445064000028, -3.167615292999926 ], [ 121.595353579000061, -3.159395140999948 ], [ 121.585229370000093, -3.177006118999941 ], [ 121.573555792000093, -3.180110178999939 ], [ 121.546791444000064, -3.209822096999972 ], [ 121.546139061000076, -3.225199912999926 ], [ 121.555953792000082, -3.250901941999928 ], [ 121.573964052000065, -3.265824343999952 ], [ 121.583504730000072, -3.299128590999942 ], [ 121.607671166000046, -3.318964039999969 ], [ 121.613550414000088, -3.335715371999925 ], [ 121.609224271000016, -3.371298112999966 ], [ 121.587969015000112, -3.398363558999961 ], [ 121.61894751400007, -3.42549293999997 ], [ 121.662377212000024, -3.417666835999967 ], [ 121.670376930000089, -3.422941109999954 ], [ 121.675767233000101, -3.436479233999933 ], [ 121.660523947000115, -3.456672498999978 ], [ 121.674635880000096, -3.474329264999938 ], [ 121.732301569000015, -3.493680090999931 ], [ 121.749909522000053, -3.483530345999952 ], [ 121.768335104000016, -3.489544483999964 ], [ 121.766284027000097, -3.508158796999965 ], [ 121.778849363000063, -3.539599184999929 ], [ 121.774965540000039, -3.551845168999932 ], [ 121.800826065000024, -3.58506744999994 ], [ 121.823210568000036, -3.565095093999957 ], [ 121.853251341000032, -3.559584236999967 ], [ 121.891159069000082, -3.573687981999967 ], [ 121.905881598000065, -3.557999162999977 ], [ 121.916541889000086, -3.567781847999925 ], [ 121.953379035000012, -3.563754926999934 ], [ 121.975177347000113, -3.581045538999945 ], [ 121.983170794000102, -3.572172274999957 ], [ 122.003726902000039, -3.586804874999928 ], [ 122.017344124000033, -3.618589344999975 ], [ 122.03929434600002, -3.616425108999977 ], [ 122.063739872000042, -3.645529636999925 ], [ 122.070632745000012, -3.630688192999969 ], [ 122.08762205700009, -3.642245748999926 ], [ 122.093727061000095, -3.659824569999955 ], [ 122.087256808, -3.686157499999979 ], [ 122.106255661000091, -3.696543159999976 ], [ 122.102027708000037, -3.717549669999926 ], [ 122.121031978000019, -3.719115772999942 ], [ 122.12255984, -3.728691449999928 ], [ 122.145064489000106, -3.718951641999979 ], [ 122.16212340300001, -3.723137529999974 ], [ 122.181197470000029, -3.740531260999944 ], [ 122.211392767, -3.745001591999937 ], [ 122.22167265500002, -3.76124656099995 ], [ 122.231222158000037, -3.757166656999971 ], [ 122.251811650000036, -3.769089324999925 ], [ 122.256553252000117, -3.761907520999955 ], [ 122.268129713, -3.767637058999981 ], [ 122.290080240000066, -3.786658358999944 ], [ 122.28861525700006, -3.806411620999938 ], [ 122.312681620000035, -3.823655594999934 ], [ 122.33622438000009, -3.828226117999975 ], [ 122.360209517000044, -3.857280144999947 ], [ 122.423320728000022, -3.869334435999974 ], [ 122.442453628000067, -3.859156406999944 ], [ 122.448980142000096, -3.870412899999963 ], [ 122.456238533000032, -3.867036746999929 ], [ 122.451533935000043, -3.852970414999959 ], [ 122.459455768000112, -3.821443776999956 ], [ 122.47870229800003, -3.820162559999972 ], [ 122.50705476600001, -3.857033497999964 ], [ 122.506923895000114, -3.881422972999928 ], [ 122.522756829000059, -3.893315518999941 ], [ 122.567980865000095, -3.899404559999937 ], [ 122.56851386400001, -3.905457908999949 ], [ 122.583092429000089, -3.895454727999947 ], [ 122.588491819000069, -3.901098735999938 ], [ 122.587932572000113, -3.89417560499993 ], [ 122.651006599000084, -3.892132862999972 ], [ 122.666361744000028, -3.897764423999945 ], [ 122.664720117000115, -3.925220862999936 ], [ 122.647084484000061, -3.924655381999969 ], [ 122.648153534000016, -3.933956234999926 ], [ 122.627800637000064, -3.937700832999951 ], [ 122.625906293000071, -3.94841403199996 ], [ 122.595429516000081, -3.944258632999947 ], [ 122.591283630000021, -3.931766280999966 ], [ 122.5745510590001, -3.940807099999972 ], [ 122.560623829000065, -3.932319994999943 ], [ 122.549110782000071, -3.943122917999972 ], [ 122.524247281000044, -3.941358356999956 ], [ 122.512917834000064, -3.90874856399995 ], [ 122.494722496, -3.901425925999945 ], [ 122.456787845, -3.935361239999963 ], [ 122.442944444000091, -4.011555461999933 ], [ 122.373046813000087, -4.013394489999939 ], [ 122.363153852000096, -3.996392679999929 ], [ 122.349545653000064, -4.008937900999967 ], [ 122.353950674000089, -4.024989525999956 ], [ 122.339349506000076, -4.022517204999929 ], [ 122.335314550000021, -4.012508752999963 ], [ 122.313697212000079, -4.021971281999924 ], [ 122.311665571000049, -4.002104070999962 ], [ 122.296146322000027, -4.024489216999939 ], [ 122.294050730000095, -4.010167291999949 ], [ 122.302702956000076, -3.997537187999967 ], [ 122.284625655000013, -4.005237965999925 ], [ 122.271612638000079, -3.98331905799995 ], [ 122.269382595000025, -4.003107676999946 ], [ 122.222621598000046, -4.005498016999979 ], [ 122.179655706000062, -4.043450045999975 ], [ 122.179201593000016, -4.064896297999951 ], [ 122.091993658000092, -4.102821315999961 ], [ 122.086780136000016, -4.118718194999929 ], [ 122.064970615000107, -4.114722340999947 ], [ 122.040397304000066, -4.127222292999932 ], [ 121.986775370000032, -4.128559555999971 ], [ 121.981308597000066, -4.122152727999946 ], [ 121.991994085000101, -4.11488475699997 ], [ 121.98876951200009, -4.098755168999958 ], [ 121.966801934000046, -4.083449000999963 ], [ 121.951335508000057, -4.056738795999934 ], [ 121.952720568000018, -4.029160536999939 ], [ 121.965573493000079, -3.997364227999981 ], [ 121.951509223000016, -3.979873643999952 ], [ 121.969223097000054, -3.950846722999927 ], [ 121.957408220000048, -3.924547964999931 ], [ 121.971985910000058, -3.906530992999933 ], [ 121.964055072000065, -3.900006423999969 ], [ 121.972521861000018, -3.888151008999955 ], [ 121.963026503000037, -3.87289166599993 ], [ 121.953551514000083, -3.872140959999967 ], [ 121.95287806400006, -3.834360690999972 ], [ 121.903747944000088, -3.83018698199993 ], [ 121.897345351000013, -3.817242593999936 ], [ 121.884918488000039, -3.813802542999952 ], [ 121.874285057000066, -3.784406217999958 ], [ 121.827491502000044, -3.780562090999979 ], [ 121.830468831000076, -3.767077211999947 ], [ 121.822837793000076, -3.755219797999928 ], [ 121.774035305000098, -3.76742601199993 ], [ 121.758141272000103, -3.758623768999939 ], [ 121.700887398000077, -3.777942464999967 ], [ 121.696118819000048, -3.763527273999955 ], [ 121.679459546000089, -3.753191353999966 ], [ 121.685351783000101, -3.744176917999937 ], [ 121.668929253000101, -3.729918010999938 ], [ 121.648412697000026, -3.732225919999962 ], [ 121.649510274000022, -3.73813178499995 ], [ 121.610693900000115, -3.734334061999959 ], [ 121.608826130000011, -3.686919427999953 ], [ 121.590396752000061, -3.685825946999955 ], [ 121.586186934000011, -3.657641859999956 ], [ 121.574769640000113, -3.652750287999936 ], [ 121.575482, -3.635477058999925 ], [ 121.56289244900006, -3.60699232099995 ], [ 121.567366124000046, -3.588123061999966 ], [ 121.530849131000082, -3.532718744999954 ], [ 121.534984326000085, -3.510765299999946 ], [ 121.522423563000075, -3.467757961999951 ], [ 121.492707309000025, -3.44014283599995 ], [ 121.423995063, -3.316489655999931 ], [ 121.441618675000086, -3.169527197999969 ], [ 121.416891316000033, -3.14307139899995 ], [ 121.412056251000081, -3.109663765999926 ], [ 121.388210879000098, -3.097401610999952 ], [ 121.385403115000031, -3.077699672999927 ], [ 121.360942256000044, -3.051478012999951 ], [ 121.369603494000103, -3.011693424999976 ], [ 121.361218166000072, -2.98757031699995 ], [ 121.395463612000071, -3.016378760999942 ], [ 121.417530611000075, -3.01594969599995 ], [ 121.432663183000045, -3.001770586999953 ], [ 121.443661002000113, -3.01163820599993 ], [ 121.461555920000023, -3.011399204999975 ], [ 121.48278867800002, -2.984241715999929 ], [ 121.481191077000062, -2.974919219999947 ], [ 121.472134401000062, -2.972611463999954 ], [ 121.483824394000067, -2.948906472999965 ], [ 121.511416667000049, -2.936805555999968 ], [ 121.516221494000092, -2.92517797499994 ], [ 121.523663268000064, -2.931516476999946 ], [ 121.540088264000019, -2.928912406999927 ], [ 121.54781080500004, -2.917784407999932 ], [ 121.564866385000073, -2.921053442999948 ], [ 121.594096067, -2.903528211999969 ], [ 121.64387871100007, -2.897441759999936 ] ] ] ] } },
{ "type": "Feature", "properties": { "kemendagri_kab_code": 7403, "kemendagri_kab_name": "Kabupaten Muna", "kemendagri_prov_code": 74, "kemendagri_prov_name": "Sulawesi Tenggara" }, "geometry": { "type": "MultiPolygon", "coordinates": [ [ [ [ 122.332511024000041, -5.090947412999981 ], [ 122.335834359000046, -5.092789818999961 ], [ 122.332887371000083, -5.094189116999928 ], [ 122.332511024000041, -5.090947412999981 ] ] ], [ [ [ 122.272308850000059, -5.019376231999956 ], [ 122.270381887000099, -5.022623438999972 ], [ 122.269443932000058, -5.022543997999946 ], [ 122.272308850000059, -5.019376231999956 ] ] ], [ [ [ 122.672665110000025, -4.610991066999929 ], [ 122.698030656000014, -4.61654677699994 ], [ 122.740264713000101, -4.649449398999934 ], [ 122.729336906000071, -4.652187187999971 ], [ 122.736622141000112, -4.670383171999958 ], [ 122.731345806000036, -4.670400548999964 ], [ 122.731960465000043, -4.674691555999971 ], [ 122.735459147000029, -4.676459625999939 ], [ 122.735054948000084, -4.68310026599994 ], [ 122.724969767000061, -4.682313506999947 ], [ 122.726237396000101, -4.69053213899997 ], [ 122.720111106000104, -4.690523902999928 ], [ 122.729288952000047, -4.730472948999932 ], [ 122.741495563000058, -4.741751634999957 ], [ 122.743524123000043, -4.754697968999949 ], [ 122.735379149000096, -4.756275680999977 ], [ 122.745587582000098, -4.779097923999927 ], [ 122.738716103000115, -4.784323470999936 ], [ 122.745572213000059, -4.793436658999951 ], [ 122.726485800000091, -4.850124832999938 ], [ 122.738038138000093, -4.866583157999969 ], [ 122.733018815000037, -4.871403581999971 ], [ 122.738187139000047, -4.88302321499998 ], [ 122.745669117000034, -4.888679291999949 ], [ 122.755637933000116, -4.881554810999944 ], [ 122.753040665000071, -4.889642770999956 ], [ 122.76952046800011, -4.902318284999978 ], [ 122.755530839000016, -4.901895770999943 ], [ 122.764985603000014, -4.929583840999953 ], [ 122.755918324000049, -4.926212628999963 ], [ 122.762603304000095, -4.953320386999962 ], [ 122.755991008000024, -4.951568124999937 ], [ 122.753212813000118, -4.954471073999969 ], [ 122.762640033000025, -4.96822270399997 ], [ 122.735938755, -4.958865731999936 ], [ 122.72083654100004, -4.96461420199995 ], [ 122.705112726000038, -5.00605165199994 ], [ 122.678007633000107, -5.035883913999953 ], [ 122.63653841100006, -5.059773140999937 ], [ 122.612878241000089, -5.093986479999955 ], [ 122.620236151000086, -5.109395061999976 ], [ 122.588458562000028, -5.159820003999926 ], [ 122.58509536300005, -5.186586597999963 ], [ 122.595425673000022, -5.200759328999936 ], [ 122.62479841600009, -5.19228557799994 ], [ 122.617207583000095, -5.217793248999953 ], [ 122.561434269000074, -5.227875018999953 ], [ 122.55108361300006, -5.210314596999979 ], [ 122.528169404000096, -5.195109840999976 ], [ 122.471562027000118, -5.229445462999934 ], [ 122.44971857500002, -5.234585098999958 ], [ 122.407316579000053, -5.209814909999977 ], [ 122.407602115000032, -5.191612032999956 ], [ 122.375683913000103, -5.192868217999944 ], [ 122.373552028000063, -5.183617043999959 ], [ 122.367341635000116, -5.186258245999966 ], [ 122.353350404000025, -5.151137401999961 ], [ 122.316831013000069, -5.142288793999967 ], [ 122.328004400000054, -5.103665761999935 ], [ 122.348492970000052, -5.103010128999927 ], [ 122.381796777000091, -5.087830989999929 ], [ 122.390474294000114, -5.074294721999934 ], [ 122.381875379, -5.067246654999963 ], [ 122.385300623000035, -5.044227975999945 ], [ 122.372673378000059, -5.039444311999944 ], [ 122.384473455000034, -4.991687853999963 ], [ 122.375792657000034, -4.976866902999973 ], [ 122.378019993000066, -4.958236496999973 ], [ 122.360374795000098, -4.944651453999938 ], [ 122.359049740000046, -4.923730674999945 ], [ 122.365069263, -4.926179942999966 ], [ 122.364507504000017, -4.917931413999952 ], [ 122.377667593000069, -4.92462553699994 ], [ 122.417772487000093, -4.906505734999939 ], [ 122.456257621000077, -4.916159057999948 ], [ 122.553388057, -4.965790027999958 ], [ 122.584091759000103, -5.002948285999935 ], [ 122.596322529000076, -4.985396259999959 ], [ 122.592455905000065, -4.965765705999956 ], [ 122.603014764000022, -4.947622315999979 ], [ 122.618183827000053, -4.932601967999972 ], [ 122.634148605000064, -4.932508095999935 ], [ 122.659558409000056, -4.897146876999955 ], [ 122.611638889000119, -4.858861110999953 ], [ 122.606435239, -4.832218456999954 ], [ 122.580261168000106, -4.832218456999954 ], [ 122.565662125000017, -4.806197719999943 ], [ 122.59161111100002, -4.768916666999928 ], [ 122.658781142000066, -4.729615957999954 ], [ 122.63694681100003, -4.695988621999959 ], [ 122.653317503000039, -4.679332393999971 ], [ 122.633901101000106, -4.67442118699995 ], [ 122.626027909000072, -4.639776988999927 ], [ 122.630337022000049, -4.632129532999954 ], [ 122.639579223000055, -4.637290271999973 ], [ 122.658241148000116, -4.627389928999946 ], [ 122.657979296, -4.617232615999967 ], [ 122.672665110000025, -4.610991066999929 ] ] ], [ [ [ 122.710217488000012, -4.59072993999996 ], [ 122.719223656000054, -4.594104475999927 ], [ 122.732652621000057, -4.602695801999971 ], [ 122.719479532000037, -4.602407537999966 ], [ 122.710217488000012, -4.59072993999996 ] ] ], [ [ [ 122.72695317900002, -4.596416842999929 ], [ 122.7254906390001, -4.595990989999962 ], [ 122.726447200000052, -4.594985191999967 ], [ 122.72695317900002, -4.596416842999929 ] ] ], [ [ [ 122.697379335000051, -4.583796964999976 ], [ 122.696823472, -4.584229975999961 ], [ 122.69643459100007, -4.584041198999955 ], [ 122.697379335000051, -4.583796964999976 ] ] ], [ [ [ 122.699225197000032, -4.583129553999925 ], [ 122.698779735000016, -4.582311905999973 ], [ 122.699359796000067, -4.582802765999929 ], [ 122.699225197000032, -4.583129553999925 ] ] ], [ [ [ 122.697151423000037, -4.580978591999951 ], [ 122.69776339100008, -4.583245457999965 ], [ 122.695474361000038, -4.582284975999926 ], [ 122.697151423000037, -4.580978591999951 ] ] ], [ [ [ 122.695292850000101, -4.581968329999938 ], [ 122.694525899000041, -4.581955056999959 ], [ 122.695354044000055, -4.581692233999945 ], [ 122.695292850000101, -4.581968329999938 ] ] ], [ [ [ 122.695661900000118, -4.578563163999945 ], [ 122.694815501000107, -4.581406748999939 ], [ 122.692185709000114, -4.579770835999966 ], [ 122.695661900000118, -4.578563163999945 ] ] ], [ [ [ 122.684200945000043, -4.566399094999952 ], [ 122.699183706000099, -4.576920865999966 ], [ 122.684121893000111, -4.579341975999967 ], [ 122.684200945000043, -4.566399094999952 ] ] ], [ [ [ 122.706383641000116, -4.566834779999965 ], [ 122.704880536000019, -4.566806100999941 ], [ 122.705075005000026, -4.566198350999969 ], [ 122.706383641000116, -4.566834779999965 ] ] ], [ [ [ 122.715825191000022, -4.514592574999938 ], [ 122.742997184000046, -4.531243380999967 ], [ 122.728710902000103, -4.541996662999964 ], [ 122.742405107000081, -4.54873766299994 ], [ 122.736825487000033, -4.555499831999953 ], [ 122.742857805000085, -4.575655276999953 ], [ 122.731268911000029, -4.56432012099998 ], [ 122.725887373000091, -4.568153504999941 ], [ 122.724525067000059, -4.558478132999937 ], [ 122.711887613000044, -4.563441791999935 ], [ 122.714697763000117, -4.553772723999941 ], [ 122.709261216000073, -4.549001295999972 ], [ 122.709390244000019, -4.56486776099996 ], [ 122.700685319000058, -4.562955430999978 ], [ 122.688417533, -4.546951283999931 ], [ 122.692074929000114, -4.528378883999949 ], [ 122.704698972000074, -4.519462031999979 ], [ 122.703028547000031, -4.532496927999944 ], [ 122.709301011000093, -4.52935526999994 ], [ 122.715825191000022, -4.514592574999938 ] ] ], [ [ [ 122.792766172000029, -4.96623187199998 ], [ 122.79553196300003, -4.976043734999962 ], [ 122.789206927, -4.977652527999965 ], [ 122.785718940000038, -4.969371783999975 ], [ 122.792766172000029, -4.96623187199998 ] ] ], [ [ [ 122.799078114000054, -4.933663431999946 ], [ 122.802268526000034, -4.933617880999975 ], [ 122.801770028000078, -4.936002792999943 ], [ 122.799078114000054, -4.933663431999946 ] ] ], [ [ [ 122.813718193000113, -4.913148243999956 ], [ 122.817284863000054, -4.914387130999955 ], [ 122.813758524000036, -4.915241818999959 ], [ 122.813718193000113, -4.913148243999956 ] ] ], [ [ [ 122.761106570000038, -4.90964613899996 ], [ 122.762043062000089, -4.911343691999946 ], [ 122.760397044000115, -4.910692156999971 ], [ 122.761106570000038, -4.90964613899996 ] ] ], [ [ [ 122.767589199000099, -4.906798385999934 ], [ 122.767484875000036, -4.905923879999932 ], [ 122.767792394000026, -4.905952610999975 ], [ 122.767589199000099, -4.906798385999934 ] ] ], [ [ [ 122.74448484200002, -4.885159853999937 ], [ 122.744026629000018, -4.884783522999953 ], [ 122.744553201000031, -4.884701083999971 ], [ 122.74448484200002, -4.885159853999937 ] ] ], [ [ [ 122.75861868700008, -4.883343691999926 ], [ 122.757955046, -4.88304212099996 ], [ 122.758391038000013, -4.883029223999927 ], [ 122.75861868700008, -4.883343691999926 ] ] ], [ [ [ 122.739038440000058, -4.869762508999941 ], [ 122.739094822000084, -4.870195879999926 ], [ 122.737703676000024, -4.870292905999975 ], [ 122.739038440000058, -4.869762508999941 ] ] ], [ [ [ 122.886528929000065, -4.605401434999976 ], [ 122.927977003000024, -4.610205973999939 ], [ 122.922515372000021, -4.65825801699998 ], [ 122.902118938000058, -4.671079322999958 ], [ 122.894711986000061, -4.75060719399994 ], [ 122.879778494000107, -4.775350900999968 ], [ 122.901509325, -4.820360888999971 ], [ 122.913779629000032, -4.82703026799993 ], [ 122.916132461000075, -4.850426953999943 ], [ 122.911580501000117, -4.883119130999944 ], [ 122.888139159000048, -4.915894651999963 ], [ 122.894517204000067, -4.925652970999977 ], [ 122.884363264000058, -4.953538908999974 ], [ 122.891109053000037, -5.010212606999971 ], [ 122.872259367000083, -5.032217037999942 ], [ 122.863976755000067, -5.026777251999931 ], [ 122.856442063000031, -5.041806809999969 ], [ 122.849342979000085, -5.038015105999932 ], [ 122.840506872000105, -5.068788143999939 ], [ 122.789220667000109, -5.082306771999981 ], [ 122.761106772000062, -5.113060784999959 ], [ 122.764348156000096, -5.089480149999929 ], [ 122.802686219000066, -5.04453566199993 ], [ 122.802938575000098, -5.026344850999976 ], [ 122.789199803000088, -5.019355707999978 ], [ 122.762786979000111, -5.040848912999934 ], [ 122.754492824000067, -5.039503328999956 ], [ 122.74117633600008, -5.056253245999926 ], [ 122.739604553000049, -5.041004258999976 ], [ 122.766767351000112, -5.007663906999937 ], [ 122.812816320000024, -4.980937474999962 ], [ 122.818998020000095, -4.926828962999934 ], [ 122.831979125000089, -4.92086065899997 ], [ 122.832073002000016, -4.912505777999968 ], [ 122.828102750000085, -4.88714209699998 ], [ 122.805731660000106, -4.867779527999971 ], [ 122.818099743000062, -4.838697924999963 ], [ 122.813275634000092, -4.829172238999945 ], [ 122.839500218000012, -4.835007387999951 ], [ 122.856167048000088, -4.784602907999954 ], [ 122.841294895000033, -4.740369720999979 ], [ 122.840014975000031, -4.69279815699997 ], [ 122.828732629000115, -4.680473918999951 ], [ 122.83164535200001, -4.662073704999955 ], [ 122.841819120000082, -4.649500215999979 ], [ 122.849419189000059, -4.606020039999976 ], [ 122.858031343000107, -4.606221091999942 ], [ 122.862128169000016, -4.621498885999927 ], [ 122.886528929000065, -4.605401434999976 ] ] ], [ [ [ 122.732786359000102, -4.674055677999945 ], [ 122.732362578000107, -4.673556305999966 ], [ 122.732761740000115, -4.673495555999978 ], [ 122.732786359000102, -4.674055677999945 ] ] ], [ [ [ 122.731803461000027, -4.604374672999938 ], [ 122.731876112, -4.603617478999979 ], [ 122.732398083000021, -4.603768084999956 ], [ 122.731803461000027, -4.604374672999938 ] ] ], [ [ [ 122.747333788000105, -4.534144368999932 ], [ 122.74834768900007, -4.535259813999971 ], [ 122.74724220600001, -4.535368077999976 ], [ 122.747333788000105, -4.534144368999932 ] ] ], [ [ [ 122.748798841000053, -4.532355025999948 ], [ 122.745631124000056, -4.531067273999952 ], [ 122.745574247000036, -4.530769899999939 ], [ 122.748798841000053, -4.532355025999948 ] ] ] ] } },
{ "type": "Feature", "properties": { "kemendagri_kab_code": 7404, "kemendagri_kab_name": "Kabupaten Buton", "kemendagri_prov_code": 74, "kemendagri_prov_name": "Sulawesi Tenggara" }, "geometry": { "type": "MultiPolygon", "coordinates": [ [ [ [ 122.893916123000054, -5.565323411999941 ], [ 122.823760385000014, -5.651346273999934 ], [ 122.800202901000034, -5.629096070999935 ], [ 122.788781488000041, -5.586622692999981 ], [ 122.78893297400009, -5.487653181999974 ], [ 122.752440289000106, -5.488130684999931 ], [ 122.741632233000018, -5.478511767999976 ], [ 122.7518194700001, -5.459511731999953 ], [ 122.748705269000084, -5.448755805999951 ], [ 122.755128718000037, -5.450170045999926 ], [ 122.762415752000038, -5.431968710999968 ], [ 122.760374183000067, -5.422135174999937 ], [ 122.770193876, -5.413480816999936 ], [ 122.760074558000042, -5.375821861999952 ], [ 122.748687134000079, -5.360765166999954 ], [ 122.726082544000064, -5.354831601999933 ], [ 122.720245393000027, -5.320145913999966 ], [ 122.683795154000109, -5.322171314999935 ], [ 122.714138138000067, -5.261732840999969 ], [ 122.732401304000064, -5.242138399999931 ], [ 122.753956276000054, -5.238995421999959 ], [ 122.747616934, -5.244196498999941 ], [ 122.755220231000067, -5.25483012899997 ], [ 122.771220639000035, -5.253969076999965 ], [ 122.793577375000041, -5.242270497999925 ], [ 122.812306112000101, -5.21950359899995 ], [ 122.799071871000024, -5.191535853999937 ], [ 122.784181205000095, -5.18442109199998 ], [ 122.754387036000026, -5.228506826999933 ], [ 122.747343898000054, -5.217080693999947 ], [ 122.756531754000093, -5.18496433599995 ], [ 122.751768961000039, -5.173519579999947 ], [ 122.740959044000078, -5.18015227799998 ], [ 122.737131229000056, -5.170013901999937 ], [ 122.771058575000097, -5.111170923999964 ], [ 122.791077629000029, -5.105962882999961 ], [ 122.788929864000011, -5.082523272999936 ], [ 122.822401924000019, -5.068847867999978 ], [ 122.837678309000012, -5.076902450999967 ], [ 122.853574175000062, -5.112506248999978 ], [ 122.880688889000112, -5.112625 ], [ 122.885913889000108, -5.122261110999943 ], [ 122.903858333000017, -5.122472221999942 ], [ 122.928082320000044, -5.140987699999926 ], [ 122.950083465000034, -5.146691575999967 ], [ 122.919839772000046, -5.177983944999937 ], [ 122.944542090000027, -5.216282324999952 ], [ 122.963153361000082, -5.210160706999943 ], [ 122.960084161000054, -5.205805838999936 ], [ 122.959721390000027, -5.202947535999954 ], [ 123.002908640000101, -5.149859547999938 ], [ 123.033363796000117, -5.135767542999929 ], [ 123.068061751000073, -5.161217480999937 ], [ 123.059196285000098, -5.192095567999957 ], [ 123.068581265000034, -5.191047776999937 ], [ 123.082483761000049, -5.17298362899993 ], [ 123.104618544000118, -5.188523786999951 ], [ 123.10572976200001, -5.201662137999961 ], [ 123.091854544000057, -5.216732775999958 ], [ 123.114769460000048, -5.205593090999969 ], [ 123.152044465000017, -5.248343964999947 ], [ 123.181037408000066, -5.246796701999926 ], [ 123.197055268000099, -5.260266581999929 ], [ 123.196179002, -5.271405473999948 ], [ 123.22427006800001, -5.276957547999928 ], [ 123.216887626000016, -5.302893278999932 ], [ 123.1969921970001, -5.319546069999944 ], [ 123.17324063, -5.358446071999936 ], [ 123.163359677000017, -5.365154829999938 ], [ 123.162209433000044, -5.364509876999932 ], [ 123.163299373000086, -5.362536367999951 ], [ 123.16311594900003, -5.361999562999927 ], [ 123.162424595000061, -5.361510186999965 ], [ 123.159318075000101, -5.363006722999955 ], [ 123.130955455000048, -5.399352113999953 ], [ 123.114171941000109, -5.400473546999933 ], [ 123.015555766000034, -5.444179894999934 ], [ 122.996943932000022, -5.401171052999928 ], [ 122.976265491000049, -5.394088129999943 ], [ 122.923839573, -5.436472857999945 ], [ 122.894354299000042, -5.439150064999978 ], [ 122.87188616100002, -5.454715929999963 ], [ 122.848698580000018, -5.484845323999934 ], [ 122.843872057000112, -5.522574086999953 ], [ 122.844676382000102, -5.524276809999947 ], [ 122.846604529000047, -5.526264180999931 ], [ 122.848507995000091, -5.527190852999979 ], [ 122.862613231000068, -5.522503177999965 ], [ 122.877053013000022, -5.506078590999948 ], [ 122.896231777000025, -5.516992930999947 ], [ 122.893916123000054, -5.565323411999941 ] ] ], [ [ [ 122.84649373100001, -5.524689555999942 ], [ 122.844960554000068, -5.524503569999979 ], [ 122.844634899000084, -5.523886752999942 ], [ 122.84649373100001, -5.524689555999942 ] ] ], [ [ [ 123.163170982000111, -5.362278260999972 ], [ 123.162165616000038, -5.362237900999958 ], [ 123.16249700100002, -5.361747528999956 ], [ 123.163170982000111, -5.362278260999972 ] ] ], [ [ [ 122.682551050000029, -5.295127798999943 ], [ 122.680154152000114, -5.289403757999935 ], [ 122.712707446000081, -5.24028072599998 ], [ 122.698925934000044, -5.283592428999953 ], [ 122.682551050000029, -5.295127798999943 ] ] ], [ [ [ 123.181941726000105, -5.246822133999956 ], [ 123.181885277000106, -5.246517403999974 ], [ 123.182298245000084, -5.24673041899996 ], [ 123.181941726000105, -5.246822133999956 ] ] ], [ [ [ 122.810613329000034, -5.218255105999958 ], [ 122.809455086000071, -5.218000657999937 ], [ 122.810581285000012, -5.217173015999947 ], [ 122.810613329000034, -5.218255105999958 ] ] ], [ [ [ 122.738125030000106, -5.18862 ], [ 122.737186540000039, -5.198935250999966 ], [ 122.717465827000069, -5.212814691999938 ], [ 122.72575731500001, -5.199166253999977 ], [ 122.738125030000106, -5.18862 ] ] ] ] } },
{ "type": "Feature", "properties": { "kemendagri_kab_code": 7405, "kemendagri_kab_name": "Kabupaten Konawe Selatan", "kemendagri_prov_code": 74, "kemendagri_prov_name": "Sulawesi Tenggara" }, "geometry": { "type": "MultiPolygon", "coordinates": [ [ [ [ 122.219258364000098, -4.485821890999944 ], [ 122.218531431000088, -4.489667121999958 ], [ 122.216652653000097, -4.490445243999943 ], [ 122.219258364000098, -4.485821890999944 ] ] ], [ [ [ 122.681036799000026, -4.482073673999935 ], [ 122.683051148000118, -4.482502937999925 ], [ 122.682015043000092, -4.483583375999956 ], [ 122.681036799000026, -4.482073673999935 ] ] ], [ [ [ 122.411480982000057, -4.457503842999927 ], [ 122.410672801000032, -4.456539764999945 ], [ 122.41153142600001, -4.456409281999925 ], [ 122.411480982000057, -4.457503842999927 ] ] ], [ [ [ 122.399184059000049, -4.45466546199998 ], [ 122.398623545000078, -4.452861403999975 ], [ 122.399916901000097, -4.453478963999942 ], [ 122.399184059000049, -4.45466546199998 ] ] ], [ [ [ 122.411074883000083, -4.453269744999943 ], [ 122.41043138200007, -4.452075570999966 ], [ 122.411884398000097, -4.451982653999949 ], [ 122.411074883000083, -4.453269744999943 ] ] ], [ [ [ 122.410125027000049, -4.449451059999944 ], [ 122.409436775000017, -4.448150103999978 ], [ 122.409825694, -4.447869528999945 ], [ 122.410125027000049, -4.449451059999944 ] ] ], [ [ [ 122.42053958200006, -4.448602161999929 ], [ 122.419913635000057, -4.446843066999975 ], [ 122.42104848300005, -4.447893331999978 ], [ 122.42053958200006, -4.448602161999929 ] ] ], [ [ [ 122.47175156600008, -4.445727847999933 ], [ 122.470973636000053, -4.445008806999965 ], [ 122.471732689000078, -4.444769857999972 ], [ 122.47175156600008, -4.445727847999933 ] ] ], [ [ [ 122.569978858000013, -4.409616590999974 ], [ 122.565731715000084, -4.407867343999953 ], [ 122.567497600000024, -4.406275960999949 ], [ 122.569978858000013, -4.409616590999974 ] ] ], [ [ [ 122.567490932000055, -4.401981789999979 ], [ 122.566640700000107, -4.40233885899994 ], [ 122.566639590000023, -4.401921587999936 ], [ 122.567490932000055, -4.401981789999979 ] ] ], [ [ [ 122.271612638000079, -3.98331905799995 ], [ 122.289869871000064, -4.006291898999962 ], [ 122.302702956000076, -3.997537187999967 ], [ 122.294050730000095, -4.010167291999949 ], [ 122.296639193000033, -4.024552966999977 ], [ 122.311665571000049, -4.002104070999962 ], [ 122.313697212000079, -4.021971281999924 ], [ 122.335314550000021, -4.012508752999963 ], [ 122.339349506000076, -4.022517204999929 ], [ 122.353950674000089, -4.024989525999956 ], [ 122.349545653000064, -4.008937900999967 ], [ 122.363153852000096, -3.996392679999929 ], [ 122.373046813000087, -4.013394489999939 ], [ 122.442944444000091, -4.011555461999933 ], [ 122.466200419000074, -4.026687798999944 ], [ 122.481556999000077, -4.05462469899993 ], [ 122.49108886700003, -4.057189940999933 ], [ 122.491140664000113, -4.067743685999972 ], [ 122.51398761400003, -4.068111708999936 ], [ 122.507080078000058, -4.085510253999928 ], [ 122.522705078000058, -4.091674804999968 ], [ 122.604948736000097, -4.052471138999977 ], [ 122.61475017600003, -4.026487560999954 ], [ 122.638924407000104, -4.018342441999948 ], [ 122.651273072000095, -4.002856409999936 ], [ 122.662654715000031, -4.01562359899998 ], [ 122.664180967000107, -4.033474878999925 ], [ 122.67261110700008, -4.036220004999961 ], [ 122.649346824000077, -4.05816184899993 ], [ 122.652127291000056, -4.086224767999965 ], [ 122.661689832000093, -4.080887644999962 ], [ 122.662914818000104, -4.085636004999969 ], [ 122.657135713000116, -4.094775101999971 ], [ 122.66774172800001, -4.113931654999931 ], [ 122.663399132000109, -4.125713314999928 ], [ 122.6706751480001, -4.127968944999964 ], [ 122.663248284000019, -4.133264392999934 ], [ 122.67674205700007, -4.157766407999929 ], [ 122.696059550000086, -4.156606731999943 ], [ 122.710190973000067, -4.165253632999963 ], [ 122.708124359000067, -4.146737139999971 ], [ 122.695669867000106, -4.13726536799993 ], [ 122.712611809, -4.137639629999967 ], [ 122.715065637000066, -4.131114112999967 ], [ 122.722202023000023, -4.14099749899998 ], [ 122.731245213000079, -4.138147760999971 ], [ 122.729087441000047, -4.146995906999962 ], [ 122.737333583, -4.139429493999955 ], [ 122.745910857000013, -4.142284 ], [ 122.749051340000051, -4.152774654999973 ], [ 122.765029393000077, -4.159464347999972 ], [ 122.774422615000049, -4.151502621999953 ], [ 122.800329001000023, -4.156052423999938 ], [ 122.816243500000041, -4.136323824999977 ], [ 122.81806254300011, -4.144978501999958 ], [ 122.830901374000064, -4.153336954999929 ], [ 122.834567820000075, -4.153705928999955 ], [ 122.838261080000052, -4.15151476099993 ], [ 122.825668715, -4.134939095999925 ], [ 122.831604838000089, -4.135607304999951 ], [ 122.837776913000084, -4.125881875999937 ], [ 122.825959606000083, -4.122736004999979 ], [ 122.825512897000067, -4.110212826999941 ], [ 122.809447917000057, -4.114956218999964 ], [ 122.809363335000057, -4.102523048999956 ], [ 122.800732831000118, -4.106524940999975 ], [ 122.802751175000026, -4.096340532999932 ], [ 122.784522683000091, -4.097448334999967 ], [ 122.762428742000111, -4.065609578999954 ], [ 122.768825790000051, -4.057140674999971 ], [ 122.813318806000098, -4.063000973999976 ], [ 122.834575525000105, -4.056031792999931 ], [ 122.843872417000057, -4.062108945999967 ], [ 122.888517862000072, -4.127119144999938 ], [ 122.900905734000048, -4.194824503999939 ], [ 122.894050274000051, -4.220240234999949 ], [ 122.906184569000061, -4.230565249999927 ], [ 122.879495016000078, -4.294807867999964 ], [ 122.888330958000097, -4.318659090999972 ], [ 122.906655830000091, -4.323460960999967 ], [ 122.893255373000102, -4.334867263999968 ], [ 122.900720860000092, -4.377599380999925 ], [ 122.883132395000075, -4.414024132999941 ], [ 122.880115429000057, -4.407581725999933 ], [ 122.878734104000046, -4.410395545999961 ], [ 122.878673469000091, -4.41335149799994 ], [ 122.876237915000047, -4.418500222999967 ], [ 122.846893788000102, -4.420288261999929 ], [ 122.831653139000082, -4.448827783999945 ], [ 122.813550834000011, -4.435582522999937 ], [ 122.816804200000092, -4.425580479999951 ], [ 122.805831253000065, -4.428791331999946 ], [ 122.76932768100005, -4.408839198999942 ], [ 122.733352682000032, -4.368814500999974 ], [ 122.717493669000078, -4.361310075999938 ], [ 122.714843201, -4.347793836999926 ], [ 122.698321047000036, -4.339570176999928 ], [ 122.695713985000111, -4.328230871999949 ], [ 122.680368883000028, -4.324996432999967 ], [ 122.659488008000039, -4.338858093999931 ], [ 122.666520597000044, -4.361984593999978 ], [ 122.685790527000108, -4.368683911999938 ], [ 122.700608835000025, -4.389538224999967 ], [ 122.701744444000042, -4.404333712999971 ], [ 122.740840261000017, -4.432104414999969 ], [ 122.75701420300004, -4.426035265999928 ], [ 122.761286753000036, -4.435470004999956 ], [ 122.761567548000016, -4.480458587999976 ], [ 122.743568063000112, -4.510115067999948 ], [ 122.719993010000053, -4.49615476699995 ], [ 122.712565798000014, -4.500003962999926 ], [ 122.705811471000061, -4.473490417999926 ], [ 122.691715390000013, -4.468809753999949 ], [ 122.676065488000063, -4.483333988999959 ], [ 122.677438470000084, -4.494364296999947 ], [ 122.694849, -4.501377644999934 ], [ 122.671274715000095, -4.507543084999952 ], [ 122.656744864000075, -4.471320118999927 ], [ 122.664824964000104, -4.477723352999931 ], [ 122.668184406000023, -4.47290891199998 ], [ 122.663233672000047, -4.452788741999939 ], [ 122.613915767000094, -4.409512168999925 ], [ 122.584758623000084, -4.396151778999979 ], [ 122.567161741000064, -4.400334250999947 ], [ 122.563613187000101, -4.408271869999965 ], [ 122.563105852000035, -4.417124677999936 ], [ 122.532710728000097, -4.427510333999976 ], [ 122.520481517, -4.443176970999957 ], [ 122.506736200000091, -4.445309739999971 ], [ 122.504490078000117, -4.455826929999944 ], [ 122.502162622000014, -4.447707436999963 ], [ 122.489482574000021, -4.456000274999951 ], [ 122.470129674000077, -4.452816892999977 ], [ 122.473050218000026, -4.445390334999956 ], [ 122.467754810000088, -4.436642276999976 ], [ 122.456444307000083, -4.436379358999943 ], [ 122.449982575000035, -4.452024201999961 ], [ 122.445148739000047, -4.436020677999977 ], [ 122.436600932000033, -4.436335356999962 ], [ 122.436366867000061, -4.446444708999934 ], [ 122.41953142300008, -4.432219764999957 ], [ 122.40045249700006, -4.439810044999945 ], [ 122.390098513000112, -4.456077172999926 ], [ 122.352438310000025, -4.466858208999952 ], [ 122.341575599000066, -4.477373819999968 ], [ 122.309652318000076, -4.476099752999971 ], [ 122.258435046000045, -4.493791016999978 ], [ 122.249296146, -4.485226724999961 ], [ 122.217522777000113, -4.479606236999928 ], [ 122.162694295000051, -4.528712459999952 ], [ 122.118419577000054, -4.536716131999981 ], [ 122.104289390000076, -4.530600452999977 ], [ 122.105153876000031, -4.501019135999968 ], [ 122.099857178000093, -4.505934654999976 ], [ 122.093253890000028, -4.495113901999957 ], [ 122.080033814000103, -4.497828701999936 ], [ 122.050879240000086, -4.486602323999932 ], [ 122.047140220000074, -4.468816172999936 ], [ 122.001739433000012, -4.430953181999939 ], [ 121.881888889000038, -4.37727777799995 ], [ 121.971387725000113, -4.40649271999996 ], [ 121.997464733000015, -4.393488678999972 ], [ 121.98936110000011, -4.372361110999975 ], [ 122.004194400000074, -4.346277777999944 ], [ 122.013692856000034, -4.291095733999953 ], [ 122.007001877000107, -4.269474029999969 ], [ 122.028799057000015, -4.197019576999935 ], [ 122.024751663000075, -4.175626754999939 ], [ 121.997794550000094, -4.128946790999976 ], [ 122.040397304000066, -4.127222292999932 ], [ 122.064970615000107, -4.114722340999947 ], [ 122.086780136000016, -4.118718194999929 ], [ 122.091993658000092, -4.102821315999961 ], [ 122.179201593000016, -4.064896297999951 ], [ 122.179655706000062, -4.043450045999975 ], [ 122.222621598000046, -4.005498016999979 ], [ 122.232981936000101, -4.006347796999933 ], [ 122.226991954000027, -4.002762025999971 ], [ 122.23487431, -4.001253346999931 ], [ 122.237068012, -4.008599146999927 ], [ 122.268969679000065, -4.003306322999947 ], [ 122.271612638000079, -3.98331905799995 ] ] ], [ [ [ 122.724269027000105, -4.123827486999971 ], [ 122.728792628000065, -4.128054390999978 ], [ 122.722330507000038, -4.130475123999929 ], [ 122.724269027000105, -4.123827486999971 ] ] ], [ [ [ 122.667734756000073, -4.12351121599994 ], [ 122.66691279600002, -4.122397843999977 ], [ 122.667586395000058, -4.121997196999928 ], [ 122.667734756000073, -4.12351121599994 ] ] ], [ [ [ 122.671139284000105, -4.11962301899996 ], [ 122.671615727000017, -4.12040712299995 ], [ 122.670309810000049, -4.122279581999976 ], [ 122.671139284000105, -4.11962301899996 ] ] ], [ [ [ 122.669626016000052, -4.101689872999941 ], [ 122.668252937000034, -4.102802416999964 ], [ 122.668078523000077, -4.10070301099995 ], [ 122.669626016000052, -4.101689872999941 ] ] ], [ [ [ 122.778623817000039, -4.037972612999965 ], [ 122.778981688000044, -4.037576670999954 ], [ 122.779118745000119, -4.037820327999952 ], [ 122.778623817000039, -4.037972612999965 ] ] ], [ [ [ 122.77711909900006, -4.036537991999978 ], [ 122.778258156000106, -4.03874339999993 ], [ 122.77671921700005, -4.038949399999979 ], [ 122.77711909900006, -4.036537991999978 ] ] ], [ [ [ 122.880144899000015, -4.415893723999943 ], [ 122.881002901000102, -4.417320028999939 ], [ 122.880095710000091, -4.417320506999943 ], [ 122.880144899000015, -4.415893723999943 ] ] ], [ [ [ 122.880535512000051, -4.410009549999927 ], [ 122.879207472000076, -4.409918776999973 ], [ 122.879862464000098, -4.409071020999932 ], [ 122.880535512000051, -4.410009549999927 ] ] ], [ [ [ 122.907149675000028, -4.246180583999944 ], [ 122.908280118000107, -4.246208643999978 ], [ 122.908376326000052, -4.246381016999976 ], [ 122.907550541000091, -4.246621536999953 ], [ 122.907149675000028, -4.246180583999944 ] ] ], [ [ [ 122.911130279000076, -4.246389033999947 ], [ 122.911130279000076, -4.246084375999942 ], [ 122.911290625000106, -4.246168557999965 ], [ 122.911130279000076, -4.246389033999947 ] ] ], [ [ [ 122.904792295000107, -4.226787370999944 ], [ 122.904667542000084, -4.226684895999938 ], [ 122.904823483000087, -4.226738360999946 ], [ 122.904792295000107, -4.226787370999944 ] ] ], [ [ [ 122.90423833400007, -4.226405687999943 ], [ 122.904058631000112, -4.226236380999978 ], [ 122.904115067000021, -4.226185885999939 ], [ 122.90423833400007, -4.226405687999943 ] ] ], [ [ [ 122.904073483000047, -4.226064102999942 ], [ 122.903917542000045, -4.225885885999958 ], [ 122.903988829000014, -4.225826479999967 ], [ 122.904073483000047, -4.226064102999942 ] ] ], [ [ [ 122.90409589, -4.182194064999976 ], [ 122.907431015000043, -4.178421885999967 ], [ 122.907269210000095, -4.186271261999934 ], [ 122.90409589, -4.182194064999976 ] ] ], [ [ [ 122.895239041000082, -4.14747222099993 ], [ 122.899885768000104, -4.149406541999952 ], [ 122.900769375000095, -4.15951081399993 ], [ 122.895239041000082, -4.14747222099993 ] ] ], [ [ [ 122.836131037000087, -4.15207793999997 ], [ 122.835658231000025, -4.150838212999929 ], [ 122.837900439, -4.151212978999979 ], [ 122.836131037000087, -4.15207793999997 ] ] ], [ [ [ 122.89695564200008, -4.144173580999961 ], [ 122.894269530000088, -4.145084056999963 ], [ 122.894900024000094, -4.141575531999933 ], [ 122.89695564200008, -4.144173580999961 ] ] ], [ [ [ 122.810818974000085, -4.137445194999941 ], [ 122.810323271000016, -4.138310952999973 ], [ 122.810093018000089, -4.138052285999947 ], [ 122.810818974000085, -4.137445194999941 ] ] ], [ [ [ 122.814784416000066, -4.132895478999956 ], [ 122.812409882000111, -4.134461067999951 ], [ 122.813024192000057, -4.131760869999937 ], [ 122.814784416000066, -4.132895478999956 ] ] ], [ [ [ 122.831063893000078, -4.132264480999936 ], [ 122.829991422000035, -4.130942962999939 ], [ 122.831775560000096, -4.13191276699996 ], [ 122.831063893000078, -4.132264480999936 ] ] ], [ [ [ 122.829952101000117, -4.130878325999959 ], [ 122.828893731000107, -4.130522642999949 ], [ 122.829555379000112, -4.129962674999945 ], [ 122.829952101000117, -4.130878325999959 ] ] ], [ [ [ 122.794877580000048, -4.100089994999962 ], [ 122.795343978000119, -4.103331096999966 ], [ 122.793813769000053, -4.102583888999959 ], [ 122.794877580000048, -4.100089994999962 ] ] ] ] } },
{ "type": "Feature", "properties": { "kemendagri_kab_code": 7406, "kemendagri_kab_name": "Kabupaten Bombana", "kemendagri_prov_code": 74, "kemendagri_prov_name": "Sulawesi Tenggara" }, "geometry": { "type": "MultiPolygon", "coordinates": [ [ [ [ 121.767070922000016, -5.342369464999933 ], [ 121.761718339000026, -5.342407237999964 ], [ 121.752785842000094, -5.347632533999956 ], [ 121.759937407000052, -5.341885264999974 ], [ 121.767070922000016, -5.342369464999933 ] ] ], [ [ [ 121.773435598000106, -5.306842900999925 ], [ 121.772439793000103, -5.306600195999977 ], [ 121.773385629000018, -5.304501511999945 ], [ 121.773435598000106, -5.306842900999925 ] ] ], [ [ [ 121.767045303000032, -5.256474019999928 ], [ 121.774091446000057, -5.257210553999926 ], [ 121.767490089000034, -5.27754906399997 ], [ 121.763263802000097, -5.27317540699994 ], [ 121.767045303000032, -5.256474019999928 ] ] ], [ [ [ 121.816551552000078, -5.186668286999975 ], [ 121.818438868000044, -5.187701189999927 ], [ 121.815713883000058, -5.188084492999963 ], [ 121.816551552000078, -5.186668286999975 ] ] ], [ [ [ 121.81144082600008, -5.163254711999969 ], [ 121.811625790000107, -5.169403389999957 ], [ 121.809976309000035, -5.169820933999972 ], [ 121.809023184000011, -5.167634341999928 ], [ 121.81144082600008, -5.163254711999969 ] ] ], [ [ [ 121.818701292000014, -5.148385153999925 ], [ 121.818303456000081, -5.148187417999964 ], [ 121.818757204, -5.14802674799995 ], [ 121.818701292000014, -5.148385153999925 ] ] ], [ [ [ 121.816009157000053, -5.145628859999931 ], [ 121.822554702000048, -5.142654493999942 ], [ 121.821985143, -5.147668139999951 ], [ 121.816009157000053, -5.145628859999931 ] ] ], [ [ [ 121.865934742000036, -5.141107054999964 ], [ 121.868714089000036, -5.14445991599996 ], [ 121.864302545000101, -5.144385765999971 ], [ 121.865934742000036, -5.141107054999964 ] ] ], [ [ [ 121.857119751000027, -5.136926173999939 ], [ 121.863077750000116, -5.137408086999926 ], [ 121.862681319000103, -5.13977698399998 ], [ 121.857119751000027, -5.136926173999939 ] ] ], [ [ [ 121.839426112000069, -5.119491079999932 ], [ 121.844005853000112, -5.135783472999947 ], [ 121.83591104900006, -5.152248677999978 ], [ 121.824518357000102, -5.152628051999955 ], [ 121.839426112000069, -5.119491079999932 ] ] ], [ [ [ 121.509660586000109, -4.838435326999956 ], [ 121.509160165000026, -4.837120275999951 ], [ 121.511129199000038, -4.836388953999972 ], [ 121.509660586000109, -4.838435326999956 ] ] ], [ [ [ 121.651273576000108, -4.810796451999977 ], [ 121.652666713000031, -4.814012703999936 ], [ 121.650526107000019, -4.811779881999939 ], [ 121.651273576000108, -4.810796451999977 ] ] ], [ [ [ 121.50646491100008, -4.721710414999961 ], [ 121.505451200000039, -4.730046323999943 ], [ 121.503514894000091, -4.714522134999925 ], [ 121.50646491100008, -4.721710414999961 ] ] ], [ [ [ 121.987783712, -4.426503766999929 ], [ 122.047140220000074, -4.468816172999936 ], [ 122.050879240000086, -4.486602323999932 ], [ 122.080033814000103, -4.497828701999936 ], [ 122.093157111000096, -4.495077058999925 ], [ 122.107753297000045, -4.508090368999945 ], [ 122.107179121000058, -4.539336770999967 ], [ 122.089297032000104, -4.542851538999969 ], [ 122.069723726, -4.577524129999972 ], [ 122.062923867000109, -4.609627269999976 ], [ 122.030419772000073, -4.656367821999936 ], [ 122.036254851000081, -4.662101018999977 ], [ 122.030769006000014, -4.667471592999959 ], [ 122.031809783000085, -4.71824943799993 ], [ 122.047386612000082, -4.770093305999978 ], [ 122.065096941000093, -4.773521323999944 ], [ 122.075314746000117, -4.791428981999957 ], [ 122.095493135000083, -4.795233069999938 ], [ 122.094465233000051, -4.808795114999953 ], [ 122.120250060000103, -4.818672400999958 ], [ 122.091712812000083, -4.825501419999966 ], [ 122.075089826000067, -4.842938470999968 ], [ 122.075202954000019, -4.85847668699995 ], [ 122.067608257000074, -4.849504768999964 ], [ 122.044971728000064, -4.866086401999951 ], [ 122.043834450000077, -4.875487842999974 ], [ 122.034532279000018, -4.879416520999939 ], [ 122.025789538000026, -4.87100957399997 ], [ 122.022593962000087, -4.893081198999937 ], [ 122.001371124000116, -4.899941038999941 ], [ 122.005198789000019, -4.884544406999964 ], [ 121.983842964000019, -4.901151207999931 ], [ 121.973630668000055, -4.89089908699998 ], [ 121.89440890000003, -4.880057310999973 ], [ 121.834993483000062, -4.852661718999968 ], [ 121.815955118000034, -4.834353094999926 ], [ 121.792344685000103, -4.834388517999969 ], [ 121.78403438700002, -4.844903016999979 ], [ 121.779467258000068, -4.836572372999967 ], [ 121.75601873700009, -4.844239143999971 ], [ 121.734727400000111, -4.836333752999963 ], [ 121.709601639000084, -4.855240561999949 ], [ 121.68414812900005, -4.851016330999926 ], [ 121.659682564000036, -4.817782742999952 ], [ 121.6637232060001, -4.810664971999927 ], [ 121.646740459000057, -4.80667234699996 ], [ 121.639669307000077, -4.81223096399998 ], [ 121.632204872000102, -4.805042655999955 ], [ 121.628259085000082, -4.777213265999933 ], [ 121.616819861000067, -4.795638637999957 ], [ 121.550427189000061, -4.772628360999931 ], [ 121.521013505000042, -4.739256239999975 ], [ 121.506747937000114, -4.736239965999971 ], [ 121.508071786000073, -4.714063611999961 ], [ 121.500366652000025, -4.713057938999953 ], [ 121.492881232000059, -4.693989621999947 ], [ 121.466846432000011, -4.68410341699996 ], [ 121.470688266000025, -4.591350302999956 ], [ 121.491592318000016, -4.592083486999968 ], [ 121.504381049000017, -4.582004243999961 ], [ 121.510125915000117, -4.587507674999927 ], [ 121.55793639500007, -4.568548918999966 ], [ 121.566262901000073, -4.578991913999971 ], [ 121.577354689000117, -4.570577206999928 ], [ 121.59281343400005, -4.57733731899998 ], [ 121.596851381000079, -4.570344906999935 ], [ 121.612838780000061, -4.572693243999936 ], [ 121.622070704000066, -4.559721088999936 ], [ 121.650145745000032, -4.568411289999972 ], [ 121.654784876, -4.59835355499996 ], [ 121.669581681000068, -4.615229036999949 ], [ 121.71037187200011, -4.527177696999956 ], [ 121.723637771000085, -4.52409049299996 ], [ 121.72414032000006, -4.491746616999933 ], [ 121.737243877000083, -4.491609822999976 ], [ 121.752722240000026, -4.48025920699996 ], [ 121.754401979000022, -4.466262599999936 ], [ 121.782110001000092, -4.455743222999956 ], [ 121.80313439400004, -4.420703171999946 ], [ 121.881888889000038, -4.37727777799995 ], [ 121.987783712, -4.426503766999929 ] ] ], [ [ [ 122.053783013000043, -5.319304371999976 ], [ 122.058416151000074, -5.319043552999972 ], [ 122.053436054000031, -5.32506895299997 ], [ 122.053783013000043, -5.319304371999976 ] ] ], [ [ [ 122.07645151600002, -5.286242925999943 ], [ 122.066158107000092, -5.306440454999972 ], [ 122.057271875000083, -5.303743527999927 ], [ 122.056627396000067, -5.296179138999946 ], [ 122.07645151600002, -5.286242925999943 ] ] ], [ [ [ 121.896797782000021, -5.05730512699995 ], [ 121.895787365000047, -5.089380147999975 ], [ 121.938199769000107, -5.110924973999943 ], [ 121.933177476000083, -5.084207426999967 ], [ 121.938885696000057, -5.074473248999936 ], [ 121.947793606000118, -5.064125692999937 ], [ 121.968207342000028, -5.062906079999948 ], [ 121.984797641000114, -5.090241594999952 ], [ 121.975364556000045, -5.121825236999939 ], [ 121.984201902000109, -5.126181543999962 ], [ 121.991501952000021, -5.158737496999947 ], [ 122.012785966000024, -5.168563751999955 ], [ 122.017717661, -5.163214707999941 ], [ 122.010552491000112, -5.161417539999945 ], [ 122.010080446000075, -5.151491844999953 ], [ 122.01733311800001, -5.156405193999944 ], [ 122.035046418000093, -5.148201548999964 ], [ 122.035812233000115, -5.162224542999979 ], [ 122.050725484000054, -5.182100336999952 ], [ 122.058974856000077, -5.181330471999956 ], [ 122.055913807000024, -5.200510513999973 ], [ 122.07069858400007, -5.201402449999932 ], [ 122.06271713700005, -5.214037709999957 ], [ 122.074826618000088, -5.232880983999962 ], [ 122.04922698200005, -5.244330881999929 ], [ 122.033892903000037, -5.241404461999934 ], [ 122.05112780200011, -5.266579884999942 ], [ 122.053919009000083, -5.286090207999962 ], [ 122.050412466000012, -5.317622896999978 ], [ 122.039125192000029, -5.32542695199993 ], [ 122.03507684300007, -5.333509696999954 ], [ 122.041188281000018, -5.340729493999959 ], [ 122.033378730000095, -5.345960462999926 ], [ 122.041540897000118, -5.35697477399998 ], [ 122.03789843200002, -5.369707027999937 ], [ 122.047901060000072, -5.365196368999932 ], [ 122.042939629000102, -5.383679180999934 ], [ 122.048931835000076, -5.413635770999974 ], [ 121.94246179400011, -5.412123506999933 ], [ 121.932397502000072, -5.428772532999972 ], [ 121.922638539000104, -5.42037462199994 ], [ 121.920520819000103, -5.421659530999932 ], [ 121.919340606000105, -5.419736925999928 ], [ 121.922570318000112, -5.402419172999942 ], [ 121.905245555000079, -5.405749723999975 ], [ 121.873537148000082, -5.385022678999974 ], [ 121.823902897000039, -5.312645560999954 ], [ 121.822871667000072, -5.293638256999941 ], [ 121.795172449, -5.277159092999966 ], [ 121.793232530000068, -5.264097126999957 ], [ 121.804534612000111, -5.254239077999955 ], [ 121.812609832000021, -5.226746723999952 ], [ 121.808021025000016, -5.207236438999928 ], [ 121.831824310000115, -5.202835967999931 ], [ 121.839049575000104, -5.192354652999938 ], [ 121.824243392000085, -5.185563632999958 ], [ 121.823086702000069, -5.168836160999945 ], [ 121.841675297000052, -5.146478024999965 ], [ 121.860144645000105, -5.160529731999929 ], [ 121.874565290000078, -5.149847332999968 ], [ 121.883345343000087, -5.15300246399994 ], [ 121.88263874800009, -5.140007891999971 ], [ 121.863908808000019, -5.137703580999926 ], [ 121.8661622730001, -5.128753849999953 ], [ 121.843431590000023, -5.12174637399994 ], [ 121.840984325000022, -5.107965813999954 ], [ 121.851753172000031, -5.09768728399996 ], [ 121.8538435910001, -5.108313103999933 ], [ 121.868998996000073, -5.119340096999963 ], [ 121.867355912000107, -5.112184917999969 ], [ 121.876783497000019, -5.109430060999955 ], [ 121.856612371000097, -5.106422693999946 ], [ 121.854500488000099, -5.098241506999955 ], [ 121.850074637000034, -5.094924797999965 ], [ 121.855586340000059, -5.084225067999967 ], [ 121.88716854200004, -5.057306439999934 ], [ 121.896797782000021, -5.05730512699995 ] ] ], [ [ [ 122.075334735000069, -5.224725909999961 ], [ 122.07437496600005, -5.224047374999941 ], [ 122.075616580000087, -5.221629922999966 ], [ 122.075334735000069, -5.224725909999961 ] ] ], [ [ [ 121.911572331000116, -5.091080660999978 ], [ 121.913852900000052, -5.091126205999956 ], [ 121.911440118000087, -5.093080958999963 ], [ 121.911572331000116, -5.091080660999978 ] ] ], [ [ [ 121.949024007000048, -4.909753919999957 ], [ 121.946242747000042, -4.910272360999954 ], [ 121.946696970000062, -4.908301355999981 ], [ 121.949024007000048, -4.909753919999957 ] ] ], [ [ [ 122.051166852000051, -4.880184733999954 ], [ 122.058308765000106, -4.884315169999979 ], [ 122.038135215000011, -4.894806695999932 ], [ 122.047652700000071, -4.888124165999955 ], [ 122.051166852000051, -4.880184733999954 ] ] ], [ [ [ 122.060131281000054, -4.884770701999969 ], [ 122.063224046000073, -4.884542410999927 ], [ 122.064267299000107, -4.886153186999934 ], [ 122.060131281000054, -4.884770701999969 ] ] ], [ [ [ 122.118668805000084, -4.836778591999973 ], [ 122.116198132000022, -4.846141274999979 ], [ 122.111246473000051, -4.846833697999955 ], [ 122.118668805000084, -4.836778591999973 ] ] ], [ [ [ 122.143426929000043, -4.836566732999927 ], [ 122.143016227000089, -4.84567616399994 ], [ 122.141788330000054, -4.84241635099994 ], [ 122.143426929000043, -4.836566732999927 ] ] ], [ [ [ 122.140753019000044, -4.816989685999943 ], [ 122.136006312000063, -4.82758948999998 ], [ 122.120969622000075, -4.832514086999936 ], [ 122.121005875000037, -4.820109204999937 ], [ 122.140753019000044, -4.816989685999943 ] ] ], [ [ [ 122.149719615000095, -4.807873016999963 ], [ 122.152553411000099, -4.814612964999981 ], [ 122.142623102000016, -4.816605451999976 ], [ 122.149719615000095, -4.807873016999963 ] ] ], [ [ [ 122.110051309000028, -4.541263571999934 ], [ 122.108603186000096, -4.540519161999953 ], [ 122.109776834000058, -4.539171976999967 ], [ 122.110051309000028, -4.541263571999934 ] ] ], [ [ [ 122.112983666000105, -4.539409350999961 ], [ 122.111393124000074, -4.541133892999937 ], [ 122.111298767000108, -4.538843487999941 ], [ 122.112983666000105, -4.539409350999961 ] ] ] ] } },
{ "type": "Feature", "properties": { "kemendagri_kab_code": 7407, "kemendagri_kab_name": "Kabupaten Wakatobi", "kemendagri_prov_code": 74, "kemendagri_prov_name": "Sulawesi Tenggara" }, "geometry": { "type": "MultiPolygon", "coordinates": [ [ [ [ 123.604933109000058, -5.425391199999979 ], [ 123.605069775000061, -5.425264019999929 ], [ 123.605105427000012, -5.425337961999958 ], [ 123.604933109000058, -5.425391199999979 ] ] ], [ [ [ 123.603688666000039, -5.424882582999942 ], [ 123.60336712600008, -5.424508855999932 ], [ 123.603905471000076, -5.424709518999975 ], [ 123.603688666000039, -5.424882582999942 ] ] ], [ [ [ 123.596691604000057, -5.42215170399993 ], [ 123.59667080700001, -5.421977199999958 ], [ 123.596745082000098, -5.422133957999961 ], [ 123.596691604000057, -5.42215170399993 ] ] ], [ [ [ 123.594792163000079, -5.421322607999969 ], [ 123.594942068000023, -5.421618849999959 ], [ 123.594474505000107, -5.421126301999948 ], [ 123.594792163000079, -5.421322607999969 ] ] ], [ [ [ 123.594710071, -5.420819350999977 ], [ 123.59557738500007, -5.421012087999941 ], [ 123.595948580000027, -5.421590296999966 ], [ 123.594710071, -5.420819350999977 ] ] ], [ [ [ 123.596872550000057, -5.420471416999931 ], [ 123.596943934000024, -5.420271541999966 ], [ 123.59702483600006, -5.420409550999977 ], [ 123.596872550000057, -5.420471416999931 ] ] ], [ [ [ 123.595202555000014, -5.420101660999933 ], [ 123.595254933000092, -5.420560269999953 ], [ 123.594905152000024, -5.420174795999969 ], [ 123.595202555000014, -5.420101660999933 ] ] ], [ [ [ 123.595455591000018, -5.419973908999964 ], [ 123.595636228000103, -5.419827205999979 ], [ 123.595659996000109, -5.419869797999979 ], [ 123.595455591000018, -5.419973908999964 ] ] ], [ [ [ 123.612845339000046, -5.402336454999954 ], [ 123.642657127, -5.41928622599994 ], [ 123.643389512000113, -5.426806037999938 ], [ 123.628051663000065, -5.434948980999934 ], [ 123.585208693000027, -5.411858244999962 ], [ 123.612845339000046, -5.402336454999954 ] ] ], [ [ [ 123.590778708000016, -5.389601994999964 ], [ 123.6042242420001, -5.394561622999959 ], [ 123.592061328000113, -5.397207082999955 ], [ 123.590778708000016, -5.389601994999964 ] ] ], [ [ [ 123.640315290000103, -5.383983914999931 ], [ 123.638864134000073, -5.393194908999931 ], [ 123.629098891000012, -5.391068721999943 ], [ 123.632722051000087, -5.385698924999929 ], [ 123.640315290000103, -5.383983914999931 ] ] ], [ [ [ 123.613315804000081, -5.387382636999973 ], [ 123.613070371000049, -5.38792140399994 ], [ 123.612869618000104, -5.387768427999958 ], [ 123.613315804000081, -5.387382636999973 ] ] ], [ [ [ 123.606165902000043, -5.386912267999946 ], [ 123.607104238000034, -5.387928539999962 ], [ 123.605745155000022, -5.387068258999932 ], [ 123.606165902000043, -5.386912267999946 ] ] ], [ [ [ 123.603834736000067, -5.387044884999966 ], [ 123.603930283000068, -5.386897227999953 ], [ 123.603871814000058, -5.387083218999976 ], [ 123.603834736000067, -5.387044884999966 ] ] ], [ [ [ 123.601480637, -5.38642171999993 ], [ 123.601378435000015, -5.385385278999934 ], [ 123.602319646000069, -5.384831562999977 ], [ 123.601480637, -5.38642171999993 ] ] ], [ [ [ 123.615108603000067, -5.385420085999954 ], [ 123.615263095000046, -5.385201202999951 ], [ 123.61534925400008, -5.385281064999958 ], [ 123.615108603000067, -5.385420085999954 ] ] ], [ [ [ 123.61551087600003, -5.385245570999928 ], [ 123.615667151000025, -5.384852171999967 ], [ 123.615589905000093, -5.385304727999937 ], [ 123.61551087600003, -5.385245570999928 ] ] ], [ [ [ 123.615182878000041, -5.38513908699997 ], [ 123.615206646000047, -5.384630330999926 ], [ 123.615396790000091, -5.384710193999979 ], [ 123.615182878000041, -5.38513908699997 ] ] ], [ [ [ 123.582479419000038, -5.384826129999965 ], [ 123.582848296000066, -5.384716433999927 ], [ 123.582566983000106, -5.384921184999939 ], [ 123.582479419000038, -5.384826129999965 ] ] ], [ [ [ 123.58311758900004, -5.384648656999957 ], [ 123.583283579000067, -5.384432167999933 ], [ 123.583347031000017, -5.384451203999959 ], [ 123.58311758900004, -5.384648656999957 ] ] ], [ [ [ 123.601212163000014, -5.379567458999929 ], [ 123.602199640000094, -5.380269399999975 ], [ 123.600879039, -5.380435962999968 ], [ 123.601212163000014, -5.379567458999929 ] ] ], [ [ [ 123.537686140000119, -5.36342667599996 ], [ 123.537942834000091, -5.363095380999937 ], [ 123.537961849000112, -5.363540262999948 ], [ 123.537686140000119, -5.36342667599996 ] ] ], [ [ [ 123.535915426000088, -5.361881420999964 ], [ 123.534495290000109, -5.361934664999978 ], [ 123.533889207000016, -5.361538292999967 ], [ 123.535915426000088, -5.361881420999964 ] ] ], [ [ [ 123.538573766000013, -5.356422785999939 ], [ 123.535539953000011, -5.357757663999962 ], [ 123.535411463000059, -5.357122347999962 ], [ 123.538573766000013, -5.356422785999939 ] ] ], [ [ [ 123.536714050000114, -5.356238245999975 ], [ 123.536732063000045, -5.355680393999933 ], [ 123.537267442000029, -5.355848145999971 ], [ 123.536714050000114, -5.356238245999975 ] ] ], [ [ [ 123.539469978000056, -5.354516282999953 ], [ 123.539419665000082, -5.353962898999953 ], [ 123.539880090000111, -5.354216311999949 ], [ 123.539469978000056, -5.354516282999953 ] ] ], [ [ [ 123.53107731700004, -5.352152174999958 ], [ 123.539569138000047, -5.352384409999956 ], [ 123.53047342800005, -5.355401216999951 ], [ 123.53107731700004, -5.352152174999958 ] ] ], [ [ [ 123.469769006000092, -5.326283996999962 ], [ 123.496994069000039, -5.336845213999936 ], [ 123.507405025000025, -5.353542837999953 ], [ 123.527157056000078, -5.362555011999973 ], [ 123.528343153000037, -5.376314098999956 ], [ 123.537590371000078, -5.369398772999944 ], [ 123.541260662000013, -5.377236675999939 ], [ 123.528049219000081, -5.380910762999974 ], [ 123.47915201100011, -5.359725677999961 ], [ 123.463802718000011, -5.334123602999966 ], [ 123.469769006000092, -5.326283996999962 ] ] ], [ [ [ 123.530764931000022, -5.35192679599993 ], [ 123.530792501000064, -5.35197412399998 ], [ 123.530746867000062, -5.35195992599995 ], [ 123.530764931000022, -5.35192679599993 ] ] ], [ [ [ 123.538860217000092, -5.35001802599993 ], [ 123.52934838300007, -5.321067744999937 ], [ 123.527574301000072, -5.29139753499993 ], [ 123.51886425400005, -5.264239732999954 ], [ 123.531406753000056, -5.248171499999955 ], [ 123.589675936000049, -5.248709216999941 ], [ 123.62406486000009, -5.267172607999953 ], [ 123.641923596000083, -5.287134482999932 ], [ 123.633737679000092, -5.341687370999978 ], [ 123.639372674000015, -5.366767378999953 ], [ 123.618769876000101, -5.383476351999946 ], [ 123.615501922000021, -5.373747409999964 ], [ 123.599708175000046, -5.377762777999976 ], [ 123.601312724000081, -5.382842947999961 ], [ 123.603417548000039, -5.381418803999964 ], [ 123.604976522000015, -5.38226666099996 ], [ 123.599655277000011, -5.386083054999972 ], [ 123.581817027000056, -5.382597898999961 ], [ 123.538860217000092, -5.35001802599993 ] ] ], [ [ [ 123.523756168000091, -5.281926600999952 ], [ 123.523965561000068, -5.282088403999978 ], [ 123.523856106000039, -5.282174064999936 ], [ 123.523756168000091, -5.281926600999952 ] ] ], [ [ [ 123.590796957000066, -5.247809330999928 ], [ 123.590064903000098, -5.247434423999948 ], [ 123.590435684000113, -5.247508268999979 ], [ 123.590796957000066, -5.247809330999928 ] ] ], [ [ [ 123.589821519000111, -5.247388980999972 ], [ 123.589840534000018, -5.247301880999942 ], [ 123.589937507000059, -5.247379512999942 ], [ 123.589821519000111, -5.247388980999972 ] ] ], [ [ [ 123.574715821000041, -5.245148606999976 ], [ 123.574910718000069, -5.245087068999965 ], [ 123.574929732000101, -5.245186475999958 ], [ 123.574715821000041, -5.245148606999976 ] ] ], [ [ [ 123.737627141000075, -5.533505104999961 ], [ 123.749476857000104, -5.53831161599993 ], [ 123.75466408200009, -5.546354193999946 ], [ 123.746383557000058, -5.550875169999927 ], [ 123.736485, -5.542261520999944 ], [ 123.737627141000075, -5.533505104999961 ] ] ], [ [ [ 123.691840194000065, -5.469436060999953 ], [ 123.732123928000078, -5.479883092999955 ], [ 123.732903201000113, -5.489412834999939 ], [ 123.770845059000067, -5.508554334999928 ], [ 123.810478508000074, -5.557783671999971 ], [ 123.825483389000055, -5.558402332999947 ], [ 123.827162575000102, -5.571103062999953 ], [ 123.807312041000046, -5.577979941999956 ], [ 123.81835404800006, -5.601586337999947 ], [ 123.780474814000058, -5.589856783999949 ], [ 123.75945376300001, -5.555156509999961 ], [ 123.763273690000119, -5.550943673999939 ], [ 123.749569780000115, -5.533320195999977 ], [ 123.713698809000107, -5.506627402999925 ], [ 123.691840194000065, -5.469436060999953 ] ] ], [ [ [ 123.75844878700002, -5.497755834999964 ], [ 123.759479445000011, -5.496845053999948 ], [ 123.759749433000025, -5.499191576999976 ], [ 123.75844878700002, -5.497755834999964 ] ] ], [ [ [ 123.750438589000055, -5.49752366499996 ], [ 123.750518806000059, -5.497407145999944 ], [ 123.750525936000031, -5.497534902999973 ], [ 123.750438589000055, -5.49752366499996 ] ] ], [ [ [ 123.756789715000082, -5.49543897999996 ], [ 123.756873853000116, -5.495364454999958 ], [ 123.756876705000082, -5.495415557999934 ], [ 123.756789715000082, -5.49543897999996 ] ] ], [ [ [ 123.749743832000036, -5.484827518999964 ], [ 123.77110187400001, -5.491965901999947 ], [ 123.746174641000039, -5.490566778999948 ], [ 123.749743832000036, -5.484827518999964 ] ] ], [ [ [ 123.777186236000034, -5.474250448999953 ], [ 123.777214758000014, -5.474065904999975 ], [ 123.77734595700008, -5.474193665999962 ], [ 123.777186236000034, -5.474250448999953 ] ] ], [ [ [ 123.778590963000056, -5.474178011999925 ], [ 123.778678904000117, -5.474095202999933 ], [ 123.778683658000091, -5.474154351999971 ], [ 123.778590963000056, -5.474178011999925 ] ] ], [ [ [ 123.778316443000108, -5.473803006999958 ], [ 123.778169081000101, -5.474129509999955 ], [ 123.777833953000027, -5.473864521999928 ], [ 123.778316443000108, -5.473803006999958 ] ] ], [ [ [ 123.777660447000017, -5.473805372999948 ], [ 123.777753142000051, -5.473668147999945 ], [ 123.777807808000034, -5.473788811999952 ], [ 123.777660447000017, -5.473805372999948 ] ] ], [ [ [ 123.776599063000049, -5.473519840999927 ], [ 123.776701741000011, -5.47342047099994 ], [ 123.776754506000088, -5.473498546999963 ], [ 123.776599063000049, -5.473519840999927 ] ] ], [ [ [ 123.778365167000061, -5.473456393999925 ], [ 123.778463804000012, -5.473405525999965 ], [ 123.778430529000047, -5.473474138999961 ], [ 123.778365167000061, -5.473456393999925 ] ] ], [ [ [ 123.77685718400005, -5.473458798999957 ], [ 123.776964139000029, -5.473380721999945 ], [ 123.776931340000033, -5.473481511999978 ], [ 123.77685718400005, -5.473458798999957 ] ] ], [ [ [ 123.776570542000059, -5.473241603999952 ], [ 123.776641846000075, -5.473137974999929 ], [ 123.776693185000113, -5.473252960999957 ], [ 123.776570542000059, -5.473241603999952 ] ] ], [ [ [ 123.77770570000007, -5.472792780999953 ], [ 123.777788888000032, -5.472740729999941 ], [ 123.777797207000049, -5.472793963999948 ], [ 123.77770570000007, -5.472792780999953 ] ] ], [ [ [ 123.775797041000033, -5.472643520999952 ], [ 123.775820809000038, -5.472735793999959 ], [ 123.775757823000049, -5.472697938999943 ], [ 123.775797041000033, -5.472643520999952 ] ] ], [ [ [ 123.690263285000015, -5.469631136999965 ], [ 123.690283487000102, -5.469487995999941 ], [ 123.690388067000072, -5.469567255999948 ], [ 123.690263285000015, -5.469631136999965 ] ] ], [ [ [ 123.690132798000036, -5.469271902999935 ], [ 123.690227870000058, -5.469340042999931 ], [ 123.690168926000069, -5.469393040999933 ], [ 123.690132798000036, -5.469271902999935 ] ] ], [ [ [ 123.690709029000118, -5.469005383999956 ], [ 123.690800298000113, -5.468992133999961 ], [ 123.690800298000113, -5.469052702999932 ], [ 123.690709029000118, -5.469005383999956 ] ] ], [ [ [ 123.76139817100011, -5.460006387999954 ], [ 123.773691143000065, -5.45844299099997 ], [ 123.776089679000052, -5.458980793999956 ], [ 123.775126919000058, -5.460623866999981 ], [ 123.777139558000044, -5.465642488999947 ], [ 123.786344741000107, -5.477084986999955 ], [ 123.772921283000073, -5.46990528799995 ], [ 123.761354337000057, -5.476348210999959 ], [ 123.76139817100011, -5.460006387999954 ] ] ], [ [ [ 123.780698770000072, -5.464570868999942 ], [ 123.780755814000031, -5.464979712999934 ], [ 123.780067493000047, -5.464449729999956 ], [ 123.780698770000072, -5.464570868999942 ] ] ], [ [ [ 123.779968618000112, -5.464305877999948 ], [ 123.780067493000047, -5.46438348199996 ], [ 123.779961012000058, -5.464366446999975 ], [ 123.779968618000112, -5.464305877999948 ] ] ], [ [ [ 123.779008712000063, -5.463585775999945 ], [ 123.778982567000071, -5.463151614999958 ], [ 123.779317695000032, -5.463583409999956 ], [ 123.779008712000063, -5.463585775999945 ] ] ], [ [ [ 123.778868481000018, -5.463087732999952 ], [ 123.778902944000038, -5.463100745999952 ], [ 123.778880365000077, -5.463116124999942 ], [ 123.778868481000018, -5.463087732999952 ] ] ], [ [ [ 123.778340832000026, -5.462585548999925 ], [ 123.777784661000055, -5.461506650999979 ], [ 123.778569004000019, -5.462635234999937 ], [ 123.778340832000026, -5.462585548999925 ] ] ], [ [ [ 123.776247800000078, -5.459767691999957 ], [ 123.77631339900006, -5.459611534999965 ], [ 123.776376147000065, -5.459828734999974 ], [ 123.776247800000078, -5.459767691999957 ] ] ], [ [ [ 123.776095209000118, -5.459475252999937 ], [ 123.776132287000109, -5.45933329199994 ], [ 123.776177922000102, -5.459517840999979 ], [ 123.776095209000118, -5.459475252999937 ] ] ], [ [ [ 123.776102340000079, -5.45927934599996 ], [ 123.776166513000021, -5.459218302999943 ], [ 123.776159383000049, -5.459272247999934 ], [ 123.776102340000079, -5.45927934599996 ] ] ], [ [ [ 123.77368810300004, -5.457386206999956 ], [ 123.773765349000087, -5.457345984999961 ], [ 123.773761784000044, -5.457439442999942 ], [ 123.77368810300004, -5.457386206999956 ] ] ], [ [ [ 123.773837841000045, -5.457176813999979 ], [ 123.773945986000058, -5.457118845999958 ], [ 123.773951928000088, -5.457153153999968 ], [ 123.773837841000045, -5.457176813999979 ] ] ], [ [ [ 123.768259954000087, -5.457093846999953 ], [ 123.768331258000103, -5.457058355999948 ], [ 123.768331258000103, -5.457105676999959 ], [ 123.768259954000087, -5.457093846999953 ] ] ], [ [ [ 123.650208224000039, -5.302773761999958 ], [ 123.649034654000047, -5.303923833999932 ], [ 123.650536831000068, -5.301911786999938 ], [ 123.650208224000039, -5.302773761999958 ] ] ], [ [ [ 123.650687450000078, -5.301235899999938 ], [ 123.650855014000058, -5.300426510999955 ], [ 123.6507195370001, -5.30129269899993 ], [ 123.650687450000078, -5.301235899999938 ] ] ], [ [ [ 123.650922649000108, -5.299501692999968 ], [ 123.647848066000051, -5.295328649999931 ], [ 123.648751810000022, -5.294296176999978 ], [ 123.650922649000108, -5.299501692999968 ] ] ], [ [ [ 123.64847670600011, -5.292758502999959 ], [ 123.648507604000088, -5.292700519999926 ], [ 123.648530184000037, -5.292760869999938 ], [ 123.64847670600011, -5.292758502999959 ] ] ], [ [ [ 123.860616770000092, -5.593316065999943 ], [ 123.860497930000065, -5.593064378999941 ], [ 123.860688073, -5.593282002999956 ], [ 123.860616770000092, -5.593316065999943 ] ] ], [ [ [ 123.824173544000018, -5.592479920999949 ], [ 123.824304268000105, -5.592488790999937 ], [ 123.824218109000071, -5.59255088499998 ], [ 123.824173544000018, -5.592479920999949 ] ] ], [ [ [ 123.824559773000033, -5.592258156999947 ], [ 123.824631077000049, -5.592083701999968 ], [ 123.824714265000011, -5.592142838999962 ], [ 123.824559773000033, -5.592258156999947 ] ] ], [ [ [ 123.82507672700001, -5.591510071999949 ], [ 123.824859844000116, -5.591782102999957 ], [ 123.824738033000017, -5.591548510999928 ], [ 123.82507672700001, -5.591510071999949 ] ] ], [ [ [ 123.825270198000112, -5.590016539999965 ], [ 123.825371450000034, -5.590039248999972 ], [ 123.825311554000109, -5.590077569999949 ], [ 123.825270198000112, -5.590016539999965 ] ] ], [ [ [ 123.825457014000108, -5.589921446999938 ], [ 123.825535449000085, -5.589854739999964 ], [ 123.825569675000111, -5.589904414999978 ], [ 123.825457014000108, -5.589921446999938 ] ] ], [ [ [ 123.822770520000063, -5.589180100999954 ], [ 123.822954722000077, -5.589327943999933 ], [ 123.822841824000079, -5.589345684999955 ], [ 123.822770520000063, -5.589180100999954 ] ] ], [ [ [ 123.819353837000108, -5.580648808999968 ], [ 123.826883947000056, -5.583322950999957 ], [ 123.822086505000016, -5.586172923999925 ], [ 123.819382911000048, -5.598124668999958 ], [ 123.819353837000108, -5.580648808999968 ] ] ], [ [ [ 123.826523008000095, -5.588835446999951 ], [ 123.826618080000117, -5.588894584999935 ], [ 123.826553906000072, -5.588922970999931 ], [ 123.826523008000095, -5.588835446999951 ] ] ], [ [ [ 123.823621034000098, -5.58809845199994 ], [ 123.823730842000032, -5.58809277499995 ], [ 123.823690911000085, -5.58816657899996 ], [ 123.823621034000098, -5.58809845199994 ] ] ], [ [ [ 123.824095918000012, -5.588036002999957 ], [ 123.824137274, -5.587972133999926 ], [ 123.824217134000037, -5.587983488999953 ], [ 123.824095918000012, -5.588036002999957 ] ] ], [ [ [ 123.823981831000083, -5.587955102999956 ], [ 123.824057413000105, -5.587963617999947 ], [ 123.823987536000118, -5.587994842999933 ], [ 123.823981831000083, -5.587955102999956 ] ] ], [ [ [ 123.822722327000065, -5.587421740999957 ], [ 123.822694756000033, -5.58716768599993 ], [ 123.822854477000078, -5.587285014999964 ], [ 123.822722327000065, -5.587421740999957 ] ] ], [ [ [ 123.831132754, -5.587004515999979 ], [ 123.831131328000083, -5.586744783999961 ], [ 123.831261101000109, -5.586767491999979 ], [ 123.831132754, -5.587004515999979 ] ] ], [ [ [ 123.833607475, -5.586354947999951 ], [ 123.833651208000106, -5.586462814999948 ], [ 123.833548531000019, -5.586417396999934 ], [ 123.833607475, -5.586354947999951 ] ] ], [ [ [ 123.829910340000083, -5.583947343999967 ], [ 123.830036310000082, -5.58377939199994 ], [ 123.830079093000109, -5.58393315099994 ], [ 123.829910340000083, -5.583947343999967 ] ] ], [ [ [ 123.827402819000099, -5.583122250999963 ], [ 123.827331515000083, -5.582707101999972 ], [ 123.827609600000073, -5.58277451899994 ], [ 123.827402819000099, -5.583122250999963 ] ] ], [ [ [ 123.82187341000008, -5.574322783999946 ], [ 123.827437875000101, -5.576176762999978 ], [ 123.818050829000072, -5.57732931299995 ], [ 123.82187341000008, -5.574322783999946 ] ] ], [ [ [ 123.828465037000115, -5.57547094399996 ], [ 123.828015681000011, -5.575275325999939 ], [ 123.82821603900004, -5.575064432999966 ], [ 123.828465037000115, -5.57547094399996 ] ] ], [ [ [ 123.841589628000065, -5.550556662999952 ], [ 123.858899106000081, -5.568285946999936 ], [ 123.880141827000102, -5.571388985999931 ], [ 123.882333742000014, -5.582783634999942 ], [ 123.863992235000069, -5.59401778299997 ], [ 123.84752336400004, -5.586976824999965 ], [ 123.832090653000023, -5.586079864999931 ], [ 123.827989589000026, -5.560955415999956 ], [ 123.841589628000065, -5.550556662999952 ] ] ], [ [ [ 123.858683770000084, -5.566092347999927 ], [ 123.858353620000116, -5.565744350999978 ], [ 123.858520182, -5.565628352999966 ], [ 123.858683770000084, -5.566092347999927 ] ] ], [ [ [ 123.856551029000116, -5.562963355999955 ], [ 123.856558168000106, -5.562552898999968 ], [ 123.856879395000078, -5.562856280999938 ], [ 123.856551029000116, -5.562963355999955 ] ] ], [ [ [ 123.856368429000099, -5.559729567999966 ], [ 123.855345260000036, -5.559748602999946 ], [ 123.856292286000098, -5.55947258599997 ], [ 123.856368429000099, -5.559729567999966 ] ] ], [ [ [ 123.864146311000013, -5.547484987999951 ], [ 123.864488953000091, -5.54789425599995 ], [ 123.864077306000013, -5.547825250999949 ], [ 123.864146311000013, -5.547484987999951 ] ] ], [ [ [ 123.865252760000089, -5.547097135999934 ], [ 123.86488870200003, -5.546925814999952 ], [ 123.865214688000037, -5.546821118999958 ], [ 123.865252760000089, -5.547097135999934 ] ] ], [ [ [ 123.866280518000053, -5.532029207999926 ], [ 123.860338306000017, -5.547779121999952 ], [ 123.867455391000021, -5.552761832999977 ], [ 123.863595412000109, -5.557133328999953 ], [ 123.859171634000063, -5.559329185999957 ], [ 123.846822848000102, -5.555212805999929 ], [ 123.844942399000047, -5.549450199999967 ], [ 123.850833102000024, -5.548191710999959 ], [ 123.855947528000115, -5.54034026599993 ], [ 123.861461075000079, -5.538068520999957 ], [ 123.866280518000053, -5.532029207999926 ] ] ], [ [ [ 123.865240977000099, -5.544290217999958 ], [ 123.865319412000076, -5.544267506999972 ], [ 123.865252386000066, -5.544310798999959 ], [ 123.865240977000099, -5.544290217999958 ] ] ], [ [ [ 123.850874138000108, -5.543185833999928 ], [ 123.851667026000086, -5.545525098999974 ], [ 123.850862266000036, -5.545594089999952 ], [ 123.850874138000108, -5.543185833999928 ] ] ], [ [ [ 123.868255025000053, -5.539671898999927 ], [ 123.870125876000088, -5.539716514999952 ], [ 123.869557780000036, -5.542095974999938 ], [ 123.868255025000053, -5.539671898999927 ] ] ], [ [ [ 123.868974367000078, -5.53829948899994 ], [ 123.869058743000096, -5.538259271999948 ], [ 123.869058743000096, -5.538307768999971 ], [ 123.868974367000078, -5.53829948899994 ] ] ], [ [ [ 123.868980309000108, -5.538178837999965 ], [ 123.869127670000012, -5.537892587999977 ], [ 123.869106279000107, -5.53820959199993 ], [ 123.868980309000108, -5.538178837999965 ] ] ], [ [ [ 123.861744760000079, -5.536817895999945 ], [ 123.859243352000021, -5.537692942999968 ], [ 123.861982707000038, -5.535869085999934 ], [ 123.861744760000079, -5.536817895999945 ] ] ], [ [ [ 123.86276887300005, -5.532681803999935 ], [ 123.862890090000064, -5.532595217999926 ], [ 123.862815934000082, -5.532687480999925 ], [ 123.86276887300005, -5.532681803999935 ] ] ], [ [ [ 123.784479494000038, -5.476724544999968 ], [ 123.784578479000061, -5.476695990999929 ], [ 123.784560395000085, -5.476747387999978 ], [ 123.784479494000038, -5.476724544999968 ] ] ], [ [ [ 123.789933989000019, -5.475738256999932 ], [ 123.789984496000102, -5.475675558999967 ], [ 123.789992221000034, -5.47573529899995 ], [ 123.789933989000019, -5.475738256999932 ] ] ], [ [ [ 124.612847460000012, -6.109439143999964 ], [ 124.61543124800005, -6.119686218999959 ], [ 124.599360675000071, -6.133367002999933 ], [ 124.601216654000041, -6.115559116999975 ], [ 124.612847460000012, -6.109439143999964 ] ] ], [ [ [ 123.986500222000018, -5.878335718999949 ], [ 124.041358365000065, -5.908394275999967 ], [ 124.080629381000108, -5.999735517999966 ], [ 124.082033425000077, -6.013627908999979 ], [ 124.073453089000054, -6.023882196999978 ], [ 124.04502281200007, -6.034766842999943 ], [ 124.038098103000038, -6.018226234999929 ], [ 124.049667043000113, -6.001688980999973 ], [ 124.045464675000062, -5.981900012999972 ], [ 123.981350599000052, -5.961923129999946 ], [ 123.968943764000073, -5.933970039999963 ], [ 123.986500222000018, -5.878335718999949 ] ] ], [ [ [ 123.924533739000026, -5.801526118999959 ], [ 123.946076710000057, -5.808856548999927 ], [ 123.940753429000097, -5.823714572999961 ], [ 123.922483571000043, -5.822960875999968 ], [ 123.902263088000041, -5.804934969999977 ], [ 123.924533739000026, -5.801526118999959 ] ] ], [ [ [ 124.334715869000092, -5.800770213999954 ], [ 124.331249127000092, -5.799237840999979 ], [ 124.33353420200001, -5.797631545999934 ], [ 124.334715869000092, -5.800770213999954 ] ] ], [ [ [ 123.870267478000073, -5.78384458599993 ], [ 123.868416913000033, -5.781592970999952 ], [ 123.869999050000047, -5.780194083999959 ], [ 123.870267478000073, -5.78384458599993 ] ] ], [ [ [ 123.892737369000088, -5.765269503999946 ], [ 123.902908401000104, -5.763171350999926 ], [ 123.925023324000108, -5.783426503999976 ], [ 123.894925557000079, -5.777098257999967 ], [ 123.892737369000088, -5.765269503999946 ] ] ], [ [ [ 123.904487319000054, -5.719691909999938 ], [ 123.963636948000044, -5.731608525999945 ], [ 124.005645966000088, -5.763176288999944 ], [ 123.949736506000022, -5.780404646999955 ], [ 123.919933145000073, -5.773306483999932 ], [ 123.893965260000073, -5.742103724999936 ], [ 123.893763744000012, -5.729241987999956 ], [ 123.904487319000054, -5.719691909999938 ] ] ], [ [ [ 124.487524994000069, -5.716193620999945 ], [ 124.487054625000042, -5.718347446999928 ], [ 124.484557381000059, -5.719333970999969 ], [ 124.487524994000069, -5.716193620999945 ] ] ], [ [ [ 124.043891838000036, -5.654709534999938 ], [ 124.042887706000101, -5.652349584999968 ], [ 124.042875809000066, -5.652213955999969 ], [ 124.043891838000036, -5.654709534999938 ] ] ], [ [ [ 123.87233445600009, -5.592942118999929 ], [ 123.872182935000069, -5.592782448999969 ], [ 123.87232257200003, -5.592749923999975 ], [ 123.87233445600009, -5.592942118999929 ] ] ], [ [ [ 123.882746717000032, -5.574744291999934 ], [ 123.883006215000023, -5.574687191999942 ], [ 123.88281294, -5.574940959999935 ], [ 123.882746717000032, -5.574744291999934 ] ] ], [ [ [ 123.878691137000033, -5.570562694999978 ], [ 123.878767195000023, -5.570475641999963 ], [ 123.878807125000094, -5.570545662999962 ], [ 123.878691137000033, -5.570562694999978 ] ] ], [ [ [ 123.878980156000011, -5.570513490999929 ], [ 123.87909994600011, -5.57043022299996 ], [ 123.879084735000106, -5.570507812999949 ], [ 123.878980156000011, -5.570513490999929 ] ] ], [ [ [ 123.874272608000069, -5.551762250999957 ], [ 123.874351337, -5.55151838699993 ], [ 123.874419152000087, -5.551825337999958 ], [ 123.874272608000069, -5.551762250999957 ] ] ], [ [ [ 123.870796645000041, -5.551061321999953 ], [ 123.870863166000049, -5.55104154299994 ], [ 123.870812597000054, -5.551089985999965 ], [ 123.870796645000041, -5.551061321999953 ] ] ], [ [ [ 123.870723292000093, -5.551077159999977 ], [ 123.870759065000016, -5.550916621999932 ], [ 123.870803242000079, -5.551014967999947 ], [ 123.870723292000093, -5.551077159999977 ] ] ], [ [ [ 123.868961130000116, -5.548654166999938 ], [ 123.869957530000079, -5.548285349999958 ], [ 123.870231167000043, -5.548799908999968 ], [ 123.868961130000116, -5.548654166999938 ] ] ], [ [ [ 123.870387590000064, -5.549838062999925 ], [ 123.876967125000078, -5.546409024999946 ], [ 123.873775852000108, -5.551516206999963 ], [ 123.870387590000064, -5.549838062999925 ] ] ], [ [ [ 123.87321934900001, -5.543991690999974 ], [ 123.872727638000015, -5.544071899999949 ], [ 123.872983359000045, -5.543739977999962 ], [ 123.87321934900001, -5.543991690999974 ] ] ], [ [ [ 123.877259633000108, -5.544029628999965 ], [ 123.877184680000028, -5.543533510999964 ], [ 123.8772810480001, -5.543462126999941 ], [ 123.877259633000108, -5.544029628999965 ] ] ], [ [ [ 123.869748533, -5.542447738999954 ], [ 123.872020918000089, -5.543652340999927 ], [ 123.870929341000078, -5.545032428999946 ], [ 123.869748533, -5.542447738999954 ] ] ], [ [ [ 123.873068377000095, -5.543489407999971 ], [ 123.872761902000093, -5.543418975999941 ], [ 123.872957970000016, -5.543304761999934 ], [ 123.873068377000095, -5.543489407999971 ] ] ], [ [ [ 123.869638217000102, -5.54216686999996 ], [ 123.869714275000092, -5.542086436999966 ], [ 123.869749927000043, -5.542127835999963 ], [ 123.869638217000102, -5.54216686999996 ] ] ], [ [ [ 123.869775440000012, -5.53923427899997 ], [ 123.869882395000104, -5.53912427399996 ], [ 123.869910917000084, -5.539212987999974 ], [ 123.869775440000012, -5.53923427899997 ] ] ], [ [ [ 124.32214065800008, -5.324052109999968 ], [ 124.333894045000079, -5.323902720999968 ], [ 124.347058746000016, -5.336521087999927 ], [ 124.347652047000111, -5.334897392999949 ], [ 124.350245057000052, -5.349985444999959 ], [ 124.333848773000113, -5.343135153999981 ], [ 124.32214065800008, -5.324052109999968 ] ] ], [ [ [ 124.346303121000119, -5.334899513999972 ], [ 124.346373120000067, -5.33478544999997 ], [ 124.34634079500006, -5.334923653999965 ], [ 124.346303121000119, -5.334899513999972 ] ] ], [ [ [ 124.344262286000117, -5.332485678999944 ], [ 124.344325033000018, -5.332377765999979 ], [ 124.344305888, -5.332497949999947 ], [ 124.344262286000117, -5.332485678999944 ] ] ], [ [ [ 124.296463737000067, -5.29888075599996 ], [ 124.29640788200004, -5.298504459999947 ], [ 124.296470868000029, -5.298496176999947 ], [ 124.296463737000067, -5.29888075599996 ] ] ], [ [ [ 124.296699040000021, -5.29864645899994 ], [ 124.296766779000109, -5.298625158999926 ], [ 124.296754895000049, -5.298655924999935 ], [ 124.296699040000021, -5.29864645899994 ] ] ], [ [ [ 124.295882848000019, -5.298332562999974 ], [ 124.295985526000095, -5.298200030999965 ], [ 124.296012146000066, -5.298332562999974 ], [ 124.295882848000019, -5.298332562999974 ] ] ], [ [ [ 124.293188449000013, -5.294393033999938 ], [ 124.30070756900011, -5.294490577999966 ], [ 124.298324980000075, -5.298555609999937 ], [ 124.293188449000013, -5.294393033999938 ] ] ], [ [ [ 124.299774220000018, -5.292214525999952 ], [ 124.299816408000083, -5.292164825999976 ], [ 124.299839582000118, -5.292244700999959 ], [ 124.299774220000018, -5.292214525999952 ] ] ] ] } },
{ "type": "Feature", "properties": { "kemendagri_kab_code": 7408, "kemendagri_kab_name": "Kabupaten Kolaka Utara", "kemendagri_prov_code": 74, "kemendagri_prov_name": "Sulawesi Tenggara" }, "geometry": { "type": "MultiPolygon", "coordinates": [ [ [ [ 121.044412263000027, -3.030649299999936 ], [ 121.042941244000076, -3.030552033999925 ], [ 121.043130799000096, -3.029797615999939 ], [ 121.044412263000027, -3.030649299999936 ] ] ], [ [ [ 121.055011368, -3.021955347999949 ], [ 121.055258613000092, -3.021687358999941 ], [ 121.055439019000119, -3.02202336199997 ], [ 121.055011368, -3.021955347999949 ] ] ], [ [ [ 121.063930368000115, -2.980297564999944 ], [ 121.064149597000096, -2.981836132999945 ], [ 121.063055313000064, -2.981781284999954 ], [ 121.063930368000115, -2.980297564999944 ] ] ], [ [ [ 121.065210050000019, -2.961760854999966 ], [ 121.064526025000077, -2.961633220999943 ], [ 121.064926390000096, -2.961105152999949 ], [ 121.065210050000019, -2.961760854999966 ] ] ], [ [ [ 121.064006847000087, -2.960389491999933 ], [ 121.063712723000094, -2.960223869999936 ], [ 121.063706326000101, -2.960075119999942 ], [ 121.064006847000087, -2.960389491999933 ] ] ], [ [ [ 121.066045837000047, -2.95662176899998 ], [ 121.065849373000106, -2.956394155999931 ], [ 121.065936180000108, -2.956361602999948 ], [ 121.066045837000047, -2.95662176899998 ] ] ], [ [ [ 121.104112948000079, -2.790786106999974 ], [ 121.129071260000046, -2.79462732099995 ], [ 121.153207128000076, -2.812703815999953 ], [ 121.16507, -2.846811 ], [ 121.18659, -2.842016 ], [ 121.201003, -2.857131 ], [ 121.209222, -2.853581 ], [ 121.213020076000021, -2.870413828999972 ], [ 121.225947264000069, -2.869825485999968 ], [ 121.230715, -2.886666 ], [ 121.245431, -2.892703 ], [ 121.251716000000101, -2.906512 ], [ 121.297319, -2.926495 ], [ 121.299963, -2.944133 ], [ 121.319038, -2.963966 ], [ 121.361218166000072, -2.98757031699995 ], [ 121.369603494000103, -3.011693424999976 ], [ 121.360942256000044, -3.051478012999951 ], [ 121.385403115000031, -3.077699672999927 ], [ 121.388210879000098, -3.097401610999952 ], [ 121.412056251000081, -3.109663765999926 ], [ 121.416891316000033, -3.14307139899995 ], [ 121.441618675000086, -3.169527197999969 ], [ 121.430972234000023, -3.275444164999954 ], [ 121.379986686000052, -3.247975951999933 ], [ 121.337849813000048, -3.248684923999974 ], [ 121.281805545000111, -3.227068495999958 ], [ 121.247403012000063, -3.225888216999977 ], [ 121.226421026000025, -3.229360246999931 ], [ 121.220802210000102, -3.254353336999941 ], [ 121.185535636000054, -3.27467196899994 ], [ 121.170128829000078, -3.296164742999963 ], [ 121.160136714000032, -3.292900041999928 ], [ 121.158182891000024, -3.324318536999954 ], [ 121.151558111000099, -3.327832593999972 ], [ 121.158149802000025, -3.33923832399995 ], [ 121.141436074000012, -3.365275508999957 ], [ 121.134176737000075, -3.365776988999926 ], [ 121.135650375000068, -3.389922523999928 ], [ 121.122862228000031, -3.411155772999962 ], [ 121.154890723000108, -3.438706601999968 ], [ 121.143888448000098, -3.460042947999966 ], [ 121.123917439000024, -3.468412671999943 ], [ 121.127178542000024, -3.480219165999927 ], [ 121.120571586000096, -3.490351215999965 ], [ 121.150384339000084, -3.505737229999966 ], [ 121.157172755000033, -3.536087575999943 ], [ 121.173440701000118, -3.542838356999937 ], [ 121.186521425000024, -3.563453796999966 ], [ 121.235896109, -3.602632539999945 ], [ 121.252728303000026, -3.657021737999969 ], [ 121.132964481000045, -3.709467510999957 ], [ 121.102650976000064, -3.745308020999971 ], [ 121.084032346000072, -3.714760197999965 ], [ 121.011369542000011, -3.679255257999955 ], [ 120.984731154000087, -3.645566275999954 ], [ 120.94469747200003, -3.620285478999961 ], [ 120.93450404400005, -3.595056758999931 ], [ 120.90579367600003, -3.576547117999951 ], [ 120.899262400000111, -3.565888251999979 ], [ 120.91082184600009, -3.568111077999959 ], [ 120.90633441500006, -3.557764931999941 ], [ 120.880462927000053, -3.529562045999967 ], [ 120.864497544000074, -3.435366012999964 ], [ 120.896360787000049, -3.402653167999972 ], [ 120.894696845000112, -3.386802286999966 ], [ 120.914615794000042, -3.36939538699994 ], [ 120.920808365000084, -3.353118013999961 ], [ 120.938070410000023, -3.335418698999945 ], [ 120.956994509000083, -3.330337206999957 ], [ 120.955542275000084, -3.296472316999939 ], [ 120.972463593000043, -3.264182072999972 ], [ 121.020394445000079, -3.244350168999972 ], [ 121.036444827000082, -3.205038848999948 ], [ 121.049716419000106, -3.199352933999933 ], [ 121.060813262000011, -3.208035409999979 ], [ 121.069493631000114, -3.204258071999959 ], [ 121.055883061000031, -3.184875175999935 ], [ 121.056158205000088, -3.117788404999942 ], [ 121.04446977900011, -3.108102649999978 ], [ 121.055976337000061, -3.097555197999952 ], [ 121.060061803000053, -3.067525071999967 ], [ 121.04322099400008, -3.044675010999924 ], [ 121.056139571000017, -3.022846164999976 ], [ 121.064325624000048, -3.037124365999944 ], [ 121.073131246000116, -3.032378696999956 ], [ 121.075779305000083, -3.008965782999951 ], [ 121.089642170000047, -3.015732587999935 ], [ 121.091520807000052, -2.996702877999951 ], [ 121.073284892000061, -2.998375158999977 ], [ 121.078685279000069, -2.981417326999974 ], [ 121.066327334000107, -2.983483663999948 ], [ 121.067935409000029, -2.963334885999927 ], [ 121.062855888000058, -2.958382366999956 ], [ 121.081494584000097, -2.971901956999943 ], [ 121.082215395000048, -2.94759903299996 ], [ 121.090308798000024, -2.944854069999963 ], [ 121.084981882000079, -2.932517216999941 ], [ 121.09066317700001, -2.92334238799998 ], [ 121.078561935000039, -2.906730689999961 ], [ 121.080102016000069, -2.89580639899998 ], [ 121.07256153000003, -2.898343971999964 ], [ 121.078292300000044, -2.865180337999959 ], [ 121.065636930000096, -2.853955792999955 ], [ 121.064337847000047, -2.877547904999972 ], [ 121.04623661800008, -2.86526822999997 ], [ 121.03697342800001, -2.807440718999942 ], [ 121.027318038000089, -2.849491519999958 ], [ 121.016364092000117, -2.837915921999979 ], [ 120.99162014500007, -2.840774579999959 ], [ 121.010194360000014, -2.866442844999938 ], [ 120.989904062000051, -2.839592167999967 ], [ 120.996733846000097, -2.827292903999933 ], [ 121.021444444000053, -2.816944443999944 ], [ 121.034110198, -2.790874414999962 ], [ 121.068332794000071, -2.787015818999976 ], [ 121.082459861000075, -2.773288753999964 ], [ 121.104112948000079, -2.790786106999974 ] ] ], [ [ [ 121.073605977000057, -2.987994939999965 ], [ 121.072718254000051, -2.987828665999928 ], [ 121.072742431000052, -2.987580452999964 ], [ 121.073605977000057, -2.987994939999965 ] ] ], [ [ [ 121.075925673000029, -2.965473230999976 ], [ 121.075749030000111, -2.965171408999936 ], [ 121.076037462000045, -2.965230169999927 ], [ 121.075925673000029, -2.965473230999976 ] ] ], [ [ [ 121.070575769000015, -2.961201890999973 ], [ 121.069659168000044, -2.960928756999976 ], [ 121.069903427000099, -2.960412980999934 ], [ 121.070575769000015, -2.961201890999973 ] ] ], [ [ [ 121.07050175400002, -2.957665912999971 ], [ 121.070538111000019, -2.957236302999945 ], [ 121.07095042200001, -2.95736532899997 ], [ 121.07050175400002, -2.957665912999971 ] ] ] ] } },
{ "type": "Feature", "properties": { "kemendagri_kab_code": 7409, "kemendagri_kab_name": "Kabupaten Konawe Utara", "kemendagri_prov_code": 74, "kemendagri_prov_name": "Sulawesi Tenggara" }, "geometry": { "type": "MultiPolygon", "coordinates": [ [ [ [ 122.261357233000012, -3.65117093899994 ], [ 122.258664709000072, -3.65173716399994 ], [ 122.260679730000106, -3.649375271999929 ], [ 122.261357233000012, -3.65117093899994 ] ] ], [ [ [ 122.279070645000047, -3.567611879999959 ], [ 122.278492417000052, -3.566800031999946 ], [ 122.279028416000074, -3.566778911999961 ], [ 122.279070645000047, -3.567611879999959 ] ] ], [ [ [ 122.247201742000016, -3.560833215999935 ], [ 122.248885133000044, -3.564712023999959 ], [ 122.246437739000044, -3.56295799399993 ], [ 122.247201742000016, -3.560833215999935 ] ] ], [ [ [ 122.242849280000087, -3.560807915999931 ], [ 122.240446904, -3.562285096999972 ], [ 122.241634662000024, -3.560347546999935 ], [ 122.242849280000087, -3.560807915999931 ] ] ], [ [ [ 122.325454002000015, -3.531975583999952 ], [ 122.347022917000118, -3.542347337999956 ], [ 122.335739112000056, -3.548657580999929 ], [ 122.334432915000093, -3.564874127999929 ], [ 122.353630272000032, -3.573980614999925 ], [ 122.367485665000117, -3.570984619999933 ], [ 122.36817987500001, -3.577371647999939 ], [ 122.353558377000013, -3.574707238999963 ], [ 122.333922646000019, -3.584599161999961 ], [ 122.308177485000101, -3.576158858999975 ], [ 122.281655298000032, -3.590916171999936 ], [ 122.278278035000085, -3.57033944899996 ], [ 122.29442426300011, -3.53484061599994 ], [ 122.325454002000015, -3.531975583999952 ] ] ], [ [ [ 122.252969882000116, -3.56101584299995 ], [ 122.251839001, -3.560243025999966 ], [ 122.252071817000115, -3.559549106999953 ], [ 122.252969882000116, -3.56101584299995 ] ] ], [ [ [ 122.282517639000048, -3.559969060999947 ], [ 122.278683054000112, -3.55914628599993 ], [ 122.281467938000105, -3.555838268999935 ], [ 122.282517639000048, -3.559969060999947 ] ] ], [ [ [ 122.31969988700007, -3.500854682999943 ], [ 122.320198641000047, -3.498959682999953 ], [ 122.321015707000015, -3.499523648999968 ], [ 122.31969988700007, -3.500854682999943 ] ] ], [ [ [ 122.416847873000052, -3.492673203999971 ], [ 122.421901844000104, -3.494688330999963 ], [ 122.421795969000073, -3.497167214999934 ], [ 122.420299576000048, -3.496678737999957 ], [ 122.416847873000052, -3.492673203999971 ] ] ], [ [ [ 122.418148912000106, -3.48860097499994 ], [ 122.416901554000106, -3.487278953999976 ], [ 122.417576025000017, -3.486689345999935 ], [ 122.418148912000106, -3.48860097499994 ] ] ], [ [ [ 122.322970851000036, -3.484222056999954 ], [ 122.321855796000023, -3.486303611999972 ], [ 122.321821464000095, -3.484352870999942 ], [ 122.322970851000036, -3.484222056999954 ] ] ], [ [ [ 122.41484902600007, -3.484505613999943 ], [ 122.413810872000113, -3.483863491999955 ], [ 122.414258903000018, -3.483514311999954 ], [ 122.41484902600007, -3.484505613999943 ] ] ], [ [ [ 122.399398310000038, -3.467991713999936 ], [ 122.400066662000086, -3.467950015999975 ], [ 122.399859752000111, -3.468938854999976 ], [ 122.399398310000038, -3.467991713999936 ] ] ], [ [ [ 122.399955963000025, -3.46549972899993 ], [ 122.399881177000111, -3.466230684999971 ], [ 122.399225462000118, -3.467591752999965 ], [ 122.398900421, -3.466258918999927 ], [ 122.399955963000025, -3.46549972899993 ] ] ], [ [ [ 122.400541371000031, -3.460986031999937 ], [ 122.401490022000075, -3.465314882999962 ], [ 122.398934225000062, -3.464537804999964 ], [ 122.395015934000071, -3.46727470999997 ], [ 122.400541371000031, -3.460986031999937 ] ] ], [ [ [ 122.397083219000024, -3.455701456999975 ], [ 122.394208559000049, -3.459935673999951 ], [ 122.394376238000063, -3.452721340999972 ], [ 122.397083219000024, -3.455701456999975 ] ] ], [ [ [ 122.192948343000012, -3.084217387999956 ], [ 122.225128822000102, -3.101935825999931 ], [ 122.243950700000028, -3.092606905999958 ], [ 122.264783986000111, -3.100993720999952 ], [ 122.253465491000043, -3.123915286999932 ], [ 122.256539434000047, -3.140334113999927 ], [ 122.289829828000052, -3.148655502999929 ], [ 122.318072721000021, -3.170702625999979 ], [ 122.312001957, -3.190125879999925 ], [ 122.316391006000117, -3.203225271999941 ], [ 122.301573233000113, -3.211538099999927 ], [ 122.313301635000016, -3.221101172999965 ], [ 122.295667311000102, -3.226160442999969 ], [ 122.311870149000015, -3.260515193999936 ], [ 122.310427484000115, -3.277078044999939 ], [ 122.298752306000097, -3.295987884999931 ], [ 122.275080139000011, -3.312801346999947 ], [ 122.292765560000021, -3.312399986999935 ], [ 122.29251618100011, -3.359974353999974 ], [ 122.304338297000072, -3.355668719999926 ], [ 122.313357707000023, -3.370473979999929 ], [ 122.324327831000119, -3.362406384999929 ], [ 122.337405068000066, -3.365097417999948 ], [ 122.353595795000047, -3.38585339399998 ], [ 122.371361680000064, -3.379688925999972 ], [ 122.390502796000078, -3.408798955999941 ], [ 122.381230580000079, -3.462357139999938 ], [ 122.376829381000107, -3.45727487399995 ], [ 122.359551558000021, -3.464486354999963 ], [ 122.364484599000093, -3.440477664999946 ], [ 122.350406833000079, -3.429698340999948 ], [ 122.358271275000106, -3.417372266999962 ], [ 122.349947334000035, -3.417697610999937 ], [ 122.344246335000093, -3.407291223999948 ], [ 122.326456936000113, -3.42612655299996 ], [ 122.31525147100001, -3.42451282899998 ], [ 122.325934378000056, -3.414262949999966 ], [ 122.319622858000116, -3.408342103999928 ], [ 122.32800605400007, -3.401375480999945 ], [ 122.320245035000084, -3.396629010999959 ], [ 122.330442565000112, -3.391432425999938 ], [ 122.323195848000069, -3.386738373999947 ], [ 122.328158655000038, -3.373390773999972 ], [ 122.309336579000046, -3.384999539999967 ], [ 122.289571468000076, -3.377080646999957 ], [ 122.294168776000106, -3.36788695499996 ], [ 122.276027943000031, -3.364163701999928 ], [ 122.274606265000102, -3.38082099099995 ], [ 122.263798379000036, -3.383158442999957 ], [ 122.271139577000099, -3.390036815999963 ], [ 122.264436121000017, -3.391848384999946 ], [ 122.267717258000062, -3.399289861999932 ], [ 122.252249450000022, -3.388155430999973 ], [ 122.239027912000097, -3.389367635999974 ], [ 122.248731192000037, -3.416195939999966 ], [ 122.261885506000112, -3.416328245999978 ], [ 122.258904858000051, -3.427024830999926 ], [ 122.278854702000103, -3.436545659999979 ], [ 122.302210709000065, -3.467858107999973 ], [ 122.280212741000014, -3.502858980999974 ], [ 122.282560864000061, -3.548938403999955 ], [ 122.26651305200005, -3.559090955999977 ], [ 122.264695339000014, -3.556284339999934 ], [ 122.249751144000015, -3.55920219799998 ], [ 122.245933842000113, -3.560635155999933 ], [ 122.245146195000075, -3.562539712999978 ], [ 122.24255228100003, -3.560244310999963 ], [ 122.241759198000068, -3.560049784999933 ], [ 122.231862156000034, -3.562919302999944 ], [ 122.231490526000016, -3.56581508499994 ], [ 122.235417330000018, -3.576032488999942 ], [ 122.235226172000012, -3.576740794999978 ], [ 122.230075056000032, -3.564976583999965 ], [ 122.201067661000025, -3.564377818999958 ], [ 122.195466493000026, -3.607720277999931 ], [ 122.246229579000101, -3.657486265999978 ], [ 122.246548466000036, -3.667876580999973 ], [ 122.261173259000088, -3.66731079799996 ], [ 122.271809720000078, -3.681709158999979 ], [ 122.302050259000112, -3.69139628399995 ], [ 122.304865507000045, -3.706243925999956 ], [ 122.341734058000043, -3.745071265999968 ], [ 122.36992763100011, -3.751545760999932 ], [ 122.387136188000113, -3.733140782999953 ], [ 122.384484261000011, -3.726370009999926 ], [ 122.392591313000025, -3.726082450999968 ], [ 122.40450867900006, -3.749786683999957 ], [ 122.442980165000108, -3.74939035999995 ], [ 122.4513028020001, -3.782412130999944 ], [ 122.464316479000104, -3.794960720999939 ], [ 122.473697369000092, -3.821710665999944 ], [ 122.459455768000112, -3.821443776999956 ], [ 122.451533935000043, -3.852970414999959 ], [ 122.456238533000032, -3.867036746999929 ], [ 122.448980142000096, -3.870412899999963 ], [ 122.442453628000067, -3.859156406999944 ], [ 122.423320728000022, -3.869334435999974 ], [ 122.371249485000021, -3.862817492999966 ], [ 122.33622438000009, -3.828226117999975 ], [ 122.312681620000035, -3.823655594999934 ], [ 122.28861525700006, -3.806411620999938 ], [ 122.290080240000066, -3.786658358999944 ], [ 122.268129713, -3.767637058999981 ], [ 122.256553252000117, -3.761907520999955 ], [ 122.251811650000036, -3.769089324999925 ], [ 122.231222158000037, -3.757166656999971 ], [ 122.22167265500002, -3.76124656099995 ], [ 122.211392767, -3.745001591999937 ], [ 122.181197470000029, -3.740531260999944 ], [ 122.16212340300001, -3.723137529999974 ], [ 122.145064489000106, -3.718951641999979 ], [ 122.12255984, -3.728691449999928 ], [ 122.121031978000019, -3.719115772999942 ], [ 122.102027708000037, -3.717549669999926 ], [ 122.106255661000091, -3.696543159999976 ], [ 122.087256808, -3.686157499999979 ], [ 122.093727061000095, -3.659824569999955 ], [ 122.08762205700009, -3.642245748999926 ], [ 122.070632745000012, -3.630688192999969 ], [ 122.063739872000042, -3.645529636999925 ], [ 122.03929434600002, -3.616425108999977 ], [ 122.017344124000033, -3.618589344999975 ], [ 122.003726902000039, -3.586804874999928 ], [ 121.983170794000102, -3.572172274999957 ], [ 121.975177347000113, -3.581045538999945 ], [ 121.953379035000012, -3.563754926999934 ], [ 121.916541889000086, -3.567781847999925 ], [ 121.905881598000065, -3.557999162999977 ], [ 121.891159069000082, -3.573687981999967 ], [ 121.853251341000032, -3.559584236999967 ], [ 121.823210568000036, -3.565095093999957 ], [ 121.800826065000024, -3.58506744999994 ], [ 121.774965540000039, -3.551845168999932 ], [ 121.778849363000063, -3.539599184999929 ], [ 121.766284027000097, -3.508158796999965 ], [ 121.768335104000016, -3.489544483999964 ], [ 121.749909522000053, -3.483530345999952 ], [ 121.732301569000015, -3.493680090999931 ], [ 121.674635880000096, -3.474329264999938 ], [ 121.660523947000115, -3.456672498999978 ], [ 121.675767233000101, -3.436479233999933 ], [ 121.670376930000089, -3.422941109999954 ], [ 121.662377212000024, -3.417666835999967 ], [ 121.61894751400007, -3.42549293999997 ], [ 121.587969015000112, -3.398363558999961 ], [ 121.609224271000016, -3.371298112999966 ], [ 121.613550414000088, -3.335715371999925 ], [ 121.607671166000046, -3.318964039999969 ], [ 121.583504730000072, -3.299128590999942 ], [ 121.573964052000065, -3.265824343999952 ], [ 121.555953792000082, -3.250901941999928 ], [ 121.5461372420001, -3.22505543099993 ], [ 121.55578008000009, -3.197459656999968 ], [ 121.585229370000093, -3.177006118999941 ], [ 121.595211003000031, -3.159454738999955 ], [ 121.615445064000028, -3.167615292999926 ], [ 121.633463372000051, -3.157958750999967 ], [ 121.655140252000024, -3.169844936999937 ], [ 121.665367116000084, -3.192108595999969 ], [ 121.682410307000055, -3.202587838999932 ], [ 121.675292860000013, -3.223977 ], [ 121.703847333000112, -3.226484609999943 ], [ 121.711328211000023, -3.229815308999946 ], [ 121.709876552000082, -3.238890947999948 ], [ 121.733641642000066, -3.247185280999929 ], [ 121.752211157000033, -3.234824164999964 ], [ 121.765599353000084, -3.251969685999939 ], [ 121.77396283500002, -3.251358710999966 ], [ 121.783130232000076, -3.238534963999939 ], [ 121.797578420000036, -3.241796222999938 ], [ 121.834196582000118, -3.22637782299995 ], [ 121.846110950000025, -3.20107165099995 ], [ 121.926647903000116, -3.123025938999945 ], [ 121.950963380000076, -3.048295818999975 ], [ 121.962283502000105, -3.042896197999937 ], [ 122.030264386000113, -3.048236952999957 ], [ 122.038655395000092, -3.052309845999957 ], [ 122.035268311000095, -3.071831420999956 ], [ 122.082150222000109, -3.09238391699995 ], [ 122.126470748000088, -3.08266025599994 ], [ 122.150594188000014, -3.039353418999951 ], [ 122.186195330000032, -3.062082411999938 ], [ 122.192948343000012, -3.084217387999956 ] ] ], [ [ [ 122.415781870000046, -3.398694939999928 ], [ 122.424281734000033, -3.427984070999969 ], [ 122.468933483000114, -3.469947271999956 ], [ 122.46594746400001, -3.485658958999977 ], [ 122.460748513000112, -3.477230175999978 ], [ 122.454140915000039, -3.49044076399997 ], [ 122.439872744000013, -3.478136492999965 ], [ 122.451797780000106, -3.50001354099993 ], [ 122.444021237000015, -3.50764599799993 ], [ 122.429118490000064, -3.50348975199995 ], [ 122.425778978000039, -3.494557776999955 ], [ 122.417241892000106, -3.48442787099998 ], [ 122.411526850000087, -3.48137608199994 ], [ 122.41017264200002, -3.451415633999943 ], [ 122.399823466000043, -3.443815975999939 ], [ 122.404641027000025, -3.402602582999975 ], [ 122.415781870000046, -3.398694939999928 ] ] ], [ [ [ 122.478422272000103, -3.493786257999943 ], [ 122.478641964000076, -3.494959236999932 ], [ 122.477218636000089, -3.495054185999948 ], [ 122.478422272000103, -3.493786257999943 ] ] ], [ [ [ 122.488495395000086, -3.493948598999964 ], [ 122.488714745000038, -3.493575318999945 ], [ 122.488705018000019, -3.493943926999975 ], [ 122.488495395000086, -3.493948598999964 ] ] ], [ [ [ 122.465382583000064, -3.493799232999947 ], [ 122.465130152000029, -3.493684196999936 ], [ 122.465304107000065, -3.493567010999925 ], [ 122.465382583000064, -3.493799232999947 ] ] ], [ [ [ 122.465478372, -3.493323922999934 ], [ 122.46496396200007, -3.493127355999945 ], [ 122.464935471000103, -3.492962181999928 ], [ 122.465478372, -3.493323922999934 ] ] ], [ [ [ 122.467042196000079, -3.493194633999963 ], [ 122.466697021000073, -3.492802488999928 ], [ 122.467179247000104, -3.493045113999926 ], [ 122.467042196000079, -3.493194633999963 ] ] ], [ [ [ 122.488472287000036, -3.492632112999956 ], [ 122.487781104000078, -3.493349810999973 ], [ 122.487643072000083, -3.49311516399996 ], [ 122.488472287000036, -3.492632112999956 ] ] ], [ [ [ 122.46614222200003, -3.492268205999949 ], [ 122.465880311000092, -3.492067593999934 ], [ 122.46599398, -3.491968047999933 ], [ 122.46614222200003, -3.492268205999949 ] ] ], [ [ [ 122.466088687000024, -3.490805602999956 ], [ 122.465161702000046, -3.491391146999945 ], [ 122.465108753000095, -3.490940984999952 ], [ 122.466088687000024, -3.490805602999956 ] ] ], [ [ [ 122.464782181000032, -3.490572646999965 ], [ 122.462940179000043, -3.489058095999951 ], [ 122.463228134000019, -3.487964702999932 ], [ 122.464782181000032, -3.490572646999965 ] ] ], [ [ [ 122.465814156000079, -3.489059275999978 ], [ 122.465595614000108, -3.488652461999948 ], [ 122.466049370000064, -3.489004451999961 ], [ 122.465814156000079, -3.489059275999978 ] ] ], [ [ [ 122.461842585000113, -3.487005883999927 ], [ 122.461514244000114, -3.486341476999939 ], [ 122.461600049000026, -3.486248176999936 ], [ 122.461842585000113, -3.487005883999927 ] ] ], [ [ [ 122.462965119000046, -3.485947367999927 ], [ 122.462046650000048, -3.486298697999928 ], [ 122.462072043000035, -3.485627313999942 ], [ 122.462965119000046, -3.485947367999927 ] ] ], [ [ [ 122.467426799, -3.486023061999958 ], [ 122.466358518000106, -3.485921923999967 ], [ 122.466283620000013, -3.485681326999952 ], [ 122.467426799, -3.486023061999958 ] ] ], [ [ [ 122.464834959000086, -3.486030915999947 ], [ 122.464659684000026, -3.485324709999929 ], [ 122.465004878000059, -3.485677959999975 ], [ 122.464834959000086, -3.486030915999947 ] ] ], [ [ [ 122.484479395000108, -3.479379413999936 ], [ 122.488319576000094, -3.484521371999961 ], [ 122.484380447000035, -3.488686103999953 ], [ 122.484479395000108, -3.479379413999936 ] ] ], [ [ [ 122.488503121, -3.482682641999929 ], [ 122.48774056700006, -3.482309274999977 ], [ 122.488442712000051, -3.482419455999946 ], [ 122.488503121, -3.482682641999929 ] ] ], [ [ [ 122.483147149000047, -3.47256071399994 ], [ 122.482754263000061, -3.472297203999972 ], [ 122.483168137, -3.472291446999975 ], [ 122.483147149000047, -3.47256071399994 ] ] ], [ [ [ 122.483513707000043, -3.471959525999978 ], [ 122.483231167000099, -3.471366957999976 ], [ 122.483799652000016, -3.471765203999951 ], [ 122.483513707000043, -3.471959525999978 ] ] ] ] } },
{ "type": "Feature", "properties": { "kemendagri_kab_code": 7410, "kemendagri_kab_name": "Kabupaten Buton Utara", "kemendagri_prov_code": 74, "kemendagri_prov_name": "Sulawesi Tenggara" }, "geometry": { "type": "MultiPolygon", "coordinates": [ [ [ [ 122.964652131000094, -4.966943913999955 ], [ 122.963600374000066, -4.966554887999962 ], [ 122.963996133000023, -4.966088139999954 ], [ 122.964652131000094, -4.966943913999955 ] ] ], [ [ [ 123.052891475000024, -4.825569017999953 ], [ 123.050523211000041, -4.82439162999998 ], [ 123.051945660000115, -4.823675713999933 ], [ 123.052891475000024, -4.825569017999953 ] ] ], [ [ [ 123.055358876000014, -4.824387841999965 ], [ 123.054365587, -4.823788209999975 ], [ 123.055140724000012, -4.823226330999944 ], [ 123.055358876000014, -4.824387841999965 ] ] ], [ [ [ 123.05201058900002, -4.811755030999961 ], [ 123.050751417000015, -4.802150282999946 ], [ 123.056778550000104, -4.804085098999963 ], [ 123.05201058900002, -4.811755030999961 ] ] ], [ [ [ 123.046620007000115, -4.781156388999932 ], [ 123.044423963000099, -4.780724835999933 ], [ 123.044458095000095, -4.779035574999966 ], [ 123.046620007000115, -4.781156388999932 ] ] ], [ [ [ 123.05213608300005, -4.780540436999956 ], [ 123.048364552000066, -4.778620257999933 ], [ 123.049817276000113, -4.776960566999946 ], [ 123.05213608300005, -4.780540436999956 ] ] ], [ [ [ 123.039622684000051, -4.777745615999947 ], [ 123.041109511000059, -4.773302711999975 ], [ 123.04551105500002, -4.773903350999944 ], [ 123.045280362000085, -4.778171535999945 ], [ 123.039622684000051, -4.777745615999947 ] ] ], [ [ [ 123.07428634900009, -4.771762837999972 ], [ 123.06972582100002, -4.775707875999956 ], [ 123.071147627000073, -4.770015161999936 ], [ 123.07428634900009, -4.771762837999972 ] ] ], [ [ [ 123.037369934000026, -4.770003590999977 ], [ 123.036070384000027, -4.768629387999965 ], [ 123.037484004000021, -4.768402339999966 ], [ 123.037369934000026, -4.770003590999977 ] ] ], [ [ [ 123.047331419000102, -4.773112827999967 ], [ 123.03777014100001, -4.768158506999953 ], [ 123.037761547000059, -4.764017450999972 ], [ 123.037499339000078, -4.763518404999957 ], [ 123.036012971000105, -4.76228496899995 ], [ 123.037049067000112, -4.761305645999926 ], [ 123.037179871000035, -4.759499277999964 ], [ 123.047331419000102, -4.773112827999967 ] ] ], [ [ [ 123.037195559000111, -4.768178793999937 ], [ 123.029846498000097, -4.766431938999972 ], [ 123.033046443000103, -4.753885910999941 ], [ 123.037027263000027, -4.759114910999926 ], [ 123.035785037000096, -4.762208789999931 ], [ 123.037195559000111, -4.768178793999937 ] ] ], [ [ [ 123.075627729000075, -4.366546896999978 ], [ 123.084265262000031, -4.388817890999974 ], [ 123.078427040000065, -4.401884913999936 ], [ 123.06680639700005, -4.412613336999925 ], [ 123.05154941, -4.413306835999947 ], [ 123.045106128000043, -4.424355471999945 ], [ 123.072194893000074, -4.43439899599997 ], [ 123.080562759000031, -4.459529286999953 ], [ 123.100110082000015, -4.454443087999948 ], [ 123.114424050000025, -4.483323863999942 ], [ 123.114208872000063, -4.474655409999968 ], [ 123.138950360000081, -4.482307090999939 ], [ 123.147869926000112, -4.516801847999943 ], [ 123.179646331000072, -4.555302677999975 ], [ 123.19832016600003, -4.609650040999952 ], [ 123.209073421000085, -4.613068226999928 ], [ 123.205306723000035, -4.623004737999963 ], [ 123.198268455000061, -4.616292574999932 ], [ 123.185391070000037, -4.631549096999947 ], [ 123.185153006000064, -4.637826364999967 ], [ 123.191894442000034, -4.642077060999952 ], [ 123.181984087000046, -4.643171863999953 ], [ 123.186385044000076, -4.65800145299994 ], [ 123.18221690300004, -4.658124964999956 ], [ 123.177426859000093, -4.67085136299994 ], [ 123.178992049000044, -4.674076363999973 ], [ 123.181588758000089, -4.675288989999956 ], [ 123.183354952000059, -4.675480707999952 ], [ 123.18769145300007, -4.671091484999977 ], [ 123.189506805000065, -4.684701551999979 ], [ 123.20006920600008, -4.685786396999958 ], [ 123.193141941000022, -4.679226397999969 ], [ 123.197649408000075, -4.675738485999943 ], [ 123.196739302000083, -4.667431069999964 ], [ 123.1907170180001, -4.664700675999939 ], [ 123.20079475600005, -4.657162008999933 ], [ 123.211465771, -4.69804395999995 ], [ 123.202147898000021, -4.777108260999967 ], [ 123.213941971000054, -4.826082475999954 ], [ 123.213189467, -4.858299144999933 ], [ 123.204847565000023, -4.866831455999943 ], [ 123.174504653000099, -4.838303872999973 ], [ 123.168497820000084, -4.780100946999937 ], [ 123.176067201000023, -4.771026591999942 ], [ 123.164280086000076, -4.763239588999966 ], [ 123.15388022400009, -4.758628054999974 ], [ 123.133348770000111, -4.757117772999948 ], [ 123.147101556000052, -4.740759494999963 ], [ 123.152507600000035, -4.744134183999961 ], [ 123.142798362, -4.736322383999948 ], [ 123.150745880000045, -4.733650248999936 ], [ 123.125220615000103, -4.712863045999939 ], [ 123.121034038000062, -4.716113942999925 ], [ 123.112220847000117, -4.693796607999957 ], [ 123.106729569000095, -4.714386679999961 ], [ 123.115564307000113, -4.727257805999955 ], [ 123.103049084000077, -4.735566459999973 ], [ 123.102555287000087, -4.761391828999933 ], [ 123.110262434000106, -4.772087635999981 ], [ 123.100683381000067, -4.794301554999947 ], [ 123.075440825000101, -4.788834601999952 ], [ 123.083621398000105, -4.759881378999978 ], [ 123.078666238000096, -4.74908776999996 ], [ 123.075149255000042, -4.756585030999929 ], [ 123.06288151800004, -4.752626860999953 ], [ 123.056029927000054, -4.770119014999977 ], [ 123.033568077000041, -4.745777808999947 ], [ 123.023609369000042, -4.765076761999978 ], [ 123.039660246000039, -4.802366165999956 ], [ 123.008073398000079, -4.815615510999976 ], [ 123.008023661000038, -4.825497652999957 ], [ 122.993984014000034, -4.826139037999951 ], [ 123.008699928000055, -4.882284942999945 ], [ 123.00164191600004, -4.936165585999959 ], [ 122.969385466000062, -4.952044091999937 ], [ 122.963512921000074, -4.966406056999972 ], [ 122.955287507000094, -5.001956426999925 ], [ 122.952800390000107, -5.025452849999965 ], [ 122.969149065000011, -5.027184670999929 ], [ 122.980153084000108, -5.05866472799994 ], [ 122.969038204000071, -5.090588418999971 ], [ 122.973817594000025, -5.115341514999955 ], [ 122.950083465000034, -5.146691575999967 ], [ 122.928082320000044, -5.140987699999926 ], [ 122.903858333000017, -5.122472221999942 ], [ 122.885913889000108, -5.122261110999943 ], [ 122.880688889000112, -5.112625 ], [ 122.853574175000062, -5.112506248999978 ], [ 122.832157772000073, -5.073581823999973 ], [ 122.841025960000024, -5.068051253999954 ], [ 122.849342979000085, -5.038015105999932 ], [ 122.856442063000031, -5.041806809999969 ], [ 122.863976755000067, -5.026777251999931 ], [ 122.872259367000083, -5.032217037999942 ], [ 122.891109053000037, -5.010212606999971 ], [ 122.884363264000058, -4.953538908999974 ], [ 122.894517204000067, -4.925652970999977 ], [ 122.888139159000048, -4.915894651999963 ], [ 122.911580501000117, -4.883119130999944 ], [ 122.916132461000075, -4.850426953999943 ], [ 122.913779629000032, -4.82703026799993 ], [ 122.901509325, -4.820360888999971 ], [ 122.879778494000107, -4.775350900999968 ], [ 122.894711986000061, -4.75060719399994 ], [ 122.902118938000058, -4.671079322999958 ], [ 122.922515372000021, -4.65825801699998 ], [ 122.927977003000024, -4.610205973999939 ], [ 122.893542153000112, -4.610928092999927 ], [ 122.887745699000106, -4.605114595999964 ], [ 122.862128169000016, -4.621498885999927 ], [ 122.858031343000107, -4.606221091999942 ], [ 122.847899799000061, -4.604625306999935 ], [ 122.847803088000092, -4.590817693999952 ], [ 122.86650750900003, -4.550676022999937 ], [ 122.866516962000105, -4.525755410999977 ], [ 122.880377281000051, -4.51639460399997 ], [ 122.879081672000098, -4.504961499999979 ], [ 122.907738396000013, -4.460433283999976 ], [ 122.993215643000099, -4.394408879999958 ], [ 123.010765948000085, -4.393939362999959 ], [ 123.042152935000104, -4.369478629999946 ], [ 123.075627729000075, -4.366546896999978 ] ] ], [ [ [ 123.071159475000059, -4.755694400999971 ], [ 123.072280243000023, -4.757170612999971 ], [ 123.070393139000089, -4.755835236999928 ], [ 123.071159475000059, -4.755694400999971 ] ] ], [ [ [ 123.030324876, -4.759160354999949 ], [ 123.031096670000011, -4.753170390999969 ], [ 123.03207949800003, -4.752499451999938 ], [ 123.030324876, -4.759160354999949 ] ] ], [ [ [ 122.94216197500009, -4.43347787099998 ], [ 122.940293015000066, -4.432944435999957 ], [ 122.941829786000085, -4.432477930999937 ], [ 122.94216197500009, -4.43347787099998 ] ] ], [ [ [ 123.09907204600006, -4.840507341999967 ], [ 123.099075520000042, -4.840893913999935 ], [ 123.098024102000068, -4.841325953999956 ], [ 123.09907204600006, -4.840507341999967 ] ] ], [ [ [ 123.094329305000088, -4.836312641999939 ], [ 123.094937922000099, -4.83705301699996 ], [ 123.09466963300008, -4.837103787999979 ], [ 123.094329305000088, -4.836312641999939 ] ] ], [ [ [ 123.09888193800009, -4.833834140999954 ], [ 123.097216093000043, -4.835470505999979 ], [ 123.097337683000092, -4.834146546999932 ], [ 123.097973589000048, -4.834117984999978 ], [ 123.09888193800009, -4.833834140999954 ] ] ], [ [ [ 123.076413169000034, -4.796504252999966 ], [ 123.107004803000109, -4.799137600999927 ], [ 123.117854314000056, -4.797127744999955 ], [ 123.113516166000068, -4.847291181999935 ], [ 123.098423566000065, -4.848362246999955 ], [ 123.105427467000027, -4.838579525999933 ], [ 123.098923367000111, -4.833506310999951 ], [ 123.093159946000014, -4.834177810999961 ], [ 123.091066357000045, -4.838760054999966 ], [ 123.097084885000072, -4.849412285999961 ], [ 123.088509768000108, -4.853419158999941 ], [ 123.064617598000041, -4.839603620999981 ], [ 123.056054918000086, -4.847694387999979 ], [ 123.034183177000045, -4.833331208999937 ], [ 123.038574987000061, -4.823179553999978 ], [ 123.057645784000101, -4.82654068599993 ], [ 123.060325943000066, -4.812758081999959 ], [ 123.047064606000049, -4.82205136999994 ], [ 123.045885818000102, -4.813108481999961 ], [ 123.051412488000096, -4.813351107999949 ], [ 123.068339317000095, -4.800046246999955 ], [ 123.074787478000076, -4.806556594999961 ], [ 123.076413169000034, -4.796504252999966 ] ] ], [ [ [ 123.101890094000055, -4.794577470999968 ], [ 123.101460332000102, -4.796191405999934 ], [ 123.10062575500001, -4.795777490999967 ], [ 123.101890094000055, -4.794577470999968 ] ] ], [ [ [ 123.118450572000029, -4.79026132599995 ], [ 123.110630879000041, -4.796446436999929 ], [ 123.101607028000103, -4.792335658999946 ], [ 123.114988743000026, -4.784906400999944 ], [ 123.118450572000029, -4.79026132599995 ] ] ], [ [ [ 123.116150384000093, -4.784229297999957 ], [ 123.115009797000084, -4.783380948999934 ], [ 123.11584231400002, -4.782896993999941 ], [ 123.116150384000093, -4.784229297999957 ] ] ], [ [ [ 123.113999721000027, -4.768605234999939 ], [ 123.120951908000052, -4.780034487999956 ], [ 123.112696927000115, -4.780919120999954 ], [ 123.113999721000027, -4.768605234999939 ] ] ], [ [ [ 123.126062537000053, -4.773500646999935 ], [ 123.125645501, -4.773305233999963 ], [ 123.126066441000035, -4.77310168799994 ], [ 123.126062537000053, -4.773500646999935 ] ] ], [ [ [ 123.111947787000076, -4.765192959999979 ], [ 123.10927975200002, -4.766183094999974 ], [ 123.110757749000072, -4.764179798999976 ], [ 123.111947787000076, -4.765192959999979 ] ] ], [ [ [ 123.114365826000039, -4.743258390999927 ], [ 123.126202947000024, -4.760223473999929 ], [ 123.122193664000065, -4.765519048999977 ], [ 123.1094186360001, -4.749578539999959 ], [ 123.114365826000039, -4.743258390999927 ] ] ], [ [ [ 123.113814111000011, -4.740595629999973 ], [ 123.115327877000027, -4.742238046999944 ], [ 123.113531600000101, -4.74083780999996 ], [ 123.113814111000011, -4.740595629999973 ] ] ], [ [ [ 123.107347568000023, -4.738581833999945 ], [ 123.106879899000091, -4.737214047999942 ], [ 123.107879830000115, -4.737791432999927 ], [ 123.107347568000023, -4.738581833999945 ] ] ], [ [ [ 123.12735684800009, -4.726589912999941 ], [ 123.135555450000084, -4.736122995999949 ], [ 123.134105161000093, -4.74734684699996 ], [ 123.121681531000036, -4.740997046999951 ], [ 123.128442702000029, -4.738498923999941 ], [ 123.123089313000037, -4.735741114999939 ], [ 123.12735684800009, -4.726589912999941 ] ] ], [ [ [ 123.127164862000086, -4.718956163999962 ], [ 123.126227426000014, -4.718353789999981 ], [ 123.127171793000116, -4.718443957999966 ], [ 123.127164862000086, -4.718956163999962 ] ] ], [ [ [ 123.16481650500009, -4.787566456999969 ], [ 123.166113089000078, -4.786881067999957 ], [ 123.165605628000094, -4.79008502399995 ], [ 123.16481650500009, -4.787566456999969 ] ] ], [ [ [ 123.160472481000056, -4.770070862999944 ], [ 123.17155479500002, -4.770521972999973 ], [ 123.168244953000112, -4.773345182999947 ], [ 123.160472481000056, -4.770070862999944 ] ] ], [ [ [ 123.144461228000068, -4.772006855999962 ], [ 123.156762725000021, -4.773318155999959 ], [ 123.136354708000113, -4.773363548999953 ], [ 123.137134627000023, -4.761340797999935 ], [ 123.144461228000068, -4.772006855999962 ] ] ], [ [ [ 123.144802948, -4.765940429999944 ], [ 123.142812097000046, -4.76472793399995 ], [ 123.144550969000079, -4.764310455999976 ], [ 123.144802948, -4.765940429999944 ] ] ], [ [ [ 123.153888565000102, -4.760616335999941 ], [ 123.153291688000081, -4.76052926899996 ], [ 123.153657512000109, -4.75958645299994 ], [ 123.153888565000102, -4.760616335999941 ] ] ], [ [ [ 123.190991740000072, -4.682264086999965 ], [ 123.190300969000077, -4.681326615999978 ], [ 123.191205560000071, -4.681467252999937 ], [ 123.190991740000072, -4.682264086999965 ] ] ], [ [ [ 123.193075103000069, -4.673140954999951 ], [ 123.195205701000077, -4.674794781999935 ], [ 123.193612304000112, -4.675867623999977 ], [ 123.193075103000069, -4.673140954999951 ] ] ], [ [ [ 123.185408134000113, -4.662009049999938 ], [ 123.183377327000017, -4.675049003999959 ], [ 123.177777818000095, -4.671435281999948 ], [ 123.183722283000066, -4.668339282999966 ], [ 123.185408134000113, -4.662009049999938 ] ] ], [ [ [ 123.182185268000012, -4.666854012999977 ], [ 123.181743103000031, -4.66635690499993 ], [ 123.182284658000071, -4.66633795599995 ], [ 123.182185268000012, -4.666854012999977 ] ] ], [ [ [ 123.20028035200005, -4.650627752999981 ], [ 123.199295748000054, -4.650719113999969 ], [ 123.199953821, -4.650238250999962 ], [ 123.20028035200005, -4.650627752999981 ] ] ], [ [ [ 123.199306228000069, -4.635534673999928 ], [ 123.201482606000013, -4.641483477999941 ], [ 123.198758680000083, -4.650394236999944 ], [ 123.1959507360001, -4.640369454999927 ], [ 123.199306228000069, -4.635534673999928 ] ] ], [ [ [ 123.185887960000059, -4.632391817999974 ], [ 123.185440750000112, -4.632112546999963 ], [ 123.185600375000035, -4.631962899999962 ], [ 123.185887960000059, -4.632391817999974 ] ] ], [ [ [ 123.186827197000071, -4.632319413999937 ], [ 123.186057756000082, -4.632040743999937 ], [ 123.186100839000119, -4.631918140999971 ], [ 123.186827197000071, -4.632319413999937 ] ] ] ] } },
{ "type": "Feature", "properties": { "kemendagri_kab_code": 7411, "kemendagri_kab_name": "Kabupaten Kolaka Timur", "kemendagri_prov_code": 74, "kemendagri_prov_name": "Sulawesi Tenggara" }, "geometry": { "type": "Polygon", "coordinates": [ [ [ 121.430972234000023, -3.275444164999954 ], [ 121.423819270000081, -3.313501707999933 ], [ 121.428754263000087, -3.332951656999967 ], [ 121.440900696000085, -3.34066887299997 ], [ 121.456813608000061, -3.382801592999954 ], [ 121.492707309000025, -3.44014283599995 ], [ 121.522423563000075, -3.467757961999951 ], [ 121.534984326000085, -3.510765299999946 ], [ 121.530849131000082, -3.532718744999954 ], [ 121.567366124000046, -3.588123061999966 ], [ 121.56289244900006, -3.60699232099995 ], [ 121.575482, -3.635477058999925 ], [ 121.574769640000113, -3.652750287999936 ], [ 121.586186934000011, -3.657641859999956 ], [ 121.590396752000061, -3.685825946999955 ], [ 121.608826130000011, -3.686919427999953 ], [ 121.610693900000115, -3.734334061999959 ], [ 121.649510274000022, -3.73813178499995 ], [ 121.648412697000026, -3.732225919999962 ], [ 121.668929253000101, -3.729918010999938 ], [ 121.685351783000101, -3.744176917999937 ], [ 121.679459546000089, -3.753191353999966 ], [ 121.696118819000048, -3.763527273999955 ], [ 121.700887398000077, -3.777942464999967 ], [ 121.758141272000103, -3.758623768999939 ], [ 121.774035305000098, -3.76742601199993 ], [ 121.822837793000076, -3.755219797999928 ], [ 121.830468831000076, -3.767077211999947 ], [ 121.827491502000044, -3.780562090999979 ], [ 121.874285057000066, -3.784406217999958 ], [ 121.884918488000039, -3.813802542999952 ], [ 121.897345351000013, -3.817242593999936 ], [ 121.903747944000088, -3.83018698199993 ], [ 121.95287806400006, -3.834360690999972 ], [ 121.953551514000083, -3.872140959999967 ], [ 121.963026503000037, -3.87289166599993 ], [ 121.972521861000018, -3.888151008999955 ], [ 121.964055072000065, -3.900006423999969 ], [ 121.971985910000058, -3.906530992999933 ], [ 121.957408220000048, -3.924547964999931 ], [ 121.969223097000054, -3.950846722999927 ], [ 121.951509223000016, -3.979873643999952 ], [ 121.965573493000079, -3.997364227999981 ], [ 121.952720568000018, -4.029160536999939 ], [ 121.951335508000057, -4.056738795999934 ], [ 121.971702423000011, -4.088856522999947 ], [ 121.987535902000104, -4.096439295999971 ], [ 121.992005679000044, -4.114841859999956 ], [ 121.981308597000066, -4.122152727999946 ], [ 121.997794550000094, -4.128946790999976 ], [ 122.024751663000075, -4.175626754999939 ], [ 122.028799057000015, -4.197019576999935 ], [ 122.007001877000107, -4.269474029999969 ], [ 122.013692856000034, -4.291095733999953 ], [ 122.004194400000074, -4.346277777999944 ], [ 121.98936110000011, -4.372361110999975 ], [ 121.997464733000015, -4.393488678999972 ], [ 121.986140356000078, -4.40284982299994 ], [ 121.940321295000103, -4.400395828999933 ], [ 121.882649080000078, -4.376315085999977 ], [ 121.811415277000037, -4.415833880999969 ], [ 121.796180696000079, -4.389175555999941 ], [ 121.782794697000099, -4.390886444999978 ], [ 121.72651045200007, -4.356789813999967 ], [ 121.701582406000057, -4.29202601399993 ], [ 121.739355834000094, -4.288734902999977 ], [ 121.772825428000033, -4.295805422999933 ], [ 121.753222722000032, -4.269878716999926 ], [ 121.740675389000103, -4.267087469999979 ], [ 121.734164934000091, -4.251289593999957 ], [ 121.74626059000002, -4.244520939999973 ], [ 121.747642875000111, -4.217907036999975 ], [ 121.739263573000017, -4.203330006999977 ], [ 121.780367450000085, -4.181109877999972 ], [ 121.773327382000048, -4.14477560399996 ], [ 121.763500529000112, -4.132896293999977 ], [ 121.780015164000019, -4.111199170999953 ], [ 121.784361024000077, -4.053698865999934 ], [ 121.756096025000033, -4.042759880999938 ], [ 121.725565805000087, -4.053161497999952 ], [ 121.732121023000104, -4.037925778999977 ], [ 121.727520403000085, -4.027078174999929 ], [ 121.700145405000058, -4.014693718999979 ], [ 121.680609692000075, -3.988640664999934 ], [ 121.654701653000075, -3.977114621999931 ], [ 121.672455107000019, -3.931297766999933 ], [ 121.656799708000108, -3.909798427999931 ], [ 121.637620853000044, -3.90956706999998 ], [ 121.606098025000051, -3.876582990999964 ], [ 121.601746330000083, -3.863167056999941 ], [ 121.609241169000029, -3.821123356999976 ], [ 121.596432417000074, -3.818851957999925 ], [ 121.577482936000024, -3.796650790999934 ], [ 121.55949625400001, -3.795598552999934 ], [ 121.53578660800008, -3.76037243199994 ], [ 121.487167706000037, -3.724027369999931 ], [ 121.458722447000014, -3.719343213999935 ], [ 121.449647509000101, -3.707600998999965 ], [ 121.425815544000102, -3.712026790999971 ], [ 121.418131658000107, -3.695151991999978 ], [ 121.427343012000051, -3.669824752999943 ], [ 121.420007489000113, -3.630046713999945 ], [ 121.406032303000075, -3.628202432999956 ], [ 121.387238466000099, -3.639439611999933 ], [ 121.369132308000076, -3.628488231999938 ], [ 121.336117983, -3.668289806999951 ], [ 121.34314297200001, -3.685814102999927 ], [ 121.327123426000071, -3.698716236999928 ], [ 121.265905876000033, -3.675676825999972 ], [ 121.254568603000052, -3.665699745999973 ], [ 121.235896109, -3.602632539999945 ], [ 121.186521425000024, -3.563453796999966 ], [ 121.173440701000118, -3.542838356999937 ], [ 121.157172755000033, -3.536087575999943 ], [ 121.150384339000084, -3.505737229999966 ], [ 121.120571586000096, -3.490351215999965 ], [ 121.127178542000024, -3.480219165999927 ], [ 121.123917439000024, -3.468412671999943 ], [ 121.143888448000098, -3.460042947999966 ], [ 121.154890723000108, -3.438706601999968 ], [ 121.122862228000031, -3.411155772999962 ], [ 121.135650375000068, -3.389922523999928 ], [ 121.134176737000075, -3.365776988999926 ], [ 121.141436074000012, -3.365275508999957 ], [ 121.158149802000025, -3.33923832399995 ], [ 121.151558111000099, -3.327832593999972 ], [ 121.158182891000024, -3.324318536999954 ], [ 121.157318902000043, -3.297696289999976 ], [ 121.170128829000078, -3.296164742999963 ], [ 121.185535636000054, -3.27467196899994 ], [ 121.220802210000102, -3.254353336999941 ], [ 121.226421026000025, -3.229360246999931 ], [ 121.277861372000075, -3.226501132999942 ], [ 121.337606961, -3.248639306999962 ], [ 121.37747167200007, -3.247375037999973 ], [ 121.430972234000023, -3.275444164999954 ] ] ] } },
{ "type": "Feature", "properties": { "kemendagri_kab_code": 7412, "kemendagri_kab_name": "Kabupaten Konawe Kepulauan", "kemendagri_prov_code": 74, "kemendagri_prov_name": "Sulawesi Tenggara" }, "geometry": { "type": "MultiPolygon", "coordinates": [ [ [ [ 122.976524452000035, -4.159732350999946 ], [ 122.975569045000043, -4.159934790999955 ], [ 122.976196876000017, -4.159027601999981 ], [ 122.976524452000035, -4.159732350999946 ] ] ], [ [ [ 122.975701773000083, -4.159432513999946 ], [ 122.975178018000065, -4.158976473999928 ], [ 122.975726910000049, -4.158902098999931 ], [ 122.975701773000083, -4.159432513999946 ] ] ], [ [ [ 123.01248939900006, -3.978375491999941 ], [ 123.088037970000073, -4.022250098999962 ], [ 123.120495255000037, -4.020132773999933 ], [ 123.139741527000069, -4.008277673999942 ], [ 123.189155832000097, -4.009754336999947 ], [ 123.221917341000108, -4.024421304999976 ], [ 123.225890886000116, -4.040620033999971 ], [ 123.254120688000057, -4.065054540999938 ], [ 123.259535430000028, -4.089672199999939 ], [ 123.248197363000031, -4.124368795999942 ], [ 123.231292967000059, -4.145487313999979 ], [ 123.212233733000062, -4.154306417999976 ], [ 123.204145071000084, -4.175861579999946 ], [ 123.185694067000099, -4.185153062999973 ], [ 123.182558836000112, -4.199779905999947 ], [ 123.166702185000076, -4.206394399999965 ], [ 123.152254342000106, -4.239215351999974 ], [ 123.135785040000087, -4.255848589999971 ], [ 123.117657539000106, -4.260842551999929 ], [ 123.069437818000097, -4.248089283999946 ], [ 123.024691799000038, -4.220520531999966 ], [ 123.014129229000105, -4.205118382999956 ], [ 122.990991128000019, -4.200768839999967 ], [ 122.98353953000003, -4.167480679999926 ], [ 122.976662482000052, -4.165696357999934 ], [ 122.976557577000108, -4.158710054999972 ], [ 122.957382399000039, -4.142842627999926 ], [ 122.94860496900003, -4.122810188999949 ], [ 122.938819211, -4.095937668999966 ], [ 122.946148816000118, -4.082518089999951 ], [ 122.937017307000019, -4.069283816999928 ], [ 122.948801544000048, -4.063711458999933 ], [ 122.946597806000113, -4.053610570999979 ], [ 122.971809104000044, -4.057135227999936 ], [ 122.988432051000018, -4.021577473999969 ], [ 122.999825773000111, -4.020926568999926 ], [ 122.996578932000034, -4.00442520699994 ], [ 123.01248939900006, -3.978375491999941 ] ] ] ] } },
{ "type": "Feature", "properties": { "kemendagri_kab_code": 7413, "kemendagri_kab_name": "Kabupaten Muna Barat", "kemendagri_prov_code": 74, "kemendagri_prov_name": "Sulawesi Tenggara" }, "geometry": { "type": "MultiPolygon", "coordinates": [ [ [ [ 122.174730004000025, -4.973296048999941 ], [ 122.173088176000078, -4.970131365999976 ], [ 122.175182102, -4.969488911999974 ], [ 122.174730004000025, -4.973296048999941 ] ] ], [ [ [ 122.161759541000038, -4.95925991699994 ], [ 122.162687531000074, -4.955762108999977 ], [ 122.163472753000065, -4.958331926999961 ], [ 122.161759541000038, -4.95925991699994 ] ] ], [ [ [ 122.274215887000082, -4.929706664999969 ], [ 122.273059469000032, -4.927993452999942 ], [ 122.274629914000116, -4.928193327999963 ], [ 122.274215887000082, -4.929706664999969 ] ] ], [ [ [ 122.294701900000064, -4.889530814999944 ], [ 122.295116353000026, -4.886468283999932 ], [ 122.297144371000059, -4.888339790999964 ], [ 122.294701900000064, -4.889530814999944 ] ] ], [ [ [ 122.250963634000072, -4.870083404999946 ], [ 122.247463767000113, -4.87245175299995 ], [ 122.247041413000034, -4.871946117999926 ], [ 122.250963634000072, -4.870083404999946 ] ] ], [ [ [ 122.263117913000087, -4.874520650999955 ], [ 122.262937997000108, -4.868408580999926 ], [ 122.269859378000092, -4.866612184999951 ], [ 122.272133259000043, -4.870881334999979 ], [ 122.263117913000087, -4.874520650999955 ] ] ], [ [ [ 122.252707287000021, -4.869409805999965 ], [ 122.251026674000059, -4.868761417999963 ], [ 122.252863249000029, -4.86895297999996 ], [ 122.252707287000021, -4.869409805999965 ] ] ], [ [ [ 122.222244852000017, -4.845986726999968 ], [ 122.221913001000075, -4.845474096999965 ], [ 122.222429080000097, -4.845852770999954 ], [ 122.222244852000017, -4.845986726999968 ] ] ], [ [ [ 122.197174785000016, -4.834377857999925 ], [ 122.193509419000065, -4.83875242299996 ], [ 122.185126839000077, -4.837593664999929 ], [ 122.185011178000082, -4.835337739999943 ], [ 122.197174785000016, -4.834377857999925 ] ] ], [ [ [ 122.264650656000072, -4.76965103699996 ], [ 122.264600017000021, -4.767972380999936 ], [ 122.266007470000091, -4.768110633999925 ], [ 122.264650656000072, -4.76965103699996 ] ] ], [ [ [ 122.302334571000074, -4.716769375999945 ], [ 122.291627163000044, -4.70415449799998 ], [ 122.307893892000038, -4.684868956999935 ], [ 122.318178974000034, -4.692528835999951 ], [ 122.302334571000074, -4.716769375999945 ] ] ], [ [ [ 122.306457020000039, -4.665972673999931 ], [ 122.304638725000018, -4.66410587799993 ], [ 122.306358358000011, -4.662216419999936 ], [ 122.306457020000039, -4.665972673999931 ] ] ], [ [ [ 122.296317326, -4.666856954999957 ], [ 122.298039157000062, -4.655409170999974 ], [ 122.303068378000034, -4.650535408999929 ], [ 122.303766384000028, -4.659622360999947 ], [ 122.296317326, -4.666856954999957 ] ] ], [ [ [ 122.330151391000072, -4.607671686999936 ], [ 122.322910063000108, -4.62532183999997 ], [ 122.310741304000089, -4.621797427999979 ], [ 122.314680029000101, -4.609523334999949 ], [ 122.330151391000072, -4.607671686999936 ] ] ], [ [ [ 122.320546273000105, -4.582510363999972 ], [ 122.320484903000079, -4.581772604999969 ], [ 122.321206620000112, -4.582358744999965 ], [ 122.320546273000105, -4.582510363999972 ] ] ], [ [ [ 122.301645947000111, -4.580377362999968 ], [ 122.297277178000058, -4.577988088999973 ], [ 122.299086388000092, -4.57608154299993 ], [ 122.301645947000111, -4.580377362999968 ] ] ], [ [ [ 122.3356411850001, -4.912928748999946 ], [ 122.341335671000024, -4.92665496099994 ], [ 122.326928768000016, -4.932230347999962 ], [ 122.327114221000102, -4.92078816399993 ], [ 122.3356411850001, -4.912928748999946 ] ] ], [ [ [ 122.339767144, -4.910703092999938 ], [ 122.336454224000022, -4.910184914999945 ], [ 122.337720499000056, -4.908160671999951 ], [ 122.339767144, -4.910703092999938 ] ] ], [ [ [ 122.339532594000048, -4.880728583999939 ], [ 122.338612623000017, -4.880357621999963 ], [ 122.339838112000052, -4.880319820999944 ], [ 122.339532594000048, -4.880728583999939 ] ] ], [ [ [ 122.358163339000043, -4.731901060999974 ], [ 122.356464689000063, -4.74101101499997 ], [ 122.347681627000043, -4.736453660999928 ], [ 122.348484936000091, -4.728945645999943 ], [ 122.358163339000043, -4.731901060999974 ] ] ], [ [ [ 122.40133055900003, -4.718348725999931 ], [ 122.398318525000036, -4.714701595999941 ], [ 122.401614057000074, -4.714316440999937 ], [ 122.40133055900003, -4.718348725999931 ] ] ], [ [ [ 122.389915723000058, -4.696667521999927 ], [ 122.384706515000062, -4.699556204999965 ], [ 122.380700199000103, -4.698170798999968 ], [ 122.381645434, -4.695970511999974 ], [ 122.389915723000058, -4.696667521999927 ] ] ], [ [ [ 122.328759111000068, -4.725375057999941 ], [ 122.324636431000044, -4.719460475999938 ], [ 122.348146939000117, -4.683630631999961 ], [ 122.367548493000072, -4.665819364999948 ], [ 122.378724614000021, -4.66502662299996 ], [ 122.365403939000089, -4.695474967999928 ], [ 122.328759111000068, -4.725375057999941 ] ] ], [ [ [ 122.326554266000016, -4.693988564999927 ], [ 122.327070451000054, -4.68867707499993 ], [ 122.335766724000109, -4.683281354999963 ], [ 122.334686651000084, -4.68907355999994 ], [ 122.326554266000016, -4.693988564999927 ] ] ], [ [ [ 122.345551293000085, -4.639761328999953 ], [ 122.36336436800002, -4.639192160999926 ], [ 122.361371472000087, -4.653421976999937 ], [ 122.343311791000019, -4.665162234999968 ], [ 122.345551293000085, -4.639761328999953 ] ] ], [ [ [ 122.35059487500007, -4.620577006999952 ], [ 122.327769416000024, -4.654949517999967 ], [ 122.314062671000102, -4.663156154999967 ], [ 122.314542651000011, -4.647533477999957 ], [ 122.35059487500007, -4.620577006999952 ] ] ], [ [ [ 122.390509800000018, -4.642516944999954 ], [ 122.391138584000032, -4.63873108699994 ], [ 122.394753327000103, -4.636231730999953 ], [ 122.390509800000018, -4.642516944999954 ] ] ], [ [ [ 122.334600729000044, -4.620648399999936 ], [ 122.334538827000074, -4.622835973999941 ], [ 122.333172195000088, -4.621193478999942 ], [ 122.334600729000044, -4.620648399999936 ] ] ], [ [ [ 122.322838378000029, -4.586649883999939 ], [ 122.321868690000088, -4.587597872999936 ], [ 122.32218079200004, -4.586009826999941 ], [ 122.322838378000029, -4.586649883999939 ] ] ], [ [ [ 122.347997808000059, -4.584051157999966 ], [ 122.349784805000013, -4.590131584999938 ], [ 122.347404176000055, -4.59073064599994 ], [ 122.347997808000059, -4.584051157999966 ] ] ], [ [ [ 122.322933534000072, -4.584710507999944 ], [ 122.320961384000043, -4.584019376999947 ], [ 122.322926951000113, -4.58340026299993 ], [ 122.322933534000072, -4.584710507999944 ] ] ], [ [ [ 122.331265542000097, -4.581564643999968 ], [ 122.321107685000015, -4.580501847999926 ], [ 122.331550834000041, -4.571095858999968 ], [ 122.333278340000106, -4.573770635999949 ], [ 122.331265542000097, -4.581564643999968 ] ] ], [ [ [ 122.601117903000045, -4.641803818999961 ], [ 122.626402190000022, -4.642020348999949 ], [ 122.633901101000106, -4.67442118699995 ], [ 122.653317503000039, -4.679332393999971 ], [ 122.63694681100003, -4.695988621999959 ], [ 122.658781142000066, -4.729615957999954 ], [ 122.59161111100002, -4.768916666999928 ], [ 122.565600854000081, -4.80827112299994 ], [ 122.580261168000106, -4.832218456999954 ], [ 122.606435239, -4.832218456999954 ], [ 122.611638889000119, -4.858861110999953 ], [ 122.659558409000056, -4.897146876999955 ], [ 122.634148605000064, -4.932508095999935 ], [ 122.618183827000053, -4.932601967999972 ], [ 122.603014764000022, -4.947622315999979 ], [ 122.592455905000065, -4.965765705999956 ], [ 122.596322529000076, -4.985396259999959 ], [ 122.584091759000103, -5.002948285999935 ], [ 122.553388057, -4.965790027999958 ], [ 122.456257621000077, -4.916159057999948 ], [ 122.417772487000093, -4.906505734999939 ], [ 122.377667593000069, -4.92462553699994 ], [ 122.364255881000076, -4.917960203999939 ], [ 122.361086997000029, -4.930036499999972 ], [ 122.353004874000021, -4.928165229999934 ], [ 122.340024938000056, -4.880323939999926 ], [ 122.318281855, -4.83147179599996 ], [ 122.33526297700007, -4.812826427999937 ], [ 122.373621397000079, -4.738783361999936 ], [ 122.408828224000104, -4.749894676999929 ], [ 122.409682270000076, -4.749737596999978 ], [ 122.411311017000116, -4.748164458999952 ], [ 122.415183039000112, -4.743090603999974 ], [ 122.429125737000049, -4.738381955999955 ], [ 122.444012467000107, -4.743403351999973 ], [ 122.467484486000103, -4.741499165999926 ], [ 122.475423441000089, -4.737803269999972 ], [ 122.478230058, -4.723541910999927 ], [ 122.492452913000079, -4.724267579999946 ], [ 122.556770641000071, -4.692414551999946 ], [ 122.595314537000036, -4.656864779999978 ], [ 122.595833118000087, -4.634610746999954 ], [ 122.601117903000045, -4.641803818999961 ] ] ], [ [ [ 122.408352201000071, -4.746883950999973 ], [ 122.410517959000117, -4.748283743999934 ], [ 122.409074486, -4.749780136999959 ], [ 122.408352201000071, -4.746883950999973 ] ] ], [ [ [ 122.445212036000044, -4.743109045999972 ], [ 122.445365873000014, -4.742105250999941 ], [ 122.445838248000086, -4.742114485999934 ], [ 122.445212036000044, -4.743109045999972 ] ] ], [ [ [ 122.444117315000085, -4.742942808999942 ], [ 122.4438648040001, -4.742186717999971 ], [ 122.444231089000027, -4.742359741999962 ], [ 122.444117315000085, -4.742942808999942 ] ] ], [ [ [ 122.423580283000092, -4.737737739999943 ], [ 122.424343258000022, -4.738663488999975 ], [ 122.423554631000115, -4.738727051999945 ], [ 122.423580283000092, -4.737737739999943 ] ] ], [ [ [ 122.422846431000039, -4.738306253999951 ], [ 122.42080812100005, -4.737442551999948 ], [ 122.422196936000091, -4.736957070999949 ], [ 122.422846431000039, -4.738306253999951 ] ] ], [ [ [ 122.421374624, -4.730074630999979 ], [ 122.420732973000099, -4.729431738999949 ], [ 122.421925184000088, -4.72993945099995 ], [ 122.421374624, -4.730074630999979 ] ] ], [ [ [ 122.475797494000062, -4.729558547999943 ], [ 122.474921480000035, -4.726478291999967 ], [ 122.476322352000011, -4.725674273999971 ], [ 122.475797494000062, -4.729558547999943 ] ] ], [ [ [ 122.496860676000097, -4.714810858999954 ], [ 122.500117339000099, -4.717753347999974 ], [ 122.496291556000074, -4.716480212999954 ], [ 122.496860676000097, -4.714810858999954 ] ] ], [ [ [ 122.467155927000022, -4.716399696999929 ], [ 122.4636867480001, -4.71317718399996 ], [ 122.463941813000019, -4.712174606999952 ], [ 122.467155927000022, -4.716399696999929 ] ] ], [ [ [ 122.476575100000105, -4.700357617999941 ], [ 122.477677464000067, -4.704571654999938 ], [ 122.476182683000047, -4.704401953999934 ], [ 122.476575100000105, -4.700357617999941 ] ] ], [ [ [ 122.429631515000096, -4.680060878999939 ], [ 122.432850177000091, -4.682191050999961 ], [ 122.432628608000073, -4.682845585999928 ], [ 122.429631515000096, -4.680060878999939 ] ] ], [ [ [ 122.421845603000065, -4.672185182999954 ], [ 122.426536395000085, -4.670377693999967 ], [ 122.425242390000108, -4.673693707999973 ], [ 122.421845603000065, -4.672185182999954 ] ] ], [ [ [ 122.404358217000095, -4.665366577999976 ], [ 122.401426387000015, -4.663163318999977 ], [ 122.406613963000041, -4.662914109999974 ], [ 122.404358217000095, -4.665366577999976 ] ] ], [ [ [ 122.589929312000095, -4.638979311999947 ], [ 122.590222829000027, -4.646559594999928 ], [ 122.587672110000085, -4.647026000999972 ], [ 122.589929312000095, -4.638979311999947 ] ] ] ] } },
{ "type": "Feature", "properties": { "kemendagri_kab_code": 7414, "kemendagri_kab_name": "Kabupaten Buton Tengah", "kemendagri_prov_code": 74, "kemendagri_prov_name": "Sulawesi Tenggara" }, "geometry": { "type": "MultiPolygon", "coordinates": [ [ [ [ 122.05885201000001, -5.491874741999936 ], [ 122.029160611000066, -5.518892497999957 ], [ 121.993228188000103, -5.523118071999932 ], [ 122.047720344000027, -5.489923029999943 ], [ 122.05885201000001, -5.491874741999936 ] ] ], [ [ [ 121.936467023000091, -5.493370870999968 ], [ 121.935049776000028, -5.494443740999941 ], [ 121.936399055000038, -5.492507893999971 ], [ 121.936467023000091, -5.493370870999968 ] ] ], [ [ [ 121.93855510800006, -5.492679322999948 ], [ 121.939900317000024, -5.492869097999971 ], [ 121.938450300000113, -5.494053998999959 ], [ 121.93855510800006, -5.492679322999948 ] ] ], [ [ [ 121.939986499000042, -5.485208105999959 ], [ 121.940416788000107, -5.490921712999977 ], [ 121.93556396200006, -5.486108701999967 ], [ 121.939986499000042, -5.485208105999959 ] ] ], [ [ [ 122.08503682300011, -5.473714806999965 ], [ 122.092003880000107, -5.48626196999993 ], [ 122.084315932000095, -5.494157249999944 ], [ 122.070764980000035, -5.487165175999962 ], [ 122.074117510000065, -5.473213616999942 ], [ 122.08503682300011, -5.473714806999965 ] ] ], [ [ [ 121.941373905000091, -5.413603082999941 ], [ 122.048931835000076, -5.413635770999974 ], [ 122.043050946000108, -5.436550689999933 ], [ 122.049533677000113, -5.460513713999944 ], [ 122.030924645000027, -5.47459538499993 ], [ 122.015103066000052, -5.47630159299996 ], [ 122.010084807000112, -5.467337153999949 ], [ 121.99850356200011, -5.466236311999978 ], [ 121.991143159000103, -5.475156084999981 ], [ 121.963124378000089, -5.476765979999925 ], [ 121.952882702000011, -5.484058432999973 ], [ 121.957643086000076, -5.495963361999941 ], [ 121.949689737000085, -5.493899179999971 ], [ 121.946575023000037, -5.454939620999937 ], [ 121.932792326000026, -5.428860354999927 ], [ 121.941373905000091, -5.413603082999941 ] ] ], [ [ [ 122.425381644000026, -5.31834854899995 ], [ 122.424721461000104, -5.317788749999977 ], [ 122.424968468000088, -5.317559634999952 ], [ 122.425381644000026, -5.31834854899995 ] ] ], [ [ [ 122.423575135000078, -5.317151413999966 ], [ 122.422431722000056, -5.317603878999932 ], [ 122.422565737000014, -5.317250971999954 ], [ 122.423575135000078, -5.317151413999966 ] ] ], [ [ [ 122.430223957000067, -5.316744203999974 ], [ 122.42911080500005, -5.316730283999959 ], [ 122.429823058000011, -5.315886371999966 ], [ 122.430223957000067, -5.316744203999974 ] ] ], [ [ [ 122.319674033000069, -5.144821085999979 ], [ 122.353350404000025, -5.151137401999961 ], [ 122.367341635000116, -5.186258245999966 ], [ 122.373552028000063, -5.183617043999959 ], [ 122.375683913000103, -5.192868217999944 ], [ 122.407602115000032, -5.191612032999956 ], [ 122.407316579000053, -5.209814909999977 ], [ 122.44971857500002, -5.234585098999958 ], [ 122.471562027000118, -5.229445462999934 ], [ 122.528169404000096, -5.195109840999976 ], [ 122.55108361300006, -5.210314596999979 ], [ 122.561434269000074, -5.227875018999953 ], [ 122.606884241000103, -5.223236705999966 ], [ 122.596638544000029, -5.227066015999981 ], [ 122.591764234000038, -5.230960538999966 ], [ 122.578560751000055, -5.253659991999939 ], [ 122.62366901200005, -5.250429283999949 ], [ 122.639960471000109, -5.265160906999938 ], [ 122.646109057000103, -5.29547539899994 ], [ 122.641932113000053, -5.308908783999925 ], [ 122.639491794000037, -5.356809388999977 ], [ 122.618160826, -5.371355562999952 ], [ 122.624718603000019, -5.345561096999973 ], [ 122.616815065000083, -5.345611557999973 ], [ 122.594504913000037, -5.364607472999978 ], [ 122.593472732, -5.391731663999963 ], [ 122.603427501000056, -5.407872083999962 ], [ 122.593711643, -5.415497530999971 ], [ 122.595162062000099, -5.424271267999927 ], [ 122.60004471700006, -5.426139850999959 ], [ 122.595433711000055, -5.433979135999948 ], [ 122.566268677000039, -5.411153934999959 ], [ 122.546507016000078, -5.440269436999927 ], [ 122.519809418000023, -5.437076317999981 ], [ 122.512525240000059, -5.406227294999951 ], [ 122.524603930000012, -5.396852104999937 ], [ 122.539542316000052, -5.331637278999949 ], [ 122.520401437000032, -5.311321988999964 ], [ 122.539859108000087, -5.260618510999961 ], [ 122.511041996000017, -5.287797643999966 ], [ 122.479608622000114, -5.299926781999943 ], [ 122.48029245400005, -5.316314217999945 ], [ 122.498173202000089, -5.345832950999977 ], [ 122.483770762000063, -5.373681647999945 ], [ 122.468137877000117, -5.36127572099997 ], [ 122.473849358000052, -5.385954484999957 ], [ 122.464842116000113, -5.402882339999962 ], [ 122.407965024000077, -5.39925358399995 ], [ 122.38236654100001, -5.334302213999933 ], [ 122.385482161000027, -5.326978063999945 ], [ 122.418320234000021, -5.322638323999968 ], [ 122.44739052500006, -5.315753919999963 ], [ 122.448724405, -5.312992210999937 ], [ 122.397533838000072, -5.312892248999958 ], [ 122.377320263000115, -5.324840379999955 ], [ 122.370337956000071, -5.340828232999968 ], [ 122.381684197000027, -5.368226687999936 ], [ 122.361369234000108, -5.390628020999941 ], [ 122.303749251000113, -5.39667144799995 ], [ 122.273220761000061, -5.388802552999948 ], [ 122.266694506000022, -5.37360694399996 ], [ 122.268568576, -5.313175808999972 ], [ 122.315854552000019, -5.238212053999973 ], [ 122.303497691000075, -5.198002822999968 ], [ 122.315982198000029, -5.186009720999948 ], [ 122.307226765000109, -5.14960820999994 ], [ 122.319674033000069, -5.144821085999979 ] ] ], [ [ [ 122.297792795000078, -5.213559323999959 ], [ 122.297508866000044, -5.213094093999928 ], [ 122.298008822000043, -5.213394377999975 ], [ 122.297792795000078, -5.213559323999959 ] ] ], [ [ [ 122.559622203000117, -5.421507693999956 ], [ 122.559506071000101, -5.421328683999945 ], [ 122.559557412000117, -5.421256576999951 ], [ 122.559622203000117, -5.421507693999956 ] ] ], [ [ [ 122.59510599500004, -5.418734128999972 ], [ 122.595059928000069, -5.418998077999959 ], [ 122.594708415000014, -5.418684 ], [ 122.59510599500004, -5.418734128999972 ] ] ], [ [ [ 122.594345089000058, -5.417583004999926 ], [ 122.594237683000074, -5.417284559999928 ], [ 122.594439244000114, -5.417491085999927 ], [ 122.594345089000058, -5.417583004999926 ] ] ], [ [ [ 122.603747354, -5.40859203399998 ], [ 122.603396418000102, -5.408184178999932 ], [ 122.603436093000028, -5.408053820999953 ], [ 122.603747354, -5.40859203399998 ] ] ], [ [ [ 122.483706381000047, -5.377474979999931 ], [ 122.483620423000048, -5.377277574999937 ], [ 122.483688001000019, -5.377287274999958 ], [ 122.483706381000047, -5.377474979999931 ] ] ], [ [ [ 122.483118774000104, -5.37737604199998 ], [ 122.483032460000118, -5.377268952999941 ], [ 122.483086031000084, -5.377244627999971 ], [ 122.483118774000104, -5.37737604199998 ] ] ], [ [ [ 122.482919346000017, -5.377356839999948 ], [ 122.482748512000057, -5.37715583499994 ], [ 122.482761854000046, -5.377110732999938 ], [ 122.482919346000017, -5.377356839999948 ] ] ], [ [ [ 122.482938369000067, -5.376548736999951 ], [ 122.483886656000095, -5.376262803999964 ], [ 122.483486084000106, -5.376943585999925 ], [ 122.482938369000067, -5.376548736999951 ] ] ], [ [ [ 122.48389893, -5.375738028999933 ], [ 122.483827174000112, -5.375674698999944 ], [ 122.483884900000021, -5.375678510999933 ], [ 122.48389893, -5.375738028999933 ] ] ], [ [ [ 122.64349405300004, -5.321127249999961 ], [ 122.643360897000093, -5.320871666999949 ], [ 122.643564084000104, -5.320006020999926 ], [ 122.64349405300004, -5.321127249999961 ] ] ], [ [ [ 122.600125296000101, -5.226356717999977 ], [ 122.599821490000068, -5.226501472999928 ], [ 122.599981456000023, -5.226258137999935 ], [ 122.600125296000101, -5.226356717999977 ] ] ] ] } },
{ "type": "Feature", "properties": { "kemendagri_kab_code": 7415, "kemendagri_kab_name": "Kabupaten Buton Selatan", "kemendagri_prov_code": 74, "kemendagri_prov_name": "Sulawesi Tenggara" }, "geometry": { "type": "MultiPolygon", "coordinates": [ [ [ [ 122.496392750000041, -5.651189842999941 ], [ 122.496343651000075, -5.651162299999953 ], [ 122.496403633000114, -5.651136299999962 ], [ 122.496392750000041, -5.651189842999941 ] ] ], [ [ [ 122.496947381000041, -5.650751940999953 ], [ 122.496845262000079, -5.650562001999958 ], [ 122.497031188000051, -5.650563266999939 ], [ 122.496947381000041, -5.650751940999953 ] ] ], [ [ [ 122.497303951000049, -5.650654859999975 ], [ 122.497201602000018, -5.650594614999932 ], [ 122.497310318000018, -5.650601040999959 ], [ 122.497303951000049, -5.650654859999975 ] ] ], [ [ [ 122.476390954000067, -5.553166056999942 ], [ 122.477211905000104, -5.55318452399996 ], [ 122.477010705000112, -5.553616169999941 ], [ 122.476390954000067, -5.553166056999942 ] ] ], [ [ [ 122.473950488000014, -5.549407565999957 ], [ 122.474001892000047, -5.54965623399994 ], [ 122.473832326000093, -5.549599571999977 ], [ 122.473950488000014, -5.549407565999957 ] ] ], [ [ [ 122.524562187000015, -5.501314991999948 ], [ 122.510708786, -5.525749567999981 ], [ 122.507233285000098, -5.559919954999941 ], [ 122.486835230000111, -5.56156016999995 ], [ 122.472779809000031, -5.547793297999931 ], [ 122.471450532000063, -5.530514555999957 ], [ 122.48321670200005, -5.514241255999934 ], [ 122.524562187000015, -5.501314991999948 ] ] ], [ [ [ 122.471919103000118, -5.528321558999949 ], [ 122.472150904000046, -5.528815789999953 ], [ 122.471640289000106, -5.528975713999955 ], [ 122.471919103000118, -5.528321558999949 ] ] ], [ [ [ 122.687785487000042, -6.178022689999978 ], [ 122.69871911000007, -6.198947669999939 ], [ 122.728107238, -6.204012650999971 ], [ 122.716814317000058, -6.212714339999934 ], [ 122.688807996000037, -6.207665073999976 ], [ 122.666704307000032, -6.184778040999959 ], [ 122.687785487000042, -6.178022689999978 ] ] ], [ [ [ 122.50983592700004, -5.624432124999942 ], [ 122.544416929000022, -5.628004215999965 ], [ 122.556492601000059, -5.653004216999932 ], [ 122.547784089000061, -5.681440058999954 ], [ 122.53417644000001, -5.694133174999934 ], [ 122.499058588000025, -5.699080228999946 ], [ 122.474955822000084, -5.69033774199994 ], [ 122.457017986000096, -5.693260604999978 ], [ 122.457361920000039, -5.684007083999973 ], [ 122.482930872000111, -5.672177390999934 ], [ 122.494232654000029, -5.651197077999939 ], [ 122.495573833000094, -5.651772489999928 ], [ 122.502213279000102, -5.650574888999927 ], [ 122.505270837000012, -5.647307896999962 ], [ 122.502898130000062, -5.631016649999935 ], [ 122.50983592700004, -5.624432124999942 ] ] ], [ [ [ 122.498600276000047, -5.650353505999931 ], [ 122.498468969000101, -5.650281611999958 ], [ 122.498605516000111, -5.650297333999958 ], [ 122.498600276000047, -5.650353505999931 ] ] ], [ [ [ 122.498449290000053, -5.650242813999967 ], [ 122.498353165000026, -5.650118120999934 ], [ 122.498487363000095, -5.650124134999942 ], [ 122.498449290000053, -5.650242813999967 ] ] ], [ [ [ 122.513268530000119, -5.589567912999939 ], [ 122.512023940000063, -5.597102366999934 ], [ 122.500122222000073, -5.599340108999968 ], [ 122.502073556000028, -5.595278183999937 ], [ 122.513268530000119, -5.589567912999939 ] ] ], [ [ [ 122.74232052900004, -5.479611517999956 ], [ 122.765230789000043, -5.490376988999969 ], [ 122.78893297400009, -5.487653181999974 ], [ 122.791351306000024, -5.603683427999954 ], [ 122.800202901000034, -5.629096070999935 ], [ 122.822784588000104, -5.651997552999944 ], [ 122.805094159000078, -5.69154354899996 ], [ 122.778391801000112, -5.702962157999934 ], [ 122.754538866000075, -5.695247335999966 ], [ 122.765848500000061, -5.666373806999957 ], [ 122.757145062000063, -5.655839612999955 ], [ 122.75890666600003, -5.643826905999958 ], [ 122.749220473000037, -5.638905245999979 ], [ 122.726841278000052, -5.674503362999928 ], [ 122.724531813000112, -5.691312591999974 ], [ 122.709939667000071, -5.674512847999949 ], [ 122.722712517000105, -5.628502375999972 ], [ 122.713342153000099, -5.619152109999959 ], [ 122.666558419000012, -5.690024693999931 ], [ 122.64888226100004, -5.698794054999951 ], [ 122.6366949720001, -5.695144182999968 ], [ 122.610581705000072, -5.656040205999943 ], [ 122.613776771000062, -5.63602390899996 ], [ 122.579744918000074, -5.571657051999978 ], [ 122.573735361000104, -5.538144578999947 ], [ 122.605047177000074, -5.525190023999926 ], [ 122.621436947, -5.506881193999959 ], [ 122.635935839000012, -5.513330302999975 ], [ 122.661183463000043, -5.509211161999929 ], [ 122.670488318000025, -5.496259557999963 ], [ 122.727336286000082, -5.495962322999958 ], [ 122.738747550000085, -5.491104724999957 ], [ 122.74232052900004, -5.479611517999956 ] ] ] ] } },
{ "type": "Feature", "properties": { "kemendagri_kab_code": 7471, "kemendagri_kab_name": "Kota Kendari", "kemendagri_prov_code": 74, "kemendagri_prov_name": "Sulawesi Tenggara" }, "geometry": { "type": "MultiPolygon", "coordinates": [ [ [ [ 122.48424581800009, -3.90633361099998 ], [ 122.512917834000064, -3.90874856399995 ], [ 122.524247281000044, -3.941358356999956 ], [ 122.549110782000071, -3.943122917999972 ], [ 122.560623829000065, -3.932319994999943 ], [ 122.5745510590001, -3.940807099999972 ], [ 122.591283630000021, -3.931766280999966 ], [ 122.595429516000081, -3.944258632999947 ], [ 122.625906293000071, -3.94841403199996 ], [ 122.624139873000104, -3.958997410999928 ], [ 122.608890399000074, -3.962816317999966 ], [ 122.599074690000066, -3.979066560999968 ], [ 122.589030976000117, -3.970632319999936 ], [ 122.534537039000043, -3.967916768999942 ], [ 122.534215492000044, -3.978940172999955 ], [ 122.537335668000082, -3.977738758999976 ], [ 122.539219938000087, -3.977443060999974 ], [ 122.540709205000098, -3.977543657999945 ], [ 122.542210868000097, -3.977916572999959 ], [ 122.54474024600006, -3.978922895999972 ], [ 122.545493068000042, -3.97745875499993 ], [ 122.545296366000116, -3.979956871999946 ], [ 122.544547629000022, -3.981820464999942 ], [ 122.534153374000084, -3.979115213999933 ], [ 122.535673992000056, -3.989246496999954 ], [ 122.553200010000069, -3.992913720999979 ], [ 122.559208694000063, -3.984782964999965 ], [ 122.589432635000094, -3.978642859999979 ], [ 122.613196869000035, -3.997204481999972 ], [ 122.618553945000031, -3.996133587999964 ], [ 122.619746061000114, -4.003628361999972 ], [ 122.651273072000095, -4.002856409999936 ], [ 122.638924407000104, -4.018342441999948 ], [ 122.61475017600003, -4.026487560999954 ], [ 122.604948736000097, -4.052471138999977 ], [ 122.522705078000058, -4.091674804999968 ], [ 122.507080078000058, -4.085510253999928 ], [ 122.51398761400003, -4.068111708999936 ], [ 122.491140664000113, -4.067743685999972 ], [ 122.49108886700003, -4.057189940999933 ], [ 122.481556999000077, -4.05462469899993 ], [ 122.466200419000074, -4.026687798999944 ], [ 122.442944444000091, -4.011555461999933 ], [ 122.456787845, -3.935361239999963 ], [ 122.48424581800009, -3.90633361099998 ] ] ], [ [ [ 122.599256408000088, -3.983490520999965 ], [ 122.616651041000068, -3.980110498999977 ], [ 122.622131479000018, -3.991790420999962 ], [ 122.599256408000088, -3.983490520999965 ] ] ] ] } },
{ "type": "Feature", "properties": { "kemendagri_kab_code": 7472, "kemendagri_kab_name": "Kota Bau Bau", "kemendagri_prov_code": 74, "kemendagri_prov_name": "Sulawesi Tenggara" }, "geometry": { "type": "MultiPolygon", "coordinates": [ [ [ [ 122.630555640000011, -5.419984330999966 ], [ 122.630528379000111, -5.430105078999929 ], [ 122.622951475000036, -5.437318779999941 ], [ 122.624054508000086, -5.423143324999955 ], [ 122.630555640000011, -5.419984330999966 ] ] ], [ [ [ 122.628816595000103, -5.41932942699998 ], [ 122.628753695000114, -5.419570182999962 ], [ 122.628313198000114, -5.419579944999953 ], [ 122.628816595000103, -5.41932942699998 ] ] ], [ [ [ 122.628024477000054, -5.409456143999932 ], [ 122.627633512000102, -5.40913239799994 ], [ 122.627816212000084, -5.409038057999965 ], [ 122.628024477000054, -5.409456143999932 ] ] ], [ [ [ 122.627115342000025, -5.409109825999963 ], [ 122.62628427900006, -5.408865642999956 ], [ 122.627187001000038, -5.408435511999926 ], [ 122.627115342000025, -5.409109825999963 ] ] ], [ [ [ 122.647038813000108, -5.348592378999967 ], [ 122.646991133000029, -5.348414951999928 ], [ 122.647108360000061, -5.348489389999941 ], [ 122.647038813000108, -5.348592378999967 ] ] ], [ [ [ 122.646843409000098, -5.348496492999971 ], [ 122.646722226000065, -5.348379977999969 ], [ 122.646898829000065, -5.348429047999957 ], [ 122.646843409000098, -5.348496492999971 ] ] ], [ [ [ 122.646641826000064, -5.348458652999966 ], [ 122.64655575200004, -5.348342873999968 ], [ 122.646671574000038, -5.348349833999976 ], [ 122.646641826000064, -5.348458652999966 ] ] ], [ [ [ 122.682402006000075, -5.32235878399996 ], [ 122.720245393000027, -5.320145913999966 ], [ 122.726082544000064, -5.354831601999933 ], [ 122.748687134000079, -5.360765166999954 ], [ 122.760074558000042, -5.375821861999952 ], [ 122.770193876, -5.413480816999936 ], [ 122.760374183000067, -5.422135174999937 ], [ 122.755394631000058, -5.449793823999926 ], [ 122.748676273000115, -5.44882451899997 ], [ 122.7518194700001, -5.459511731999953 ], [ 122.740169073000061, -5.489395142999967 ], [ 122.722904778000043, -5.496556236999936 ], [ 122.670488318000025, -5.496259557999963 ], [ 122.661183463000043, -5.509211161999929 ], [ 122.63868069900002, -5.51326176799995 ], [ 122.621436947, -5.506881193999959 ], [ 122.605047177000074, -5.525190023999926 ], [ 122.573735361000104, -5.538144578999947 ], [ 122.569248867000056, -5.525052955999968 ], [ 122.556439576000116, -5.518134479999958 ], [ 122.563967224000066, -5.48307673599993 ], [ 122.593693346, -5.455372985999929 ], [ 122.627845551000064, -5.459679292999965 ], [ 122.646577360000038, -5.443709558999956 ], [ 122.642159545000027, -5.412848193999935 ], [ 122.636268896000047, -5.407453085999975 ], [ 122.61933509500011, -5.406446236999955 ], [ 122.619592258000011, -5.400456554999948 ], [ 122.648442143000011, -5.357181589999925 ], [ 122.654648339000119, -5.32442752399993 ], [ 122.672603164000066, -5.318775203999962 ], [ 122.676134458000092, -5.308246562999955 ], [ 122.682402006000075, -5.32235878399996 ] ] ], [ [ [ 122.647744965000015, -5.35109080899997 ], [ 122.64711369500003, -5.350661919999936 ], [ 122.647556056000099, -5.350448526999969 ], [ 122.647744965000015, -5.35109080899997 ] ] ], [ [ [ 122.647969526000111, -5.350313692999976 ], [ 122.647820269000022, -5.350155386999973 ], [ 122.647981116000096, -5.350200683999958 ], [ 122.647969526000111, -5.350313692999976 ] ] ], [ [ [ 122.647959683000067, -5.349642167999946 ], [ 122.647825038000065, -5.349628529999961 ], [ 122.647858152000026, -5.349566761999938 ], [ 122.647959683000067, -5.349642167999946 ] ] ], [ [ [ 122.647599150000019, -5.34949183599997 ], [ 122.64725209900007, -5.349000491999959 ], [ 122.647387870000102, -5.348923829999933 ], [ 122.647599150000019, -5.34949183599997 ] ] ], [ [ [ 122.647200766000083, -5.343977482999946 ], [ 122.647019909000051, -5.343777842999941 ], [ 122.647236423000095, -5.343698440999958 ], [ 122.647200766000083, -5.343977482999946 ] ] ], [ [ [ 122.648716555000078, -5.336046368999973 ], [ 122.648178638000104, -5.335922524999944 ], [ 122.648297325000044, -5.33558484699995 ], [ 122.648716555000078, -5.336046368999973 ] ] ] ] } }
]
}
