{
"type": "FeatureCollection",
"name": "82",
"crs": { "type": "name", "properties": { "name": "urn:ogc:def:crs:OGC:1.3:CRS84" } },
"features": [
{ "type": "Feature", "properties": { "kemendagri_kab_code": 8201, "kemendagri_kab_name": "Kabupaten Halmahera Barat", "kemendagri_prov_code": 82, "kemendagri_prov_name": "Maluku Utara" }, "geometry": { "type": "MultiPolygon", "coordinates": [ [ [ [ 127.516164765000099, 0.861352963000058 ], [ 127.516731077000031, 0.861947828000041 ], [ 127.516388434000078, 0.861219713000025 ], [ 127.516164765000099, 0.861352963000058 ] ] ], [ [ [ 127.513682829000118, 0.860414345000038 ], [ 127.510920670000019, 0.86433127600003 ], [ 127.512296670000069, 0.86465027600002 ], [ 127.513682829000118, 0.860414345000038 ] ] ], [ [ [ 127.51372738900011, 0.864661371000068 ], [ 127.514719048000075, 0.862308533000032 ], [ 127.513242808000086, 0.86274045600004 ], [ 127.51372738900011, 0.864661371000068 ] ] ], [ [ [ 127.509244224000099, 0.865606630000059 ], [ 127.506261657000096, 0.867205095000031 ], [ 127.507470074000025, 0.86811655200006 ], [ 127.509244224000099, 0.865606630000059 ] ] ], [ [ [ 127.514425611000092, 0.871925179000073 ], [ 127.513771863000102, 0.872940313000072 ], [ 127.514690166000037, 0.872227163000048 ], [ 127.514425611000092, 0.871925179000073 ] ] ], [ [ [ 127.51634699400006, 0.873860464000074 ], [ 127.517409508000014, 0.874126506000039 ], [ 127.517723588000081, 0.87339438500004 ], [ 127.51634699400006, 0.873860464000074 ] ] ], [ [ [ 127.499172290000047, 0.884803772000055 ], [ 127.504031862000033, 0.87029095500003 ], [ 127.5003547230001, 0.865508381000041 ], [ 127.499172290000047, 0.884803772000055 ] ] ], [ [ [ 127.5141999330001, 0.878572762000033 ], [ 127.513584150000042, 0.881414853000024 ], [ 127.515484678, 0.879945955000039 ], [ 127.5141999330001, 0.878572762000033 ] ] ], [ [ [ 127.507188241000108, 0.88108541500003 ], [ 127.508380917000068, 0.880728170000054 ], [ 127.507565721000105, 0.880099089000055 ], [ 127.507188241000108, 0.88108541500003 ] ] ], [ [ [ 127.513568545000112, 0.881957266000029 ], [ 127.512526876000038, 0.883185044000072 ], [ 127.513273674000061, 0.883043892000046 ], [ 127.513568545000112, 0.881957266000029 ] ] ], [ [ [ 127.510744558000056, 0.881634670000039 ], [ 127.509877764000066, 0.88413661900006 ], [ 127.511641828000052, 0.883130050000034 ], [ 127.510744558000056, 0.881634670000039 ] ] ], [ [ [ 127.508666623000067, 0.885431681000057 ], [ 127.509160871000063, 0.885967903000051 ], [ 127.50923711300004, 0.885537202000023 ], [ 127.508666623000067, 0.885431681000057 ] ] ], [ [ [ 127.514908606000063, 0.885055065000074 ], [ 127.514621683000087, 0.88666388200005 ], [ 127.51538959700008, 0.885505762000037 ], [ 127.514908606000063, 0.885055065000074 ] ] ], [ [ [ 127.470794306000016, 0.953873911000073 ], [ 127.471287112000027, 0.954932994000046 ], [ 127.471406599000034, 0.953515248000031 ], [ 127.470794306000016, 0.953873911000073 ] ] ], [ [ [ 127.496578209000063, 0.988844810000046 ], [ 127.496992235000107, 0.989363533000073 ], [ 127.497491922000108, 0.989463470000032 ], [ 127.496578209000063, 0.988844810000046 ] ] ], [ [ [ 127.465938602000051, 1.012530140000024 ], [ 127.466166432000023, 1.013353406000022 ], [ 127.466176472000029, 1.012223961000075 ], [ 127.465938602000051, 1.012530140000024 ] ] ], [ [ [ 127.485230106000017, 1.059900912000046 ], [ 127.485467725000035, 1.060130750000042 ], [ 127.485472647000051, 1.059786171000042 ], [ 127.485230106000017, 1.059900912000046 ] ] ], [ [ [ 127.398170964000087, 1.083161828000073 ], [ 127.397879489000047, 1.083664165000073 ], [ 127.398509535000017, 1.083514949000062 ], [ 127.398170964000087, 1.083161828000073 ] ] ], [ [ [ 127.515831613000046, 1.553564619000042 ], [ 127.515890085000024, 1.551830044000042 ], [ 127.515043046000073, 1.552027346000045 ], [ 127.515831613000046, 1.553564619000042 ] ] ], [ [ [ 127.478072835000035, 1.661612066000032 ], [ 127.478078528000083, 1.661941095000032 ], [ 127.478262952000023, 1.661761770000055 ], [ 127.478072835000035, 1.661612066000032 ] ] ], [ [ [ 127.491873869000074, 1.662573903000066 ], [ 127.489288572000078, 1.661674570000059 ], [ 127.491718345000095, 1.663836048000064 ], [ 127.491873869000074, 1.662573903000066 ] ] ], [ [ [ 127.48080539700004, 1.672005383000055 ], [ 127.493705265000017, 1.672470040000064 ], [ 127.484708527000066, 1.653588981000041 ], [ 127.48080539700004, 1.672005383000055 ] ] ], [ [ [ 127.503928774000087, 1.669892315000027 ], [ 127.50384486400003, 1.670383745000038 ], [ 127.504199143000051, 1.669977184000061 ], [ 127.503928774000087, 1.669892315000027 ] ] ], [ [ [ 127.525012036000021, 1.720184026000027 ], [ 127.533979381000108, 1.715235948000043 ], [ 127.531167419000099, 1.710486144000072 ], [ 127.535327410000036, 1.689394550000031 ], [ 127.521583872000065, 1.687771226000052 ], [ 127.494690175000073, 1.667716921000022 ], [ 127.511274883000056, 1.685274655000057 ], [ 127.525012036000021, 1.720184026000027 ] ] ], [ [ [ 127.515957582000055, 1.700272446000042 ], [ 127.516128563000052, 1.700578876000066 ], [ 127.516128767000055, 1.700310866000052 ], [ 127.515957582000055, 1.700272446000042 ] ] ], [ [ [ 127.530731475000039, 0.864503511000066 ], [ 127.531805632000101, 0.865422832000036 ], [ 127.53096929700007, 0.864245162000032 ], [ 127.530731475000039, 0.864503511000066 ] ] ], [ [ [ 127.534111585000119, 0.86490030300007 ], [ 127.533550160000118, 0.865933851000023 ], [ 127.533996942000044, 0.86629775900002 ], [ 127.534111585000119, 0.86490030300007 ] ] ], [ [ [ 127.521732766000014, 0.873618509000039 ], [ 127.519426687000077, 0.872778243000027 ], [ 127.519753795000042, 0.874454102000072 ], [ 127.521732766000014, 0.873618509000039 ] ] ], [ [ [ 127.526984737000021, 0.872362950000024 ], [ 127.524635806000106, 0.874485991000029 ], [ 127.526303813000027, 0.876215492000028 ], [ 127.526984737000021, 0.872362950000024 ] ] ], [ [ [ 127.530373514000075, 0.873733989000073 ], [ 127.529508600000099, 0.875810662000049 ], [ 127.530571935000012, 0.875924015000066 ], [ 127.530373514000075, 0.873733989000073 ] ] ], [ [ [ 127.532192368000096, 0.874740540000062 ], [ 127.531420913000034, 0.876131006000037 ], [ 127.532029249000061, 0.876279646000057 ], [ 127.532192368000096, 0.874740540000062 ] ] ], [ [ [ 127.527624976000084, 0.876409763000026 ], [ 127.528665447000094, 0.878348483000025 ], [ 127.530248915000016, 0.877767617000075 ], [ 127.527624976000084, 0.876409763000026 ] ] ], [ [ [ 127.534860207000065, 0.879240505000041 ], [ 127.534461057000044, 0.880965242000059 ], [ 127.535566183000014, 0.879906761000029 ], [ 127.534860207000065, 0.879240505000041 ] ] ], [ [ [ 127.522079800000029, 0.883457232000069 ], [ 127.517455197000118, 0.878630969000028 ], [ 127.517121062000115, 0.880293050000034 ], [ 127.522079800000029, 0.883457232000069 ] ] ], [ [ [ 127.537763435000102, 0.882585537000068 ], [ 127.538936898000088, 0.880870798000046 ], [ 127.536404766000032, 0.881289418000051 ], [ 127.537763435000102, 0.882585537000068 ] ] ], [ [ [ 127.524271854000062, 0.883230535000052 ], [ 127.523054192000018, 0.884541394000053 ], [ 127.524528413000098, 0.883690088000037 ], [ 127.524271854000062, 0.883230535000052 ] ] ], [ [ [ 127.518224994000093, 0.88454 ], [ 127.519356635, 0.883434126000054 ], [ 127.517707520000044, 0.883665776000043 ], [ 127.518224994000093, 0.88454 ] ] ], [ [ [ 127.519128592000015, 0.886357752000038 ], [ 127.519672096000022, 0.885575435000021 ], [ 127.518802233000088, 0.88573328700005 ], [ 127.519128592000015, 0.886357752000038 ] ] ], [ [ [ 127.532195891000015, 1.509291748000066 ], [ 127.532136582000021, 1.509779890000061 ], [ 127.532734452000113, 1.509525563000068 ], [ 127.532195891000015, 1.509291748000066 ] ] ], [ [ [ 127.526122537000106, 1.543628558000023 ], [ 127.526312696000105, 1.543724409000049 ], [ 127.526253387000111, 1.543526949000068 ], [ 127.526122537000106, 1.543628558000023 ] ] ], [ [ [ 127.518721356000015, 1.551975900000059 ], [ 127.518992341000057, 1.552100525000071 ], [ 127.518887903000063, 1.551832440000055 ], [ 127.518721356000015, 1.551975900000059 ] ] ], [ [ [ 127.533659663000094, 1.658619974000032 ], [ 127.534389271, 1.659816324000076 ], [ 127.534557183000061, 1.659843192000039 ], [ 127.533659663000094, 1.658619974000032 ] ] ], [ [ [ 127.539463974000114, 1.659308046000035 ], [ 127.538375574000042, 1.659965303000035 ], [ 127.539349875000084, 1.660869375000061 ], [ 127.539463974000114, 1.659308046000035 ] ] ], [ [ [ 127.536113092000051, 1.660472748000075 ], [ 127.535734473000048, 1.660278412000025 ], [ 127.535529879000023, 1.660280943000032 ], [ 127.535948874000042, 1.660543198000028 ], [ 127.536113092000051, 1.660472748000075 ] ] ], [ [ [ 127.54124562700008, 1.684320723000042 ], [ 127.548673717000042, 1.680545395000024 ], [ 127.545280772000069, 1.670259034000026 ], [ 127.528906108000115, 1.673375564000025 ], [ 127.54124562700008, 1.684320723000042 ] ] ], [ [ [ 127.521779137000067, 1.68741243300002 ], [ 127.521902608000119, 1.687656608000054 ], [ 127.522016892000011, 1.687470046000044 ], [ 127.521779137000067, 1.68741243300002 ] ] ], [ [ [ 127.536352682000029, 1.701523714000075 ], [ 127.536664918000042, 1.70179607700004 ], [ 127.536746164000078, 1.701599237000039 ], [ 127.536352682000029, 1.701523714000075 ] ] ], [ [ [ 127.534801951000077, 1.712144752000029 ], [ 127.533670799000106, 1.711110121000047 ], [ 127.533812921000049, 1.711847263000038 ], [ 127.534801951000077, 1.712144752000029 ] ] ], [ [ [ 127.531265312000073, 1.717907456000034 ], [ 127.53122785700009, 1.718688351000026 ], [ 127.531646893000016, 1.71858437700007 ], [ 127.531265312000073, 1.717907456000034 ] ] ], [ [ [ 127.523698693000028, 1.723894355000027 ], [ 127.522912626000107, 1.725604702000055 ], [ 127.523292926000067, 1.725844295000059 ], [ 127.523698693000028, 1.723894355000027 ] ] ], [ [ [ 127.562439068000117, 0.868690986000047 ], [ 127.561929596000027, 0.86382233300003 ], [ 127.555320034000033, 0.864653685000064 ], [ 127.562439068000117, 0.868690986000047 ] ] ], [ [ [ 127.567888688000039, 0.868672772000025 ], [ 127.566167441000061, 0.868940133000024 ], [ 127.56655696100006, 0.869878343000039 ], [ 127.567888688000039, 0.868672772000025 ] ] ], [ [ [ 127.546806792000098, 0.873759237000058 ], [ 127.549440222000044, 0.868623934000027 ], [ 127.553802111000095, 0.865410824000037 ], [ 127.546705577000012, 0.866082866000056 ], [ 127.546806792000098, 0.873759237000058 ] ] ], [ [ [ 127.560453466000013, 0.871918443000027 ], [ 127.558760728000038, 0.869040447000032 ], [ 127.557840315000021, 0.869205633000036 ], [ 127.560453466000013, 0.871918443000027 ] ] ], [ [ [ 127.561822919000065, 0.872902063000026 ], [ 127.564304161000109, 0.868136157000038 ], [ 127.562285652000014, 0.86882425400006 ], [ 127.561822919000065, 0.872902063000026 ] ] ], [ [ [ 127.557533652000075, 0.874049691000039 ], [ 127.556640636000111, 0.871857354000042 ], [ 127.558599731000072, 0.871255072000054 ], [ 127.55553764900003, 0.87169420400005 ], [ 127.555679621000081, 0.873436365000032 ], [ 127.557533652000075, 0.874049691000039 ] ] ], [ [ [ 127.539697158000081, 0.88038012800007 ], [ 127.540752363000024, 0.881136728000058 ], [ 127.5407050230001, 0.880610252000054 ], [ 127.539697158000081, 0.88038012800007 ] ] ], [ [ [ 127.554297668000117, 1.641350743000032 ], [ 127.554743213000052, 1.641799753000043 ], [ 127.554927561000113, 1.641722114000061 ], [ 127.554297668000117, 1.641350743000032 ] ] ], [ [ [ 127.556815667000023, 1.644390442000031 ], [ 127.556796998000095, 1.646081750000064 ], [ 127.557524529000034, 1.644761225000025 ], [ 127.556815667000023, 1.644390442000031 ] ] ], [ [ [ 127.55623529200011, 1.647068641000033 ], [ 127.556464703000074, 1.64706450400007 ], [ 127.556333417000019, 1.646945726000069 ], [ 127.55623529200011, 1.647068641000033 ] ] ], [ [ [ 127.556453666000039, 1.648761977000049 ], [ 127.556928128000095, 1.648576712000022 ], [ 127.556945277000068, 1.64841361200007 ], [ 127.556453666000039, 1.648761977000049 ] ] ], [ [ [ 127.556548081000074, 1.65531403600005 ], [ 127.557011783, 1.655157988000042 ], [ 127.556571492000103, 1.655080157000043 ], [ 127.556548081000074, 1.65531403600005 ] ] ], [ [ [ 127.544078198000079, 1.668399922000049 ], [ 127.543753352000067, 1.669167261000041 ], [ 127.544415510000022, 1.66866049500004 ], [ 127.544078198000079, 1.668399922000049 ] ] ], [ [ [ 127.54456548600001, 1.669181704000039 ], [ 127.544789909000087, 1.669142129000022 ], [ 127.54460516000006, 1.66902987900005 ], [ 127.54456548600001, 1.669181704000039 ] ] ], [ [ [ 127.548826560000066, 1.67403005500006 ], [ 127.549426466000114, 1.674890308000045 ], [ 127.549566132000109, 1.674745440000038 ], [ 127.548826560000066, 1.67403005500006 ] ] ], [ [ [ 127.546924860000104, 1.681937996000045 ], [ 127.546579616000031, 1.682524017000048 ], [ 127.547102399000096, 1.683032917000048 ], [ 127.546924860000104, 1.681937996000045 ] ] ], [ [ [ 127.54634158600004, 1.682834925000066 ], [ 127.546704089000059, 1.683026636000022 ], [ 127.546335734000081, 1.682709290000048 ], [ 127.54634158600004, 1.682834925000066 ] ] ], [ [ [ 127.550658552000073, 1.705153607000057 ], [ 127.550932892000105, 1.705135393000035 ], [ 127.550878856000054, 1.705028194000022 ], [ 127.550658552000073, 1.705153607000057 ] ] ], [ [ [ 127.550450208000029, 1.705235627000036 ], [ 127.550621490000026, 1.705220689000043 ], [ 127.550587383000106, 1.705147087000057 ], [ 127.550450208000029, 1.705235627000036 ] ] ], [ [ [ 127.550096166000117, 1.705119456000034 ], [ 127.55004555700009, 1.705596623000076 ], [ 127.550313451000079, 1.705173434000073 ], [ 127.550096166000117, 1.705119456000034 ] ] ], [ [ [ 127.549054346000048, 1.705463246000022 ], [ 127.549480019000043, 1.705714232000048 ], [ 127.549479364000035, 1.705423015000065 ], [ 127.549054346000048, 1.705463246000022 ] ] ], [ [ [ 127.54821237900012, 1.706327334000036 ], [ 127.547374017000038, 1.706470276000061 ], [ 127.547296551000045, 1.706709516000046 ], [ 127.54821237900012, 1.706327334000036 ] ] ], [ [ [ 127.54866839500005, 1.70866681900003 ], [ 127.550084193000089, 1.707507299000042 ], [ 127.547195355000099, 1.706882929000074 ], [ 127.545584908000023, 1.705996303000063 ], [ 127.54866839500005, 1.70866681900003 ] ] ], [ [ [ 127.569673942, 1.733430257000066 ], [ 127.569786402000091, 1.73409440100005 ], [ 127.569763115000114, 1.733436307000034 ], [ 127.569673942, 1.733430257000066 ] ] ], [ [ [ 127.569197435000092, 1.734614430000022 ], [ 127.569304166000052, 1.734991409000031 ], [ 127.569536065000079, 1.73494372600004 ], [ 127.569197435000092, 1.734614430000022 ] ] ], [ [ [ 127.631807804000118, 0.840262700000039 ], [ 127.632587670000021, 0.839956659000052 ], [ 127.631903026000032, 0.839889412000048 ], [ 127.631807804000118, 0.840262700000039 ] ] ], [ [ [ 127.60099011200009, 0.861971032000042 ], [ 127.598109522000073, 0.860055528000032 ], [ 127.599411213000053, 0.86298510000006 ], [ 127.60099011200009, 0.861971032000042 ] ] ], [ [ [ 127.661499763000052, 0.87841540200003 ], [ 127.662802517000046, 0.877047212000036 ], [ 127.66145976200005, 0.876936446000059 ], [ 127.661499763000052, 0.87841540200003 ] ] ], [ [ [ 127.66570596300005, 0.887400559000071 ], [ 127.666048114000091, 0.887936741000033 ], [ 127.666314638000017, 0.887218904000065 ], [ 127.66570596300005, 0.887400559000071 ] ] ], [ [ [ 127.742605978000029, 1.968777945000056 ], [ 127.748790056000075, 1.94645117500005 ], [ 127.760436509000101, 1.96116906900005 ], [ 127.767549622000047, 1.959570917000065 ], [ 127.790651524000054, 1.910955412000021 ], [ 127.771975109000095, 1.900797683000064 ], [ 127.760733739000102, 1.888638812000067 ], [ 127.760690300000078, 1.875579318000064 ], [ 127.748066680000079, 1.86862102300006 ], [ 127.73458913200011, 1.797443877000035 ], [ 127.71663280700011, 1.790017852000062 ], [ 127.72180104600011, 1.778571689000046 ], [ 127.703237413000011, 1.705743433000066 ], [ 127.735249285, 1.604059408000069 ], [ 127.726881109000033, 1.592500837000046 ], [ 127.729548847000046, 1.538577638000049 ], [ 127.72156252000002, 1.51398793200002 ], [ 127.712117429000045, 1.510090456000057 ], [ 127.710983806000058, 1.488240814000051 ], [ 127.699944838000079, 1.479354121000028 ], [ 127.684274278000089, 1.479921116000071 ], [ 127.670573369000067, 1.462222630000042 ], [ 127.683343772000057, 1.444097659000022 ], [ 127.658039760000065, 1.418757981000056 ], [ 127.661255935000099, 1.396631013000047 ], [ 127.676086163000036, 1.377004820000025 ], [ 127.661930142000074, 1.364269009000054 ], [ 127.653878854000027, 1.327631841000027 ], [ 127.642967850000105, 1.333931082000049 ], [ 127.640598219000026, 1.32838670700005 ], [ 127.644329632000108, 1.315812884000024 ], [ 127.637254827000106, 1.305085708000036 ], [ 127.644016100000044, 1.29906328900006 ], [ 127.63453490500001, 1.274917612000024 ], [ 127.649447803000044, 1.271366114000045 ], [ 127.647313906000022, 1.25234703700005 ], [ 127.641669012000079, 1.245960913000033 ], [ 127.627418995000085, 1.248118243000022 ], [ 127.623878115000025, 1.237794637000036 ], [ 127.635903873000075, 1.21979992100006 ], [ 127.644300243000089, 1.171566895000069 ], [ 127.628152638000074, 1.160351244000026 ], [ 127.619944722000014, 1.140364643000055 ], [ 127.625307081000074, 1.116255 ], [ 127.603847864000045, 1.108404840000048 ], [ 127.614650487000063, 1.081338870000025 ], [ 127.601979457000084, 1.070352638000031 ], [ 127.606402682000066, 1.043849908000027 ], [ 127.646589308000102, 1.037801717000036 ], [ 127.650541240000052, 1.021873913000036 ], [ 127.641035776000081, 1.016749746000073 ], [ 127.647321441000031, 1.01617501000004 ], [ 127.64562842600003, 0.999426435000032 ], [ 127.602512064000052, 0.971306898000023 ], [ 127.601034073000051, 0.95618378100005 ], [ 127.625422410000056, 0.940915601000029 ], [ 127.628445692000014, 0.919673506000038 ], [ 127.649518976000081, 0.90047905900002 ], [ 127.650036081000053, 0.891581511000027 ], [ 127.637916512000061, 0.882443437000063 ], [ 127.64855047900005, 0.86141318600005 ], [ 127.654997991000073, 0.869268780000027 ], [ 127.666329109000117, 0.867261464000023 ], [ 127.672456400000101, 0.853447299000038 ], [ 127.681833679000079, 0.854124490000061 ], [ 127.688301381000088, 0.878544652000073 ], [ 127.694007942000098, 0.879099861000043 ], [ 127.693743896000115, 0.84057275300006 ], [ 127.708441305000065, 0.82647649300003 ], [ 127.716426519000038, 0.778774913000063 ], [ 127.731329040000105, 0.759566297000049 ], [ 127.716254458000094, 0.764633897000067 ], [ 127.69879137700002, 0.755101459000059 ], [ 127.681607328000041, 0.758235085000024 ], [ 127.661610676, 0.77563585300004 ], [ 127.642249501000038, 0.769158875000073 ], [ 127.623936532000016, 0.777936383000053 ], [ 127.62055895200001, 0.799615770000059 ], [ 127.634287636000067, 0.807306978000042 ], [ 127.638580923000063, 0.821848832000057 ], [ 127.633738360000052, 0.839765618000058 ], [ 127.639896381000085, 0.851273753000044 ], [ 127.624046578000048, 0.845007812000063 ], [ 127.629090182000027, 0.861445270000047 ], [ 127.617593072000091, 0.862465321000059 ], [ 127.614163186000042, 0.854241500000057 ], [ 127.610327137000013, 0.864827 ], [ 127.567329225000094, 0.865727701000026 ], [ 127.570710637000047, 0.868333908000068 ], [ 127.566882459000112, 0.874132551000059 ], [ 127.55871989000002, 0.877615998000067 ], [ 127.551359731000048, 0.873172616000033 ], [ 127.548081978000027, 0.880314197000075 ], [ 127.543253087000039, 0.861570156000028 ], [ 127.527013748000059, 0.858414451000044 ], [ 127.539355457000056, 0.867856012000061 ], [ 127.529766677000111, 0.869825457000047 ], [ 127.538101063000113, 0.870880255000031 ], [ 127.543876530000034, 0.883732415000054 ], [ 127.533487622000052, 0.883125369000027 ], [ 127.525476526000034, 0.877187695000032 ], [ 127.530382180000061, 0.884722688000068 ], [ 127.518009143000086, 0.888698025000053 ], [ 127.501911371000119, 0.88462181500006 ], [ 127.491135739000015, 0.892561006000051 ], [ 127.490929822000112, 0.926660646000073 ], [ 127.512199450000026, 0.953073089000043 ], [ 127.511824834000095, 0.97302452200006 ], [ 127.495687497000063, 0.995481127000062 ], [ 127.480316884000104, 0.993566889000022 ], [ 127.472308853000072, 1.006369927000037 ], [ 127.479379132000076, 1.015964066000038 ], [ 127.494656128000088, 1.014755657000023 ], [ 127.501646286000096, 1.043378510000025 ], [ 127.4951125770001, 1.055081606000044 ], [ 127.479311739000082, 1.064369876000058 ], [ 127.443137728000011, 1.047510645000045 ], [ 127.423472074000074, 1.049611244000062 ], [ 127.424031437000053, 1.032219649000069 ], [ 127.400724241000034, 1.041312643000026 ], [ 127.399020796000059, 1.048705602000041 ], [ 127.412714225000059, 1.047408524000048 ], [ 127.397154662000048, 1.06036965200002 ], [ 127.399145225000098, 1.083934031000069 ], [ 127.422333970000068, 1.109184884000058 ], [ 127.43177176100005, 1.142636162000031 ], [ 127.429005406000101, 1.158469380000042 ], [ 127.409928773000047, 1.177182611000035 ], [ 127.411854584000025, 1.187329349000038 ], [ 127.398994607000077, 1.195242126000039 ], [ 127.407973370000036, 1.208294304000049 ], [ 127.407215471000086, 1.233735642000056 ], [ 127.423553267000102, 1.26491231600005 ], [ 127.482736125000088, 1.350440754000033 ], [ 127.486203522000096, 1.394370946000038 ], [ 127.515803449000032, 1.424989779000043 ], [ 127.526676035000037, 1.448355287000027 ], [ 127.537672716000088, 1.496194008000032 ], [ 127.524713501000065, 1.53524623800007 ], [ 127.529114427000081, 1.551389346000065 ], [ 127.510650106000071, 1.557064814000057 ], [ 127.528368612, 1.585546307000072 ], [ 127.537916481000025, 1.58619053700005 ], [ 127.538955552000061, 1.579333967000025 ], [ 127.551450705000093, 1.588729257000068 ], [ 127.549273256000106, 1.63445529300003 ], [ 127.54027854200001, 1.651055964000022 ], [ 127.549047656000084, 1.650512038000045 ], [ 127.548686271000065, 1.66511494100007 ], [ 127.559482564000064, 1.664781908000066 ], [ 127.552062408000097, 1.649569020000058 ], [ 127.554602275000093, 1.639376750000054 ], [ 127.560168720000092, 1.642780332000029 ], [ 127.564785244000063, 1.661965950000024 ], [ 127.568796346000113, 1.652832395000075 ], [ 127.571333722000077, 1.662693415000035 ], [ 127.574012167000092, 1.661556292000057 ], [ 127.574143462000052, 1.65753134800002 ], [ 127.576184666000017, 1.656298033000041 ], [ 127.579810645000066, 1.658625464000067 ], [ 127.579111253000065, 1.66397932600006 ], [ 127.584073074000116, 1.658831944000042 ], [ 127.585201088000076, 1.660998438000036 ], [ 127.582589690000077, 1.669381087000033 ], [ 127.579164354000113, 1.670760565000023 ], [ 127.584334290000015, 1.690405017000046 ], [ 127.562005325000086, 1.711893450000048 ], [ 127.553558738000106, 1.706819911000025 ], [ 127.550499430000059, 1.711531768000043 ], [ 127.57638621600006, 1.725293134000026 ], [ 127.569518679000112, 1.742242366000028 ], [ 127.575450782000075, 1.75965003500005 ], [ 127.613679065000042, 1.783407606000026 ], [ 127.613318673000094, 1.795290560000069 ], [ 127.646439806000103, 1.824036982000052 ], [ 127.642121084000109, 1.837266785000054 ], [ 127.654706053000041, 1.848909488000061 ], [ 127.665813377000063, 1.884208792000038 ], [ 127.678648190000104, 1.889576856000076 ], [ 127.674349917000086, 1.902403779000053 ], [ 127.69461901000011, 1.921144903000027 ], [ 127.693655755, 1.931837544000075 ], [ 127.742605978000029, 1.968777945000056 ] ] ], [ [ [ 127.574347577000026, 1.658081887000037 ], [ 127.577148547000093, 1.658519444000035 ], [ 127.576455418000023, 1.656772044000036 ], [ 127.574347577000026, 1.658081887000037 ] ] ], [ [ [ 127.578118726000071, 1.663571794000063 ], [ 127.578302944000029, 1.663679613000056 ], [ 127.578190143000029, 1.663464160000046 ], [ 127.578118726000071, 1.663571794000063 ] ] ], [ [ [ 127.579701636000095, 1.667656021000028 ], [ 127.581289127000105, 1.667423854000049 ], [ 127.581688763000102, 1.665581521000036 ], [ 127.579701636000095, 1.667656021000028 ] ] ], [ [ [ 127.580914127000028, 1.678049851000026 ], [ 127.580527535000101, 1.677922168000066 ], [ 127.580468400000086, 1.678029818000027 ], [ 127.580914127000028, 1.678049851000026 ] ] ], [ [ [ 127.580662030000099, 1.684332054000038 ], [ 127.580568827000093, 1.684081419000051 ], [ 127.580270333000044, 1.684118599000044 ], [ 127.580662030000099, 1.684332054000038 ] ] ], [ [ [ 127.580416589000038, 1.68513107800004 ], [ 127.580200220000052, 1.68505312800005 ], [ 127.58023434200004, 1.685308252000027 ], [ 127.580416589000038, 1.68513107800004 ] ] ], [ [ [ 127.580102783000029, 1.685565242000052 ], [ 127.580327340000053, 1.685942116000035 ], [ 127.580310853000015, 1.685425848000023 ], [ 127.580102783000029, 1.685565242000052 ] ] ], [ [ [ 127.576563320000105, 1.693016058000069 ], [ 127.576077634000058, 1.693791034000071 ], [ 127.576912012000093, 1.694222392000029 ], [ 127.576563320000105, 1.693016058000069 ] ] ], [ [ [ 127.5749713780001, 1.69442914900003 ], [ 127.575213749000113, 1.694687773000055 ], [ 127.575249535000012, 1.694529860000046 ], [ 127.5749713780001, 1.69442914900003 ] ] ], [ [ [ 127.574329378000016, 1.725022371000023 ], [ 127.574680242000113, 1.72489102000003 ], [ 127.574383089000094, 1.724747216000026 ], [ 127.574329378000016, 1.725022371000023 ] ] ], [ [ [ 127.574750003000077, 1.758638452000071 ], [ 127.57487461900007, 1.758949638000047 ], [ 127.575017388000106, 1.758842063000031 ], [ 127.574750003000077, 1.758638452000071 ] ] ], [ [ [ 127.576204556000107, 1.761337685000058 ], [ 127.576276757000073, 1.760207044000026 ], [ 127.575890412000035, 1.760075132000054 ], [ 127.576204556000107, 1.761337685000058 ] ] ], [ [ [ 127.611804482000025, 1.795577084000058 ], [ 127.61207791400011, 1.79526493000003 ], [ 127.611780829000054, 1.795010117000061 ], [ 127.611804482000025, 1.795577084000058 ] ] ], [ [ [ 127.604478795000091, 1.802483042000063 ], [ 127.605205761000093, 1.802573062000022 ], [ 127.604938667000056, 1.802279334000048 ], [ 127.604478795000091, 1.802483042000063 ] ] ], [ [ [ 127.60243860300011, 1.805737391000036 ], [ 127.60345897000002, 1.805587419000062 ], [ 127.603324579000059, 1.804058166000061 ], [ 127.60243860300011, 1.805737391000036 ] ] ], [ [ [ 127.656555851, 1.872737338000036 ], [ 127.65793613400001, 1.871637582000062 ], [ 127.657829627000069, 1.870955470000069 ], [ 127.656555851, 1.872737338000036 ] ] ], [ [ [ 127.656403235000084, 1.872799297000029 ], [ 127.655926907000094, 1.873660440000037 ], [ 127.65662872200005, 1.873397742000066 ], [ 127.656403235000084, 1.872799297000029 ] ] ], [ [ [ 127.654407688000106, 1.876779743000043 ], [ 127.656199563000087, 1.874609103000068 ], [ 127.65546797200011, 1.873373706000052 ], [ 127.654407688000106, 1.876779743000043 ] ] ], [ [ [ 127.67365541300012, 1.903300122000076 ], [ 127.67421420900007, 1.903389904000051 ], [ 127.67396674400004, 1.903060587000027 ], [ 127.67365541300012, 1.903300122000076 ] ] ], [ [ [ 127.721436990000029, 1.958466335000026 ], [ 127.720085457000096, 1.955592899000067 ], [ 127.718221023000069, 1.956212344000051 ], [ 127.721436990000029, 1.958466335000026 ] ] ] ] } },
{ "type": "Feature", "properties": { "kemendagri_kab_code": 8202, "kemendagri_kab_name": "Kabupaten Halmahera Tengah", "kemendagri_prov_code": 82, "kemendagri_prov_name": "Maluku Utara" }, "geometry": { "type": "MultiPolygon", "coordinates": [ [ [ [ 127.874238841000079, 0.303909123000039 ], [ 127.874647819000074, 0.303143307000028 ], [ 127.874410082000054, 0.303191148000053 ], [ 127.874238841000079, 0.303909123000039 ] ] ], [ [ [ 127.874481332000073, 0.303861282000071 ], [ 127.874795108000058, 0.30415808500004 ], [ 127.874828419000096, 0.30388046500002 ], [ 127.874481332000073, 0.303861282000071 ] ] ], [ [ [ 127.874015289000113, 0.304718037000043 ], [ 127.874281533000044, 0.304866451000066 ], [ 127.874238770000034, 0.304593609000051 ], [ 127.874015289000113, 0.304718037000043 ] ] ], [ [ [ 127.873154635000105, 0.305335420000063 ], [ 127.873311552000018, 0.305210984000041 ], [ 127.873211704000028, 0.305201400000044 ], [ 127.873154635000105, 0.305335420000063 ] ] ], [ [ [ 127.884473902000082, 0.331238159000065 ], [ 127.887882817000104, 0.331818458000043 ], [ 127.8882687790001, 0.329774649000058 ], [ 127.884473902000082, 0.331238159000065 ] ] ], [ [ [ 127.880354768000075, 0.340539110000066 ], [ 127.878691073000027, 0.336728764000043 ], [ 127.877074259000096, 0.338729383000043 ], [ 127.877235894000023, 0.338940014000059 ], [ 127.877796977000116, 0.338652882000019 ], [ 127.878443588000096, 0.338853995000022 ], [ 127.879261184000029, 0.340634714000032 ], [ 127.880354768000075, 0.340539110000066 ] ] ], [ [ [ 127.889483074000054, 0.344528793000052 ], [ 127.888692744000082, 0.346000508000031 ], [ 127.889534449000053, 0.346250809000026 ], [ 127.889483074000054, 0.344528793000052 ] ] ], [ [ [ 127.893169565000107, 0.35570417200006 ], [ 127.901106, 0.346910508000065 ], [ 127.893835810000041, 0.336403628000028 ], [ 127.893169565000107, 0.35570417200006 ] ] ], [ [ [ 127.90258170900006, 0.351032687000043 ], [ 127.902223589000073, 0.349984980000045 ], [ 127.9017207710001, 0.350786002000063 ], [ 127.90258170900006, 0.351032687000043 ] ] ], [ [ [ 127.90409838100004, 0.351742649000073 ], [ 127.9040696940001, 0.353102058000047 ], [ 127.904640271000062, 0.353006392000054 ], [ 127.90409838100004, 0.351742649000073 ] ] ], [ [ [ 127.885583331000021, 0.353990159000034 ], [ 127.88580206600011, 0.353827439000042 ], [ 127.885545330000014, 0.353683810000064 ], [ 127.885583331000021, 0.353990159000034 ] ] ], [ [ [ 127.905362419000085, 0.357831436000026 ], [ 127.90583778700011, 0.358702666000056 ], [ 127.906113561000097, 0.358702699000048 ], [ 127.905362419000085, 0.357831436000026 ] ] ], [ [ [ 127.904519604000029, 0.359055862000048 ], [ 127.902495339000097, 0.359082835000038 ], [ 127.902347500000019, 0.359857676000047 ], [ 127.904519604000029, 0.359055862000048 ] ] ], [ [ [ 127.902380054000105, 0.360376448000068 ], [ 127.900728566000112, 0.360354809000057 ], [ 127.902325663000056, 0.361381502000029 ], [ 127.902380054000105, 0.360376448000068 ] ] ], [ [ [ 127.899682654000117, 0.363570404000029 ], [ 127.899264963000064, 0.364033036000023 ], [ 127.899713209000083, 0.364263484000048 ], [ 127.899682654000117, 0.363570404000029 ] ] ], [ [ [ 127.901971385000024, 0.378113446000043 ], [ 127.902350546000093, 0.378972468000029 ], [ 127.902948792000075, 0.378922793000072 ], [ 127.901971385000024, 0.378113446000043 ] ] ], [ [ [ 127.904949838000107, 0.38136621700005 ], [ 127.90396558100008, 0.381595851000043 ], [ 127.904635943000017, 0.382026737000047 ], [ 127.904949838000107, 0.38136621700005 ] ] ], [ [ [ 127.903428087000066, 0.385144356000069 ], [ 127.904814138, 0.382866819000071 ], [ 127.903301729000077, 0.381807402000049 ], [ 127.903428087000066, 0.385144356000069 ] ] ], [ [ [ 127.905268844000034, 0.386319985000057 ], [ 127.904880010000056, 0.388035714000068 ], [ 127.906062595000094, 0.387800410000068 ], [ 127.905268844000034, 0.386319985000057 ] ] ], [ [ [ 127.905817532000015, 0.390157312000042 ], [ 127.90538325600005, 0.39098031900005 ], [ 127.905557194000039, 0.391117202000032 ], [ 127.905817532000015, 0.390157312000042 ] ] ], [ [ [ 129.420478437000043, -0.078516767999929 ], [ 129.421924342000011, -0.102089987999932 ], [ 129.427402358000109, -0.087995773999978 ], [ 129.434906475000048, -0.099930692999976 ], [ 129.432018639000034, -0.117967295999961 ], [ 129.410875099, -0.091889331999937 ], [ 129.420478437000043, -0.078516767999929 ] ] ], [ [ [ 129.287763112000107, 0.049962669000024 ], [ 129.400934350000057, -0.013634405999937 ], [ 129.472579093000036, -0.08692431299994 ], [ 129.545578054000089, -0.12932774199993 ], [ 129.569631995, -0.172405135999952 ], [ 129.574468987000046, -0.199419743999954 ], [ 129.561300341000106, -0.197696767999958 ], [ 129.561980258000062, -0.212153834999924 ], [ 129.546825451000018, -0.19915599199993 ], [ 129.545993794000083, -0.214415624999958 ], [ 129.522609853000063, -0.201033741999936 ], [ 129.507305670000051, -0.17577102599995 ], [ 129.515824480000106, -0.16213162899993 ], [ 129.46940927300011, -0.139366239999958 ], [ 129.479509348000079, -0.124716659999933 ], [ 129.460791812000025, -0.092181891999928 ], [ 129.414049982000051, -0.071178819999943 ], [ 129.382355351000115, -0.072112645999937 ], [ 129.384597315000065, -0.041180990999976 ], [ 129.365587412000082, -0.006240767999941 ], [ 129.325492599000086, 0.024282510000035 ], [ 129.288076900000078, 0.029721179000035 ], [ 129.279060628000025, 0.042714448000027 ], [ 129.287763112000107, 0.049962669000024 ] ] ], [ [ [ 129.413158155000019, -0.078870055999971 ], [ 129.417577271000027, -0.07929076299996 ], [ 129.41185995, -0.080191396999965 ], [ 129.413158155000019, -0.078870055999971 ] ] ], [ [ [ 128.981847862000109, 0.16584879100003 ], [ 128.98356895500001, 0.164755552000031 ], [ 128.983473339000057, 0.164377386000069 ], [ 128.981847862000109, 0.16584879100003 ] ] ], [ [ [ 128.941266679000023, 0.192701813000042 ], [ 128.962067354000055, 0.182178849000024 ], [ 128.979244309000023, 0.167088533000026 ], [ 128.956484392000107, 0.174308114000041 ], [ 128.96345597800007, 0.17571566700002 ], [ 128.949484255000016, 0.179995698000027 ], [ 128.941266679000023, 0.192701813000042 ] ] ], [ [ [ 128.924713624000105, 0.198583219000056 ], [ 128.924673962000043, 0.198463429000071 ], [ 128.92455497200001, 0.198596529000042 ], [ 128.924713624000105, 0.198583219000056 ] ] ], [ [ [ 128.924859054000081, 0.19880949100002 ], [ 128.924502087000064, 0.198816144000034 ], [ 128.924541749000014, 0.198962554000047 ], [ 128.924859054000081, 0.19880949100002 ] ] ], [ [ [ 128.743766914000048, 0.323423393000041 ], [ 128.743286604000104, 0.323499981000055 ], [ 128.743804954000097, 0.323619681000025 ], [ 128.743766914000048, 0.323423393000041 ] ] ], [ [ [ 128.743928594000067, 0.323744159000057 ], [ 128.743995175, 0.323581386000058 ], [ 128.743895308000106, 0.323629259000029 ], [ 128.743928594000067, 0.323744159000057 ] ] ], [ [ [ 127.905786277000061, 0.371814534000066 ], [ 127.905831430000035, 0.371946172000037 ], [ 127.905876620000072, 0.371785825000075 ], [ 127.905786277000061, 0.371814534000066 ] ] ], [ [ [ 127.905563275000077, 0.380751210000028 ], [ 127.905858051000109, 0.380894848000025 ], [ 127.905724957000075, 0.380588484000043 ], [ 127.905563275000077, 0.380751210000028 ] ] ], [ [ [ 127.908738719000098, 0.386409459000049 ], [ 127.908434522000107, 0.385576539000056 ], [ 127.908044535000045, 0.386351929000057 ], [ 127.908738719000098, 0.386409459000049 ] ] ], [ [ [ 127.99785389900012, 0.656361164000032 ], [ 128.033651087000067, 0.644232670000065 ], [ 128.060104111000101, 0.625049589000071 ], [ 128.081687356000089, 0.622408741000072 ], [ 128.094947358000013, 0.60284002700007 ], [ 128.105240261000063, 0.605107706000069 ], [ 128.11696753700005, 0.59113768800006 ], [ 128.178606432000038, 0.589992474000042 ], [ 128.211065040000108, 0.600754430000052 ], [ 128.244746939000038, 0.57510583100003 ], [ 128.261181344000079, 0.575521269000035 ], [ 128.273046091000083, 0.548857603000044 ], [ 128.31677392600011, 0.554544537000027 ], [ 128.358487301000082, 0.510593805000042 ], [ 128.399449872000105, 0.50900346800006 ], [ 128.402737326000079, 0.502341237000053 ], [ 128.437943528000119, 0.504805118000036 ], [ 128.459494274, 0.491128047000075 ], [ 128.48328631600009, 0.490013789000045 ], [ 128.488774382000088, 0.472345498000038 ], [ 128.496593568000094, 0.481459178000023 ], [ 128.504308353000056, 0.477114740000047 ], [ 128.502273489000117, 0.45516576600005 ], [ 128.510100142000056, 0.443284522000056 ], [ 128.562023089000036, 0.415934449000019 ], [ 128.577047354000115, 0.421520298000075 ], [ 128.58121806500003, 0.434483739000029 ], [ 128.620488440000031, 0.442802842000049 ], [ 128.635181187000057, 0.484483512000054 ], [ 128.668431295000119, 0.497217153000065 ], [ 128.68859030200008, 0.444946754000057 ], [ 128.68218038800012, 0.430919194000069 ], [ 128.686832385000116, 0.40410954500004 ], [ 128.666241306000074, 0.361404855000046 ], [ 128.672452679000116, 0.342006272000049 ], [ 128.693434364000041, 0.329664857000068 ], [ 128.714120740000112, 0.333007141000053 ], [ 128.747443050000015, 0.318698225000048 ], [ 128.794416772000091, 0.314197010000044 ], [ 128.836560724000037, 0.292069817000026 ], [ 128.865227433000086, 0.265470673000038 ], [ 128.876175027000045, 0.227438616000029 ], [ 128.903253111000026, 0.207838640000034 ], [ 128.865503672000045, 0.223493593000057 ], [ 128.843237901000066, 0.261697840000068 ], [ 128.829323272000011, 0.258604917000071 ], [ 128.69632191300002, 0.297255280000059 ], [ 128.67497933900006, 0.295272657000055 ], [ 128.618569242000035, 0.316019610000069 ], [ 128.558812233000026, 0.318075811000028 ], [ 128.534460673000012, 0.340136253000026 ], [ 128.501105471000074, 0.354515811000056 ], [ 128.500904951000052, 0.36903108000007 ], [ 128.486761761000025, 0.379457120000041 ], [ 128.485049170000025, 0.390209406000054 ], [ 128.467767896000055, 0.392219004000026 ], [ 128.457856902000117, 0.40366007800003 ], [ 128.421983026000021, 0.392895743000054 ], [ 128.379725997000037, 0.406555537000031 ], [ 128.356330368000044, 0.399324962000037 ], [ 128.33879236700011, 0.404924611000069 ], [ 128.280702647000112, 0.39633107700007 ], [ 128.267149072000052, 0.409561563000068 ], [ 128.260644446000015, 0.40387383500007 ], [ 128.24314456400009, 0.411617780000029 ], [ 128.240240361000019, 0.424213448000046 ], [ 128.232026985000061, 0.410927366000067 ], [ 128.19898583600002, 0.431146222000052 ], [ 128.178818093000018, 0.428357997000035 ], [ 128.184400077000078, 0.438431553000044 ], [ 128.175357965000103, 0.440296739000075 ], [ 128.172152847, 0.455826615000035 ], [ 128.1575549370001, 0.451680202000034 ], [ 128.140368856, 0.463747444000035 ], [ 128.110297277000086, 0.454848458000072 ], [ 128.088667996000027, 0.461024268000074 ], [ 128.078826969000033, 0.477159479000022 ], [ 128.064087095000104, 0.468968547000031 ], [ 128.039511938000032, 0.478558075000024 ], [ 128.014083379000112, 0.471316757000068 ], [ 127.985907132000079, 0.479114950000053 ], [ 127.977729890000091, 0.470976207000035 ], [ 127.975650264000024, 0.482732214000066 ], [ 127.956766164000101, 0.467371055000058 ], [ 127.92937861900009, 0.465184170000043 ], [ 127.903178460000049, 0.436028674000056 ], [ 127.912267294000117, 0.400446841000075 ], [ 127.908853369000099, 0.400580411000021 ], [ 127.909805066000104, 0.394874826000034 ], [ 127.906457773000056, 0.394539317000067 ], [ 127.903451084000039, 0.389309490000073 ], [ 127.903755869000065, 0.385556787000041 ], [ 127.897041977000072, 0.387298255000076 ], [ 127.901635618000114, 0.382761104000053 ], [ 127.895349654000029, 0.384531351000021 ], [ 127.90618181800005, 0.36443115000003 ], [ 127.886085983000044, 0.36507606300006 ], [ 127.89338056400004, 0.35780126800006 ], [ 127.884051905000092, 0.357474640000021 ], [ 127.883482379000043, 0.348801198000046 ], [ 127.879373765000082, 0.353644768000038 ], [ 127.876884188000076, 0.337724172000037 ], [ 127.878472367000086, 0.336661726000045 ], [ 127.881325195000045, 0.336403578000045 ], [ 127.882238227000016, 0.335202240000058 ], [ 127.869495572000119, 0.308872336000036 ], [ 127.874289364000106, 0.29806467100002 ], [ 127.862688204000051, 0.296790237000039 ], [ 127.875593037000044, 0.289027672000032 ], [ 127.87891285000012, 0.302004536000027 ], [ 127.887682043000041, 0.285702159000039 ], [ 127.921080045000053, 0.273346129000061 ], [ 127.914823004000027, 0.27177553000007 ], [ 127.913084885000103, 0.24721014000005 ], [ 127.923728260000075, 0.215561384000068 ], [ 127.921657695000022, 0.176894335000043 ], [ 127.89530555500005, 0.16477777700004 ], [ 127.89483334900001, 0.149083361000066 ], [ 127.869555556000023, 0.124972222000054 ], [ 127.851695508000034, 0.136278338000068 ], [ 127.835494878000077, 0.128867997000043 ], [ 127.834492144000023, 0.120948783000074 ], [ 127.823999620000109, 0.125357391000023 ], [ 127.808945360000052, 0.149841196000068 ], [ 127.787845695000101, 0.15352615300003 ], [ 127.804811742000084, 0.190363059000049 ], [ 127.823669881000114, 0.209353738000061 ], [ 127.797265272000118, 0.248489393000057 ], [ 127.819521071000054, 0.272591804000058 ], [ 127.798555761000102, 0.317434712000022 ], [ 127.807226022, 0.33997892800005 ], [ 127.800734980000016, 0.36193184900003 ], [ 127.806545996000068, 0.373654416000022 ], [ 127.775104185000032, 0.412850965000075 ], [ 127.768620887000111, 0.454337817000066 ], [ 127.779564805000064, 0.467912796000064 ], [ 127.779456941000035, 0.485507200000029 ], [ 127.800281277000067, 0.480953446000058 ], [ 127.806044897000106, 0.490069098000049 ], [ 127.803575458000068, 0.508117182000035 ], [ 127.81276846500009, 0.518234469000049 ], [ 127.806555082000045, 0.526147524000066 ], [ 127.825867, 0.542441406000023 ], [ 127.821178210000085, 0.560546640000041 ], [ 127.831570151000051, 0.575573617000032 ], [ 127.810216135000019, 0.597852279000051 ], [ 127.809948701000053, 0.614541577000068 ], [ 127.792961644000115, 0.62942758600002 ], [ 127.792128847000072, 0.643164228000046 ], [ 127.816692160000116, 0.643847695000034 ], [ 127.826553778000061, 0.638547110000047 ], [ 127.829020439000033, 0.622723649000022 ], [ 127.853741558000024, 0.617707377000045 ], [ 127.867175469000017, 0.632660953000027 ], [ 127.927985467000099, 0.625322748000031 ], [ 127.936109637000072, 0.635164018000069 ], [ 127.947975170000063, 0.628316708000057 ], [ 127.952636368000071, 0.635171458000059 ], [ 127.977946732000078, 0.637669696000046 ], [ 127.986496326000065, 0.645420088000037 ], [ 127.983022063000021, 0.651506987000062 ], [ 127.99785389900012, 0.656361164000032 ] ] ], [ [ [ 128.303423478000013, 0.393037052000068 ], [ 128.303499528000089, 0.393448757000044 ], [ 128.303813411000078, 0.393008362000046 ], [ 128.303423478000013, 0.393037052000068 ] ] ], [ [ [ 128.297060898000041, 0.393687572000033 ], [ 128.294112354000049, 0.397134090000065 ], [ 128.295662504, 0.397852300000068 ], [ 128.297060898000041, 0.393687572000033 ] ] ], [ [ [ 127.91232474800006, 0.397421670000028 ], [ 127.912790867000012, 0.396253782000031 ], [ 127.911801840000066, 0.396550426000033 ], [ 127.91232474800006, 0.397421670000028 ] ] ], [ [ [ 127.911792297000034, 0.396808905000057 ], [ 127.911506756000108, 0.398761830000069 ], [ 127.912467194000101, 0.39892470500007 ], [ 127.911792297000034, 0.396808905000057 ] ] ], [ [ [ 128.165944118000084, 0.441666703000067 ], [ 128.170506316000115, 0.445046398000045 ], [ 128.172365941000066, 0.440667466000036 ], [ 128.165944118000084, 0.441666703000067 ] ] ], [ [ [ 128.87141920900001, 0.456760689000021 ], [ 128.861298875000102, 0.474388181000052 ], [ 128.865759580000031, 0.479060899000046 ], [ 128.872455689000049, 0.470606248000024 ], [ 128.87141920900001, 0.456760689000021 ] ] ], [ [ [ 128.808323063000103, 0.565701585000056 ], [ 128.84688329700009, 0.527153588000033 ], [ 128.861027463000028, 0.491132558000061 ], [ 128.829725272000019, 0.509946788000036 ], [ 128.815800073000105, 0.531432780000046 ], [ 128.805194072000063, 0.557840381000062 ], [ 128.808323063000103, 0.565701585000056 ] ] ], [ [ [ 129.508630838000045, -0.179554730999939 ], [ 129.507361173000049, -0.179849188999924 ], [ 129.50689035500011, -0.178420175999975 ], [ 129.508630838000045, -0.179554730999939 ] ] ], [ [ [ 129.638998119, -0.074947450999957 ], [ 129.638420365000115, -0.075249054999972 ], [ 129.637757016000023, -0.075371139999959 ], [ 129.638998119, -0.074947450999957 ] ] ], [ [ [ 129.635517312000047, -0.075241916999971 ], [ 129.635396049000065, -0.074811066999928 ], [ 129.63565997000012, -0.075313723999955 ], [ 129.635517312000047, -0.075241916999971 ] ] ], [ [ [ 129.633077888000116, -0.074976259999971 ], [ 129.632107826000038, -0.07507680599997 ], [ 129.632471593000105, -0.07461722499994 ], [ 129.633077888000116, -0.074976259999971 ] ] ], [ [ [ 129.633883898000022, -0.075141407999979 ], [ 129.633669907000012, -0.074710558999925 ], [ 129.634040820000109, -0.075148587999934 ], [ 129.633883898000022, -0.075141407999979 ] ] ], [ [ [ 129.623091921000082, -0.073600065999926 ], [ 129.623034855000014, -0.073341554999956 ], [ 129.623099049000075, -0.073255383999935 ], [ 129.623091921000082, -0.073600065999926 ] ] ], [ [ [ 129.622842265000031, -0.073083045999965 ], [ 129.622728134000113, -0.072666555999945 ], [ 129.622934985000029, -0.072623466999971 ], [ 129.622842265000031, -0.073083045999965 ] ] ], [ [ [ 129.645193883000047, -0.05419227699997 ], [ 129.645507721000058, -0.053799718999926 ], [ 129.64545066300002, -0.054240145999927 ], [ 129.645193883000047, -0.05419227699997 ] ] ], [ [ [ 129.643567600000097, -0.053665697999975 ], [ 129.644176257000026, -0.052861433999965 ], [ 129.644613735, -0.05287100399994 ], [ 129.643567600000097, -0.053665697999975 ] ] ], [ [ [ 129.644109669000045, -0.051377389999971 ], [ 129.643035015, -0.053378468999938 ], [ 129.643805332000056, -0.051003987999934 ], [ 129.644109669000045, -0.051377389999971 ] ] ], [ [ [ 129.643006447000062, -0.049740163999957 ], [ 129.641732086000047, -0.052976353999952 ], [ 129.6406003190001, -0.049960400999964 ], [ 129.643006447000062, -0.049740163999957 ] ] ], [ [ [ 129.638588886000093, -0.051588084999935 ], [ 129.639796696000076, -0.050515729999972 ], [ 129.639967883000054, -0.050506152999958 ], [ 129.638588886000093, -0.051588084999935 ] ] ], [ [ [ 129.630286220000016, -0.043059672999959 ], [ 129.630562017000102, -0.042494774999966 ], [ 129.630913903000078, -0.042571368999972 ], [ 129.630286220000016, -0.043059672999959 ] ] ], [ [ [ 129.627128746000039, -0.04119266899994 ], [ 129.629192523000029, -0.043260746999977 ], [ 129.627242889000058, -0.04349055199998 ], [ 129.627128746000039, -0.04119266899994 ] ] ], [ [ [ 129.602678336000054, -0.004688301999977 ], [ 129.656277353000064, -0.055659331999948 ], [ 129.650820970000041, -0.071234662999927 ], [ 129.642537406000088, -0.07023903399994 ], [ 129.640587745000062, -0.068056076999937 ], [ 129.646902669000042, -0.069635780999931 ], [ 129.648977879000086, -0.066940138999939 ], [ 129.646276922000084, -0.058640871999955 ], [ 129.64715190000004, -0.06056054499993 ], [ 129.650693323000041, -0.06172799899997 ], [ 129.652272039000081, -0.061115213999926 ], [ 129.648879796000074, -0.050305224999931 ], [ 129.64160430700008, -0.045982414999969 ], [ 129.633751130000064, -0.050183298999968 ], [ 129.629906503000029, -0.045601933999933 ], [ 129.632937938000055, -0.044445784999937 ], [ 129.62528025600011, -0.03124096199997 ], [ 129.626124348000076, -0.037739660999932 ], [ 129.61540135000007, -0.039917944999956 ], [ 129.634957312000097, -0.056038860999934 ], [ 129.619139114000063, -0.057710578999945 ], [ 129.625855947000105, -0.06540003899994 ], [ 129.616517875000113, -0.064460653999959 ], [ 129.61320111100008, -0.064819739999962 ], [ 129.629169033000039, -0.069801292999955 ], [ 129.614486349000117, -0.068038464999972 ], [ 129.597273953000013, -0.056016007999972 ], [ 129.587722362000022, -0.04517818599993 ], [ 129.583959103000097, -0.009890752999979 ], [ 129.602678336000054, -0.004688301999977 ] ] ], [ [ [ 129.626588575000028, 0.007456752000053 ], [ 129.624234777000083, 0.019951505000051 ], [ 129.628115044000083, 0.023513209000043 ], [ 129.63770149700008, 0.011276959000043 ], [ 129.626588575000028, 0.007456752000053 ] ] ], [ [ [ 129.873035180000102, 0.288424471000042 ], [ 129.872010841000019, 0.287336830000072 ], [ 129.871487774000116, 0.28768683200002 ], [ 129.873035180000102, 0.288424471000042 ] ] ], [ [ [ 129.851624568000034, 0.321959962000051 ], [ 129.904499763000103, 0.31943467900004 ], [ 129.923258739000062, 0.281653516000063 ], [ 129.897502200000076, 0.273219242000039 ], [ 129.8817022610001, 0.277234016000023 ], [ 129.874752904000047, 0.300623271000063 ], [ 129.851624568000034, 0.321959962000051 ] ] ], [ [ [ 129.873006087000022, 0.34694630000007 ], [ 129.872076384000025, 0.341024373000039 ], [ 129.857261874000073, 0.344247666000058 ], [ 129.861587242000041, 0.34714837100006 ], [ 129.873006087000022, 0.34694630000007 ] ] ] ] } },
{ "type": "Feature", "properties": { "kemendagri_kab_code": 8203, "kemendagri_kab_name": "Kabupaten Halmahera Utara", "kemendagri_prov_code": 82, "kemendagri_prov_name": "Maluku Utara" }, "geometry": { "type": "MultiPolygon", "coordinates": [ [ [ [ 127.744068082000013, 1.062985534000063 ], [ 127.744091641000068, 1.063524011000027 ], [ 127.744258068000022, 1.063530062000041 ], [ 127.744068082000013, 1.062985534000063 ] ] ], [ [ [ 127.763115598000013, 1.991952704000028 ], [ 127.763294059000032, 1.992566605000036 ], [ 127.76357245600002, 1.992202546000044 ], [ 127.763115598000013, 1.991952704000028 ] ] ], [ [ [ 127.774742058000015, 2.101374466000038 ], [ 127.774045061000038, 2.102911541000026 ], [ 127.774122260000013, 2.103055193000046 ], [ 127.774742058000015, 2.101374466000038 ] ] ], [ [ [ 127.774730789000046, 2.108189070000037 ], [ 127.7734110560001, 2.107547846000045 ], [ 127.773368730000016, 2.108439275000023 ], [ 127.774730789000046, 2.108189070000037 ] ] ], [ [ [ 127.774069989000054, 2.109062060000042 ], [ 127.773681985000053, 2.110910493000063 ], [ 127.773770984000066, 2.11117381400004 ], [ 127.774069989000054, 2.109062060000042 ] ] ], [ [ [ 127.726006967000103, 2.180660799000066 ], [ 127.72235050800009, 2.19261163300007 ], [ 127.732745778000094, 2.189192050000031 ], [ 127.739197429000114, 2.187902248000057 ], [ 127.740265807000014, 2.188473318000035 ], [ 127.741005820000055, 2.183019237000053 ], [ 127.744208086000071, 2.19171822800007 ], [ 127.757639442000027, 2.183119293000061 ], [ 127.758679266000058, 2.190094683000041 ], [ 127.777153096, 2.159231113000033 ], [ 127.770204455000112, 2.15186794400006 ], [ 127.726006967000103, 2.180660799000066 ] ] ], [ [ [ 127.737951682000016, 2.188336198000059 ], [ 127.737964531000102, 2.188570337000044 ], [ 127.738031632000116, 2.18831906600002 ], [ 127.737951682000016, 2.188336198000059 ] ] ], [ [ [ 127.732032127000025, 2.190864941000029 ], [ 127.732070487000101, 2.191063203000056 ], [ 127.73212521500011, 2.191072721000069 ], [ 127.732032127000025, 2.190864941000029 ] ] ], [ [ [ 127.748725862000015, 2.19163571100006 ], [ 127.748825799000087, 2.191431553000029 ], [ 127.748654478000049, 2.19159288100002 ], [ 127.748725862000015, 2.19163571100006 ] ] ], [ [ [ 127.723025157000052, 2.19374211500002 ], [ 127.722795301000019, 2.193676442000026 ], [ 127.722806722000087, 2.19391200900003 ], [ 127.723025157000052, 2.19374211500002 ] ] ], [ [ [ 127.762092501000097, 2.200013827000021 ], [ 127.762192439000046, 2.199809669000047 ], [ 127.762021117000018, 2.199970997000037 ], [ 127.762092501000097, 2.200013827000021 ] ] ], [ [ [ 127.774351518000117, 2.200457509000046 ], [ 127.774251580000055, 2.200574579000033 ], [ 127.77435911200007, 2.20057840100003 ], [ 127.774351518000117, 2.200457509000046 ] ] ], [ [ [ 127.713176329000021, 2.203538209000044 ], [ 127.71287592200008, 2.203773180000042 ], [ 127.713093048000019, 2.203951640000071 ], [ 127.713176329000021, 2.203538209000044 ] ] ], [ [ [ 127.712637936000078, 2.204141005000054 ], [ 127.711877143000038, 2.202990933000024 ], [ 127.711891420000029, 2.204984921000062 ], [ 127.712637936000078, 2.204141005000054 ] ] ], [ [ [ 127.754137398000012, 2.204438802000027 ], [ 127.772613788000058, 2.209141512000031 ], [ 127.771759827000096, 2.19940800300003 ], [ 127.754137398000012, 2.204438802000027 ] ] ], [ [ [ 127.753996915000016, 2.20504001300003 ], [ 127.754073057000028, 2.205199912000069 ], [ 127.754150152000079, 2.205191346000049 ], [ 127.753996915000016, 2.20504001300003 ] ] ], [ [ [ 127.753829020000012, 2.206041607000031 ], [ 127.754228769000065, 2.20548005400002 ], [ 127.75356252000006, 2.205813179000074 ], [ 127.753829020000012, 2.206041607000031 ] ] ], [ [ [ 127.75635211000008, 2.264867390000063 ], [ 127.756307495000101, 2.264549137000074 ], [ 127.755926782000074, 2.264742469000055 ], [ 127.75635211000008, 2.264867390000063 ] ] ], [ [ [ 127.748163992000059, 2.268634091000024 ], [ 127.74981528100011, 2.268353134000051 ], [ 127.750572918000103, 2.267066270000043 ], [ 127.748163992000059, 2.268634091000024 ] ] ], [ [ [ 127.746836844000086, 2.270437738000055 ], [ 127.746741711000027, 2.270404151000037 ], [ 127.746836802000075, 2.270485601000075 ], [ 127.746836844000086, 2.270437738000055 ] ] ], [ [ [ 127.74441972000011, 2.270469134000052 ], [ 127.746670320000021, 2.270428020000054 ], [ 127.746728278000091, 2.269427730000075 ], [ 127.74441972000011, 2.270469134000052 ] ] ], [ [ [ 127.759201470000107, 2.271083019000059 ], [ 127.75931072700007, 2.271293712000045 ], [ 127.759334738, 2.271035270000027 ], [ 127.759201470000107, 2.271083019000059 ] ] ], [ [ [ 127.744699565000019, 2.271488863000059 ], [ 127.744732996000039, 2.271345303000032 ], [ 127.744580713000119, 2.271373888000028 ], [ 127.744699565000019, 2.271488863000059 ] ] ], [ [ [ 127.743195216000117, 2.272416093000061 ], [ 127.743324441000027, 2.271540311000024 ], [ 127.743015146000062, 2.271563972000024 ], [ 127.743195216000117, 2.272416093000061 ] ] ], [ [ [ 127.740471884000044, 2.274400026000023 ], [ 127.741986424000061, 2.272697428000072 ], [ 127.741316097000094, 2.272050689000025 ], [ 127.740471884000044, 2.274400026000023 ] ] ], [ [ [ 127.742680086000064, 2.273870682000052 ], [ 127.743946286000096, 2.273230425000065 ], [ 127.742399956000099, 2.27318120800004 ], [ 127.742680086000064, 2.273870682000052 ] ] ], [ [ [ 127.769223032000014, 2.282156852000071 ], [ 127.76930750300005, 2.282299619000071 ], [ 127.769330108000077, 2.282117590000041 ], [ 127.769223032000014, 2.282156852000071 ] ] ], [ [ [ 127.774619358000109, 2.295903200000055 ], [ 127.774238470000114, 2.296175695000045 ], [ 127.774338196000031, 2.296405527000047 ], [ 127.774619358000109, 2.295903200000055 ] ] ], [ [ [ 127.774585638000076, 2.296386594000069 ], [ 127.774604582000052, 2.296491911000032 ], [ 127.774685557000112, 2.296391467000035 ], [ 127.774585638000076, 2.296386594000069 ] ] ], [ [ [ 127.811460260000104, 1.126385546000051 ], [ 127.811709685000096, 1.126960028000042 ], [ 127.811555404000046, 1.126295838000033 ], [ 127.811460260000104, 1.126385546000051 ] ] ], [ [ [ 127.775488353000014, 2.087269580000054 ], [ 127.775611249, 2.088303536000069 ], [ 127.775963492000074, 2.088064492000058 ], [ 127.775488353000014, 2.087269580000054 ] ] ], [ [ [ 127.776685861000033, 2.089070199000048 ], [ 127.776656819000095, 2.08971155200004 ], [ 127.776856792000103, 2.089510680000046 ], [ 127.776685861000033, 2.089070199000048 ] ] ], [ [ [ 127.77832973000011, 2.091972038000051 ], [ 127.778271683000071, 2.093206880000025 ], [ 127.778623454000012, 2.093580495000026 ], [ 127.77832973000011, 2.091972038000051 ] ] ], [ [ [ 127.775620760000038, 2.103235866000034 ], [ 127.774966517000053, 2.103331078000053 ], [ 127.775061458000096, 2.103600387000029 ], [ 127.775620760000038, 2.103235866000034 ] ] ], [ [ [ 127.775446420000094, 2.10564088600006 ], [ 127.775072633000036, 2.104521774000034 ], [ 127.77449432200001, 2.106382023000037 ], [ 127.775446420000094, 2.10564088600006 ] ] ], [ [ [ 127.777049600000055, 2.107080162000045 ], [ 127.776853657000061, 2.106685131000063 ], [ 127.776324085000056, 2.107055658000036 ], [ 127.777049600000055, 2.107080162000045 ] ] ], [ [ [ 127.77856995500008, 2.106999595000048 ], [ 127.777778894000107, 2.108664634000036 ], [ 127.778254170000082, 2.109287239000025 ], [ 127.77856995500008, 2.106999595000048 ] ] ], [ [ [ 127.786522837, 2.11040977600004 ], [ 127.786505464000015, 2.109805480000034 ], [ 127.785993556000108, 2.110403379000047 ], [ 127.786522837, 2.11040977600004 ] ] ], [ [ [ 127.775662462000014, 2.111819182000033 ], [ 127.776931141000091, 2.10930733400005 ], [ 127.775718340000026, 2.108809787000041 ], [ 127.775662462000014, 2.111819182000033 ] ] ], [ [ [ 127.77409035800008, 2.128281489000074 ], [ 127.784732291000068, 2.120409154000072 ], [ 127.783211065000046, 2.117114113000071 ], [ 127.78688945600004, 2.113114382000049 ], [ 127.785303960000078, 2.110067788000038 ], [ 127.78856552100001, 2.106725845000028 ], [ 127.783780646000082, 2.103527175000067 ], [ 127.782597852000094, 2.110334895000051 ], [ 127.781109360000073, 2.10491911500003 ], [ 127.774773974000027, 2.114857830000062 ], [ 127.767117102000043, 2.114408594000054 ], [ 127.77409035800008, 2.128281489000074 ] ] ], [ [ [ 127.78489478500012, 2.116212008000048 ], [ 127.785049557000093, 2.116020674000026 ], [ 127.784918754000046, 2.11597869000002 ], [ 127.78489478500012, 2.116212008000048 ] ] ], [ [ [ 127.78435546500009, 2.121653320000064 ], [ 127.785788170000046, 2.120821618000036 ], [ 127.785122381000065, 2.120457326000064 ], [ 127.78435546500009, 2.121653320000064 ] ] ], [ [ [ 127.786904914000047, 2.122498139000072 ], [ 127.789970123000103, 2.119335541000055 ], [ 127.786514640000064, 2.119631972000036 ], [ 127.786904914000047, 2.122498139000072 ] ] ], [ [ [ 127.784652444000017, 2.122132195000063 ], [ 127.784544382000036, 2.123431616000062 ], [ 127.784644282000045, 2.123446055000045 ], [ 127.784652444000017, 2.122132195000063 ] ] ], [ [ [ 127.785692887000096, 2.124035611000068 ], [ 127.78554968100002, 2.124645764000036 ], [ 127.785770722000052, 2.124890045000029 ], [ 127.785692887000096, 2.124035611000068 ] ] ], [ [ [ 127.785934385000019, 2.125500441000042 ], [ 127.78597027, 2.125242003000039 ], [ 127.785934587000042, 2.125241975000051 ], [ 127.785934385000019, 2.125500441000042 ] ] ], [ [ [ 127.788841884000021, 2.124785175000056 ], [ 127.788227990000109, 2.126507796000055 ], [ 127.788495460000036, 2.126699464000069 ], [ 127.788841884000021, 2.124785175000056 ] ] ], [ [ [ 127.784118291000027, 2.137135215000058 ], [ 127.783803588000069, 2.138018055000032 ], [ 127.783889074000058, 2.138211972000022 ], [ 127.784118291000027, 2.137135215000058 ] ] ], [ [ [ 127.79534792600009, 2.217404996000027 ], [ 127.795271834000118, 2.217481088000056 ], [ 127.79534792600009, 2.217471163000027 ], [ 127.79534792600009, 2.217404996000027 ] ] ], [ [ [ 127.807561754000062, 2.223091815000032 ], [ 127.807533915000022, 2.223203174000048 ], [ 127.807577459000072, 2.223211026000058 ], [ 127.807561754000062, 2.223091815000032 ] ] ], [ [ [ 127.816779729000018, 2.231541341000025 ], [ 127.817029378000029, 2.231728215000032 ], [ 127.81690113500008, 2.231448104000037 ], [ 127.816779729000018, 2.231541341000025 ] ] ], [ [ [ 127.777358685000081, 2.293533192000041 ], [ 127.778505424000059, 2.275214314000038 ], [ 127.824812347000034, 2.269505246000051 ], [ 127.818703865000089, 2.252931156000045 ], [ 127.822553469000013, 2.240714463000074 ], [ 127.817752537000047, 2.237759727000025 ], [ 127.815942644000074, 2.234096627000042 ], [ 127.816510052000012, 2.229624150000063 ], [ 127.795766139000079, 2.224334929000065 ], [ 127.794621294000081, 2.217096900000058 ], [ 127.772602742000117, 2.219673915000044 ], [ 127.77136017700002, 2.258265524000024 ], [ 127.762487990000068, 2.255812607000053 ], [ 127.756833356000016, 2.263133239000069 ], [ 127.777358685000081, 2.293533192000041 ] ] ], [ [ [ 127.815580057000034, 2.271777232000034 ], [ 127.815521760000024, 2.271900964000054 ], [ 127.815629044000048, 2.271794690000036 ], [ 127.815580057000034, 2.271777232000034 ] ] ], [ [ [ 127.789535892000117, 2.278770224000027 ], [ 127.789582291000102, 2.27898437500005 ], [ 127.789703644000042, 2.278947494000022 ], [ 127.789535892000117, 2.278770224000027 ] ] ], [ [ [ 127.781880540000088, 2.286046379000027 ], [ 127.781571053000107, 2.286290220000069 ], [ 127.781851669000048, 2.286429264000049 ], [ 127.781880540000088, 2.286046379000027 ] ] ], [ [ [ 127.774896460000036, 2.294449147000023 ], [ 127.774884563000114, 2.294324225000025 ], [ 127.774783436, 2.294493762000059 ], [ 127.774896460000036, 2.294449147000023 ] ] ], [ [ [ 127.775077299000031, 2.294958947000055 ], [ 127.774696586000118, 2.294685309000045 ], [ 127.775106448000088, 2.295371783000064 ], [ 127.775077299000031, 2.294958947000055 ] ] ], [ [ [ 127.778841939000017, 2.29966790900005 ], [ 127.777688531000081, 2.299128449000023 ], [ 127.777931070000022, 2.300678247000064 ], [ 127.778841939000017, 2.29966790900005 ] ] ], [ [ [ 127.958360514000105, 2.220493462000036 ], [ 127.977590611000096, 2.207274105000067 ], [ 127.98023201, 2.180868585000042 ], [ 128.052886422000029, 2.201045306000026 ], [ 128.067569952000099, 2.197005470000022 ], [ 128.065072056000076, 2.173553187000039 ], [ 128.02422264900008, 2.113395639000032 ], [ 127.954428601000018, 2.04012328400006 ], [ 127.94782616100008, 2.023509192000063 ], [ 127.951531772000067, 1.990835317000062 ], [ 127.928788605000022, 1.979414028000065 ], [ 127.919152111000017, 1.96132383500003 ], [ 127.888300966000088, 1.953290761000062 ], [ 127.851445022, 1.925139209000065 ], [ 127.852155332000052, 1.866191195000056 ], [ 127.841143669000076, 1.844140227000025 ], [ 127.846069206000038, 1.821689327000058 ], [ 127.850452604000111, 1.818097461000036 ], [ 127.857435445000078, 1.821749067000042 ], [ 127.855253656000059, 1.813476535000063 ], [ 127.86072428600005, 1.805567845000041 ], [ 127.88242854900011, 1.808094355000037 ], [ 127.891259248000097, 1.796137394000027 ], [ 127.932928526000069, 1.808812037000052 ], [ 127.954287728000054, 1.791946650000057 ], [ 127.95617031800009, 1.777180756000064 ], [ 127.960267808000026, 1.767683261000059 ], [ 127.983337252000069, 1.76758987900007 ], [ 128.011942889000011, 1.737094438000042 ], [ 128.009123848000058, 1.733569881000051 ], [ 128.02147646800006, 1.688992072000076 ], [ 127.994044552000105, 1.668935801000032 ], [ 127.99121832700007, 1.660973962000071 ], [ 127.999861385000031, 1.623563282000021 ], [ 127.99055174800003, 1.62528904200002 ], [ 127.986992816000111, 1.617642800000056 ], [ 127.993001242000105, 1.606349042000033 ], [ 127.999283362000028, 1.609171558000071 ], [ 128.000483079000105, 1.597209995000071 ], [ 128.009729308000033, 1.598511720000033 ], [ 128.023270080000088, 1.584972171000061 ], [ 128.028891091000105, 1.592861114000073 ], [ 128.037223277000066, 1.58056648500002 ], [ 128.03260539900009, 1.578845855000054 ], [ 128.036406513000088, 1.567210849000048 ], [ 128.029971663000083, 1.565455883000027 ], [ 128.032711609000103, 1.554696375000049 ], [ 128.024080050000066, 1.55126023300005 ], [ 128.035214915000097, 1.530567121000047 ], [ 128.02490147900005, 1.512386888000037 ], [ 128.024116616000015, 1.468562279000025 ], [ 128.009504572000083, 1.425759557000049 ], [ 128.023715620000075, 1.404545700000028 ], [ 128.011235019000083, 1.393899361000024 ], [ 127.994890521000116, 1.39259891100005 ], [ 127.9873486030001, 1.365978148000067 ], [ 127.99408070100003, 1.331970458000058 ], [ 128.010555611000086, 1.314068545000055 ], [ 127.976618783000049, 1.306216476000031 ], [ 127.972267284000054, 1.276106048000031 ], [ 127.95158558300011, 1.260223697000072 ], [ 127.944964305000099, 1.242288806000033 ], [ 127.918795731000046, 1.227373675000024 ], [ 127.902201681000065, 1.174157369000056 ], [ 127.902823343000023, 1.149853432000043 ], [ 127.853778132000116, 1.154888646000074 ], [ 127.826264481000067, 1.148236052000073 ], [ 127.808109200000104, 1.122734473000037 ], [ 127.802741941000022, 1.107134335000069 ], [ 127.790241390000119, 1.107123245000025 ], [ 127.758414428000037, 1.068950440000037 ], [ 127.733990185000039, 1.06237113100002 ], [ 127.709583310000085, 1.042229754000061 ], [ 127.672354301000041, 1.03535071400006 ], [ 127.650946049000027, 1.02228752000002 ], [ 127.648900185000116, 1.002328232000025 ], [ 127.625758271000109, 0.97258944400005 ], [ 127.62940677000006, 0.94307705600005 ], [ 127.639553621000118, 0.941292886000042 ], [ 127.632737745000099, 0.934915035000074 ], [ 127.641191768000112, 0.93481304200003 ], [ 127.631110549000027, 0.922093838000023 ], [ 127.638965186000064, 0.912447146000034 ], [ 127.649682193000103, 0.917343514000038 ], [ 127.658749900000089, 0.891339466000034 ], [ 127.657649056000082, 0.887474313000041 ], [ 127.654623105000042, 0.889673955000035 ], [ 127.653621325000017, 0.889169983000045 ], [ 127.664781996000102, 0.881713209000054 ], [ 127.656152019000046, 0.879820699000049 ], [ 127.652358082000092, 0.875526192000052 ], [ 127.661057438000057, 0.868229221000036 ], [ 127.661685604000013, 0.872018777000051 ], [ 127.674255448000054, 0.864111927000067 ], [ 127.683375268000077, 0.868655383000032 ], [ 127.666968297000039, 0.874119371000063 ], [ 127.674334797000029, 0.883339074000048 ], [ 127.688301381000088, 0.878544652000073 ], [ 127.687515892000079, 0.857483726000055 ], [ 127.67290661200002, 0.853149898000026 ], [ 127.666329109000117, 0.867261464000023 ], [ 127.654997991000073, 0.869268780000027 ], [ 127.649703407000061, 0.860864454000023 ], [ 127.640067700000031, 0.872539678000066 ], [ 127.638868296000055, 0.888306429000068 ], [ 127.650036081000053, 0.891581511000027 ], [ 127.649518976000081, 0.90047905900002 ], [ 127.628445692000014, 0.919673506000038 ], [ 127.625422410000056, 0.940915601000029 ], [ 127.601034073000051, 0.95618378100005 ], [ 127.602512064000052, 0.971306898000023 ], [ 127.64562842600003, 0.999426435000032 ], [ 127.647321441000031, 1.01617501000004 ], [ 127.641035776000081, 1.016749746000073 ], [ 127.650541240000052, 1.021873913000036 ], [ 127.646589308000102, 1.037801717000036 ], [ 127.606402682000066, 1.043849908000027 ], [ 127.602062398000044, 1.07078769900005 ], [ 127.61465019000002, 1.081993786000055 ], [ 127.603747455000075, 1.107618891000072 ], [ 127.613885777000064, 1.117120291000049 ], [ 127.625307081000074, 1.116255 ], [ 127.619944722000014, 1.140364643000055 ], [ 127.628152638000074, 1.160351244000026 ], [ 127.644300243000089, 1.171566895000069 ], [ 127.635903873000075, 1.21979992100006 ], [ 127.623878115000025, 1.237794637000036 ], [ 127.627418995000085, 1.248118243000022 ], [ 127.641669012000079, 1.245960913000033 ], [ 127.647313906000022, 1.25234703700005 ], [ 127.649447803000044, 1.271366114000045 ], [ 127.63453490500001, 1.274917612000024 ], [ 127.644016100000044, 1.29906328900006 ], [ 127.637254827000106, 1.305085708000036 ], [ 127.644329632000108, 1.315812884000024 ], [ 127.640598219000026, 1.32838670700005 ], [ 127.642967850000105, 1.333931082000049 ], [ 127.653878854000027, 1.327631841000027 ], [ 127.661930142000074, 1.364269009000054 ], [ 127.675842695000028, 1.375817365000046 ], [ 127.657056500000067, 1.411128046000044 ], [ 127.659666554000069, 1.42261854700007 ], [ 127.683343772000057, 1.444097659000022 ], [ 127.670573369000067, 1.462222630000042 ], [ 127.684274278000089, 1.479921116000071 ], [ 127.699944838000079, 1.479354121000028 ], [ 127.710983806000058, 1.488240814000051 ], [ 127.712117429000045, 1.510090456000057 ], [ 127.72156252000002, 1.51398793200002 ], [ 127.729548847000046, 1.538577638000049 ], [ 127.726881109000033, 1.592500837000046 ], [ 127.735249285, 1.604059408000069 ], [ 127.703237413000011, 1.705743433000066 ], [ 127.72180104600011, 1.778571689000046 ], [ 127.71663280700011, 1.790017852000062 ], [ 127.73458913200011, 1.797443877000035 ], [ 127.748066680000079, 1.86862102300006 ], [ 127.760690300000078, 1.875579318000064 ], [ 127.760733739000102, 1.888638812000067 ], [ 127.771975109000095, 1.900797683000064 ], [ 127.790651524000054, 1.910955412000021 ], [ 127.767549622000047, 1.959570917000065 ], [ 127.760436509000101, 1.96116906900005 ], [ 127.751739932000078, 1.945649300000071 ], [ 127.743522235000114, 1.96298824400003 ], [ 127.784625669000093, 2.00800208000004 ], [ 127.78803899400009, 2.024449035000032 ], [ 127.837218610000036, 2.090437175000034 ], [ 127.900051327000028, 2.134070381000072 ], [ 127.911295707000022, 2.157418828000061 ], [ 127.929831616000115, 2.162757771000031 ], [ 127.932811100000094, 2.180045648000032 ], [ 127.95901376300003, 2.195927166000047 ], [ 127.958360514000105, 2.220493462000036 ] ] ], [ [ [ 127.957204765000029, 1.781762219000029 ], [ 127.956562499000029, 1.781891094000059 ], [ 127.956714537000039, 1.782221464000031 ], [ 127.957204765000029, 1.781762219000029 ] ] ], [ [ [ 127.859551033000116, 1.810463742000024 ], [ 127.859215842000026, 1.810190696000063 ], [ 127.859194319000039, 1.81037735700005 ], [ 127.859551033000116, 1.810463742000024 ] ] ], [ [ [ 127.857545840000057, 1.81071376500006 ], [ 127.857767140000078, 1.810548769000036 ], [ 127.857581643000117, 1.810512753000069 ], [ 127.857545840000057, 1.81071376500006 ] ] ], [ [ [ 127.858487676000095, 1.810764621000033 ], [ 127.858088105000093, 1.81075000800007 ], [ 127.858480325000073, 1.811109247000047 ], [ 127.858487676000095, 1.810764621000033 ] ] ], [ [ [ 127.928322560000083, 1.810319272000072 ], [ 127.927422750000119, 1.81156805300003 ], [ 127.928980244000059, 1.81043696200004 ], [ 127.928322560000083, 1.810319272000072 ] ] ], [ [ [ 127.855571649000012, 1.813556436000056 ], [ 127.855833155000028, 1.813754047000032 ], [ 127.855809543000078, 1.813478806000035 ], [ 127.855571649000012, 1.813556436000056 ] ] ], [ [ [ 127.856695188000117, 1.816962054000044 ], [ 127.856629758000054, 1.816997911000044 ], [ 127.856677290000107, 1.817057773000045 ], [ 127.856695188000117, 1.816962054000044 ] ] ], [ [ [ 127.851548281000078, 1.820796772000051 ], [ 127.851348442000017, 1.820873229000028 ], [ 127.851600486000052, 1.820988267000075 ], [ 127.851548281000078, 1.820796772000051 ] ] ], [ [ [ 127.852556818000039, 1.82068732800002 ], [ 127.85210935200007, 1.821184841000047 ], [ 127.85215203700011, 1.821385903000021 ], [ 127.852556818000039, 1.82068732800002 ] ] ], [ [ [ 127.850434600000085, 1.821681566000052 ], [ 127.850758486000018, 1.821026019000044 ], [ 127.850311269000031, 1.821131036000054 ], [ 127.850434600000085, 1.821681566000052 ] ] ], [ [ [ 127.851319718000013, 1.821160402000032 ], [ 127.851338455000018, 1.821619922000025 ], [ 127.85173342500002, 1.821390421000046 ], [ 127.851319718000013, 1.821160402000032 ] ] ], [ [ [ 127.857679223000105, 1.82196860800002 ], [ 127.858026762, 1.821518894000064 ], [ 127.857607938000115, 1.821858471000041 ], [ 127.857679223000105, 1.82196860800002 ] ] ], [ [ [ 127.851538155000071, 1.821763645000033 ], [ 127.851157513000089, 1.821902211000065 ], [ 127.851400052000031, 1.822002883000039 ], [ 127.851538155000071, 1.821763645000033 ] ] ], [ [ [ 127.858463743000016, 1.822562639000068 ], [ 127.858564218000083, 1.821643687000062 ], [ 127.858102484000028, 1.822136407000073 ], [ 127.858463743000016, 1.822562639000068 ] ] ], [ [ [ 127.850809918000095, 1.822438079000051 ], [ 127.85063410600003, 1.822131628000022 ], [ 127.850610167000013, 1.822375725000029 ], [ 127.850809918000095, 1.822438079000051 ] ] ], [ [ [ 127.855971024000041, 1.822695071000055 ], [ 127.856694583000035, 1.821896181000056 ], [ 127.85549552800012, 1.822383642000034 ], [ 127.855971024000041, 1.822695071000055 ] ] ], [ [ [ 127.853478277000022, 1.822875364000026 ], [ 127.854425714000058, 1.821597965000024 ], [ 127.853188898000099, 1.821621107000055 ], [ 127.853478277000022, 1.822875364000026 ] ] ], [ [ [ 127.855095734000088, 1.822718444000031 ], [ 127.85523863800006, 1.822407410000039 ], [ 127.854743897000048, 1.82244060000005 ], [ 127.855095734000088, 1.822718444000031 ] ] ], [ [ [ 127.85762180200004, 1.822504664000064 ], [ 127.857626737000032, 1.822222260000046 ], [ 127.857578890000013, 1.822662592000029 ], [ 127.85762180200004, 1.822504664000064 ] ] ], [ [ [ 127.857031827000014, 1.822686176000047 ], [ 127.857231932000104, 1.822188503000064 ], [ 127.856832171000065, 1.822470654000028 ], [ 127.857031827000014, 1.822686176000047 ] ] ], [ [ [ 127.855941885000107, 1.82364278700004 ], [ 127.856560873000035, 1.822714594000047 ], [ 127.85557089200006, 1.823565965000057 ], [ 127.855941885000107, 1.82364278700004 ] ] ], [ [ [ 127.856855156000051, 1.823739102000047 ], [ 127.856888261000108, 1.824045461000026 ], [ 127.856959835000112, 1.823696089000066 ], [ 127.856855156000051, 1.823739102000047 ] ] ], [ [ [ 127.911748746000058, 2.157707336000044 ], [ 127.911986577000107, 2.157803240000021 ], [ 127.912046171000043, 2.157635751000043 ], [ 127.911748746000058, 2.157707336000044 ] ] ], [ [ [ 127.816887382000118, 2.230794742000057 ], [ 127.817172699000025, 2.231003183000041 ], [ 127.817130152000118, 2.230658525000024 ], [ 127.816887382000118, 2.230794742000057 ] ] ], [ [ [ 127.823084383000037, 2.258305360000065 ], [ 127.823322329, 2.258503332000032 ], [ 127.823090094, 2.258234928000036 ], [ 127.823084383000037, 2.258305360000065 ] ] ], [ [ [ 127.82434648900005, 2.271439985000029 ], [ 127.824017171000037, 2.270665233000045 ], [ 127.823665011000116, 2.271127800000045 ], [ 127.82434648900005, 2.271439985000029 ] ] ], [ [ [ 127.823479264000071, 2.270983436000051 ], [ 127.823062859000061, 2.271164275000046 ], [ 127.823539941000035, 2.270982246000074 ], [ 127.823479264000071, 2.270983436000051 ] ] ], [ [ [ 127.819516933000045, 2.272759694000058 ], [ 127.821188280000115, 2.272725169000068 ], [ 127.821117378000054, 2.272144753000021 ], [ 127.819516933000045, 2.272759694000058 ] ] ], [ [ [ 128.02510239500009, 1.30006565900004 ], [ 128.017953826000053, 1.282198479000044 ], [ 128.006561006000084, 1.28192838700005 ], [ 128.009155276000115, 1.288377221000076 ], [ 128.02510239500009, 1.30006565900004 ] ] ], [ [ [ 128.048901340000043, 1.554930323000065 ], [ 128.054818627000031, 1.552030966000075 ], [ 128.053636300000107, 1.550067824000052 ], [ 128.048901340000043, 1.554930323000065 ] ] ], [ [ [ 128.046904914000038, 1.557473924000021 ], [ 128.040316602000075, 1.558476152000026 ], [ 128.040665544000035, 1.562569057000076 ], [ 128.041961730000025, 1.562533750000057 ], [ 128.046904914000038, 1.557473924000021 ] ] ], [ [ [ 128.067150345000073, 1.564496207000047 ], [ 128.05169292000005, 1.555679034000036 ], [ 128.047997812000062, 1.580326027000069 ], [ 128.05100582700004, 1.58155404200005 ], [ 128.067150345000073, 1.564496207000047 ] ] ], [ [ [ 128.035606727000072, 1.579048305000072 ], [ 128.035877808, 1.579148955000051 ], [ 128.0358398300001, 1.578986185000076 ], [ 128.035606727000072, 1.579048305000072 ] ] ], [ [ [ 128.023348038000108, 1.59284371800004 ], [ 128.023043349000091, 1.588348759000041 ], [ 128.021315180000101, 1.591571851000026 ], [ 128.023348038000108, 1.59284371800004 ] ] ], [ [ [ 128.058769846000018, 1.592811030000064 ], [ 128.058104014000037, 1.59258574100005 ], [ 128.058070602000043, 1.592839429000037 ], [ 128.058769846000018, 1.592811030000064 ] ] ], [ [ [ 128.017576165000037, 1.597642410000049 ], [ 128.020962985000097, 1.595194707000076 ], [ 128.019652598000107, 1.593703350000055 ], [ 128.017576165000037, 1.597642410000049 ] ] ], [ [ [ 127.995521102000112, 1.655662857000038 ], [ 127.995488005000084, 1.655265538000037 ], [ 127.994955050000044, 1.655662568000025 ], [ 127.995521102000112, 1.655662857000038 ] ] ], [ [ [ 127.993069932000026, 1.658538450000037 ], [ 127.992922613000019, 1.658260742000039 ], [ 127.992770211000106, 1.658629245000043 ], [ 127.993069932000026, 1.658538450000037 ] ] ], [ [ [ 128.048568424000109, 1.666469455000026 ], [ 128.050077404000035, 1.656776827000044 ], [ 128.043934912000054, 1.657318357000065 ], [ 128.048568424000109, 1.666469455000026 ] ] ], [ [ [ 128.022825717000046, 1.66711446100004 ], [ 128.020448771000019, 1.664169389000051 ], [ 128.018896005000101, 1.665915795000046 ], [ 128.022825717000046, 1.66711446100004 ] ] ], [ [ [ 128.014807774000019, 1.665452217000052 ], [ 128.013124805000075, 1.665965949000054 ], [ 128.012946232000104, 1.666354786000056 ], [ 128.014807774000019, 1.665452217000052 ] ] ], [ [ [ 128.054519213000049, 1.676451325000073 ], [ 128.051170927000044, 1.665398066000023 ], [ 128.051432612000099, 1.677664486000026 ], [ 128.054519213000049, 1.676451325000073 ] ] ], [ [ [ 128.035101583000028, 1.687845053000046 ], [ 128.03496764800002, 1.682106783000052 ], [ 128.031684204000044, 1.68457035800003 ], [ 128.035101583000028, 1.687845053000046 ] ] ], [ [ [ 128.068855891000112, 1.699331321000045 ], [ 128.06794749200003, 1.698962291000043 ], [ 128.068384835000074, 1.699580010000034 ], [ 128.068855891000112, 1.699331321000045 ] ] ], [ [ [ 128.018775529000095, 1.722090141000024 ], [ 128.018366210000067, 1.722525527000073 ], [ 128.018437432000042, 1.722784052000065 ], [ 128.018775529000095, 1.722090141000024 ] ] ], [ [ [ 128.022381556000028, 1.733187813000029 ], [ 128.027692567000031, 1.726460309000061 ], [ 128.02094330400007, 1.727126977000069 ], [ 128.022381556000028, 1.733187813000029 ] ] ], [ [ [ 128.072742630000107, 1.739853584000059 ], [ 128.074791922000031, 1.717715060000046 ], [ 128.069912820000013, 1.714683025000056 ], [ 128.062281159, 1.734509040000034 ], [ 128.064382609000063, 1.74168439500005 ], [ 128.072742630000107, 1.739853584000059 ] ] ], [ [ [ 128.048272129000111, 1.732971014000043 ], [ 128.05096557100012, 1.733391223000069 ], [ 128.053723191000017, 1.724297603000025 ], [ 128.048272129000111, 1.732971014000043 ] ] ], [ [ [ 128.011589773000082, 1.730043316000035 ], [ 128.011722619000011, 1.73071832200003 ], [ 128.011998863000031, 1.730057891000058 ], [ 128.011589773000082, 1.730043316000035 ] ] ], [ [ [ 128.040464630000088, 1.754271723000045 ], [ 128.049616767000089, 1.752750617000061 ], [ 128.056044205000035, 1.741905692000046 ], [ 128.040919199000086, 1.749060299000064 ], [ 128.036063805000026, 1.743726474000027 ], [ 128.040464630000088, 1.754271723000045 ] ] ], [ [ [ 128.026049119000049, 1.760281874000043 ], [ 128.022798275000014, 1.754574295000054 ], [ 128.025259073000029, 1.761009053000066 ], [ 128.026049119000049, 1.760281874000043 ] ] ], [ [ [ 128.05454789800001, 1.75798171100007 ], [ 128.053934771000058, 1.759279831000072 ], [ 128.05490403400006, 1.759262374000059 ], [ 128.05454789800001, 1.75798171100007 ] ] ], [ [ [ 127.962084080000068, 1.769278258000043 ], [ 127.962269653000021, 1.769187415000033 ], [ 127.962122174000115, 1.769211265000024 ], [ 127.962084080000068, 1.769278258000043 ] ] ], [ [ [ 127.980605873000059, 1.77450075500002 ], [ 127.980135791000066, 1.771099179000032 ], [ 127.979282520000083, 1.773669520000055 ], [ 127.980605873000059, 1.77450075500002 ] ] ], [ [ [ 127.970697164000057, 1.774776837000047 ], [ 127.974535970000034, 1.774936945000036 ], [ 127.971925692000013, 1.772558877000051 ], [ 127.970697164000057, 1.774776837000047 ] ] ], [ [ [ 127.993352085000083, 1.802101662000041 ], [ 128.018492719000051, 1.767571567000061 ], [ 128.004459523000037, 1.77637889600004 ], [ 127.993352085000083, 1.802101662000041 ] ] ] ] } },
{ "type": "Feature", "properties": { "kemendagri_kab_code": 8204, "kemendagri_kab_name": "Kabupaten Halmahera Selatan", "kemendagri_prov_code": 82, "kemendagri_prov_name": "Maluku Utara" }, "geometry": { "type": "MultiPolygon", "coordinates": [ [ [ [ 127.107874954000067, -0.490224592999937 ], [ 127.107682445000023, -0.490260425999963 ], [ 127.107739508, -0.490167134999979 ], [ 127.107874954000067, -0.490224592999937 ] ] ], [ [ [ 127.111183202, -0.489809245999936 ], [ 127.109735938000085, -0.489650931999961 ], [ 127.110577389000014, -0.489084156999979 ], [ 127.111183202, -0.489809245999936 ] ] ], [ [ [ 127.11557889300002, -0.475828905999947 ], [ 127.116035146000058, -0.47598693499998 ], [ 127.115692848000094, -0.47626675999993 ], [ 127.11557889300002, -0.475828905999947 ] ] ], [ [ [ 127.114894417000073, -0.475957910999966 ], [ 127.114516600000115, -0.47576401699996 ], [ 127.115008509000063, -0.475886167999931 ], [ 127.114894417000073, -0.475957910999966 ] ] ], [ [ [ 127.13939609900001, -0.474432123999975 ], [ 127.139503069000057, -0.474338844999977 ], [ 127.139495897000074, -0.474496747999979 ], [ 127.13939609900001, -0.474432123999975 ] ] ], [ [ [ 127.11643236000009, -0.433464326999967 ], [ 127.119897473000037, -0.432898177999959 ], [ 127.118749007000019, -0.435338212999966 ], [ 127.11643236000009, -0.433464326999967 ] ] ], [ [ [ 127.109895710000046, -0.428797387999964 ], [ 127.109468006000043, -0.428517363999958 ], [ 127.109881542000039, -0.428424160999953 ], [ 127.109895710000046, -0.428797387999964 ] ] ], [ [ [ 127.102381877000084, -0.42601788099995 ], [ 127.102303480000046, -0.425903024999968 ], [ 127.102396167000052, -0.425888692999933 ], [ 127.102381877000084, -0.42601788099995 ] ] ], [ [ [ 127.113589735000119, -0.415106223999942 ], [ 127.113632531, -0.415027281999926 ], [ 127.113661031000106, -0.415106240999933 ], [ 127.113589735000119, -0.415106223999942 ] ] ], [ [ [ 127.116967642000077, -0.390581815999951 ], [ 127.117259931000035, -0.390682365999965 ], [ 127.11710306000009, -0.390775636999933 ], [ 127.116967642000077, -0.390581815999951 ] ] ], [ [ [ 127.108626454000046, -0.389036793999935 ], [ 127.109025847000112, -0.388405274999968 ], [ 127.109104127000023, -0.389051255999959 ], [ 127.108626454000046, -0.389036793999935 ] ] ], [ [ [ 127.116212799000095, -0.381151725999928 ], [ 127.116533827000012, -0.380230694999966 ], [ 127.116908071000012, -0.380487967999954 ], [ 127.116212799000095, -0.381151725999928 ] ] ], [ [ [ 127.113242593000109, -0.379189248999978 ], [ 127.114222540000014, -0.38085222899997 ], [ 127.113010424000095, -0.381306529999961 ], [ 127.113242593000109, -0.379189248999978 ] ] ], [ [ [ 127.129222348000098, -0.331558307999956 ], [ 127.130056489000026, -0.331637418999946 ], [ 127.129243725000038, -0.331622908999975 ], [ 127.129222348000098, -0.331558307999956 ] ] ], [ [ [ 127.122805837000101, -0.331241276999947 ], [ 127.123190855000075, -0.33111215699995 ], [ 127.123197929000071, -0.331406432999927 ], [ 127.122805837000101, -0.331241276999947 ] ] ], [ [ [ 127.120132562000094, -0.329704797999966 ], [ 127.12038924, -0.329618717999949 ], [ 127.12039634700011, -0.329740734999973 ], [ 127.120132562000094, -0.329704797999966 ] ] ], [ [ [ 127.130955801000027, -0.32631908299993 ], [ 127.127582724000035, -0.330660812999952 ], [ 127.120410516000106, -0.330221625999968 ], [ 127.123647744000095, -0.327903927999955 ], [ 127.130955801000027, -0.32631908299993 ] ] ], [ [ [ 127.132653302000108, -0.322666063999975 ], [ 127.133195224000019, -0.32224987099994 ], [ 127.132817239000019, -0.322902951999936 ], [ 127.132653302000108, -0.322666063999975 ] ] ], [ [ [ 127.138870745000077, -0.32007613299993 ], [ 127.138963419000106, -0.320133569999939 ], [ 127.138835082000014, -0.320162255999946 ], [ 127.138870745000077, -0.32007613299993 ] ] ], [ [ [ 127.138756674000092, -0.320061756999962 ], [ 127.138706752000076, -0.320147877999943 ], [ 127.138564175000056, -0.320068899999967 ], [ 127.138756674000092, -0.320061756999962 ] ] ], [ [ [ 127.131715157000031, -0.316841609999926 ], [ 127.131746588000055, -0.316585170999929 ], [ 127.131988949000061, -0.316695903999971 ], [ 127.131715157000031, -0.316841609999926 ] ] ], [ [ [ 127.132794219000061, -0.316147982999951 ], [ 127.134091774000012, -0.316267842999935 ], [ 127.133239553000067, -0.316588931999945 ], [ 127.132794219000061, -0.316147982999951 ] ] ], [ [ [ 127.117323442000043, -0.314724041999966 ], [ 127.121477790000085, -0.315911269999958 ], [ 127.11620743800006, -0.318812202999936 ], [ 127.117323442000043, -0.314724041999966 ] ] ], [ [ [ 127.123352752000073, -0.312098568999943 ], [ 127.125133234000032, -0.311697712999944 ], [ 127.127485952000029, -0.311328553999942 ], [ 127.123352752000073, -0.312098568999943 ] ] ], [ [ [ 127.109282269000119, -0.307687147999957 ], [ 127.10966010900006, -0.307802052999932 ], [ 127.109374900000034, -0.307981436999967 ], [ 127.109282269000119, -0.307687147999957 ] ] ], [ [ [ 127.130164657000023, -0.306886977999966 ], [ 127.130086258000119, -0.306736236999939 ], [ 127.13025024, -0.306721910999954 ], [ 127.130164657000023, -0.306886977999966 ] ] ], [ [ [ 127.065269672000113, -0.306955141999936 ], [ 127.07073067400006, -0.307035084999939 ], [ 127.070067311000116, -0.308929748999958 ], [ 127.065269672000113, -0.306955141999936 ] ] ], [ [ [ 127.110267972000088, -0.303946714999938 ], [ 127.110303606000116, -0.304025671999966 ], [ 127.11024657400003, -0.304004129999953 ], [ 127.110267972000088, -0.303946714999938 ] ] ], [ [ [ 127.111893491000046, -0.303911113999959 ], [ 127.111943416000031, -0.303803461999962 ], [ 127.111936268000022, -0.303911120999942 ], [ 127.111893491000046, -0.303911113999959 ] ] ], [ [ [ 127.111808060000044, -0.303207714999928 ], [ 127.110025645000064, -0.303523205999966 ], [ 127.110503673000039, -0.301466968999932 ], [ 127.111808060000044, -0.303207714999928 ] ] ], [ [ [ 127.109489945000064, -0.302404630999945 ], [ 127.109375839000108, -0.302598400999955 ], [ 127.109268912000061, -0.302519429999961 ], [ 127.109489945000064, -0.302404630999945 ] ] ], [ [ [ 127.11467446100005, -0.301114807999966 ], [ 127.114585308000073, -0.30131217099995 ], [ 127.114531869000075, -0.301132726999924 ], [ 127.11467446100005, -0.301114807999966 ] ] ], [ [ [ 127.116431635000026, -0.297280880999949 ], [ 127.116353201000038, -0.297341874999972 ], [ 127.116442353000025, -0.297137333999956 ], [ 127.116431635000026, -0.297280880999949 ] ] ], [ [ [ 127.066163091000021, -0.294093761999932 ], [ 127.066049010000029, -0.294172690999972 ], [ 127.06607043200006, -0.293971732999978 ], [ 127.066163091000021, -0.294093761999932 ] ] ], [ [ [ 127.11043784200001, -0.292034375999947 ], [ 127.110594683000045, -0.29207028899998 ], [ 127.110359405000054, -0.292106136999962 ], [ 127.11043784200001, -0.292034375999947 ] ] ], [ [ [ 127.062309324000012, -0.275217094999959 ], [ 127.061686809000093, -0.288946940999949 ], [ 127.068183363000117, -0.277995633999979 ], [ 127.0692007560001, -0.290570278999951 ], [ 127.058862336000061, -0.296518367999965 ], [ 127.055799326000056, -0.281517570999938 ], [ 127.062309324000012, -0.275217094999959 ] ] ], [ [ [ 127.117951094000091, -0.284786452999924 ], [ 127.118207837000114, -0.284279290999962 ], [ 127.118141213000058, -0.284786484999927 ], [ 127.117951094000091, -0.284786452999924 ] ] ], [ [ [ 127.120456269000101, -0.282581001999972 ], [ 127.120232906000069, -0.282408706999945 ], [ 127.120698645000061, -0.282738944999949 ], [ 127.120456269000101, -0.282581001999972 ] ] ], [ [ [ 127.073735218000024, -0.274653152999974 ], [ 127.073854065000091, -0.274485703999972 ], [ 127.074008492000075, -0.274742912999955 ], [ 127.073735218000024, -0.274653152999974 ] ] ], [ [ [ 127.140559082000095, -0.267389468999966 ], [ 127.14038082400009, -0.267518635999977 ], [ 127.140359476000071, -0.267245887999934 ], [ 127.140559082000095, -0.267389468999966 ] ] ], [ [ [ 127.062421894000067, -0.229104099999972 ], [ 127.083971111000096, -0.247057385999938 ], [ 127.087394453000115, -0.237971432999927 ], [ 127.091583202000038, -0.257844180999939 ], [ 127.044248896000113, -0.278743858999974 ], [ 127.036896591000072, -0.291568059999975 ], [ 127.026054731000045, -0.28282453099996 ], [ 127.032252080000035, -0.269605455999965 ], [ 127.020910987000093, -0.261759137999945 ], [ 127.030988232000027, -0.25503957199993 ], [ 127.043231991000084, -0.274253486999953 ], [ 127.044398623, -0.239486559999932 ], [ 127.052136775, -0.242154102999962 ], [ 127.062421894000067, -0.229104099999972 ] ] ], [ [ [ 127.023744412000042, -0.259552797999959 ], [ 127.023523454000042, -0.25928003699994 ], [ 127.023815740000032, -0.259308790999967 ], [ 127.023744412000042, -0.259552797999959 ] ] ], [ [ [ 127.019830769, -0.258274674999939 ], [ 127.021092398000064, -0.259624150999969 ], [ 127.018796836000092, -0.259717089999924 ], [ 127.019830769, -0.258274674999939 ] ] ], [ [ [ 127.023687532000054, -0.258569537999961 ], [ 127.023566348000031, -0.258504925999944 ], [ 127.023630518000118, -0.258454696999934 ], [ 127.023687532000054, -0.258569537999961 ] ] ], [ [ [ 127.09225655900002, -0.255269429999942 ], [ 127.092142555, -0.254828008999937 ], [ 127.092474054000036, -0.25492854099997 ], [ 127.09225655900002, -0.255269429999942 ] ] ], [ [ [ 127.038785341000107, -0.254284803999951 ], [ 127.039200941000104, -0.254543311999953 ], [ 127.03883419400006, -0.254586329999938 ], [ 127.038785341000107, -0.254284803999951 ] ] ], [ [ [ 127.044031891000031, -0.239431125999943 ], [ 127.044337547000055, -0.239154263999978 ], [ 127.04420303400002, -0.239449610999941 ], [ 127.044031891000031, -0.239431125999943 ] ] ], [ [ [ 127.055106918000092, -0.232318465999924 ], [ 127.055441992000056, -0.23229698199998 ], [ 127.055342141000096, -0.232605584999931 ], [ 127.055106918000092, -0.232318465999924 ] ] ], [ [ [ 127.069565149000027, -0.230698411999924 ], [ 127.069657819000099, -0.23077019699997 ], [ 127.069543752000072, -0.230770181999958 ], [ 127.069565149000027, -0.230698411999924 ] ] ], [ [ [ 127.069985799000051, -0.230504684999971 ], [ 127.070292332, -0.230684156999928 ], [ 127.070092689000035, -0.230870737999965 ], [ 127.069985799000051, -0.230504684999971 ] ] ], [ [ [ 127.067668948000119, -0.229420609999977 ], [ 127.067540623000014, -0.229413414999954 ], [ 127.067619055000023, -0.229334476999952 ], [ 127.067668948000119, -0.229420609999977 ] ] ], [ [ [ 127.058401189000051, -0.227933672999939 ], [ 127.058921640000108, -0.227783022999972 ], [ 127.058586473000105, -0.228493517999937 ], [ 127.058401189000051, -0.227933672999939 ] ] ], [ [ [ 127.065951, -0.227977758999941 ], [ 127.066008069000077, -0.227712210999925 ], [ 127.066065044000084, -0.228157203999956 ], [ 127.065951, -0.227977758999941 ] ] ], [ [ [ 127.128166048000026, -0.176944115999959 ], [ 127.137020281000105, -0.18249321899998 ], [ 127.152479321000101, -0.183750898999961 ], [ 127.127638913000055, -0.204013848999978 ], [ 127.132494299000086, -0.22192940399998 ], [ 127.126418288000082, -0.23505858599998 ], [ 127.109143736000078, -0.251707765999925 ], [ 127.093387396000026, -0.254650547999972 ], [ 127.092568946000029, -0.237673689999951 ], [ 127.100525041000083, -0.230718749999937 ], [ 127.088073683000061, -0.230587878999927 ], [ 127.090820424000071, -0.215408249999939 ], [ 127.107431969000118, -0.213982037999926 ], [ 127.121458482000094, -0.187979933999941 ], [ 127.130810320000023, -0.184330003999946 ], [ 127.128166048000026, -0.176944115999959 ] ] ], [ [ [ 127.028584905000116, -0.196980808999967 ], [ 127.028966405000119, -0.196918192999931 ], [ 127.028798988000062, -0.197141402999932 ], [ 127.028584905000116, -0.196980808999967 ] ] ], [ [ [ 127.030124129000114, -0.196129876999976 ], [ 127.030924575000085, -0.19614551799998 ], [ 127.030158088, -0.196453239999926 ], [ 127.030124129000114, -0.196129876999976 ] ] ], [ [ [ 127.138631895000117, -0.179055362999975 ], [ 127.139708517000031, -0.178373609999937 ], [ 127.138745913000093, -0.179593686999965 ], [ 127.138631895000117, -0.179055362999975 ] ] ], [ [ [ 127.137990431000048, -0.177160436999941 ], [ 127.138175819000026, -0.176952307999954 ], [ 127.138375401000076, -0.177397332999931 ], [ 127.137990431000048, -0.177160436999941 ] ] ], [ [ [ 127.136058351000088, -0.177059755999949 ], [ 127.136343518000103, -0.17718180199995 ], [ 127.136101109000037, -0.177260730999933 ], [ 127.136058351000088, -0.177059755999949 ] ] ], [ [ [ 127.140742577000083, -0.17553141999997 ], [ 127.140293165000116, -0.178079391999972 ], [ 127.139366579000011, -0.175595879999946 ], [ 127.140742577000083, -0.17553141999997 ] ] ], [ [ [ 127.133324091000077, 0.128331814000035 ], [ 127.133229035000113, 0.128293527000039 ], [ 127.133229025000105, 0.128437076000068 ], [ 127.133324091000077, 0.128331814000035 ] ] ], [ [ [ 127.127068984000061, 0.131221476000064 ], [ 127.127297141000099, 0.131020524000064 ], [ 127.127097523000089, 0.13093916400004 ], [ 127.127068984000061, 0.131221476000064 ] ] ], [ [ [ 127.127938793000112, 0.130972722000024 ], [ 127.12831901800007, 0.131135440000037 ], [ 127.128376062000029, 0.131015820000073 ], [ 127.127938793000112, 0.130972722000024 ] ] ], [ [ [ 127.118502717000069, 0.149604597000064 ], [ 127.134601986, 0.137064518000045 ], [ 127.135011385000098, 0.128485057000034 ], [ 127.127387399000099, 0.131661717000043 ], [ 127.124136506000013, 0.130005874000062 ], [ 127.126679448000118, 0.128417453000054 ], [ 127.126508429000069, 0.127230768000061 ], [ 127.113736880000033, 0.132890409000026 ], [ 127.110732297000027, 0.142349976000048 ], [ 127.118502717000069, 0.149604597000064 ] ] ], [ [ [ 127.105211298000086, 0.143894488000058 ], [ 127.10705318700002, 0.142172072000051 ], [ 127.104682636, 0.142710179000062 ], [ 127.105211298000086, 0.143894488000058 ] ] ], [ [ [ 127.108360165000022, 0.143027485000061 ], [ 127.108680963000097, 0.143302644000073 ], [ 127.108639413000105, 0.142836111000065 ], [ 127.108360165000022, 0.143027485000061 ] ] ], [ [ [ 127.099197467000067, 0.143243538000036 ], [ 127.098745883000106, 0.143985159000067 ], [ 127.099013219000085, 0.144128728000055 ], [ 127.099197467000067, 0.143243538000036 ] ] ], [ [ [ 127.198044427000013, -0.77689116099998 ], [ 127.197245301000066, -0.778132564999964 ], [ 127.196375984000042, -0.776754066999956 ], [ 127.198044427000013, -0.77689116099998 ] ] ], [ [ [ 127.162557918000061, -0.758142260999932 ], [ 127.173516801000119, -0.758685251999964 ], [ 127.180129831000045, -0.767782155999953 ], [ 127.191178613000034, -0.775251689999948 ], [ 127.162557918000061, -0.758142260999932 ] ] ], [ [ [ 127.169237055000053, -0.703285668999968 ], [ 127.164238453000053, -0.706569827999942 ], [ 127.16298993800001, -0.704933308999955 ], [ 127.169237055000053, -0.703285668999968 ] ] ], [ [ [ 127.175293607000071, -0.690227583999956 ], [ 127.175810838000075, -0.687556908999966 ], [ 127.177052452000112, -0.689185061999979 ], [ 127.175293607000071, -0.690227583999956 ] ] ], [ [ [ 127.201147394000031, -0.660957217999965 ], [ 127.201436247000061, -0.66073122499995 ], [ 127.201518058000033, -0.661251640999978 ], [ 127.201147394000031, -0.660957217999965 ] ] ], [ [ [ 127.198381580000046, -0.632028729999945 ], [ 127.197811520000073, -0.631009292999977 ], [ 127.198723771000118, -0.632186759999968 ], [ 127.198381580000046, -0.632028729999945 ] ] ], [ [ [ 127.198226218000059, -0.627657433999957 ], [ 127.198761046000072, -0.62745664299996 ], [ 127.198140529000057, -0.628030645999957 ], [ 127.198226218000059, -0.627657433999957 ] ] ], [ [ [ 127.195846411000048, -0.622818818999974 ], [ 127.197264577000055, -0.624951093999925 ], [ 127.194897859000093, -0.623550619999946 ], [ 127.195846411000048, -0.622818818999974 ] ] ], [ [ [ 127.194270596000024, -0.62300489699993 ], [ 127.193665014000089, -0.621605031999934 ], [ 127.194634238000049, -0.622983487999932 ], [ 127.194270596000024, -0.62300489699993 ] ] ], [ [ [ 127.191541688000029, -0.617355095999926 ], [ 127.192788656000062, -0.619709812999929 ], [ 127.19094262100009, -0.617771197999957 ], [ 127.191541688000029, -0.617355095999926 ] ] ], [ [ [ 127.191113886000039, -0.61734777099997 ], [ 127.190843457000028, -0.615826004999974 ], [ 127.19162747900009, -0.616673241999933 ], [ 127.191113886000039, -0.61734777099997 ] ] ], [ [ [ 127.168792017000101, -0.589244478999944 ], [ 127.171124340000119, -0.58670436999995 ], [ 127.17123110700004, -0.587264259999927 ], [ 127.168792017000101, -0.589244478999944 ] ] ], [ [ [ 127.145987947000094, -0.582138400999952 ], [ 127.146375628000101, -0.58186649299995 ], [ 127.146181686000091, -0.58231296699995 ], [ 127.145987947000094, -0.582138400999952 ] ] ], [ [ [ 127.149569408000048, -0.528689621999945 ], [ 127.149483918000101, -0.528459914999928 ], [ 127.149705071000085, -0.528022150999959 ], [ 127.149861763000104, -0.528574868999954 ], [ 127.149569408000048, -0.528689621999945 ] ] ], [ [ [ 127.231700378000028, -0.505285091999951 ], [ 127.231552094000108, -0.505204657999968 ], [ 127.231666202000042, -0.505108983999946 ], [ 127.231700378000028, -0.505285091999951 ] ] ], [ [ [ 127.24100639400001, -0.245485764999955 ], [ 127.240735438000115, -0.254551430999925 ], [ 127.246284679000041, -0.256244986999945 ], [ 127.249714358000119, -0.255003674999955 ], [ 127.251419929, -0.263488844999927 ], [ 127.259070749000102, -0.269534482999973 ], [ 127.257323240000119, -0.274120955999933 ], [ 127.261440726000046, -0.274632445999941 ], [ 127.261098424000011, -0.275055896999959 ], [ 127.261147669000025, -0.279606748999925 ], [ 127.271793069000068, -0.27792149499993 ], [ 127.265987560000099, -0.279903406999949 ], [ 127.265979863000098, -0.283736461999979 ], [ 127.286595181000052, -0.27918346499996 ], [ 127.292975555000112, -0.270130409999979 ], [ 127.305354663000116, -0.270406120999951 ], [ 127.302903514000036, -0.287175915999967 ], [ 127.281359691000034, -0.295633220999946 ], [ 127.279612092000093, -0.292591844999947 ], [ 127.283152391000044, -0.291274018999957 ], [ 127.283333264000021, -0.289656586999968 ], [ 127.282762914000045, -0.289264098999979 ], [ 127.2832002990001, -0.288785626999925 ], [ 127.282050021000032, -0.28847918699995 ], [ 127.265459811000028, -0.286571132999939 ], [ 127.267514597000059, -0.293438411999944 ], [ 127.264187813000035, -0.289705331999926 ], [ 127.256867348000014, -0.291687712999931 ], [ 127.261581051, -0.302053464999972 ], [ 127.250502811000047, -0.319939120999948 ], [ 127.253827028000046, -0.337903732999962 ], [ 127.267575710000074, -0.335468896999942 ], [ 127.26663140200003, -0.352839509999967 ], [ 127.287982192000072, -0.373882471999934 ], [ 127.286798268000098, -0.399156276999975 ], [ 127.279913720000081, -0.395080083999972 ], [ 127.263125844000115, -0.406112734999965 ], [ 127.275840196000104, -0.44315417699994 ], [ 127.269920456000023, -0.450330806999943 ], [ 127.277755242000012, -0.455874129999927 ], [ 127.256816931000117, -0.472550657999932 ], [ 127.264013576000025, -0.491631587999962 ], [ 127.227476082000067, -0.492681052999956 ], [ 127.231342386000051, -0.507262256999979 ], [ 127.217031889000054, -0.517441228999928 ], [ 127.187104256000111, -0.517639943999939 ], [ 127.1711295, -0.530605304999938 ], [ 127.13847725200003, -0.52267153899993 ], [ 127.123369401000105, -0.509072148999962 ], [ 127.136968647000117, -0.498848191999969 ], [ 127.118274635000034, -0.498818910999944 ], [ 127.118919417000029, -0.48772998499993 ], [ 127.111319971000057, -0.485122449999949 ], [ 127.120919770000114, -0.472887627999967 ], [ 127.147637565000082, -0.476264621999974 ], [ 127.156465103000073, -0.472864835999928 ], [ 127.123744681000062, -0.444024168999931 ], [ 127.122957451000048, -0.427228765999928 ], [ 127.104142914000022, -0.425817351999967 ], [ 127.103143992000014, -0.419280926999932 ], [ 127.116041322000115, -0.419212288999972 ], [ 127.122823678000032, -0.410141649999957 ], [ 127.115325827000106, -0.399560379999969 ], [ 127.119619822000118, -0.390618300999961 ], [ 127.109268341000075, -0.387996217999955 ], [ 127.115913223, -0.387193840999942 ], [ 127.118841717, -0.373289439999951 ], [ 127.135149385000091, -0.36188790999995 ], [ 127.13622177600007, -0.340998039999931 ], [ 127.129506605000074, -0.336446215999956 ], [ 127.139789964000101, -0.322810931999925 ], [ 127.139455816, -0.317592822999927 ], [ 127.134879082000111, -0.315108581999937 ], [ 127.140127208000081, -0.312857914999938 ], [ 127.135846664000042, -0.306973522999954 ], [ 127.114973625000061, -0.302698673999942 ], [ 127.122146547000057, -0.29346944599996 ], [ 127.117133190000118, -0.287197929999934 ], [ 127.11055905, -0.291984154999966 ], [ 127.109990513000071, -0.280894998999941 ], [ 127.112677405000113, -0.286465094999926 ], [ 127.123374380000087, -0.28394519099993 ], [ 127.125678485000094, -0.275878113999966 ], [ 127.135945048000053, -0.27540602299996 ], [ 127.150506465000035, -0.256160505999958 ], [ 127.155324887, -0.264264682999965 ], [ 127.16349664400002, -0.255846571999939 ], [ 127.17542336300005, -0.264109763999954 ], [ 127.195029361000024, -0.252424907999966 ], [ 127.199268560000064, -0.25697140699998 ], [ 127.219206519000068, -0.257491337999966 ], [ 127.24100639400001, -0.245485764999955 ] ] ], [ [ [ 127.203614020000032, -0.254524717999971 ], [ 127.203571200000056, -0.254826177999973 ], [ 127.203485643000022, -0.254818987999954 ], [ 127.203614020000032, -0.254524717999971 ] ] ], [ [ [ 127.203706779000072, -0.254007931999979 ], [ 127.203642611000078, -0.254007922999961 ], [ 127.203763823000031, -0.253964872999973 ], [ 127.203706779000072, -0.254007931999979 ] ] ], [ [ [ 127.224093326000116, -0.254016749999948 ], [ 127.224421315000086, -0.253909127999975 ], [ 127.22428581500003, -0.254153155999973 ], [ 127.224093326000116, -0.254016749999948 ] ] ], [ [ [ 127.224190828000019, -0.253577718999964 ], [ 127.224101699000016, -0.253619576999938 ], [ 127.224113595000063, -0.253523873999939 ], [ 127.224190828000019, -0.253577718999964 ] ] ], [ [ [ 127.193527308000057, -0.252807509999968 ], [ 127.193270616000063, -0.252960598999948 ], [ 127.193213599000046, -0.252807465999979 ], [ 127.193527308000057, -0.252807509999968 ] ] ], [ [ [ 127.194924863000097, -0.251908096999955 ], [ 127.195352617000026, -0.252128273999972 ], [ 127.194877259, -0.252434456999936 ], [ 127.194924863000097, -0.251908096999955 ] ] ], [ [ [ 127.228656826000019, -0.251210836999974 ], [ 127.228970498000081, -0.251526705999936 ], [ 127.228749459000028, -0.25161998699997 ], [ 127.228656826000019, -0.251210836999974 ] ] ], [ [ [ 127.152372514000035, -0.182420645999969 ], [ 127.152365372000077, -0.182535485999949 ], [ 127.15230121500008, -0.182449347999977 ], [ 127.152372514000035, -0.182420645999969 ] ] ], [ [ [ 127.144513678000067, -0.179615809999973 ], [ 127.144577819000119, -0.179867030999958 ], [ 127.144435233000081, -0.179823950999946 ], [ 127.144513678000067, -0.179615809999973 ] ] ], [ [ [ 127.14459213900011, -0.179264119999971 ], [ 127.144577858000048, -0.179472266999937 ], [ 127.14449232000004, -0.179314351999949 ], [ 127.14459213900011, -0.179264119999971 ] ] ], [ [ [ 127.146816605000026, -0.178704498999934 ], [ 127.146930659000077, -0.178883947999964 ], [ 127.146973423000077, -0.179020325999943 ], [ 127.146816605000026, -0.178704498999934 ] ] ], [ [ [ 127.210036665000075, -0.11393064899994 ], [ 127.210464443000092, -0.114038342999947 ], [ 127.210200623000105, -0.114346971999964 ], [ 127.210036665000075, -0.11393064899994 ] ] ], [ [ [ 127.213344973000062, -0.112315849999959 ], [ 127.213081039000031, -0.114469174999954 ], [ 127.211141760000032, -0.11421065199994 ], [ 127.213344973000062, -0.112315849999959 ] ] ], [ [ [ 127.209345110000072, -0.113406626999961 ], [ 127.209523388000093, -0.112853948999941 ], [ 127.209715857000106, -0.113421005999953 ], [ 127.209345110000072, -0.113406626999961 ] ] ], [ [ [ 127.205587807000029, -0.112243593999949 ], [ 127.208418215000052, -0.113865947999955 ], [ 127.205466559000115, -0.112925473999951 ], [ 127.205587807000029, -0.112243593999949 ] ] ], [ [ [ 127.21438614200008, -0.108569097999975 ], [ 127.216781553000033, -0.111827969999979 ], [ 127.214542759000096, -0.112552791999974 ], [ 127.21438614200008, -0.108569097999975 ] ] ], [ [ [ 127.221794476000014, -0.103157088999978 ], [ 127.222383773000047, -0.104937225999947 ], [ 127.218010523000089, -0.110277275999977 ], [ 127.221794476000014, -0.103157088999978 ] ] ], [ [ [ 127.228021003000094, -0.106248703999938 ], [ 127.229732201000047, -0.105569298999967 ], [ 127.229865262000089, -0.106066971999951 ], [ 127.228021003000094, -0.106248703999938 ] ] ], [ [ [ 127.203321386000084, -0.04420737099997 ], [ 127.203692135000097, -0.044056646999934 ], [ 127.203742036000108, -0.04431504799993 ], [ 127.203321386000084, -0.04420737099997 ] ] ], [ [ [ 127.18905062500005, -0.043208722999964 ], [ 127.191588745000104, -0.04492425799998 ], [ 127.188993549000088, -0.044823704999942 ], [ 127.18905062500005, -0.043208722999964 ] ] ], [ [ [ 127.203856165000047, -0.042082764999975 ], [ 127.206743686000095, -0.042807787999948 ], [ 127.20491843700006, -0.044465809999963 ], [ 127.203856165000047, -0.042082764999975 ] ] ], [ [ [ 127.172331755000073, -0.038542851999978 ], [ 127.176566697000112, -0.040452200999937 ], [ 127.187603294000041, -0.043646527999954 ], [ 127.18179977200009, -0.043337746999953 ], [ 127.172331755000073, -0.038542851999978 ] ] ], [ [ [ 127.199057942000081, -0.038859844999934 ], [ 127.201667361000091, -0.041278804999934 ], [ 127.200013252000076, -0.041996542999925 ], [ 127.199057942000081, -0.038859844999934 ] ] ], [ [ [ 127.204455162000045, -0.037431583999933 ], [ 127.202936568000041, -0.035572511999931 ], [ 127.204055942000082, -0.035156223999934 ], [ 127.204455162000045, -0.037431583999933 ] ] ], [ [ [ 127.20389203600007, -0.030856737999954 ], [ 127.206066522000015, -0.035263928999939 ], [ 127.204911482000057, -0.036484126999937 ], [ 127.20389203600007, -0.030856737999954 ] ] ], [ [ [ 127.22367229300005, -0.034469919999935 ], [ 127.219375431000117, -0.033283105999942 ], [ 127.222864298000104, -0.031809317999944 ], [ 127.22367229300005, -0.034469919999935 ] ] ], [ [ [ 127.194504671000118, -0.026198229999977 ], [ 127.200899788000015, -0.038508173999958 ], [ 127.191182213000047, -0.028136165999967 ], [ 127.194504671000118, -0.026198229999977 ] ] ], [ [ [ 127.204818902000056, -0.030727553999952 ], [ 127.206137885000089, -0.031653508999966 ], [ 127.205211015000032, -0.031954958999961 ], [ 127.204818902000056, -0.030727553999952 ] ] ], [ [ [ 127.231781313000056, -0.031809472999953 ], [ 127.230440954000073, -0.028823454999952 ], [ 127.231781359000024, -0.028995744999975 ], [ 127.231781313000056, -0.031809472999953 ] ] ], [ [ [ 127.225602204000097, -0.02778976899998 ], [ 127.227864680000039, -0.030957631999968 ], [ 127.226505252000038, -0.031608401999961 ], [ 127.225602204000097, -0.02778976899998 ] ] ], [ [ [ 127.207473542000116, -0.030402205999962 ], [ 127.206579976000057, -0.028679523999926 ], [ 127.208072480000055, -0.02785649499998 ], [ 127.207473542000116, -0.030402205999962 ] ] ], [ [ [ 127.216257413000108, -0.029148625999937 ], [ 127.216010263000044, -0.028143727999975 ], [ 127.216571105000071, -0.030230088999929 ], [ 127.215934187000016, -0.029799409999953 ], [ 127.216257413000108, -0.029148625999937 ] ] ], [ [ [ 127.213918893000027, -0.026325317999977 ], [ 127.215259227000047, -0.030364053999961 ], [ 127.21060111700001, -0.030574524999963 ], [ 127.213918893000027, -0.026325317999977 ] ] ], [ [ [ 127.198988823000036, -0.027977179999937 ], [ 127.198732187000019, -0.025759251999943 ], [ 127.199701797000102, -0.027740325999957 ], [ 127.198988823000036, -0.027977179999937 ] ] ], [ [ [ 127.194953459000089, -0.025177802999963 ], [ 127.195388377000086, -0.024668189999943 ], [ 127.195010491000062, -0.025586933999932 ], [ 127.194953459000089, -0.025177802999963 ] ] ], [ [ [ 127.224297143000058, -0.02104376799997 ], [ 127.224648860000116, -0.022728173999951 ], [ 127.22277134400008, -0.023053545999971 ], [ 127.224297143000058, -0.02104376799997 ] ] ], [ [ [ 127.235802291000027, -0.021402793999926 ], [ 127.236462990000064, -0.021378874999925 ], [ 127.23581179700011, -0.021493713999973 ], [ 127.235802291000027, -0.021402793999926 ] ] ], [ [ [ 127.23562167700004, -0.020613223999931 ], [ 127.235013265000021, -0.020536652999965 ], [ 127.235536122000099, -0.020373959999972 ], [ 127.23562167700004, -0.020613223999931 ] ] ], [ [ [ 127.234419105000029, -0.021168300999932 ], [ 127.234552207000092, -0.020067691999941 ], [ 127.23458547000007, -0.020986461999939 ], [ 127.234419105000029, -0.021168300999932 ] ] ], [ [ [ 127.163823219000051, -0.015504392999958 ], [ 127.191949564000083, -0.013358497999945 ], [ 127.202197155000022, -0.022457910999947 ], [ 127.20206879400007, -0.024553814999933 ], [ 127.163823219000051, -0.015504392999958 ] ] ], [ [ [ 127.163288500000021, -0.015741248999973 ], [ 127.163466740000104, -0.015633585999979 ], [ 127.163431090000017, -0.015848913999946 ], [ 127.163288500000021, -0.015741248999973 ] ] ], [ [ [ 127.223433533000048, 0.02457385200006 ], [ 127.223328965000064, 0.024454219000063 ], [ 127.223328963000085, 0.024602562000041 ], [ 127.223433533000048, 0.02457385200006 ] ] ], [ [ [ 127.223333713000102, 0.024846609000065 ], [ 127.223129326000048, 0.024841821000052 ], [ 127.223191116000066, 0.024966238000047 ], [ 127.223333713000102, 0.024846609000065 ] ] ], [ [ [ 127.224113024000076, 0.037532268000064 ], [ 127.230092752000019, 0.026119576000042 ], [ 127.226223697000023, 0.021721888000059 ], [ 127.223043759, 0.025492611000061 ], [ 127.219892397000081, 0.02524373500006 ], [ 127.216764712000099, 0.031220422000047 ], [ 127.224113024000076, 0.037532268000064 ] ] ], [ [ [ 127.145172724000076, 0.106534909000061 ], [ 127.145396097000116, 0.106836379000072 ], [ 127.145400870000117, 0.106506214000035 ], [ 127.145172724000076, 0.106534909000061 ] ] ], [ [ [ 127.144768669000086, 0.107372263000059 ], [ 127.144184113000051, 0.106343449000065 ], [ 127.143699293000054, 0.106597025000042 ], [ 127.144768669000086, 0.107372263000059 ] ] ], [ [ [ 127.147815215000037, 0.109468292000031 ], [ 127.147601567000038, 0.105525416000035 ], [ 127.145201204000045, 0.107171319000031 ], [ 127.147815215000037, 0.109468292000031 ] ] ], [ [ [ 127.209512503000042, 0.136892913000054 ], [ 127.221513996000112, 0.141009105000023 ], [ 127.219955526000035, 0.13314686800004 ], [ 127.209512503000042, 0.136892913000054 ] ] ], [ [ [ 127.145594525000092, 0.159146578000048 ], [ 127.158332780000023, 0.157472958000028 ], [ 127.144888165000111, 0.151705809000021 ], [ 127.145594525000092, 0.159146578000048 ] ] ], [ [ [ 127.171261299000093, 0.159560675000023 ], [ 127.17257453000002, 0.157359649000057 ], [ 127.17161795200002, 0.157592838000028 ], [ 127.171261299000093, 0.159560675000023 ] ] ], [ [ [ 127.173180337000076, 0.159770195000021 ], [ 127.173025766000023, 0.160846827000057 ], [ 127.173578292000116, 0.161068188000058 ], [ 127.173180337000076, 0.159770195000021 ] ] ], [ [ [ 127.281654597000056, -1.419136670999933 ], [ 127.281262425000023, -1.421638668999947 ], [ 127.279287307000118, -1.421360668999966 ], [ 127.281654597000056, -1.419136670999933 ] ] ], [ [ [ 127.218980096000109, -0.603926809999962 ], [ 127.257774417000064, -0.605113535999976 ], [ 127.271521402000076, -0.621172221999927 ], [ 127.246668374000024, -0.628606052999942 ], [ 127.252859191000084, -0.648337563999974 ], [ 127.261272694000013, -0.649338219999947 ], [ 127.263835159000109, -0.66233127199996 ], [ 127.288932204000048, -0.668742913999949 ], [ 127.303894034000109, -0.683728926999947 ], [ 127.291428205000102, -0.688167717999931 ], [ 127.30053190600006, -0.693935030999967 ], [ 127.289333013000032, -0.704633494999939 ], [ 127.29406524500007, -0.73056973599995 ], [ 127.334600739000052, -0.785917901999937 ], [ 127.313054417000103, -0.795958638999934 ], [ 127.291668746000028, -0.797098270999925 ], [ 127.27749183800006, -0.779554913999959 ], [ 127.245791134000115, -0.765045393999969 ], [ 127.225661760000094, -0.780161573999976 ], [ 127.20057749700004, -0.77893063099998 ], [ 127.165261430000101, -0.750341266999953 ], [ 127.172018602000094, -0.735793656999931 ], [ 127.167615146000117, -0.718238975999952 ], [ 127.175778181000055, -0.711701036999955 ], [ 127.167922302000079, -0.707807634999938 ], [ 127.190195541000094, -0.692822217999947 ], [ 127.193572950000089, -0.679953867999927 ], [ 127.18724833400006, -0.678078723999931 ], [ 127.212061559000063, -0.672188801999937 ], [ 127.207452529000079, -0.653194502999952 ], [ 127.216571388000034, -0.63717455699998 ], [ 127.202170224000042, -0.63239645699997 ], [ 127.192615020000062, -0.616105078999965 ], [ 127.206757143000118, -0.617232113999933 ], [ 127.218980096000109, -0.603926809999962 ] ] ], [ [ [ 127.277776199000073, -0.650441680999961 ], [ 127.278696926000066, -0.647786118999932 ], [ 127.278895852000119, -0.649939601999961 ], [ 127.277776199000073, -0.650441680999961 ] ] ], [ [ [ 127.299853512000027, -0.646588580999946 ], [ 127.29959799400001, -0.64302814399997 ], [ 127.301507848000028, -0.646436004999941 ], [ 127.299853512000027, -0.646588580999946 ] ] ], [ [ [ 127.279252929000108, -0.634063070999957 ], [ 127.279794734, -0.634393443999954 ], [ 127.278760745000113, -0.634622794999927 ], [ 127.279252929000108, -0.634063070999957 ] ] ], [ [ [ 127.294183236000094, -0.622609144999956 ], [ 127.297901144000093, -0.627070633999949 ], [ 127.293760882000015, -0.628986099999963 ], [ 127.294183236000094, -0.622609144999956 ] ] ], [ [ [ 127.266365335000046, -0.553162856999961 ], [ 127.269781124000019, -0.55185746099994 ], [ 127.269673901000033, -0.55278339399996 ], [ 127.266365335000046, -0.553162856999961 ] ] ], [ [ [ 127.253511364000019, -0.550738893999949 ], [ 127.251607726000088, -0.550278943999956 ], [ 127.25224972, -0.549338821999925 ], [ 127.253511364000019, -0.550738893999949 ] ] ], [ [ [ 127.279183252000053, -0.543634822999934 ], [ 127.279867327000034, -0.545171122999932 ], [ 127.279118544000085, -0.545515454999929 ], [ 127.279183252000053, -0.543634822999934 ] ] ], [ [ [ 127.234962773, -0.536298668999962 ], [ 127.24837267700002, -0.543128764999949 ], [ 127.24126925500002, -0.549141773999963 ], [ 127.250445281000111, -0.55102510599994 ], [ 127.224948700000027, -0.547873615999947 ], [ 127.234962773, -0.536298668999962 ] ] ], [ [ [ 127.286077037000041, -0.538213359999929 ], [ 127.286162645000104, -0.538055465999946 ], [ 127.286141197, -0.538263624999956 ], [ 127.286077037000041, -0.538213359999929 ] ] ], [ [ [ 127.261074170000029, -0.534136847999946 ], [ 127.257520843000066, -0.542828357999952 ], [ 127.258700626000063, -0.53119320199994 ], [ 127.261074170000029, -0.534136847999946 ] ] ], [ [ [ 127.277232215000026, -0.532702895999932 ], [ 127.287382155000046, -0.537266221999971 ], [ 127.278517853000039, -0.541886377999958 ], [ 127.277232215000026, -0.532702895999932 ] ] ], [ [ [ 127.247472054000013, -0.534253068999931 ], [ 127.246066739000071, -0.536599846999934 ], [ 127.246381234000069, -0.533901035999975 ], [ 127.247472054000013, -0.534253068999931 ] ] ], [ [ [ 127.293220733000112, -0.529712810999968 ], [ 127.292799885000022, -0.530286941999975 ], [ 127.292886091000014, -0.527939724999953 ], [ 127.293220733000112, -0.529712810999968 ] ] ], [ [ [ 127.264260697000054, -0.501757810999948 ], [ 127.273399440000048, -0.527696867999964 ], [ 127.266810023000062, -0.531456297999966 ], [ 127.260670649000076, -0.523711908999928 ], [ 127.265483239000105, -0.516190706999964 ], [ 127.252469576000067, -0.511181692999969 ], [ 127.264260697000054, -0.501757810999948 ] ] ], [ [ [ 127.287258154000028, -0.48969423099993 ], [ 127.299876660000109, -0.498189194999952 ], [ 127.287412123000081, -0.500978219999979 ], [ 127.298294792000092, -0.513470115999951 ], [ 127.28970886500008, -0.517178884999964 ], [ 127.296334963000049, -0.518566055999941 ], [ 127.29066875, -0.527209338999967 ], [ 127.280800208000073, -0.509080506999965 ], [ 127.273156180000115, -0.510470987999952 ], [ 127.274407765000092, -0.496057829999927 ], [ 127.287258154000028, -0.48969423099993 ] ] ], [ [ [ 127.293642196000064, -0.50268789699993 ], [ 127.293969725000011, -0.502218936999952 ], [ 127.294101924000074, -0.502307709999968 ], [ 127.293642196000064, -0.50268789699993 ] ] ], [ [ [ 127.2539663660001, -0.496138680999934 ], [ 127.257103566000069, -0.496445774999927 ], [ 127.259033143000011, -0.497700039999927 ], [ 127.2539663660001, -0.496138680999934 ] ] ], [ [ [ 127.264729060000036, -0.492868364999936 ], [ 127.264985146000072, -0.495184533999975 ], [ 127.262067038000055, -0.493164355999966 ], [ 127.264729060000036, -0.492868364999936 ] ] ], [ [ [ 127.266943250000054, -0.477853509999932 ], [ 127.276125688000093, -0.483004885999947 ], [ 127.263500586000077, -0.482427410999946 ], [ 127.266943250000054, -0.477853509999932 ] ] ], [ [ [ 127.294669503000023, -0.346888934999924 ], [ 127.294698101000108, -0.34645825299998 ], [ 127.294812163000074, -0.346573123999974 ], [ 127.294669503000023, -0.346888934999924 ] ] ], [ [ [ 127.291092461000062, -0.333752358999959 ], [ 127.297480469000106, -0.337435851999942 ], [ 127.301992450000057, -0.345634085999961 ], [ 127.280787070000088, -0.346857692999947 ], [ 127.291092461000062, -0.333752358999959 ] ] ], [ [ [ 127.262854216000051, -0.306647586999929 ], [ 127.260021334000044, -0.305900613999938 ], [ 127.262255604000075, -0.304704645999948 ], [ 127.262854216000051, -0.306647586999929 ] ] ], [ [ [ 127.264422939000042, -0.305949184999974 ], [ 127.264499218000083, -0.304542308999942 ], [ 127.26523102900012, -0.305844038999965 ], [ 127.264422939000042, -0.305949184999974 ] ] ], [ [ [ 127.277137589000063, -0.294940119999978 ], [ 127.277216009000085, -0.295011912999939 ], [ 127.277101925000011, -0.295026250999967 ], [ 127.277137589000063, -0.294940119999978 ] ] ], [ [ [ 127.267269678000048, -0.294220776999964 ], [ 127.267704640000034, -0.294034215999943 ], [ 127.267711737000013, -0.294249557999933 ], [ 127.267269678000048, -0.294220776999964 ] ] ], [ [ [ 127.275961292000034, -0.293848873999934 ], [ 127.275818695000112, -0.293812960999958 ], [ 127.275932787000102, -0.293748376999929 ], [ 127.275961292000034, -0.293848873999934 ] ] ], [ [ [ 127.271397997, -0.294135284999925 ], [ 127.269679714000063, -0.293725869999946 ], [ 127.269886772000064, -0.291859615999954 ], [ 127.271397997, -0.294135284999925 ] ] ], [ [ [ 127.278998722000097, -0.293777564999971 ], [ 127.277429990000087, -0.29450230499998 ], [ 127.279326864000041, -0.292751152999926 ], [ 127.278998722000097, -0.293777564999971 ] ] ], [ [ [ 127.275890138000022, -0.29289418299993 ], [ 127.276346470000021, -0.29285118599995 ], [ 127.275954236000075, -0.293367942999964 ], [ 127.275890138000022, -0.29289418299993 ] ] ], [ [ [ 127.26917375700009, -0.291916929999957 ], [ 127.26910961100009, -0.291759002999925 ], [ 127.269180910000046, -0.291766191999955 ], [ 127.26917375700009, -0.291916929999957 ] ] ], [ [ [ 127.273002623000025, -0.291788317999931 ], [ 127.272938481000097, -0.291601678999939 ], [ 127.273088208000104, -0.291630414999929 ], [ 127.273002623000025, -0.291788317999931 ] ] ], [ [ [ 127.260147243000119, -0.291133126999966 ], [ 127.260232773000098, -0.291324552999924 ], [ 127.260033141, -0.291267097999935 ], [ 127.260147243000119, -0.291133126999966 ] ] ], [ [ [ 127.270300403000078, -0.291285437999932 ], [ 127.270585596000046, -0.291350084999976 ], [ 127.270435832000089, -0.291565402999936 ], [ 127.270300403000078, -0.291285437999932 ] ] ], [ [ [ 127.283071723000035, -0.290340856999933 ], [ 127.282254027000022, -0.29106810899998 ], [ 127.282054487000096, -0.29039333999998 ], [ 127.283071723000035, -0.290340856999933 ] ] ], [ [ [ 127.268714534000082, -0.290453041999967 ], [ 127.267292806000114, -0.28997714999997 ], [ 127.267286858000034, -0.289043210999978 ], [ 127.268714534000082, -0.290453041999967 ] ] ], [ [ [ 127.266459022000049, -0.281999455999937 ], [ 127.266280771000083, -0.281999428999939 ], [ 127.266304550000086, -0.281915689999948 ], [ 127.266459022000049, -0.281999455999937 ] ] ], [ [ [ 127.266292699000019, -0.281694365999954 ], [ 127.266227320000098, -0.281837915999972 ], [ 127.266203567000048, -0.281742205999933 ], [ 127.266292699000019, -0.281694365999954 ] ] ], [ [ [ 127.270012245000089, -0.28144967399993 ], [ 127.269198133000032, -0.28211351899995 ], [ 127.269346805000055, -0.281234233999953 ], [ 127.270012245000089, -0.28144967399993 ] ] ], [ [ [ 127.275134078000065, -0.28098386399995 ], [ 127.275009245000092, -0.281372656999963 ], [ 127.274896400000102, -0.281049627999948 ], [ 127.275134078000065, -0.28098386399995 ] ] ], [ [ [ 127.269863792000024, -0.280839519999972 ], [ 127.270018247000053, -0.281042919999948 ], [ 127.269994469000039, -0.281114696999964 ], [ 127.269863792000024, -0.280839519999972 ] ] ], [ [ [ 127.275478810000095, -0.280224238999949 ], [ 127.275247069000102, -0.280313930999966 ], [ 127.275247084000057, -0.280218223999952 ], [ 127.275478810000095, -0.280224238999949 ] ] ], [ [ [ 127.267736733000106, -0.280342722999933 ], [ 127.267819989000031, -0.279852236999943 ], [ 127.267992234000076, -0.280294906999927 ], [ 127.267736733000106, -0.280342722999933 ] ] ], [ [ [ 127.272175543000117, -0.277950705999956 ], [ 127.272763724000015, -0.278285767999932 ], [ 127.272395288000098, -0.278626669999937 ], [ 127.272175543000117, -0.277950705999956 ] ] ], [ [ [ 127.28451334500005, -0.278092090999962 ], [ 127.284443819000103, -0.27814292599993 ], [ 127.284437292, -0.278082508999944 ], [ 127.28451334500005, -0.278092090999962 ] ] ], [ [ [ 127.273993705000066, -0.277980881999952 ], [ 127.273839275000114, -0.277604011999927 ], [ 127.274362107000115, -0.277879247999977 ], [ 127.273993705000066, -0.277980881999952 ] ] ], [ [ [ 127.275378107000051, -0.27812464699997 ], [ 127.275348516, -0.277311130999976 ], [ 127.275550429000077, -0.278046910999933 ], [ 127.275378107000051, -0.27812464699997 ] ] ], [ [ [ 127.27279352700009, -0.277633766999941 ], [ 127.272823259, -0.277478247999966 ], [ 127.272918339000057, -0.277394517999937 ], [ 127.27279352700009, -0.277633766999941 ] ] ], [ [ [ 127.27328677200012, -0.277071560999957 ], [ 127.273162032000073, -0.276826292999942 ], [ 127.273245227000075, -0.27674854299994 ], [ 127.27328677200012, -0.277071560999957 ] ] ], [ [ [ 127.284646055000053, -0.276644530999931 ], [ 127.284851028000048, -0.276761204999957 ], [ 127.284702481000068, -0.276785109999935 ], [ 127.284646055000053, -0.276644530999931 ] ] ], [ [ [ 127.264278282000078, -0.27597514699994 ], [ 127.26416418000008, -0.276118689999976 ], [ 127.264214124000091, -0.275889001999928 ], [ 127.264278282000078, -0.27597514699994 ] ] ], [ [ [ 127.262228207000021, -0.275737485999969 ], [ 127.261347900000032, -0.275565569999969 ], [ 127.261404995000021, -0.275192323999931 ], [ 127.262228207000021, -0.275737485999969 ] ] ], [ [ [ 127.262381782000034, -0.275371916999973 ], [ 127.262702619000038, -0.275465277999956 ], [ 127.262421316000086, -0.275729594999973 ], [ 127.262381782000034, -0.275371916999973 ] ] ], [ [ [ 127.262096706000079, -0.274503337999931 ], [ 127.261954083000091, -0.274661232999961 ], [ 127.261932721000107, -0.274467423999965 ], [ 127.262096706000079, -0.274503337999931 ] ] ], [ [ [ 127.259426923000092, -0.271819523999966 ], [ 127.25954812100008, -0.27190328599994 ], [ 127.259483949000014, -0.271917631999941 ], [ 127.259426923000092, -0.271819523999966 ] ] ], [ [ [ 127.260434874000111, -0.270119683999951 ], [ 127.260146662000011, -0.270409753999957 ], [ 127.260081337000088, -0.270173467999939 ], [ 127.260434874000111, -0.270119683999951 ] ] ], [ [ [ 127.259769479000056, -0.269611147999967 ], [ 127.259659551000027, -0.269661975999952 ], [ 127.25974571900008, -0.26956329199993 ], [ 127.259769479000056, -0.269611147999967 ] ] ], [ [ [ 127.256642701000033, -0.263079839999932 ], [ 127.256503084000087, -0.262993086999927 ], [ 127.256621923000012, -0.262951231999978 ], [ 127.256642701000033, -0.263079839999932 ] ] ], [ [ [ 127.252996378000034, -0.262559522999936 ], [ 127.253162732000078, -0.26264927099993 ], [ 127.253067653000016, -0.262738981999973 ], [ 127.252996378000034, -0.262559522999936 ] ] ], [ [ [ 127.25234101500007, -0.260581394999974 ], [ 127.252663931000029, -0.260495812999977 ], [ 127.2525450710001, -0.260690199999942 ], [ 127.25234101500007, -0.260581394999974 ] ] ], [ [ [ 127.251778742000056, -0.25964629899994 ], [ 127.251701394000065, -0.260429880999936 ], [ 127.251547010000081, -0.259712063999928 ], [ 127.251778742000056, -0.25964629899994 ] ] ], [ [ [ 127.246151767000015, -0.254912265999963 ], [ 127.246213572000102, -0.254826139999977 ], [ 127.246232577000114, -0.254888350999977 ], [ 127.246151767000015, -0.254912265999963 ] ] ], [ [ [ 127.247273485000051, -0.255367022999963 ], [ 127.246784015000117, -0.254481676999944 ], [ 127.247487549000084, -0.254146802999969 ], [ 127.247273485000051, -0.255367022999963 ] ] ], [ [ [ 127.271301096000116, -0.072961867999936 ], [ 127.261287890000062, -0.125389523999957 ], [ 127.226482194000027, -0.138987175999944 ], [ 127.199019737000071, -0.118686411999931 ], [ 127.201786367000068, -0.113949271999957 ], [ 127.204581070000017, -0.116351607999945 ], [ 127.203202470000065, -0.11925133699998 ], [ 127.204172029000119, -0.120543398999928 ], [ 127.205255711000063, -0.121117692999974 ], [ 127.231291093000095, -0.108440536999979 ], [ 127.227565266000056, -0.095702007999932 ], [ 127.240313777000097, -0.088563041999976 ], [ 127.234393604000047, -0.088900118999959 ], [ 127.24007657300001, -0.078234018999979 ], [ 127.248076007, -0.084967263999943 ], [ 127.249737578, -0.077911418999975 ], [ 127.271301096000116, -0.072961867999936 ] ] ], [ [ [ 127.251293082000075, -0.024902224999948 ], [ 127.24736439000003, -0.032840970999928 ], [ 127.242509016000099, -0.028311617999975 ], [ 127.251293082000075, -0.024902224999948 ] ] ], [ [ [ 127.237389788000087, -0.027647583999965 ], [ 127.237074877000055, -0.02828760899996 ], [ 127.236552030000098, -0.027701405999949 ], [ 127.237389788000087, -0.027647583999965 ] ] ], [ [ [ 127.356079987000044, -1.527431154999931 ], [ 127.356294139000056, -1.527291955999942 ], [ 127.356872348000024, -1.526545994999935 ], [ 127.356561829000043, -1.527277678999951 ], [ 127.356079987000044, -1.527431154999931 ] ] ], [ [ [ 127.395982734000086, -1.48475872299997 ], [ 127.410563658000115, -1.500722225999937 ], [ 127.39888222400009, -1.499310998999931 ], [ 127.404538863000084, -1.509752280999976 ], [ 127.395987080000054, -1.508472129999973 ], [ 127.39586277, -1.525237320999963 ], [ 127.378044709000051, -1.521756982999932 ], [ 127.381073582000113, -1.494206610999925 ], [ 127.395982734000086, -1.48475872299997 ] ] ], [ [ [ 127.414463633000082, -1.480718765999939 ], [ 127.414696820000017, -1.480509372999961 ], [ 127.414806274000057, -1.480690212999946 ], [ 127.414463633000082, -1.480718765999939 ] ] ], [ [ [ 127.424104606000014, -1.428754565999952 ], [ 127.42483272100003, -1.42980390799994 ], [ 127.423376491000113, -1.428626073999965 ], [ 127.424104606000014, -1.428754565999952 ] ] ], [ [ [ 127.394691680000051, -1.412183208999977 ], [ 127.394943903000012, -1.412483020999957 ], [ 127.394758305000096, -1.412483020999957 ], [ 127.394691680000051, -1.412183208999977 ] ] ], [ [ [ 127.345030956000073, -1.364424351999958 ], [ 127.351776728000118, -1.371958320999966 ], [ 127.348081259000082, -1.384059926999953 ], [ 127.359930974, -1.379058298999951 ], [ 127.360782821000043, -1.365081345999954 ], [ 127.367501025000024, -1.377593030999947 ], [ 127.381142391000026, -1.36781012199998 ], [ 127.383026924000092, -1.379352886999925 ], [ 127.372626768000032, -1.385208904999956 ], [ 127.392572132000055, -1.387995088999958 ], [ 127.399131754000109, -1.405368432999978 ], [ 127.374867597000048, -1.425699935999944 ], [ 127.341093335000096, -1.435355651999942 ], [ 127.326999163000096, -1.454931948999956 ], [ 127.318230056000061, -1.437459339999975 ], [ 127.293697228000042, -1.43267719399995 ], [ 127.281516172000011, -1.414714641999979 ], [ 127.320286321000026, -1.39283293099993 ], [ 127.315051506000032, -1.379798243999971 ], [ 127.322242237000069, -1.365849842999978 ], [ 127.327615060000085, -1.365892672999962 ], [ 127.326796692000016, -1.381258834999926 ], [ 127.341369561000079, -1.386843633999945 ], [ 127.337511859000074, -1.378864705999945 ], [ 127.345030956000073, -1.364424351999958 ] ] ], [ [ [ 127.392152511000063, -1.374466226999971 ], [ 127.391461309000078, -1.380217560999938 ], [ 127.391169356000091, -1.370341849999932 ], [ 127.392152511000063, -1.374466226999971 ] ] ], [ [ [ 127.380572573000109, -1.330463705999932 ], [ 127.377075033000096, -1.334467371999949 ], [ 127.373776923000037, -1.330925985999954 ], [ 127.380572573000109, -1.330463705999932 ] ] ], [ [ [ 127.375777706, -1.318170170999963 ], [ 127.434669366000094, -1.317217196999934 ], [ 127.41741572, -1.33251583599997 ], [ 127.41049148400009, -1.328464080999936 ], [ 127.418683371000043, -1.328397049999978 ], [ 127.414544325000065, -1.322499332999939 ], [ 127.407939182000064, -1.321400167999968 ], [ 127.409026138000058, -1.329397394999944 ], [ 127.393642699000111, -1.327304921999939 ], [ 127.405825539000034, -1.32478507299993 ], [ 127.400219529000083, -1.321177808999948 ], [ 127.385628256000018, -1.327803975999927 ], [ 127.375777706, -1.318170170999963 ] ] ], [ [ [ 127.421357380000018, -1.142798585999969 ], [ 127.443962234000082, -1.18703186099998 ], [ 127.440086738000105, -1.213058670999942 ], [ 127.42739146200006, -1.221150062999925 ], [ 127.407261222000102, -1.199230467999939 ], [ 127.409555873000045, -1.163882349999938 ], [ 127.395732753000061, -1.146646652999948 ], [ 127.408052789000067, -1.136652547999972 ], [ 127.421357380000018, -1.142798585999969 ] ] ], [ [ [ 127.31470666700011, -0.667295448999937 ], [ 127.312945745000093, -0.666297074999932 ], [ 127.31384429000002, -0.666038969999931 ], [ 127.31470666700011, -0.667295448999937 ] ] ], [ [ [ 127.311748468000019, -0.664337020999938 ], [ 127.311990909000087, -0.664337104999959 ], [ 127.311926668000069, -0.664530892999949 ], [ 127.311748468000019, -0.664337020999938 ] ] ], [ [ [ 127.308512200000109, -0.661321078999947 ], [ 127.312005316000068, -0.663906418999943 ], [ 127.309209239000097, -0.666496773999938 ], [ 127.308512200000109, -0.661321078999947 ] ] ], [ [ [ 127.310622594000051, -0.655033726999932 ], [ 127.305622908000032, -0.651375956999971 ], [ 127.308475390000012, -0.65061125099993 ], [ 127.310622594000051, -0.655033726999932 ] ] ], [ [ [ 127.302304678000041, -0.651805520999972 ], [ 127.303579565000064, -0.649126112999966 ], [ 127.304491272000064, -0.652131671999939 ], [ 127.302304678000041, -0.651805520999972 ] ] ], [ [ [ 127.340703560000065, -0.648492949999934 ], [ 127.338254739000035, -0.649161900999957 ], [ 127.337868449000098, -0.646983625999951 ], [ 127.340703560000065, -0.648492949999934 ] ] ], [ [ [ 127.324284161000037, -0.657096101999969 ], [ 127.320232535000059, -0.661353798999926 ], [ 127.309996930000011, -0.649558966999962 ], [ 127.302430405000109, -0.645412234999981 ], [ 127.303243117000079, -0.631429487999981 ], [ 127.324284161000037, -0.657096101999969 ] ] ], [ [ [ 127.423220901000036, -0.645554695999977 ], [ 127.421244246000015, -0.642299794999929 ], [ 127.422642105000023, -0.641678086999946 ], [ 127.423220901000036, -0.645554695999977 ] ] ], [ [ [ 127.308828317, -0.625246137999966 ], [ 127.328557326, -0.621816515999967 ], [ 127.330054672000074, -0.637015722999934 ], [ 127.322153861000061, -0.637281124999959 ], [ 127.333052423000026, -0.657307224999954 ], [ 127.308828317, -0.625246137999966 ] ] ], [ [ [ 127.335932723000042, -0.61007544399996 ], [ 127.367177079000044, -0.617536235999978 ], [ 127.376064830000018, -0.60814961899996 ], [ 127.385818740000104, -0.611483362999934 ], [ 127.41446316400004, -0.635970791999966 ], [ 127.414328449000095, -0.656472667999935 ], [ 127.384250364000081, -0.656204549999927 ], [ 127.377700598000047, -0.667443809999952 ], [ 127.37880167600008, -0.658442440999977 ], [ 127.37262944500003, -0.648921864999977 ], [ 127.373508812000068, -0.663939357999936 ], [ 127.370330622000097, -0.657319832999974 ], [ 127.367005144000018, -0.665042669999934 ], [ 127.348324767, -0.658245732999944 ], [ 127.344408820000012, -0.639954133999936 ], [ 127.335922190000019, -0.643440004999945 ], [ 127.335932723000042, -0.61007544399996 ] ] ], [ [ [ 127.426818304000108, -0.63443379499995 ], [ 127.433588776000079, -0.631803705999971 ], [ 127.432960510000044, -0.63426338499994 ], [ 127.426818304000108, -0.63443379499995 ] ] ], [ [ [ 127.314136590000089, -0.610755104999953 ], [ 127.313223663000031, -0.611453493999932 ], [ 127.313318937000076, -0.610812271999976 ], [ 127.314136590000089, -0.610755104999953 ] ] ], [ [ [ 127.330784777000076, -0.608925318999979 ], [ 127.331140262000076, -0.612313560999951 ], [ 127.328944566000018, -0.610604452999951 ], [ 127.330784777000076, -0.608925318999979 ] ] ], [ [ [ 127.335319948000119, -0.608582173999935 ], [ 127.335876400000075, -0.607720954999934 ], [ 127.336047328000063, -0.608395764999955 ], [ 127.335319948000119, -0.608582173999935 ] ] ], [ [ [ 127.393031002000043, -0.606331600999965 ], [ 127.392488592000063, -0.607920271999944 ], [ 127.391937337000059, -0.607259688999932 ], [ 127.393031002000043, -0.606331600999965 ] ] ], [ [ [ 127.336762602000022, -0.601131581999937 ], [ 127.336774674000026, -0.608324207999942 ], [ 127.335648392000053, -0.607160979999946 ], [ 127.332525524000062, -0.606054560999951 ], [ 127.32880195000007, -0.61061876399998 ], [ 127.324125505000097, -0.60666927699998 ], [ 127.336762602000022, -0.601131581999937 ] ] ], [ [ [ 127.392185461000054, -0.604129951999937 ], [ 127.392917594000096, -0.604005742999959 ], [ 127.392413495000028, -0.604646868999964 ], [ 127.392185461000054, -0.604129951999937 ] ] ], [ [ [ 127.382112528000107, -0.594316419999927 ], [ 127.394686643000114, -0.60193886899998 ], [ 127.385196975000099, -0.605151988999978 ], [ 127.382112528000107, -0.594316419999927 ] ] ], [ [ [ 127.379400673000077, -0.593592991999969 ], [ 127.379900089000103, -0.592688657999929 ], [ 127.380449059000057, -0.593026204999944 ], [ 127.379400673000077, -0.593592991999969 ] ] ], [ [ [ 127.306306068000026, -0.513516487999937 ], [ 127.306712625000046, -0.513042838999979 ], [ 127.30661980900004, -0.513502215999949 ], [ 127.306306068000026, -0.513516487999937 ] ] ], [ [ [ 127.303447210000058, -0.503690996999978 ], [ 127.302192029000025, -0.504602291999959 ], [ 127.301978192000092, -0.504315110999926 ], [ 127.303447210000058, -0.503690996999978 ] ] ], [ [ [ 127.301423335000095, -0.499232842999959 ], [ 127.302671167000085, -0.499161385999969 ], [ 127.301958026000079, -0.499570354999946 ], [ 127.301423335000095, -0.499232842999959 ] ] ], [ [ [ 127.31008943300003, -0.426813488999926 ], [ 127.310759181000094, -0.429110652999952 ], [ 127.309953430000064, -0.429218145999926 ], [ 127.31008943300003, -0.426813488999926 ] ] ], [ [ [ 127.30744693500003, -0.42784334199996 ], [ 127.308351130000119, -0.426802327999951 ], [ 127.308487949000096, -0.428111030999958 ], [ 127.30744693500003, -0.42784334199996 ] ] ], [ [ [ 127.432304018000082, -0.349329333999947 ], [ 127.428245016000119, -0.359084363999955 ], [ 127.418341598000097, -0.352765509999927 ], [ 127.432304018000082, -0.349329333999947 ] ] ], [ [ [ 127.313210920000074, -0.349402850999979 ], [ 127.313103951000016, -0.349486576999936 ], [ 127.313080196000101, -0.349411799999928 ], [ 127.313210920000074, -0.349402850999979 ] ] ], [ [ [ 127.315296645000103, -0.345689370999935 ], [ 127.313343025000108, -0.345279865999942 ], [ 127.314448353000103, -0.344497640999975 ], [ 127.315296645000103, -0.345689370999935 ] ] ], [ [ [ 127.320815886000105, -0.343709414999978 ], [ 127.319490210000026, -0.344754545999933 ], [ 127.319490502, -0.343082023999955 ], [ 127.320815886000105, -0.343709414999978 ] ] ], [ [ [ 127.408235791000038, -0.341672949999975 ], [ 127.409647124000116, -0.344860453999956 ], [ 127.408506325000076, -0.344271621999951 ], [ 127.408235791000038, -0.341672949999975 ] ] ], [ [ [ 127.308901530000071, -0.341654095999957 ], [ 127.309215203, -0.341984346999936 ], [ 127.309022672000083, -0.342070450999927 ], [ 127.308901530000071, -0.341654095999957 ] ] ], [ [ [ 127.315132446, -0.338766272999976 ], [ 127.312623391000102, -0.342501696999932 ], [ 127.312602735000041, -0.338266566999948 ], [ 127.315132446, -0.338766272999976 ] ] ], [ [ [ 127.399154001000056, -0.32574952799996 ], [ 127.410328022000044, -0.323138321999977 ], [ 127.406709996000018, -0.340746665999973 ], [ 127.399154001000056, -0.32574952799996 ] ] ], [ [ [ 127.320795478000036, -0.329223057999968 ], [ 127.320907724000108, -0.328844067999967 ], [ 127.32098378000012, -0.328851736999979 ], [ 127.320795478000036, -0.329223057999968 ] ] ], [ [ [ 127.321355807000032, -0.327891061999935 ], [ 127.32152729500001, -0.328024698999968 ], [ 127.321343531000025, -0.328041112999927 ], [ 127.321355807000032, -0.327891061999935 ] ] ], [ [ [ 127.307406325000102, -0.278328305999935 ], [ 127.307316013000104, -0.278299579999953 ], [ 127.307354046000114, -0.278261301999976 ], [ 127.307406325000102, -0.278328305999935 ] ] ], [ [ [ 127.302277725000067, -0.240136553999946 ], [ 127.301671710000051, -0.239741680999941 ], [ 127.302719833000083, -0.239820770999927 ], [ 127.302277725000067, -0.240136553999946 ] ] ], [ [ [ 127.301864360000081, -0.238636269999972 ], [ 127.300915988000042, -0.23914580099995 ], [ 127.301130059000116, -0.237789157999941 ], [ 127.301864360000081, -0.238636269999972 ] ] ], [ [ [ 127.302719982000099, -0.238614841999947 ], [ 127.303211999000041, -0.238320598999962 ], [ 127.302784148000114, -0.238650740999958 ], [ 127.302719982000099, -0.238614841999947 ] ] ], [ [ [ 127.310293631000036, -0.226774185999943 ], [ 127.316415218000088, -0.235147764999965 ], [ 127.305177232000119, -0.241829257999939 ], [ 127.298055948000069, -0.227429033999954 ], [ 127.310293631000036, -0.226774185999943 ] ] ], [ [ [ 127.435040642000104, -0.233430676999944 ], [ 127.435026423000068, -0.233050207999952 ], [ 127.435454142000026, -0.234119870999962 ], [ 127.435040642000104, -0.233430676999944 ] ] ], [ [ [ 127.419910808000054, -0.092262569999946 ], [ 127.417712255000083, -0.091700149999951 ], [ 127.416500251000116, -0.087428853999938 ], [ 127.419910808000054, -0.092262569999946 ] ] ], [ [ [ 127.42944495200004, -0.082271176999939 ], [ 127.43135838, -0.080656064999971 ], [ 127.4306571300001, -0.082689976999973 ], [ 127.42944495200004, -0.082271176999939 ] ] ], [ [ [ 127.426278950000096, -0.083229392999954 ], [ 127.420653130000119, -0.078799986999968 ], [ 127.422557103000031, -0.07549073499996 ], [ 127.426278950000096, -0.083229392999954 ] ] ], [ [ [ 127.438738568000076, -0.079519732999927 ], [ 127.43535173500004, -0.074207422999962 ], [ 127.4392497340001, -0.075655252999979 ], [ 127.438738568000076, -0.079519732999927 ] ] ], [ [ [ 127.422614663000104, -0.059457377999934 ], [ 127.43380477300002, -0.06276943499995 ], [ 127.435363640000105, -0.073621168999978 ], [ 127.42048474, -0.068416174999925 ], [ 127.422614663000104, -0.059457377999934 ] ] ], [ [ [ 127.419442876000062, -0.01661646499997 ], [ 127.428094154000064, -0.045608502999926 ], [ 127.415715387000091, -0.053155284999946 ], [ 127.410646075000045, -0.103708811999979 ], [ 127.402632787000016, -0.071278289999952 ], [ 127.41345323500002, -0.018712552999943 ], [ 127.419442876000062, -0.01661646499997 ] ] ], [ [ [ 127.429513519000011, -0.021328580999977 ], [ 127.427830701000062, -0.022254602999965 ], [ 127.427210355000057, -0.021199342999978 ], [ 127.429513519000011, -0.021328580999977 ] ] ], [ [ [ 127.423091352000029, -0.012769252999931 ], [ 127.430659205000097, -0.01644474699998 ], [ 127.425496674000101, -0.018579140999975 ], [ 127.423091352000029, -0.012769252999931 ] ] ], [ [ [ 127.430649751000033, -0.006815840999934 ], [ 127.43073528900004, -0.012884157999963 ], [ 127.42609569900003, -0.00974469199997 ], [ 127.430649751000033, -0.006815840999934 ] ] ], [ [ [ 127.424168064000014, 0.012293574000068 ], [ 127.429910561000042, -0.001671170999941 ], [ 127.426630503000069, 0.005727568000054 ], [ 127.424301195000112, 0.005928562000065 ], [ 127.429387647000112, -0.005432758999973 ], [ 127.419423905000031, -0.009778159999939 ], [ 127.424168064000014, 0.012293574000068 ] ] ], [ [ [ 127.406003801000111, 0.011588953000057 ], [ 127.40617493000002, 0.011833023000065 ], [ 127.406210585000053, 0.011524347000034 ], [ 127.406003801000111, 0.011588953000057 ] ] ], [ [ [ 127.427629397000032, 0.014162787000032 ], [ 127.430303347000063, 0.014922541000033 ], [ 127.430327140000031, 0.010860647000072 ], [ 127.427629397000032, 0.014162787000032 ] ] ], [ [ [ 127.420180784000081, 0.018413079000027 ], [ 127.420337657000118, 0.018236008000031 ], [ 127.420033423000064, 0.018173791000038 ], [ 127.420180784000081, 0.018413079000027 ] ] ], [ [ [ 127.425544222000099, 0.139114905000042 ], [ 127.459094231000108, 0.131536423000057 ], [ 127.443222225000113, 0.117946245000041 ], [ 127.440028476000066, 0.103359068000032 ], [ 127.447388650000107, 0.069131557000048 ], [ 127.466520063000075, 0.07251336500002 ], [ 127.457273794000116, 0.053809613000055 ], [ 127.469752853000045, 0.034606796000048 ], [ 127.457244747000118, 0.007381376000069 ], [ 127.465407923000043, -0.002061642999934 ], [ 127.466957271000069, -0.040731079999944 ], [ 127.461832822000019, -0.033600124999964 ], [ 127.457554334000065, -0.039295158999948 ], [ 127.440469668000105, -0.01773977199997 ], [ 127.434684464000043, -0.004861274999939 ], [ 127.442499484000109, 0.007975521000049 ], [ 127.429032089000088, 0.024471897000069 ], [ 127.424173797000094, 0.025950628000032 ], [ 127.410303489000057, 0.009119560000045 ], [ 127.404000100000076, 0.017396360000021 ], [ 127.425544222000099, 0.139114905000042 ] ] ], [ [ [ 127.414608123000107, 0.095771880000029 ], [ 127.414023417000067, 0.095872353000061 ], [ 127.414322892000087, 0.096001581000053 ], [ 127.414608123000107, 0.095771880000029 ] ] ], [ [ [ 127.429195928000013, 0.152693008000028 ], [ 127.433372534000114, 0.146158381000021 ], [ 127.4301021120001, 0.144167285000037 ], [ 127.429195928000013, 0.152693008000028 ] ] ], [ [ [ 127.418344041000069, 0.374113315000045 ], [ 127.442438035, 0.337910277000049 ], [ 127.440397242000017, 0.316248404000021 ], [ 127.422040454000012, 0.283684786000038 ], [ 127.385542396000119, 0.277656998000055 ], [ 127.349157634000107, 0.310340200000041 ], [ 127.345719090000102, 0.335607291000031 ], [ 127.379374487000064, 0.365793540000027 ], [ 127.418344041000069, 0.374113315000045 ] ] ], [ [ [ 127.637418119000017, -1.846952687999931 ], [ 127.638275796000016, -1.849235543999953 ], [ 127.633313549000036, -1.850907351999979 ], [ 127.637418119000017, -1.846952687999931 ] ] ], [ [ [ 127.645646177000117, -1.842015068999956 ], [ 127.639760580000029, -1.847040489999927 ], [ 127.638638783000033, -1.846420878999936 ], [ 127.638374663000036, -1.844329332999962 ], [ 127.645646177000117, -1.842015068999956 ] ] ], [ [ [ 127.633680908000088, -1.820609183999977 ], [ 127.644995245000018, -1.828668418999939 ], [ 127.63601734000008, -1.845895656999971 ], [ 127.620762913000021, -1.851369130999956 ], [ 127.593630217000054, -1.846657798999956 ], [ 127.593402740000101, -1.856583006999927 ], [ 127.57150222100006, -1.865214084999934 ], [ 127.577406061000033, -1.860446834999948 ], [ 127.571891064000056, -1.842866662999938 ], [ 127.582027568000058, -1.828368606999959 ], [ 127.633680908000088, -1.820609183999977 ] ] ], [ [ [ 127.645972466000103, -1.829184892999933 ], [ 127.647446541000022, -1.828874372999962 ], [ 127.648581544000081, -1.829937991999941 ], [ 127.645972466000103, -1.829184892999933 ] ] ], [ [ [ 128.074494104000109, -1.577872744999979 ], [ 128.073658913000031, -1.578272494999965 ], [ 128.074451274000012, -1.577451580999934 ], [ 128.074494104000109, -1.577872744999979 ] ] ], [ [ [ 128.058445194000114, -1.536835095999947 ], [ 128.068140517000074, -1.542504681999958 ], [ 128.059471860000031, -1.545096599999965 ], [ 128.058445194000114, -1.536835095999947 ] ] ], [ [ [ 128.092011981000041, -1.537741796999967 ], [ 128.083399486000076, -1.54057015099994 ], [ 128.078743909000082, -1.533651774999953 ], [ 128.092011981000041, -1.537741796999967 ] ] ], [ [ [ 127.645584091000046, -1.33124965199994 ], [ 127.668692988000089, -1.348903202999963 ], [ 127.665584165000041, -1.33728900899996 ], [ 127.672240217000081, -1.331732870999929 ], [ 127.690597100000105, -1.352599915999974 ], [ 127.701939991000017, -1.353006803999961 ], [ 127.697904852000079, -1.341568749999965 ], [ 127.706672398000023, -1.336099691999948 ], [ 127.750874005000014, -1.35713297999996 ], [ 127.76004621900006, -1.353144110999949 ], [ 127.77981623900007, -1.372394734999943 ], [ 127.776565896000079, -1.37960450199995 ], [ 127.792428659000052, -1.372460028999967 ], [ 127.788839475000032, -1.389650432999929 ], [ 127.800915239000119, -1.413861447999977 ], [ 127.839506209000092, -1.425587585999949 ], [ 127.835453115000064, -1.436121305999961 ], [ 127.878551478000077, -1.439256279999938 ], [ 127.890216740000028, -1.425431791999927 ], [ 127.935505683000088, -1.448606702999939 ], [ 127.955195386000014, -1.472920765999959 ], [ 127.978137831000026, -1.484143 ], [ 127.99167577500009, -1.512321745999941 ], [ 127.998659518000068, -1.517284908999954 ], [ 128.003229247000036, -1.50911346099997 ], [ 128.011840309000036, -1.516225309999925 ], [ 128.012104804000046, -1.530383972999971 ], [ 128.019352717000061, -1.52684992099995 ], [ 128.037731446000066, -1.540201710999952 ], [ 128.058442260000106, -1.566108689999965 ], [ 128.07807915, -1.566575200999978 ], [ 128.081147077000082, -1.574182201999974 ], [ 128.075067402000059, -1.574781807999955 ], [ 128.07176559200002, -1.579494473999944 ], [ 128.090008190000049, -1.583688147999965 ], [ 128.11093014700009, -1.56036028699998 ], [ 128.120176732000118, -1.565399985999932 ], [ 128.165755429000114, -1.617669373999945 ], [ 128.167846705000102, -1.638293135999959 ], [ 128.156262218000052, -1.682985246999976 ], [ 128.110179599000048, -1.701607465999928 ], [ 128.088610393000067, -1.721391880999931 ], [ 128.07537951900008, -1.715313764999962 ], [ 128.038796918000116, -1.717646038999931 ], [ 128.024030175, -1.726679174999958 ], [ 127.979952124000079, -1.698784542999931 ], [ 127.88966060100006, -1.682696233999934 ], [ 127.855410229000086, -1.697738804999972 ], [ 127.839393654000105, -1.693347078999977 ], [ 127.816396997000084, -1.700722237999969 ], [ 127.772363881000047, -1.688540586999977 ], [ 127.747791207000091, -1.687226530999965 ], [ 127.735736525000107, -1.69562110399994 ], [ 127.715313394000077, -1.686763385999939 ], [ 127.691807294000114, -1.703346444999966 ], [ 127.673837605000017, -1.70601144099993 ], [ 127.661738402000083, -1.727322369999968 ], [ 127.6455910520001, -1.730251136999925 ], [ 127.617017295000096, -1.717344940999965 ], [ 127.597235646000058, -1.737813063999965 ], [ 127.497424439000042, -1.723895529999936 ], [ 127.482283334000044, -1.703078219999952 ], [ 127.433873200000107, -1.679296696999927 ], [ 127.422744103000014, -1.658605026999965 ], [ 127.408901634000017, -1.662462250999965 ], [ 127.391878132000102, -1.620277065999971 ], [ 127.412292525000112, -1.564762634999965 ], [ 127.402629436000097, -1.537846289999948 ], [ 127.406193594000115, -1.52475644499998 ], [ 127.432246633000091, -1.495630388999928 ], [ 127.418745570000056, -1.494707157999926 ], [ 127.416794413000048, -1.477617868999971 ], [ 127.432511273000046, -1.469326987999978 ], [ 127.428437635000023, -1.458200628999975 ], [ 127.43852655000012, -1.452385225999933 ], [ 127.444119414000056, -1.433829790999937 ], [ 127.433185196000068, -1.437070616999961 ], [ 127.431378987000016, -1.426156821999939 ], [ 127.420128895000062, -1.428022319999968 ], [ 127.414670411000088, -1.419751312999949 ], [ 127.440635090000114, -1.40883910499997 ], [ 127.447697330000096, -1.415948933999971 ], [ 127.435633462000055, -1.418090448999976 ], [ 127.437289568000097, -1.426080678999938 ], [ 127.485186970000086, -1.446504494999942 ], [ 127.493220167000118, -1.438588916999947 ], [ 127.493269247000057, -1.449769566999976 ], [ 127.504347169000084, -1.453213044999927 ], [ 127.507248813000047, -1.434502863999967 ], [ 127.517149751000034, -1.435844879999934 ], [ 127.513007704000074, -1.417184551999981 ], [ 127.537469266000016, -1.40684448899998 ], [ 127.581405830000108, -1.36404435299994 ], [ 127.620472005000011, -1.35197411799993 ], [ 127.645584091000046, -1.33124965199994 ] ] ], [ [ [ 128.031399671000031, -1.528726570999936 ], [ 128.046522531000051, -1.530382375999977 ], [ 128.045478492000029, -1.53809542099998 ], [ 128.031399671000031, -1.528726570999936 ] ] ], [ [ [ 128.001594558000079, -1.509404526999958 ], [ 128.001844401000085, -1.509508032999975 ], [ 128.001687357000037, -1.509572277999951 ], [ 128.001594558000079, -1.509404526999958 ] ] ], [ [ [ 127.989445102000104, -1.486876364999944 ], [ 127.996428704000095, -1.495392987999935 ], [ 127.99717196000006, -1.503872645999934 ], [ 127.989058751000016, -1.501296243999946 ], [ 127.989445102000104, -1.486876364999944 ] ] ], [ [ [ 127.959292499000071, -1.466975189999971 ], [ 127.969072084000118, -1.473625782999932 ], [ 127.956663196000022, -1.466665859999978 ], [ 127.959292499000071, -1.466975189999971 ] ] ], [ [ [ 127.465076356000054, -1.43356508599993 ], [ 127.464214767000044, -1.432501800999944 ], [ 127.4662172190001, -1.432828508999933 ], [ 127.465076356000054, -1.43356508599993 ] ] ], [ [ [ 127.842860307000024, -1.428328357999931 ], [ 127.845780072000025, -1.433526152999946 ], [ 127.842606167000099, -1.432785105999926 ], [ 127.842860307000024, -1.428328357999931 ] ] ], [ [ [ 127.87831910500006, -1.421071214999927 ], [ 127.868801262000034, -1.431802583999968 ], [ 127.866588363000119, -1.430517674999976 ], [ 127.869443716000092, -1.419845792999979 ], [ 127.87831910500006, -1.421071214999927 ] ] ], [ [ [ 127.523397098000032, -1.39583248799994 ], [ 127.523091776000115, -1.394528225999977 ], [ 127.523991915000011, -1.394945371999938 ], [ 127.523397098000032, -1.39583248799994 ] ] ], [ [ [ 127.869104574000062, -1.385928909999961 ], [ 127.868838081000035, -1.384563310999965 ], [ 127.869422156000041, -1.386139693999951 ], [ 127.869104574000062, -1.385928909999961 ] ] ], [ [ [ 127.709694264000063, -1.333383479999952 ], [ 127.708518781000066, -1.332229527999971 ], [ 127.709689003000108, -1.331986644999972 ], [ 127.709694264000063, -1.333383479999952 ] ] ], [ [ [ 127.703370800000016, -1.285459377999928 ], [ 127.704362052000079, -1.288160499999947 ], [ 127.70048017900001, -1.283222441999953 ], [ 127.703370800000016, -1.285459377999928 ] ] ], [ [ [ 127.70722734200001, -1.286117809999951 ], [ 127.70819697200011, -1.285522945999958 ], [ 127.707518825000079, -1.286278424999978 ], [ 127.70722734200001, -1.286117809999951 ] ] ], [ [ [ 127.693979692000084, -1.28373359099993 ], [ 127.693830977000061, -1.283947742999942 ], [ 127.693795284000089, -1.283674103999942 ], [ 127.693979692000084, -1.28373359099993 ] ] ], [ [ [ 127.69428902300001, -1.283519439999964 ], [ 127.694378252000092, -1.283906100999957 ], [ 127.694128408000097, -1.283727642999963 ], [ 127.69428902300001, -1.283519439999964 ] ] ], [ [ [ 127.705267459000083, -1.282070743999952 ], [ 127.705667209000012, -1.282441939999956 ], [ 127.705188937000116, -1.282463354999948 ], [ 127.705267459000083, -1.282070743999952 ] ] ], [ [ [ 127.698797169000045, -1.276113663999979 ], [ 127.69885070700002, -1.276395629999968 ], [ 127.698722217000068, -1.276324245999945 ], [ 127.698797169000045, -1.276113663999979 ] ] ], [ [ [ 127.697399831000098, -1.273322556999972 ], [ 127.701640030000021, -1.273915042999931 ], [ 127.70114034300002, -1.281653049999932 ], [ 127.699491377000072, -1.275885235999965 ], [ 127.697399831000098, -1.273322556999972 ] ] ], [ [ [ 127.697410413000057, -1.275909371999944 ], [ 127.693989370000054, -1.276827515999969 ], [ 127.696187561000102, -1.274725371999978 ], [ 127.697410413000057, -1.275909371999944 ] ] ], [ [ [ 127.69806905400003, -1.275881666999965 ], [ 127.698568741000031, -1.276095817999931 ], [ 127.698568741000031, -1.276281415999961 ], [ 127.69806905400003, -1.275881666999965 ] ] ], [ [ [ 127.696683494000013, -1.273182167999948 ], [ 127.696934527000053, -1.272883544999956 ], [ 127.696875041000112, -1.273333263999973 ], [ 127.696683494000013, -1.273182167999948 ] ] ], [ [ [ 127.696691823000037, -1.27227202399996 ], [ 127.696991634000028, -1.272262506999937 ], [ 127.696706099000039, -1.27271460399993 ], [ 127.696691823000037, -1.27227202399996 ] ] ], [ [ [ 127.698084520000066, -1.271957934999932 ], [ 127.698205873, -1.270758686999955 ], [ 127.698781702000019, -1.270275655999967 ], [ 127.698084520000066, -1.271957934999932 ] ] ], [ [ [ 127.70729363800001, -1.272849755999971 ], [ 127.706044671000086, -1.269675942999925 ], [ 127.706940246000045, -1.269076060999964 ], [ 127.70729363800001, -1.272849755999971 ] ] ], [ [ [ 127.697314170000027, -1.269582043999947 ], [ 127.697185679000086, -1.269903270999976 ], [ 127.697078603000023, -1.269689118999963 ], [ 127.697314170000027, -1.269582043999947 ] ] ], [ [ [ 127.701188527000113, -1.267698699999926 ], [ 127.698632986, -1.268974090999961 ], [ 127.699546699000052, -1.264119990999973 ], [ 127.701188527000113, -1.267698699999926 ] ] ], [ [ [ 127.548500906000072, -1.171165729999927 ], [ 127.598794409000106, -1.210533664999957 ], [ 127.695243920000053, -1.227153398999974 ], [ 127.692950263000057, -1.28542059199998 ], [ 127.670147569000051, -1.284366132999935 ], [ 127.679617359000076, -1.286186131999955 ], [ 127.676131164000026, -1.293055478999975 ], [ 127.638758278000068, -1.283334584999977 ], [ 127.612895818000084, -1.264004711999974 ], [ 127.561331902, -1.24806067999998 ], [ 127.53180951100012, -1.249917087999961 ], [ 127.515757666000013, -1.267520339999976 ], [ 127.494436351000104, -1.271427710999944 ], [ 127.467734040000096, -1.255318760999955 ], [ 127.46573529200009, -1.239761844999975 ], [ 127.479564720000099, -1.218013570999972 ], [ 127.50905101, -1.202732849999961 ], [ 127.510602419000065, -1.177929347999964 ], [ 127.539501124000026, -1.179227434999973 ], [ 127.548500906000072, -1.171165729999927 ] ] ], [ [ [ 127.699550965000071, -1.228012393999961 ], [ 127.698901372000023, -1.226827421999928 ], [ 127.699807946000078, -1.227141510999957 ], [ 127.699550965000071, -1.228012393999961 ] ] ], [ [ [ 127.875357327000074, -0.82562687799998 ], [ 127.875809425000057, -0.827078348999976 ], [ 127.874962336000067, -0.826526313999977 ], [ 127.875357327000074, -0.82562687799998 ] ] ], [ [ [ 127.879979426000091, -0.73105209299996 ], [ 127.877611861000105, -0.732218028999966 ], [ 127.878450622000059, -0.730112205999944 ], [ 127.879979426000091, -0.73105209299996 ] ] ], [ [ [ 127.666073089000065, -0.670235910999963 ], [ 127.662399882000045, -0.674935202999961 ], [ 127.660452426, -0.672219073999941 ], [ 127.666073089000065, -0.670235910999963 ] ] ], [ [ [ 127.526559778000092, -0.302490807999959 ], [ 127.537611306000031, -0.313504841999929 ], [ 127.568826481000087, -0.315233384999942 ], [ 127.581313483000031, -0.333141443999978 ], [ 127.578315878000012, -0.347371749999979 ], [ 127.592889146000061, -0.358513117999962 ], [ 127.592166840000118, -0.379239623999979 ], [ 127.604300908000027, -0.369999428999961 ], [ 127.613508024000112, -0.381224550999946 ], [ 127.620598262000044, -0.404815944999939 ], [ 127.614962367000089, -0.41246509299998 ], [ 127.644998718000011, -0.41174566199993 ], [ 127.649894841000105, -0.422982840999964 ], [ 127.657557644, -0.426105168999925 ], [ 127.657560373000024, -0.438054617999967 ], [ 127.692631777000088, -0.456057482999938 ], [ 127.674410513000112, -0.485904793999964 ], [ 127.675578839000082, -0.498283477999962 ], [ 127.6636166400001, -0.516473512999937 ], [ 127.637309512000115, -0.536772927999948 ], [ 127.610850054000025, -0.573960685999964 ], [ 127.601757594000105, -0.574836074999951 ], [ 127.600187233000042, -0.576514995999958 ], [ 127.603665250000063, -0.587388297999951 ], [ 127.59588825700007, -0.597311499999932 ], [ 127.596988635000116, -0.619300040999974 ], [ 127.6054666550001, -0.628317007999954 ], [ 127.647076289000097, -0.628952323999954 ], [ 127.655328260000033, -0.646748312999932 ], [ 127.64632821500004, -0.664728862999937 ], [ 127.647962905000099, -0.682646204999969 ], [ 127.652849061000097, -0.679553594999959 ], [ 127.663947911000037, -0.703692089999947 ], [ 127.684585189000018, -0.711437681999939 ], [ 127.715526172000068, -0.689759718999937 ], [ 127.743714037000018, -0.685709398999961 ], [ 127.761301391000075, -0.693321655999966 ], [ 127.772226997000075, -0.682643295999981 ], [ 127.784945974000038, -0.679405789999976 ], [ 127.790336274000083, -0.685925173999976 ], [ 127.797804732000031, -0.678608155999939 ], [ 127.851679387000104, -0.715382673999954 ], [ 127.85960344700004, -0.71615346699997 ], [ 127.858622573000048, -0.707559673999924 ], [ 127.873848745000032, -0.717926985999952 ], [ 127.87228428200001, -0.751090364999925 ], [ 127.877248159000033, -0.759764126999926 ], [ 127.87883625500001, -0.749921957999959 ], [ 127.894015146000015, -0.75848818399993 ], [ 127.890496487000064, -0.763521772999979 ], [ 127.902558123000063, -0.770744520999926 ], [ 127.905918110000016, -0.784404365999933 ], [ 127.880191432000061, -0.77434739399996 ], [ 127.88360934100001, -0.78754953899994 ], [ 127.899471701000039, -0.79637016099997 ], [ 127.879719668, -0.795214236999925 ], [ 127.880270914000107, -0.811250173999952 ], [ 127.87028491600006, -0.826553272999945 ], [ 127.851496632000021, -0.827156996999975 ], [ 127.847255892000021, -0.840354551999951 ], [ 127.83215447200007, -0.844433081999966 ], [ 127.827671285000065, -0.854082240999958 ], [ 127.789779496000051, -0.864376518999961 ], [ 127.780142679000051, -0.858784785999944 ], [ 127.769397033000018, -0.869692234999945 ], [ 127.726118556000074, -0.869356964999952 ], [ 127.738806289000081, -0.861400473999936 ], [ 127.748059812000065, -0.86514389499996 ], [ 127.749467307000032, -0.862445611999931 ], [ 127.761998817000062, -0.862409990999936 ], [ 127.765200713000013, -0.860840767999946 ], [ 127.729766504000054, -0.849208080999972 ], [ 127.717436219000092, -0.854221705999976 ], [ 127.681734786000106, -0.837908121999931 ], [ 127.682635453000103, -0.82238784499998 ], [ 127.66835998800002, -0.824030974999971 ], [ 127.670336369000097, -0.81400408199994 ], [ 127.658214385000065, -0.811690712999962 ], [ 127.655126395000025, -0.791665379999927 ], [ 127.66481792400009, -0.775607289999925 ], [ 127.654116264000095, -0.75223602899996 ], [ 127.634261360000096, -0.741168714999958 ], [ 127.609989073000065, -0.763166831999968 ], [ 127.571862969000108, -0.770007782999926 ], [ 127.499858490000065, -0.800815070999931 ], [ 127.474639658000115, -0.823396180999964 ], [ 127.463133266000114, -0.813655013999949 ], [ 127.442304505000038, -0.735464510999975 ], [ 127.454235919000098, -0.693089391999933 ], [ 127.478310095000097, -0.659794215999966 ], [ 127.480744216000062, -0.629924650999953 ], [ 127.444408836000093, -0.627695769999946 ], [ 127.421182200000089, -0.606978595999976 ], [ 127.414235430000076, -0.611319567999942 ], [ 127.419923205000032, -0.620452387999933 ], [ 127.407907638000097, -0.620398511999952 ], [ 127.390054460000101, -0.587718165999945 ], [ 127.383359694000092, -0.584127000999956 ], [ 127.375585033000107, -0.591575929999976 ], [ 127.360065185000053, -0.578815403999954 ], [ 127.361697247000052, -0.556541433999939 ], [ 127.351635401000067, -0.558455222999953 ], [ 127.342347597000071, -0.546335643999953 ], [ 127.348456340000098, -0.540866477999941 ], [ 127.306625798000027, -0.512724661999926 ], [ 127.308569788000113, -0.495196101999966 ], [ 127.295234717000085, -0.48151117499998 ], [ 127.291183564000107, -0.456810311999959 ], [ 127.29541649500004, -0.436540322999974 ], [ 127.312086633000035, -0.433511818999932 ], [ 127.32864853600006, -0.416243809999969 ], [ 127.338657166000075, -0.38400956199996 ], [ 127.33153014100003, -0.350013090999937 ], [ 127.320472511000048, -0.341569526999933 ], [ 127.323713428000019, -0.32779460699993 ], [ 127.338391306000062, -0.338282869999944 ], [ 127.372345690000088, -0.316280523999978 ], [ 127.412451590000046, -0.358221062999974 ], [ 127.410858439000094, -0.37535595099996 ], [ 127.425984056000061, -0.405702597999948 ], [ 127.451709278000067, -0.41890200499995 ], [ 127.458630562000053, -0.411592197999937 ], [ 127.452508182000088, -0.403048069999954 ], [ 127.467645811000011, -0.40259158799995 ], [ 127.479578426000103, -0.386774795999941 ], [ 127.475002240000094, -0.36595276099996 ], [ 127.484861, -0.33951376899995 ], [ 127.514874668000061, -0.325320613999963 ], [ 127.516490279000095, -0.306818299999975 ], [ 127.526559778000092, -0.302490807999959 ] ] ], [ [ [ 127.6133215320001, -0.577992869999946 ], [ 127.60666948100004, -0.58506105999993 ], [ 127.605181338000079, -0.575512390999961 ], [ 127.6133215320001, -0.577992869999946 ] ] ], [ [ [ 127.619163589000095, -0.571538531999977 ], [ 127.617102698000053, -0.571057025999949 ], [ 127.618771644000049, -0.570332328999939 ], [ 127.619163589000095, -0.571538531999977 ] ] ], [ [ [ 127.680447815000093, -0.484587782999938 ], [ 127.678706050000073, -0.494403059999968 ], [ 127.676050571000019, -0.48762159599994 ], [ 127.680447815000093, -0.484587782999938 ] ] ], [ [ [ 128.089768740000068, -0.466263914999956 ], [ 128.088369912000076, -0.464856237999925 ], [ 128.088796389000095, -0.463944769999955 ], [ 128.089768740000068, -0.466263914999956 ] ] ], [ [ [ 127.701941347000115, -0.454093286999978 ], [ 127.711521058000017, -0.454849954999929 ], [ 127.711587682000072, -0.457376942999929 ], [ 127.701941347000115, -0.454093286999978 ] ] ], [ [ [ 127.722925417000056, -0.440349756999979 ], [ 127.720955224000022, -0.43916954499997 ], [ 127.722016463000045, -0.43838432299998 ], [ 127.722925417000056, -0.440349756999979 ] ] ], [ [ [ 127.721064679000051, -0.437960777999933 ], [ 127.721131304000096, -0.43789891199998 ], [ 127.721136063000017, -0.438036920999934 ], [ 127.721064679000051, -0.437960777999933 ] ] ], [ [ [ 127.65669837900009, -0.422223020999979 ], [ 127.65582087000007, -0.424197182999933 ], [ 127.654801264000071, -0.423077030999934 ], [ 127.65669837900009, -0.422223020999979 ] ] ], [ [ [ 127.728665273000047, -0.411931854999978 ], [ 127.73766558300008, -0.424037362999968 ], [ 127.746439846000044, -0.426684512999941 ], [ 127.73388224100006, -0.429551763999939 ], [ 127.728665273000047, -0.411931854999978 ] ] ], [ [ [ 127.72527454100009, -0.419956586999945 ], [ 127.724852186000021, -0.422835734999978 ], [ 127.724530959000049, -0.417755585999942 ], [ 127.72527454100009, -0.419956586999945 ] ] ], [ [ [ 127.755575192000038, -0.414330350999933 ], [ 127.75374062700007, -0.415886518999969 ], [ 127.752723407000076, -0.415572429999941 ], [ 127.755575192000038, -0.414330350999933 ] ] ], [ [ [ 127.729216117000078, -0.400356966999937 ], [ 127.726051435000045, -0.404316389999963 ], [ 127.722448930000041, -0.405991529999937 ], [ 127.721154504000083, -0.402346195999939 ], [ 127.729216117000078, -0.400356966999937 ] ] ], [ [ [ 127.735238534000018, -0.398672307999959 ], [ 127.734707914000069, -0.398075062999965 ], [ 127.734503280000013, -0.397739558999945 ], [ 127.735238534000018, -0.398672307999959 ] ] ], [ [ [ 127.763083177000112, -0.371842600999969 ], [ 127.761860538000064, -0.37085680499996 ], [ 127.761450081000021, -0.369012722999969 ], [ 127.763083177000112, -0.371842600999969 ] ] ], [ [ [ 127.921539972000119, 0.176733475000049 ], [ 127.92408565900007, 0.109087631000023 ], [ 127.930095536000067, 0.109681399000067 ], [ 127.90385953100008, 0.105343725000068 ], [ 127.887380724000081, 0.083678815000042 ], [ 127.894931469000085, 0.066514103000031 ], [ 127.886929439000028, 0.02676642800003 ], [ 127.8897737530001, -0.004322147999972 ], [ 127.911996259000034, -0.058926203999931 ], [ 127.946548973000063, -0.112640634999934 ], [ 127.968375623000043, -0.176052526999968 ], [ 127.984392657000058, -0.270464304999962 ], [ 128.017900385000075, -0.327628234999963 ], [ 128.049232656000072, -0.417277587999934 ], [ 128.064568099000098, -0.426791719999926 ], [ 128.097941749000029, -0.506135771999936 ], [ 128.185421814000051, -0.629008381999938 ], [ 128.187744092000116, -0.64851839399995 ], [ 128.219972668000082, -0.706354202999933 ], [ 128.299198261000015, -0.764633520999951 ], [ 128.308617307000077, -0.789875500999926 ], [ 128.345650120000073, -0.814554882999971 ], [ 128.377167537000105, -0.850168384999961 ], [ 128.432599038000035, -0.88025203899997 ], [ 128.45538086900001, -0.903019150999967 ], [ 128.453353280000101, -0.913596415999962 ], [ 128.37922869800002, -0.877828311999963 ], [ 128.362043749, -0.87783258099995 ], [ 128.351605301000063, -0.88911187399998 ], [ 128.314352083000017, -0.861622466999961 ], [ 128.307660628, -0.878991846999952 ], [ 128.285445979000087, -0.878791971999931 ], [ 128.243141589000061, -0.855933358999948 ], [ 128.225673966000045, -0.837237933999972 ], [ 128.231998742000087, -0.827220727999929 ], [ 128.249280599000031, -0.82709429199997 ], [ 128.240650294000034, -0.825809382999978 ], [ 128.248738082000045, -0.820377073999964 ], [ 128.283430624000061, -0.83594588699998 ], [ 128.255674210000052, -0.796436523999944 ], [ 128.227329981000025, -0.775252984999952 ], [ 128.235110909000014, -0.771597329999963 ], [ 128.239372524000032, -0.778992694999943 ], [ 128.238615855000035, -0.771333209999966 ], [ 128.247411801000112, -0.768969172999959 ], [ 128.243484232000014, -0.758612610999933 ], [ 128.239786550000076, -0.768891882999981 ], [ 128.224524687000098, -0.768941850999965 ], [ 128.233697509000081, -0.749675355999955 ], [ 128.216815233000034, -0.772382551999954 ], [ 128.065291251000076, -0.71749480699998 ], [ 128.01947911000002, -0.686169907999954 ], [ 127.99661427500007, -0.657972104999942 ], [ 127.99564345400006, -0.629190144999939 ], [ 127.958983930000045, -0.567799725999976 ], [ 127.93846738600007, -0.503623607999941 ], [ 127.905898837000109, -0.472940312999924 ], [ 127.904892733000111, -0.445608911999955 ], [ 127.863965223000037, -0.365461315999937 ], [ 127.850457834000053, -0.363852108999936 ], [ 127.818570588000057, -0.337523423999926 ], [ 127.801298483000096, -0.340326603999927 ], [ 127.783376405000013, -0.327496211999971 ], [ 127.750765216000104, -0.320009727999945 ], [ 127.738531941000019, -0.298722934999944 ], [ 127.731114218000016, -0.303023951999933 ], [ 127.705195895000088, -0.276912955999933 ], [ 127.687218220000091, -0.269932568999934 ], [ 127.689390089000085, -0.247608295999953 ], [ 127.663453322, -0.221310116999973 ], [ 127.661150993000092, -0.208753233999971 ], [ 127.681636009000044, -0.157494023999959 ], [ 127.689389946000119, -0.108948793999957 ], [ 127.699729014000013, -0.100135643999977 ], [ 127.697552723000058, 0.006959201000029 ], [ 127.796507187000088, -0.024322830999949 ], [ 127.799141439000095, 0.131659286000058 ], [ 127.788916666000091, 0.151972190000038 ], [ 127.808704984000087, 0.15002258100003 ], [ 127.834492144000023, 0.120948783000074 ], [ 127.835494878000077, 0.128867997000043 ], [ 127.85151325400011, 0.136278329000049 ], [ 127.869555556000023, 0.124972222000054 ], [ 127.89483334900001, 0.149083361000066 ], [ 127.89530555500005, 0.16477777700004 ], [ 127.908888877000095, 0.176166667000075 ], [ 127.921539972000119, 0.176733475000049 ] ] ], [ [ [ 127.745741575000011, -0.327233581999963 ], [ 127.758271817000036, -0.357386111999972 ], [ 127.749424981000061, -0.365642841999943 ], [ 127.75537363300009, -0.369283416999963 ], [ 127.756444391000059, -0.363287175999972 ], [ 127.759989787000109, -0.373299946999964 ], [ 127.726344209000104, -0.396766191999973 ], [ 127.745741575000011, -0.327233581999963 ] ] ], [ [ [ 127.776607197000089, -0.351528617999975 ], [ 127.77154969500009, -0.350721288999978 ], [ 127.771688892000043, -0.345728837999957 ], [ 127.776607197000089, -0.351528617999975 ] ] ], [ [ [ 127.586830097000075, -0.345550900999967 ], [ 127.583561744, -0.343173689999958 ], [ 127.584372780000081, -0.342922010999928 ], [ 127.586830097000075, -0.345550900999967 ] ] ], [ [ [ 127.76258727700008, -0.332366581999963 ], [ 127.763467458000036, -0.333471392999968 ], [ 127.762963188000072, -0.333755619999977 ], [ 127.76258727700008, -0.332366581999963 ] ] ], [ [ [ 127.746519738000075, -0.325280944999975 ], [ 127.746422222000092, -0.325107110999966 ], [ 127.746613014000104, -0.325115590999928 ], [ 127.746519738000075, -0.325280944999975 ] ] ], [ [ [ 127.569099414000107, -0.310134823999931 ], [ 127.569574820000071, -0.310144460999936 ], [ 127.569051842000022, -0.310364546999949 ], [ 127.569099414000107, -0.310134823999931 ] ] ], [ [ [ 127.563261665000027, -0.308303370999965 ], [ 127.563604034000036, -0.307729093999967 ], [ 127.563568298000064, -0.30833212899995 ], [ 127.563261665000027, -0.308303370999965 ] ] ], [ [ [ 127.542532865000112, -0.299477569999965 ], [ 127.563277, -0.300191051999946 ], [ 127.56869547000008, -0.309000476999927 ], [ 127.563625564000063, -0.306709671999954 ], [ 127.562690910000015, -0.310291887999938 ], [ 127.56516552100004, -0.309394844999929 ], [ 127.562883249000038, -0.311777976999963 ], [ 127.546417888000065, -0.309815835999927 ], [ 127.542532865000112, -0.299477569999965 ] ] ], [ [ [ 127.446427242000027, -0.091651964999926 ], [ 127.441709223000089, -0.090132277999942 ], [ 127.446118401000035, -0.08805065599995 ], [ 127.446427242000027, -0.091651964999926 ] ] ], [ [ [ 127.436599151000109, -0.085705235999967 ], [ 127.438655213000061, -0.083767088999934 ], [ 127.439451393000013, -0.085501958999942 ], [ 127.436599151000109, -0.085705235999967 ] ] ], [ [ [ 127.466067853000027, -0.060362492999957 ], [ 127.471448961000078, -0.066574653999965 ], [ 127.46863466100001, -0.068297462999965 ], [ 127.466067853000027, -0.060362492999957 ] ] ], [ [ [ 127.467976970000109, -0.040080227999965 ], [ 127.467739036000012, -0.051575768999953 ], [ 127.467035273000079, -0.059472356999947 ], [ 127.462243620000095, -0.053461245999927 ], [ 127.467976970000109, -0.040080227999965 ] ] ], [ [ [ 127.456534165000107, 0.134099058000061 ], [ 127.456733838000105, 0.13384781600007 ], [ 127.456605488000037, 0.133826272000022 ], [ 127.456534165000107, 0.134099058000061 ] ] ], [ [ [ 128.353085385000099, -1.602985565999973 ], [ 128.365439148000064, -1.619289916999946 ], [ 128.354953402000092, -1.652613593999945 ], [ 128.321910907000074, -1.664752355999951 ], [ 128.295258549000096, -1.645857675999935 ], [ 128.315927687000112, -1.611899085999937 ], [ 128.353085385000099, -1.602985565999973 ] ] ], [ [ [ 128.102570847000038, -1.561495225999977 ], [ 128.094706729000109, -1.577723148999951 ], [ 128.084420630000068, -1.572213980999948 ], [ 128.090697337000051, -1.561245380999935 ], [ 128.102570847000038, -1.561495225999977 ] ] ], [ [ [ 128.334477938000077, -1.123564123999927 ], [ 128.335448879000069, -1.120462237999959 ], [ 128.3373104530001, -1.122372757999926 ], [ 128.334477938000077, -1.123564123999927 ] ] ], [ [ [ 128.306524248000073, -1.117101285999979 ], [ 128.31037268700004, -1.118778907999967 ], [ 128.310229880000065, -1.119313839999961 ], [ 128.308192951000024, -1.119952444999967 ], [ 128.307358553000086, -1.118724336999946 ], [ 128.307693541000049, -1.120060037999963 ], [ 128.306524248000073, -1.117101285999979 ] ] ], [ [ [ 128.34178044500004, -1.109426044999964 ], [ 128.345416100000079, -1.121813772999928 ], [ 128.329223008000099, -1.115790180999966 ], [ 128.331947323, -1.109268242999974 ], [ 128.34178044500004, -1.109426044999964 ] ] ], [ [ [ 128.318326891000083, -1.114863732999936 ], [ 128.317923061000101, -1.112972698999954 ], [ 128.319766083000104, -1.112745736999955 ], [ 128.318326891000083, -1.114863732999936 ] ] ], [ [ [ 128.298502359000054, -1.110540950999962 ], [ 128.300499528000046, -1.11208169899993 ], [ 128.297357258000034, -1.110914075999972 ], [ 128.298502359000054, -1.110540950999962 ] ] ], [ [ [ 128.341154009000093, -1.101438444999928 ], [ 128.344618180000111, -1.10966723699994 ], [ 128.335257359000025, -1.104579051999963 ], [ 128.341154009000093, -1.101438444999928 ] ] ], [ [ [ 128.339327344000026, -1.09432209199997 ], [ 128.337413584000046, -1.102640555999926 ], [ 128.333809192000103, -1.099518488999934 ], [ 128.339327344000026, -1.09432209199997 ] ] ], [ [ [ 128.344634051000071, -1.09654429099993 ], [ 128.342862663000119, -1.095442841999954 ], [ 128.344611039000029, -1.093001747999949 ], [ 128.344634051000071, -1.09654429099993 ] ] ], [ [ [ 128.314141984000116, -1.08752293699996 ], [ 128.316156306000039, -1.092113111999936 ], [ 128.312447421000115, -1.088569745999962 ], [ 128.314141984000116, -1.08752293699996 ] ] ], [ [ [ 128.231375880000087, -1.040361415999939 ], [ 128.233909931000085, -1.063210863999927 ], [ 128.244126081000104, -1.061145365999948 ], [ 128.237575520000064, -1.068080259999931 ], [ 128.229073895000056, -1.06040920099997 ], [ 128.231375880000087, -1.040361415999939 ] ] ], [ [ [ 128.350623977000055, -1.051280262999967 ], [ 128.351016370000025, -1.051160663999951 ], [ 128.350742819000061, -1.051561536999941 ], [ 128.350623977000055, -1.051280262999967 ] ] ], [ [ [ 128.156325917000117, -1.048386158999961 ], [ 128.156026201000032, -1.048770234999949 ], [ 128.155694613000037, -1.048296231999927 ], [ 128.156325917000117, -1.048386158999961 ] ] ], [ [ [ 128.23889401800011, -1.040475986999979 ], [ 128.248750006000023, -1.052699871999948 ], [ 128.234240948000092, -1.04811506599998 ], [ 128.23889401800011, -1.040475986999979 ] ] ], [ [ [ 128.342907404000016, -1.034989558999939 ], [ 128.360151230000042, -1.043749430999981 ], [ 128.354614347000052, -1.051653226999974 ], [ 128.351278794000109, -1.053669147999926 ], [ 128.358795410000084, -1.043108890999974 ], [ 128.343680389000042, -1.049148450999951 ], [ 128.34762137000007, -1.054954145999943 ], [ 128.339067419000116, -1.054194992999953 ], [ 128.334941588000106, -1.043030344999977 ], [ 128.342907404000016, -1.034989558999939 ] ] ], [ [ [ 128.155973703000086, -1.045135406999975 ], [ 128.155845510000063, -1.044338335999953 ], [ 128.156302040000014, -1.044424624999976 ], [ 128.155973703000086, -1.045135406999975 ] ] ], [ [ [ 128.374408917000096, -1.03758791599995 ], [ 128.362672663000012, -1.041342657999962 ], [ 128.361328293000042, -1.039435869999977 ], [ 128.374408917000096, -1.03758791599995 ] ] ], [ [ [ 128.360130508000111, -1.038842975999955 ], [ 128.361233890000108, -1.038862349999931 ], [ 128.360962721000078, -1.039250060999962 ], [ 128.360130508000111, -1.038842975999955 ] ] ], [ [ [ 128.358314571000051, -1.038140648999956 ], [ 128.357895475000078, -1.038020881999955 ], [ 128.358139255000083, -1.037838418999968 ], [ 128.358314571000051, -1.038140648999956 ] ] ], [ [ [ 128.361359576000041, -1.038172983999971 ], [ 128.36141313600001, -1.037903712999935 ], [ 128.361834053000052, -1.037831989999972 ], [ 128.361359576000041, -1.038172983999971 ] ] ], [ [ [ 128.354276438000056, -1.037149104999969 ], [ 128.356247630000098, -1.037925039999948 ], [ 128.356637422000063, -1.038899319999928 ], [ 128.354276438000056, -1.037149104999969 ] ] ], [ [ [ 128.364452308000068, -1.037396423999951 ], [ 128.363602006000065, -1.038251969999976 ], [ 128.363441591000083, -1.037755261999962 ], [ 128.364452308000068, -1.037396423999951 ] ] ], [ [ [ 128.368572135000022, -1.037594727999931 ], [ 128.369410498000093, -1.036984522999944 ], [ 128.368637478000096, -1.037858038999957 ], [ 128.368572135000022, -1.037594727999931 ] ] ], [ [ [ 128.367918046000113, -1.037481586999945 ], [ 128.367546850000053, -1.037305506999928 ], [ 128.367722930000014, -1.036977141999955 ], [ 128.367918046000113, -1.037481586999945 ] ] ], [ [ [ 128.368034640000019, -1.036627359999954 ], [ 128.368520050000029, -1.036848649999968 ], [ 128.36822737600005, -1.03721270799997 ], [ 128.368034640000019, -1.036627359999954 ] ] ], [ [ [ 128.174883584000099, -1.038557099999935 ], [ 128.178951925000092, -1.034825474999934 ], [ 128.178455923000115, -1.040253843999949 ], [ 128.174883584000099, -1.038557099999935 ] ] ], [ [ [ 128.335466046000079, -1.035592049999934 ], [ 128.33383479400004, -1.03540979099995 ], [ 128.335466139000118, -1.035142051999969 ], [ 128.335466046000079, -1.035592049999934 ] ] ], [ [ [ 128.132866580000041, -1.025172968999925 ], [ 128.133608484000092, -1.025122907999958 ], [ 128.140690694000114, -1.030438386999947 ], [ 128.132866580000041, -1.025172968999925 ] ] ], [ [ [ 128.33364576200006, -1.022202694999976 ], [ 128.334012930000085, -1.023301434999951 ], [ 128.332568485000024, -1.022489700999927 ], [ 128.33364576200006, -1.022202694999976 ] ] ], [ [ [ 128.178052445000048, -1.01426225199998 ], [ 128.17729577700004, -1.012249226999927 ], [ 128.17748137500007, -1.012163566999959 ], [ 128.178052445000048, -1.01426225199998 ] ] ], [ [ [ 128.169814117000101, -1.010106371999939 ], [ 128.171973004000051, -1.010954230999971 ], [ 128.170308276000014, -1.011829828999964 ], [ 128.169814117000101, -1.010106371999939 ] ] ], [ [ [ 128.161034936000078, -1.007836141999974 ], [ 128.162356696000074, -1.009119405999968 ], [ 128.160507045000031, -1.008109056999956 ], [ 128.161034936000078, -1.007836141999974 ] ] ], [ [ [ 128.160529462000113, -1.007359128999951 ], [ 128.160417693000113, -1.007397395999931 ], [ 128.159726173000081, -1.006755915999975 ], [ 128.160287050000079, -1.006853556999943 ], [ 128.160529462000113, -1.007359128999951 ] ] ], [ [ [ 128.158685764000097, -1.004912600999944 ], [ 128.159336924000058, -1.006365627999969 ], [ 128.158357559000024, -1.005151865999949 ], [ 128.158685764000097, -1.004912600999944 ] ] ], [ [ [ 128.158272440000019, -1.005119771999944 ], [ 128.158398037000097, -1.004938854999978 ], [ 128.158455101000072, -1.004954666999936 ], [ 128.158272440000019, -1.005119771999944 ] ] ], [ [ [ 128.158313047000092, -1.00486736299996 ], [ 128.158125206000022, -1.00483021499997 ], [ 128.158329707, -1.004809922999925 ], [ 128.158313047000092, -1.00486736299996 ] ] ], [ [ [ 128.157329733000097, -1.003987457999926 ], [ 128.158381853000037, -1.004298886999948 ], [ 128.158515507000061, -1.004690857999947 ], [ 128.157329733000097, -1.003987457999926 ] ] ], [ [ [ 128.157138475000011, -1.00413989499998 ], [ 128.157288271000084, -1.004173442999956 ], [ 128.157195520000073, -1.004233256999953 ], [ 128.157138475000011, -1.00413989499998 ] ] ], [ [ [ 128.154612762000056, -1.001200912999934 ], [ 128.157218248000049, -1.003690834999929 ], [ 128.153585594000106, -1.00095650999998 ], [ 128.154612762000056, -1.001200912999934 ] ] ], [ [ [ 128.169472850000034, -0.998707115999935 ], [ 128.174045934000105, -1.000000012999976 ], [ 128.174699262000104, -1.002433279999934 ], [ 128.169472850000034, -0.998707115999935 ] ] ], [ [ [ 128.317244139000081, -0.93851972899995 ], [ 128.329779139000038, -0.942452976999959 ], [ 128.322626480000054, -0.948841829999935 ], [ 128.332621405000054, -0.942931248999969 ], [ 128.337695606000011, -0.948522982999975 ], [ 128.328695295000102, -0.95372210499994 ], [ 128.340592600000036, -0.950384910999958 ], [ 128.332365614000082, -0.963793173999932 ], [ 128.338195367000026, -0.958872819999954 ], [ 128.346668628000089, -0.966346706999957 ], [ 128.342021541, -0.980466428999932 ], [ 128.347539511000036, -0.969794545999946 ], [ 128.35359999800005, -0.970829610999942 ], [ 128.349316968000039, -0.982108255999947 ], [ 128.361885975000064, -0.97487310899993 ], [ 128.362944835, -0.985919756999976 ], [ 128.373646462000011, -0.995657700999971 ], [ 128.382118207000076, -0.999215654999944 ], [ 128.399631039000042, -0.994379400999946 ], [ 128.401510814000062, -0.996633939999924 ], [ 128.409821081000018, -0.998704070999963 ], [ 128.413962486000059, -1.008618724999963 ], [ 128.417077285000119, -1.010683803999939 ], [ 128.415681583000037, -1.002999964999958 ], [ 128.403648691000058, -0.991625134999936 ], [ 128.385469609000097, -0.994704156999944 ], [ 128.404781314000047, -0.990530582999952 ], [ 128.416378116000033, -1.002019277999977 ], [ 128.419454613000084, -1.01222751499995 ], [ 128.414207558000044, -1.028083470999945 ], [ 128.40031577100001, -1.03814011999998 ], [ 128.391763488000038, -1.032377807999978 ], [ 128.386002185000052, -1.034747250999942 ], [ 128.389855742, -1.036340719999941 ], [ 128.390372288000094, -1.038799076999965 ], [ 128.382916565000073, -1.033789637999973 ], [ 128.35715420300005, -1.03760241599997 ], [ 128.340770974000066, -1.022015849999946 ], [ 128.332430386000055, -1.021433667999929 ], [ 128.338574064000113, -0.97249241999998 ], [ 128.307446549000019, -0.96508337299997 ], [ 128.307702342000084, -0.944857954999975 ], [ 128.31244936600001, -0.946666344999926 ], [ 128.321951924000018, -0.942163294999943 ], [ 128.312918279000087, -0.944230434999952 ], [ 128.317244139000081, -0.93851972899995 ] ] ], [ [ [ 128.367656664000037, -0.983531174999939 ], [ 128.367052281000042, -0.985867804999941 ], [ 128.366685844000017, -0.983669182999961 ], [ 128.367656664000037, -0.983531174999939 ] ] ], [ [ [ 128.365088036000088, -0.973949084999958 ], [ 128.370340696000085, -0.977131613999973 ], [ 128.370495360000064, -0.98068890899998 ], [ 128.365088036000088, -0.973949084999958 ] ] ], [ [ [ 128.355057294000062, -0.962141387999964 ], [ 128.355265497000119, -0.961130116999925 ], [ 128.355723544000057, -0.961207448999971 ], [ 128.355057294000062, -0.962141387999964 ] ] ], [ [ [ 128.343737008000062, -0.954856667999934 ], [ 128.347256231000074, -0.95387870899998 ], [ 128.346442455000101, -0.956312897999965 ], [ 128.343737008000062, -0.954856667999934 ] ] ], [ [ [ 128.359234437000055, -0.954354601999967 ], [ 128.353190607000101, -0.950571258999958 ], [ 128.35810419400002, -0.948965122999937 ], [ 128.359234437000055, -0.954354601999967 ] ] ], [ [ [ 128.142295569000112, -0.874978890999955 ], [ 128.14269463100004, -0.874904340999933 ], [ 128.142584998000075, -0.875294632999953 ], [ 128.142295569000112, -0.874978890999955 ] ] ], [ [ [ 128.084948889000088, -0.838859778999961 ], [ 128.111523954000063, -0.852717561999953 ], [ 128.103066517000116, -0.861477531999981 ], [ 128.07983394200005, -0.851199237999936 ], [ 128.084948889000088, -0.838859778999961 ] ] ], [ [ [ 128.120232172000101, -0.841757938999933 ], [ 128.121774063000089, -0.852084798999954 ], [ 128.114521466000042, -0.855706339999927 ], [ 128.114264484000046, -0.84620277199997 ], [ 128.120232172000101, -0.841757938999933 ] ] ], [ [ [ 128.131549876, -0.83035433799995 ], [ 128.131885380000085, -0.830125909999936 ], [ 128.1318354120001, -0.83050424399994 ], [ 128.131549876, -0.83035433799995 ] ] ], [ [ [ 128.135528335000117, -0.821888214999944 ], [ 128.13826709500006, -0.825435991999939 ], [ 128.134212494000053, -0.826399672999969 ], [ 128.135528335000117, -0.821888214999944 ] ] ], [ [ [ 128.144051564000051, -0.815173376999951 ], [ 128.144960519000051, -0.816881829999943 ], [ 128.144127707000052, -0.817486212999938 ], [ 128.144051564000051, -0.815173376999951 ] ] ], [ [ [ 128.139349749000075, -0.813655280999967 ], [ 128.142914183000016, -0.813798047999967 ], [ 128.138654947000077, -0.817005560999974 ], [ 128.139349749000075, -0.813655280999967 ] ] ], [ [ [ 128.13699176800003, -0.810849990999941 ], [ 128.148603112000046, -0.80462855299993 ], [ 128.152525246000096, -0.805636010999933 ], [ 128.13699176800003, -0.810849990999941 ] ] ], [ [ [ 128.155236221000109, -0.793112203999954 ], [ 128.156176108000068, -0.799102496999978 ], [ 128.1514528780001, -0.796627857999965 ], [ 128.155236221000109, -0.793112203999954 ] ] ], [ [ [ 128.156283184000017, -0.790250901999968 ], [ 128.161095643000067, -0.789911828999948 ], [ 128.161030209000046, -0.791404940999939 ], [ 128.156283184000017, -0.790250901999968 ] ] ], [ [ [ 128.193908281000063, -0.652112974999966 ], [ 128.193951, -0.652608442999963 ], [ 128.193672808000088, -0.652644300999953 ], [ 128.193908281000063, -0.652112974999966 ] ] ], [ [ [ 128.346397382000077, -0.566567220999957 ], [ 128.339106620000052, -0.572842435999974 ], [ 128.350133921000065, -0.577417904999947 ], [ 128.356925507000028, -0.569979314999955 ], [ 128.361397482000029, -0.574575567999943 ], [ 128.354006767000101, -0.581403722999937 ], [ 128.32959053400009, -0.577214440999967 ], [ 128.346397382000077, -0.566567220999957 ] ] ], [ [ [ 128.351575486000115, -0.567474239999967 ], [ 128.35627600600003, -0.569435141999975 ], [ 128.350619537000057, -0.56845072699997 ], [ 128.351575486000115, -0.567474239999967 ] ] ], [ [ [ 128.365544869000018, -0.552212443999963 ], [ 128.367748250000091, -0.554277816999956 ], [ 128.367353259000083, -0.555224840999927 ], [ 128.365544869000018, -0.552212443999963 ] ] ], [ [ [ 128.36473383900011, -0.552509006999969 ], [ 128.36359764700012, -0.552235368999959 ], [ 128.364127077000035, -0.551509633999956 ], [ 128.36473383900011, -0.552509006999969 ] ] ], [ [ [ 128.315694338000071, -0.551289533999977 ], [ 128.333804416000021, -0.551717836999956 ], [ 128.341699467000012, -0.552531611999939 ], [ 128.315694338000071, -0.551289533999977 ] ] ], [ [ [ 128.339405667000051, -0.550661355999978 ], [ 128.339762586, -0.550506690999953 ], [ 128.33958412700008, -0.550833865999948 ], [ 128.339405667000051, -0.550661355999978 ] ] ], [ [ [ 128.335360583000011, -0.550143822999928 ], [ 128.334956075000036, -0.550268744999926 ], [ 128.335330840000097, -0.550001055999928 ], [ 128.335360583000011, -0.550143822999928 ] ] ], [ [ [ 128.339191515000039, -0.549923722999949 ], [ 128.339155824000045, -0.550203308999926 ], [ 128.33903685000007, -0.550131925999949 ], [ 128.339191515000039, -0.549923722999949 ] ] ], [ [ [ 128.123655220000046, -0.43530020299994 ], [ 128.126636290000079, -0.438438418999965 ], [ 128.124710643000071, -0.437059541999929 ], [ 128.123655220000046, -0.43530020299994 ] ] ], [ [ [ 128.443828226000051, -1.15733875199993 ], [ 128.445057600000041, -1.157918257999938 ], [ 128.445495113000106, -1.15823430599994 ], [ 128.443828226000051, -1.15733875199993 ] ] ], [ [ [ 128.442938941000079, -1.156663806999973 ], [ 128.436841682000022, -1.155504069999949 ], [ 128.436956596000073, -1.151612022999927 ], [ 128.438645016, -1.151813424999943 ], [ 128.442938941000079, -1.156663806999973 ] ] ], [ [ [ 128.409314952000045, -1.156165310999938 ], [ 128.433037435000074, -1.148750804999963 ], [ 128.434591561000047, -1.151602546999925 ], [ 128.434525653000037, -1.156344451999928 ], [ 128.409314952000045, -1.156165310999938 ] ] ], [ [ [ 128.452348382000082, -1.142374322999956 ], [ 128.450485637000043, -1.14597880599996 ], [ 128.450843073000101, -1.142194509999968 ], [ 128.452348382000082, -1.142374322999956 ] ] ], [ [ [ 128.404286320000097, -1.144910685999946 ], [ 128.404871462000074, -1.144271707999962 ], [ 128.404842814000062, -1.144810269999937 ], [ 128.404286320000097, -1.144910685999946 ] ] ], [ [ [ 128.365072919000113, -1.136205787999927 ], [ 128.382338304000086, -1.133391062999976 ], [ 128.405592821000027, -1.154103288999977 ], [ 128.365072919000113, -1.136205787999927 ] ] ], [ [ [ 128.405519138000045, -1.138647200999969 ], [ 128.405129886000054, -1.137863204999974 ], [ 128.405846230000066, -1.138129644999935 ], [ 128.405519138000045, -1.138647200999969 ] ] ], [ [ [ 128.406071274000055, -1.137559408999948 ], [ 128.406665941000028, -1.136846228999957 ], [ 128.406889451000097, -1.13699467999993 ], [ 128.406071274000055, -1.137559408999948 ] ] ], [ [ [ 128.384320897000066, -1.126013401999955 ], [ 128.403103649000059, -1.125624124999945 ], [ 128.400180655000099, -1.137899261999962 ], [ 128.384320897000066, -1.126013401999955 ] ] ], [ [ [ 128.424625216000095, -1.112525346999973 ], [ 128.423808113000064, -1.113735171999963 ], [ 128.422855856000069, -1.112905587999933 ], [ 128.424625216000095, -1.112525346999973 ] ] ], [ [ [ 128.422369833000062, -1.112626776999946 ], [ 128.422634310000035, -1.11244299699996 ], [ 128.422548658000096, -1.112655535999977 ], [ 128.422369833000062, -1.112626776999946 ] ] ], [ [ [ 128.414135577000025, -1.10389362899997 ], [ 128.414201059000106, -1.103456801999926 ], [ 128.41637722400003, -1.102236476999963 ], [ 128.414135577000025, -1.10389362899997 ] ] ], [ [ [ 128.368063060000054, -1.07309928199993 ], [ 128.421051107000039, -1.096393029999945 ], [ 128.432653605000041, -1.109285049999926 ], [ 128.437312869000039, -1.11857329999998 ], [ 128.453827635000039, -1.124213496999971 ], [ 128.452934636, -1.130712099999926 ], [ 128.426611094, -1.117220760999942 ], [ 128.424981143000082, -1.11301750299998 ], [ 128.431666102, -1.112022810999974 ], [ 128.432008956000118, -1.109868596999945 ], [ 128.412435244000108, -1.099261650999949 ], [ 128.397393726000018, -1.100886302999925 ], [ 128.376629239000067, -1.120605449999971 ], [ 128.365868333000094, -1.121548602999951 ], [ 128.359697991000075, -1.118291935999935 ], [ 128.358317431000046, -1.094047083999953 ], [ 128.343647704000091, -1.090048023999941 ], [ 128.353225792000103, -1.077095884999949 ], [ 128.368063060000054, -1.07309928199993 ] ] ], [ [ [ 128.398020863000056, -1.038245868999979 ], [ 128.397301399000071, -1.038868074999925 ], [ 128.396213545000023, -1.038428035999971 ], [ 128.398020863000056, -1.038245868999979 ] ] ], [ [ [ 128.391386385000033, -1.037357311999926 ], [ 128.392723777000015, -1.038584305999962 ], [ 128.392616698000097, -1.038943329999938 ], [ 128.391386385000033, -1.037357311999926 ] ] ], [ [ [ 128.36986206600011, -1.037748086999954 ], [ 128.370326061000014, -1.037712394999971 ], [ 128.370211846000075, -1.03799792999996 ], [ 128.36986206600011, -1.037748086999954 ] ] ], [ [ [ 128.377787516000012, -1.037463140999932 ], [ 128.378076455000041, -1.037398569999937 ], [ 128.377808905000052, -1.037531362999971 ], [ 128.377787516000012, -1.037463140999932 ] ] ], [ [ [ 128.378984205000052, -1.037445711999965 ], [ 128.379370447000042, -1.037168127999962 ], [ 128.379494056000112, -1.037405599999943 ], [ 128.378984205000052, -1.037445711999965 ] ] ], [ [ [ 128.378137748000086, -1.036892138999974 ], [ 128.378152930000056, -1.037079801999937 ], [ 128.377939867, -1.037051036999969 ], [ 128.378137748000086, -1.036892138999974 ] ] ], [ [ [ 128.376671243000033, -1.036464778999971 ], [ 128.377334512000061, -1.037445098999967 ], [ 128.37645353500011, -1.037085880999939 ], [ 128.376671243000033, -1.036464778999971 ] ] ], [ [ [ 128.376036767000073, -1.035644642999955 ], [ 128.376079597000057, -1.035896865999973 ], [ 128.375894, -1.035730303999969 ], [ 128.376036767000073, -1.035644642999955 ] ] ], [ [ [ 128.37683150700002, -1.035159232999945 ], [ 128.377178909, -1.035492357999942 ], [ 128.377093248000051, -1.035630366999953 ], [ 128.37683150700002, -1.035159232999945 ] ] ], [ [ [ 128.37607008000009, -1.035287723999943 ], [ 128.376517419000038, -1.035444767999934 ], [ 128.37607008000009, -1.035373383999968 ], [ 128.37607008000009, -1.035287723999943 ] ] ], [ [ [ 128.40632456700007, -0.997477301999936 ], [ 128.405302276000043, -0.997305037999979 ], [ 128.405217556000025, -0.996940741999936 ], [ 128.405994158000112, -0.99699439699998 ], [ 128.40632456700007, -0.997477301999936 ] ] ], [ [ [ 128.405031172, -0.99725420599998 ], [ 128.40466122600003, -0.99669505199995 ], [ 128.405090476000055, -0.997169485999962 ], [ 128.405031172, -0.99725420599998 ] ] ], [ [ [ 128.402792777000059, -0.99347344499995 ], [ 128.401871925000023, -0.996228860999963 ], [ 128.400565601000039, -0.994722661999958 ], [ 128.402792777000059, -0.99347344499995 ] ] ], [ [ [ 128.379039808000016, -0.993512110999973 ], [ 128.381103990000042, -0.995284808999941 ], [ 128.380485329000066, -0.995838033999974 ], [ 128.379039808000016, -0.993512110999973 ] ] ], [ [ [ 128.376624555000035, -0.990799772999935 ], [ 128.37229155700004, -0.989993135999953 ], [ 128.373276653000062, -0.988115740999945 ], [ 128.376624555000035, -0.990799772999935 ] ] ], [ [ [ 128.382217875000038, -0.985275457999933 ], [ 128.386186816000077, -0.988152226999944 ], [ 128.381068595000102, -0.985411087999978 ], [ 128.382217875000038, -0.985275457999933 ] ] ], [ [ [ 128.373365883000019, -0.984866349999947 ], [ 128.377940397000089, -0.985258959999953 ], [ 128.377500197000018, -0.986609304999945 ], [ 128.373365883000019, -0.984866349999947 ] ] ], [ [ [ 128.372905755000033, -0.981886172999964 ], [ 128.37322460200005, -0.983718358999965 ], [ 128.372177639000029, -0.982105083999954 ], [ 128.372905755000033, -0.981886172999964 ] ] ], [ [ [ 128.462292425000101, -0.918203826999957 ], [ 128.460008143000096, -0.914677464999954 ], [ 128.461526239000023, -0.91421109099997 ], [ 128.462292425000101, -0.918203826999957 ] ] ], [ [ [ 128.408704901000078, -0.600297981999972 ], [ 128.412845163000043, -0.588733800999933 ], [ 128.413202083000101, -0.596300486999951 ], [ 128.410979666000117, -0.596033987999931 ], [ 128.409590061000017, -0.602120648999971 ], [ 128.420740215000023, -0.594658658999947 ], [ 128.409789935000049, -0.603929039999969 ], [ 128.408704901000078, -0.600297981999972 ] ] ], [ [ [ 128.490455269000108, -0.592480351999939 ], [ 128.49051931300005, -0.594182261999947 ], [ 128.488429386, -0.592645327999946 ], [ 128.490455269000108, -0.592480351999939 ] ] ], [ [ [ 128.493786466000074, -0.593292116999976 ], [ 128.494378650000044, -0.59200676599994 ], [ 128.49467109200009, -0.592286852999962 ], [ 128.493786466000074, -0.593292116999976 ] ] ], [ [ [ 128.492602410000018, -0.592423102999931 ], [ 128.490883257000064, -0.592616831999976 ], [ 128.492780842000116, -0.591338783999959 ], [ 128.492602410000018, -0.592423102999931 ] ] ], [ [ [ 128.486960291000059, -0.588580732999958 ], [ 128.475040340000078, -0.590353324999967 ], [ 128.477102500000115, -0.583560284999976 ], [ 128.486960291000059, -0.588580732999958 ] ] ], [ [ [ 128.409994569000105, -0.582523407999929 ], [ 128.409518677000051, -0.581628730999967 ], [ 128.410441908000053, -0.582180765999965 ], [ 128.409994569000105, -0.582523407999929 ] ] ], [ [ [ 128.408438402000115, -0.581942819999938 ], [ 128.408271839, -0.581485962999977 ], [ 128.408533580000039, -0.581381266999927 ], [ 128.408438402000115, -0.581942819999938 ] ] ], [ [ [ 128.44139343400002, -0.57293791799998 ], [ 128.434407313000065, -0.587801815999967 ], [ 128.423451517000103, -0.590673065999965 ], [ 128.430004137000083, -0.571650200999954 ], [ 128.44139343400002, -0.57293791799998 ] ] ], [ [ [ 128.427769846000047, -0.575654156999974 ], [ 128.428412077000075, -0.573246207999944 ], [ 128.429025550000119, -0.57309786299993 ], [ 128.427769846000047, -0.575654156999974 ] ] ], [ [ [ 128.42745151400004, -0.572772168999961 ], [ 128.423599313000068, -0.57529468599995 ], [ 128.426381694000042, -0.571106080999925 ], [ 128.42745151400004, -0.572772168999961 ] ] ], [ [ [ 128.404946543000051, -0.57133756199994 ], [ 128.407226066000021, -0.575691975999973 ], [ 128.406907218000015, -0.575815706999947 ], [ 128.404946543000051, -0.57133756199994 ] ] ], [ [ [ 128.422296782000103, -0.570569490999958 ], [ 128.423309206000113, -0.575514871999928 ], [ 128.419210244000055, -0.572828781999931 ], [ 128.422296782000103, -0.570569490999958 ] ] ], [ [ [ 128.412314189000085, -0.572673085999952 ], [ 128.41317024500006, -0.571993378999935 ], [ 128.413013246000105, -0.572663582999951 ], [ 128.412314189000085, -0.572673085999952 ] ] ], [ [ [ 128.406045853000023, -0.570585651999977 ], [ 128.406088683, -0.570885464999947 ], [ 128.40590308600008, -0.570704624999962 ], [ 128.406045853000023, -0.570585651999977 ] ] ], [ [ [ 128.420684681000012, -0.570468794999954 ], [ 128.421217276000107, -0.570665127999973 ], [ 128.420537232000015, -0.570765592999976 ], [ 128.420684681000012, -0.570468794999954 ] ] ], [ [ [ 128.418449138000028, -0.568930051999928 ], [ 128.419342861000018, -0.572003584999948 ], [ 128.416979483000091, -0.571031522999931 ], [ 128.418449138000028, -0.568930051999928 ] ] ], [ [ [ 128.402881170000114, -0.570057411999926 ], [ 128.402543287000071, -0.570276321999927 ], [ 128.402514734000079, -0.570062169999972 ], [ 128.402881170000114, -0.570057411999926 ] ] ], [ [ [ 128.404218427000046, -0.569752839999978 ], [ 128.405712729000015, -0.56956248399996 ], [ 128.405803149, -0.570557098999927 ], [ 128.404218427000046, -0.569752839999978 ] ] ], [ [ [ 128.405969711000012, -0.568206190999945 ], [ 128.405512855000097, -0.568839126999933 ], [ 128.405298703000085, -0.568444136999972 ], [ 128.405969711000012, -0.568206190999945 ] ] ], [ [ [ 128.406988568000088, -0.567641097999967 ], [ 128.406926766000083, -0.567444812999952 ], [ 128.407078933000093, -0.567521424999939 ], [ 128.406988568000088, -0.567641097999967 ] ] ], [ [ [ 128.400953807000064, -0.566102747999935 ], [ 128.401929386, -0.566569121999976 ], [ 128.401777101000107, -0.56670713099993 ], [ 128.400953807000064, -0.566102747999935 ] ] ], [ [ [ 128.398757565000096, -0.564958226999977 ], [ 128.398781359000054, -0.565121814999941 ], [ 128.398659412000029, -0.565032584999926 ], [ 128.398757565000096, -0.564958226999977 ] ] ], [ [ [ 128.412748015000034, -0.561987901999942 ], [ 128.40873379300001, -0.567966813999931 ], [ 128.407250438000119, -0.564491091999969 ], [ 128.412748015000034, -0.561987901999942 ] ] ], [ [ [ 128.413922330000105, -0.564860393999936 ], [ 128.412781056000085, -0.564453359999959 ], [ 128.413684663000026, -0.563788017999968 ], [ 128.413922330000105, -0.564860393999936 ] ] ], [ [ [ 128.406147133000104, -0.564850024999942 ], [ 128.407026991000066, -0.563902232999965 ], [ 128.406503756, -0.565223470999968 ], [ 128.406147133000104, -0.564850024999942 ] ] ], [ [ [ 128.398298923000084, -0.563830956999936 ], [ 128.39760888, -0.563992760999952 ], [ 128.398060977000114, -0.563526385999978 ], [ 128.398298923000084, -0.563830956999936 ] ] ], [ [ [ 128.408472816000085, -0.562293853999961 ], [ 128.407269550000024, -0.563600659999963 ], [ 128.407193607000067, -0.562174040999935 ], [ 128.408472816000085, -0.562293853999961 ] ] ], [ [ [ 128.395196107000061, -0.56343120799994 ], [ 128.397042568000074, -0.562650744999928 ], [ 128.397085399000048, -0.563064769999926 ], [ 128.395196107000061, -0.56343120799994 ] ] ], [ [ [ 128.408748893000052, -0.559697976999928 ], [ 128.406139274000111, -0.56026620199998 ], [ 128.409034312000017, -0.558788420999974 ], [ 128.408748893000052, -0.559697976999928 ] ] ], [ [ [ 128.391327103000094, -0.55981918599997 ], [ 128.391136746000029, -0.560799523999947 ], [ 128.390037435000067, -0.55815832199994 ], [ 128.391327103000094, -0.55981918599997 ] ] ], [ [ [ 128.388852463000035, -0.557097081999927 ], [ 128.389628167000069, -0.558210670999927 ], [ 128.388447955000061, -0.557563456999958 ], [ 128.388852463000035, -0.557097081999927 ] ] ], [ [ [ 128.38693937700009, -0.555893074999972 ], [ 128.385459352000112, -0.556892448999974 ], [ 128.385069121000015, -0.556150056999968 ], [ 128.38693937700009, -0.555893074999972 ] ] ], [ [ [ 128.410160906000101, -0.551346697999975 ], [ 128.405342758000074, -0.560030345999962 ], [ 128.3990563320001, -0.557123823999973 ], [ 128.401472465000097, -0.553543185999956 ], [ 128.410160906000101, -0.551346697999975 ] ] ], [ [ [ 128.369043034000015, -0.557753375999937 ], [ 128.372959626000011, -0.555545236999933 ], [ 128.384818860000109, -0.55550240599996 ], [ 128.369043034000015, -0.557753375999937 ] ] ], [ [ [ 128.367714709000097, -0.527072172999965 ], [ 128.404484520000096, -0.552327771999956 ], [ 128.398752398000056, -0.554597776999969 ], [ 128.398445448000075, -0.557845741999927 ], [ 128.392834679000089, -0.547004916999924 ], [ 128.390536120000093, -0.553293832999941 ], [ 128.390214892000017, -0.546890702999974 ], [ 128.379634090000081, -0.548621529999934 ], [ 128.366526168000064, -0.536862464999956 ], [ 128.349342890000116, -0.547671166999976 ], [ 128.3619659310001, -0.547617628999944 ], [ 128.367748022000114, -0.549396275999925 ], [ 128.366867621000097, -0.551603225999941 ], [ 128.33523268700003, -0.548069725999937 ], [ 128.367714709000097, -0.527072172999965 ] ] ], [ [ [ 128.75174283900003, -1.523145645999932 ], [ 128.748549741000033, -1.52211596799998 ], [ 128.751909947000058, -1.517816615999948 ], [ 128.75174283900003, -1.523145645999932 ] ] ], [ [ [ 128.72629892000009, -1.520825135999928 ], [ 128.723481890000016, -1.508556916999964 ], [ 128.734126954000089, -1.505902527999979 ], [ 128.736729982000043, -1.518118054999945 ], [ 128.72629892000009, -1.520825135999928 ] ] ], [ [ [ 128.707020236000062, -1.509058802999959 ], [ 128.713479749000044, -1.518107954999948 ], [ 128.705648756000073, -1.515354112999944 ], [ 128.707020236000062, -1.509058802999959 ] ] ], [ [ [ 128.64520235100008, -1.500000012999976 ], [ 128.64480848200003, -1.508712940999942 ], [ 128.630263472000024, -1.510858853999935 ], [ 128.633630761000063, -1.500781919999952 ], [ 128.64520235100008, -1.500000012999976 ] ] ], [ [ [ 128.667942230000108, -1.478065946999948 ], [ 128.668531147000067, -1.478744092999932 ], [ 128.667460390000088, -1.478952294999942 ], [ 128.667942230000108, -1.478065946999948 ] ] ], [ [ [ 128.935390355000095, -1.392623000999947 ], [ 128.935797031000106, -1.394011391999925 ], [ 128.934443722000083, -1.393068213999925 ], [ 128.935390355000095, -1.392623000999947 ] ] ], [ [ [ 128.925360359000024, -1.378760965999959 ], [ 128.929124666, -1.389992021999944 ], [ 128.916229230000113, -1.398340039999937 ], [ 128.911779882000019, -1.384230559999935 ], [ 128.925360359000024, -1.378760965999959 ] ] ], [ [ [ 128.909074936000025, -1.379991077999932 ], [ 128.908927410000047, -1.380029149999928 ], [ 128.908953583000084, -1.379919693999966 ], [ 128.909074936000025, -1.379991077999932 ] ] ], [ [ [ 128.909665043000018, -1.379170163999959 ], [ 128.909110628, -1.37976502999993 ], [ 128.909134423000069, -1.379315310999971 ], [ 128.909665043000018, -1.379170163999959 ] ] ], [ [ [ 128.910602669000014, -1.377847539999948 ], [ 128.911041680000039, -1.377001642999971 ], [ 128.911327215000028, -1.377458498999943 ], [ 128.910602669000014, -1.377847539999948 ] ] ], [ [ [ 128.910920327000099, -1.37694096599995 ], [ 128.910791836000044, -1.376919550999958 ], [ 128.910891774000106, -1.376805336999951 ], [ 128.910920327000099, -1.37694096599995 ] ] ], [ [ [ 128.501357369000061, -1.172846233999962 ], [ 128.498502016000089, -1.174226320999935 ], [ 128.4990635690001, -1.173426821999954 ], [ 128.49978692500008, -1.172969964999936 ], [ 128.501357369000061, -1.172846233999962 ] ] ], [ [ [ 128.552358944000048, -0.698527213999967 ], [ 128.548550151000086, -0.693026135999958 ], [ 128.553179580000119, -0.695590226999968 ], [ 128.552358944000048, -0.698527213999967 ] ] ], [ [ [ 128.571725946000015, -0.654344881999975 ], [ 128.579050614000039, -0.65452202299997 ], [ 128.580557849000115, -0.658289841999931 ], [ 128.571725946000015, -0.654344881999975 ] ] ], [ [ [ 128.570781903000011, -0.654841972999975 ], [ 128.56384184500007, -0.654278450999925 ], [ 128.557973687000072, -0.650215991999971 ], [ 128.570781903000011, -0.654841972999975 ] ] ], [ [ [ 128.557927327000016, -0.650129814999957 ], [ 128.553659264000089, -0.64880795299996 ], [ 128.553385868000078, -0.648191550999968 ], [ 128.557927327000016, -0.650129814999957 ] ] ], [ [ [ 128.541841318000024, -0.645560681999939 ], [ 128.539879504000055, -0.646787270999937 ], [ 128.539653646000033, -0.646410243999981 ], [ 128.541841318000024, -0.645560681999939 ] ] ], [ [ [ 128.528860896000083, -0.643981548999932 ], [ 128.536685212000066, -0.643360408999968 ], [ 128.539466298000093, -0.64691120599997 ], [ 128.528860896000083, -0.643981548999932 ] ] ], [ [ [ 128.593776578000075, -0.628229962999967 ], [ 128.606671548, -0.644114441999932 ], [ 128.596452007000039, -0.653879974999938 ], [ 128.592951147, -0.647488486999976 ], [ 128.603367416000083, -0.645690442999978 ], [ 128.600861770000051, -0.637968131999969 ], [ 128.600171736000107, -0.643928418999963 ], [ 128.593709597000043, -0.633414731999949 ], [ 128.589576322000084, -0.641026397999951 ], [ 128.578139289000092, -0.63680775399996 ], [ 128.581392427000083, -0.63349513199995 ], [ 128.592492394000033, -0.630240577999928 ], [ 128.593776578000075, -0.628229962999967 ] ] ], [ [ [ 128.517754412000045, -0.637716827999952 ], [ 128.515774634000081, -0.640403550999963 ], [ 128.513861170000041, -0.63321633399994 ], [ 128.517754412000045, -0.637716827999952 ] ] ], [ [ [ 128.565112767000073, -0.63298283599994 ], [ 128.569097965000083, -0.633409250999932 ], [ 128.569202445000087, -0.635161448999952 ], [ 128.565112767000073, -0.63298283599994 ] ] ], [ [ [ 128.515042709000113, -0.630902351999964 ], [ 128.514525700000036, -0.629132173999949 ], [ 128.515385233000075, -0.62960620399997 ], [ 128.515042709000113, -0.630902351999964 ] ] ], [ [ [ 128.591545436000047, -0.629559452999956 ], [ 128.590223436000088, -0.628621014999965 ], [ 128.591326793, -0.628056185999981 ], [ 128.591545436000047, -0.629559452999956 ] ] ], [ [ [ 128.588571480000041, -0.627799841999945 ], [ 128.587720117000117, -0.629082801999971 ], [ 128.588143489000117, -0.627570011999978 ], [ 128.588571480000041, -0.627799841999945 ] ] ], [ [ [ 128.586878464000051, -0.627833218999967 ], [ 128.585832250000067, -0.627445354999963 ], [ 128.586536114000069, -0.627091142999973 ], [ 128.586878464000051, -0.627833218999967 ] ] ], [ [ [ 128.55151046200001, -0.624117492999972 ], [ 128.551162850000082, -0.629426681999973 ], [ 128.548052911000013, -0.626563551999936 ], [ 128.55151046200001, -0.624117492999972 ] ] ], [ [ [ 128.5638744150001, -0.623920580999936 ], [ 128.567613377000043, -0.625874750999969 ], [ 128.562466703000041, -0.625633155999935 ], [ 128.5638744150001, -0.623920580999936 ] ] ], [ [ [ 128.548982414000079, -0.624522560999935 ], [ 128.548237020000101, -0.623930056999939 ], [ 128.548818443000073, -0.623362800999928 ], [ 128.548982414000079, -0.624522560999935 ] ] ], [ [ [ 128.541011798000113, -0.625042936999932 ], [ 128.539702826000052, -0.624892018999958 ], [ 128.540769545000103, -0.62177193499997 ], [ 128.541011798000113, -0.625042936999932 ] ] ], [ [ [ 128.528516047000039, -0.623736065999935 ], [ 128.52830223400008, -0.62161045199997 ], [ 128.529343664000066, -0.622163486999966 ], [ 128.528516047000039, -0.623736065999935 ] ] ], [ [ [ 128.551985116000083, -0.620920761999969 ], [ 128.551899346000027, -0.622925714999951 ], [ 128.550919659000101, -0.623251173999961 ], [ 128.551985116000083, -0.620920761999969 ] ] ], [ [ [ 128.558439035000106, -0.621600869999952 ], [ 128.557817752000119, -0.622531367999954 ], [ 128.557413602000111, -0.621597790999942 ], [ 128.558439035000106, -0.621600869999952 ] ] ], [ [ [ 128.532822525000029, -0.620698859999948 ], [ 128.534225221000042, -0.623097461999976 ], [ 128.530549225000073, -0.622015185999942 ], [ 128.532822525000029, -0.620698859999948 ] ] ], [ [ [ 128.553905784000108, -0.621057804999964 ], [ 128.555862696000077, -0.621424206999961 ], [ 128.554849630000035, -0.622810071999936 ], [ 128.553905784000108, -0.621057804999964 ] ] ], [ [ [ 128.553015934000086, -0.620502989999977 ], [ 128.553119853000112, -0.62181953299995 ], [ 128.55292070400003, -0.621906286999945 ], [ 128.553015934000086, -0.620502989999977 ] ] ], [ [ [ 128.546055477000095, -0.619839302999935 ], [ 128.551335614000095, -0.620799053999974 ], [ 128.547498530000098, -0.623116395999944 ], [ 128.546055477000095, -0.619839302999935 ] ] ], [ [ [ 128.545804761000113, -0.618724242999974 ], [ 128.545709524000017, -0.620178403999944 ], [ 128.545195354000043, -0.619816312999944 ], [ 128.545804761000113, -0.618724242999974 ] ] ], [ [ [ 128.54255369100008, -0.618126734999976 ], [ 128.542835409000077, -0.618747922999944 ], [ 128.54236103400001, -0.618762243999925 ], [ 128.54255369100008, -0.618126734999976 ] ] ], [ [ [ 128.543748966000067, -0.617552650999926 ], [ 128.543554138000104, -0.615762150999956 ], [ 128.544457713000043, -0.615671267999971 ], [ 128.543748966000067, -0.617552650999926 ] ] ], [ [ [ 128.541656519000071, -0.617265226999962 ], [ 128.54227963400001, -0.615747678999981 ], [ 128.542564983000034, -0.615599293999935 ], [ 128.541656519000071, -0.617265226999962 ] ] ], [ [ [ 128.510546330000011, -0.612714508999943 ], [ 128.515678087000083, -0.616285557999959 ], [ 128.513177968000036, -0.619134608999957 ], [ 128.510546330000011, -0.612714508999943 ] ] ], [ [ [ 128.50969211600011, -0.61738801599995 ], [ 128.505012975000113, -0.613445187999957 ], [ 128.502901869000084, -0.609366159999979 ], [ 128.50969211600011, -0.61738801599995 ] ] ], [ [ [ 128.530102151000051, -0.611920239999961 ], [ 128.53022708200001, -0.610817956999938 ], [ 128.530812046000051, -0.610534356999949 ], [ 128.530102151000051, -0.611920239999961 ] ] ], [ [ [ 128.528971654000088, -0.610225407999962 ], [ 128.529107077000049, -0.61150724099997 ], [ 128.528871627000058, -0.612056571999972 ], [ 128.528971654000088, -0.610225407999962 ] ] ], [ [ [ 128.52615989100002, -0.61038326299996 ], [ 128.526255068000069, -0.609635243999946 ], [ 128.526751442000091, -0.609545523999941 ], [ 128.52615989100002, -0.61038326299996 ] ] ], [ [ [ 128.524365304000071, -0.608680711999966 ], [ 128.52559520200009, -0.609940380999944 ], [ 128.524245775000054, -0.610227502999976 ], [ 128.524365304000071, -0.608680711999966 ] ] ], [ [ [ 128.51037448000011, -0.609201323999969 ], [ 128.508869258000118, -0.610062911999933 ], [ 128.510374588000104, -0.608005678999973 ], [ 128.51037448000011, -0.609201323999969 ] ] ], [ [ [ 128.523478978000071, -0.609742712999946 ], [ 128.523247257000094, -0.608444117999966 ], [ 128.523942775000023, -0.608300557999939 ], [ 128.523478978000071, -0.609742712999946 ] ] ], [ [ [ 128.503643507000106, -0.607971304999978 ], [ 128.504894179000075, -0.60847888099994 ], [ 128.504822805000117, -0.608928886999934 ], [ 128.503643507000106, -0.607971304999978 ] ] ], [ [ [ 128.522033976000102, -0.607411332999959 ], [ 128.52290421500004, -0.607818336999969 ], [ 128.521734213000059, -0.609235295999952 ], [ 128.522033976000102, -0.607411332999959 ] ] ], [ [ [ 128.51183947800007, -0.608059712999932 ], [ 128.511558914000034, -0.607877766999934 ], [ 128.511768276000112, -0.606594771999937 ], [ 128.51183947800007, -0.608059712999932 ] ] ], [ [ [ 128.512530677000086, -0.608524203999934 ], [ 128.512438024000062, -0.60763374499993 ], [ 128.512823247000028, -0.607389624999939 ], [ 128.512530677000086, -0.608524203999934 ] ] ], [ [ [ 128.521438855000042, -0.606937329999937 ], [ 128.521265261000053, -0.607107265999957 ], [ 128.520475791000081, -0.607573964999972 ], [ 128.521027488000072, -0.607037827999932 ], [ 128.521438855000042, -0.606937329999937 ] ] ], [ [ [ 128.520378408000056, -0.606372325999928 ], [ 128.520197621000079, -0.607205311999962 ], [ 128.520040688000108, -0.607195722999961 ], [ 128.520378408000056, -0.606372325999928 ] ] ], [ [ [ 128.520139007000012, -0.606778033999944 ], [ 128.520114052000054, -0.606639197999925 ], [ 128.520169929000076, -0.606651170999953 ], [ 128.520139007000012, -0.606778033999944 ] ] ], [ [ [ 128.504585954000049, -0.607434569999953 ], [ 128.508861934000038, -0.609675827999979 ], [ 128.506233544000111, -0.609854732999963 ], [ 128.504585954000049, -0.607434569999953 ] ] ], [ [ [ 128.519296055000041, -0.607029653999973 ], [ 128.520334030000072, -0.606282917999977 ], [ 128.519766871000115, -0.606896846999973 ], [ 128.519296055000041, -0.607029653999973 ] ] ], [ [ [ 128.518919136000022, -0.604775367999935 ], [ 128.519922487000031, -0.605670695999947 ], [ 128.518957046000082, -0.606309722999924 ], [ 128.518919136000022, -0.604775367999935 ] ] ], [ [ [ 128.517075783000109, -0.605297145999941 ], [ 128.517283832000089, -0.605395903999977 ], [ 128.517075774000091, -0.605404861999943 ], [ 128.517075783000109, -0.605297145999941 ] ] ], [ [ [ 128.518593340000052, -0.605196627999931 ], [ 128.518486353000071, -0.605055389999961 ], [ 128.518707502000098, -0.604883064999967 ], [ 128.518593340000052, -0.605196627999931 ] ] ], [ [ [ 128.505863073000114, -0.604732221999939 ], [ 128.506395722000093, -0.604464177999944 ], [ 128.505715609000049, -0.605187006999927 ], [ 128.505863073000114, -0.604732221999939 ] ] ], [ [ [ 128.515504618000023, -0.603481594999948 ], [ 128.518490799000119, -0.604509135999933 ], [ 128.517665632000103, -0.605322914999931 ], [ 128.515504618000023, -0.603481594999948 ] ] ], [ [ [ 128.515603830000032, -0.602822286999924 ], [ 128.516274456000019, -0.601824179999937 ], [ 128.51644920800004, -0.602007312999945 ], [ 128.515603830000032, -0.602822286999924 ] ] ], [ [ [ 128.494570698000075, -0.598081934999925 ], [ 128.50819969500003, -0.603389973999924 ], [ 128.501874880000059, -0.602211704999945 ], [ 128.502416405000076, -0.608911663999947 ], [ 128.494570698000075, -0.598081934999925 ] ] ], [ [ [ 128.512897193000072, -0.601438195999947 ], [ 128.513005661000079, -0.600976702999958 ], [ 128.513222491000079, -0.601244814999973 ], [ 128.512897193000072, -0.601438195999947 ] ] ], [ [ [ 128.514273323000111, -0.599373048999951 ], [ 128.514753416000076, -0.601886459999946 ], [ 128.51300811100009, -0.601948538999977 ], [ 128.514273323000111, -0.599373048999951 ] ] ], [ [ [ 128.494706448000102, -0.595705026999951 ], [ 128.494663449000086, -0.597888055999931 ], [ 128.49230969000007, -0.595202133999976 ], [ 128.494706448000102, -0.595705026999951 ] ] ] ] } },
{ "type": "Feature", "properties": { "kemendagri_kab_code": 8205, "kemendagri_kab_name": "Kabupaten Kepulauan Sula", "kemendagri_prov_code": 82, "kemendagri_prov_name": "Maluku Utara" }, "geometry": { "type": "MultiPolygon", "coordinates": [ [ [ [ 125.913571896, -1.977758519999952 ], [ 125.929190466000023, -1.982263427999953 ], [ 125.944385742, -1.980140245999962 ], [ 125.987296783000033, -2.015416439999967 ], [ 125.992440091000049, -2.028028591999941 ], [ 125.992946938000046, -2.045167273999937 ], [ 125.981188090000046, -2.056077983999955 ], [ 125.960352480000097, -2.120381637999969 ], [ 125.957947224, -2.159734519999972 ], [ 126.039408241000046, -2.359196183999927 ], [ 126.072042138000029, -2.419808486999955 ], [ 126.072805318000064, -2.445144919999962 ], [ 126.049863507000055, -2.477098711999929 ], [ 125.997335052000039, -2.445994294999934 ], [ 125.976466689000063, -2.417836669999929 ], [ 125.961645204000092, -2.376736536999942 ], [ 125.957498993000058, -2.322615695999957 ], [ 125.879975306000119, -2.210141111999974 ], [ 125.887465191000047, -2.174706655999955 ], [ 125.879477341000097, -2.13611655699998 ], [ 125.855835017000118, -2.091944242999944 ], [ 125.858228968000049, -2.060839213999941 ], [ 125.89919666600008, -1.98326207599996 ], [ 125.913571896, -1.977758519999952 ] ] ], [ [ [ 125.92774621500007, -1.977360284999975 ], [ 125.926256263000028, -1.977578200999972 ], [ 125.926469336000082, -1.977073049999944 ], [ 125.92774621500007, -1.977360284999975 ] ] ], [ [ [ 125.929531261000079, -1.977436193999949 ], [ 125.928122854000094, -1.97756931999993 ], [ 125.928731092000021, -1.976397701999929 ], [ 125.929531261000079, -1.977436193999949 ] ] ], [ [ [ 125.782859310000049, -1.940873351999926 ], [ 125.784432453000022, -1.943323494999959 ], [ 125.782285845000047, -1.94145225099993 ], [ 125.782859310000049, -1.940873351999926 ] ] ], [ [ [ 125.784041402000071, -1.934384485999942 ], [ 125.783694264000019, -1.933506773999966 ], [ 125.784290933000079, -1.93370579499998 ], [ 125.784041402000071, -1.934384485999942 ] ] ], [ [ [ 125.772675394000089, -1.928992082999969 ], [ 125.771990446000018, -1.929267713999934 ], [ 125.772175693, -1.928604573999962 ], [ 125.772675394000089, -1.928992082999969 ] ] ], [ [ [ 125.802357211000071, -1.913938553999969 ], [ 125.802025990000061, -1.920323123999935 ], [ 125.795892691000063, -1.921076936999953 ], [ 125.802357211000071, -1.913938553999969 ] ] ], [ [ [ 125.419661805000032, -1.884192460999941 ], [ 125.419510248000051, -1.891472713999974 ], [ 125.412698600000112, -1.895327975999976 ], [ 125.412007499000083, -1.890593543999955 ], [ 125.419661805000032, -1.884192460999941 ] ] ], [ [ [ 125.385492745000079, -1.880136753999977 ], [ 125.386390625000104, -1.890158972999927 ], [ 125.37379734000001, -1.888346706999926 ], [ 125.375248318000104, -1.882088073999967 ], [ 125.385492745000079, -1.880136753999977 ] ] ], [ [ [ 125.409883457000092, -1.778703191999966 ], [ 125.412280864000081, -1.797527767999952 ], [ 125.424694988000056, -1.809256606999952 ], [ 125.44965886600005, -1.80050375999997 ], [ 125.457494577000034, -1.778474303999928 ], [ 125.480166470000086, -1.779737830999977 ], [ 125.486888376000024, -1.786245860999941 ], [ 125.471464710000078, -1.801897955999948 ], [ 125.487650549000023, -1.809348690999968 ], [ 125.488473040000031, -1.819893986999944 ], [ 125.496620107000012, -1.80762638899995 ], [ 125.4993505650001, -1.821810236999966 ], [ 125.50916346200006, -1.809366607999948 ], [ 125.516802969000082, -1.818244798999956 ], [ 125.514721675000033, -1.804856912999981 ], [ 125.520990335000079, -1.80195411099993 ], [ 125.526411750000079, -1.811368023999933 ], [ 125.526143690000026, -1.798064856999929 ], [ 125.539031789000092, -1.786501700999963 ], [ 125.541255157000023, -1.812423738999939 ], [ 125.549414186000035, -1.802408302999936 ], [ 125.588407907000033, -1.805167062999942 ], [ 125.587860185000068, -1.812736685999937 ], [ 125.597701636000011, -1.808535509999956 ], [ 125.60412580000002, -1.81988477699997 ], [ 125.622862627000018, -1.812752104999959 ], [ 125.628870544000051, -1.828136620999942 ], [ 125.637082540000051, -1.829941203999965 ], [ 125.647788060000039, -1.821216910999965 ], [ 125.688768089000064, -1.822884436999971 ], [ 125.696974374000092, -1.830296933999932 ], [ 125.715000029000066, -1.816801011999928 ], [ 125.727660823000065, -1.827121130999956 ], [ 125.730146884000078, -1.815730174999942 ], [ 125.745329749, -1.806200909999973 ], [ 125.750968120000039, -1.815387531999932 ], [ 125.757055732000026, -1.806284666999943 ], [ 125.769140510000057, -1.806183322999971 ], [ 125.771571615000084, -1.812857312999938 ], [ 125.780938541000069, -1.80738366099996 ], [ 125.780247257000042, -1.797866595999949 ], [ 125.784163751000051, -1.805352285999959 ], [ 125.815233237000029, -1.811364022999953 ], [ 125.831450859000029, -1.80262272799996 ], [ 125.873888855000018, -1.807092318999935 ], [ 125.884770923000019, -1.794498284999975 ], [ 125.913438669000016, -1.793082029999937 ], [ 126.129949449000037, -1.812092295999946 ], [ 126.177262533000089, -1.810000391999949 ], [ 126.179665233000037, -1.807010343999934 ], [ 126.187060067000061, -1.80846992599993 ], [ 126.196978360000116, -1.804454668999938 ], [ 126.208028472000024, -1.815079829999945 ], [ 126.267237877000071, -1.815256838999971 ], [ 126.304854764000083, -1.828599169999961 ], [ 126.315291197000079, -1.823832506999963 ], [ 126.312697902000082, -1.815370490999953 ], [ 126.353272286000106, -1.814847413999928 ], [ 126.337342367000019, -1.819276466999952 ], [ 126.320112978000111, -1.843380897999964 ], [ 126.274195643000098, -1.857150237999974 ], [ 126.245341114000098, -1.879253382999934 ], [ 126.206312517000015, -1.866999313999941 ], [ 126.138992684000073, -1.891130454999939 ], [ 126.089065289000018, -1.878723726999965 ], [ 125.985203705000117, -1.916326475999938 ], [ 125.95052846100009, -1.919970559999967 ], [ 125.919108082000093, -1.938815342999931 ], [ 125.842057566000108, -1.895025884999939 ], [ 125.790389643000026, -1.914133436999975 ], [ 125.784384837000061, -1.933078595999973 ], [ 125.767961626000101, -1.920634357999973 ], [ 125.759189246000119, -1.929005491999931 ], [ 125.577752250000117, -1.928973215999974 ], [ 125.528512934000105, -1.948007267999969 ], [ 125.509991797000112, -1.948420410999972 ], [ 125.49045107500001, -1.934117116999971 ], [ 125.422707519000028, -1.950368300999969 ], [ 125.418062465000048, -1.944111073999977 ], [ 125.440910800000097, -1.926768290999973 ], [ 125.433309884000096, -1.91367338699996 ], [ 125.435935795000091, -1.887840637999943 ], [ 125.407910695000055, -1.878098186999978 ], [ 125.40426109200007, -1.868620427999929 ], [ 125.394677860000115, -1.87421810099994 ], [ 125.392933820000053, -1.858866101999979 ], [ 125.388726448000057, -1.867505721999976 ], [ 125.378670932000091, -1.857845118999933 ], [ 125.374529844000108, -1.862825426999962 ], [ 125.371000955000113, -1.845633963999944 ], [ 125.359037325000031, -1.884503300999938 ], [ 125.345219666000048, -1.887990093999974 ], [ 125.332640846000118, -1.875833093999972 ], [ 125.329028171000118, -1.85810302799996 ], [ 125.32771402100002, -1.832785558999944 ], [ 125.341220154000098, -1.813609991999954 ], [ 125.351262836000046, -1.80450833499998 ], [ 125.366697665000061, -1.81208931499998 ], [ 125.375751038000089, -1.806713637999962 ], [ 125.373379191000026, -1.798836668999968 ], [ 125.356890807000013, -1.796694207999963 ], [ 125.365732175000062, -1.781422821999968 ], [ 125.409883457000092, -1.778703191999966 ] ] ], [ [ [ 125.624209626000038, -1.809539130999951 ], [ 125.620389507000027, -1.80784043899996 ], [ 125.622739297000066, -1.80569980599995 ], [ 125.624209626000038, -1.809539130999951 ] ] ], [ [ [ 125.799119510000082, -1.802167480999969 ], [ 125.795946656000069, -1.801858263999975 ], [ 125.797521971000037, -1.800259748999963 ], [ 125.799119510000082, -1.802167480999969 ] ] ], [ [ [ 125.748244663000037, -1.800852864999968 ], [ 125.749435838000068, -1.803593742999965 ], [ 125.747773521000113, -1.80189048699998 ], [ 125.748244663000037, -1.800852864999968 ] ] ], [ [ [ 125.417586068000105, -1.794243799999947 ], [ 125.416145750000055, -1.79696617299993 ], [ 125.417015264000042, -1.79395756599996 ], [ 125.417586068000105, -1.794243799999947 ] ] ], [ [ [ 125.416239899000061, -1.770618379999974 ], [ 125.424364331000106, -1.770195786999977 ], [ 125.419125710000117, -1.775221208999938 ], [ 125.416239899000061, -1.770618379999974 ] ] ], [ [ [ 125.538457529000084, -1.75636839799995 ], [ 125.552075619000107, -1.776627033999944 ], [ 125.545029886000066, -1.781524293999951 ], [ 125.527145455000095, -1.771956824999961 ], [ 125.506999379000035, -1.777140405999944 ], [ 125.521924339000066, -1.761242055999958 ], [ 125.527900350000095, -1.769939045999934 ], [ 125.538457529000084, -1.75636839799995 ] ] ], [ [ [ 125.694000499000026, -1.761584938999931 ], [ 125.688149205000059, -1.756084261999945 ], [ 125.688103654000088, -1.753679356999953 ], [ 125.700073984000028, -1.755639647999942 ], [ 125.694000499000026, -1.761584938999931 ] ] ], [ [ [ 126.246707927000102, -1.87885665999994 ], [ 126.246786925000038, -1.878786226999978 ], [ 126.246762179000029, -1.87887664699997 ], [ 126.246707927000102, -1.87885665999994 ] ] ], [ [ [ 126.246996159000105, -1.878607054999975 ], [ 126.247129409000081, -1.878540428999941 ], [ 126.247081819000073, -1.878685575999953 ], [ 126.246996159000105, -1.878607054999975 ] ] ], [ [ [ 126.227675570000088, -1.876524311999958 ], [ 126.227747906000104, -1.876417712999967 ], [ 126.227780266000082, -1.876491951999981 ], [ 126.227675570000088, -1.876524311999958 ] ] ], [ [ [ 126.478467952000074, -1.835283734999962 ], [ 126.476563419000058, -1.836726032999934 ], [ 126.475134360000084, -1.837049241999978 ], [ 126.478467952000074, -1.835283734999962 ] ] ], [ [ [ 126.338780223000072, -1.834127372999944 ], [ 126.337290310000071, -1.833602908999978 ], [ 126.337200298000084, -1.83330729599993 ], [ 126.338780223000072, -1.834127372999944 ] ] ], [ [ [ 126.351932008000063, -1.823225923999928 ], [ 126.352146160000075, -1.823440074999951 ], [ 126.351872522, -1.823280651999937 ], [ 126.351932008000063, -1.823225923999928 ] ] ], [ [ [ 126.349664382000014, -1.822959424999965 ], [ 126.349355052000078, -1.823233061999929 ], [ 126.349219423000022, -1.823149780999927 ], [ 126.349664382000014, -1.822959424999965 ] ] ], [ [ [ 126.33617666300006, -1.823321452999949 ], [ 126.336335951000024, -1.822812025999951 ], [ 126.336564486000043, -1.823269815999936 ], [ 126.33617666300006, -1.823321452999949 ] ] ], [ [ [ 126.350675654000042, -1.823030807999942 ], [ 126.35077797100007, -1.823018910999963 ], [ 126.350725622000027, -1.823095052999975 ], [ 126.350675654000042, -1.823030807999942 ] ] ], [ [ [ 126.34364748500002, -1.822120711999958 ], [ 126.346769339000048, -1.823277129999951 ], [ 126.342847987000027, -1.822434800999929 ], [ 126.34364748500002, -1.822120711999958 ] ] ], [ [ [ 126.456499010000016, -1.80124576299994 ], [ 126.446725106000031, -1.807794962999935 ], [ 126.478966657000115, -1.806310467999936 ], [ 126.457108882000057, -1.808667507999928 ], [ 126.477355034000084, -1.811517326999933 ], [ 126.451009512000041, -1.825579705999928 ], [ 126.486710270000117, -1.819786195999939 ], [ 126.480422431000079, -1.83206697199995 ], [ 126.453090886000041, -1.839094758999977 ], [ 126.41283253000006, -1.827598585999965 ], [ 126.383355407000067, -1.838204024999925 ], [ 126.378412553000089, -1.82674409599997 ], [ 126.349573368000051, -1.825469953999971 ], [ 126.456499010000016, -1.80124576299994 ] ] ], [ [ [ 126.353681554000104, -1.814909279999938 ], [ 126.353933776000076, -1.815675465999959 ], [ 126.353272286000106, -1.815123430999961 ], [ 126.353681554000104, -1.814909279999938 ] ] ], [ [ [ 126.267471064000119, -1.81438690899995 ], [ 126.266669186000058, -1.814058542999931 ], [ 126.266619217000084, -1.813537440999937 ], [ 126.267471064000119, -1.81438690899995 ] ] ], [ [ [ 126.139355440000031, -1.810532842999976 ], [ 126.139340900000093, -1.810129202999974 ], [ 126.139559811000026, -1.81020058699994 ], [ 126.139355440000031, -1.810532842999976 ] ] ], [ [ [ 126.190705401000059, -1.806842374999974 ], [ 126.190910035000115, -1.806433106999975 ], [ 126.191067079000049, -1.806480695999937 ], [ 126.190705401000059, -1.806842374999974 ] ] ], [ [ [ 126.456869065000092, -1.800856930999942 ], [ 126.457431480000082, -1.800368599999956 ], [ 126.458040150000102, -1.800418406999938 ], [ 126.456869065000092, -1.800856930999942 ] ] ] ] } },
{ "type": "Feature", "properties": { "kemendagri_kab_code": 8206, "kemendagri_kab_name": "Kabupaten Halmahera Timur", "kemendagri_prov_code": 82, "kemendagri_prov_name": "Maluku Utara" }, "geometry": { "type": "MultiPolygon", "coordinates": [ [ [ [ 128.301441906000036, 0.77858018400002 ], [ 128.3026235210001, 0.764879470000039 ], [ 128.293117731000052, 0.790039274000037 ], [ 128.301441906000036, 0.77858018400002 ] ] ], [ [ [ 127.797461980000094, 0.789258984000071 ], [ 127.797785357000066, 0.789105912000025 ], [ 127.797452646000011, 0.788646313000072 ], [ 127.797461980000094, 0.789258984000071 ] ] ], [ [ [ 127.796168735000037, 0.788961847000053 ], [ 127.794303959000104, 0.791948061000028 ], [ 127.797556833000044, 0.790111005000028 ], [ 127.796168735000037, 0.788961847000053 ] ] ], [ [ [ 128.211022526000079, 0.793299172000047 ], [ 128.209910128000047, 0.791250088000027 ], [ 128.207265588000041, 0.793815453000036 ], [ 128.211022526000079, 0.793299172000047 ] ] ], [ [ [ 128.293735623000089, 0.792011695000042 ], [ 128.292556151000099, 0.792528506000053 ], [ 128.2938495840001, 0.793036168000071 ], [ 128.293735623000089, 0.792011695000042 ] ] ], [ [ [ 128.246140386000093, 0.813722419000044 ], [ 128.254853219000097, 0.810229444000072 ], [ 128.25187728100002, 0.804513063000059 ], [ 128.265642535000097, 0.789503105000051 ], [ 128.246599662000108, 0.798805838000021 ], [ 128.246140386000093, 0.813722419000044 ] ] ], [ [ [ 128.299174725000057, 0.799652958000024 ], [ 128.291014543000074, 0.797210092000057 ], [ 128.296671262000018, 0.811428975000069 ], [ 128.299174725000057, 0.799652958000024 ] ] ], [ [ [ 128.276445360000025, 0.805242680000049 ], [ 128.273928001000058, 0.804567446000021 ], [ 128.271931218000077, 0.808375869000031 ], [ 128.276445360000025, 0.805242680000049 ] ] ], [ [ [ 128.271782148000057, 0.808975650000036 ], [ 128.270619766000095, 0.811599600000022 ], [ 128.272079504000089, 0.812169682000047 ], [ 128.271782148000057, 0.808975650000036 ] ] ], [ [ [ 127.694423200000074, 0.880095603000029 ], [ 127.695421598000053, 0.88042142200004 ], [ 127.694642098000031, 0.879588334000061 ], [ 127.694423200000074, 0.880095603000029 ] ] ], [ [ [ 127.924495906000061, 0.994650465000063 ], [ 127.930784602000017, 0.989831490000029 ], [ 127.924277971000038, 0.992142173000047 ], [ 127.924495906000061, 0.994650465000063 ] ] ], [ [ [ 128.671274449000066, 1.58982906500006 ], [ 128.725074686000085, 1.567876924000075 ], [ 128.731287172000066, 1.533587566000051 ], [ 128.722439759000054, 1.526915110000061 ], [ 128.708687741000062, 1.538575507000076 ], [ 128.696478795000075, 1.536850314000048 ], [ 128.696542805000036, 1.504295697000032 ], [ 128.684233559000063, 1.50683607000002 ], [ 128.679411841000046, 1.49351910300004 ], [ 128.686278535000042, 1.460149233000038 ], [ 128.71281349100002, 1.417273956000031 ], [ 128.732466146000093, 1.400106080000057 ], [ 128.758210838000082, 1.394586543000059 ], [ 128.741709569000022, 1.37029076400006 ], [ 128.747406100000035, 1.344848352000042 ], [ 128.741513669000028, 1.310559860000069 ], [ 128.710387195000067, 1.289373244000046 ], [ 128.719423300000017, 1.24807387200002 ], [ 128.710654987000112, 1.244388964000052 ], [ 128.702600844000017, 1.234786813000028 ], [ 128.690789777000077, 1.198369684000056 ], [ 128.691786647000072, 1.153612345000056 ], [ 128.696796418000076, 1.141297147000046 ], [ 128.69507928400003, 1.119315344000029 ], [ 128.688588412000058, 1.104837386000042 ], [ 128.688239825000096, 1.095193017000042 ], [ 128.699208408000118, 1.065155209000068 ], [ 128.683358538000107, 1.067958265000073 ], [ 128.630776029000117, 1.042632438000055 ], [ 128.626276136000115, 1.047280496000042 ], [ 128.609991450000052, 1.043438990000027 ], [ 128.553770087000089, 0.998709655000027 ], [ 128.551202156000045, 0.996162416000061 ], [ 128.54627946800008, 0.98963100800006 ], [ 128.539057892000073, 0.976436738000075 ], [ 128.533874494000088, 0.971552898000027 ], [ 128.506146790000116, 0.972774496000056 ], [ 128.441149052000014, 0.92966898100002 ], [ 128.415914044000033, 0.931531910000047 ], [ 128.384700101000021, 0.911037107000027 ], [ 128.359274911000057, 0.914709241000025 ], [ 128.334421643000042, 0.912100447000057 ], [ 128.302013541000065, 0.892345566000074 ], [ 128.279695170000082, 0.866787406000071 ], [ 128.281761821000032, 0.852368884000043 ], [ 128.300995618000115, 0.841572574000054 ], [ 128.295718563000037, 0.831958977000056 ], [ 128.313277166000034, 0.827481282000065 ], [ 128.312499467000066, 0.816568369000038 ], [ 128.282215039000107, 0.820287449000034 ], [ 128.24952106100011, 0.84183304000004 ], [ 128.25130286600006, 0.824819942000033 ], [ 128.205614894000064, 0.807625433000055 ], [ 128.19831659700003, 0.78946706000005 ], [ 128.239347149000082, 0.734700670000052 ], [ 128.24923, 0.728766318000055 ], [ 128.249035526000057, 0.740018421000059 ], [ 128.258327479000059, 0.741599750000034 ], [ 128.323899938000068, 0.651955567000073 ], [ 128.328273861000071, 0.660285900000019 ], [ 128.327418758000022, 0.653679436000061 ], [ 128.337494900000024, 0.65914060700004 ], [ 128.362921634000031, 0.65241368300002 ], [ 128.349142594000114, 0.647585781000032 ], [ 128.354850019000082, 0.64096098300007 ], [ 128.36709974900009, 0.64439976500006 ], [ 128.384163707000084, 0.634463514000061 ], [ 128.385056018000114, 0.63649771300004 ], [ 128.384360218000097, 0.639076767000063 ], [ 128.380960600000094, 0.644196329000067 ], [ 128.387694281000108, 0.645317368000065 ], [ 128.409998888000018, 0.635190127000044 ], [ 128.424843253000063, 0.632097830000021 ], [ 128.43451342000003, 0.632430610000029 ], [ 128.474638831000107, 0.599017528000047 ], [ 128.523294289000091, 0.591804351000064 ], [ 128.571109295000042, 0.562250832000075 ], [ 128.642188439000051, 0.554551599000035 ], [ 128.654277894000074, 0.543273081000052 ], [ 128.67831008600001, 0.550266510000029 ], [ 128.68911442600006, 0.526855635000061 ], [ 128.677179120000119, 0.500772909000034 ], [ 128.635181187000057, 0.484483512000054 ], [ 128.620488440000031, 0.442802842000049 ], [ 128.58121806500003, 0.434483739000029 ], [ 128.577047354000115, 0.421520298000075 ], [ 128.562023089000036, 0.415934449000019 ], [ 128.510100142000056, 0.443284522000056 ], [ 128.502273489000117, 0.45516576600005 ], [ 128.504308353000056, 0.477114740000047 ], [ 128.496593568000094, 0.481459178000023 ], [ 128.488774382000088, 0.472345498000038 ], [ 128.48328631600009, 0.490013789000045 ], [ 128.459494274, 0.491128047000075 ], [ 128.437943528000119, 0.504805118000036 ], [ 128.402737326000079, 0.502341237000053 ], [ 128.399449872000105, 0.50900346800006 ], [ 128.358487301000082, 0.510593805000042 ], [ 128.31677392600011, 0.554544537000027 ], [ 128.273046091000083, 0.548857603000044 ], [ 128.261181344000079, 0.575521269000035 ], [ 128.244746939000038, 0.57510583100003 ], [ 128.211065040000108, 0.600754430000052 ], [ 128.178606432000038, 0.589992474000042 ], [ 128.11696753700005, 0.59113768800006 ], [ 128.105240261000063, 0.605107706000069 ], [ 128.094947358000013, 0.60284002700007 ], [ 128.081687356000089, 0.622408741000072 ], [ 128.059317351000118, 0.625373079000042 ], [ 128.001375042000063, 0.656651226000065 ], [ 127.983136621000085, 0.651612540000031 ], [ 127.986496326000065, 0.645420088000037 ], [ 127.977946732000078, 0.637669696000046 ], [ 127.952636368000071, 0.635171458000059 ], [ 127.947975170000063, 0.628316708000057 ], [ 127.936109637000072, 0.635164018000069 ], [ 127.927985467000099, 0.625322748000031 ], [ 127.867175469000017, 0.632660953000027 ], [ 127.853741558000024, 0.617707377000045 ], [ 127.829020439000033, 0.622723649000022 ], [ 127.826553778000061, 0.638547110000047 ], [ 127.816692160000116, 0.643847695000034 ], [ 127.792128847000072, 0.643164228000046 ], [ 127.78300002200001, 0.692341065000051 ], [ 127.768016163000084, 0.707130104000044 ], [ 127.757591276000085, 0.751368005000074 ], [ 127.73159041800011, 0.759242825000058 ], [ 127.716426519000038, 0.778774913000063 ], [ 127.708808350000027, 0.825671219000071 ], [ 127.693743896000115, 0.84057275300006 ], [ 127.694007942000098, 0.879099861000043 ], [ 127.70358447600006, 0.875596964000067 ], [ 127.708481006000056, 0.851321522000035 ], [ 127.735073056000033, 0.837419881000073 ], [ 127.736162317000094, 0.821156168000073 ], [ 127.755927796000037, 0.80686064300005 ], [ 127.795785625, 0.798362368000028 ], [ 127.792753910000101, 0.791794439000057 ], [ 127.797414917000083, 0.787564558000042 ], [ 127.799154163000026, 0.791202787000032 ], [ 127.795349818000091, 0.792695056000071 ], [ 127.799466374000076, 0.79679348600007 ], [ 127.843818106000072, 0.805211449000069 ], [ 127.881890042, 0.82790114300002 ], [ 127.888169633000075, 0.851366976000065 ], [ 127.907388567000112, 0.856015566000053 ], [ 127.930816230000119, 0.876796477000028 ], [ 127.931639749000055, 0.929400569000052 ], [ 127.923175659000094, 0.959305175000054 ], [ 127.936142500000074, 0.977527447000057 ], [ 127.934311702000059, 0.992451789000029 ], [ 127.946218525000063, 0.994552212000031 ], [ 127.933315461, 1.004721007000057 ], [ 127.953811920000021, 1.021247874000039 ], [ 127.976895296000066, 1.06076768600002 ], [ 127.981700918000115, 1.086724746000073 ], [ 128.032220041000073, 1.115929230000063 ], [ 128.086779525000111, 1.120239056000059 ], [ 128.089053273000104, 1.126371812000059 ], [ 128.108037834000015, 1.12071237400005 ], [ 128.130528033000019, 1.127709619000029 ], [ 128.144227319000038, 1.119527951000066 ], [ 128.165734381000107, 1.124458834000052 ], [ 128.180968102000065, 1.156180276000043 ], [ 128.195340836000014, 1.16400406200006 ], [ 128.19445526700008, 1.167357136000021 ], [ 128.196943595000107, 1.172427342000049 ], [ 128.198339959, 1.179105686000071 ], [ 128.198396262000074, 1.181791241000042 ], [ 128.194849429000101, 1.185990845000049 ], [ 128.199901704000013, 1.205925620000073 ], [ 128.17959393700005, 1.24296397400002 ], [ 128.145781773000067, 1.253637744000059 ], [ 128.111032985000065, 1.248611340000025 ], [ 128.100860873000101, 1.23891887000002 ], [ 128.086375169, 1.25512481800007 ], [ 128.094133857000088, 1.285084232000031 ], [ 128.119565471000101, 1.289896890000023 ], [ 128.167681365000021, 1.367441248000034 ], [ 128.199585551000041, 1.393129895000072 ], [ 128.217736206000041, 1.392855986000029 ], [ 128.246059077000041, 1.420891357000073 ], [ 128.301193487000091, 1.433130417000029 ], [ 128.344402441000057, 1.459281388000022 ], [ 128.36058727000011, 1.475758884000072 ], [ 128.368711124000015, 1.499720812000021 ], [ 128.467015573000026, 1.550380585000028 ], [ 128.492482568000014, 1.549381543000038 ], [ 128.506136962000028, 1.531739878000053 ], [ 128.5145994290001, 1.532869242000061 ], [ 128.538208696000083, 1.543215183000029 ], [ 128.542094076000012, 1.559552886000063 ], [ 128.555015006000076, 1.567763613000068 ], [ 128.613855847000082, 1.568960245000028 ], [ 128.626583616000062, 1.582439122000039 ], [ 128.642540282000027, 1.578851503000067 ], [ 128.671274449000066, 1.58982906500006 ] ] ], [ [ [ 127.952459093000016, 1.025206622000042 ], [ 127.951410748000058, 1.025168004000022 ], [ 127.951260176000119, 1.026631405000046 ], [ 127.952459093000016, 1.025206622000042 ] ] ], [ [ [ 128.144357730000024, 1.120820477000052 ], [ 128.144839225000055, 1.120946278000019 ], [ 128.144690739000112, 1.120479502000023 ], [ 128.144357730000024, 1.120820477000052 ] ] ], [ [ [ 128.14783498700001, 1.12245505900006 ], [ 128.148185751000028, 1.12238934100003 ], [ 128.147906384000066, 1.122251634000065 ], [ 128.14783498700001, 1.12245505900006 ] ] ], [ [ [ 128.191981077000037, 1.162760856000034 ], [ 128.191966712000067, 1.163105519000055 ], [ 128.19214506700007, 1.163084029000061 ], [ 128.191981077000037, 1.162760856000034 ] ] ], [ [ [ 128.192330500000025, 1.163263597000025 ], [ 128.19279420600003, 1.163278092000041 ], [ 128.192294863000029, 1.163148698000043 ], [ 128.192330500000025, 1.163263597000025 ] ] ], [ [ [ 128.193157947000032, 1.163601322000034 ], [ 128.192872510000029, 1.163874102000023 ], [ 128.193293464000021, 1.163701890000027 ], [ 128.193157947000032, 1.163601322000034 ] ] ], [ [ [ 128.194170538000094, 1.165138257000024 ], [ 128.19449872000007, 1.16507372600006 ], [ 128.194213371000046, 1.165037741000049 ], [ 128.194170538000094, 1.165138257000024 ] ] ], [ [ [ 128.197413078000068, 1.177202564000027 ], [ 128.19769124000004, 1.177432423000027 ], [ 128.197548645000097, 1.177130797000075 ], [ 128.197413078000068, 1.177202564000027 ] ] ], [ [ [ 128.197755195000013, 1.178308472000026 ], [ 128.197976276000077, 1.17856703700005 ], [ 128.197883620000084, 1.178265426000053 ], [ 128.197755195000013, 1.178308472000026 ] ] ], [ [ [ 128.425104504000046, 0.633030375000033 ], [ 128.424740650000103, 0.633525820000045 ], [ 128.425054518000024, 0.633511494000061 ], [ 128.425104504000046, 0.633030375000033 ] ] ], [ [ [ 128.427336998000101, 0.635156186000074 ], [ 128.427172860000042, 0.635809634000054 ], [ 128.427550943000028, 0.635651695000035 ], [ 128.427336998000101, 0.635156186000074 ] ] ], [ [ [ 128.381547891000082, 0.636875979000024 ], [ 128.382498840000039, 0.638159080000037 ], [ 128.382698755000092, 0.636617606000073 ], [ 128.381547891000082, 0.636875979000024 ] ] ], [ [ [ 128.384772183000109, 0.636407216000066 ], [ 128.382936313000073, 0.638446368000075 ], [ 128.384010976000013, 0.639145438000071 ], [ 128.384772183000109, 0.636407216000066 ] ] ], [ [ [ 128.378779593000104, 0.641796944000021 ], [ 128.382337006000057, 0.639384598000049 ], [ 128.378770565000082, 0.637785222000048 ], [ 128.378779593000104, 0.641796944000021 ] ] ], [ [ [ 128.363507226000024, 0.651851256000043 ], [ 128.36366475300008, 0.651842300000055 ], [ 128.36366178500009, 0.651815371000055 ], [ 128.363507226000024, 0.651851256000043 ] ] ], [ [ [ 128.473862091000115, 0.664652671000056 ], [ 128.474425372000042, 0.667094274000021 ], [ 128.477079058000072, 0.66660624900004 ], [ 128.473862091000115, 0.664652671000056 ] ] ], [ [ [ 128.300305291000086, 0.709071891000065 ], [ 128.304534798000077, 0.705745810000053 ], [ 128.297900320000053, 0.704062329000067 ], [ 128.300305291000086, 0.709071891000065 ] ] ], [ [ [ 128.518448079000109, 0.707713123000076 ], [ 128.520223893000093, 0.711942951000026 ], [ 128.52554537900005, 0.713279182000065 ], [ 128.518448079000109, 0.707713123000076 ] ] ], [ [ [ 128.49663329800012, 0.757636130000037 ], [ 128.496445467000058, 0.758543186000054 ], [ 128.497315270000058, 0.758499194000024 ], [ 128.49663329800012, 0.757636130000037 ] ] ], [ [ [ 128.327174998000032, 0.761268287000064 ], [ 128.326711207000017, 0.762050922000071 ], [ 128.327959603000068, 0.761699259000068 ], [ 128.327174998000032, 0.761268287000064 ] ] ], [ [ [ 128.349390461000098, 0.781486982000047 ], [ 128.34958072500001, 0.781238076000022 ], [ 128.349361961000113, 0.781266765000055 ], [ 128.349390461000098, 0.781486982000047 ] ] ], [ [ [ 128.328405952000026, 0.798459091000041 ], [ 128.353696204000016, 0.799966362000021 ], [ 128.344538030000081, 0.792334068000059 ], [ 128.349247738000031, 0.781841215000043 ], [ 128.321162335000054, 0.773985731000039 ], [ 128.328405952000026, 0.798459091000041 ] ] ], [ [ [ 128.319210129000112, 0.788978918000055 ], [ 128.318819996000116, 0.790041612000039 ], [ 128.319599944000061, 0.789869402000022 ], [ 128.319210129000112, 0.788978918000055 ] ] ], [ [ [ 128.509067169000105, 0.799102134000066 ], [ 128.509894485000018, 0.800701212000035 ], [ 128.51015145100007, 0.799408656000026 ], [ 128.509067169000105, 0.799102134000066 ] ] ], [ [ [ 128.449034433000065, 0.812695364000035 ], [ 128.449470946000019, 0.812710752000044 ], [ 128.448978612000019, 0.812608495000063 ], [ 128.449034433000065, 0.812695364000035 ] ] ], [ [ [ 128.319826204000037, 0.822297136000032 ], [ 128.319790920000059, 0.823188364000032 ], [ 128.320289800000069, 0.823266256000068 ], [ 128.319826204000037, 0.822297136000032 ] ] ], [ [ [ 128.319789620000051, 0.843672710000021 ], [ 128.33208051400004, 0.830538753000042 ], [ 128.323718607000046, 0.82449052100003 ], [ 128.319789620000051, 0.843672710000021 ] ] ], [ [ [ 128.441921062000119, 0.838586485000064 ], [ 128.441963135000037, 0.838808192000045 ], [ 128.442215774000033, 0.838739762000046 ], [ 128.441921062000119, 0.838586485000064 ] ] ], [ [ [ 128.360787502000107, 0.913311641000064 ], [ 128.357972061000055, 0.913359008000043 ], [ 128.353834669000094, 0.912525284000026 ], [ 128.357115993000093, 0.913502471000072 ], [ 128.359132413000111, 0.913713471000051 ], [ 128.360787502000107, 0.913311641000064 ] ] ], [ [ [ 128.360143537000113, 1.480490917000054 ], [ 128.359722378000015, 1.481129888000055 ], [ 128.359986324000033, 1.481323846000066 ], [ 128.360143537000113, 1.480490917000054 ] ] ], [ [ [ 128.652165478000029, 0.559129004000056 ], [ 128.653849301000037, 0.553479908000043 ], [ 128.64951200400003, 0.556265948000032 ], [ 128.652165478000029, 0.559129004000056 ] ] ], [ [ [ 128.620248274000119, 0.566726322000022 ], [ 128.629931133000014, 0.56028305600006 ], [ 128.619002457000079, 0.56433252100004 ], [ 128.620248274000119, 0.566726322000022 ] ] ], [ [ [ 128.63568207600008, 0.56541869900002 ], [ 128.660962463000033, 0.575301552000042 ], [ 128.669998609000118, 0.56820706700006 ], [ 128.63568207600008, 0.56541869900002 ] ] ], [ [ [ 128.64365409200002, 0.622363531000076 ], [ 128.635850936000111, 0.626124678000053 ], [ 128.633176627000012, 0.633130945000062 ], [ 128.640351505000012, 0.633347998000033 ], [ 128.64365409200002, 0.622363531000076 ] ] ], [ [ [ 128.520146921000105, 0.626397040000029 ], [ 128.531863661000102, 0.638615500000071 ], [ 128.54037637600004, 0.637141758000041 ], [ 128.538027501000101, 0.632536084000037 ], [ 128.520146921000105, 0.626397040000029 ] ] ], [ [ [ 128.551545443, 0.730284242000039 ], [ 128.549395497000091, 0.733845845000076 ], [ 128.553285933000097, 0.731395092000071 ], [ 128.551545443, 0.730284242000039 ] ] ], [ [ [ 128.55235299200001, 0.997129625000071 ], [ 128.552590818000112, 0.996966886000052 ], [ 128.552086723000116, 0.996612551000055 ], [ 128.55235299200001, 0.997129625000071 ] ] ], [ [ [ 128.553427737000106, 0.998068099000022 ], [ 128.554027020000035, 0.997934134000047 ], [ 128.553189966000105, 0.997828697000045 ], [ 128.553427737000106, 0.998068099000022 ] ] ], [ [ [ 128.629824859000109, 1.042076983000072 ], [ 128.629520464000052, 1.042067373000066 ], [ 128.629981771000075, 1.042431272000044 ], [ 128.629824859000109, 1.042076983000072 ] ] ], [ [ [ 128.622200279000026, 1.045671430000027 ], [ 128.62238099800004, 1.045800712000073 ], [ 128.622361992000037, 1.045652299000039 ], [ 128.622200279000026, 1.045671430000027 ] ] ], [ [ [ 128.665299562000087, 1.058056692000036 ], [ 128.665506469000093, 1.057948998000029 ], [ 128.665435133000074, 1.05788435900007 ], [ 128.665299562000087, 1.058056692000036 ] ] ], [ [ [ 128.688817131000064, 1.10083030900006 ], [ 128.68851745500001, 1.101103162000072 ], [ 128.688638727000011, 1.101239618000022 ], [ 128.688817131000064, 1.10083030900006 ] ] ], [ [ [ 128.689380529000118, 1.102984724000066 ], [ 128.688724249000074, 1.102122912000027 ], [ 128.689066574000094, 1.10335811300007 ], [ 128.689380529000118, 1.102984724000066 ] ] ], [ [ [ 128.689102204000051, 1.103774625000028 ], [ 128.689237751000064, 1.103839270000037 ], [ 128.689209227000106, 1.103702825000028 ], [ 128.689102204000051, 1.103774625000028 ] ] ], [ [ [ 128.692284486000062, 1.168233294000061 ], [ 128.692206025000019, 1.168053756000063 ], [ 128.692084729000044, 1.168125554000028 ], [ 128.692284486000062, 1.168233294000061 ] ] ], [ [ [ 128.717440043000011, 1.245940843000028 ], [ 128.717061841000032, 1.246465030000024 ], [ 128.717418571000053, 1.246565605000058 ], [ 128.717440043000011, 1.245940843000028 ] ] ], [ [ [ 128.696778244000029, 1.504554252000048 ], [ 128.696928112000023, 1.504403469000067 ], [ 128.696878165000044, 1.504389100000026 ], [ 128.696778244000029, 1.504554252000048 ] ] ], [ [ [ 128.697605990000056, 1.504425107000031 ], [ 128.69772725100006, 1.504741095000043 ], [ 128.697798639000098, 1.504511308000076 ], [ 128.697605990000056, 1.504425107000031 ] ] ], [ [ [ 128.696959894000088, 1.515357149000067 ], [ 128.696867096000119, 1.515615658000058 ], [ 128.697152582000058, 1.515170466000029 ], [ 128.696959894000088, 1.515357149000067 ] ] ], [ [ [ 128.698308123000061, 1.518280074000074 ], [ 128.697344846000078, 1.518035778000069 ], [ 128.697558822000019, 1.51870365700006 ], [ 128.698308123000061, 1.518280074000074 ] ] ] ] } },
{ "type": "Feature", "properties": { "kemendagri_kab_code": 8207, "kemendagri_kab_name": "Kabupaten Pulau Morotai", "kemendagri_prov_code": 82, "kemendagri_prov_name": "Maluku Utara" }, "geometry": { "type": "MultiPolygon", "coordinates": [ [ [ [ 128.213803847, 1.999949798000046 ], [ 128.213833590000036, 2.000508971000045 ], [ 128.214160766000077, 2.00041974200002 ], [ 128.213803847, 1.999949798000046 ] ] ], [ [ [ 128.22209177000002, 2.019544584000073 ], [ 128.223185017000105, 2.016830855000023 ], [ 128.221229349000055, 2.01711713800006 ], [ 128.22209177000002, 2.019544584000073 ] ] ], [ [ [ 128.213966402000096, 2.053806570000063 ], [ 128.209081111000046, 2.055727649000062 ], [ 128.209518865000064, 2.058038060000058 ], [ 128.213966402000096, 2.053806570000063 ] ] ], [ [ [ 128.195121733000065, 2.076089266000054 ], [ 128.193698617000109, 2.077482125000074 ], [ 128.194390572000088, 2.079209065000043 ], [ 128.195121733000065, 2.076089266000054 ] ] ], [ [ [ 128.183349994000082, 2.092967742000042 ], [ 128.193265310000015, 2.090490403000047 ], [ 128.193633925000086, 2.082567552000057 ], [ 128.183349994000082, 2.092967742000042 ] ] ], [ [ [ 128.222712723000086, 2.120017032000021 ], [ 128.226816699000096, 2.121676110000067 ], [ 128.225492456000097, 2.116374508000035 ], [ 128.222712723000086, 2.120017032000021 ] ] ], [ [ [ 128.209589111000014, 2.121335990000034 ], [ 128.210800513000095, 2.121583801000043 ], [ 128.213562165000099, 2.120968193000067 ], [ 128.209589111000014, 2.121335990000034 ] ] ], [ [ [ 128.195899045000033, 2.126811214000043 ], [ 128.192353507, 2.121588956000039 ], [ 128.187684000000104, 2.125620254000069 ], [ 128.195899045000033, 2.126811214000043 ] ] ], [ [ [ 128.184072440000023, 2.128216618000067 ], [ 128.18415445800008, 2.125857344000053 ], [ 128.183431632000065, 2.126213094000036 ], [ 128.184072440000023, 2.128216618000067 ] ] ], [ [ [ 128.224864873000115, 2.140908970000055 ], [ 128.231978216000016, 2.132539669000039 ], [ 128.224672595000015, 2.126611599000057 ], [ 128.221343134000108, 2.135414364000042 ], [ 128.224864873000115, 2.140908970000055 ] ] ], [ [ [ 128.221321201000023, 2.171876764000046 ], [ 128.21794302100011, 2.17174551200003 ], [ 128.217663425000069, 2.174220336000076 ], [ 128.221321201000023, 2.171876764000046 ] ] ], [ [ [ 128.21086080900011, 2.191964133000056 ], [ 128.205264108000051, 2.200978933000044 ], [ 128.210528503000091, 2.209438204000037 ], [ 128.214289756000085, 2.20099644000004 ], [ 128.21086080900011, 2.191964133000056 ] ] ], [ [ [ 128.208542197000043, 2.214959477000036 ], [ 128.209363904000043, 2.214124131000062 ], [ 128.208404262000045, 2.213769495000065 ], [ 128.208542197000043, 2.214959477000036 ] ] ], [ [ [ 128.15258174600001, 2.285788339000021 ], [ 128.158745520000025, 2.28371564300005 ], [ 128.150900084000114, 2.282825419000062 ], [ 128.15258174600001, 2.285788339000021 ] ] ], [ [ [ 128.166278291000026, 2.412625652000031 ], [ 128.184666580000112, 2.366308498000024 ], [ 128.176537634000056, 2.314159204000021 ], [ 128.188470155000118, 2.306368119000069 ], [ 128.179372037, 2.291798478000032 ], [ 128.160945847000107, 2.288059901000054 ], [ 128.138715904000037, 2.29914035500002 ], [ 128.125022140000056, 2.332836600000064 ], [ 128.136215253000046, 2.342137360000038 ], [ 128.131689148000078, 2.354333998000072 ], [ 128.153829562000055, 2.406068177000066 ], [ 128.166278291000026, 2.412625652000031 ] ] ], [ [ [ 128.186427990000084, 2.364476228000058 ], [ 128.185208528000089, 2.364957796000056 ], [ 128.185792896000066, 2.365323990000036 ], [ 128.186427990000084, 2.364476228000058 ] ] ], [ [ [ 128.185816271000022, 2.366643421000049 ], [ 128.185754405000012, 2.367162144000076 ], [ 128.185978074000104, 2.367071724000027 ], [ 128.185816271000022, 2.366643421000049 ] ] ], [ [ [ 128.168132503000038, 2.415700019000042 ], [ 128.166320887000097, 2.413013422000063 ], [ 128.165492461000099, 2.413551443000074 ], [ 128.168132503000038, 2.415700019000042 ] ] ], [ [ [ 128.228096113000106, 1.962809408000055 ], [ 128.23047249800004, 1.968344347000027 ], [ 128.234155393000037, 1.967656715000032 ], [ 128.233975729, 1.965167361000056 ], [ 128.228096113000106, 1.962809408000055 ] ] ], [ [ [ 128.255833552000013, 2.041921739000031 ], [ 128.25559751000003, 2.042112096000039 ], [ 128.255715531000078, 2.042203467000036 ], [ 128.255833552000013, 2.041921739000031 ] ] ], [ [ [ 128.257223919000012, 2.045216818000029 ], [ 128.257123030000116, 2.045496642000046 ], [ 128.257227725, 2.045532809000065 ], [ 128.257223919000012, 2.045216818000029 ] ] ], [ [ [ 128.268129761000068, 2.05191859200005 ], [ 128.273431880000089, 2.046729198000037 ], [ 128.272720086000049, 2.043992050000043 ], [ 128.268129761000068, 2.05191859200005 ] ] ], [ [ [ 128.255081627000095, 2.052552197000068 ], [ 128.255594100000053, 2.052580704000036 ], [ 128.255379377000054, 2.052326865000055 ], [ 128.255081627000095, 2.052552197000068 ] ] ], [ [ [ 128.254928472000074, 2.052918691000059 ], [ 128.25480303300003, 2.052690623000046 ], [ 128.254718533000073, 2.052861065000059 ], [ 128.254928472000074, 2.052918691000059 ] ] ], [ [ [ 128.25524560100007, 2.053046290000054 ], [ 128.254980553000109, 2.053046238000036 ], [ 128.255178962000059, 2.053203581000048 ], [ 128.25524560100007, 2.053046290000054 ] ] ], [ [ [ 128.274116202000073, 2.057702679000045 ], [ 128.280605004000108, 2.056414914000072 ], [ 128.278468486000065, 2.053604693000068 ], [ 128.274116202000073, 2.057702679000045 ] ] ], [ [ [ 128.244827978000103, 2.057270302000063 ], [ 128.255087950000075, 2.059103999000058 ], [ 128.255088865000062, 2.053359063000073 ], [ 128.244827978000103, 2.057270302000063 ] ] ], [ [ [ 128.268426186000056, 2.06334651700007 ], [ 128.272517519000075, 2.065101040000059 ], [ 128.273233553000068, 2.063227312000038 ], [ 128.268426186000056, 2.06334651700007 ] ] ], [ [ [ 128.270159401000114, 2.07630021500006 ], [ 128.273204474000067, 2.07750496400007 ], [ 128.273756320000075, 2.075337533000038 ], [ 128.270159401000114, 2.07630021500006 ] ] ], [ [ [ 128.27850765800008, 2.081746353000028 ], [ 128.28101562400002, 2.080173440000067 ], [ 128.279155691000028, 2.07999533800006 ], [ 128.27850765800008, 2.081746353000028 ] ] ], [ [ [ 128.233298628000057, 2.207076051000058 ], [ 128.236356335000096, 2.204803113000025 ], [ 128.235290660000032, 2.203714353000066 ], [ 128.233298628000057, 2.207076051000058 ] ] ], [ [ [ 128.649469844, 2.294738322000057 ], [ 128.648498885000095, 2.295075593000035 ], [ 128.648791504000087, 2.295370090000063 ], [ 128.649469844, 2.294738322000057 ] ] ], [ [ [ 128.584582401000034, 2.631459651000057 ], [ 128.609974352000108, 2.584561577000045 ], [ 128.606821626000055, 2.572446724000031 ], [ 128.630451366000102, 2.563028729000052 ], [ 128.632488711000065, 2.533617020000065 ], [ 128.658825955000111, 2.524462437000068 ], [ 128.670208782000032, 2.498870888000056 ], [ 128.678542949000075, 2.505587264000042 ], [ 128.687629358000095, 2.501933110000039 ], [ 128.692589925000107, 2.459393973000033 ], [ 128.686856035000119, 2.43176462200006 ], [ 128.693735640000114, 2.423498384000027 ], [ 128.683744409000042, 2.406007747000046 ], [ 128.664637361000018, 2.394946706000042 ], [ 128.663991831000089, 2.377862780000044 ], [ 128.649943826000026, 2.369967283000051 ], [ 128.640850774000114, 2.333226656000022 ], [ 128.653877906000048, 2.310142800000051 ], [ 128.630175225000016, 2.260745501000031 ], [ 128.623475564000046, 2.215171479000048 ], [ 128.602381243000082, 2.194287066000072 ], [ 128.576060974000029, 2.140332564000062 ], [ 128.577717483000015, 2.111722453000027 ], [ 128.568791309000062, 2.104084173000047 ], [ 128.548864840000078, 2.104341808000072 ], [ 128.522519346000081, 2.068530783000028 ], [ 128.505082706000053, 2.059106388000032 ], [ 128.400691533000099, 2.057376873000067 ], [ 128.345868661000054, 2.037933347000035 ], [ 128.297262550000028, 2.034766663000028 ], [ 128.292376473000104, 2.00891335700004 ], [ 128.259842814000081, 1.980553806000046 ], [ 128.278044353000041, 2.005642945000034 ], [ 128.29312544600009, 2.05447663700005 ], [ 128.2789136130001, 2.087915258000066 ], [ 128.270182526000099, 2.082415549000075 ], [ 128.253270093000083, 2.093804033000026 ], [ 128.245899536000024, 2.124251747000073 ], [ 128.249172393000094, 2.190229578000071 ], [ 128.239735135000046, 2.205012127000032 ], [ 128.249104076000094, 2.247652467000023 ], [ 128.235158927000043, 2.251704603000064 ], [ 128.222017917000016, 2.277777006000065 ], [ 128.197219259, 2.27898401300007 ], [ 128.199877509000089, 2.28672608200003 ], [ 128.241012524000098, 2.31861592000007 ], [ 128.284521492000067, 2.371874991000027 ], [ 128.298452057000077, 2.409786222000037 ], [ 128.297841110000036, 2.441795325000044 ], [ 128.324963878000062, 2.472829864000062 ], [ 128.352425560000029, 2.488553049000075 ], [ 128.349435988000096, 2.494445744000075 ], [ 128.361751498000103, 2.507065966000027 ], [ 128.375555380000037, 2.505678395000075 ], [ 128.3819871500001, 2.517960565000067 ], [ 128.413337741000078, 2.528177851000066 ], [ 128.433607014000017, 2.573031152000055 ], [ 128.445723133000115, 2.568793824000068 ], [ 128.445659815000113, 2.577632210000047 ], [ 128.466734018000011, 2.597088824000025 ], [ 128.502847582000072, 2.575536552000074 ], [ 128.526337984000065, 2.576897555000073 ], [ 128.54668300600008, 2.606275069000048 ], [ 128.5490496110001, 2.627441763000036 ], [ 128.566722132000109, 2.64519100800004 ], [ 128.584582401000034, 2.631459651000057 ] ] ], [ [ [ 128.683807271000092, 2.382836650000058 ], [ 128.681279354000026, 2.380340638000064 ], [ 128.680874724000091, 2.380657709000047 ], [ 128.683807271000092, 2.382836650000058 ] ] ], [ [ [ 128.670005495000055, 2.502838374000021 ], [ 128.669660328000077, 2.503125530000034 ], [ 128.67062412700011, 2.503472858000066 ], [ 128.670005495000055, 2.502838374000021 ] ] ] ] } },
{ "type": "Feature", "properties": { "kemendagri_kab_code": 8208, "kemendagri_kab_name": "Kabupaten Pulau Taliabu", "kemendagri_prov_code": 82, "kemendagri_prov_name": "Maluku Utara" }, "geometry": { "type": "MultiPolygon", "coordinates": [ [ [ [ 124.31206617700002, -1.985613380999951 ], [ 124.311997648000101, -1.984876699999973 ], [ 124.312677223000037, -1.984722510999973 ], [ 124.31206617700002, -1.985613380999951 ] ] ], [ [ [ 124.31080006000002, -1.972712066999975 ], [ 124.310714400000052, -1.972212379999974 ], [ 124.31104752400006, -1.972483637999972 ], [ 124.31080006000002, -1.972712066999975 ] ] ], [ [ [ 124.317479926000033, -1.970845493999946 ], [ 124.317714066, -1.969709063999971 ], [ 124.3181309470001, -1.969983176999961 ], [ 124.317479926000033, -1.970845493999946 ] ] ], [ [ [ 124.310304180000117, -1.969915723999975 ], [ 124.310471694000057, -1.970597200999975 ], [ 124.309934888000043, -1.970307858999945 ], [ 124.310304180000117, -1.969915723999975 ] ] ], [ [ [ 124.312560290000079, -1.967183987999931 ], [ 124.312864861000094, -1.96826426399997 ], [ 124.312431799000024, -1.968506968999975 ], [ 124.312560290000079, -1.967183987999931 ] ] ], [ [ [ 124.316161397000087, -1.790474450999966 ], [ 124.308113109000033, -1.80083037299994 ], [ 124.305097855000099, -1.799836708999976 ], [ 124.31152811100003, -1.78583354999995 ], [ 124.316161397000087, -1.790474450999966 ] ] ], [ [ [ 124.296774501000073, -1.779637893999961 ], [ 124.299207262000095, -1.781745143999956 ], [ 124.298504845000025, -1.783149976999937 ], [ 124.296774501000073, -1.779637893999961 ] ] ], [ [ [ 124.296586048000108, -1.78031270799994 ], [ 124.296064945000012, -1.780353159999947 ], [ 124.296179160000065, -1.779910579999978 ], [ 124.296586048000108, -1.78031270799994 ] ] ], [ [ [ 124.31326760200011, -1.771521378999978 ], [ 124.312986826000042, -1.770912236999948 ], [ 124.313719700000092, -1.771359575999952 ], [ 124.31326760200011, -1.771521378999978 ] ] ], [ [ [ 124.3143602990001, -1.768813847999979 ], [ 124.313602100000026, -1.769442111999979 ], [ 124.313775165000038, -1.768588927999929 ], [ 124.3143602990001, -1.768813847999979 ] ] ], [ [ [ 124.314820571000041, -1.768154613999968 ], [ 124.314473170000042, -1.767369392999967 ], [ 124.314987133000045, -1.767897632999961 ], [ 124.314820571000041, -1.768154613999968 ] ] ], [ [ [ 124.315020446000062, -1.767483606999974 ], [ 124.314715875000047, -1.766907776999972 ], [ 124.314763464000066, -1.766665071999967 ], [ 124.315344053000103, -1.76703626799997 ], [ 124.315020446000062, -1.767483606999974 ] ] ], [ [ [ 124.314276495000058, -1.765410333999966 ], [ 124.313960829000052, -1.766237347999947 ], [ 124.313098076000074, -1.766630539999937 ], [ 124.314276495000058, -1.765410333999966 ] ] ], [ [ [ 124.29266468000003, -1.744777448999969 ], [ 124.288067561000048, -1.751276232999942 ], [ 124.303376629000013, -1.760537372999977 ], [ 124.312395170000059, -1.784957979999945 ], [ 124.285210304000088, -1.763514276999956 ], [ 124.283196328000031, -1.754668391999928 ], [ 124.29266468000003, -1.744777448999969 ] ] ], [ [ [ 124.311403189000089, -1.755694923999954 ], [ 124.311528825000096, -1.756003301999954 ], [ 124.311214736000011, -1.755871955999964 ], [ 124.311403189000089, -1.755694923999954 ] ] ], [ [ [ 124.312962212000116, -1.755529312999954 ], [ 124.311860046000106, -1.755477916999951 ], [ 124.31175725300011, -1.755375124999944 ], [ 124.312962212000116, -1.755529312999954 ] ] ], [ [ [ 124.313830239000026, -1.755563577999965 ], [ 124.314172882000094, -1.755386545999954 ], [ 124.314150039000083, -1.755540734999954 ], [ 124.313830239000026, -1.755563577999965 ] ] ], [ [ [ 124.313202062000073, -1.755483627999979 ], [ 124.31315066600007, -1.754889714999933 ], [ 124.313573258000019, -1.75484402799998 ], [ 124.313202062000073, -1.755483627999979 ] ] ], [ [ [ 124.31756995100011, -1.741611380999927 ], [ 124.318374237000057, -1.741889825999976 ], [ 124.319248667000011, -1.74335401899998 ], [ 124.31756995100011, -1.741611380999927 ] ] ], [ [ [ 124.318455523000011, -1.74179012999997 ], [ 124.320601383000053, -1.741112563999934 ], [ 124.319556268000042, -1.742973946999939 ], [ 124.318455523000011, -1.74179012999997 ] ] ], [ [ [ 124.317963391000035, -1.736814620999951 ], [ 124.316938611000069, -1.740198651999947 ], [ 124.315974685000015, -1.73876202699995 ], [ 124.317963391000035, -1.736814620999951 ] ] ], [ [ [ 124.319584773000088, -1.732707221999931 ], [ 124.31974467200007, -1.731867747999956 ], [ 124.320469932000037, -1.732398843999931 ], [ 124.319584773000088, -1.732707221999931 ] ] ], [ [ [ 124.320018786000105, -1.731650741999943 ], [ 124.319036545000017, -1.731587923999939 ], [ 124.319978811000055, -1.730902638999964 ], [ 124.320018786000105, -1.731650741999943 ] ] ], [ [ [ 124.308871998000086, -1.729253710999956 ], [ 124.307798386000059, -1.729859045999945 ], [ 124.308066788000019, -1.728351418999978 ], [ 124.308871998000086, -1.729253710999956 ] ] ], [ [ [ 124.30316034000009, -1.727607123999974 ], [ 124.304435731000012, -1.729082389999974 ], [ 124.303445876000069, -1.729367923999973 ], [ 124.30316034000009, -1.727607123999974 ] ] ], [ [ [ 124.317395113000089, -1.718994768999949 ], [ 124.318739271000027, -1.733335304999969 ], [ 124.312845822000099, -1.72751038499996 ], [ 124.315282152, -1.736780764999935 ], [ 124.312429654000084, -1.730227728999978 ], [ 124.311658708000095, -1.720542370999965 ], [ 124.317395113000089, -1.718994768999949 ] ] ], [ [ [ 124.333329805000062, -1.966669148999927 ], [ 124.338657893000118, -1.975069596999958 ], [ 124.350705994, -1.968396196999947 ], [ 124.370566199000109, -1.976883958999963 ], [ 124.375404119000109, -1.989974801999949 ], [ 124.364532705000101, -2.017166551999935 ], [ 124.369997851000107, -2.03102643699998 ], [ 124.364903900000058, -2.02717741999993 ], [ 124.362456863000034, -2.036420198999963 ], [ 124.373314069000116, -2.038957557999936 ], [ 124.363356026000019, -2.043804518999934 ], [ 124.347351771000035, -2.024944910999977 ], [ 124.317206380000016, -2.01564359899993 ], [ 124.315453003000016, -1.997640535999949 ], [ 124.305059624000023, -2.007943341999976 ], [ 124.305596727000079, -1.990573329999961 ], [ 124.315901633000067, -1.987299578999966 ], [ 124.310444337000035, -1.975702767999962 ], [ 124.333329805000062, -1.966669148999927 ] ] ], [ [ [ 124.344993715000101, -1.909233117999975 ], [ 124.343927716000053, -1.910344801999941 ], [ 124.34332999600008, -1.909377788999961 ], [ 124.344993715000101, -1.909233117999975 ] ] ], [ [ [ 124.339662580000095, -1.905470618999971 ], [ 124.343271746000028, -1.907937644999947 ], [ 124.343020476000106, -1.908767599999976 ], [ 124.339662580000095, -1.905470618999971 ] ] ], [ [ [ 124.338937321000117, -1.905397807999975 ], [ 124.337812311000107, -1.904141451999976 ], [ 124.33786370700011, -1.90374170299998 ], [ 124.338937321000117, -1.905397807999975 ] ] ], [ [ [ 124.331604774000084, -1.897732135999945 ], [ 124.339668290000077, -1.901358434999963 ], [ 124.337064209000118, -1.903831170999979 ], [ 124.331604774000084, -1.897732135999945 ] ] ], [ [ [ 124.340776517000108, -1.824060287999941 ], [ 124.337868815000093, -1.827348702999927 ], [ 124.340660162000063, -1.82031914199996 ], [ 124.340776517000108, -1.824060287999941 ] ] ], [ [ [ 124.347088713000062, -1.757343350999975 ], [ 124.350362851000114, -1.769922133999955 ], [ 124.344576001000064, -1.778122708999945 ], [ 124.342371670000034, -1.762862938999945 ], [ 124.347088713000062, -1.757343350999975 ] ] ], [ [ [ 124.341196025000045, -1.746334536999939 ], [ 124.34025185500002, -1.747621349999974 ], [ 124.339505656000028, -1.74705027899995 ], [ 124.341196025000045, -1.746334536999939 ] ] ], [ [ [ 124.353653931000053, -1.746187009999971 ], [ 124.351695159000087, -1.746455413999968 ], [ 124.351769398000101, -1.745547411999951 ], [ 124.353653931000053, -1.746187009999971 ] ] ], [ [ [ 124.352391751000027, -1.74042353699997 ], [ 124.355338475000053, -1.740789021999944 ], [ 124.354367655000033, -1.742422284999975 ], [ 124.352391751000027, -1.74042353699997 ] ] ], [ [ [ 124.321406995000075, -1.739759951999929 ], [ 124.32155737700009, -1.74031008399993 ], [ 124.321132882000029, -1.740123534999952 ], [ 124.321406995000075, -1.739759951999929 ] ] ], [ [ [ 124.320441762000087, -1.738830603999929 ], [ 124.319821084000068, -1.738877705999926 ], [ 124.31987791600011, -1.738525878999951 ], [ 124.320441762000087, -1.738830603999929 ] ] ], [ [ [ 124.334631007000098, -1.725469346999944 ], [ 124.332075466000106, -1.726344988999926 ], [ 124.333890519000079, -1.724556585999949 ], [ 124.334631007000098, -1.725469346999944 ] ] ], [ [ [ 124.342090141000085, -1.725162872999931 ], [ 124.340824268, -1.725343711999926 ], [ 124.342128212000034, -1.724967756999945 ], [ 124.342090141000085, -1.725162872999931 ] ] ], [ [ [ 124.340695777000064, -1.725281845999973 ], [ 124.340186572000107, -1.725029622999955 ], [ 124.340558998, -1.724374974999932 ], [ 124.340695777000064, -1.725281845999973 ] ] ], [ [ [ 124.340971795000087, -1.725024863999977 ], [ 124.341262089000111, -1.724401444999955 ], [ 124.341571419000047, -1.72478691799995 ], [ 124.340971795000087, -1.725024863999977 ] ] ], [ [ [ 124.341461963000029, -1.723454419999939 ], [ 124.34189978500001, -1.724044525999943 ], [ 124.341262089000111, -1.723649535999925 ], [ 124.341461963000029, -1.723454419999939 ] ] ], [ [ [ 124.344966910000039, -1.721953931999963 ], [ 124.345347623000066, -1.723050387999933 ], [ 124.344913610000049, -1.722235658999978 ], [ 124.344966910000039, -1.721953931999963 ] ] ], [ [ [ 124.34965064000005, -1.71484324599993 ], [ 124.349769613000035, -1.715005048999956 ], [ 124.349645882000118, -1.715014566999969 ], [ 124.34965064000005, -1.71484324599993 ] ] ], [ [ [ 124.349979006000012, -1.714852762999953 ], [ 124.350150328000041, -1.71504787899994 ], [ 124.350026595000031, -1.715057396999953 ], [ 124.349979006000012, -1.714852762999953 ] ] ], [ [ [ 124.349998042000038, -1.714638611999931 ], [ 124.349741060000042, -1.714129406999973 ], [ 124.349993283000117, -1.714153201999977 ], [ 124.349998042000038, -1.714638611999931 ] ] ], [ [ [ 124.350488211000084, -1.714681441999971 ], [ 124.350216952000096, -1.713834353999971 ], [ 124.350235988, -1.713786763999963 ], [ 124.350488211000084, -1.714681441999971 ] ] ], [ [ [ 124.349079570000072, -1.713805799999932 ], [ 124.348965356, -1.713515505999965 ], [ 124.349150953000049, -1.713553576999971 ], [ 124.349079570000072, -1.713805799999932 ] ] ], [ [ [ 124.339355189000116, -1.708332310999936 ], [ 124.338041726000029, -1.721476453999969 ], [ 124.334206035000079, -1.722328299999958 ], [ 124.331441102000099, -1.710854538999968 ], [ 124.339355189000116, -1.708332310999936 ] ] ], [ [ [ 124.339812045000031, -1.712977208999973 ], [ 124.339132471000084, -1.712720226999977 ], [ 124.339937681000038, -1.71242898099996 ], [ 124.339812045000031, -1.712977208999973 ] ] ], [ [ [ 124.350853379000114, -1.698464304999959 ], [ 124.344314620000091, -1.712791514999935 ], [ 124.348402534000115, -1.69308196399993 ], [ 124.350853379000114, -1.698464304999959 ] ] ], [ [ [ 124.392855375000067, -2.032659105999926 ], [ 124.405598872000041, -2.046914781999931 ], [ 124.401765399000055, -2.057457122999949 ], [ 124.390019296000105, -2.054417392999937 ], [ 124.394598789000042, -2.063400037999941 ], [ 124.387781056000108, -2.073423257999934 ], [ 124.37346268500005, -2.047313519999932 ], [ 124.392855375000067, -2.032659105999926 ] ] ], [ [ [ 124.698723366000081, -1.971688688999961 ], [ 124.698169166000071, -1.974008969999943 ], [ 124.697425524000096, -1.972358777999943 ], [ 124.698723366000081, -1.971688688999961 ] ] ], [ [ [ 125.107540101000041, -1.896976675999952 ], [ 125.106795691000116, -1.896849607999968 ], [ 125.107968324000012, -1.896535828999959 ], [ 125.107540101000041, -1.896976675999952 ] ] ], [ [ [ 125.10817617400005, -1.896461668999962 ], [ 125.109136746000104, -1.895451842999933 ], [ 125.10937117800006, -1.895431476999931 ], [ 125.10817617400005, -1.896461668999962 ] ] ], [ [ [ 124.531515255000045, -1.630741721999925 ], [ 124.519651610000096, -1.645280011999944 ], [ 124.526193779000096, -1.665313407999975 ], [ 124.536326476000113, -1.646107349999966 ], [ 124.55360707300008, -1.638797645999944 ], [ 124.577969899000095, -1.64721617899994 ], [ 124.588025501000061, -1.639682805999939 ], [ 124.597562381000103, -1.644908102999977 ], [ 124.605967265000118, -1.638148862999969 ], [ 124.643142241000078, -1.639532878999944 ], [ 124.714922490000049, -1.653807502999939 ], [ 124.751254005000078, -1.670722615999978 ], [ 124.778643504000115, -1.665480186999957 ], [ 124.786795783000116, -1.678032544999951 ], [ 124.809736167000096, -1.687060219999978 ], [ 124.814495089000047, -1.684109688999968 ], [ 124.806138422000117, -1.673335488999953 ], [ 124.835478960000046, -1.683958592999943 ], [ 124.870516524000095, -1.68046078499998 ], [ 124.898017739000011, -1.709043104999978 ], [ 124.911318367000035, -1.695555775999935 ], [ 124.926095792000069, -1.70601604999996 ], [ 124.939324623000061, -1.697185705999971 ], [ 124.950006024000118, -1.705925466999929 ], [ 124.958315102000029, -1.696260095999946 ], [ 124.960810085000048, -1.709895166999956 ], [ 124.979164185000059, -1.704047573999958 ], [ 124.979289820000076, -1.717433469999946 ], [ 125.001197106000063, -1.715332151999974 ], [ 125.000819842000055, -1.727651573999935 ], [ 125.014400321000039, -1.71932529299994 ], [ 125.026250276000042, -1.723433849999935 ], [ 125.014441272000113, -1.75095379399994 ], [ 125.023719204000031, -1.761283890999948 ], [ 125.036844501000019, -1.751911955999958 ], [ 125.046589441000037, -1.771794350999926 ], [ 125.058640679000064, -1.766389137999965 ], [ 125.060069246000012, -1.744719653999937 ], [ 125.069770213000083, -1.773577121999949 ], [ 125.080907042000035, -1.765535495999927 ], [ 125.079113463000112, -1.759897795999962 ], [ 125.103285152000012, -1.760893540999973 ], [ 125.111837579000053, -1.745359482999959 ], [ 125.099757538000063, -1.75205832499995 ], [ 125.088104452000039, -1.745091179999974 ], [ 125.103813099000035, -1.743416025999977 ], [ 125.114734945, -1.730234732999975 ], [ 125.101922124000112, -1.731053668999948 ], [ 125.107934547000013, -1.691884340999934 ], [ 125.128771202000053, -1.683604006999929 ], [ 125.141577461000111, -1.692308074999971 ], [ 125.13932649100002, -1.707472855999924 ], [ 125.147984176000023, -1.715795018999927 ], [ 125.164702078000118, -1.696776797999973 ], [ 125.18407422100006, -1.703315080999971 ], [ 125.181103227000108, -1.715446049999969 ], [ 125.191772719000028, -1.71178006699995 ], [ 125.203008473000068, -1.724079257999961 ], [ 125.180300043000102, -1.780087133999928 ], [ 125.206421766000062, -1.793525218999946 ], [ 125.229619004000028, -1.762175248999938 ], [ 125.223335721000012, -1.735557011999958 ], [ 125.231882744000018, -1.739721067999938 ], [ 125.236558861000049, -1.728570914999978 ], [ 125.250021852000032, -1.723367318999976 ], [ 125.289338162000035, -1.73094145999994 ], [ 125.297836883000059, -1.740234064999925 ], [ 125.295401831000049, -1.767137229999946 ], [ 125.26951530000008, -1.78379714099998 ], [ 125.269797596000103, -1.790908138999953 ], [ 125.275215220000064, -1.797081513999956 ], [ 125.299753491000047, -1.778300348999949 ], [ 125.321050619000061, -1.783980597999971 ], [ 125.314211080000064, -1.846629120999978 ], [ 125.326859201000048, -1.884612862999973 ], [ 125.307719769000073, -1.892387913999926 ], [ 125.241036128000019, -1.882149290999962 ], [ 125.231315190000032, -1.872303604999956 ], [ 125.226304974000072, -1.88024341299996 ], [ 125.184638257000074, -1.885047586999974 ], [ 125.170332939000104, -1.875042429999951 ], [ 125.149613734000013, -1.873740388999977 ], [ 125.127113551000093, -1.877410469999973 ], [ 125.098307320000117, -1.899594183999966 ], [ 125.082158887000105, -1.889116520999949 ], [ 125.043779427000118, -1.886722083999928 ], [ 125.012888240000052, -1.900662042999954 ], [ 125.019764274000067, -1.928697651999926 ], [ 125.008417747000067, -1.94294333199997 ], [ 124.99284315400007, -1.931223359999933 ], [ 124.97847696000008, -1.938059535999969 ], [ 124.957879433000016, -1.927155162999952 ], [ 124.890891172000011, -1.925252284999942 ], [ 124.860733680000067, -1.891614140999934 ], [ 124.774469461000081, -1.915573816999938 ], [ 124.757817395000075, -1.931283528999927 ], [ 124.706278022000106, -1.950577663999979 ], [ 124.680935455000053, -1.975633572999925 ], [ 124.523858166000082, -2.01810177699997 ], [ 124.509286144000043, -2.013257839999937 ], [ 124.480932612000061, -2.024960389999933 ], [ 124.471757411000112, -2.017579300999955 ], [ 124.449292919000072, -2.025081741999941 ], [ 124.417574704000117, -2.02233584399994 ], [ 124.404563812000106, -2.033224256999972 ], [ 124.392181295000114, -2.018762289999927 ], [ 124.397815947000026, -1.993856343999937 ], [ 124.392912354000032, -1.970370111999955 ], [ 124.337195439000084, -1.889968755999973 ], [ 124.344980178000014, -1.852893389999963 ], [ 124.342286471000079, -1.81507265099998 ], [ 124.347840132000101, -1.788672562999977 ], [ 124.360707346000027, -1.761665981999954 ], [ 124.365834311000071, -1.764108517999944 ], [ 124.362300658000095, -1.750997585999926 ], [ 124.373023461000116, -1.738453066999966 ], [ 124.367508654000062, -1.716702873999964 ], [ 124.372385598000051, -1.717845014999966 ], [ 124.377076911000017, -1.699045432999981 ], [ 124.367967858000043, -1.702149319999933 ], [ 124.372976147000031, -1.711981253999966 ], [ 124.361760955000022, -1.718255098999975 ], [ 124.361846615000104, -1.705234687999962 ], [ 124.378549638000095, -1.677314568999975 ], [ 124.4004294020001, -1.659512821999954 ], [ 124.47964077000006, -1.66066611499997 ], [ 124.506559869000057, -1.653480852999962 ], [ 124.512360042000068, -1.635580644999948 ], [ 124.531515255000045, -1.630741721999925 ] ] ], [ [ [ 125.076827661000038, -1.766530253999974 ], [ 125.076594035000085, -1.766180494999958 ], [ 125.07695861600007, -1.766327542999932 ], [ 125.076827661000038, -1.766530253999974 ] ] ], [ [ [ 124.360889008000072, -1.75795865799995 ], [ 124.359498154000107, -1.758490939999945 ], [ 124.359903811000095, -1.757090694999931 ], [ 124.360889008000072, -1.75795865799995 ] ] ], [ [ [ 124.358944901000086, -1.744787886999973 ], [ 124.359767242000089, -1.742320862999975 ], [ 124.359127644000068, -1.745119108999972 ], [ 124.358944901000086, -1.744787886999973 ] ] ], [ [ [ 124.359873435000054, -1.739395842999954 ], [ 124.356901946000107, -1.739634412999976 ], [ 124.357217042000116, -1.738232259999961 ], [ 124.359873435000054, -1.739395842999954 ] ] ], [ [ [ 124.371885915, -1.739199685999949 ], [ 124.370486792000065, -1.738337369999954 ], [ 124.371440479000057, -1.738000437999972 ], [ 124.371885915, -1.739199685999949 ] ] ], [ [ [ 124.365109663000112, -1.735090149999962 ], [ 124.36728757100002, -1.74121951099994 ], [ 124.363425746000075, -1.740687175999938 ], [ 124.365109663000112, -1.735090149999962 ] ] ], [ [ [ 124.360877863000042, -1.733938707999926 ], [ 124.356122886000094, -1.732991582999944 ], [ 124.360844433000011, -1.730731909999975 ], [ 124.360877863000042, -1.733938707999926 ] ] ], [ [ [ 124.36624809500006, -1.723786116999975 ], [ 124.365962560000071, -1.726574844999959 ], [ 124.363930500000038, -1.72525662299995 ], [ 124.365110713000036, -1.724971088999951 ], [ 124.36624809500006, -1.723786116999975 ] ] ], [ [ [ 124.366943849000108, -1.724430949999942 ], [ 124.366996197000049, -1.724050236999972 ], [ 124.36707234000005, -1.724445226999933 ], [ 124.366943849000108, -1.724430949999942 ] ] ], [ [ [ 124.361975535000056, -1.72259876499993 ], [ 124.366339466000113, -1.723502960999951 ], [ 124.363488872000062, -1.72508768199998 ], [ 124.361975535000056, -1.72259876499993 ] ] ], [ [ [ 124.989540697000052, -1.710582842999941 ], [ 124.991899218000071, -1.711079674999951 ], [ 124.990802763000033, -1.712952786999949 ], [ 124.989540697000052, -1.710582842999941 ] ] ], [ [ [ 124.963181932000111, -1.698488982999947 ], [ 124.966728281000087, -1.696238963999974 ], [ 124.967733365000072, -1.69866030299994 ], [ 124.963181932000111, -1.698488982999947 ] ] ], [ [ [ 124.965229523000062, -1.689048250999974 ], [ 124.967448479000041, -1.686581885999942 ], [ 124.968878816000029, -1.690950212999951 ], [ 124.965229523000062, -1.689048250999974 ] ] ], [ [ [ 124.965812164000113, -1.664049398999964 ], [ 124.954327934000048, -1.67186735599995 ], [ 124.950033482000094, -1.666796248999958 ], [ 124.951975122000022, -1.66460333699996 ], [ 124.965812164000113, -1.664049398999964 ] ] ], [ [ [ 124.991309905000094, -1.659549701999936 ], [ 125.006955021000067, -1.659671974999981 ], [ 125.022568091000039, -1.665021002999936 ], [ 124.999553945000116, -1.670191096999929 ], [ 124.991309905000094, -1.659549701999936 ] ] ], [ [ [ 124.888971112000036, -1.659763012999974 ], [ 124.888787159000117, -1.663373091999972 ], [ 124.886265469000023, -1.661663860999965 ], [ 124.888971112000036, -1.659763012999974 ] ] ], [ [ [ 124.87854710900001, -1.658519017999936 ], [ 124.881033254000045, -1.658835540999974 ], [ 124.879853486000115, -1.661172055999941 ], [ 124.87854710900001, -1.658519017999936 ] ] ], [ [ [ 124.486787913000057, -1.629829776999941 ], [ 124.488822828000025, -1.636492267999927 ], [ 124.48678601000006, -1.637206105999951 ], [ 124.486787913000057, -1.629829776999941 ] ] ], [ [ [ 124.486403194000104, -1.630166073999931 ], [ 124.486108140000056, -1.629295191999972 ], [ 124.486736319000102, -1.629342780999934 ], [ 124.486403194000104, -1.630166073999931 ] ] ], [ [ [ 124.472012494000069, -1.583162178999942 ], [ 124.481512854000016, -1.581578122999929 ], [ 124.47984744200005, -1.604124079999963 ], [ 124.472012494000069, -1.583162178999942 ] ] ] ] } },
{ "type": "Feature", "properties": { "kemendagri_kab_code": 8271, "kemendagri_kab_name": "Kota Ternate", "kemendagri_prov_code": 82, "kemendagri_prov_name": "Maluku Utara" }, "geometry": { "type": "MultiPolygon", "coordinates": [ [ [ [ 127.306677599000068, 0.84141336600004 ], [ 127.306677556000068, 0.841513861000067 ], [ 127.306729855000071, 0.841499527000053 ], [ 127.306677599000068, 0.84141336600004 ] ] ], [ [ [ 127.306358532000104, 0.842700508000064 ], [ 127.306567857000118, 0.842346477000035 ], [ 127.306263605000026, 0.842351130000054 ], [ 127.306358532000104, 0.842700508000064 ] ] ], [ [ [ 127.31007103200011, 0.914227480000022 ], [ 127.309747375000029, 0.912962503000074 ], [ 127.308717651000052, 0.91328158400006 ], [ 127.31007103200011, 0.914227480000022 ] ] ], [ [ [ 126.13940341600005, 0.982536872000026 ], [ 126.154601089000039, 0.976901290000058 ], [ 126.153496014000098, 0.969163735000052 ], [ 126.144647682000027, 0.973172737000027 ], [ 126.146269319000112, 0.964570500000036 ], [ 126.161922895000089, 0.958263627000065 ], [ 126.150836614000013, 0.957250226000042 ], [ 126.127304823000031, 0.976759952000066 ], [ 126.13940341600005, 0.982536872000026 ] ] ], [ [ [ 126.148024009000096, 0.989410625000062 ], [ 126.14442788000008, 0.98405217200002 ], [ 126.143885407000084, 0.985161023000046 ], [ 126.148024009000096, 0.989410625000062 ] ] ], [ [ [ 126.383220345000041, 1.35151139900006 ], [ 126.416446185000041, 1.332789758000047 ], [ 126.399441674000059, 1.316759718000071 ], [ 126.39391915300007, 1.280569198000023 ], [ 126.37640985400003, 1.312182500000063 ], [ 126.356821822000029, 1.322702142000026 ], [ 126.367014878000077, 1.344396626000048 ], [ 126.383220345000041, 1.35151139900006 ] ] ], [ [ [ 127.386234933000082, 0.471475123000062 ], [ 127.418612876000111, 0.479195920000052 ], [ 127.439353826000115, 0.451916803000074 ], [ 127.420419707000065, 0.432931351000036 ], [ 127.398907628000075, 0.433167042000036 ], [ 127.382577972000036, 0.450183179000021 ], [ 127.386234933000082, 0.471475123000062 ] ] ], [ [ [ 127.327216497000109, 0.867761683000026 ], [ 127.388736816000119, 0.828768041000046 ], [ 127.391491525000106, 0.790475450000031 ], [ 127.370799947000023, 0.75903362400004 ], [ 127.314811663000114, 0.756875716000025 ], [ 127.293985728000052, 0.791022220000059 ], [ 127.3021757570001, 0.841157769000063 ], [ 127.30661111500001, 0.841250633000072 ], [ 127.312964753000074, 0.846723170000075 ], [ 127.318462379000039, 0.863819242000034 ], [ 127.327216497000109, 0.867761683000026 ] ] ], [ [ [ 127.314861355000062, 0.913678958000048 ], [ 127.330973614000072, 0.896348699000043 ], [ 127.3177308490001, 0.881519640000022 ], [ 127.302548522000052, 0.898230571000056 ], [ 127.314861355000062, 0.913678958000048 ] ] ], [ [ [ 127.311646988, 0.914893659000029 ], [ 127.311486358000025, 0.91528240100007 ], [ 127.31164086900003, 0.915270510000028 ], [ 127.311646988, 0.914893659000029 ] ] ], [ [ [ 127.310784918000081, 0.915754630000038 ], [ 127.310618419000093, 0.91598784200005 ], [ 127.310790760000032, 0.915969978000021 ], [ 127.310784918000081, 0.915754630000038 ] ] ] ] } },
{ "type": "Feature", "properties": { "kemendagri_kab_code": 8272, "kemendagri_kab_name": "Kota Tidore Kepulauan", "kemendagri_prov_code": 82, "kemendagri_prov_name": "Maluku Utara" }, "geometry": { "type": "MultiPolygon", "coordinates": [ [ [ [ 127.580302190000111, 0.400527272000033 ], [ 127.583073720000016, 0.39392842500007 ], [ 127.578225054000086, 0.397046709000051 ], [ 127.580302190000111, 0.400527272000033 ] ] ], [ [ [ 127.395555107000064, 0.585289380000063 ], [ 127.408402663000061, 0.584611106000068 ], [ 127.410996479000119, 0.574053420000041 ], [ 127.381645717000083, 0.558494261000021 ], [ 127.395555107000064, 0.585289380000063 ] ] ], [ [ [ 127.406455536000067, 0.756623503000071 ], [ 127.408963338000035, 0.747712045000071 ], [ 127.416555544000062, 0.752229617000069 ], [ 127.449207006000051, 0.744447844000035 ], [ 127.460436900000104, 0.714773869000055 ], [ 127.457509557000094, 0.707570261000058 ], [ 127.454302572000074, 0.683012122000036 ], [ 127.456438135000099, 0.673048632000075 ], [ 127.447509743000069, 0.653672879000055 ], [ 127.42540175900001, 0.626778012000045 ], [ 127.401657244000035, 0.62202099600006 ], [ 127.383377088000088, 0.626747175000048 ], [ 127.368920303000095, 0.642888040000059 ], [ 127.362122654000018, 0.678113636000035 ], [ 127.385797273000094, 0.723618406000071 ], [ 127.384602566000012, 0.746749632000046 ], [ 127.406455536000067, 0.756623503000071 ] ] ], [ [ [ 127.458739137000066, 0.709233737000034 ], [ 127.458655761000045, 0.709772110000074 ], [ 127.458905384000104, 0.709676478000063 ], [ 127.458739137000066, 0.709233737000034 ] ] ], [ [ [ 127.479987323000046, 0.712912750000044 ], [ 127.479606727000032, 0.713711859000057 ], [ 127.480129718000057, 0.713616316000071 ], [ 127.479987323000046, 0.712912750000044 ] ] ], [ [ [ 127.460924025000054, 0.71529448800004 ], [ 127.460817113000076, 0.715126950000069 ], [ 127.46051998400003, 0.715114885000048 ], [ 127.460924025000054, 0.71529448800004 ] ] ], [ [ [ 127.370061765000059, 0.741271692000055 ], [ 127.379001346000109, 0.730841823000048 ], [ 127.369598830000086, 0.723803281000073 ], [ 127.361963275000107, 0.732836285000076 ], [ 127.370061765000059, 0.741271692000055 ] ] ], [ [ [ 127.623307362000105, 0.35391394200002 ], [ 127.619701355000075, 0.357279 ], [ 127.622683039000094, 0.356968146000042 ], [ 127.623307362000105, 0.35391394200002 ] ] ], [ [ [ 127.638534544000095, 0.357651864000047 ], [ 127.645719414000041, 0.355392556000027 ], [ 127.637647775000119, 0.35528363800006 ], [ 127.638534544000095, 0.357651864000047 ] ] ], [ [ [ 127.59484507500008, 0.381403567000064 ], [ 127.591110485000058, 0.382470012000056 ], [ 127.594682074000048, 0.384395791000031 ], [ 127.59484507500008, 0.381403567000064 ] ] ], [ [ [ 127.619878817000085, 0.787405788000058 ], [ 127.635771865000038, 0.770454541000049 ], [ 127.661610676, 0.77563585300004 ], [ 127.692260969000017, 0.755515608000053 ], [ 127.716436066000028, 0.764643676000048 ], [ 127.751756201000035, 0.757244574000026 ], [ 127.766993809000041, 0.73186920400002 ], [ 127.768016163000084, 0.707130104000044 ], [ 127.78300002200001, 0.692341065000051 ], [ 127.79185966700004, 0.631284108000045 ], [ 127.809948701000053, 0.614541577000068 ], [ 127.810216135000019, 0.597852279000051 ], [ 127.831570151000051, 0.575573617000032 ], [ 127.821178210000085, 0.560546640000041 ], [ 127.825867, 0.542441406000023 ], [ 127.806555082000045, 0.526147524000066 ], [ 127.81276846500009, 0.518234469000049 ], [ 127.803575458000068, 0.508117182000035 ], [ 127.806044897000106, 0.490069098000049 ], [ 127.800281277000067, 0.480953446000058 ], [ 127.779456941000035, 0.485507200000029 ], [ 127.779564805000064, 0.467912796000064 ], [ 127.768620887000111, 0.454337817000066 ], [ 127.775104185000032, 0.412850965000075 ], [ 127.806545996000068, 0.373654416000022 ], [ 127.800734980000016, 0.36193184900003 ], [ 127.807226022, 0.33997892800005 ], [ 127.798555761000102, 0.317434712000022 ], [ 127.819521071000054, 0.272591804000058 ], [ 127.797265272000118, 0.248489393000057 ], [ 127.823669881000114, 0.209353738000061 ], [ 127.804811742000084, 0.190363059000049 ], [ 127.78771387900008, 0.154647542000021 ], [ 127.799141439000095, 0.131659286000058 ], [ 127.796507187000088, -0.024322830999949 ], [ 127.697622546000048, 0.007066136000049 ], [ 127.722081644000014, 0.07230359700003 ], [ 127.712176569, 0.103656562000026 ], [ 127.684678082000119, 0.098553253000034 ], [ 127.701804587000083, 0.125108279000074 ], [ 127.691807163000021, 0.145918661000053 ], [ 127.695975720000092, 0.18522936200003 ], [ 127.708642331000078, 0.21305531500002 ], [ 127.715877759000023, 0.264191811000046 ], [ 127.733967214000018, 0.301958552000031 ], [ 127.725259078000022, 0.333919274000039 ], [ 127.709142501000088, 0.352880246000041 ], [ 127.661614189000034, 0.342374888000052 ], [ 127.648903826000037, 0.357880396000041 ], [ 127.621737806000056, 0.36017367900007 ], [ 127.622473810000088, 0.396031638000068 ], [ 127.595706835000101, 0.40095679500007 ], [ 127.57873208500007, 0.41468984100004 ], [ 127.585614613000075, 0.422990138000046 ], [ 127.573148432000039, 0.428836344000047 ], [ 127.576681580000013, 0.444016479000027 ], [ 127.568869791000111, 0.454730213000062 ], [ 127.561834414000032, 0.515949489000036 ], [ 127.526900247000071, 0.55436300100007 ], [ 127.536751651000031, 0.574390004000065 ], [ 127.529591302000085, 0.612570499000071 ], [ 127.540786879000052, 0.63194721800005 ], [ 127.54019078500005, 0.655053744000043 ], [ 127.551079530000038, 0.682423269000026 ], [ 127.547573998000075, 0.729282623000074 ], [ 127.574985222, 0.753880825000067 ], [ 127.597399150000115, 0.76002578300006 ], [ 127.599379553000063, 0.749746981000044 ], [ 127.605707439000071, 0.76562933200006 ], [ 127.599153313000102, 0.773083921000023 ], [ 127.619878817000085, 0.787405788000058 ] ] ], [ [ [ 127.602922534000072, 0.388658518000057 ], [ 127.608260914000084, 0.38637256200002 ], [ 127.60059762800006, 0.38401716900006 ], [ 127.602922534000072, 0.388658518000057 ] ] ], [ [ [ 127.58911053700001, 0.391834188000075 ], [ 127.584427051000034, 0.388844666000068 ], [ 127.588003446000016, 0.393245130000025 ], [ 127.58911053700001, 0.391834188000075 ] ] ], [ [ [ 127.596833801000116, 0.771005986000034 ], [ 127.594360849000054, 0.772890883000059 ], [ 127.596832699000061, 0.774365823000039 ], [ 127.596833801000116, 0.771005986000034 ] ] ] ] } }
]
}
