{
"type": "FeatureCollection",
"name": "91",
"crs": { "type": "name", "properties": { "name": "urn:ogc:def:crs:OGC:1.3:CRS84" } },
"features": [
{ "type": "Feature", "properties": { "kemendagri_kab_code": 9103, "kemendagri_kab_name": "Kabupaten Jayapura", "kemendagri_prov_code": 91, "kemendagri_prov_name": "Papua" }, "geometry": { "type": "MultiPolygon", "coordinates": [ [ [ [ 140.111266264000051, -2.319347307999976 ], [ 140.115499431000103, -2.336225168999931 ], [ 140.143866113000058, -2.349336612999934 ], [ 140.148374454000077, -2.337650634999932 ], [ 140.139914402000045, -2.324478321999948 ], [ 140.151835046000087, -2.323963914999979 ], [ 140.155472006000082, -2.339360770999974 ], [ 140.146077262000063, -2.355129796999961 ], [ 140.156663161000097, -2.353039917999979 ], [ 140.153026511000121, -2.370606737999935 ], [ 140.162284968000108, -2.36659285199994 ], [ 140.16761104200009, -2.375442120999935 ], [ 140.189513969000018, -2.38081524699993 ], [ 140.207073579000053, -2.406593180999948 ], [ 140.228017329000068, -2.411407202999953 ], [ 140.22386657900006, -2.413950924999938 ], [ 140.230386520000025, -2.419663180999976 ], [ 140.232366071000115, -2.402737692999949 ], [ 140.253396392000013, -2.400980212999968 ], [ 140.264829266000106, -2.42263326799997 ], [ 140.269485395000061, -2.415866080999933 ], [ 140.272170974000119, -2.423834062999958 ], [ 140.295474979000119, -2.425939481999933 ], [ 140.300156913000023, -2.44390270699995 ], [ 140.315384227000095, -2.439797644999942 ], [ 140.318219172000113, -2.448810444999935 ], [ 140.323727807000068, -2.447956328999965 ], [ 140.32626335000009, -2.442891626999938 ], [ 140.328602796000041, -2.451461175999953 ], [ 140.336796709000055, -2.448820846999979 ], [ 140.336495074000027, -2.465284638999947 ], [ 140.350175666000041, -2.460164038999949 ], [ 140.35517702300001, -2.445932996999943 ], [ 140.366638622000096, -2.461917688999961 ], [ 140.371815596000033, -2.455929604999938 ], [ 140.371950100000049, -2.421398952999937 ], [ 140.362659077000103, -2.418779704999963 ], [ 140.355159209000021, -2.402693423999949 ], [ 140.347187349000023, -2.408264180999936 ], [ 140.348239954000064, -2.395480139999961 ], [ 140.368398117000083, -2.404207348999932 ], [ 140.38509732700004, -2.399469437999926 ], [ 140.4135055590001, -2.414563753999971 ], [ 140.43330267500005, -2.411974305999934 ], [ 140.460454863000109, -2.431943426999965 ], [ 140.485091406000038, -2.431627007999964 ], [ 140.487650754000015, -2.428436864999981 ], [ 140.486315081000043, -2.438647705999927 ], [ 140.497497392000014, -2.44422029499998 ], [ 140.525370230000021, -2.427751450999949 ], [ 140.540626313000075, -2.447641959999942 ], [ 140.558857964000026, -2.439109746999975 ], [ 140.560541381000121, -2.450265797999975 ], [ 140.578970306000087, -2.446190970999965 ], [ 140.594109230000072, -2.455272183999966 ], [ 140.613148567000053, -2.439671723999936 ], [ 140.617497549000063, -2.449618944999941 ], [ 140.633168834000116, -2.454744391999952 ], [ 140.634094068000081, -2.468240345999959 ], [ 140.644643410000072, -2.463296797999931 ], [ 140.652714844000116, -2.476297724999938 ], [ 140.6388, -2.505072221999967 ], [ 140.603349725000044, -2.515789016999975 ], [ 140.626145264000115, -2.574853945999962 ], [ 140.614832609000018, -2.612784885999929 ], [ 140.621118477000095, -2.61487797999996 ], [ 140.63342362000003, -2.722520252999971 ], [ 140.619136931000071, -2.764073499999938 ], [ 140.623148825000044, -2.77116504199995 ], [ 140.61345424700005, -2.776137998999957 ], [ 140.573913803000096, -2.758470958999965 ], [ 140.562200729000097, -2.763252526999963 ], [ 140.561440150000067, -2.771769164999967 ], [ 140.556641726000066, -2.76576764899994 ], [ 140.550343940000062, -2.77465830999995 ], [ 140.535542379000049, -2.771972392999942 ], [ 140.525302822000072, -2.77983975199993 ], [ 140.527437621000104, -2.773882909999941 ], [ 140.519917294000038, -2.771506882999972 ], [ 140.502052059000107, -2.774008308999953 ], [ 140.490826454000057, -2.754382799999973 ], [ 140.468680867000103, -2.752726924999934 ], [ 140.458928659000094, -2.767752161999965 ], [ 140.445858138000062, -2.770594480999932 ], [ 140.448125656000116, -2.777609108999968 ], [ 140.42785945300011, -2.773181069999964 ], [ 140.406566674000032, -2.78299760699997 ], [ 140.374916605000067, -2.817192595999927 ], [ 140.400314632000118, -2.829365433999953 ], [ 140.41409747900002, -2.845951387999946 ], [ 140.389433864000011, -2.86357955699998 ], [ 140.403763732000016, -2.897635974999957 ], [ 140.404163953000079, -2.923429071999976 ], [ 140.382419968000022, -2.942096434999939 ], [ 140.386720738, -2.976050567999948 ], [ 140.40505612000004, -2.990745834999927 ], [ 140.412230993000094, -3.014116069999943 ], [ 140.396275762000073, -3.023745449999979 ], [ 140.372381092000069, -3.012641218999931 ], [ 140.359148220000066, -3.030808283999932 ], [ 140.368536636000044, -3.049725738999939 ], [ 140.390163772000051, -3.055516404999935 ], [ 140.408309464000013, -3.08250198199994 ], [ 140.392585151000048, -3.101820467999971 ], [ 140.407266934000063, -3.133558584999946 ], [ 140.369711307000102, -3.14623232699995 ], [ 140.361622478000072, -3.166296749999958 ], [ 140.324157674000048, -3.179552237999928 ], [ 140.317787764000059, -3.193730328999948 ], [ 140.337114620000079, -3.208850436999967 ], [ 140.313579210000057, -3.292096638999965 ], [ 140.323669231000054, -3.328838700999938 ], [ 140.333543105000103, -3.337027147999947 ], [ 140.343994580000071, -3.33073817199994 ], [ 140.341774831000066, -3.342361565999965 ], [ 140.350865195000097, -3.337888711999938 ], [ 140.343287257000043, -3.358731859999978 ], [ 140.357307639000055, -3.360389354999938 ], [ 140.36305659300001, -3.35199506999993 ], [ 140.36239523200004, -3.369432205999942 ], [ 140.370374798000057, -3.367366774999937 ], [ 140.362623983000049, -3.384381106999967 ], [ 140.349417739000046, -3.381505355999934 ], [ 140.359624295000117, -3.390895411999963 ], [ 140.348156864000089, -3.402164544999948 ], [ 140.356526628000097, -3.409093097999971 ], [ 140.349078081000016, -3.418450016999941 ], [ 140.360643922, -3.41602434999993 ], [ 140.367721247000077, -3.446016337999936 ], [ 140.361508630000117, -3.463142655999945 ], [ 140.368879802000038, -3.469111641999973 ], [ 140.33706225800006, -3.486022446999925 ], [ 140.344338489000052, -3.494375928999943 ], [ 140.352396422000083, -3.490172776999941 ], [ 140.350595151000107, -3.500969089999955 ], [ 140.366131232000043, -3.493541923999942 ], [ 140.371354314000087, -3.508723910999947 ], [ 140.36325182600001, -3.50711473299998 ], [ 140.364072320000105, -3.515137699999968 ], [ 140.374530237000045, -3.520809792999955 ], [ 140.378907705000074, -3.514117354999939 ], [ 140.375354824000055, -3.52281895699997 ], [ 140.36843968800008, -3.52350385799997 ], [ 140.373580267000079, -3.533249714999954 ], [ 140.361788949000015, -3.528486745999942 ], [ 140.37166801300009, -3.54661108099998 ], [ 140.378831847000015, -3.544234470999925 ], [ 140.385937624000121, -3.554192092999926 ], [ 140.374196603000087, -3.569002185999977 ], [ 140.382306842000048, -3.571766030999925 ], [ 140.375760179000054, -3.58166431199993 ], [ 140.388866281000105, -3.59655536799994 ], [ 140.38072791400009, -3.60554650499995 ], [ 140.396856901000092, -3.629837173999931 ], [ 140.375099123000041, -3.649667859999965 ], [ 140.37357987200005, -3.662385961999973 ], [ 140.365984075000028, -3.659085042999948 ], [ 140.365411366000103, -3.667676319999941 ], [ 140.346386508000023, -3.669827529999964 ], [ 140.351835405000088, -3.684056054999928 ], [ 140.341795629000103, -3.688414647999934 ], [ 140.348883423000075, -3.693479453999942 ], [ 140.36489399300001, -3.682598135999967 ], [ 140.358001811, -3.710705530999974 ], [ 140.372034993000057, -3.708646895999948 ], [ 140.387344834000032, -3.730248700999937 ], [ 140.374126724000121, -3.744576206999966 ], [ 140.351298495000037, -3.738978792999944 ], [ 140.321056588000033, -3.754323310999951 ], [ 140.321206165000035, -3.743575281999938 ], [ 140.285261952000042, -3.717910536999966 ], [ 140.274991975000034, -3.670923133999963 ], [ 140.205455252000093, -3.677656834999937 ], [ 140.19812060300012, -3.697245274999943 ], [ 140.162985791000096, -3.707731456999966 ], [ 140.15430101000004, -3.697194558999968 ], [ 140.109987154, -3.691975549999938 ], [ 140.097907264000014, -3.678247820999957 ], [ 140.087111841000024, -3.68264196399997 ], [ 140.064730852000025, -3.649107880999964 ], [ 140.050203732000114, -3.673394797999947 ], [ 140.038946836000036, -3.67041003099996 ], [ 140.021167201000026, -3.680039407999971 ], [ 140.025685216000056, -3.687316583999973 ], [ 140.019681765000087, -3.701528008999958 ], [ 140.004643571000088, -3.702432203999933 ], [ 139.989427051000121, -3.657474628999978 ], [ 139.957513881000068, -3.639415735999933 ], [ 139.967505882000069, -3.612664861999974 ], [ 139.920704597000054, -3.624862677999943 ], [ 139.912202076000085, -3.645162135999954 ], [ 139.906535973000018, -3.633575120999978 ], [ 139.889402329000063, -3.643915534999962 ], [ 139.900701569000034, -3.624992885999973 ], [ 139.888972082, -3.621614560999944 ], [ 139.881669696000017, -3.608244665999962 ], [ 139.858821632000058, -3.613187018999952 ], [ 139.856535492000035, -3.607978918999947 ], [ 139.875818146000029, -3.601225801999931 ], [ 139.86363510000001, -3.585745955999926 ], [ 139.83878530000004, -3.58808354699994 ], [ 139.821202460000109, -3.577402699999936 ], [ 139.799527971000089, -3.591891332999978 ], [ 139.806455193000033, -3.566963969999961 ], [ 139.780915543000106, -3.570064657999978 ], [ 139.770217941000055, -3.561845870999946 ], [ 139.780161234000047, -3.545182559999944 ], [ 139.773103989000106, -3.531173987999978 ], [ 139.782736025000077, -3.521552823999968 ], [ 139.757813533000103, -3.510104755999976 ], [ 139.744475885000043, -3.529260804999979 ], [ 139.744991845000072, -3.54434600299993 ], [ 139.737130103000027, -3.54835172099996 ], [ 139.725747740000088, -3.544076642999926 ], [ 139.71873500300012, -3.521623815999931 ], [ 139.702546341000016, -3.542796855999939 ], [ 139.685738183000012, -3.529030298999942 ], [ 139.675171065000086, -3.531792472999939 ], [ 139.68413260300008, -3.550418625999953 ], [ 139.693126110000094, -3.548632662999978 ], [ 139.693182066000077, -3.556509525999957 ], [ 139.70282523700007, -3.559175238999956 ], [ 139.695877198000062, -3.575071779999973 ], [ 139.702538907000076, -3.580519962999972 ], [ 139.697025584000016, -3.57953105799993 ], [ 139.689534347000063, -3.599949441999968 ], [ 139.703614203000029, -3.637303784999972 ], [ 139.662822971000082, -3.66431605899993 ], [ 139.626019093000082, -3.664193207999972 ], [ 139.621936446000063, -3.709746588999963 ], [ 139.609333839000101, -3.711000180999974 ], [ 139.595134323000025, -3.727187059999949 ], [ 139.592611278000049, -3.705136788999937 ], [ 139.518029256000091, -3.657604674999959 ], [ 139.515021595000121, -3.649429464999969 ], [ 139.527903160000051, -3.633514024999954 ], [ 139.518827901, -3.611664650999955 ], [ 139.52112571400005, -3.589585898999928 ], [ 139.504900685000052, -3.562653567999973 ], [ 139.517630086000054, -3.555520324999975 ], [ 139.506215305000069, -3.542481638999959 ], [ 139.519837458000097, -3.524982432999934 ], [ 139.498749195000073, -3.516343651999932 ], [ 139.505123282000113, -3.497731895999948 ], [ 139.496000656000092, -3.486949960999937 ], [ 139.486309858000027, -3.492809905999934 ], [ 139.484825413000067, -3.518504447999931 ], [ 139.472393667000119, -3.52207896799996 ], [ 139.466403048000075, -3.493307244999926 ], [ 139.484428411000067, -3.480509965999943 ], [ 139.485737915000072, -3.470815826999967 ], [ 139.463643442000034, -3.46016465699995 ], [ 139.459954620000076, -3.448915309999961 ], [ 139.454898616000037, -3.455468641999971 ], [ 139.453307742000106, -3.443321812999955 ], [ 139.440962744000103, -3.437349740999935 ], [ 139.449439727000026, -3.421543995999969 ], [ 139.468335339000078, -3.421324544999948 ], [ 139.462561257000061, -3.417027007999934 ], [ 139.477122326000085, -3.411081400999933 ], [ 139.470101696000029, -3.398842396999953 ], [ 139.478080544000022, -3.399163444999942 ], [ 139.483137087000046, -3.379193124999972 ], [ 139.490782602000081, -3.377345371999979 ], [ 139.486291683000104, -3.370811152999977 ], [ 139.495924560000049, -3.368859616999941 ], [ 139.496875762000059, -3.330615688999956 ], [ 139.509289807000073, -3.31979853699994 ], [ 139.507829160000028, -3.306994693999968 ], [ 139.513254896000035, -3.308270820999951 ], [ 139.511344453000106, -3.30049569199997 ], [ 139.50409718800006, -3.301311136999971 ], [ 139.508479720000082, -3.298434405999956 ], [ 139.509123464000027, -3.291518353999948 ], [ 139.506152148000069, -3.296415330999935 ], [ 139.49935137500006, -3.290027588999976 ], [ 139.499547885000084, -3.262797254999953 ], [ 139.488150249000114, -3.243985890999966 ], [ 139.493594014000109, -3.236604134999936 ], [ 139.486301641000068, -3.234509536999951 ], [ 139.494359560000021, -3.203719750999937 ], [ 139.485445773000038, -3.204173179999941 ], [ 139.476377736000018, -3.186717318999968 ], [ 139.484855387000039, -3.186078476999967 ], [ 139.478863276000084, -3.166765918999943 ], [ 139.497053353000069, -3.163164717999962 ], [ 139.492922743, -3.15876884499994 ], [ 139.500392961000102, -3.159042375999945 ], [ 139.503479861000073, -3.141210656999931 ], [ 139.518159202000106, -3.132370144999925 ], [ 139.500749192000058, -3.097589006999954 ], [ 139.530598908000115, -3.080481172999953 ], [ 139.526744377000114, -3.071053940999946 ], [ 139.535798669000087, -3.071861664999972 ], [ 139.527835525000114, -3.064719687999968 ], [ 139.536096914000041, -3.06132551099995 ], [ 139.528903264000064, -3.028483579999943 ], [ 139.533397664000063, -3.009929688999932 ], [ 139.522671024000033, -2.981263964999926 ], [ 139.520658575000084, -2.942351433999931 ], [ 139.535051621000093, -2.924860148999926 ], [ 139.550312665000092, -2.922416255999963 ], [ 139.589637819000018, -2.879970067999977 ], [ 139.582111292000036, -2.865187718999948 ], [ 139.569295512000053, -2.86325151099993 ], [ 139.550246266000045, -2.842901127999937 ], [ 139.548748321000062, -2.824200032999954 ], [ 139.537052652000057, -2.818214778999959 ], [ 139.519093137000027, -2.818785097999978 ], [ 139.469600905000107, -2.794260355999938 ], [ 139.445606466000072, -2.807162312999935 ], [ 139.426024782000013, -2.800730868999949 ], [ 139.432774886000061, -2.783110821999969 ], [ 139.421928762000107, -2.768268464999949 ], [ 139.431222542000114, -2.741337464999958 ], [ 139.422965210000029, -2.713086475999944 ], [ 139.382014251000101, -2.699473191999971 ], [ 139.36071663000007, -2.671922245999951 ], [ 139.366520931000082, -2.658123404999969 ], [ 139.380588928000066, -2.65753624499996 ], [ 139.395966644000055, -2.642919073999963 ], [ 139.417382233000012, -2.58995082399997 ], [ 139.432862168000042, -2.589699576999976 ], [ 139.446599770000034, -2.598965469999939 ], [ 139.446124606000012, -2.607028497999977 ], [ 139.48566418300004, -2.623412531999975 ], [ 139.495557076000068, -2.601677865999932 ], [ 139.510473599000079, -2.60523633899993 ], [ 139.511338274000082, -2.616387502999942 ], [ 139.526751925000099, -2.60808252299995 ], [ 139.558206503000065, -2.607827010999927 ], [ 139.549574212000039, -2.59908513299996 ], [ 139.551442848000079, -2.587468739999963 ], [ 139.576867021000112, -2.568067137999947 ], [ 139.583725625000056, -2.556781945999944 ], [ 139.57533580300003, -2.54486357299993 ], [ 139.58276038300005, -2.539995800999975 ], [ 139.642636110000012, -2.541236246999972 ], [ 139.66057209600001, -2.555296114999976 ], [ 139.680753568000114, -2.544169887999942 ], [ 139.705388048000032, -2.544860617999973 ], [ 139.715602943000022, -2.534618948999935 ], [ 139.726908336000065, -2.542047964999938 ], [ 139.759248925000065, -2.52918281999996 ], [ 139.776258750000011, -2.501551744999972 ], [ 139.769102089000057, -2.487040294999929 ], [ 139.779749501000083, -2.489314436999962 ], [ 139.782837076000078, -2.479202157999964 ], [ 139.76457898600006, -2.462172998999961 ], [ 139.756661879000035, -2.466045707999967 ], [ 139.746218112000065, -2.417074821999961 ], [ 139.752104517000021, -2.407568216999948 ], [ 139.783127379000121, -2.402881001999958 ], [ 139.976082766000104, -2.442831161999948 ], [ 139.986468066000043, -2.43855612699997 ], [ 139.984321015000091, -2.391680680999968 ], [ 139.995443499000089, -2.380245282999965 ], [ 139.993146753000019, -2.372160851999979 ], [ 140.001313829000082, -2.376224385999933 ], [ 139.999375757000053, -2.359943149999935 ], [ 140.066733720000116, -2.357491331999938 ], [ 140.079780618000086, -2.349552942999935 ], [ 140.083385244000056, -2.329645092999954 ], [ 140.111266264000051, -2.319347307999976 ] ] ], [ [ [ 140.343697768000084, -2.460256643999969 ], [ 140.343697768000084, -2.45999014399996 ], [ 140.343867185000022, -2.460077708999961 ], [ 140.343697768000084, -2.460256643999969 ] ] ], [ [ [ 140.337010963000012, -2.44715232599998 ], [ 140.336624301000029, -2.446852513999943 ], [ 140.336730187000057, -2.446547942999928 ], [ 140.337010963000012, -2.44715232599998 ] ] ], [ [ [ 140.321661537000068, -2.446914798999956 ], [ 140.321700084000099, -2.446557879999943 ], [ 140.321925657000065, -2.446545030999971 ], [ 140.321661537000068, -2.446914798999956 ] ] ], [ [ [ 140.326681114000053, -2.442313198999955 ], [ 140.327160814000081, -2.442503079999938 ], [ 140.326586888000065, -2.442484520999926 ], [ 140.326681114000053, -2.442313198999955 ] ] ], [ [ [ 140.327270745000078, -2.442166148999945 ], [ 140.327144990000079, -2.442237770999952 ], [ 140.32710656200004, -2.442191846999947 ], [ 140.327270745000078, -2.442166148999945 ] ] ], [ [ [ 140.296551495000017, -2.428890703999969 ], [ 140.296831319000034, -2.429084867999961 ], [ 140.296435853000048, -2.429244766999943 ], [ 140.296551495000017, -2.428890703999969 ] ] ], [ [ [ 140.277185848000045, -2.41865966499995 ], [ 140.277010482000037, -2.418249028999981 ], [ 140.277122912000095, -2.418160988999944 ], [ 140.277185848000045, -2.41865966499995 ] ] ], [ [ [ 140.27713893400005, -2.417010921999974 ], [ 140.277143296000077, -2.416685728999937 ], [ 140.277237523000053, -2.416672879999965 ], [ 140.27713893400005, -2.417010921999974 ] ] ], [ [ [ 140.232831066000017, -2.402614483999969 ], [ 140.23279251800011, -2.40244316299993 ], [ 140.232936714000061, -2.402424602999929 ], [ 140.232831066000017, -2.402614483999969 ] ] ], [ [ [ 140.254090832000088, -2.401523289999943 ], [ 140.254019449000111, -2.401329363999935 ], [ 140.25435019400004, -2.401224666999951 ], [ 140.254090832000088, -2.401523289999943 ] ] ], [ [ [ 140.347064311000054, -2.396038103999956 ], [ 140.347205651000081, -2.396192292999956 ], [ 140.347026493000044, -2.396111866999945 ], [ 140.347064311000054, -2.396038103999956 ] ] ], [ [ [ 140.23000993800008, -2.386648815999934 ], [ 140.229779606000079, -2.38637089499997 ], [ 140.230044202000045, -2.386077744999966 ], [ 140.23000993800008, -2.386648815999934 ] ] ], [ [ [ 140.158745473000067, -2.351135703999944 ], [ 140.158257208, -2.351589704999981 ], [ 140.158064471000102, -2.35153973599995 ], [ 140.158745473000067, -2.351135703999944 ] ] ], [ [ [ 140.157088575000103, -2.35096051599993 ], [ 140.15705050400004, -2.350823458999969 ], [ 140.157228487000111, -2.350752074999946 ], [ 140.157088575000103, -2.35096051599993 ] ] ], [ [ [ 140.155576348000068, -2.328887524999971 ], [ 140.155819053000073, -2.329203041999961 ], [ 140.155316511000024, -2.329188764999969 ], [ 140.155576348000068, -2.328887524999971 ] ] ], [ [ [ 140.139427774000069, -2.324100131999955 ], [ 140.139097505000109, -2.324513206999939 ], [ 140.139245983000023, -2.32405444699998 ], [ 140.139427774000069, -2.324100131999955 ] ] ], [ [ [ 140.144933014000117, -2.323021482999934 ], [ 140.144461018000015, -2.322860066999965 ], [ 140.144618062000063, -2.322734430999958 ], [ 140.144933014000117, -2.323021482999934 ] ] ], [ [ [ 140.63046487400004, -2.451573475999965 ], [ 140.630290696000088, -2.451456406999966 ], [ 140.630436320000058, -2.451386449999973 ], [ 140.63046487400004, -2.451573475999965 ] ] ], [ [ [ 140.601894381000079, -2.448619348999955 ], [ 140.601776360000031, -2.448524169999928 ], [ 140.60188676700011, -2.448540350999963 ], [ 140.601894381000079, -2.448619348999955 ] ] ], [ [ [ 140.602130197000065, -2.448462706999976 ], [ 140.601891300000034, -2.448139576999949 ], [ 140.602240604000031, -2.448262831999955 ], [ 140.602130197000065, -2.448462706999976 ] ] ], [ [ [ 140.601561435, -2.448124674999974 ], [ 140.601707058000102, -2.447822006999957 ], [ 140.601769876000048, -2.447976195999956 ], [ 140.601561435, -2.448124674999974 ] ] ], [ [ [ 140.353358020000087, -2.443584481999949 ], [ 140.353222390000042, -2.444260248999967 ], [ 140.3530867610001, -2.444150793999938 ], [ 140.353358020000087, -2.443584481999949 ] ] ], [ [ [ 140.60598032200005, -2.44327038299997 ], [ 140.605924643000094, -2.443119048999961 ], [ 140.606038857000044, -2.443186149999974 ], [ 140.60598032200005, -2.44327038299997 ] ] ], [ [ [ 140.353598345000023, -2.442961062999927 ], [ 140.352979685000037, -2.442597005999971 ], [ 140.353055828000038, -2.442287675999978 ], [ 140.353598345000023, -2.442961062999927 ] ] ], [ [ [ 140.606026329000088, -2.437810835999926 ], [ 140.606408233000025, -2.438389045999941 ], [ 140.605937099000016, -2.438024987999938 ], [ 140.606026329000088, -2.437810835999926 ] ] ], [ [ [ 140.351845107000031, -2.438286030999961 ], [ 140.351040849000015, -2.437484152999957 ], [ 140.35195456200006, -2.437691165999979 ], [ 140.351845107000031, -2.438286030999961 ] ] ], [ [ [ 140.5592586140001, -2.437564631999976 ], [ 140.559116798000105, -2.437224844999946 ], [ 140.559448019000115, -2.437397117999978 ], [ 140.5592586140001, -2.437564631999976 ] ] ], [ [ [ 140.469415755000114, -2.428998901999933 ], [ 140.469635618000098, -2.428952263999975 ], [ 140.469558523000046, -2.429181643999925 ], [ 140.469415755000114, -2.428998901999933 ] ] ], [ [ [ 140.520704881000029, -2.428580698999951 ], [ 140.520536470000025, -2.428393333999963 ], [ 140.520688756000027, -2.42828863799997 ], [ 140.520704881000029, -2.428580698999951 ] ] ], [ [ [ 140.486706336000111, -2.428300084999933 ], [ 140.486382581000044, -2.428528275999952 ], [ 140.486724182000103, -2.427461324999967 ], [ 140.486706336000111, -2.428300084999933 ] ] ], [ [ [ 140.512651199000061, -2.428403389999971 ], [ 140.512327140000025, -2.428169859999969 ], [ 140.51252270800012, -2.427896564999969 ], [ 140.512651199000061, -2.428403389999971 ] ] ], [ [ [ 140.525756969000099, -2.426781483999946 ], [ 140.525944946000095, -2.427024188999951 ], [ 140.525711521000062, -2.426942255999961 ], [ 140.525756969000099, -2.426781483999946 ] ] ], [ [ [ 140.34830419900004, -2.39532666499997 ], [ 140.348389860000111, -2.395205311999973 ], [ 140.348421983000094, -2.395305249999979 ], [ 140.34830419900004, -2.39532666499997 ] ] ], [ [ [ 140.348150789000101, -2.395365905999938 ], [ 140.348028960000079, -2.395285955999952 ], [ 140.347971853000104, -2.39499090299995 ], [ 140.348150789000101, -2.395365905999938 ] ] ] ] } },
{ "type": "Feature", "properties": { "kemendagri_kab_code": 9105, "kemendagri_kab_name": "Kabupaten Kepulauan Yapen", "kemendagri_prov_code": 91, "kemendagri_prov_name": "Papua" }, "geometry": { "type": "MultiPolygon", "coordinates": [ [ [ [ 135.222647969000036, -1.524600681999971 ], [ 135.223104999000043, -1.524921450999955 ], [ 135.222495649000052, -1.524720112999944 ], [ 135.222647969000036, -1.524600681999971 ] ] ], [ [ [ 135.302573998000071, -1.520346297999936 ], [ 135.302753568000071, -1.52018505999996 ], [ 135.30285587700007, -1.52025707699994 ], [ 135.302573998000071, -1.520346297999936 ] ] ], [ [ [ 135.337135246000116, -1.51376314099997 ], [ 135.348223913000083, -1.510030824999944 ], [ 135.352002034000066, -1.512267024999971 ], [ 135.337135246000116, -1.51376314099997 ] ] ], [ [ [ 135.323436922000042, -1.511480636999977 ], [ 135.323923870000044, -1.51131838699996 ], [ 135.323966664000068, -1.511454078999975 ], [ 135.323436922000042, -1.511480636999977 ] ] ], [ [ [ 135.362739742000031, -1.508599075999939 ], [ 135.362219009000114, -1.508221404999972 ], [ 135.36236567100002, -1.507959141999947 ], [ 135.362739742000031, -1.508599075999939 ] ] ], [ [ [ 135.370994153000083, -1.498899016999928 ], [ 135.370441955000047, -1.506282637999959 ], [ 135.364439213000082, -1.50771217199997 ], [ 135.362826125000083, -1.499934994999933 ], [ 135.370994153000083, -1.498899016999928 ] ] ], [ [ [ 135.121954128000084, -1.467121581999947 ], [ 135.121390408000025, -1.476769348999937 ], [ 135.133680662000074, -1.478328182999974 ], [ 135.138665429000071, -1.471479755999951 ], [ 135.155742530000111, -1.490917262999972 ], [ 135.164447524000025, -1.478098853999938 ], [ 135.178097233000017, -1.477716869999938 ], [ 135.181732627000088, -1.48833319299996 ], [ 135.192352194000023, -1.47661428899994 ], [ 135.196386880000091, -1.480737637999937 ], [ 135.215690567000024, -1.474493043999928 ], [ 135.217429834000086, -1.48934183199998 ], [ 135.206525421000038, -1.49899079599993 ], [ 135.221852291000118, -1.507899430999942 ], [ 135.230799029000082, -1.500178838999943 ], [ 135.225151198000049, -1.494387884999981 ], [ 135.231307036000089, -1.486639441999955 ], [ 135.245060013000057, -1.483801993999975 ], [ 135.249248412000043, -1.493837309999947 ], [ 135.241679634000093, -1.503678597999965 ], [ 135.25070099900006, -1.507401748999939 ], [ 135.253235633000031, -1.521625705999952 ], [ 135.263887035000039, -1.495176031999961 ], [ 135.258033102000013, -1.491360220999979 ], [ 135.261517191000053, -1.478755840999952 ], [ 135.271069561000104, -1.482707312999935 ], [ 135.270160565000083, -1.490581819999932 ], [ 135.297436873000038, -1.474659809999935 ], [ 135.296468456000071, -1.486873266999964 ], [ 135.311479938000048, -1.495903795999936 ], [ 135.334980635000079, -1.481042123999941 ], [ 135.337584489000051, -1.482973051999977 ], [ 135.32573599400007, -1.509305099999949 ], [ 135.299234541000033, -1.519359067999972 ], [ 135.278523618, -1.516572142999962 ], [ 135.247175203000097, -1.529656546999945 ], [ 135.230253151000056, -1.518294280999953 ], [ 135.206505231000051, -1.528144314999963 ], [ 135.204329121000114, -1.518058485999973 ], [ 135.186027888000012, -1.518360493999978 ], [ 135.186332438000022, -1.512140841999951 ], [ 135.176899616000014, -1.511004967999952 ], [ 135.175640756, -1.524017021999953 ], [ 135.122592448000091, -1.500653836999959 ], [ 135.098718664000103, -1.508121555999935 ], [ 135.09148097800005, -1.501098057999968 ], [ 135.095095789000084, -1.489512034999962 ], [ 135.113070443000083, -1.480076244999964 ], [ 135.113905209000109, -1.465997930999947 ], [ 135.121954128000084, -1.467121581999947 ] ] ], [ [ [ 135.015686761000097, -1.486109237999926 ], [ 135.01564397900006, -1.486672348999946 ], [ 135.015472850000037, -1.486608196999953 ], [ 135.015686761000097, -1.486109237999926 ] ] ], [ [ [ 135.341118461000065, -1.48567225499994 ], [ 135.341267809000101, -1.485980710999968 ], [ 135.340961143000072, -1.486009170999978 ], [ 135.341118461000065, -1.48567225499994 ] ] ], [ [ [ 135.34846630800007, -1.481716683999935 ], [ 135.355485894000026, -1.487191520999943 ], [ 135.348536328000023, -1.486803514999963 ], [ 135.34846630800007, -1.481716683999935 ] ] ], [ [ [ 135.01100744200005, -1.484120526999959 ], [ 135.011385353000037, -1.484059938999962 ], [ 135.011128659000065, -1.484366442999942 ], [ 135.01100744200005, -1.484120526999959 ] ] ], [ [ [ 135.341733712000064, -1.484080350999932 ], [ 135.341906366000103, -1.484244324999963 ], [ 135.341823257000101, -1.484302219999961 ], [ 135.341733712000064, -1.484080350999932 ] ] ], [ [ [ 135.011570743000107, -1.483995786999969 ], [ 135.011941523000019, -1.483856790999937 ], [ 135.011827437000079, -1.484141910999938 ], [ 135.011570743000107, -1.483995786999969 ] ] ], [ [ [ 135.009971158000099, -1.483677402999945 ], [ 135.009956897000052, -1.483848474999945 ], [ 135.009819043000107, -1.48379620299994 ], [ 135.009971158000099, -1.483677402999945 ] ] ], [ [ [ 135.016289577000066, -1.483763532999944 ], [ 135.01880304000008, -1.485925691999967 ], [ 135.013051190000056, -1.485385151999935 ], [ 135.012771917, -1.483751652999956 ], [ 135.016289577000066, -1.483763532999944 ] ] ], [ [ [ 135.015557523000098, -1.483296648999954 ], [ 135.016427431000011, -1.482541079999976 ], [ 135.015878391000115, -1.483403568999961 ], [ 135.015557523000098, -1.483296648999954 ] ] ], [ [ [ 135.015518166000106, -1.481192412999974 ], [ 135.01597910800001, -1.481319220999978 ], [ 135.015551284000026, -1.481442772999969 ], [ 135.015518166000106, -1.481192412999974 ] ] ], [ [ [ 135.016093194000064, -1.480891539999959 ], [ 135.016159744000106, -1.481100628999968 ], [ 135.016002876000016, -1.481110132999959 ], [ 135.016093194000064, -1.480891539999959 ] ] ], [ [ [ 135.30012526500002, -1.480953603999978 ], [ 135.300506341000073, -1.48094885699993 ], [ 135.300285198000097, -1.481251825999948 ], [ 135.30012526500002, -1.480953603999978 ] ] ], [ [ [ 135.017980371000021, -1.479960146999929 ], [ 135.018156254000019, -1.480178738999939 ], [ 135.018046921000064, -1.480269027999952 ], [ 135.017980371000021, -1.479960146999929 ] ] ], [ [ [ 135.014454096, -1.479769250999937 ], [ 135.014658501000099, -1.480011603999969 ], [ 135.014420821000044, -1.480035363999946 ], [ 135.014454096, -1.479769250999937 ] ] ], [ [ [ 135.018056428000023, -1.479665521999948 ], [ 135.018325437000044, -1.47987227699997 ], [ 135.018039120000026, -1.479845955999963 ], [ 135.018056428000023, -1.479665521999948 ] ] ], [ [ [ 135.013136162000023, -1.479145549999942 ], [ 135.013189640000064, -1.478500464999968 ], [ 135.013420636000092, -1.478258850999964 ], [ 135.013599637000084, -1.47863233299995 ], [ 135.013136162000023, -1.479145549999942 ] ] ], [ [ [ 135.010318772000119, -1.47658303999998 ], [ 135.009388256000079, -1.476198126999975 ], [ 135.009566516000064, -1.475777572999959 ], [ 135.010318772000119, -1.47658303999998 ] ] ], [ [ [ 135.203534607000051, -1.476313768999944 ], [ 135.20341101300005, -1.475643734999949 ], [ 135.203767329000016, -1.476243870999951 ], [ 135.203534607000051, -1.476313768999944 ] ] ], [ [ [ 135.126570049000065, -1.473930334999977 ], [ 135.126926568000044, -1.473894693999966 ], [ 135.126819613000066, -1.474158431999967 ], [ 135.126570049000065, -1.473930334999977 ] ] ], [ [ [ 135.009038265000072, -1.474168628999962 ], [ 135.008079363000093, -1.47364766499993 ], [ 135.008674615000018, -1.473085167999955 ], [ 135.009038265000072, -1.474168628999962 ] ] ], [ [ [ 135.009565914000063, -1.473423748999949 ], [ 135.009533828000031, -1.473612641999978 ], [ 135.009480350000103, -1.473484336999945 ], [ 135.009565914000063, -1.473423748999949 ] ] ], [ [ [ 135.010485735000088, -1.473366724999948 ], [ 135.010738864000018, -1.473395236999977 ], [ 135.010510691000036, -1.473473644999956 ], [ 135.010485735000088, -1.473366724999948 ] ] ], [ [ [ 135.164524388000018, -1.473418003999939 ], [ 135.163923266000097, -1.47275437199994 ], [ 135.164459037000029, -1.472716826999942 ], [ 135.164524388000018, -1.473418003999939 ] ] ], [ [ [ 135.00811250300012, -1.471837522999976 ], [ 135.008433370000034, -1.472687185999973 ], [ 135.006687577000093, -1.473049586999934 ], [ 135.007183726000108, -1.471411476999947 ], [ 135.00811250300012, -1.471837522999976 ] ] ], [ [ [ 135.125943492000033, -1.47226097999993 ], [ 135.126080386000012, -1.471864000999972 ], [ 135.126142156000014, -1.472279871999945 ], [ 135.125943492000033, -1.47226097999993 ] ] ], [ [ [ 135.011487676000115, -1.471899368999971 ], [ 135.011755623000113, -1.472024119999958 ], [ 135.011491677000095, -1.472084484999925 ], [ 135.011487676000115, -1.471899368999971 ] ] ], [ [ [ 135.01204756300001, -1.471911438999939 ], [ 135.012217232000012, -1.471470666999949 ], [ 135.012678330000085, -1.471698763999939 ], [ 135.01204756300001, -1.471911438999939 ] ] ], [ [ [ 135.007732215000033, -1.471440728999937 ], [ 135.007972272000075, -1.471400336999977 ], [ 135.007865316000107, -1.471571409999967 ], [ 135.007732215000033, -1.471440728999937 ] ] ], [ [ [ 135.009597979000091, -1.47171566999998 ], [ 135.009353210000086, -1.471038722999936 ], [ 135.010322477000045, -1.471154632999969 ], [ 135.009597979000091, -1.47171566999998 ] ] ], [ [ [ 135.011388041000032, -1.471301498999935 ], [ 135.010983137000039, -1.470479767999961 ], [ 135.01181900500012, -1.471130524999978 ], [ 135.011388041000032, -1.471301498999935 ] ] ], [ [ [ 135.099905305000107, -1.470905769999945 ], [ 135.098300967000114, -1.468725775999928 ], [ 135.099536901000079, -1.467686267999966 ], [ 135.099905305000107, -1.470905769999945 ] ] ], [ [ [ 135.100100202000021, -1.465438554999935 ], [ 135.099615336000056, -1.467344121999929 ], [ 135.099216034000051, -1.465533594999954 ], [ 135.100100202000021, -1.465438554999935 ] ] ], [ [ [ 135.772357586000112, -1.780627187999926 ], [ 135.773280281000098, -1.778575886999931 ], [ 135.773796057000027, -1.778660117999948 ], [ 135.772357586000112, -1.780627187999926 ] ] ], [ [ [ 135.762088635000055, -1.770647714999939 ], [ 135.762479387000099, -1.770369781999932 ], [ 135.762505660000102, -1.770634770999948 ], [ 135.762088635000055, -1.770647714999939 ] ] ], [ [ [ 135.788478465000026, -1.759441519999939 ], [ 135.791894485000057, -1.771410539999977 ], [ 135.76555144200006, -1.772900035999953 ], [ 135.769855909000057, -1.760349760999929 ], [ 135.788478465000026, -1.759441519999939 ] ] ], [ [ [ 135.788938536000046, -1.758500733999938 ], [ 135.789419187000021, -1.757439493999925 ], [ 135.789826167000115, -1.757512258999952 ], [ 135.788938536000046, -1.758500733999938 ] ] ], [ [ [ 135.788001028000053, -1.758215198999949 ], [ 135.787637193000023, -1.757552344999965 ], [ 135.788348430000042, -1.75768219899993 ], [ 135.788001028000053, -1.758215198999949 ] ] ], [ [ [ 135.779666091000081, -1.75781957099997 ], [ 135.780204221000076, -1.757390932999954 ], [ 135.779808126000034, -1.757968263999942 ], [ 135.779666091000081, -1.75781957099997 ] ] ], [ [ [ 135.788938373000065, -1.756743531999973 ], [ 135.789483016000077, -1.756185037999956 ], [ 135.789516718000073, -1.756776502999969 ], [ 135.788938373000065, -1.756743531999973 ] ] ], [ [ [ 135.790228703000025, -1.754880955999965 ], [ 135.790538488000038, -1.755047454999954 ], [ 135.790408900000102, -1.75519240899996 ], [ 135.790228703000025, -1.754880955999965 ] ] ], [ [ [ 135.809348584000077, -1.74059111899993 ], [ 135.80712397800005, -1.750501321999934 ], [ 135.792008542000076, -1.74901254699995 ], [ 135.791775490000077, -1.745936792999942 ], [ 135.809348584000077, -1.74059111899993 ] ] ], [ [ [ 135.780628174000071, -1.725914406999948 ], [ 135.783083778000105, -1.730882720999944 ], [ 135.796324023000011, -1.724217241999952 ], [ 135.796938111000031, -1.725697780999951 ], [ 135.801269326000011, -1.727755077999973 ], [ 135.802386405000107, -1.730621552999935 ], [ 135.804204823000077, -1.732926247999956 ], [ 135.799294601000042, -1.740512082999942 ], [ 135.787392926000052, -1.737166880999951 ], [ 135.783326197000065, -1.747156806999953 ], [ 135.768564021000088, -1.740970207999965 ], [ 135.76226701500002, -1.748706311999968 ], [ 135.767033552000044, -1.731380027999933 ], [ 135.7755441810001, -1.738156766999964 ], [ 135.780628174000071, -1.725914406999948 ] ] ], [ [ [ 135.779898905000096, -1.721451793999961 ], [ 135.780481541000086, -1.72117854499993 ], [ 135.780385848000037, -1.72142750699993 ], [ 135.779898905000096, -1.721451793999961 ] ] ], [ [ [ 135.773501342000031, -1.718698127999971 ], [ 135.773856420000016, -1.717288081999925 ], [ 135.774665578000054, -1.717883981999933 ], [ 135.773501342000031, -1.718698127999971 ] ] ], [ [ [ 135.680818743000032, -1.713988062999931 ], [ 135.691283843000065, -1.710726077999936 ], [ 135.682771590000016, -1.716568354999936 ], [ 135.680818743000032, -1.713988062999931 ] ] ], [ [ [ 135.671402538000052, -1.707731339999953 ], [ 135.671630293000021, -1.707686086999956 ], [ 135.671620697000094, -1.707766754999966 ], [ 135.671402538000052, -1.707731339999953 ] ] ], [ [ [ 135.668581284000084, -1.70633059499994 ], [ 135.668738882000071, -1.705919667999979 ], [ 135.668908914000099, -1.706379296999955 ], [ 135.668581284000084, -1.70633059499994 ] ] ], [ [ [ 135.666544043000044, -1.701710639999931 ], [ 135.667048751000038, -1.70123542999994 ], [ 135.667130368000016, -1.701775957999928 ], [ 135.666544043000044, -1.701710639999931 ] ] ], [ [ [ 135.611286568000082, -1.696225235999975 ], [ 135.609117301000083, -1.697555067999929 ], [ 135.60810264700001, -1.696612087999938 ], [ 135.611286568000082, -1.696225235999975 ] ] ], [ [ [ 135.604691369000079, -1.69586237599998 ], [ 135.602513324000029, -1.696152554999969 ], [ 135.602535060000037, -1.694636134999939 ], [ 135.604691369000079, -1.69586237599998 ] ] ], [ [ [ 135.602149978000057, -1.695399798999972 ], [ 135.602138106000098, -1.695674732999976 ], [ 135.601956944000108, -1.69564023099997 ], [ 135.602149978000057, -1.695399798999972 ] ] ], [ [ [ 135.588061310000057, -1.691683731999944 ], [ 135.588220102000037, -1.691673905999949 ], [ 135.588207164000096, -1.691755396999952 ], [ 135.588061310000057, -1.691683731999944 ] ] ], [ [ [ 135.590855429000044, -1.691608133999978 ], [ 135.590969722000068, -1.690952867999954 ], [ 135.591079650000097, -1.691665465999961 ], [ 135.590855429000044, -1.691608133999978 ] ] ], [ [ [ 135.586951191000026, -1.687478771999963 ], [ 135.590172272000018, -1.69135984299993 ], [ 135.584915606000095, -1.689762972999972 ], [ 135.586951191000026, -1.687478771999963 ] ] ], [ [ [ 135.584889936000081, -1.688182090999931 ], [ 135.582864389000065, -1.689168528999971 ], [ 135.585064669000076, -1.687764348999963 ], [ 135.584889936000081, -1.688182090999931 ] ] ], [ [ [ 135.506026326000097, -1.686540856999954 ], [ 135.506304526, -1.686844844999939 ], [ 135.505820806000088, -1.686735508999959 ], [ 135.506026326000097, -1.686540856999954 ] ] ], [ [ [ 135.54763162900008, -1.67674431699993 ], [ 135.547996302000115, -1.676864857999931 ], [ 135.547619682000118, -1.676915634999943 ], [ 135.54763162900008, -1.67674431699993 ] ] ], [ [ [ 135.556250479000028, -1.675417996999954 ], [ 135.556721394000078, -1.67523936799995 ], [ 135.556830668000089, -1.675472752999951 ], [ 135.556250479000028, -1.675417996999954 ] ] ], [ [ [ 135.565802008000105, -1.673513538999941 ], [ 135.565875389000098, -1.673258097999963 ], [ 135.565862874000118, -1.673526186999936 ], [ 135.565802008000105, -1.673513538999941 ] ] ], [ [ [ 135.472456297, -1.669227001999957 ], [ 135.472130343000117, -1.669247673999962 ], [ 135.472278253000013, -1.668917804999978 ], [ 135.472456297, -1.669227001999957 ] ] ], [ [ [ 135.470832367000071, -1.669278752999958 ], [ 135.469932623000091, -1.668569223999953 ], [ 135.470031229000028, -1.66821267399996 ], [ 135.470753790000117, -1.668590046999952 ], [ 135.470832367000071, -1.669278752999958 ] ] ], [ [ [ 135.515207024000119, -1.666931205999958 ], [ 135.515260989000012, -1.665985250999938 ], [ 135.516013350000094, -1.66554356599994 ], [ 135.515540599000019, -1.667086995999966 ], [ 135.514921581000067, -1.667357586999969 ], [ 135.515207024000119, -1.666931205999958 ] ] ], [ [ [ 135.469782950000081, -1.659982612999954 ], [ 135.469794156000034, -1.659349143999975 ], [ 135.470048715000075, -1.659532939999963 ], [ 135.469782950000081, -1.659982612999954 ] ] ], [ [ [ 135.466882810000016, -1.658568413999944 ], [ 135.469047138000064, -1.660058534999962 ], [ 135.468256738000036, -1.661241093999934 ], [ 135.466882810000016, -1.658568413999944 ] ] ], [ [ [ 135.55256380600008, -1.612375516999975 ], [ 135.552754722000032, -1.612005584999963 ], [ 135.552959638000061, -1.612339890999976 ], [ 135.55256380600008, -1.612375516999975 ] ] ], [ [ [ 135.422605793000116, -1.612118529999975 ], [ 135.422810003000109, -1.612080190999961 ], [ 135.42278925200003, -1.612156787999936 ], [ 135.422605793000116, -1.612118529999975 ] ] ], [ [ [ 135.423218976000044, -1.611881942999958 ], [ 135.423485434000099, -1.611565066999958 ], [ 135.423617041000057, -1.611937564999948 ], [ 135.423218976000044, -1.611881942999958 ] ] ], [ [ [ 135.575126656000066, -1.611497507999957 ], [ 135.574971811000069, -1.611131002999969 ], [ 135.575362235000057, -1.611345747999962 ], [ 135.575126656000066, -1.611497507999957 ] ] ], [ [ [ 135.52825266100001, -1.607480682999949 ], [ 135.528422233000015, -1.607080106999945 ], [ 135.528466388000083, -1.607453033999946 ], [ 135.52825266100001, -1.607480682999949 ] ] ], [ [ [ 135.440338274000055, -1.602294927999935 ], [ 135.440313563000018, -1.60183415399996 ], [ 135.440630566000095, -1.601900736999937 ], [ 135.440338274000055, -1.602294927999935 ] ] ], [ [ [ 135.787814451000031, -1.522493789999942 ], [ 135.786512586000072, -1.520240282999964 ], [ 135.78668815900005, -1.520042733999958 ], [ 135.787814451000031, -1.522493789999942 ] ] ], [ [ [ 136.321851424000101, -1.962394386999961 ], [ 136.318367893000072, -1.96267992199995 ], [ 136.318510661000118, -1.960243353999942 ], [ 136.321851424000101, -1.962394386999961 ] ] ], [ [ [ 136.311354670000014, -1.949805134999963 ], [ 136.317230868000024, -1.954595418999929 ], [ 136.316752337000025, -1.955682444999979 ], [ 136.311354670000014, -1.949805134999963 ] ] ], [ [ [ 136.303714574000082, -1.940229181999939 ], [ 136.310384160000012, -1.941101279999941 ], [ 136.310936195000068, -1.947944609999979 ], [ 136.303714574000082, -1.940229181999939 ] ] ], [ [ [ 136.292298454000047, -1.939735521999978 ], [ 136.292636725000079, -1.939118281999924 ], [ 136.292831355000089, -1.939413275999925 ], [ 136.292298454000047, -1.939735521999978 ] ] ], [ [ [ 136.326894580000044, -1.926995403999967 ], [ 136.32686564100004, -1.926492816999939 ], [ 136.327079867000066, -1.926629071999969 ], [ 136.326894580000044, -1.926995403999967 ] ] ], [ [ [ 136.326554947000091, -1.92568676999997 ], [ 136.326753197000016, -1.925556681999979 ], [ 136.326638063000019, -1.925798076999968 ], [ 136.326554947000091, -1.92568676999997 ] ] ], [ [ [ 136.258706760000109, -1.919812920999959 ], [ 136.260070234000068, -1.919656642999939 ], [ 136.259813655000016, -1.92061432099996 ], [ 136.258706760000109, -1.919812920999959 ] ] ], [ [ [ 136.278675771000053, -1.896691043999965 ], [ 136.290153339000085, -1.887036142999932 ], [ 136.284205628000109, -1.896090516999948 ], [ 136.294069075000039, -1.898061612999925 ], [ 136.290777097000046, -1.915735751999932 ], [ 136.300434229000075, -1.923379078999972 ], [ 136.292618651000112, -1.938876031999939 ], [ 136.278675771000053, -1.896691043999965 ] ] ], [ [ [ 136.338847934000114, -1.908548966999945 ], [ 136.339023634000114, -1.90797392199994 ], [ 136.339141451000046, -1.908473515999958 ], [ 136.338847934000114, -1.908548966999945 ] ] ], [ [ [ 136.317331701000057, -1.903585694999947 ], [ 136.316443884000023, -1.901287274999959 ], [ 136.317763790000072, -1.900233807999939 ], [ 136.317331701000057, -1.903585694999947 ] ] ], [ [ [ 136.325066652000032, -1.89206599399995 ], [ 136.334207364, -1.901763781999932 ], [ 136.32506072700005, -1.901408988999947 ], [ 136.325066652000032, -1.89206599399995 ] ] ], [ [ [ 136.317473796000058, -1.896197240999925 ], [ 136.317302131000019, -1.896117687999947 ], [ 136.317358169000045, -1.896044562999975 ], [ 136.317473796000058, -1.896197240999925 ] ] ], [ [ [ 135.817304867000075, -1.891083300999981 ], [ 135.810352199000022, -1.893231 ], [ 135.813403338000057, -1.887725635999971 ], [ 135.817304867000075, -1.891083300999981 ] ] ], [ [ [ 136.329818265000085, -1.891142030999958 ], [ 136.329588655000066, -1.890280060999942 ], [ 136.330425319000028, -1.890980423999963 ], [ 136.329818265000085, -1.891142030999958 ] ] ], [ [ [ 136.333928912000033, -1.889949381999941 ], [ 136.332214298000054, -1.890865221999945 ], [ 136.331438586000104, -1.890581090999945 ], [ 136.333928912000033, -1.889949381999941 ] ] ], [ [ [ 136.334607907000077, -1.888241298999958 ], [ 136.334836623000115, -1.887694095999962 ], [ 136.334831619000056, -1.888321804999975 ], [ 136.334607907000077, -1.888241298999958 ] ] ], [ [ [ 136.334738365000021, -1.885090007999963 ], [ 136.335481120000054, -1.885187207999934 ], [ 136.334672068000032, -1.885383470999955 ], [ 136.334738365000021, -1.885090007999963 ] ] ], [ [ [ 135.822579461000032, -1.883980578999967 ], [ 135.823973834000071, -1.881599685999959 ], [ 135.825527231000024, -1.88175457799997 ], [ 135.822579461000032, -1.883980578999967 ] ] ], [ [ [ 135.805145399000025, -1.87611888899994 ], [ 135.801494505000051, -1.877807621999978 ], [ 135.801363009000056, -1.872456382999928 ], [ 135.805145399000025, -1.87611888899994 ] ] ], [ [ [ 136.336043478000079, -1.872395420999965 ], [ 136.33617493700001, -1.872684118999928 ], [ 136.3359152700001, -1.872719501999939 ], [ 136.336043478000079, -1.872395420999965 ] ] ], [ [ [ 136.334056008000061, -1.873013668999931 ], [ 136.334201631000042, -1.871817275999945 ], [ 136.334818388000031, -1.872119943999962 ], [ 136.334056008000061, -1.873013668999931 ] ] ], [ [ [ 136.334386277000021, -1.870988747999945 ], [ 136.33471178800005, -1.870517614999926 ], [ 136.334894530000042, -1.870797438999944 ], [ 136.334386277000021, -1.870988747999945 ] ] ], [ [ [ 136.338326276000089, -1.868637201999945 ], [ 136.338184013000046, -1.868917877999934 ], [ 136.338161468000067, -1.868703263999976 ], [ 136.338326276000089, -1.868637201999945 ] ] ], [ [ [ 136.336602799000048, -1.868480352999939 ], [ 136.336795607000113, -1.868708584999979 ], [ 136.336612628000012, -1.868759104999924 ], [ 136.336602799000048, -1.868480352999939 ] ] ], [ [ [ 135.81409765300009, -1.786267007999925 ], [ 135.82487772200011, -1.803977648999933 ], [ 135.817747181000072, -1.816082014999949 ], [ 135.80399340300005, -1.817481283999939 ], [ 135.794487481000033, -1.799010112999952 ], [ 135.802255092000109, -1.785695746999977 ], [ 135.81409765300009, -1.786267007999925 ] ] ], [ [ [ 135.936207312000079, -1.795263630999955 ], [ 135.934262704000048, -1.804050949999976 ], [ 135.929491522000035, -1.798217969999939 ], [ 135.936207312000079, -1.795263630999955 ] ] ], [ [ [ 135.919940249000092, -1.787353319999966 ], [ 135.919912103000115, -1.786241254999936 ], [ 135.920454546000087, -1.787139663999938 ], [ 135.919940249000092, -1.787353319999966 ] ] ], [ [ [ 135.869188905000101, -1.771361936999938 ], [ 135.867409657000053, -1.768875840999954 ], [ 135.869914165000068, -1.769671567999978 ], [ 135.869188905000101, -1.771361936999938 ] ] ], [ [ [ 135.836655470000096, -1.767589237999971 ], [ 135.835386020000101, -1.767608673999973 ], [ 135.835289660000058, -1.767022926999971 ], [ 135.836655470000096, -1.767589237999971 ] ] ], [ [ [ 135.811690988, -1.76858436599997 ], [ 135.811540213000058, -1.76698939299996 ], [ 135.812310017000073, -1.76844252199993 ], [ 135.811690988, -1.76858436599997 ] ] ], [ [ [ 135.883689942000046, -1.767712658999926 ], [ 135.881840394000051, -1.765991215999975 ], [ 135.883203326000057, -1.76547061399998 ], [ 135.883689942000046, -1.767712658999926 ] ] ], [ [ [ 135.832444231000068, -1.766196044999958 ], [ 135.828784405000079, -1.763393600999962 ], [ 135.829714816000092, -1.762046373999965 ], [ 135.832444231000068, -1.766196044999958 ] ] ], [ [ [ 135.476257548000035, -1.599646721999932 ], [ 135.545613522000053, -1.614179615999944 ], [ 135.571999593000101, -1.614914872999975 ], [ 135.58026854700006, -1.61059604999997 ], [ 135.623877537000112, -1.625837842999942 ], [ 135.68891961700001, -1.619716279999977 ], [ 135.692671159000042, -1.634435689999975 ], [ 135.703195756000014, -1.63264898999995 ], [ 135.700085327000011, -1.624875168999949 ], [ 135.720694373000015, -1.626246883999954 ], [ 135.729783788000077, -1.636185915999931 ], [ 135.740628827000023, -1.626052648999973 ], [ 135.785053273000017, -1.626227712999935 ], [ 135.828463208000016, -1.643075057999965 ], [ 135.847026811000092, -1.638483649999955 ], [ 135.836580026000092, -1.644965301999946 ], [ 135.841102488000047, -1.653385681999964 ], [ 135.83568359100002, -1.65733768299998 ], [ 135.84813564000001, -1.652769933999934 ], [ 135.849663688000078, -1.663813431999927 ], [ 135.855170444, -1.65472833299998 ], [ 135.869732412000076, -1.661287942999934 ], [ 135.870221196000102, -1.644119737999972 ], [ 135.898720770000068, -1.634955286999968 ], [ 135.953794178000066, -1.641112478999958 ], [ 135.965871012000093, -1.653876288999925 ], [ 135.981085901000029, -1.645825613999932 ], [ 135.99432708400002, -1.654249669999956 ], [ 136.014079103000086, -1.647137656999973 ], [ 136.051610406, -1.659490729999959 ], [ 136.077184646000092, -1.64933900699998 ], [ 136.182191240000066, -1.655542271999934 ], [ 136.203245496000022, -1.648316297999941 ], [ 136.23057649000009, -1.669495645999973 ], [ 136.279981286000066, -1.678201375999947 ], [ 136.324613333000116, -1.703570732999935 ], [ 136.351102726000022, -1.705460158999927 ], [ 136.369438738000099, -1.717035857999974 ], [ 136.410115180000048, -1.719483851999939 ], [ 136.443409144000043, -1.707455342999936 ], [ 136.445671827000069, -1.697818389999952 ], [ 136.58542275700006, -1.729200922999951 ], [ 136.668902279, -1.726087520999954 ], [ 136.76810957400005, -1.747301977999939 ], [ 136.789001780000035, -1.739717035999945 ], [ 136.903418953000028, -1.792735654999944 ], [ 136.873575025000036, -1.800386266999965 ], [ 136.869173993000118, -1.814251105999972 ], [ 136.848662938000075, -1.827382067999963 ], [ 136.795906186000025, -1.812210855999979 ], [ 136.757454976000076, -1.826507942999967 ], [ 136.718728239000029, -1.815993558999935 ], [ 136.697265691000098, -1.823747983999965 ], [ 136.700845610000101, -1.831271526999956 ], [ 136.702645363000101, -1.826511289999928 ], [ 136.71176544900004, -1.834162331999948 ], [ 136.706281602000104, -1.843415401999948 ], [ 136.688761777000082, -1.841924830999972 ], [ 136.686992316000101, -1.834070365999935 ], [ 136.655431920000069, -1.855101938999951 ], [ 136.650172718000022, -1.867468579999979 ], [ 136.628130119000048, -1.872650451999959 ], [ 136.617927218000091, -1.862228968999943 ], [ 136.57015638200005, -1.862708556999962 ], [ 136.53553863400009, -1.869248174999939 ], [ 136.510657262000109, -1.849028460999932 ], [ 136.502686349000101, -1.849324045999936 ], [ 136.501877822000097, -1.857288422999943 ], [ 136.534149366000065, -1.881828239999948 ], [ 136.537280268000018, -1.892828690999977 ], [ 136.547557083000015, -1.889364841999964 ], [ 136.536620571000071, -1.898612827999955 ], [ 136.516333743000018, -1.894890319999945 ], [ 136.499938594000014, -1.87985828199993 ], [ 136.470434014000034, -1.884136024999975 ], [ 136.467819582000061, -1.894628724999961 ], [ 136.449406679000049, -1.88310552799993 ], [ 136.429336083000067, -1.886757467999928 ], [ 136.412614079000036, -1.873129766999966 ], [ 136.397670583000036, -1.888079286999925 ], [ 136.386797607000062, -1.872293270999933 ], [ 136.370902479000051, -1.882144490999963 ], [ 136.342484273000082, -1.860152511999956 ], [ 136.321153430000095, -1.869307576999972 ], [ 136.312364347000084, -1.862308350999967 ], [ 136.290481600000021, -1.882276053999931 ], [ 136.274970576000101, -1.882919413999957 ], [ 136.264519150000069, -1.892360891999942 ], [ 136.262891291000074, -1.912812128999974 ], [ 136.247971598000049, -1.886060283999939 ], [ 136.232022423000103, -1.894944149999958 ], [ 136.229062382000052, -1.909576057999971 ], [ 136.221607086000063, -1.901543663999973 ], [ 136.226497161000111, -1.884689402999925 ], [ 136.216679719000012, -1.87423765799997 ], [ 136.207491520000076, -1.879270725999959 ], [ 136.203589239000053, -1.865635278999946 ], [ 136.198042380000061, -1.869927913999959 ], [ 136.197375942, -1.864789376999965 ], [ 136.205913683000063, -1.863975381999978 ], [ 136.200039095000079, -1.855590322999944 ], [ 136.189321094000093, -1.874662144999945 ], [ 136.184429702000102, -1.872436806999929 ], [ 136.19406622300005, -1.862931505999939 ], [ 136.193857537000099, -1.858817822999924 ], [ 136.171718989000055, -1.874353435999979 ], [ 136.147071581000091, -1.853303771999947 ], [ 136.117748957000117, -1.85322735799997 ], [ 136.099984256000084, -1.843157835999932 ], [ 136.070953909000082, -1.849598894999929 ], [ 136.026437767000061, -1.819366786999979 ], [ 135.978008471000066, -1.816779686999951 ], [ 135.953026010000031, -1.788689633999979 ], [ 135.939148994000107, -1.79124993399995 ], [ 135.911862952000092, -1.754862857999967 ], [ 135.899441372000069, -1.756063144999928 ], [ 135.913255782000078, -1.77784866199994 ], [ 135.899250718000076, -1.787841296999943 ], [ 135.892296290000104, -1.762403440999947 ], [ 135.869625774000042, -1.739808380999932 ], [ 135.850620110000023, -1.741732511999942 ], [ 135.87200809, -1.757622928999979 ], [ 135.857820779, -1.767399630999932 ], [ 135.845568049, -1.746242253999981 ], [ 135.837283250000041, -1.753149949999965 ], [ 135.835455824000064, -1.752160094999965 ], [ 135.835362549000024, -1.749830125999949 ], [ 135.831904080000072, -1.745912256999929 ], [ 135.824372593000021, -1.748627943999963 ], [ 135.823544640000023, -1.750241539999934 ], [ 135.814506496000035, -1.727288941999973 ], [ 135.806296403000033, -1.731058007999934 ], [ 135.79638482200005, -1.723851381999964 ], [ 135.789762534000033, -1.726151662999939 ], [ 135.790230235000081, -1.719350807999945 ], [ 135.784369593000065, -1.715759896999941 ], [ 135.773220391000109, -1.716245306999951 ], [ 135.771552865000103, -1.717623490999927 ], [ 135.761324374000083, -1.706487742999968 ], [ 135.757423114000062, -1.72301430899995 ], [ 135.751300596000078, -1.721597703999976 ], [ 135.729284989, -1.699026290999939 ], [ 135.732486051000024, -1.687686891999931 ], [ 135.721783976000097, -1.696238513999958 ], [ 135.709540222000101, -1.68915723899994 ], [ 135.697555425000019, -1.695340055999964 ], [ 135.694957594000016, -1.706185951999942 ], [ 135.690226747000111, -1.698812716999953 ], [ 135.672865113000057, -1.706631523999931 ], [ 135.666310116000091, -1.691973171999962 ], [ 135.660956073000079, -1.698683346999928 ], [ 135.64611544100012, -1.694347922999953 ], [ 135.655684404000112, -1.685032297999953 ], [ 135.640527287000054, -1.683295271999953 ], [ 135.629009640000049, -1.696278053999947 ], [ 135.614637600000037, -1.69738750099998 ], [ 135.62432108400003, -1.685761438999975 ], [ 135.58194848800008, -1.679890961999945 ], [ 135.579578858000104, -1.68710731799996 ], [ 135.577953211000022, -1.687293867999927 ], [ 135.574805589000107, -1.673742729999958 ], [ 135.5547515720001, -1.66251809399995 ], [ 135.544750222000062, -1.676848159999963 ], [ 135.520552480000106, -1.68639479899997 ], [ 135.528450477000092, -1.667495092999957 ], [ 135.521566751000023, -1.661457346999953 ], [ 135.509284106000109, -1.670009598999968 ], [ 135.512653774000114, -1.675085460999981 ], [ 135.507737678000012, -1.674456089999978 ], [ 135.513406743000019, -1.686251271999936 ], [ 135.493220381000015, -1.674808940999981 ], [ 135.474004917000116, -1.68037239399996 ], [ 135.473955877000094, -1.669178000999977 ], [ 135.470168532000116, -1.664993000999971 ], [ 135.476667157000065, -1.659962951999944 ], [ 135.466670186000101, -1.653633101999958 ], [ 135.46640134900008, -1.637176792999981 ], [ 135.45911999000009, -1.633026034999943 ], [ 135.448610346, -1.642418393999947 ], [ 135.443212664000043, -1.610777126999949 ], [ 135.410235282000031, -1.601550424999971 ], [ 135.434791493000034, -1.603155215999948 ], [ 135.476257548000035, -1.599646721999932 ] ] ], [ [ [ 135.825849029000096, -1.751060003999953 ], [ 135.83453897600009, -1.75242691099993 ], [ 135.835713385000076, -1.753349644999957 ], [ 135.838370780000105, -1.753301153999928 ], [ 135.836394898000094, -1.759983322999972 ], [ 135.831382677000079, -1.761954769999932 ], [ 135.825849029000096, -1.751060003999953 ] ] ], [ [ [ 135.81392500700008, -1.734545677999961 ], [ 135.812259812000093, -1.734989667999969 ], [ 135.813822588000107, -1.734070247999966 ], [ 135.81392500700008, -1.734545677999961 ] ] ], [ [ [ 135.869737405000024, -1.642693238999925 ], [ 135.869409155000085, -1.641057377999971 ], [ 135.86969070900011, -1.64088381199997 ], [ 135.869737405000024, -1.642693238999925 ] ] ], [ [ [ 135.868290774000116, -1.640106103999926 ], [ 135.868764714, -1.639743261999968 ], [ 135.868611757000053, -1.640369340999939 ], [ 135.868290774000116, -1.640106103999926 ] ] ], [ [ [ 135.816897972000106, -1.634055448999959 ], [ 135.81774301300004, -1.63310021999996 ], [ 135.817162309000082, -1.634197910999944 ], [ 135.816897972000106, -1.634055448999959 ] ] ], [ [ [ 135.834826985000063, -1.521640052999942 ], [ 135.82787935500005, -1.525442383999973 ], [ 135.825767344000042, -1.522570262999977 ], [ 135.834826985000063, -1.521640052999942 ] ] ], [ [ [ 136.390541276000022, -1.975197677999972 ], [ 136.388418797000099, -1.976033343999973 ], [ 136.388140890000045, -1.974737777999962 ], [ 136.390541276000022, -1.975197677999972 ] ] ], [ [ [ 136.374607890000107, -1.959096240999941 ], [ 136.379144652000036, -1.959616915999959 ], [ 136.377210809000076, -1.962669306999942 ], [ 136.374607890000107, -1.959096240999941 ] ] ], [ [ [ 136.361630971000068, -1.958737987999939 ], [ 136.36131682600012, -1.95702319399993 ], [ 136.361965999000063, -1.957222746999946 ], [ 136.361630971000068, -1.958737987999939 ] ] ], [ [ [ 136.368065648000083, -1.94437407199996 ], [ 136.368113556000026, -1.944111216999943 ], [ 136.368367546000059, -1.944216317999974 ], [ 136.368065648000083, -1.94437407199996 ] ] ], [ [ [ 136.333137238000063, -1.906378522999944 ], [ 136.341146613000092, -1.919864553999957 ], [ 136.341058352000118, -1.913039442999946 ], [ 136.345586014000105, -1.916027484999972 ], [ 136.35721224200006, -1.905159282999932 ], [ 136.355159027000013, -1.938123203999965 ], [ 136.363047968000046, -1.932487926999954 ], [ 136.368584949000024, -1.942068295999945 ], [ 136.363680020000061, -1.950523656999962 ], [ 136.356143816000099, -1.948696346999952 ], [ 136.360622783000053, -1.962741679999965 ], [ 136.329059371000085, -1.932589943999972 ], [ 136.3419736190001, -1.933118179999951 ], [ 136.327998476000062, -1.919062860999929 ], [ 136.325096389, -1.90884325199994 ], [ 136.333137238000063, -1.906378522999944 ] ] ], [ [ [ 136.36150659000009, -1.92547121299998 ], [ 136.361116915000025, -1.924588521999965 ], [ 136.361828932000094, -1.924968262999926 ], [ 136.36150659000009, -1.92547121299998 ] ] ], [ [ [ 136.38368261800008, -1.924931886999957 ], [ 136.383965622000119, -1.92471514999994 ], [ 136.383982773000071, -1.924914549999926 ], [ 136.38368261800008, -1.924931886999957 ] ] ], [ [ [ 136.367689426000084, -1.923217638999972 ], [ 136.367915668000023, -1.923022628999945 ], [ 136.367885865000062, -1.923275105999949 ], [ 136.367689426000084, -1.923217638999972 ] ] ], [ [ [ 136.368508346000112, -1.921545398999967 ], [ 136.368089551000025, -1.920464326999934 ], [ 136.369265839000036, -1.920468889999938 ], [ 136.368508346000112, -1.921545398999967 ] ] ], [ [ [ 136.383270140000036, -1.923949397999934 ], [ 136.380603679000046, -1.91774597899996 ], [ 136.380878982000013, -1.91740385199995 ], [ 136.383270140000036, -1.923949397999934 ] ] ], [ [ [ 136.392974841000068, -1.920407636999926 ], [ 136.393430370000033, -1.92002664599994 ], [ 136.393494396000051, -1.920283395999945 ], [ 136.392974841000068, -1.920407636999926 ] ] ], [ [ [ 136.395223056000077, -1.918342700999972 ], [ 136.395615164000105, -1.918510624999954 ], [ 136.395223175000069, -1.918489914999952 ], [ 136.395223056000077, -1.918342700999972 ] ] ], [ [ [ 136.381203675000052, -1.916396185999929 ], [ 136.381734133, -1.916089654999951 ], [ 136.381430103000071, -1.916485688999956 ], [ 136.381203675000052, -1.916396185999929 ] ] ], [ [ [ 136.407660265000118, -1.915654239999981 ], [ 136.408266139000034, -1.915130624999961 ], [ 136.408164352000085, -1.915836119999938 ], [ 136.407660265000118, -1.915654239999981 ] ] ], [ [ [ 136.343204572000104, -1.913027133999947 ], [ 136.343466749000072, -1.912941179999962 ], [ 136.343387275000055, -1.913108774999955 ], [ 136.343204572000104, -1.913027133999947 ] ] ], [ [ [ 136.398259267000071, -1.903982311999926 ], [ 136.407452117000048, -1.913618138999936 ], [ 136.385879522000096, -1.918629963999933 ], [ 136.391114744000106, -1.91099257999997 ], [ 136.387886649000052, -1.914331001999926 ], [ 136.382028346000084, -1.913519396999959 ], [ 136.398259267000071, -1.903982311999926 ] ] ], [ [ [ 136.342897838000113, -1.911765995999929 ], [ 136.343317141000057, -1.911544619999972 ], [ 136.343224317000022, -1.912047077999944 ], [ 136.342897838000113, -1.911765995999929 ] ] ], [ [ [ 136.384534120000012, -1.911437606999925 ], [ 136.384751361000099, -1.910698791999948 ], [ 136.385218750000035, -1.911278907999929 ], [ 136.384534120000012, -1.911437606999925 ] ] ], [ [ [ 136.387763933000087, -1.908470181999974 ], [ 136.388045461000047, -1.908250658999975 ], [ 136.388008810000088, -1.908550952999974 ], [ 136.387763933000087, -1.908470181999974 ] ] ], [ [ [ 136.341369801000042, -1.908486938999943 ], [ 136.340637853000089, -1.90683155399995 ], [ 136.340886757000021, -1.906672601999958 ], [ 136.341369801000042, -1.908486938999943 ] ] ], [ [ [ 136.360487486000011, -1.905108023999958 ], [ 136.363394601000095, -1.910529603999976 ], [ 136.358997843000111, -1.90739260099997 ], [ 136.360487486000011, -1.905108023999958 ] ] ], [ [ [ 136.372744170000033, -1.904685537999967 ], [ 136.374613815000089, -1.908522464999976 ], [ 136.371481083000049, -1.90669219199998 ], [ 136.372744170000033, -1.904685537999967 ] ] ], [ [ [ 136.353648399, -1.90472011199995 ], [ 136.353857067000035, -1.904406016999928 ], [ 136.353878464000104, -1.904717268999946 ], [ 136.353648399, -1.90472011199995 ] ] ], [ [ [ 136.357492347000061, -1.901256288999946 ], [ 136.357284247000052, -1.902749003999929 ], [ 136.356448337000074, -1.901239929999974 ], [ 136.357492347000061, -1.901256288999946 ] ] ], [ [ [ 136.354687830000103, -1.902527472999964 ], [ 136.355239735000055, -1.901454248999926 ], [ 136.355553340000029, -1.901535402999968 ], [ 136.354687830000103, -1.902527472999964 ] ] ], [ [ [ 136.341232030000015, -1.901480811999932 ], [ 136.341277513000023, -1.901711416999945 ], [ 136.341081900000063, -1.901467361999948 ], [ 136.341232030000015, -1.901480811999932 ] ] ], [ [ [ 136.353467642000055, -1.896983143999933 ], [ 136.353024441000116, -1.900634196999931 ], [ 136.351668133000089, -1.898866396999949 ], [ 136.353467642000055, -1.896983143999933 ] ] ], [ [ [ 136.467556889000093, -1.896621760999949 ], [ 136.468139381000015, -1.895216927999968 ], [ 136.468036589, -1.896798792999959 ], [ 136.467556889000093, -1.896621760999949 ] ] ], [ [ [ 136.516253750000033, -1.895566637999934 ], [ 136.51659010000003, -1.895878179999954 ], [ 136.516247824000061, -1.895883997999931 ], [ 136.516253750000033, -1.895566637999934 ] ] ], [ [ [ 136.411072530000069, -1.895024034999949 ], [ 136.411291350000056, -1.894061977999968 ], [ 136.411696631000041, -1.894916164999927 ], [ 136.411072530000069, -1.895024034999949 ] ] ], [ [ [ 136.360573077000026, -1.887403501999927 ], [ 136.372497925000062, -1.898271119999947 ], [ 136.358369708000055, -1.903007635999927 ], [ 136.360573077000026, -1.887403501999927 ] ] ], [ [ [ 136.392542226000046, -1.881972398999949 ], [ 136.392456958000025, -1.882132283999965 ], [ 136.39240213800008, -1.881857855999954 ], [ 136.392542226000046, -1.881972398999949 ] ] ], [ [ [ 136.348591556000088, -1.871808463999969 ], [ 136.354556246000016, -1.876539539999953 ], [ 136.3433913880001, -1.875673850999931 ], [ 136.348591556000088, -1.871808463999969 ] ] ], [ [ [ 136.551413792000062, -1.869418657999972 ], [ 136.549317183000085, -1.867208728999969 ], [ 136.550302982000062, -1.866666575999943 ], [ 136.551413792000062, -1.869418657999972 ] ] ], [ [ [ 136.514322851000088, -1.856118924999976 ], [ 136.515589300000102, -1.857175352999946 ], [ 136.514199794000092, -1.856322340999952 ], [ 136.514322851000088, -1.856118924999976 ] ] ], [ [ [ 137.026832445000082, -1.831873844999961 ], [ 137.051692559000116, -1.855012864999935 ], [ 137.05429884900002, -1.869663939999953 ], [ 136.950600854000072, -1.838095149999958 ], [ 137.026832445000082, -1.831873844999961 ] ] ], [ [ [ 136.69702079800004, -1.845866089999959 ], [ 136.697146429000099, -1.845600791999971 ], [ 136.697232568000118, -1.845694752999975 ], [ 136.69702079800004, -1.845866089999959 ] ] ], [ [ [ 136.699889103000032, -1.826677587999939 ], [ 136.699178634000077, -1.82657807399994 ], [ 136.699547713000015, -1.825770545999944 ], [ 136.699889103000032, -1.826677587999939 ] ] ] ] } },
{ "type": "Feature", "properties": { "kemendagri_kab_code": 9106, "kemendagri_kab_name": "Kabupaten Biak Numfor", "kemendagri_prov_code": 91, "kemendagri_prov_name": "Papua" }, "geometry": { "type": "MultiPolygon", "coordinates": [ [ [ [ 134.911566429000118, -1.136771847999967 ], [ 134.91205160100003, -1.136193769999977 ], [ 134.912108665000119, -1.136628238999947 ], [ 134.911566429000118, -1.136771847999967 ] ] ], [ [ [ 134.786291450000022, -1.099183165999932 ], [ 134.782774752000023, -1.090709045999972 ], [ 134.783539625000117, -1.089816759999962 ], [ 134.786291450000022, -1.099183165999932 ] ] ], [ [ [ 134.822118191000072, -1.069003384999974 ], [ 134.822362086000112, -1.068765438999947 ], [ 134.822323420000089, -1.069000410999934 ], [ 134.822118191000072, -1.069003384999974 ] ] ], [ [ [ 134.93921689900003, -1.064336511999954 ], [ 134.938808595000069, -1.064117389999979 ], [ 134.939254505, -1.063794240999925 ], [ 134.93921689900003, -1.064336511999954 ] ] ], [ [ [ 134.925255868000022, -1.059136365999962 ], [ 134.923840089, -1.058957905999932 ], [ 134.92404234300011, -1.058380886999942 ], [ 134.925255868000022, -1.059136365999962 ] ] ], [ [ [ 134.94287277300009, -1.042634505999956 ], [ 134.943793624000023, -1.04316274599995 ], [ 134.942808527000011, -1.043219853999972 ], [ 134.94287277300009, -1.042634505999956 ] ] ], [ [ [ 134.943829316000119, -1.041563748999977 ], [ 134.942953846000023, -1.041834709999932 ], [ 134.943065509, -1.040899878999937 ], [ 134.943829316000119, -1.041563748999977 ] ] ], [ [ [ 134.942852785000014, -1.038569910999968 ], [ 134.945031168000014, -1.04002268499994 ], [ 134.943579697000018, -1.040501550999977 ], [ 134.942852785000014, -1.038569910999968 ] ] ], [ [ [ 134.942767567000033, -1.038232338999933 ], [ 134.943033237, -1.037807382999972 ], [ 134.943271540000069, -1.038076776999958 ], [ 134.942767567000033, -1.038232338999933 ] ] ], [ [ [ 134.942724617000067, -1.037510766999958 ], [ 134.942512846000113, -1.037727297999936 ], [ 134.942477153000027, -1.037527422999972 ], [ 134.942724617000067, -1.037510766999958 ] ] ], [ [ [ 134.942410647000088, -1.037222257999929 ], [ 134.942228425000053, -1.036441731999957 ], [ 134.942623298000058, -1.037020790999975 ], [ 134.942410647000088, -1.037222257999929 ] ] ], [ [ [ 134.941783184000087, -1.036538637999968 ], [ 134.941855995000083, -1.036228832999939 ], [ 134.942044448000047, -1.036358750999966 ], [ 134.941783184000087, -1.036538637999968 ] ] ], [ [ [ 134.843167306000055, -0.931455181999979 ], [ 134.898848991000023, -0.940388273999929 ], [ 134.943423664000079, -0.969804610999972 ], [ 134.946788796000078, -0.999335899999949 ], [ 134.938832457000103, -1.010455329999957 ], [ 134.938817784000094, -1.017101164999929 ], [ 134.930341093000038, -1.026534179999942 ], [ 134.929539802000022, -1.031044713999961 ], [ 134.93491807800001, -1.043516025999963 ], [ 134.922611886000027, -1.052860273999954 ], [ 134.923399981000102, -1.075002697999935 ], [ 134.938577503000033, -1.072218972999963 ], [ 134.943893911000032, -1.057883526999944 ], [ 134.962271675000011, -1.047005809999973 ], [ 134.952165815000058, -1.033540278999965 ], [ 134.957601258000068, -1.020404527999972 ], [ 134.980446498000106, -1.012225032999936 ], [ 134.985161463000054, -1.035842400999968 ], [ 134.976586951000058, -1.062807679999935 ], [ 134.981986996000046, -1.071907951999947 ], [ 134.954018289000032, -1.115259144999925 ], [ 134.951100840000095, -1.127660615999957 ], [ 134.890118880000045, -1.140515519999951 ], [ 134.862300803000039, -1.129717576999951 ], [ 134.856628307000051, -1.137144207999938 ], [ 134.855398323000031, -1.119225271999937 ], [ 134.83519929900001, -1.104714777999959 ], [ 134.843688562000011, -1.087181654999938 ], [ 134.826375056000074, -1.085260484999935 ], [ 134.822354977000032, -1.07007634799993 ], [ 134.82808250100004, -1.066406143999927 ], [ 134.820810203000065, -1.066806197999938 ], [ 134.794591602000082, -1.032728381999959 ], [ 134.796692126000039, -0.990766177999944 ], [ 134.815119478000042, -0.980184088999977 ], [ 134.792210740000087, -0.982860934999962 ], [ 134.807706756000016, -0.965531769999927 ], [ 134.805649506, -0.958903351999936 ], [ 134.843167306000055, -0.931455181999979 ] ] ], [ [ [ 134.941049833000079, -1.034998650999967 ], [ 134.94147908900004, -1.036163396999939 ], [ 134.940658922000011, -1.035200593999946 ], [ 134.941049833000079, -1.034998650999967 ] ] ], [ [ [ 134.936311408000051, -1.027910252999959 ], [ 134.941073600000095, -1.039235123999958 ], [ 134.940353519000041, -1.048337925999931 ], [ 134.934030844000063, -1.027916944999959 ], [ 134.930352197000047, -1.030248815999926 ], [ 134.936445997000078, -1.021639926999967 ], [ 134.936311408000051, -1.027910252999959 ] ] ], [ [ [ 134.934784340000078, -1.032935822999946 ], [ 134.935212643000114, -1.033359367999935 ], [ 134.934789099000113, -1.033406956999954 ], [ 134.934784340000078, -1.032935822999946 ] ] ], [ [ [ 134.93873536500007, -1.029810638999948 ], [ 134.94553467500009, -1.028354408999974 ], [ 134.948639872000058, -1.031309699999952 ], [ 134.943582328000048, -1.037502246999964 ], [ 134.93873536500007, -1.029810638999948 ] ] ], [ [ [ 134.94792583200001, -1.027501186999928 ], [ 134.948651568000059, -1.030671818999963 ], [ 134.946301850000054, -1.028322100999958 ], [ 134.94792583200001, -1.027501186999928 ] ] ], [ [ [ 134.946864041000026, -1.027273459999947 ], [ 134.947533264000072, -1.026738080999962 ], [ 134.94751244400004, -1.027181254999959 ], [ 134.946864041000026, -1.027273459999947 ] ] ], [ [ [ 134.946084172000042, -1.023240272999942 ], [ 134.944389996000041, -1.024087361999932 ], [ 134.944842094000023, -1.021731694999971 ], [ 134.946084172000042, -1.023240272999942 ] ] ], [ [ [ 134.94499286000007, -1.016137721999939 ], [ 134.941726348000088, -1.02405680499993 ], [ 134.938540488000058, -1.028006154999957 ], [ 134.939420888000086, -1.018888852999964 ], [ 134.94499286000007, -1.016137721999939 ] ] ], [ [ [ 134.939966300000037, -1.011272654999971 ], [ 134.940023408000116, -1.013114357999939 ], [ 134.939195356000027, -1.012395760999937 ], [ 134.939966300000037, -1.011272654999971 ] ] ], [ [ [ 134.792620659000022, -0.993618426999944 ], [ 134.7896596920001, -0.997539200999938 ], [ 134.79002377900008, -0.993754705999947 ], [ 134.792620659000022, -0.993618426999944 ] ] ], [ [ [ 135.931515649000062, -1.154811378999966 ], [ 135.931729711000116, -1.154962094999973 ], [ 135.931522828000084, -1.15494780299997 ], [ 135.931515649000062, -1.154811378999966 ] ] ], [ [ [ 135.981103938000047, -1.147990481999955 ], [ 135.981525893000025, -1.147643291999941 ], [ 135.98141312700011, -1.148181847999979 ], [ 135.981103938000047, -1.147990481999955 ] ] ], [ [ [ 135.817408674000035, -1.121750318999943 ], [ 135.817755867000074, -1.121793303999937 ], [ 135.817494349000071, -1.121999219999964 ], [ 135.817408674000035, -1.121750318999943 ] ] ], [ [ [ 135.816980467, -1.121123336999972 ], [ 135.817375130000073, -1.120840790999978 ], [ 135.817189760000019, -1.121238166999944 ], [ 135.816980467, -1.121123336999972 ] ] ], [ [ [ 135.816704389000051, -1.120271320999962 ], [ 135.817267488000084, -1.120703206999963 ], [ 135.816861494000023, -1.120850508999979 ], [ 135.816704389000051, -1.120271320999962 ] ] ], [ [ [ 135.81582426500006, -1.119261501999972 ], [ 135.816128546000073, -1.118907175999936 ], [ 135.816223764000028, -1.119270964999941 ], [ 135.81582426500006, -1.119261501999972 ] ] ], [ [ [ 134.955326565000064, -1.116368539999939 ], [ 134.955445538000049, -1.116815878999944 ], [ 134.955155244000025, -1.116739734999953 ], [ 134.955326565000064, -1.116368539999939 ] ] ], [ [ [ 135.813837915000022, -1.11635016699995 ], [ 135.813844369000094, -1.116471516999979 ], [ 135.813790380000114, -1.116439936999939 ], [ 135.813837915000022, -1.11635016699995 ] ] ], [ [ [ 135.813207575000092, -1.116142038999953 ], [ 135.813161086000036, -1.115711217999944 ], [ 135.81337157400003, -1.115854771999977 ], [ 135.813207575000092, -1.116142038999953 ] ] ], [ [ [ 135.810125802000016, -1.090272260999939 ], [ 135.810036289000095, -1.089887406999935 ], [ 135.810375018000059, -1.090304744999969 ], [ 135.810125802000016, -1.090272260999939 ] ] ], [ [ [ 135.810001394000096, -1.089224888999979 ], [ 135.809532968000099, -1.087544760999947 ], [ 135.810140665000063, -1.087156845999971 ], [ 135.810001394000096, -1.089224888999979 ] ] ], [ [ [ 135.824026365, -1.033844181999939 ], [ 135.824071323000112, -1.032984897999938 ], [ 135.824481607000052, -1.033367752999936 ], [ 135.824026365, -1.033844181999939 ] ] ], [ [ [ 134.951330226000096, -1.01370426699998 ], [ 134.95403232700005, -1.022188665999977 ], [ 134.949088718000098, -1.027820417999976 ], [ 134.945224473000053, -1.01982542899998 ], [ 134.951330226000096, -1.01370426699998 ] ] ], [ [ [ 134.947604237000064, -1.010019868999962 ], [ 134.950256146000015, -1.012232767999933 ], [ 134.947796974000084, -1.01313220399993 ], [ 134.947604237000064, -1.010019868999962 ] ] ], [ [ [ 134.973635781000098, -1.009428582999931 ], [ 134.973686910000083, -1.00952792399994 ], [ 134.973570382000048, -1.009508772999936 ], [ 134.973635781000098, -1.009428582999931 ] ] ], [ [ [ 134.972441574000072, -1.009089295999956 ], [ 134.972641340000109, -1.008568414999957 ], [ 134.973004715000116, -1.008698637999942 ], [ 134.972441574000072, -1.009089295999956 ] ] ], [ [ [ 134.978015128000038, -1.008241240999951 ], [ 134.977432160000035, -1.007747502999962 ], [ 134.978086511000015, -1.007569042999933 ], [ 134.978015128000038, -1.008241240999951 ] ] ], [ [ [ 134.971055237000087, -1.006905650999954 ], [ 134.971059044000071, -1.00654850199993 ], [ 134.971163678000039, -1.006905651999944 ], [ 134.971055237000087, -1.006905650999954 ] ] ], [ [ [ 134.970917384000018, -1.005982622999966 ], [ 134.970257083000092, -1.005861271999947 ], [ 134.970496220000086, -1.005668534999927 ], [ 134.970917384000018, -1.005982622999966 ] ] ], [ [ [ 134.975065863000054, -1.00273642999997 ], [ 134.976079514000048, -1.004017768999972 ], [ 134.975561980000066, -1.004203367999935 ], [ 134.975065863000054, -1.00273642999997 ] ] ], [ [ [ 135.794381430000044, -0.98640052099995 ], [ 135.794496245000119, -0.986048442999959 ], [ 135.794531966000022, -0.986271033999969 ], [ 135.794381430000044, -0.98640052099995 ] ] ], [ [ [ 135.779265530000089, -0.723070371999938 ], [ 135.766761675000112, -0.727473748999955 ], [ 135.763578960000018, -0.737783054999966 ], [ 135.765520600000059, -0.727061202999948 ], [ 135.779265530000089, -0.723070371999938 ] ] ], [ [ [ 135.812054910000029, -0.684104952999974 ], [ 135.81136532700009, -0.68376997699994 ], [ 135.81222123100008, -0.683413793999932 ], [ 135.812054910000029, -0.684104952999974 ] ] ], [ [ [ 136.204281008000066, -1.308599554999944 ], [ 136.211246136000113, -1.310648969999932 ], [ 136.210561996000024, -1.312619772999938 ], [ 136.204281008000066, -1.308599554999944 ] ] ], [ [ [ 136.218250835000049, -1.308542257999932 ], [ 136.21636619700007, -1.305631110999968 ], [ 136.21931673000006, -1.305905369999948 ], [ 136.218250835000049, -1.308542257999932 ] ] ], [ [ [ 136.323759943000027, -1.279124361999948 ], [ 136.313276514000108, -1.285581742999966 ], [ 136.319022912000037, -1.277129896999952 ], [ 136.323759943000027, -1.279124361999948 ] ] ], [ [ [ 136.316631769000082, -1.255384187999937 ], [ 136.314106817000038, -1.257587143999956 ], [ 136.317059942000014, -1.251957014999959 ], [ 136.316631769000082, -1.255384187999937 ] ] ], [ [ [ 136.317137977000016, -1.251734892999934 ], [ 136.317449348000082, -1.250570719999928 ], [ 136.317728797000086, -1.250237454999933 ], [ 136.317137977000016, -1.251734892999934 ] ] ], [ [ [ 136.3178854680001, -1.249724130999937 ], [ 136.317887455000118, -1.249894519999941 ], [ 136.317788484000062, -1.24977587099994 ], [ 136.3178854680001, -1.249724130999937 ] ] ], [ [ [ 136.317993780000052, -1.249503908999941 ], [ 136.318187857000112, -1.249620594999953 ], [ 136.31800527200005, -1.249662806999936 ], [ 136.317993780000052, -1.249503908999941 ] ] ], [ [ [ 136.318122924000022, -1.249099883999975 ], [ 136.318337881000048, -1.249128492999944 ], [ 136.318181949000063, -1.24921663799995 ], [ 136.318122924000022, -1.249099883999975 ] ] ], [ [ [ 136.225582115000066, -1.229976256999976 ], [ 136.226501882000093, -1.239572925999937 ], [ 136.204243583000107, -1.257349928999929 ], [ 136.188060197000027, -1.247890814999948 ], [ 136.199380045000112, -1.233922424999946 ], [ 136.225582115000066, -1.229976256999976 ] ] ], [ [ [ 136.326501871000119, -1.217954679999934 ], [ 136.34181637100005, -1.223226628999953 ], [ 136.343704071000047, -1.236578916999974 ], [ 136.333531500000049, -1.227420510999934 ], [ 136.301137420000032, -1.244596865999938 ], [ 136.293344741000055, -1.237684523999974 ], [ 136.307468026000038, -1.222890478999943 ], [ 136.326501871000119, -1.217954679999934 ] ] ], [ [ [ 136.330606560000092, -1.217295827999976 ], [ 136.330136617000107, -1.217194700999926 ], [ 136.330564920000029, -1.217129264999926 ], [ 136.330606560000092, -1.217295827999976 ] ] ], [ [ [ 136.331359065000015, -1.217325570999947 ], [ 136.331195477000051, -1.217117367999947 ], [ 136.331373936000091, -1.21712331699996 ], [ 136.331359065000015, -1.217325570999947 ] ] ], [ [ [ 136.15971714300008, -1.189856935999956 ], [ 136.159560296000109, -1.190061227999934 ], [ 136.159650558000067, -1.189837817999944 ], [ 136.15971714300008, -1.189856935999956 ] ] ], [ [ [ 136.204107461000035, -1.175125241999979 ], [ 136.204105555000069, -1.174504002999925 ], [ 136.204385708000018, -1.17474145999995 ], [ 136.204107461000035, -1.175125241999979 ] ] ], [ [ [ 136.208390211000051, -1.174039646999972 ], [ 136.207093863000068, -1.173959391999972 ], [ 136.208258520000072, -1.17347323599995 ], [ 136.208390211000051, -1.174039646999972 ] ] ], [ [ [ 136.282081882000057, -1.152896753999926 ], [ 136.282060943000033, -1.152784443999963 ], [ 136.28216373500004, -1.152795864999973 ], [ 136.282081882000057, -1.152896753999926 ] ] ], [ [ [ 136.282513992000077, -1.15249700399994 ], [ 136.282574906000036, -1.152618832999963 ], [ 136.282451174000016, -1.152565532999972 ], [ 136.282513992000077, -1.15249700399994 ] ] ], [ [ [ 136.283971828000062, -1.151761417999978 ], [ 136.283326399000089, -1.152073721999955 ], [ 136.283507833000044, -1.15160377899997 ], [ 136.283971828000062, -1.151761417999978 ] ] ], [ [ [ 136.284379311000066, -1.151455061999968 ], [ 136.284420952000119, -1.151666238999951 ], [ 136.284168134000083, -1.151693007999938 ], [ 136.284379311000066, -1.151455061999968 ] ] ], [ [ [ 136.284661872000015, -1.151413421999962 ], [ 136.285304326000073, -1.151172500999962 ], [ 136.28467971800012, -1.151469933999977 ], [ 136.284661872000015, -1.151413421999962 ] ] ], [ [ [ 135.983151605000103, -1.146605187999967 ], [ 135.983591711000031, -1.146463869999934 ], [ 135.983310980000056, -1.146772670999951 ], [ 135.983151605000103, -1.146605187999967 ] ] ], [ [ [ 135.982185111000035, -1.14576423699998 ], [ 135.982553760000087, -1.145997467999962 ], [ 135.98213763900003, -1.146015561999945 ], [ 135.982185111000035, -1.14576423699998 ] ] ], [ [ [ 135.814394543000049, -0.686428955999929 ], [ 135.866180936000092, -0.707330215999946 ], [ 135.908474190000106, -0.756858498999975 ], [ 135.924353383000039, -0.790164036999954 ], [ 135.941752293000036, -0.787623809999957 ], [ 135.977702177000083, -0.814820194999925 ], [ 136.029270293000081, -0.837138832999926 ], [ 136.038484550000021, -0.846906794999938 ], [ 136.035224649000043, -0.859035368999969 ], [ 136.050196848000041, -0.855703661999939 ], [ 136.039613717000066, -0.895917232999977 ], [ 136.048179227000105, -0.899195878999933 ], [ 136.060340398000108, -0.887036562999924 ], [ 136.076643681000064, -0.912380976999941 ], [ 136.091300150000052, -0.917280545999972 ], [ 136.097991243000024, -0.958505554999931 ], [ 136.151662667000096, -0.995946525999955 ], [ 136.160639317000118, -1.034800804999975 ], [ 136.172567489000016, -1.04445747799997 ], [ 136.190543351000088, -1.044638843999962 ], [ 136.207813316000056, -1.031444313999941 ], [ 136.236503300000095, -1.029547966999928 ], [ 136.256785076000028, -1.017307446999951 ], [ 136.289320777000057, -1.02956261099996 ], [ 136.295682489000114, -1.05455756899994 ], [ 136.323782564000112, -1.074190327999929 ], [ 136.363689261000104, -1.063986641999975 ], [ 136.385460038000019, -1.072447584999964 ], [ 136.38222797100002, -1.087896324999974 ], [ 136.362021617000096, -1.093905534999976 ], [ 136.354492916000027, -1.110609591999946 ], [ 136.347377026000117, -1.107117682999956 ], [ 136.35295120100011, -1.11215624099998 ], [ 136.314703151000117, -1.140446898999926 ], [ 136.282275527000024, -1.150182001999951 ], [ 136.24240390600005, -1.170549801999925 ], [ 136.211093163000101, -1.172451911999929 ], [ 136.169855569000106, -1.182610379999971 ], [ 136.144979713000112, -1.19974917299993 ], [ 136.074021262000088, -1.185532581999951 ], [ 136.053203454000027, -1.174498330999938 ], [ 136.049430533000077, -1.156818323999971 ], [ 136.037604282000075, -1.148135585999967 ], [ 136.000873138000088, -1.142382196999961 ], [ 135.956852514000047, -1.149053391999928 ], [ 135.938697608000098, -1.142126207999979 ], [ 135.933005052000112, -1.154273048999926 ], [ 135.913324200000034, -1.159786656999927 ], [ 135.90565136500004, -1.178005364999933 ], [ 135.857808, -1.166576832999965 ], [ 135.80208552900001, -1.098388089999958 ], [ 135.801736727000048, -1.092284685999971 ], [ 135.811829760000023, -1.091070373999969 ], [ 135.819675178000011, -1.087325588999931 ], [ 135.822553672000026, -1.03707224599998 ], [ 135.829285048000088, -1.031036587999949 ], [ 135.815768738000088, -1.004086380999979 ], [ 135.808201871000051, -1.007605575999946 ], [ 135.793790834000106, -0.983921684999927 ], [ 135.788559074000091, -0.93954180399993 ], [ 135.764932004000116, -0.885402871999929 ], [ 135.774193615000058, -0.875983045999931 ], [ 135.736093902000107, -0.807153579999977 ], [ 135.763917503000016, -0.76981193499995 ], [ 135.782267850000039, -0.768153631999951 ], [ 135.782698432000075, -0.754862873999969 ], [ 135.770758121000085, -0.742515 ], [ 135.787413872000116, -0.729732832999957 ], [ 135.786407250000025, -0.720808958999953 ], [ 135.794295564000095, -0.716769860999932 ], [ 135.780457231000014, -0.718107156999963 ], [ 135.801771035000115, -0.688539059999925 ], [ 135.814394543000049, -0.686428955999929 ] ] ], [ [ [ 136.624560739000117, -1.339462056999935 ], [ 136.620061994000025, -1.335590635999949 ], [ 136.621900526000104, -1.331692029999942 ], [ 136.624560739000117, -1.339462056999935 ] ] ], [ [ [ 136.616312423000068, -1.319555004999927 ], [ 136.615121202000068, -1.315660297999955 ], [ 136.616519568000058, -1.316348513999969 ], [ 136.616312423000068, -1.319555004999927 ] ] ], [ [ [ 136.374332286000026, -1.310306152999942 ], [ 136.373580377000053, -1.306456184999945 ], [ 136.373837359000049, -1.306242033999979 ], [ 136.374332286000026, -1.310306152999942 ] ] ], [ [ [ 136.58887712000012, -1.275113738999949 ], [ 136.610943619000068, -1.27732126099994 ], [ 136.602464356000041, -1.294576273999951 ], [ 136.605042985000068, -1.323556338999936 ], [ 136.58887712000012, -1.275113738999949 ] ] ], [ [ [ 136.67680461100008, -1.290700806999951 ], [ 136.671999969000012, -1.298582790999944 ], [ 136.670098506000045, -1.296304255999928 ], [ 136.67680461100008, -1.290700806999951 ] ] ], [ [ [ 136.699108465000108, -1.293307716999948 ], [ 136.69170952200011, -1.295006731999933 ], [ 136.699307734000058, -1.292670166999926 ], [ 136.699108465000108, -1.293307716999948 ] ] ], [ [ [ 136.379720318000068, -1.29013525199997 ], [ 136.380006532000039, -1.291795880999928 ], [ 136.378865743000119, -1.292696295999974 ], [ 136.379720318000068, -1.29013525199997 ] ] ], [ [ [ 136.422106083000017, -1.267865340999947 ], [ 136.412131854000108, -1.280540746999975 ], [ 136.413126021000039, -1.30807649299993 ], [ 136.409926571000028, -1.28308633499995 ], [ 136.422106083000017, -1.267865340999947 ] ] ], [ [ [ 136.66997454400007, -1.286306183999955 ], [ 136.670343628000069, -1.280632280999953 ], [ 136.67442875800009, -1.276635578999958 ], [ 136.66997454400007, -1.286306183999955 ] ] ], [ [ [ 136.670273163000047, -1.272528026999964 ], [ 136.665628222, -1.265624632999959 ], [ 136.676206894000074, -1.260633234999943 ], [ 136.675988718000099, -1.264438776999953 ], [ 136.670273163000047, -1.272528026999964 ] ] ], [ [ [ 136.677576536000061, -1.264698033999935 ], [ 136.678717378000101, -1.263245379999944 ], [ 136.679570089000094, -1.263294788999929 ], [ 136.677576536000061, -1.264698033999935 ] ] ], [ [ [ 136.367633828000066, -1.24764829399993 ], [ 136.379139854000073, -1.250111063999952 ], [ 136.377701327000068, -1.260241571999927 ], [ 136.367633828000066, -1.24764829399993 ] ] ], [ [ [ 136.698247676000051, -1.251155904999962 ], [ 136.70010164200005, -1.250695297999926 ], [ 136.700653974000033, -1.251948711999944 ], [ 136.698247676000051, -1.251155904999962 ] ] ], [ [ [ 136.609397557000079, -1.229626544999974 ], [ 136.617266593000068, -1.243904381999926 ], [ 136.604673016000106, -1.255225967999934 ], [ 136.594797569000093, -1.238114546999952 ], [ 136.609397557000079, -1.229626544999974 ] ] ], [ [ [ 136.526737798000113, -1.228551067999945 ], [ 136.535203907000096, -1.24111539699993 ], [ 136.500864496000077, -1.23948347299995 ], [ 136.501031040000044, -1.229704654999978 ], [ 136.526737798000113, -1.228551067999945 ] ] ], [ [ [ 136.354728314000113, -1.222177445999932 ], [ 136.353407713000024, -1.220676006999952 ], [ 136.354959122000082, -1.220799737999926 ], [ 136.354728314000113, -1.222177445999932 ] ] ], [ [ [ 136.443238362000102, -1.199305496999955 ], [ 136.450448415000096, -1.221763761999966 ], [ 136.447255936000033, -1.240887446999977 ], [ 136.429913380000016, -1.211981156999968 ], [ 136.443238362000102, -1.199305496999955 ] ] ], [ [ [ 136.699611873000094, -1.224538695999968 ], [ 136.694579152000074, -1.215660905999925 ], [ 136.705007051000052, -1.213311369999929 ], [ 136.707076783000048, -1.220315862999939 ], [ 136.699611873000094, -1.224538695999968 ] ] ], [ [ [ 136.602554556000086, -1.192191397999977 ], [ 136.614030717000105, -1.220522298999924 ], [ 136.590688898000053, -1.227365558999963 ], [ 136.576507401000072, -1.197866344999966 ], [ 136.602554556000086, -1.192191397999977 ] ] ], [ [ [ 136.616934656000012, -1.163962160999972 ], [ 136.616596843000025, -1.165183474999935 ], [ 136.6157444480001, -1.165283447999968 ], [ 136.616934656000012, -1.163962160999972 ] ] ], [ [ [ 136.625696503000086, -1.150410269999952 ], [ 136.621143515000085, -1.160382237999954 ], [ 136.618878134000056, -1.159832241999936 ], [ 136.625696503000086, -1.150410269999952 ] ] ], [ [ [ 136.600802787000021, -1.135468270999979 ], [ 136.620490717000052, -1.153022467999961 ], [ 136.604586677000043, -1.174281260999976 ], [ 136.593115906000094, -1.162894153999957 ], [ 136.600870642000018, -1.161143933999938 ], [ 136.600802787000021, -1.135468270999979 ] ] ] ] } },
{ "type": "Feature", "properties": { "kemendagri_kab_code": 9110, "kemendagri_kab_name": "Kabupaten Sarmi", "kemendagri_prov_code": 91, "kemendagri_prov_name": "Papua" }, "geometry": { "type": "MultiPolygon", "coordinates": [ [ [ [ 138.307249872000057, -1.695643553999957 ], [ 138.452749714000106, -1.742982683999969 ], [ 138.665242219000106, -1.792599754999969 ], [ 138.735821457000043, -1.852314676999924 ], [ 138.751072452000017, -1.846553 ], [ 138.749081882000041, -1.867689360999975 ], [ 138.788774563000061, -1.919864368999924 ], [ 138.862713690000078, -1.965812703999973 ], [ 138.875395041000047, -1.969874535999963 ], [ 138.904902124000046, -1.955338849999976 ], [ 138.992672823000021, -1.973092146999932 ], [ 139.046490390000031, -2.004980928999942 ], [ 139.124754605000021, -2.030591628999957 ], [ 139.146267489000024, -2.050166569999931 ], [ 139.250575150000031, -2.10956407499998 ], [ 139.364959697000018, -2.148045415999945 ], [ 139.614570378000053, -2.289952405999941 ], [ 139.619881335000059, -2.289295674999948 ], [ 139.616079442000114, -2.28323080399997 ], [ 139.640962874000024, -2.287382992999937 ], [ 139.707496658000082, -2.334012021999968 ], [ 139.760773805000099, -2.360565002999977 ], [ 139.810578249000059, -2.378548442999943 ], [ 139.995492476000095, -2.359010400999978 ], [ 140.00448369500009, -2.367165470999964 ], [ 140.001313829000082, -2.376224385999933 ], [ 139.993146753000019, -2.372160851999979 ], [ 139.995443499000089, -2.380245282999965 ], [ 139.984491702000014, -2.39110072699998 ], [ 139.986468066000043, -2.43855612699997 ], [ 139.976082766000104, -2.442831161999948 ], [ 139.783127379000121, -2.402881001999958 ], [ 139.752104517000021, -2.407568216999948 ], [ 139.746218112000065, -2.417074821999961 ], [ 139.756661879000035, -2.466045707999967 ], [ 139.76457898600006, -2.462172998999961 ], [ 139.782837076000078, -2.479202157999964 ], [ 139.779749501000083, -2.489314436999962 ], [ 139.769102089000057, -2.487040294999929 ], [ 139.776258750000011, -2.501551744999972 ], [ 139.759248925000065, -2.52918281999996 ], [ 139.726908336000065, -2.542047964999938 ], [ 139.715602943000022, -2.534618948999935 ], [ 139.705388048000032, -2.544860617999973 ], [ 139.680753568000114, -2.544169887999942 ], [ 139.66057209600001, -2.555296114999976 ], [ 139.642636110000012, -2.541236246999972 ], [ 139.58276038300005, -2.539995800999975 ], [ 139.57533580300003, -2.54486357299993 ], [ 139.583725625000056, -2.556781945999944 ], [ 139.576867021000112, -2.568067137999947 ], [ 139.551442848000079, -2.587468739999963 ], [ 139.549574212000039, -2.59908513299996 ], [ 139.558206503000065, -2.607827010999927 ], [ 139.526751925000099, -2.60808252299995 ], [ 139.511338274000082, -2.616387502999942 ], [ 139.510473599000079, -2.60523633899993 ], [ 139.495557076000068, -2.601677865999932 ], [ 139.48566418300004, -2.623412531999975 ], [ 139.446124606000012, -2.607028497999977 ], [ 139.446599770000034, -2.598965469999939 ], [ 139.432862168000042, -2.589699576999976 ], [ 139.417382233000012, -2.58995082399997 ], [ 139.395966644000055, -2.642919073999963 ], [ 139.380588928000066, -2.65753624499996 ], [ 139.366520931000082, -2.658123404999969 ], [ 139.36064710200003, -2.672474541999975 ], [ 139.382014251000101, -2.699473191999971 ], [ 139.422965210000029, -2.713086475999944 ], [ 139.431222542000114, -2.741337464999958 ], [ 139.421928762000107, -2.768268464999949 ], [ 139.432774886000061, -2.783110821999969 ], [ 139.426024782000013, -2.800730868999949 ], [ 139.445606466000072, -2.807162312999935 ], [ 139.469600905000107, -2.794260355999938 ], [ 139.519093137000027, -2.818785097999978 ], [ 139.537052652000057, -2.818214778999959 ], [ 139.548748321000062, -2.824200032999954 ], [ 139.550246266000045, -2.842901127999937 ], [ 139.569295512000053, -2.86325151099993 ], [ 139.582111292000036, -2.865187718999948 ], [ 139.589637819000018, -2.879970067999977 ], [ 139.550312665000092, -2.922416255999963 ], [ 139.535051621000093, -2.924860148999926 ], [ 139.520609156000091, -2.942547469999965 ], [ 139.522671024000033, -2.981263964999926 ], [ 139.533397664000063, -3.009929688999932 ], [ 139.528903264000064, -3.028483579999943 ], [ 139.536096914000041, -3.06132551099995 ], [ 139.527835525000114, -3.064719687999968 ], [ 139.535798669000087, -3.071861664999972 ], [ 139.526744377000114, -3.071053940999946 ], [ 139.530598908000115, -3.080481172999953 ], [ 139.500749192000058, -3.097589006999954 ], [ 139.518159202000106, -3.132370144999925 ], [ 139.503479861000073, -3.141210656999931 ], [ 139.500392961000102, -3.159042375999945 ], [ 139.492922743, -3.15876884499994 ], [ 139.497053353000069, -3.163164717999962 ], [ 139.478863276000084, -3.166765918999943 ], [ 139.484855387000039, -3.186078476999967 ], [ 139.476377736000018, -3.186717318999968 ], [ 139.485445773000038, -3.204173179999941 ], [ 139.494359560000021, -3.203719750999937 ], [ 139.486301641000068, -3.234509536999951 ], [ 139.493594014000109, -3.236604134999936 ], [ 139.488150249000114, -3.243985890999966 ], [ 139.499547885000084, -3.262797254999953 ], [ 139.49935137500006, -3.290027588999976 ], [ 139.506152148000069, -3.296415330999935 ], [ 139.509123464000027, -3.291518353999948 ], [ 139.50409718800006, -3.301311136999971 ], [ 139.511344453000106, -3.30049569199997 ], [ 139.513254896000035, -3.308270820999951 ], [ 139.507829160000028, -3.306994693999968 ], [ 139.509289807000073, -3.31979853699994 ], [ 139.496875762000059, -3.330615688999956 ], [ 139.495924560000049, -3.368859616999941 ], [ 139.486291683000104, -3.370811152999977 ], [ 139.490782602000081, -3.377345371999979 ], [ 139.483137087000046, -3.379193124999972 ], [ 139.478080544000022, -3.399163444999942 ], [ 139.470101696000029, -3.398842396999953 ], [ 139.477122326000085, -3.411081400999933 ], [ 139.462561257000061, -3.417027007999934 ], [ 139.468335339000078, -3.421324544999948 ], [ 139.449439727000026, -3.421543995999969 ], [ 139.441045235000047, -3.436622115999967 ], [ 139.453307742000106, -3.443321812999955 ], [ 139.454945335000048, -3.455500940999968 ], [ 139.460405696000066, -3.449271632999967 ], [ 139.463643442000034, -3.46016465699995 ], [ 139.439687328000105, -3.463396799999941 ], [ 139.417423788000065, -3.443154005999929 ], [ 139.37346041100011, -3.435935194999956 ], [ 139.368153322000012, -3.451729618999934 ], [ 139.379021950000038, -3.467705715999955 ], [ 139.356588937000083, -3.482875459999946 ], [ 139.339583414000117, -3.484179759999961 ], [ 139.331061003000059, -3.475006543999939 ], [ 139.336058365000099, -3.453242855999974 ], [ 139.330463985000051, -3.446057672999927 ], [ 139.321626883000022, -3.448048593999943 ], [ 139.306374213000026, -3.47367253799996 ], [ 139.275738022000041, -3.463632705999942 ], [ 139.269484383000076, -3.441518089999931 ], [ 139.249267900000063, -3.452559201999975 ], [ 139.250110255000095, -3.432912597999973 ], [ 139.270236975000103, -3.427128210999967 ], [ 139.269591373000026, -3.418692539999938 ], [ 139.252150569000037, -3.41878511799996 ], [ 139.206695977000095, -3.448979946999941 ], [ 139.195595815000047, -3.446453472999963 ], [ 139.182981490000088, -3.426938630999928 ], [ 139.168702151000048, -3.433279493999976 ], [ 139.143171841000026, -3.427881086999946 ], [ 139.137959371000079, -3.418657818999975 ], [ 139.147365017000084, -3.373249109999961 ], [ 139.140606216000037, -3.360278727999969 ], [ 139.123473248000096, -3.357659695999928 ], [ 139.124640604000092, -3.377078538999967 ], [ 139.111181386000112, -3.381252045999929 ], [ 139.1030678300001, -3.36441113199993 ], [ 139.105651152000064, -3.336242065999954 ], [ 139.083718213000111, -3.335162685999933 ], [ 139.072911481000119, -3.323826116999953 ], [ 139.069202328000074, -3.29388533499997 ], [ 139.076395449000074, -3.289452496999957 ], [ 139.082835808000027, -3.304343019999976 ], [ 139.094950501000085, -3.306990814999949 ], [ 139.091502246000118, -3.285813139999959 ], [ 139.065465983000081, -3.276383123999949 ], [ 139.035787052000046, -3.251682055999936 ], [ 139.017745809000075, -3.253088230999936 ], [ 139.008621054000059, -3.242377037999972 ], [ 139.01396162900005, -3.230015034999951 ], [ 139.003524619000018, -3.231278653999937 ], [ 139.008849936000047, -3.22000574599997 ], [ 139.002776938000011, -3.210291142999949 ], [ 139.007308798000054, -3.198125596999944 ], [ 139.002212363000012, -3.19697451199994 ], [ 139.001922446000094, -3.190935368999931 ], [ 139.005065756000022, -3.19648575399998 ], [ 139.005370932000119, -3.190349097999956 ], [ 139.021423176000098, -3.186127896999949 ], [ 139.016235189000099, -3.182651753999949 ], [ 139.022826985000052, -3.177122826999948 ], [ 139.014663533000089, -3.173442358999978 ], [ 139.021941975000118, -3.172468419999973 ], [ 139.015273885000056, -3.169682021999961 ], [ 139.022445515000072, -3.166629071999978 ], [ 139.023071125000115, -3.152672762999941 ], [ 139.01657088200011, -3.147907013999941 ], [ 139.033523394000099, -3.141212458999973 ], [ 139.02586348300008, -3.13109898099998 ], [ 139.026077106000116, -3.126545662999945 ], [ 139.030090167000026, -3.133384699999965 ], [ 139.02990706200012, -3.124079222999967 ], [ 139.039260698000021, -3.12993978999998 ], [ 139.051356401000021, -3.10668035499998 ], [ 139.068237643000089, -3.115527416999953 ], [ 139.120386166000117, -3.117328634999978 ], [ 139.120596871000089, -3.052004210999939 ], [ 139.084298024000077, -3.03471209199995 ], [ 139.094407253000099, -3.028123615999959 ], [ 139.088410701000043, -3.020157123999979 ], [ 139.099528776000056, -3.02090181899996 ], [ 139.093376103000082, -3.010518095999942 ], [ 139.105339400000048, -3.020630034999954 ], [ 139.107461566000097, -3.009938511999962 ], [ 139.126276935000078, -3.008460526999954 ], [ 139.119053280000117, -2.985381132999976 ], [ 139.134253892000061, -2.995443399999942 ], [ 139.131616462000011, -2.984641108999938 ], [ 139.141767943000104, -2.974290130999975 ], [ 139.133422152000094, -2.969234626999935 ], [ 139.14105242800008, -2.968473379999978 ], [ 139.144559779000019, -2.955934814999978 ], [ 139.125175383000055, -2.926047492999942 ], [ 139.11483613300004, -2.932730480999965 ], [ 139.11449575600011, -2.924615804999974 ], [ 139.102594057000033, -2.924721032999969 ], [ 139.117858101000024, -2.908778168999959 ], [ 139.106520865000107, -2.882170931999951 ], [ 139.11771232600006, -2.854739906999953 ], [ 139.142924661000052, -2.847086813999965 ], [ 139.13690030600003, -2.835730400999978 ], [ 139.150811005000037, -2.82276139399994 ], [ 139.17250995400002, -2.82799971399993 ], [ 139.17973320100009, -2.81789142699995 ], [ 139.172733304000076, -2.81596643499995 ], [ 139.171931186000052, -2.813979920999941 ], [ 139.188182374000121, -2.805135640999936 ], [ 139.185093094000081, -2.794786766999948 ], [ 139.170028640000055, -2.790933158999962 ], [ 139.177158322000082, -2.786182443999962 ], [ 139.170790857000043, -2.771228917999963 ], [ 139.211008730000117, -2.753838456999972 ], [ 139.218487777000064, -2.698879533999957 ], [ 139.233071851000091, -2.691311643999938 ], [ 139.231062557000087, -2.627250106999952 ], [ 139.195688604000111, -2.62944366399995 ], [ 139.129281210000045, -2.652701803999946 ], [ 139.116779283000028, -2.623996381999973 ], [ 139.086638254000036, -2.615575743999955 ], [ 139.075330128000019, -2.599419252999951 ], [ 139.050997253000105, -2.595539899999949 ], [ 139.030703018000054, -2.612499884999977 ], [ 138.997402218000047, -2.591333368999926 ], [ 138.975460937000094, -2.598861664999959 ], [ 138.949037507000071, -2.57810292399995 ], [ 138.906523254000035, -2.57643625299994 ], [ 138.901606522000066, -2.562370165999937 ], [ 138.872295557000029, -2.546520532999978 ], [ 138.812840778, -2.538876984999945 ], [ 138.78793164800004, -2.520531333999941 ], [ 138.769098005000046, -2.529223783999953 ], [ 138.749026309000101, -2.524826025999971 ], [ 138.717530379000095, -2.531889701999944 ], [ 138.693547504000094, -2.515940179999973 ], [ 138.684912252000117, -2.519029183999976 ], [ 138.664225496000086, -2.506192294999948 ], [ 138.659795638000105, -2.512635160999935 ], [ 138.634343903000058, -2.500480492999941 ], [ 138.623957652000058, -2.478356185999928 ], [ 138.595174472000053, -2.487481558999946 ], [ 138.584340536000013, -2.52105028099993 ], [ 138.563690726000118, -2.520540597999968 ], [ 138.538860857000032, -2.543180592999931 ], [ 138.45978841100009, -2.526925740999957 ], [ 138.447898668000107, -2.531508244999941 ], [ 138.43653804500002, -2.522809666999933 ], [ 138.413933738000082, -2.455920589999948 ], [ 138.420651597000074, -2.43018514399995 ], [ 138.382577893000075, -2.390171799999962 ], [ 138.39558123200004, -2.380582892999939 ], [ 138.392550330000063, -2.366935786999932 ], [ 138.400875167000095, -2.364876323999965 ], [ 138.399879059000114, -2.357804972999929 ], [ 138.421825929000079, -2.356417474999944 ], [ 138.420994461000078, -2.344786427999964 ], [ 138.437030352000079, -2.345926537999958 ], [ 138.437024990000054, -2.338096634999943 ], [ 138.447360152000101, -2.350098761999959 ], [ 138.446454410000115, -2.330977118999954 ], [ 138.465669133000119, -2.321278573999962 ], [ 138.4686323520001, -2.284990543999925 ], [ 138.438077166000085, -2.243253019999941 ], [ 138.441068058000042, -2.222929963999945 ], [ 138.408685197000068, -2.214937541999973 ], [ 138.402750415000014, -2.200074355999959 ], [ 138.403079460000072, -2.208865859999946 ], [ 138.390900402000057, -2.207073867999952 ], [ 138.373061654000026, -2.225638536999952 ], [ 138.371196734000023, -2.214965535999966 ], [ 138.343625901000109, -2.209508258999961 ], [ 138.366433974000074, -2.197266699999943 ], [ 138.392680705000089, -2.200252877999958 ], [ 138.411120508000067, -2.185144856999955 ], [ 138.398754723000025, -2.180223946999945 ], [ 138.39442985900007, -2.192076328999974 ], [ 138.38336313700006, -2.178023230999941 ], [ 138.377862821, -2.185219746999962 ], [ 138.369830402000048, -2.175988195999935 ], [ 138.372829131000117, -2.188862030999928 ], [ 138.365073984000105, -2.17540519299996 ], [ 138.357857448000118, -2.180650077999928 ], [ 138.35561524100001, -2.169694457999981 ], [ 138.349145055, -2.178376606999961 ], [ 138.345916878000025, -2.168940937999935 ], [ 138.330784907000066, -2.192912175999936 ], [ 138.299165333000019, -2.16811420099998 ], [ 138.302709906000018, -2.149956839999959 ], [ 138.294441153000093, -2.126800285999934 ], [ 138.306286869000019, -2.084301110999945 ], [ 138.292834884000058, -2.081674448999934 ], [ 138.310533494000083, -2.069756597999969 ], [ 138.293042545000048, -2.05606709999995 ], [ 138.287509019000026, -2.065226105999955 ], [ 138.282668608000108, -2.05440051599993 ], [ 138.288642568000114, -2.045348163999961 ], [ 138.268277081000065, -2.05220793899997 ], [ 138.262407924000058, -2.042735659999948 ], [ 138.253894270000046, -2.045324652999966 ], [ 138.261627513, -2.036427057999958 ], [ 138.248536445000013, -2.035229695999931 ], [ 138.253858832000105, -2.024849572999926 ], [ 138.262513376000015, -2.026238491999948 ], [ 138.257166101000053, -2.01798841599998 ], [ 138.262445121000042, -2.000000015999944 ], [ 138.256200040000067, -1.99820725099994 ], [ 138.25865805, -1.989332213999944 ], [ 138.252527477000058, -1.999314821999974 ], [ 138.24574425600008, -1.995671561999927 ], [ 138.250797548000037, -1.984113049999962 ], [ 138.23859604300003, -1.990982867999946 ], [ 138.232291248000024, -1.978779328999963 ], [ 138.242509499000107, -1.976047327999936 ], [ 138.231041314000095, -1.972141530999977 ], [ 138.236232114000018, -1.961608106999961 ], [ 138.22529497700009, -1.947626189999937 ], [ 138.228459457000099, -1.94182196099996 ], [ 138.219357131000038, -1.937760688999958 ], [ 138.216962787000057, -1.946733415999972 ], [ 138.19351033800001, -1.93737446199998 ], [ 138.186235760000045, -1.944860131999974 ], [ 138.188994488000048, -1.913848872999949 ], [ 138.163665616000117, -1.935526422999942 ], [ 138.166146492000053, -1.91709654999994 ], [ 138.15741597300007, -1.910164426999927 ], [ 138.153987614000016, -1.921320003999938 ], [ 138.149394796000024, -1.918828532999953 ], [ 138.154971316000115, -1.908335781999938 ], [ 138.166845837000096, -1.913448587999937 ], [ 138.171135480000089, -1.907421726999928 ], [ 138.162927876000026, -1.89943491899993 ], [ 138.153763814000058, -1.903868849999981 ], [ 138.15153220600007, -1.894933067999943 ], [ 138.162073220000025, -1.895142399999941 ], [ 138.162029454000049, -1.888919791999967 ], [ 138.148178017000077, -1.890807113999927 ], [ 138.161088459000098, -1.87493285599993 ], [ 138.145398363000027, -1.873006234999934 ], [ 138.147759148000091, -1.85833119199998 ], [ 138.156359411000039, -1.85871111199998 ], [ 138.145415900000103, -1.850030941999933 ], [ 138.155669701000079, -1.848486143999935 ], [ 138.159772473000089, -1.835547646999942 ], [ 138.153222977000041, -1.820312624999929 ], [ 138.146369072000084, -1.827342982999937 ], [ 138.136538108000082, -1.817628570999943 ], [ 138.14079674200002, -1.80777375599996 ], [ 138.158465049000029, -1.808142617999977 ], [ 138.155792008000049, -1.78807842599997 ], [ 138.166331952000064, -1.786105762999966 ], [ 138.156057310000051, -1.783178005999957 ], [ 138.154635149000114, -1.771699965999971 ], [ 138.174874347000014, -1.743074754999952 ], [ 138.164864428000101, -1.721426927999971 ], [ 138.174166760000048, -1.71346288899997 ], [ 138.159732689000066, -1.702428680999958 ], [ 138.162214198000015, -1.689339059999952 ], [ 138.170610244000045, -1.691932172999941 ], [ 138.163340952000112, -1.683223625999972 ], [ 138.166658166000047, -1.651914346999945 ], [ 138.147241969000106, -1.627649786999939 ], [ 138.173329526000089, -1.629975371999933 ], [ 138.307249872000057, -1.695643553999957 ] ] ], [ [ [ 139.008848156000113, -1.94946700099996 ], [ 139.004818753000109, -1.94858170599997 ], [ 139.009954470000025, -1.94693394799998 ], [ 139.008848156000113, -1.94946700099996 ] ] ], [ [ [ 139.000196289000087, -1.938492088999965 ], [ 139.024387707000074, -1.934333339999966 ], [ 139.017072730000109, -1.948677891999978 ], [ 139.000196289000087, -1.938492088999965 ] ] ], [ [ [ 138.768070261000048, -1.865776392999976 ], [ 138.762076845000024, -1.868079915999942 ], [ 138.766459049000105, -1.863950494999926 ], [ 138.768070261000048, -1.865776392999976 ] ] ], [ [ [ 138.746868421000045, -1.83068482799996 ], [ 138.743594386000041, -1.833174343999929 ], [ 138.744971484000075, -1.829520617999947 ], [ 138.746868421000045, -1.83068482799996 ] ] ], [ [ [ 138.800772406000078, -1.663607886999955 ], [ 138.805001973000117, -1.678847190999932 ], [ 138.796145663000061, -1.707163843999979 ], [ 138.789451757000052, -1.672666921999962 ], [ 138.800772406000078, -1.663607886999955 ] ] ], [ [ [ 138.773556451000104, -1.641344054999934 ], [ 138.77650966900012, -1.644735375999971 ], [ 138.773242344000096, -1.645167165999965 ], [ 138.773556451000104, -1.641344054999934 ] ] ], [ [ [ 138.739857019000056, -1.597466209999936 ], [ 138.751010868000094, -1.619604068999934 ], [ 138.741149935000067, -1.621276460999979 ], [ 138.739967016000037, -1.62302254399998 ], [ 138.74678910800003, -1.622244326999976 ], [ 138.745933733000015, -1.625199746999954 ], [ 138.717451895000067, -1.617705260999969 ], [ 138.708618290000118, -1.600751220999939 ], [ 138.715920770000025, -1.580641673999935 ], [ 138.739857019000056, -1.597466209999936 ] ] ], [ [ [ 139.572069344000056, -2.237907441999937 ], [ 139.572049409000101, -2.23599324099996 ], [ 139.573092866000025, -2.23628459899993 ], [ 139.572069344000056, -2.237907441999937 ] ] ], [ [ [ 139.531028405000029, -2.208475951999958 ], [ 139.527873240000076, -2.207162489999973 ], [ 139.531171173000075, -2.206719909999947 ], [ 139.531028405000029, -2.208475951999958 ] ] ], [ [ [ 139.512530202000107, -2.138005401999976 ], [ 139.507922335000103, -2.133095563999973 ], [ 139.506480264000061, -2.12453549199995 ], [ 139.513098768000077, -2.128102595999962 ], [ 139.512530202000107, -2.138005401999976 ] ] ], [ [ [ 139.471806070000071, -2.12351048599993 ], [ 139.474423290000118, -2.113646030999973 ], [ 139.477160846000061, -2.112415640999927 ], [ 139.478487156000028, -2.120303689999957 ], [ 139.471806070000071, -2.12351048599993 ] ] ], [ [ [ 139.458548912000083, -2.118916128999956 ], [ 139.453569302000119, -2.115102383999954 ], [ 139.459152026000083, -2.111440677999951 ], [ 139.458548912000083, -2.118916128999956 ] ] ], [ [ [ 139.242353855000033, -2.034551558999965 ], [ 139.238612923000119, -2.035449483999969 ], [ 139.238802002000057, -2.032350573999963 ], [ 139.242353855000033, -2.034551558999965 ] ] ], [ [ [ 139.239215102000117, -2.007202032999942 ], [ 139.253454457000089, -2.007922372999928 ], [ 139.251245931000085, -2.015062348999948 ], [ 139.239215102000117, -2.007202032999942 ] ] ], [ [ [ 139.139145393000035, -2.003753674999928 ], [ 139.135585254000034, -2.011495413999967 ], [ 139.132027169000025, -2.011158831999978 ], [ 139.132961158000057, -1.999418712999955 ], [ 139.139145393000035, -2.003753674999928 ] ] ] ] } },
{ "type": "Feature", "properties": { "kemendagri_kab_code": 9111, "kemendagri_kab_name": "Kabupaten Keerom", "kemendagri_prov_code": 91, "kemendagri_prov_name": "Papua" }, "geometry": { "type": "Polygon", "coordinates": [ [ [ 141.00273535700012, -2.839261757999964 ], [ 141.001238791000105, -4.019552308999948 ], [ 140.992947154000035, -4.005986328999938 ], [ 140.98349187000008, -4.008050444999981 ], [ 140.987726807000058, -3.994542919999958 ], [ 140.973613897000064, -3.982392128999948 ], [ 140.974390094000114, -3.966874254999937 ], [ 140.91468558400004, -3.969684819999941 ], [ 140.889786487000038, -3.961057238999956 ], [ 140.851019626000038, -3.97348838299996 ], [ 140.827515822, -3.999609297999939 ], [ 140.810141197000121, -3.995264248999945 ], [ 140.814907080000012, -4.004623508999941 ], [ 140.812271891000023, -4.013010193999946 ], [ 140.803363802000035, -4.004039546999934 ], [ 140.792976957000064, -4.010581885999954 ], [ 140.77869023300002, -4.000141879999944 ], [ 140.718408425000121, -4.020468111999946 ], [ 140.6920904750001, -3.984038667999926 ], [ 140.676052908000088, -3.979517691999945 ], [ 140.672654443000056, -3.97115269699998 ], [ 140.656971352000028, -3.972174780999978 ], [ 140.680348452000089, -4.006306459999962 ], [ 140.707650252, -4.072318004999943 ], [ 140.720710828000051, -4.082042470999966 ], [ 140.718585534000113, -4.099210957999958 ], [ 140.708032572000093, -4.098658332999946 ], [ 140.684385939000094, -4.04573436499993 ], [ 140.663846825000064, -4.037458123999954 ], [ 140.640827789000014, -4.046189531999971 ], [ 140.640113951000103, -4.064677943999925 ], [ 140.610308952000082, -4.061871393999979 ], [ 140.588598559000047, -4.115993636999974 ], [ 140.567947900000036, -4.116139935999968 ], [ 140.568940708000014, -4.097266241999932 ], [ 140.552261851000026, -4.096763350999936 ], [ 140.558580665000022, -4.08222688099994 ], [ 140.546420995000062, -4.069788394999932 ], [ 140.532618568000089, -4.072230265999963 ], [ 140.531268269000066, -4.062429885999961 ], [ 140.518940426000086, -4.06367226499998 ], [ 140.483949625000037, -4.000942775999931 ], [ 140.464646015000085, -3.991475184999956 ], [ 140.467659038000079, -3.986439529999927 ], [ 140.476429719000066, -3.992967439999973 ], [ 140.470716909000089, -3.965169679999974 ], [ 140.437833318000116, -3.959155600999964 ], [ 140.446656055000062, -3.948001906999934 ], [ 140.427284992000068, -3.93115028699998 ], [ 140.439568765000104, -3.919890777999967 ], [ 140.43543752000005, -3.91159539299997 ], [ 140.405060284000115, -3.914533388999928 ], [ 140.412862490000066, -3.911415399999953 ], [ 140.404553754000062, -3.894171719999974 ], [ 140.417071008000107, -3.899004466999941 ], [ 140.412346420000063, -3.883882650999965 ], [ 140.431993217000013, -3.85518381199995 ], [ 140.414500592000081, -3.842659468999955 ], [ 140.422171267000067, -3.820118397999977 ], [ 140.400215028000048, -3.813880196999946 ], [ 140.417545461000032, -3.801063865999936 ], [ 140.404013105000104, -3.78927228699996 ], [ 140.412633148000054, -3.78054046699998 ], [ 140.39708951700004, -3.770258297999931 ], [ 140.40792969600011, -3.756714278999937 ], [ 140.397699605000071, -3.747347103999971 ], [ 140.403421107000099, -3.737929404999932 ], [ 140.384221586000081, -3.736524956999972 ], [ 140.385559814000089, -3.720295123999961 ], [ 140.373669495000058, -3.71676666299993 ], [ 140.372034993000057, -3.708646895999948 ], [ 140.358001811, -3.710705530999974 ], [ 140.36489399300001, -3.682598135999967 ], [ 140.348883423000075, -3.693479453999942 ], [ 140.341795629000103, -3.688414647999934 ], [ 140.351835405000088, -3.684056054999928 ], [ 140.346386508000023, -3.669827529999964 ], [ 140.365411366000103, -3.667676319999941 ], [ 140.365984075000028, -3.659085042999948 ], [ 140.37357987200005, -3.662385961999973 ], [ 140.375099123000041, -3.649667859999965 ], [ 140.396897200000012, -3.629247842999973 ], [ 140.38072791400009, -3.60554650499995 ], [ 140.388866281000105, -3.59655536799994 ], [ 140.375760179000054, -3.58166431199993 ], [ 140.382306842000048, -3.571766030999925 ], [ 140.374196603000087, -3.569002185999977 ], [ 140.385937624000121, -3.554192092999926 ], [ 140.378831847000015, -3.544234470999925 ], [ 140.37166801300009, -3.54661108099998 ], [ 140.361788949000015, -3.528486745999942 ], [ 140.373580267000079, -3.533249714999954 ], [ 140.36843968800008, -3.52350385799997 ], [ 140.375354824000055, -3.52281895699997 ], [ 140.378907705000074, -3.514117354999939 ], [ 140.374530237000045, -3.520809792999955 ], [ 140.364072320000105, -3.515137699999968 ], [ 140.36325182600001, -3.50711473299998 ], [ 140.371354314000087, -3.508723910999947 ], [ 140.366131232000043, -3.493541923999942 ], [ 140.350595151000107, -3.500969089999955 ], [ 140.352396422000083, -3.490172776999941 ], [ 140.344338489000052, -3.494375928999943 ], [ 140.33706225800006, -3.486022446999925 ], [ 140.368879802000038, -3.469111641999973 ], [ 140.361508630000117, -3.463142655999945 ], [ 140.367721247000077, -3.446016337999936 ], [ 140.360643922, -3.41602434999993 ], [ 140.349078081000016, -3.418450016999941 ], [ 140.356526628000097, -3.409093097999971 ], [ 140.348156864000089, -3.402164544999948 ], [ 140.359624295000117, -3.390895411999963 ], [ 140.349417739000046, -3.381505355999934 ], [ 140.362623983000049, -3.384381106999967 ], [ 140.370328500000028, -3.367160123999952 ], [ 140.36239523200004, -3.369432205999942 ], [ 140.36305659300001, -3.35199506999993 ], [ 140.357307639000055, -3.360389354999938 ], [ 140.343287257000043, -3.358731859999978 ], [ 140.350865195000097, -3.337888711999938 ], [ 140.341774831000066, -3.342361565999965 ], [ 140.343994580000071, -3.33073817199994 ], [ 140.333543105000103, -3.337027147999947 ], [ 140.323669231000054, -3.328838700999938 ], [ 140.313579210000057, -3.292096638999965 ], [ 140.337114620000079, -3.208850436999967 ], [ 140.317787764000059, -3.193730328999948 ], [ 140.324157674000048, -3.179552237999928 ], [ 140.361622478000072, -3.166296749999958 ], [ 140.369711307000102, -3.14623232699995 ], [ 140.407266934000063, -3.133558584999946 ], [ 140.392585151000048, -3.101820467999971 ], [ 140.408309464000013, -3.08250198199994 ], [ 140.390163772000051, -3.055516404999935 ], [ 140.368536636000044, -3.049725738999939 ], [ 140.359148220000066, -3.030808283999932 ], [ 140.372381092000069, -3.012641218999931 ], [ 140.396275762000073, -3.023745449999979 ], [ 140.412230993000094, -3.014116069999943 ], [ 140.40505612000004, -2.990745834999927 ], [ 140.386720738, -2.976050567999948 ], [ 140.382419968000022, -2.942096434999939 ], [ 140.404163953000079, -2.923429071999976 ], [ 140.403763732000016, -2.897635974999957 ], [ 140.389433864000011, -2.86357955699998 ], [ 140.41409747900002, -2.845951387999946 ], [ 140.400314632000118, -2.829365433999953 ], [ 140.374916605000067, -2.817192595999927 ], [ 140.406566674000032, -2.78299760699997 ], [ 140.42785945300011, -2.773181069999964 ], [ 140.448125656000116, -2.777609108999968 ], [ 140.445858138000062, -2.770594480999932 ], [ 140.458928659000094, -2.767752161999965 ], [ 140.468680867000103, -2.752726924999934 ], [ 140.490826454000057, -2.754382799999973 ], [ 140.502052059000107, -2.774008308999953 ], [ 140.519917294000038, -2.771506882999972 ], [ 140.525467310000067, -2.779856729999949 ], [ 140.535542379000049, -2.771972392999942 ], [ 140.550343940000062, -2.77465830999995 ], [ 140.556641726000066, -2.76576764899994 ], [ 140.561440150000067, -2.771769164999967 ], [ 140.562200729000097, -2.763252526999963 ], [ 140.573913803000096, -2.758470958999965 ], [ 140.613631553000118, -2.776137610999967 ], [ 140.623240029000044, -2.771032485999967 ], [ 140.619136931000071, -2.764073499999938 ], [ 140.627330130000018, -2.751555580999934 ], [ 140.633845940000015, -2.760853134999934 ], [ 140.664155461000064, -2.751270942999952 ], [ 140.679406723000056, -2.763808630999961 ], [ 140.700391975000116, -2.755679718999943 ], [ 140.727982366000106, -2.763278233999927 ], [ 140.738990216000047, -2.750285792999932 ], [ 140.758277520000092, -2.754182675999971 ], [ 140.783774401000073, -2.720081168999968 ], [ 140.788249174000043, -2.725421654999934 ], [ 140.800900090000027, -2.719300036999925 ], [ 140.799268508000068, -2.725921081999957 ], [ 140.80740009100009, -2.728000036999958 ], [ 140.824000092000119, -2.710600037999939 ], [ 140.828000092000025, -2.726800036999975 ], [ 140.850590372000056, -2.748547429999974 ], [ 140.904102052000098, -2.764603876999956 ], [ 140.898570598000106, -2.779287529999976 ], [ 140.924417493000078, -2.791274064999925 ], [ 140.944767358000036, -2.789556860999937 ], [ 140.957552323000073, -2.811886982999965 ], [ 140.970102708000013, -2.810266835999926 ], [ 141.00273535700012, -2.839261757999964 ] ] ] } },
{ "type": "Feature", "properties": { "kemendagri_kab_code": 9115, "kemendagri_kab_name": "Kabupaten Waropen", "kemendagri_prov_code": 91, "kemendagri_prov_name": "Papua" }, "geometry": { "type": "MultiPolygon", "coordinates": [ [ [ [ 136.592618582000114, -2.18570785999998 ], [ 136.575794, -2.21937 ], [ 136.581999092000046, -2.237531536999938 ], [ 136.599972433000062, -2.235154174999934 ], [ 136.600333222000017, -2.252886144999934 ], [ 136.625416048000034, -2.247052821999944 ], [ 136.633449622000057, -2.254011465999952 ], [ 136.640805810000074, -2.246310642999958 ], [ 136.65961221800012, -2.260696957999926 ], [ 136.67368285800012, -2.26171818499995 ], [ 136.70592173700004, -2.227924690999942 ], [ 136.749539795000032, -2.252446624999948 ], [ 136.755663350000077, -2.238156157999924 ], [ 136.779735553000023, -2.231605936999927 ], [ 136.793544507000092, -2.211811885999964 ], [ 136.812456089000079, -2.223796716999971 ], [ 136.816752003000033, -2.202476223999952 ], [ 136.837384007000082, -2.228876409999941 ], [ 136.853827509000098, -2.237476713999968 ], [ 136.860091742, -2.28364438899996 ], [ 136.899706236000043, -2.301248394999959 ], [ 136.894731396000111, -2.32413889299994 ], [ 136.915351932000021, -2.321506737999925 ], [ 136.915597542000114, -2.333902487999978 ], [ 136.93771166800002, -2.339926540999954 ], [ 136.93771730900005, -2.349942704999933 ], [ 136.926623481000092, -2.351566652999963 ], [ 136.932452463000118, -2.362148972999933 ], [ 136.916118708000113, -2.356777198999964 ], [ 136.909639070000026, -2.362078334999978 ], [ 136.912991899000076, -2.386348718999955 ], [ 136.948857312000086, -2.397415646999946 ], [ 136.966630520000081, -2.415139438999972 ], [ 136.964104704000079, -2.425291978999951 ], [ 136.984917211000038, -2.418225164999967 ], [ 137.020627810000065, -2.424303560999931 ], [ 137.029597271000057, -2.41707865099994 ], [ 137.041129951000016, -2.443014051999967 ], [ 137.03378586700012, -2.44846148299996 ], [ 137.034970076000036, -2.459866 ], [ 137.040970968000011, -2.456045586999949 ], [ 137.054627628000048, -2.463957659999949 ], [ 137.060354082000117, -2.478171652999947 ], [ 137.07465237200006, -2.486064872999975 ], [ 137.086343414000112, -2.483096822999926 ], [ 137.112170260000084, -2.501121678999937 ], [ 137.120898362000048, -2.537215805999949 ], [ 137.140527134000081, -2.551634006999961 ], [ 137.134982440000044, -2.572028734999947 ], [ 137.142607306000059, -2.587008010999966 ], [ 137.157997284000089, -2.586644372999956 ], [ 137.168194111000048, -2.572283925999955 ], [ 137.189650610000058, -2.563803037999946 ], [ 137.22293950400001, -2.578360381999971 ], [ 137.239657919000024, -2.576657653999973 ], [ 137.267697927000086, -2.631530574999942 ], [ 137.260485062000043, -2.639357923999967 ], [ 137.260416845, -2.685701635999976 ], [ 137.287109851000082, -2.719069777999948 ], [ 137.271242086000029, -2.735424962999957 ], [ 137.28490514300006, -2.756841811999948 ], [ 137.280276678000064, -2.771784665999974 ], [ 137.286786103000054, -2.787522576999947 ], [ 137.279198664000091, -2.805376656999954 ], [ 137.291381227000102, -2.815500480999958 ], [ 137.303774236000095, -2.811900008999942 ], [ 137.308440915000119, -2.836182763999943 ], [ 137.320645085000024, -2.851401775999932 ], [ 137.344734884000104, -2.857151830999953 ], [ 137.352115451000031, -2.879792683999938 ], [ 137.36011170800009, -2.878664038999943 ], [ 137.354732815000034, -2.907391837999967 ], [ 137.369614799000033, -2.912089238999954 ], [ 137.363465726000072, -2.918782634999957 ], [ 137.372892538000087, -2.923044897999944 ], [ 137.364176423000117, -2.93269311499995 ], [ 137.369647586000042, -2.939891166999928 ], [ 137.380386518000023, -2.933808090999946 ], [ 137.373656924000102, -2.952351295999961 ], [ 137.37985027600007, -2.952218476999974 ], [ 137.375236412000049, -2.959529994999968 ], [ 137.389149332000102, -2.97645081099995 ], [ 137.378625329000101, -2.978702319999968 ], [ 137.387946052000075, -2.988152126999978 ], [ 137.393128961000116, -2.980597943999953 ], [ 137.399190256000111, -2.996947098999954 ], [ 137.401983741000095, -2.985979562999944 ], [ 137.423033235000048, -2.995221871999945 ], [ 137.417289579000112, -2.998300915999948 ], [ 137.420517687000029, -3.008661648999976 ], [ 137.432610836000094, -3.008351078999965 ], [ 137.419972091000091, -3.014240078999933 ], [ 137.432154746000037, -3.015413270999943 ], [ 137.439632245000098, -3.025131422999948 ], [ 137.436798686000088, -3.039348900999926 ], [ 137.449181006000117, -3.04025980199998 ], [ 137.456890584000121, -3.050368459999959 ], [ 137.49158052000007, -3.045875519999925 ], [ 137.493463352000049, -3.05517795399993 ], [ 137.50716791800005, -3.052824717999954 ], [ 137.506592814000101, -3.059561185999939 ], [ 137.510839901000054, -3.051679035999939 ], [ 137.517246356000101, -3.063552527999946 ], [ 137.521375545000069, -3.049256994999951 ], [ 137.526036729000111, -3.062655230999951 ], [ 137.542503485000111, -3.048513285999945 ], [ 137.551081356000054, -3.070319391999931 ], [ 137.53128176600012, -3.068165195999939 ], [ 137.522324930000082, -3.081176650999964 ], [ 137.487692439000057, -3.096845514999927 ], [ 137.443563918000109, -3.10749461599994 ], [ 137.426549199000078, -3.104987260999962 ], [ 137.410251011000014, -3.087997685999937 ], [ 137.380260980000116, -3.096724967999933 ], [ 137.359369312000013, -3.068337997999947 ], [ 137.348455518000037, -3.090223090999928 ], [ 137.330158140000094, -3.090409726999951 ], [ 137.316414583000096, -3.102255937999928 ], [ 137.294217637000088, -3.101790323999978 ], [ 137.289896515, -3.113134336999963 ], [ 137.259132732000012, -3.109618849999947 ], [ 137.250986208000086, -3.12310716199994 ], [ 137.233605744000101, -3.115430010999944 ], [ 137.219392939000045, -3.123768562999942 ], [ 137.211350096000047, -3.109791363999932 ], [ 137.196762582000019, -3.121287691999953 ], [ 137.187698964000106, -3.107109927999943 ], [ 137.180752177000045, -3.122636105999959 ], [ 137.161221810000029, -3.132004036999945 ], [ 137.13425996300009, -3.134819543999924 ], [ 137.125215569000034, -3.122938285999965 ], [ 137.106988889000036, -3.137859065999976 ], [ 137.106214030000046, -3.156458274999977 ], [ 137.094637912000053, -3.154661018999946 ], [ 137.08597816200006, -3.162720244999946 ], [ 137.074128631, -3.155450127999927 ], [ 137.068592380000041, -3.160154081999963 ], [ 137.053571090000105, -3.140931870999964 ], [ 137.041382749000036, -3.148717848999979 ], [ 137.026066243000059, -3.141090598999938 ], [ 137.015408172000093, -3.150529887999937 ], [ 136.987333384000067, -3.125042220999944 ], [ 136.985025641000107, -3.133319679999943 ], [ 136.97804923800004, -3.123724147999951 ], [ 136.969250721000094, -3.123485635999941 ], [ 136.966616472000055, -3.13206047999995 ], [ 136.949962181000046, -3.123323360999962 ], [ 136.92281189400012, -3.141935727999964 ], [ 136.92095018100008, -3.161098223999943 ], [ 136.913234138000121, -3.164977990999944 ], [ 136.919118628000092, -3.18826140699997 ], [ 136.906390578000014, -3.20380172299997 ], [ 136.898025149000091, -3.193634093999947 ], [ 136.899488898000072, -3.219674947999977 ], [ 136.886577638000063, -3.223612277999962 ], [ 136.889066747000015, -3.229877699999975 ], [ 136.868571469000017, -3.252711071999954 ], [ 136.851239994000025, -3.253708116999974 ], [ 136.851150645000075, -3.261781461999931 ], [ 136.833547255000099, -3.269328247999965 ], [ 136.828324638000026, -3.281536941999946 ], [ 136.812059315000056, -3.278111408999962 ], [ 136.800614648000078, -3.26585916199997 ], [ 136.787736477000067, -3.265766966999934 ], [ 136.776612690000093, -3.279089226999929 ], [ 136.758101731000011, -3.275573251999958 ], [ 136.741908485000067, -3.262723428999948 ], [ 136.743419192000033, -3.243494020999947 ], [ 136.710585534000074, -3.225916646999963 ], [ 136.665601683000091, -3.22514739099995 ], [ 136.634181773000023, -3.244881460999977 ], [ 136.618105827000022, -3.236278367999944 ], [ 136.56728575000011, -3.253975325999932 ], [ 136.561251920000018, -3.241291355999977 ], [ 136.532653845000027, -3.225759026999981 ], [ 136.51727479200008, -3.184443890999944 ], [ 136.519749021000052, -3.163168043999974 ], [ 136.542576482000072, -3.153299921999974 ], [ 136.558654908000108, -3.112827698999979 ], [ 136.557693394000012, -3.084715769999946 ], [ 136.578972841000109, -3.063833229999943 ], [ 136.572282618000031, -3.046545378999951 ], [ 136.556778940000072, -3.042769980999935 ], [ 136.533268793000047, -3.056704607999961 ], [ 136.463236152000036, -3.062339359999953 ], [ 136.453530884000088, -3.048613786999965 ], [ 136.437283923000109, -3.054845391999947 ], [ 136.420795657000099, -3.033936468999968 ], [ 136.406995239000025, -3.029112861999977 ], [ 136.405503271000043, -3.01470567299998 ], [ 136.388282734000086, -3.009300227999972 ], [ 136.360627776000115, -3.026359022999941 ], [ 136.347620491000043, -3.022514591999936 ], [ 136.33837974000005, -3.028608004999967 ], [ 136.31488497600003, -3.011419368999952 ], [ 136.310570795000103, -3.018272510999964 ], [ 136.311217059000114, -3.001402284999926 ], [ 136.297564798000053, -2.98713361199998 ], [ 136.29726418600012, -2.975094513999977 ], [ 136.319572859000118, -2.936901317999968 ], [ 136.305631759000107, -2.930517354999949 ], [ 136.304161011000019, -2.936259618999941 ], [ 136.301266751000071, -2.930106127999977 ], [ 136.310177449000093, -2.920592891999945 ], [ 136.3014842340001, -2.923629071999926 ], [ 136.299800211000047, -2.911919748999935 ], [ 136.288956367000083, -2.911566858999947 ], [ 136.29700888900004, -2.904249586999924 ], [ 136.28785257800007, -2.899644211999941 ], [ 136.294456615000058, -2.88069480799993 ], [ 136.279187086000093, -2.885547538999958 ], [ 136.280036729000017, -2.871088276999956 ], [ 136.271441079000056, -2.887338942999975 ], [ 136.265466856000103, -2.887121420999961 ], [ 136.273225244000059, -2.877447983999957 ], [ 136.260601677000068, -2.867251779999947 ], [ 136.265059111000028, -2.850499424999953 ], [ 136.253525930000023, -2.856149310999967 ], [ 136.24414579200004, -2.850553794999939 ], [ 136.251389041000039, -2.86216507599994 ], [ 136.242814357000043, -2.861218899999926 ], [ 136.239384398000084, -2.855160344999945 ], [ 136.246796907000089, -2.842076308999935 ], [ 136.238976404000027, -2.835591570999952 ], [ 136.229342348000046, -2.84142511999994 ], [ 136.231044740000016, -2.829216504999977 ], [ 136.222245386000054, -2.833831241999974 ], [ 136.229225507000024, -2.822462328999961 ], [ 136.218821523000088, -2.81747861499997 ], [ 136.217407289000107, -2.806780671999945 ], [ 136.202401481000038, -2.809880260999932 ], [ 136.204756982000049, -2.800728953999965 ], [ 136.188898972000061, -2.798247060999927 ], [ 136.183518761000073, -2.810336962999941 ], [ 136.180704571000092, -2.792581029999951 ], [ 136.163060249000068, -2.799571774999947 ], [ 136.162827245000017, -2.788677353999958 ], [ 136.153716576000079, -2.794113214999925 ], [ 136.146501797000042, -2.783454472999949 ], [ 136.143726555000057, -2.797315742999956 ], [ 136.143234967000012, -2.772896788999958 ], [ 136.088910959000032, -2.779354167999941 ], [ 136.049768825000115, -2.771026053999947 ], [ 136.057664530000011, -2.757222273999957 ], [ 136.044086581000101, -2.743858586999977 ], [ 136.053294042000061, -2.74146032699997 ], [ 136.048000958000102, -2.720454882999945 ], [ 136.01139344000012, -2.705852437999965 ], [ 136.020194416000095, -2.692462600999932 ], [ 136.038724992000084, -2.695767553999929 ], [ 136.05553172000009, -2.679257145999941 ], [ 136.056171864000021, -2.668440578999935 ], [ 136.108051105000072, -2.668848536999974 ], [ 136.126359715000035, -2.661865919999968 ], [ 136.136679163000053, -2.645910675999971 ], [ 136.145559624000043, -2.651438709999979 ], [ 136.172848730000055, -2.63796242199993 ], [ 136.181767188000094, -2.64207307199996 ], [ 136.224298709000095, -2.614261838999937 ], [ 136.271498840000049, -2.535585985999944 ], [ 136.282645848000016, -2.478828209999961 ], [ 136.290403886000036, -2.486075756999981 ], [ 136.295556782000062, -2.488222357999973 ], [ 136.278328810000062, -2.466459350999969 ], [ 136.288566218000028, -2.451458337999952 ], [ 136.295839115000035, -2.410760256999936 ], [ 136.341899267000031, -2.374179785999956 ], [ 136.333598314000028, -2.283678770999927 ], [ 136.339516884000091, -2.26322827599995 ], [ 136.423641247000091, -2.203193227999975 ], [ 136.457738780000113, -2.213467616999935 ], [ 136.517755288000103, -2.191707488999953 ], [ 136.526034862000074, -2.212177977999943 ], [ 136.544222419000107, -2.223907004999944 ], [ 136.570072183000093, -2.195136931999969 ], [ 136.577689818000067, -2.199803903999964 ], [ 136.574677873000041, -2.207824523999932 ], [ 136.579424643000038, -2.203708823999932 ], [ 136.5850697730001, -2.190232438999942 ], [ 136.592618582000114, -2.18570785999998 ] ] ], [ [ [ 136.290217736000045, -2.484060155999941 ], [ 136.286128363000103, -2.48068806699996 ], [ 136.285531540000079, -2.476451066999971 ], [ 136.288159, -2.479422536999948 ], [ 136.290217736000045, -2.484060155999941 ] ] ], [ [ [ 136.649798867000072, -2.250529583999935 ], [ 136.649619962000088, -2.251766792999945 ], [ 136.648246174000064, -2.251099428999964 ], [ 136.649798867000072, -2.250529583999935 ] ] ], [ [ [ 136.252534946000083, -2.233177902999955 ], [ 136.256838869000035, -2.216838265999968 ], [ 136.26919431500005, -2.220989036999924 ], [ 136.266979979000098, -2.228332709999961 ], [ 136.252534946000083, -2.233177902999955 ] ] ], [ [ [ 136.588463840000031, -2.184133269999961 ], [ 136.578063688000043, -2.200839422999934 ], [ 136.57764537200012, -2.198939386999939 ], [ 136.571979087000045, -2.193505268999957 ], [ 136.588463840000031, -2.184133269999961 ] ] ] ] } },
{ "type": "Feature", "properties": { "kemendagri_kab_code": 9119, "kemendagri_kab_name": "Kabupaten Supiori", "kemendagri_prov_code": 91, "kemendagri_prov_name": "Papua" }, "geometry": { "type": "MultiPolygon", "coordinates": [ [ [ [ 135.437075465000021, -0.867309316999979 ], [ 135.439686139000059, -0.866932836999979 ], [ 135.439473434000092, -0.867810603999942 ], [ 135.437075465000021, -0.867309316999979 ] ] ], [ [ [ 135.435374575000083, -0.859692067999958 ], [ 135.435455667000042, -0.859116395999934 ], [ 135.43569165200006, -0.859674932999951 ], [ 135.435374575000083, -0.859692067999958 ] ] ], [ [ [ 135.425185747000114, -0.761191777999954 ], [ 135.425637190000089, -0.760209177999968 ], [ 135.425651012000117, -0.761577406999947 ], [ 135.425185747000114, -0.761191777999954 ] ] ], [ [ [ 135.423329719000094, -0.759335379999925 ], [ 135.424295446000087, -0.758126327999946 ], [ 135.4244294, -0.759306139999978 ], [ 135.423329719000094, -0.759335379999925 ] ] ], [ [ [ 135.421664417000102, -0.756886678999933 ], [ 135.422322749000045, -0.756566167999949 ], [ 135.422065949000057, -0.756966750999936 ], [ 135.421664417000102, -0.756886678999933 ] ] ], [ [ [ 135.408941286000072, -0.738718195999979 ], [ 135.409173283000086, -0.738625991999925 ], [ 135.409185181000112, -0.738715221999939 ], [ 135.408941286000072, -0.738718195999979 ] ] ], [ [ [ 135.39450677800005, -0.726283015999968 ], [ 135.395821224000088, -0.725120874999959 ], [ 135.395974619000071, -0.725645709999981 ], [ 135.39450677800005, -0.726283015999968 ] ] ], [ [ [ 135.384148380000056, -0.701083388999962 ], [ 135.384807941000076, -0.700572415999943 ], [ 135.384817630000043, -0.701340004999963 ], [ 135.384148380000056, -0.701083388999962 ] ] ], [ [ [ 135.413469454000051, -0.650974351999935 ], [ 135.413962640000022, -0.650938701999962 ], [ 135.413582352000049, -0.651229840999974 ], [ 135.413469454000051, -0.650974351999935 ] ] ], [ [ [ 135.414449883000088, -0.650493080999979 ], [ 135.414693505000059, -0.650011810999956 ], [ 135.414794519000111, -0.65043366499998 ], [ 135.414449883000088, -0.650493080999979 ] ] ], [ [ [ 135.366139480000015, -0.650374082999974 ], [ 135.364702573000045, -0.650268861999962 ], [ 135.365144210000039, -0.64926567599997 ], [ 135.366139480000015, -0.650374082999974 ] ] ], [ [ [ 135.415541132000044, -0.649728632999938 ], [ 135.415907742000059, -0.648946936999948 ], [ 135.416301442000076, -0.649761138999963 ], [ 135.415541132000044, -0.649728632999938 ] ] ], [ [ [ 135.424852433000069, -0.649782207999976 ], [ 135.424846915000103, -0.648273159999974 ], [ 135.425418598000078, -0.649532461999968 ], [ 135.424852433000069, -0.649782207999976 ] ] ], [ [ [ 135.429211874000089, -0.64824299299994 ], [ 135.429575524000029, -0.648136043999955 ], [ 135.429290308000077, -0.648585229999981 ], [ 135.429211874000089, -0.64824299299994 ] ] ], [ [ [ 135.430145955000057, -0.648300031999952 ], [ 135.430359867000107, -0.647786676999942 ], [ 135.430573779000042, -0.648328551999953 ], [ 135.430145955000057, -0.648300031999952 ] ] ], [ [ [ 135.361240317000011, -0.644871689999945 ], [ 135.361723896000058, -0.644353146999947 ], [ 135.361975575000088, -0.644907264999972 ], [ 135.361240317000011, -0.644871689999945 ] ] ], [ [ [ 135.359856720000039, -0.637956500999962 ], [ 135.359992197000111, -0.638291607999975 ], [ 135.359756894000043, -0.638263087999974 ], [ 135.359856720000039, -0.637956500999962 ] ] ], [ [ [ 135.375298090000115, -0.626958308999974 ], [ 135.375737798000046, -0.625966054999935 ], [ 135.375809102000062, -0.626970191999931 ], [ 135.375298090000115, -0.626958308999974 ] ] ], [ [ [ 135.269871671000033, -0.392644643999972 ], [ 135.278222662000076, -0.406952113999978 ], [ 135.263055026000075, -0.409594267999978 ], [ 135.262873391000085, -0.402403663999962 ], [ 135.269871671000033, -0.392644643999972 ] ] ], [ [ [ 135.010361596000052, -0.210097719999965 ], [ 135.01044954200006, -0.210028285999954 ], [ 135.01044954200006, -0.210086415999967 ], [ 135.010361596000052, -0.210097719999965 ] ] ], [ [ [ 135.010622104000049, -0.209761708999963 ], [ 135.010691092000116, -0.209661027999971 ], [ 135.010735109000052, -0.209715702999972 ], [ 135.010622104000049, -0.209761708999963 ] ] ], [ [ [ 135.011179906000052, -0.209151556999927 ], [ 135.010806609000042, -0.20944037299995 ], [ 135.011257595000075, -0.20869696099993 ], [ 135.011179906000052, -0.209151556999927 ] ] ], [ [ [ 135.011258244000032, -0.208459110999968 ], [ 135.011430459000053, -0.20816734999994 ], [ 135.011416869000072, -0.208463671999937 ], [ 135.011258244000032, -0.208459110999968 ] ] ], [ [ [ 135.009714286000076, -0.208991753999953 ], [ 135.009730862000083, -0.207413316999975 ], [ 135.00995535800007, -0.205581362999965 ], [ 135.009714286000076, -0.208991753999953 ] ] ], [ [ [ 135.010833096000056, -0.207517792999965 ], [ 135.010861748000025, -0.207358329999977 ], [ 135.010970858000064, -0.207478812999966 ], [ 135.010833096000056, -0.207517792999965 ] ] ], [ [ [ 134.300167054000099, 0.805265270000064 ], [ 134.299758931000042, 0.824714424000035 ], [ 134.30548133700006, 0.844731293000052 ], [ 134.306481781000116, 0.837056750000045 ], [ 134.300167054000099, 0.805265270000064 ] ] ], [ [ [ 134.321868701000085, 0.908415046000073 ], [ 134.321435223000094, 0.90874420900002 ], [ 134.322026340000093, 0.908444790000033 ], [ 134.321868701000085, 0.908415046000073 ] ] ], [ [ [ 134.324619834000032, 0.911064457000066 ], [ 134.324815545000092, 0.910850306000043 ], [ 134.324554399000021, 0.910900869000045 ], [ 134.324619834000032, 0.911064457000066 ] ] ], [ [ [ 134.339242979000119, 0.923264288000041 ], [ 134.336941377000016, 0.915034429000059 ], [ 134.325815191000061, 0.905534322000051 ], [ 134.329683834000093, 0.919252362000066 ], [ 134.339242979000119, 0.923264288000041 ] ] ], [ [ [ 134.309086796000088, 0.926678520000053 ], [ 134.307878029000108, 0.928820035000058 ], [ 134.30704997700002, 0.929886034000049 ], [ 134.308187359000044, 0.929381588000069 ], [ 134.309086796000088, 0.926678520000053 ] ] ], [ [ [ 134.338513531000103, 0.929727699000068 ], [ 134.339502527000036, 0.929508612000063 ], [ 134.338712658000077, 0.928108398000063 ], [ 134.338513531000103, 0.929727699000068 ] ] ], [ [ [ 134.304871025000011, 0.937955420000037 ], [ 134.308208219000107, 0.933612904000029 ], [ 134.30202994900003, 0.935650912000028 ], [ 134.304871025000011, 0.937955420000037 ] ] ], [ [ [ 135.445007890000056, -0.886653768999963 ], [ 135.445219204000068, -0.886045304999925 ], [ 135.445711361, -0.886184885999967 ], [ 135.445007890000056, -0.886653768999963 ] ] ], [ [ [ 135.447496449000027, -0.882516945999953 ], [ 135.444999041000074, -0.875093020999941 ], [ 135.445846151000069, -0.872357191999924 ], [ 135.447496449000027, -0.882516945999953 ] ] ], [ [ [ 135.44488513500005, -0.874110835999943 ], [ 135.445281461000036, -0.873917000999938 ], [ 135.445222037, -0.874156391999975 ], [ 135.44488513500005, -0.874110835999943 ] ] ], [ [ [ 135.442168339000091, -0.870919513999979 ], [ 135.442485339000086, -0.870234571999958 ], [ 135.442799178000087, -0.870809716999929 ], [ 135.442168339000091, -0.870919513999979 ] ] ], [ [ [ 135.470985251000116, -0.819841908999933 ], [ 135.472282208000024, -0.820160778999934 ], [ 135.471394903000032, -0.820681130999958 ], [ 135.470985251000116, -0.819841908999933 ] ] ], [ [ [ 135.463566987000036, -0.78936996799996 ], [ 135.46419448100005, -0.788970924999944 ], [ 135.464128496000058, -0.789613720999967 ], [ 135.463566987000036, -0.78936996799996 ] ] ], [ [ [ 135.450108638000074, -0.780976728999974 ], [ 135.450138381000102, -0.780747705999943 ], [ 135.450260329000116, -0.780979703999947 ], [ 135.450108638000074, -0.780976728999974 ] ] ], [ [ [ 135.446356347000119, -0.77798039299995 ], [ 135.446538376000035, -0.777823348999959 ], [ 135.446581206000019, -0.777994669999941 ], [ 135.446356347000119, -0.77798039299995 ] ] ], [ [ [ 135.441865989, -0.771975719999944 ], [ 135.442125542000099, -0.772419792999926 ], [ 135.441770868000049, -0.772327450999967 ], [ 135.441865989, -0.771975719999944 ] ] ], [ [ [ 135.471513731000073, -0.761208745999966 ], [ 135.472041971000067, -0.761058839999976 ], [ 135.471806404000063, -0.76140862099993 ], [ 135.471513731000073, -0.761208745999966 ] ] ], [ [ [ 135.47110684300003, -0.760090994999928 ], [ 135.470457250000095, -0.759955364999939 ], [ 135.47089269200012, -0.759616886999936 ], [ 135.47110684300003, -0.760090994999928 ] ] ], [ [ [ 135.468837099000098, -0.759656923999955 ], [ 135.469301571000074, -0.759941400999935 ], [ 135.468838548, -0.75992688599996 ], [ 135.468837099000098, -0.759656923999955 ] ] ], [ [ [ 135.469588753000039, -0.758474028999956 ], [ 135.470156663000012, -0.758291896999935 ], [ 135.470084347000011, -0.75858685399993 ], [ 135.469588753000039, -0.758474028999956 ] ] ], [ [ [ 135.468770587000108, -0.758352996999974 ], [ 135.469436437000013, -0.75780655899996 ], [ 135.469313358000022, -0.758403447999967 ], [ 135.468770587000108, -0.758352996999974 ] ] ], [ [ [ 135.47339184000009, -0.752574107999976 ], [ 135.473890694000033, -0.752335303999928 ], [ 135.473739439000042, -0.752751073999946 ], [ 135.47339184000009, -0.752574107999976 ] ] ], [ [ [ 135.473227835000102, -0.751623682999934 ], [ 135.473370602000045, -0.751751578999972 ], [ 135.473257578000016, -0.75177537299993 ], [ 135.473227835000102, -0.751623682999934 ] ] ], [ [ [ 135.466746596, -0.75130833999998 ], [ 135.467654793000065, -0.750583441999936 ], [ 135.467684587, -0.751268341999946 ], [ 135.466746596, -0.75130833999998 ] ] ], [ [ [ 135.472325443000045, -0.750724757999933 ], [ 135.472704991000114, -0.75105560999998 ], [ 135.472468918000118, -0.751088729999935 ], [ 135.472325443000045, -0.750724757999933 ] ] ], [ [ [ 135.473361842000031, -0.750414694999961 ], [ 135.472693942000092, -0.749765645999958 ], [ 135.473249309000039, -0.749623773999929 ], [ 135.473361842000031, -0.750414694999961 ] ] ], [ [ [ 135.466659557000071, -0.750229919999924 ], [ 135.467542768000044, -0.749738238999953 ], [ 135.467636232000018, -0.750131501999931 ], [ 135.466659557000071, -0.750229919999924 ] ] ], [ [ [ 135.473476154000082, -0.749617416999968 ], [ 135.47367456500001, -0.748783714999945 ], [ 135.473947822000014, -0.749217714999929 ], [ 135.473476154000082, -0.749617416999968 ] ] ], [ [ [ 135.473950708000075, -0.744693352999946 ], [ 135.474254613000085, -0.743882256999939 ], [ 135.47474404400009, -0.744616140999938 ], [ 135.473950708000075, -0.744693352999946 ] ] ], [ [ [ 135.473394865000046, -0.743474616999947 ], [ 135.471906997000019, -0.743111539999973 ], [ 135.473051209000118, -0.742342648999966 ], [ 135.473394865000046, -0.743474616999947 ] ] ], [ [ [ 135.441103340000041, -0.665955448999966 ], [ 135.441431338000029, -0.665427835999935 ], [ 135.441497889000061, -0.665903162999939 ], [ 135.441103340000041, -0.665955448999966 ] ] ], [ [ [ 135.442670809000106, -0.662933330999977 ], [ 135.443012287000101, -0.662583858999938 ], [ 135.443072981000114, -0.662942341999951 ], [ 135.442670809000106, -0.662933330999977 ] ] ], [ [ [ 135.442913180000119, -0.662416614999927 ], [ 135.443427523000082, -0.661853616999963 ], [ 135.443457449000107, -0.662347808999925 ], [ 135.442913180000119, -0.662416614999927 ] ] ], [ [ [ 135.444372098000031, -0.662433002999933 ], [ 135.444291130000011, -0.661486465999928 ], [ 135.444931120000092, -0.662172193999936 ], [ 135.444372098000031, -0.662433002999933 ] ] ], [ [ [ 135.447984240000096, -0.654836460999945 ], [ 135.44717528000001, -0.653417959999956 ], [ 135.447998471000119, -0.653157331999978 ], [ 135.447984240000096, -0.654836460999945 ] ] ], [ [ [ 135.438318276000018, -0.642065493999951 ], [ 135.438526245000048, -0.642267508999964 ], [ 135.438324218000048, -0.642309100999967 ], [ 135.438318276000018, -0.642065493999951 ] ] ], [ [ [ 135.44436728200003, -0.642052980999949 ], [ 135.444763207000051, -0.641338230999963 ], [ 135.444886832000066, -0.641954548999934 ], [ 135.44436728200003, -0.642052980999949 ] ] ], [ [ [ 135.446057096000118, -0.635921611999947 ], [ 135.445638011000028, -0.635138172999973 ], [ 135.446492050000074, -0.635579374999963 ], [ 135.446057096000118, -0.635921611999947 ] ] ], [ [ [ 135.446951960000092, -0.63448492699996 ], [ 135.446442137000076, -0.633675676999928 ], [ 135.446674317000088, -0.633611866999956 ], [ 135.446951960000092, -0.63448492699996 ] ] ], [ [ [ 135.497150871000031, -0.839070318999973 ], [ 135.498967311000115, -0.838039412999933 ], [ 135.499112641000011, -0.83807264099994 ], [ 135.497150871000031, -0.839070318999973 ] ] ], [ [ [ 135.495031035000011, -0.834301767999932 ], [ 135.495545237000101, -0.833508510999934 ], [ 135.49551701300004, -0.834201963999931 ], [ 135.495031035000011, -0.834301767999932 ] ] ], [ [ [ 135.49073911000005, -0.827579855999943 ], [ 135.490855934000024, -0.82602400899998 ], [ 135.491962827000066, -0.827074177999975 ], [ 135.49073911000005, -0.827579855999943 ] ] ], [ [ [ 135.499164526000072, -0.827286156999946 ], [ 135.50005413800011, -0.826216694999971 ], [ 135.499984145000099, -0.827079781999942 ], [ 135.499164526000072, -0.827286156999946 ] ] ], [ [ [ 135.495574961000102, -0.827110645999937 ], [ 135.493096168000079, -0.826574716999971 ], [ 135.495122610000067, -0.825654142999952 ], [ 135.495574961000102, -0.827110645999937 ] ] ], [ [ [ 135.491463471000088, -0.825748317999967 ], [ 135.492137158000105, -0.824981322999975 ], [ 135.492405881000082, -0.825726034999946 ], [ 135.491463471000088, -0.825748317999967 ] ] ], [ [ [ 135.494930024000041, -0.82509943499997 ], [ 135.495436420000033, -0.824773074999939 ], [ 135.495368219000056, -0.825244248999979 ], [ 135.494930024000041, -0.82509943499997 ] ] ], [ [ [ 135.496282615000041, -0.824170505999973 ], [ 135.49559733000001, -0.820686974999944 ], [ 135.496920310000064, -0.821010581999928 ], [ 135.497396203000108, -0.821886222999979 ], [ 135.499204593000059, -0.821419848999938 ], [ 135.498757254000111, -0.823580399999969 ], [ 135.496282615000041, -0.824170505999973 ] ] ], [ [ [ 135.496183717, -0.817340076999926 ], [ 135.49623552200012, -0.81765620699997 ], [ 135.495890414000087, -0.817694463999942 ], [ 135.496183717, -0.817340076999926 ] ] ], [ [ [ 135.476372455000046, -0.816227830999935 ], [ 135.476490825000042, -0.815680021999924 ], [ 135.476850596000077, -0.816354114999967 ], [ 135.476372455000046, -0.816227830999935 ] ] ], [ [ [ 135.478082123000036, -0.810017807999941 ], [ 135.478993665000075, -0.809659728999975 ], [ 135.478881579000017, -0.810155452999936 ], [ 135.478082123000036, -0.810017807999941 ] ] ], [ [ [ 135.47617066600003, -0.801300570999956 ], [ 135.476638504000107, -0.800785968999946 ], [ 135.476941327000077, -0.801300480999942 ], [ 135.47617066600003, -0.801300570999956 ] ] ], [ [ [ 135.477714728000024, -0.800820918999932 ], [ 135.477782583000021, -0.800048298999968 ], [ 135.478172630000017, -0.80003052099994 ], [ 135.477714728000024, -0.800820918999932 ] ] ], [ [ [ 135.478417258000036, -0.800211485999966 ], [ 135.478814574000012, -0.80049026699993 ], [ 135.47839684500002, -0.800497915999927 ], [ 135.478417258000036, -0.800211485999966 ] ] ], [ [ [ 135.478107002000115, -0.779254356999957 ], [ 135.478246201000047, -0.778315658999929 ], [ 135.478542444000027, -0.778868883999962 ], [ 135.478107002000115, -0.779254356999957 ] ] ], [ [ [ 135.478840914000102, -0.779029609999952 ], [ 135.479656114000022, -0.777938993999953 ], [ 135.479509041000028, -0.779158723999956 ], [ 135.478840914000102, -0.779029609999952 ] ] ], [ [ [ 135.476942327000074, -0.778134527999953 ], [ 135.477923178000083, -0.777418636999926 ], [ 135.477715655000111, -0.778144888999975 ], [ 135.476942327000074, -0.778134527999953 ] ] ], [ [ [ 135.479603213000019, -0.777758240999958 ], [ 135.480356201000063, -0.777282708999962 ], [ 135.480323235000014, -0.777831302999971 ], [ 135.479603213000019, -0.777758240999958 ] ] ], [ [ [ 135.48086433800006, -0.776787762999959 ], [ 135.481536241000072, -0.776928275999978 ], [ 135.480947406000041, -0.77701193799993 ], [ 135.48086433800006, -0.776787762999959 ] ] ], [ [ [ 135.475713479000092, -0.777035135999938 ], [ 135.474940154000024, -0.776660370999934 ], [ 135.475314919000084, -0.776389707999954 ], [ 135.475713479000092, -0.777035135999938 ] ] ], [ [ [ 135.47656719400004, -0.776819866999972 ], [ 135.475678465000101, -0.776138150999941 ], [ 135.476445842000089, -0.775759816999937 ], [ 135.47656719400004, -0.776819866999972 ] ] ], [ [ [ 135.479112273000055, -0.777019592999977 ], [ 135.478449758000011, -0.77544224899998 ], [ 135.479385682000043, -0.775362361999953 ], [ 135.479112273000055, -0.777019592999977 ] ] ], [ [ [ 135.481218802000058, -0.775659640999947 ], [ 135.479517488000056, -0.775409797999941 ], [ 135.480219429000044, -0.774458013999947 ], [ 135.481218802000058, -0.775659640999947 ] ] ], [ [ [ 135.47740809600009, -0.77298512699997 ], [ 135.475257063000072, -0.773984500999973 ], [ 135.476970275000099, -0.772794769999962 ], [ 135.47740809600009, -0.77298512699997 ] ] ], [ [ [ 135.476760882, -0.770824576999928 ], [ 135.480092128000024, -0.772756698999956 ], [ 135.479549611000039, -0.77482207099996 ], [ 135.476760882, -0.770824576999928 ] ] ], [ [ [ 135.474497837000058, -0.755351700999938 ], [ 135.474992900000075, -0.754964543999961 ], [ 135.475038241000107, -0.755385042999933 ], [ 135.474497837000058, -0.755351700999938 ] ] ], [ [ [ 135.475309474000028, -0.754708280999978 ], [ 135.475900834000072, -0.754724047999957 ], [ 135.475381854000034, -0.755012251999972 ], [ 135.475309474000028, -0.754708280999978 ] ] ], [ [ [ 135.474725562000117, -0.750104008999926 ], [ 135.474389385000109, -0.749581128999978 ], [ 135.474738099000092, -0.749684226999932 ], [ 135.474725562000117, -0.750104008999926 ] ] ], [ [ [ 135.480119369000022, -0.749647981999942 ], [ 135.480462536000118, -0.749324514999955 ], [ 135.480455269000117, -0.749686168999972 ], [ 135.480119369000022, -0.749647981999942 ] ] ], [ [ [ 135.479295840000077, -0.748937884999975 ], [ 135.479668963000108, -0.748290984999926 ], [ 135.479980434000026, -0.748893026999951 ], [ 135.479295840000077, -0.748937884999975 ] ] ], [ [ [ 135.499746161000076, -0.638259149999953 ], [ 135.501065144000108, -0.632877918999952 ], [ 135.503060375000018, -0.634227303999978 ], [ 135.499746161000076, -0.638259149999953 ] ] ], [ [ [ 135.488664223000114, -0.631032061999974 ], [ 135.483530984000026, -0.634701094999969 ], [ 135.481412915000078, -0.62912066399997 ], [ 135.488664223000114, -0.631032061999974 ] ] ], [ [ [ 135.490378880000094, -0.928961714999957 ], [ 135.512910415000079, -0.961674904999938 ], [ 135.509179621000044, -0.967572616999973 ], [ 135.492773118000059, -0.964034784999967 ], [ 135.490378880000094, -0.928961714999957 ] ] ], [ [ [ 135.627734315000112, -0.875352075999956 ], [ 135.628718309000078, -0.874731803999964 ], [ 135.628511528000104, -0.875687164999931 ], [ 135.627734315000112, -0.875352075999956 ] ] ], [ [ [ 135.541256623000095, -0.875241743999936 ], [ 135.54073746500012, -0.872405945999958 ], [ 135.542014800000061, -0.875249666999935 ], [ 135.541256623000095, -0.875241743999936 ] ] ], [ [ [ 135.535129055000084, -0.868738462999943 ], [ 135.536051672000099, -0.867913201999954 ], [ 135.53551738900012, -0.869302933999961 ], [ 135.535129055000084, -0.868738462999943 ] ] ], [ [ [ 135.529257067000117, -0.862192058999938 ], [ 135.528910095000015, -0.867475861999935 ], [ 135.525345737000066, -0.864635921999934 ], [ 135.529257067000117, -0.862192058999938 ] ] ], [ [ [ 135.521231821000015, -0.821287527999971 ], [ 135.543709949000117, -0.841412022999975 ], [ 135.539669924, -0.87188612999995 ], [ 135.529750559000036, -0.854978703999961 ], [ 135.51556672300012, -0.854612834999955 ], [ 135.507897052000089, -0.845370789999947 ], [ 135.51001976200007, -0.827295170999946 ], [ 135.512831052000024, -0.826824320999947 ], [ 135.515415512000118, -0.823449841999945 ], [ 135.519253537000054, -0.823019213999942 ], [ 135.521231821000015, -0.821287527999971 ] ] ], [ [ [ 135.589112105000027, -0.839894596999955 ], [ 135.590079213000081, -0.841163319999964 ], [ 135.588949572000047, -0.840560756999935 ], [ 135.589112105000027, -0.839894596999955 ] ] ], [ [ [ 135.50813929100002, -0.830538803999957 ], [ 135.500808026000072, -0.832467830999974 ], [ 135.504754714000114, -0.828109593999955 ], [ 135.50813929100002, -0.830538803999957 ] ] ], [ [ [ 135.523793626000042, -0.808527683999955 ], [ 135.524040298000045, -0.807884090999949 ], [ 135.52435438800012, -0.808188894999944 ], [ 135.523793626000042, -0.808527683999955 ] ] ], [ [ [ 135.514325828000096, -0.791400993999957 ], [ 135.523505521000061, -0.806696363999947 ], [ 135.520702580000034, -0.821379287999946 ], [ 135.500086558000021, -0.824947991999977 ], [ 135.498838156000033, -0.819546023999976 ], [ 135.493764724000016, -0.81820511199993 ], [ 135.496545331000107, -0.817641141999957 ], [ 135.500737756000035, -0.811195778999945 ], [ 135.501503435000018, -0.790316985999937 ], [ 135.514325828000096, -0.791400993999957 ] ] ], [ [ [ 135.528559918000042, -0.805949127999952 ], [ 135.528868716000034, -0.808705281999949 ], [ 135.525186255000108, -0.807678757999952 ], [ 135.528559918000042, -0.805949127999952 ] ] ], [ [ [ 135.704960607000089, -0.808097626999938 ], [ 135.706044427000052, -0.806015758999933 ], [ 135.706472250000047, -0.807912254999962 ], [ 135.704960607000089, -0.808097626999938 ] ] ], [ [ [ 135.540729117000069, -0.801336391999939 ], [ 135.541649820000089, -0.803920061999975 ], [ 135.540029139000012, -0.804215567999961 ], [ 135.540729117000069, -0.801336391999939 ] ] ], [ [ [ 135.528619623000054, -0.803111529999967 ], [ 135.527853760000085, -0.801934807999942 ], [ 135.528830882000079, -0.802171347999945 ], [ 135.528619623000054, -0.803111529999967 ] ] ], [ [ [ 135.522375041000032, -0.801891736999949 ], [ 135.523862278000024, -0.798710215999961 ], [ 135.524175887000069, -0.802027643999963 ], [ 135.522375041000032, -0.801891736999949 ] ] ], [ [ [ 135.520627602000104, -0.798011954999936 ], [ 135.522035304000042, -0.795250799999963 ], [ 135.522651541000073, -0.796970793999947 ], [ 135.520627602000104, -0.798011954999936 ] ] ], [ [ [ 135.516463393000095, -0.787006887999951 ], [ 135.517281817000026, -0.785933096999941 ], [ 135.517405982000014, -0.787076684999931 ], [ 135.516463393000095, -0.787006887999951 ] ] ], [ [ [ 135.726777390000052, -0.775949981999929 ], [ 135.724896591000061, -0.777392637999981 ], [ 135.724870874000089, -0.776673448999929 ], [ 135.726777390000052, -0.775949981999929 ] ] ], [ [ [ 135.787642044000108, -0.729133927999953 ], [ 135.770758121000085, -0.742515 ], [ 135.782698432000075, -0.754862873999969 ], [ 135.782267850000039, -0.768153631999951 ], [ 135.763917503000016, -0.76981193499995 ], [ 135.736350884000103, -0.806208140999956 ], [ 135.727289897000105, -0.800992361999931 ], [ 135.710414759000059, -0.805608516999939 ], [ 135.709077531000048, -0.799906564999958 ], [ 135.723587455000029, -0.793606514999965 ], [ 135.722850835000031, -0.785177050999948 ], [ 135.729726465000113, -0.776226931999929 ], [ 135.727394211000046, -0.774055995999959 ], [ 135.730525379000028, -0.763875389999953 ], [ 135.731171961000086, -0.759388910999974 ], [ 135.730484907000118, -0.758773970999925 ], [ 135.731752902000039, -0.757457209999927 ], [ 135.731451965000019, -0.755116735999934 ], [ 135.732243782000069, -0.753989482999941 ], [ 135.732150187000116, -0.75292514399996 ], [ 135.73300791500003, -0.752835238999978 ], [ 135.734887517000061, -0.75127510599998 ], [ 135.737223940000035, -0.75062167599998 ], [ 135.739217683000106, -0.748492504999945 ], [ 135.740224049000062, -0.74850515299994 ], [ 135.749716220000096, -0.73928211499998 ], [ 135.764878146000115, -0.738982302999943 ], [ 135.766761675000112, -0.727473748999955 ], [ 135.791557493000028, -0.71448070799994 ], [ 135.787642044000108, -0.729133927999953 ] ] ], [ [ [ 135.39424443300004, -0.622282831999939 ], [ 135.399563705000105, -0.635302143999979 ], [ 135.410487465000074, -0.650032605999968 ], [ 135.41733264100003, -0.653668870999979 ], [ 135.448116001000017, -0.641460514999949 ], [ 135.438870339000118, -0.66745272999998 ], [ 135.442193102000033, -0.665777200999969 ], [ 135.446421226000098, -0.660795767999957 ], [ 135.446078342000078, -0.65519483099996 ], [ 135.449817114000098, -0.655245229999935 ], [ 135.45990689700011, -0.645602457999928 ], [ 135.48266043700005, -0.66215449699996 ], [ 135.495690331000105, -0.652032167999948 ], [ 135.511984255000016, -0.662595296999939 ], [ 135.525443038000049, -0.661569993999933 ], [ 135.534315523000032, -0.67417579399995 ], [ 135.550644940000097, -0.657924470999944 ], [ 135.593631090000031, -0.664518950999934 ], [ 135.594652125000039, -0.70231279099994 ], [ 135.619120478000013, -0.669632698999976 ], [ 135.629394089000016, -0.673523891999935 ], [ 135.645027420000019, -0.663346160999936 ], [ 135.677822914000103, -0.688132890999952 ], [ 135.68498296000007, -0.719814312999972 ], [ 135.695668740000087, -0.722974706999935 ], [ 135.703344835000053, -0.712133638999944 ], [ 135.719021247000114, -0.708910049999929 ], [ 135.747477940000067, -0.739647599999955 ], [ 135.731944366000107, -0.752836459999969 ], [ 135.720407879000049, -0.78427718699993 ], [ 135.69871588, -0.802490416999945 ], [ 135.683803610000041, -0.839873638999961 ], [ 135.642528352000113, -0.886857059999954 ], [ 135.594960862000107, -0.839226132999954 ], [ 135.572259870000039, -0.829593570999975 ], [ 135.530732528000044, -0.782769148999932 ], [ 135.485929347000024, -0.768986520999931 ], [ 135.485310918000096, -0.746535980999965 ], [ 135.471430584000018, -0.739708587999928 ], [ 135.470163536000086, -0.741086127999949 ], [ 135.472979500000065, -0.745804508999925 ], [ 135.466938504000041, -0.74514206799995 ], [ 135.465767332000041, -0.758317700999953 ], [ 135.475036128000056, -0.76532397099993 ], [ 135.474562260000084, -0.776735157999951 ], [ 135.491431170000055, -0.79234949399995 ], [ 135.499393522000105, -0.811826473999929 ], [ 135.493280275000075, -0.81815946699993 ], [ 135.482945698000094, -0.814679773999956 ], [ 135.488855020000074, -0.804726780999943 ], [ 135.469866032000027, -0.79624789099995 ], [ 135.461902293000094, -0.783701103999931 ], [ 135.427512083000011, -0.762232824999955 ], [ 135.416644783000038, -0.742415819999962 ], [ 135.411375017000069, -0.746346360999951 ], [ 135.411012638000102, -0.739402094999946 ], [ 135.403523091000011, -0.727003627999977 ], [ 135.393765124000083, -0.722792677999962 ], [ 135.384714844000086, -0.699793996999972 ], [ 135.393923358000052, -0.692355801999952 ], [ 135.387441371000023, -0.676265127999955 ], [ 135.372365424, -0.666218713999967 ], [ 135.360574722000024, -0.635587341999951 ], [ 135.375291851000043, -0.628157924999925 ], [ 135.37811548600007, -0.622382651999942 ], [ 135.39424443300004, -0.622282831999939 ] ] ], [ [ [ 135.760586869, -0.734634144999973 ], [ 135.761032104000037, -0.733775375999926 ], [ 135.761043601000097, -0.734805045999963 ], [ 135.760586869, -0.734634144999973 ] ] ], [ [ [ 135.76271508800005, -0.730610768999952 ], [ 135.76332651600012, -0.730458682999938 ], [ 135.763285078000081, -0.730933630999971 ], [ 135.76271508800005, -0.730610768999952 ] ] ], [ [ [ 135.594611519000068, -0.664954915999942 ], [ 135.594795487000056, -0.664641420999942 ], [ 135.594927981000069, -0.66509634199997 ], [ 135.594611519000068, -0.664954915999942 ] ] ], [ [ [ 135.590010584000083, -0.661449484999935 ], [ 135.589293295000061, -0.660285018999957 ], [ 135.590388298000107, -0.660888654999951 ], [ 135.590010584000083, -0.661449484999935 ] ] ], [ [ [ 135.512351946000081, -0.660767302999943 ], [ 135.512548031000051, -0.66097525899994 ], [ 135.512393540000062, -0.660963375999927 ], [ 135.512351946000081, -0.660767302999943 ] ] ], [ [ [ 135.519348219000108, -0.654766851999966 ], [ 135.520030287000054, -0.654359669999963 ], [ 135.519995282000082, -0.654791211999964 ], [ 135.519348219000108, -0.654766851999966 ] ] ], [ [ [ 135.519993390000081, -0.653605186999926 ], [ 135.519955609000021, -0.653257788999952 ], [ 135.520117390000109, -0.653411116999962 ], [ 135.519993390000081, -0.653605186999926 ] ] ], [ [ [ 135.519759046000104, -0.653258966999942 ], [ 135.519862129000103, -0.652847773999952 ], [ 135.519852057000094, -0.65322129499998 ], [ 135.519759046000104, -0.653258966999942 ] ] ], [ [ [ 135.533925509000028, -0.649750532999974 ], [ 135.524000003000083, -0.650991140999963 ], [ 135.525413192000087, -0.642400949999967 ], [ 135.533925509000028, -0.649750532999974 ] ] ] ] } },
{ "type": "Feature", "properties": { "kemendagri_kab_code": 9120, "kemendagri_kab_name": "Kabupaten Mamberamo Raya", "kemendagri_prov_code": 91, "kemendagri_prov_name": "Papua" }, "geometry": { "type": "MultiPolygon", "coordinates": [ [ [ [ 136.910050446000014, -2.177551448999964 ], [ 136.908272602000011, -2.17659191599995 ], [ 136.909678039000028, -2.176947435999978 ], [ 136.910050446000014, -2.177551448999964 ] ] ], [ [ [ 137.176081096000075, -2.00522258999996 ], [ 137.196297891000086, -2.013313035999943 ], [ 137.197237002000065, -2.01995278499993 ], [ 137.175853467000024, -2.012612116999946 ], [ 137.176081096000075, -2.00522258999996 ] ] ], [ [ [ 137.176335039000037, -1.980160971999965 ], [ 137.183700357000021, -1.982329169999957 ], [ 137.182158040000104, -1.984260148999965 ], [ 137.176335039000037, -1.980160971999965 ] ] ], [ [ [ 137.192348627000115, -1.975473743999942 ], [ 137.192897999000024, -1.980407139999954 ], [ 137.19014771600007, -1.977512175999948 ], [ 137.192348627000115, -1.975473743999942 ] ] ], [ [ [ 137.193143560000067, -1.964616813999953 ], [ 137.186283502000038, -1.969922716999974 ], [ 137.189160215000015, -1.958569595999961 ], [ 137.193143560000067, -1.964616813999953 ] ] ], [ [ [ 137.091021616000035, -1.857864340999924 ], [ 137.111719313000094, -1.876471464999952 ], [ 137.093436612000119, -1.895647246999943 ], [ 137.087499858000115, -1.886931226999934 ], [ 137.091021616000035, -1.857864340999924 ] ] ], [ [ [ 137.933645174000048, -1.461611301999937 ], [ 137.968155042000035, -1.531389981999951 ], [ 137.950249440000107, -1.520156176999933 ], [ 137.950133659000016, -1.536023956999941 ], [ 137.966289168000117, -1.544258239999976 ], [ 137.978869939000106, -1.530519410999943 ], [ 137.987768761000098, -1.531798133999928 ], [ 138.052867407, -1.592522250999934 ], [ 138.09680357600007, -1.614733945999944 ], [ 138.147241969000106, -1.627649786999939 ], [ 138.16407012600007, -1.644654094999964 ], [ 138.163340952000112, -1.683223625999972 ], [ 138.170610244000045, -1.691932172999941 ], [ 138.162214198000015, -1.689339059999952 ], [ 138.159732689000066, -1.702428680999958 ], [ 138.174166760000048, -1.71346288899997 ], [ 138.164864428000101, -1.721426927999971 ], [ 138.174855821000051, -1.743525881999972 ], [ 138.154635149000114, -1.771699965999971 ], [ 138.156057310000051, -1.783178005999957 ], [ 138.166331952000064, -1.786105762999966 ], [ 138.155792008000049, -1.78807842599997 ], [ 138.158465049000029, -1.808142617999977 ], [ 138.14079674200002, -1.80777375599996 ], [ 138.136539182000092, -1.81825000799995 ], [ 138.146369072000084, -1.827342982999937 ], [ 138.153222977000041, -1.820312624999929 ], [ 138.159608628000115, -1.834808687999953 ], [ 138.155669701000079, -1.848486143999935 ], [ 138.145482987000037, -1.849800450999965 ], [ 138.156356426000116, -1.85903885099998 ], [ 138.147759148000091, -1.85833119199998 ], [ 138.145025953000072, -1.872144951999928 ], [ 138.160568509000086, -1.873668088999977 ], [ 138.148037257000055, -1.890390098999944 ], [ 138.162029454000049, -1.888919791999967 ], [ 138.162073220000025, -1.895142399999941 ], [ 138.15153220600007, -1.894933067999943 ], [ 138.153763814000058, -1.903868849999981 ], [ 138.162927876000026, -1.89943491899993 ], [ 138.171166277000111, -1.907975552999972 ], [ 138.166498622000063, -1.913463665999927 ], [ 138.154971316000115, -1.908335781999938 ], [ 138.149732964, -1.919811868999943 ], [ 138.15741597300007, -1.910164426999927 ], [ 138.165567260000103, -1.916436171999976 ], [ 138.169573054000011, -1.927774142999965 ], [ 138.160963064000043, -1.929083778999939 ], [ 138.163665616000117, -1.935526422999942 ], [ 138.188994488000048, -1.913848872999949 ], [ 138.186235760000045, -1.944860131999974 ], [ 138.19351033800001, -1.93737446199998 ], [ 138.216962787000057, -1.946733415999972 ], [ 138.219357131000038, -1.937760688999958 ], [ 138.228365845000098, -1.941734402999941 ], [ 138.22529497700009, -1.947626189999937 ], [ 138.236232114000018, -1.961608106999961 ], [ 138.231041314000095, -1.972141530999977 ], [ 138.242509499000107, -1.976047327999936 ], [ 138.232291248000024, -1.978779328999963 ], [ 138.23859604300003, -1.990982867999946 ], [ 138.250797548000037, -1.984113049999962 ], [ 138.24574425600008, -1.995671561999927 ], [ 138.252527477000058, -1.999314821999974 ], [ 138.25865805, -1.989332213999944 ], [ 138.256200040000067, -1.99820725099994 ], [ 138.262445121000042, -2.000000015999944 ], [ 138.257166101000053, -2.01798841599998 ], [ 138.262513376000015, -2.026238491999948 ], [ 138.253858832000105, -2.024849572999926 ], [ 138.248536445000013, -2.035229695999931 ], [ 138.261627513, -2.036427057999958 ], [ 138.253894270000046, -2.045324652999966 ], [ 138.262407924000058, -2.042735659999948 ], [ 138.268277081000065, -2.05220793899997 ], [ 138.288642568000114, -2.045348163999961 ], [ 138.282668608000108, -2.05440051599993 ], [ 138.287509019000026, -2.065226105999955 ], [ 138.293042545000048, -2.05606709999995 ], [ 138.310533494000083, -2.069756597999969 ], [ 138.292834884000058, -2.081674448999934 ], [ 138.306286869000019, -2.084301110999945 ], [ 138.294441153000093, -2.126800285999934 ], [ 138.302709906000018, -2.149956839999959 ], [ 138.299165333000019, -2.16811420099998 ], [ 138.330784907000066, -2.192912175999936 ], [ 138.345916878000025, -2.168940937999935 ], [ 138.349145055, -2.178376606999961 ], [ 138.35561524100001, -2.169694457999981 ], [ 138.357857448000118, -2.180650077999928 ], [ 138.365073984000105, -2.17540519299996 ], [ 138.372829131000117, -2.188862030999928 ], [ 138.369830402000048, -2.175988195999935 ], [ 138.377862821, -2.185219746999962 ], [ 138.38336313700006, -2.178023230999941 ], [ 138.39442985900007, -2.192076328999974 ], [ 138.398754723000025, -2.180223946999945 ], [ 138.411120508000067, -2.185144856999955 ], [ 138.392680705000089, -2.200252877999958 ], [ 138.366433974000074, -2.197266699999943 ], [ 138.343625901000109, -2.209508258999961 ], [ 138.371196734000023, -2.214965535999966 ], [ 138.373061654000026, -2.225638536999952 ], [ 138.390900402000057, -2.207073867999952 ], [ 138.403079460000072, -2.208865859999946 ], [ 138.402750415000014, -2.200074355999959 ], [ 138.408685197000068, -2.214937541999973 ], [ 138.441068058000042, -2.222929963999945 ], [ 138.438077166000085, -2.243253019999941 ], [ 138.4686323520001, -2.284990543999925 ], [ 138.465669133000119, -2.321278573999962 ], [ 138.446454410000115, -2.330977118999954 ], [ 138.447360152000101, -2.350098761999959 ], [ 138.437024990000054, -2.338096634999943 ], [ 138.437030352000079, -2.345926537999958 ], [ 138.420994461000078, -2.344786427999964 ], [ 138.421825929000079, -2.356417474999944 ], [ 138.399879059000114, -2.357804972999929 ], [ 138.400875167000095, -2.364876323999965 ], [ 138.392550330000063, -2.366935786999932 ], [ 138.39558123200004, -2.380582892999939 ], [ 138.382577893000075, -2.390171799999962 ], [ 138.420651597000074, -2.43018514399995 ], [ 138.413933738000082, -2.455920589999948 ], [ 138.43653804500002, -2.522809666999933 ], [ 138.447898668000107, -2.531508244999941 ], [ 138.45978841100009, -2.526925740999957 ], [ 138.538860857000032, -2.543180592999931 ], [ 138.563690726000118, -2.520540597999968 ], [ 138.584340536000013, -2.52105028099993 ], [ 138.595174472000053, -2.487481558999946 ], [ 138.623957652000058, -2.478356185999928 ], [ 138.634343903000058, -2.500480492999941 ], [ 138.659795638000105, -2.512635160999935 ], [ 138.664225496000086, -2.506192294999948 ], [ 138.684912252000117, -2.519029183999976 ], [ 138.693547504000094, -2.515940179999973 ], [ 138.717530379000095, -2.531889701999944 ], [ 138.749026309000101, -2.524826025999971 ], [ 138.769098005000046, -2.529223783999953 ], [ 138.78793164800004, -2.520531333999941 ], [ 138.812840778, -2.538876984999945 ], [ 138.872295557000029, -2.546520532999978 ], [ 138.901606522000066, -2.562370165999937 ], [ 138.906523254000035, -2.57643625299994 ], [ 138.949037507000071, -2.57810292399995 ], [ 138.975460937000094, -2.598861664999959 ], [ 138.997402218000047, -2.591333368999926 ], [ 139.030703018000054, -2.612499884999977 ], [ 139.050997253000105, -2.595539899999949 ], [ 139.075330128000019, -2.599419252999951 ], [ 139.086638254000036, -2.615575743999955 ], [ 139.116779283000028, -2.623996381999973 ], [ 139.129281210000045, -2.652701803999946 ], [ 139.195688604000111, -2.62944366399995 ], [ 139.23329586400007, -2.63014482899996 ], [ 139.227640354000073, -2.660213235999947 ], [ 139.233071851000091, -2.691311643999938 ], [ 139.218487777000064, -2.698879533999957 ], [ 139.211008730000117, -2.753838456999972 ], [ 139.170790857000043, -2.771228917999963 ], [ 139.177158322000082, -2.786182443999962 ], [ 139.170028640000055, -2.790933158999962 ], [ 139.185093094000081, -2.794786766999948 ], [ 139.188182374000121, -2.805135640999936 ], [ 139.171931186000052, -2.813979920999941 ], [ 139.17973320100009, -2.81789142699995 ], [ 139.17250995400002, -2.82799971399993 ], [ 139.150811005000037, -2.82276139399994 ], [ 139.13690030600003, -2.835730400999978 ], [ 139.142924661000052, -2.847086813999965 ], [ 139.11771232600006, -2.854739906999953 ], [ 139.106520865000107, -2.882170931999951 ], [ 139.117858101000024, -2.908778168999959 ], [ 139.102594057000033, -2.924721032999969 ], [ 139.11449575600011, -2.924615804999974 ], [ 139.11483613300004, -2.932730480999965 ], [ 139.125175383000055, -2.926047492999942 ], [ 139.144559779000019, -2.955934814999978 ], [ 139.14105242800008, -2.968473379999978 ], [ 139.133422152000094, -2.969234626999935 ], [ 139.141767943000104, -2.974290130999975 ], [ 139.131616462000011, -2.984641108999938 ], [ 139.134253892000061, -2.995443399999942 ], [ 139.119053280000117, -2.985381132999976 ], [ 139.126276935000078, -3.008460526999954 ], [ 139.107461566000097, -3.009938511999962 ], [ 139.105339400000048, -3.020630034999954 ], [ 139.093376103000082, -3.010518095999942 ], [ 139.099528776000056, -3.02090181899996 ], [ 139.088410701000043, -3.020157123999979 ], [ 139.094407253000099, -3.028123615999959 ], [ 139.084298024000077, -3.03471209199995 ], [ 139.120596871000089, -3.052004210999939 ], [ 139.120386166000117, -3.117328634999978 ], [ 139.045287919000089, -3.108372206999945 ], [ 139.039260698000021, -3.12993978999998 ], [ 139.02990706200012, -3.124079222999967 ], [ 139.031463458000076, -3.133684630999937 ], [ 139.025573566000048, -3.127237553999976 ], [ 139.033523394000099, -3.141212458999973 ], [ 139.016876057000104, -3.146818871999926 ], [ 139.023071125000115, -3.152672762999941 ], [ 139.022445515000072, -3.166629071999978 ], [ 139.015273885000056, -3.169682021999961 ], [ 139.021941975000118, -3.172468419999973 ], [ 139.014663533000089, -3.173442358999978 ], [ 139.022826985000052, -3.177122826999948 ], [ 139.016235189000099, -3.182651753999949 ], [ 139.021423176000098, -3.186127896999949 ], [ 139.00114424800006, -3.193507428999965 ], [ 139.008560019000015, -3.215154643999938 ], [ 139.003524619000018, -3.231278653999937 ], [ 139.014648275000013, -3.231303448999938 ], [ 139.011657553000077, -3.249114985999938 ], [ 139.035787052000046, -3.251682055999936 ], [ 139.065465983000081, -3.276383123999949 ], [ 139.052710470000079, -3.28018429499997 ], [ 139.049186881000082, -3.293970844999933 ], [ 139.030093258000079, -3.285331304999943 ], [ 139.016756868000016, -3.301649471999951 ], [ 138.999438406000081, -3.301067518999957 ], [ 138.9917214190001, -3.319998512999973 ], [ 138.965828970000075, -3.32932206299995 ], [ 138.964502764000031, -3.346112600999959 ], [ 138.930962574000091, -3.36403275899994 ], [ 138.924578771000029, -3.389427134999949 ], [ 138.905226324000068, -3.398982281999963 ], [ 138.897596509000095, -3.413333546999979 ], [ 138.893096960000094, -3.402892472999952 ], [ 138.872615177000057, -3.425688198999978 ], [ 138.888493, -3.360319924999942 ], [ 138.875610437000091, -3.34015652599993 ], [ 138.877640598000085, -3.329367616999946 ], [ 138.898035607000111, -3.291611122999939 ], [ 138.918657412000016, -3.27875248099997 ], [ 138.910557982000114, -3.273090417999981 ], [ 138.913009027000044, -3.25258452099996 ], [ 138.895833396000057, -3.254531647999954 ], [ 138.877608208000083, -3.225456893999933 ], [ 138.85116494500005, -3.234495140999968 ], [ 138.835810702000117, -3.213542522999944 ], [ 138.827458977000106, -3.225002564999954 ], [ 138.806167992000042, -3.22380041699995 ], [ 138.801622612000074, -3.189787814999931 ], [ 138.80691158400009, -3.181175721999978 ], [ 138.828377560000035, -3.176926625999954 ], [ 138.823741845000086, -3.168998590999934 ], [ 138.775203674000068, -3.180081043999962 ], [ 138.78478919500003, -3.195463219999965 ], [ 138.779267090000076, -3.201975705999928 ], [ 138.764244858000097, -3.177642330999959 ], [ 138.749370577000036, -3.175214859999926 ], [ 138.716433220000113, -3.215088312999967 ], [ 138.70306533400003, -3.200771176999979 ], [ 138.679292218000114, -3.194673832999968 ], [ 138.70263564600009, -3.247773957999925 ], [ 138.674550869000086, -3.236848111999961 ], [ 138.649097473000097, -3.269807783999966 ], [ 138.637041990000057, -3.272004238999955 ], [ 138.640412552000043, -3.280447472999981 ], [ 138.626769143000047, -3.308817679999947 ], [ 138.598197385000049, -3.332833290999929 ], [ 138.568428545000074, -3.316813694999951 ], [ 138.522387513000012, -3.323173444999952 ], [ 138.499321072000043, -3.299284277999959 ], [ 138.473125679000077, -3.313926936999962 ], [ 138.464724476000015, -3.298139503999948 ], [ 138.47365056700005, -3.303234201999942 ], [ 138.475974938000036, -3.295507235999935 ], [ 138.462126961000081, -3.272097610999936 ], [ 138.435046601000067, -3.259525065999981 ], [ 138.443907063000097, -3.24093131099994 ], [ 138.434943623000095, -3.229761019999955 ], [ 138.40794629100003, -3.239618834999931 ], [ 138.406854308000106, -3.246301511999945 ], [ 138.39688843700003, -3.237283741999931 ], [ 138.385765359000061, -3.245602645999952 ], [ 138.364996309000048, -3.233906909999973 ], [ 138.361841107000032, -3.241173333999939 ], [ 138.352085288000012, -3.23924055699996 ], [ 138.29113661100007, -3.174266388999968 ], [ 138.26135368100006, -3.189377252999975 ], [ 138.239645063000012, -3.188839109999947 ], [ 138.212625872000103, -3.221303449999937 ], [ 138.201298174000044, -3.220651119999957 ], [ 138.190589339000098, -3.242919963999952 ], [ 138.177425718000109, -3.242272220999951 ], [ 138.174295277000056, -3.26014168699993 ], [ 138.150865136000107, -3.261077290999935 ], [ 138.159627559000114, -3.267664848999971 ], [ 138.15833688500004, -3.285069310999972 ], [ 138.147308201000101, -3.293472491999978 ], [ 138.130648585000017, -3.268005283999969 ], [ 138.159330863000037, -3.198493268999925 ], [ 138.184770534000108, -3.206691405999948 ], [ 138.216012348000049, -3.17332141299994 ], [ 138.231842768000092, -3.168253353999944 ], [ 138.235736412000051, -3.152427943999953 ], [ 138.176784723000083, -3.110052413999938 ], [ 138.176057557000036, -2.996681384999931 ], [ 138.160395268000116, -2.970778148999955 ], [ 138.150867309000091, -2.984017834999975 ], [ 138.123924458000033, -2.977438044999928 ], [ 138.101687656000081, -3.000270951999937 ], [ 138.109967746000052, -3.007232777999945 ], [ 138.13263582400009, -2.992298578999964 ], [ 138.144537876000072, -2.993760726999938 ], [ 138.149778705000017, -3.00269394399993 ], [ 138.139087572000108, -3.022275799999932 ], [ 138.151228106000076, -3.03576032999996 ], [ 138.146575698000106, -3.046070569999927 ], [ 138.112559574000102, -3.023860891999959 ], [ 138.087145883000062, -3.029671122999957 ], [ 138.059554280000043, -3.022670747999939 ], [ 138.063697630000092, -2.996601003999956 ], [ 138.051552308000055, -2.983284048999963 ], [ 138.02582234800002, -3.015566284999977 ], [ 137.997727361000102, -2.992548817999932 ], [ 138.00986204600008, -3.021981453999956 ], [ 137.978405623000072, -3.03122441599993 ], [ 137.95827246500005, -3.027971283999932 ], [ 137.968325591000053, -3.011409855999943 ], [ 137.961120864, -3.00124806599996 ], [ 137.946660599000097, -3.003771785999959 ], [ 137.930263733000061, -3.025646170999948 ], [ 137.89842297600012, -3.014743956999951 ], [ 137.907895610000082, -3.051074756999981 ], [ 137.89944614400008, -3.051524796999956 ], [ 137.895858573000055, -3.038024298999972 ], [ 137.884907226000109, -3.039727171999971 ], [ 137.881537131000073, -3.083251017999942 ], [ 137.862168026000063, -3.056511156999932 ], [ 137.846710626000117, -3.048873755999978 ], [ 137.833285094000075, -3.071049780999942 ], [ 137.80660609500012, -3.065714978999949 ], [ 137.789861990000077, -3.083921792999945 ], [ 137.77072707800005, -3.064245713999981 ], [ 137.769123148000062, -3.049091590999979 ], [ 137.724943942000095, -3.065765130999978 ], [ 137.712921040000083, -3.057797649999941 ], [ 137.705877985000029, -3.038402392999956 ], [ 137.631100092000111, -3.064832672999955 ], [ 137.625365590000115, -3.060478258999979 ], [ 137.630834260000029, -3.045631225999955 ], [ 137.620361946000116, -3.040352589999941 ], [ 137.577202850000049, -3.067687234999937 ], [ 137.558809845000042, -3.050941061999936 ], [ 137.543844112000102, -3.058561492999956 ], [ 137.542336711000075, -3.048531332999971 ], [ 137.525893427000028, -3.062648385999978 ], [ 137.521701833000066, -3.049116767999976 ], [ 137.51705934000006, -3.063544105999938 ], [ 137.510839901000054, -3.051679035999939 ], [ 137.506592814000101, -3.059561185999939 ], [ 137.50716791800005, -3.052824717999954 ], [ 137.493463352000049, -3.05517795399993 ], [ 137.491875726000103, -3.045959568999933 ], [ 137.469028804000118, -3.045426947999943 ], [ 137.461782394000011, -3.052560337999978 ], [ 137.449181006000117, -3.04025980199998 ], [ 137.437386284000013, -3.03987000099994 ], [ 137.43952304600009, -3.024809811999944 ], [ 137.419972091000091, -3.014240078999933 ], [ 137.432610836000094, -3.008351078999965 ], [ 137.420517687000029, -3.008661648999976 ], [ 137.417289579000112, -2.998300915999948 ], [ 137.42312365600003, -2.995312359999957 ], [ 137.401983741000095, -2.985979562999944 ], [ 137.399190256000111, -2.996947098999954 ], [ 137.393128961000116, -2.980597943999953 ], [ 137.387946052000075, -2.988152126999978 ], [ 137.378625329000101, -2.978702319999968 ], [ 137.389149332000102, -2.97645081099995 ], [ 137.375236412000049, -2.959529994999968 ], [ 137.37985027600007, -2.952218476999974 ], [ 137.373656924000102, -2.952351295999961 ], [ 137.380386518000023, -2.933808090999946 ], [ 137.369647586000042, -2.939891166999928 ], [ 137.364176423000117, -2.93269311499995 ], [ 137.372892538000087, -2.923044897999944 ], [ 137.363465726000072, -2.918782634999957 ], [ 137.369614799000033, -2.912089238999954 ], [ 137.354732815000034, -2.907391837999967 ], [ 137.36011170800009, -2.878664038999943 ], [ 137.352115451000031, -2.879792683999938 ], [ 137.344734884000104, -2.857151830999953 ], [ 137.320645085000024, -2.851401775999932 ], [ 137.308440915000119, -2.836182763999943 ], [ 137.303774236000095, -2.811900008999942 ], [ 137.291381227000102, -2.815500480999958 ], [ 137.279198664000091, -2.805376656999954 ], [ 137.286786103000054, -2.787522576999947 ], [ 137.280276678000064, -2.771784665999974 ], [ 137.28490514300006, -2.756841811999948 ], [ 137.271242086000029, -2.735424962999957 ], [ 137.287109851000082, -2.719069777999948 ], [ 137.260416845, -2.685701635999976 ], [ 137.260485062000043, -2.639357923999967 ], [ 137.267697927000086, -2.631530574999942 ], [ 137.252949823000108, -2.591873364999969 ], [ 137.238743775000103, -2.576113561999932 ], [ 137.22293950400001, -2.578360381999971 ], [ 137.191303448000099, -2.563699490999966 ], [ 137.16823734400009, -2.572253630999967 ], [ 137.157997284000089, -2.586644372999956 ], [ 137.14213028100005, -2.586721513999976 ], [ 137.134982440000044, -2.572028734999947 ], [ 137.140527134000081, -2.551634006999961 ], [ 137.120898362000048, -2.537215805999949 ], [ 137.112170260000084, -2.501121678999937 ], [ 137.086343414000112, -2.483096822999926 ], [ 137.07465237200006, -2.486064872999975 ], [ 137.060354082000117, -2.478171652999947 ], [ 137.054627628000048, -2.463957659999949 ], [ 137.040970968000011, -2.456045586999949 ], [ 137.034970076000036, -2.459866 ], [ 137.03378586700012, -2.44846148299996 ], [ 137.041129951000016, -2.443014051999967 ], [ 137.029597271000057, -2.41707865099994 ], [ 137.020627810000065, -2.424303560999931 ], [ 136.984917211000038, -2.418225164999967 ], [ 136.964104704000079, -2.425291978999951 ], [ 136.966630520000081, -2.415139438999972 ], [ 136.948857312000086, -2.397415646999946 ], [ 136.912991899000076, -2.386348718999955 ], [ 136.909639070000026, -2.362078334999978 ], [ 136.915879478000079, -2.356777529999931 ], [ 136.9325917540001, -2.362038634999976 ], [ 136.926623481000092, -2.351566652999963 ], [ 136.93771730900005, -2.349942704999933 ], [ 136.937631275000058, -2.339774404999957 ], [ 136.915597542000114, -2.333902487999978 ], [ 136.915351932000021, -2.321506737999925 ], [ 136.8948626990001, -2.32425177999994 ], [ 136.899706236000043, -2.301248394999959 ], [ 136.860091742, -2.28364438899996 ], [ 136.853827509000098, -2.237476713999968 ], [ 136.837384007000082, -2.228876409999941 ], [ 136.816752003000033, -2.202476223999952 ], [ 136.816823544000044, -2.18969981999993 ], [ 136.801493202000074, -2.177539454999931 ], [ 136.835804702000019, -2.173222257999953 ], [ 136.837425604000032, -2.196063844999969 ], [ 136.874710835000087, -2.175946021999948 ], [ 136.9083855, -2.179865250999967 ], [ 136.915508478000106, -2.170027752999943 ], [ 136.915308104000019, -2.165247422999926 ], [ 136.926275370000099, -2.151003140999933 ], [ 136.940714413000023, -2.147262317999946 ], [ 136.942889183000034, -2.123071444999937 ], [ 136.969395564000024, -2.132461826999929 ], [ 137.005051456000047, -2.131199226999968 ], [ 137.01227041900006, -2.120301142999949 ], [ 137.031206854000061, -2.119189174999974 ], [ 137.057813030000034, -2.099294262999933 ], [ 137.089103207000107, -2.101377212999978 ], [ 137.102043747000039, -2.110835735999956 ], [ 137.123598213000037, -2.111128009999959 ], [ 137.123748435000039, -2.101030397999978 ], [ 137.142039406000094, -2.099037405999979 ], [ 137.157988295000109, -2.105575011999974 ], [ 137.175193640000089, -2.078827512999965 ], [ 137.18768361900004, -2.081231874999958 ], [ 137.196035177000113, -2.06728697899996 ], [ 137.228396962000033, -2.056562305999933 ], [ 137.233280086000036, -2.048672544999931 ], [ 137.23121947900006, -2.041877807999924 ], [ 137.212311596000063, -2.031787214999952 ], [ 137.219985034000047, -2.019203310999956 ], [ 137.20607574600001, -2.021078530999944 ], [ 137.189922911000053, -2.000469161999945 ], [ 137.190069829000095, -1.989586933999931 ], [ 137.207579949000092, -1.990837358999954 ], [ 137.217500208000047, -1.983189805999928 ], [ 137.215522068000041, -1.978735556999936 ], [ 137.193072329000074, -1.960195173999978 ], [ 137.190472379000084, -1.943813580999972 ], [ 137.156309706000116, -1.931873820999954 ], [ 137.144435171000055, -1.89889605299993 ], [ 137.1227182, -1.894030457999975 ], [ 137.121739659000013, -1.880336099999965 ], [ 137.088455888000112, -1.851448965999964 ], [ 137.097473898000089, -1.798851875999958 ], [ 137.12412065, -1.776316689999931 ], [ 137.152931518000059, -1.773356433999936 ], [ 137.208032343000013, -1.745536219999963 ], [ 137.236455005000039, -1.750843607999968 ], [ 137.247272155000019, -1.735992476999968 ], [ 137.306823506000114, -1.701082376999977 ], [ 137.40160005000007, -1.657957028999931 ], [ 137.474762670000018, -1.608235459999946 ], [ 137.481050483000104, -1.59694075699997 ], [ 137.58060217700006, -1.55673561499998 ], [ 137.591021337000029, -1.558415374999925 ], [ 137.680504738000081, -1.507014721999951 ], [ 137.72150160700005, -1.495579188999955 ], [ 137.738003469000091, -1.49854075199994 ], [ 137.746848215000114, -1.478885135999974 ], [ 137.776796782000019, -1.485640234999948 ], [ 137.799032634000014, -1.472184829999946 ], [ 137.837035777000096, -1.464164032999975 ], [ 137.889757427000063, -1.46643529399995 ], [ 137.900140348000036, -1.475052225999946 ], [ 137.933645174000048, -1.461611301999937 ] ] ], [ [ [ 137.232120221000059, -2.049827583999956 ], [ 137.23087457400004, -2.050148810999929 ], [ 137.232252282000104, -2.048992392999935 ], [ 137.232120221000059, -2.049827583999956 ] ] ], [ [ [ 137.205551221000064, -1.98292682999994 ], [ 137.204152390000104, -1.984729712999979 ], [ 137.202691467000022, -1.982639982999956 ], [ 137.205551221000064, -1.98292682999994 ] ] ], [ [ [ 137.20331872700001, -1.984029551999924 ], [ 137.19640998400007, -1.984312262999936 ], [ 137.198814976000108, -1.980293973999949 ], [ 137.20331872700001, -1.984029551999924 ] ] ], [ [ [ 137.212093595000056, -1.981016651999937 ], [ 137.207632188000048, -1.985150721999958 ], [ 137.196053512000049, -1.972477651999952 ], [ 137.198557648000019, -1.970892731999925 ], [ 137.212093595000056, -1.981016651999937 ] ] ], [ [ [ 137.957561301000055, -1.530115102999957 ], [ 137.959005474000037, -1.533454117999952 ], [ 137.954807286000118, -1.532601919999934 ], [ 137.957561301000055, -1.530115102999957 ] ] ] ] } },
{ "type": "Feature", "properties": { "kemendagri_kab_code": 9171, "kemendagri_kab_name": "Kota Jayapura", "kemendagri_prov_code": 91, "kemendagri_prov_name": "Papua" }, "geometry": { "type": "MultiPolygon", "coordinates": [ [ [ [ 140.767518795000115, -2.622739131999936 ], [ 140.767501662000086, -2.622672030999979 ], [ 140.767540210000107, -2.622667747999969 ], [ 140.767518795000115, -2.622739131999936 ] ] ], [ [ [ 140.767966778000073, -2.619906084999968 ], [ 140.767662207000058, -2.619802578999952 ], [ 140.767772852000121, -2.619666949999953 ], [ 140.767966778000073, -2.619906084999968 ] ] ], [ [ [ 140.767459070000086, -2.619100697999954 ], [ 140.767475250000075, -2.619022651999956 ], [ 140.767498093000086, -2.619033120999973 ], [ 140.767459070000086, -2.619100697999954 ] ] ], [ [ [ 140.706323771000029, -2.596941163999929 ], [ 140.70789064600001, -2.597655001999954 ], [ 140.706234541000072, -2.598127919999968 ], [ 140.706323771000029, -2.596941163999929 ] ] ], [ [ [ 140.706438929000115, -2.594670528999927 ], [ 140.705710705000115, -2.59424308399997 ], [ 140.705959416000042, -2.593844295999929 ], [ 140.706438929000115, -2.594670528999927 ] ] ], [ [ [ 140.701307101000111, -2.591656621999959 ], [ 140.700438075000079, -2.591120208999939 ], [ 140.700537244000088, -2.59093401299998 ], [ 140.701307101000111, -2.591656621999959 ] ] ], [ [ [ 140.714979439000103, -2.568823626999972 ], [ 140.717330320000087, -2.56967948199997 ], [ 140.715386923000096, -2.569838483999945 ], [ 140.714979439000103, -2.568823626999972 ] ] ], [ [ [ 140.723988887000019, -2.546396474999938 ], [ 140.726330589000099, -2.546295331999943 ], [ 140.725825322000105, -2.54738502899994 ], [ 140.723988887000019, -2.546396474999938 ] ] ], [ [ [ 140.720015931000034, -2.544448017999969 ], [ 140.721524996000085, -2.545151865999969 ], [ 140.720503720000011, -2.545712105999939 ], [ 140.720015931000034, -2.544448017999969 ] ] ], [ [ [ 140.652714844000116, -2.476297724999938 ], [ 140.720430463000071, -2.491002261999938 ], [ 140.748320332000048, -2.534547609999947 ], [ 140.738486285000022, -2.53563999499994 ], [ 140.731144341000117, -2.518125042999941 ], [ 140.7251393250001, -2.535276378999924 ], [ 140.706456989000117, -2.53901594599995 ], [ 140.718398734000061, -2.547937665999939 ], [ 140.708935540000084, -2.574350867999954 ], [ 140.716955126000016, -2.591712915999949 ], [ 140.701540423000097, -2.586893521999968 ], [ 140.703011708000076, -2.572923225999943 ], [ 140.694409956000072, -2.574053469999967 ], [ 140.700818353000045, -2.587058165999963 ], [ 140.68966695600011, -2.594878949999952 ], [ 140.694034586000043, -2.603884748999974 ], [ 140.686032699000066, -2.613767847999952 ], [ 140.707431015000111, -2.61828509399993 ], [ 140.697093927000083, -2.621923204999973 ], [ 140.705336671000055, -2.628431513999942 ], [ 140.726895258000013, -2.633937053999944 ], [ 140.737770042000079, -2.627497795999943 ], [ 140.710577149000073, -2.594827762999955 ], [ 140.736037976000034, -2.618461163999939 ], [ 140.762793231000046, -2.628783265999971 ], [ 140.786135273000014, -2.621743547999927 ], [ 140.788264488000095, -2.611238250999975 ], [ 140.779097059000037, -2.60852693399994 ], [ 140.789010132000044, -2.595674275999954 ], [ 140.809001530000046, -2.606019894999974 ], [ 140.91098919500007, -2.624096262999956 ], [ 140.921875229000079, -2.622104653999941 ], [ 140.92608172000007, -2.610742132999974 ], [ 140.938143604000061, -2.614940394999962 ], [ 141.001318371000025, -2.60442528599998 ], [ 141.00273535700012, -2.839261757999964 ], [ 140.970102708000013, -2.810266835999926 ], [ 140.957552323000073, -2.811886982999965 ], [ 140.944767358000036, -2.789556860999937 ], [ 140.924417493000078, -2.791274064999925 ], [ 140.898570598000106, -2.779287529999976 ], [ 140.904102052000098, -2.764603876999956 ], [ 140.850590372000056, -2.748547429999974 ], [ 140.828000092000025, -2.726800036999975 ], [ 140.824000092000119, -2.710600037999939 ], [ 140.80740009100009, -2.728000036999958 ], [ 140.799268508000068, -2.725921081999957 ], [ 140.800900090000027, -2.719300036999925 ], [ 140.788249174000043, -2.725421654999934 ], [ 140.783774401000073, -2.720081168999968 ], [ 140.758277520000092, -2.754182675999971 ], [ 140.738990216000047, -2.750285792999932 ], [ 140.728109305000089, -2.763262176999945 ], [ 140.700391975000116, -2.755679718999943 ], [ 140.679406723000056, -2.763808630999961 ], [ 140.664155461000064, -2.751270942999952 ], [ 140.646406705000118, -2.761228828999947 ], [ 140.63047250000011, -2.759113610999975 ], [ 140.63342362000003, -2.722520252999971 ], [ 140.621118477000095, -2.61487797999996 ], [ 140.614832609000018, -2.612784885999929 ], [ 140.62552349900011, -2.566834315999927 ], [ 140.603349725000044, -2.515789016999975 ], [ 140.6388, -2.505072221999967 ], [ 140.652714844000116, -2.476297724999938 ] ] ], [ [ [ 140.768069878000119, -2.622330102999967 ], [ 140.768018481000013, -2.622263477999979 ], [ 140.768064167000034, -2.622250152999925 ], [ 140.768069878000119, -2.622330102999967 ] ] ], [ [ [ 140.768703213000094, -2.62161391199993 ], [ 140.768046482000045, -2.621632946999966 ], [ 140.768161725000027, -2.621314072999951 ], [ 140.768703213000094, -2.62161391199993 ] ] ], [ [ [ 140.76804322800001, -2.621305981999967 ], [ 140.768037517000039, -2.621214610999971 ], [ 140.768085106000058, -2.621283139999946 ], [ 140.76804322800001, -2.621305981999967 ] ] ], [ [ [ 140.76841196700002, -2.620743980999976 ], [ 140.768852644000049, -2.621245570999974 ], [ 140.768437504000076, -2.621203427999944 ], [ 140.76841196700002, -2.620743980999976 ] ] ], [ [ [ 140.768333522000034, -2.620001085999945 ], [ 140.768224067000119, -2.619938029999958 ], [ 140.768293071000016, -2.61990471799993 ], [ 140.768333522000034, -2.620001085999945 ] ] ], [ [ [ 140.776276580000058, -2.611101237999947 ], [ 140.775613900000053, -2.611091719999934 ], [ 140.77576091200001, -2.610625113999959 ], [ 140.776276580000058, -2.611101237999947 ] ] ], [ [ [ 140.788163541000017, -2.595803216999968 ], [ 140.788081071000079, -2.595717105999938 ], [ 140.788146507000079, -2.595686172999933 ], [ 140.788163541000017, -2.595803216999968 ] ] ] ] } }
]
}
