{
"type": "FeatureCollection",
"name": "96",
"crs": { "type": "name", "properties": { "name": "urn:ogc:def:crs:OGC:1.3:CRS84" } },
"features": [
{ "type": "Feature", "properties": { "kemendagri_kab_code": 9601, "kemendagri_kab_name": "Kabupaten Sorong", "kemendagri_prov_code": 96, "kemendagri_prov_name": "Papua Barat Daya" }, "geometry": { "type": "MultiPolygon", "coordinates": [ [ [ [ 130.911833851000097, -1.406950669999958 ], [ 130.912769958000013, -1.406035076999956 ], [ 130.911925842000073, -1.407126167999934 ], [ 130.911833851000097, -1.406950669999958 ] ] ], [ [ [ 130.870176822000076, -1.388607017999959 ], [ 130.87313000600011, -1.390244371999927 ], [ 130.870617301000038, -1.391684039999973 ], [ 130.870176822000076, -1.388607017999959 ] ] ], [ [ [ 130.90873952000004, -1.384151749999944 ], [ 130.905866917000026, -1.385797959999934 ], [ 130.907824956000013, -1.383550151999941 ], [ 130.90873952000004, -1.384151749999944 ] ] ], [ [ [ 130.91024751000009, -1.38177871299996 ], [ 130.909759005000069, -1.384025033999933 ], [ 130.908693363000111, -1.38319385099993 ], [ 130.91024751000009, -1.38177871299996 ] ] ], [ [ [ 130.917588970000111, -1.375585121999961 ], [ 130.932837359000018, -1.376973813999939 ], [ 130.916318788000012, -1.386718107999968 ], [ 130.917588970000111, -1.375585121999961 ] ] ], [ [ [ 130.931096988000036, -1.360913151999966 ], [ 130.935279254000079, -1.363928327999929 ], [ 130.926542870000048, -1.362890691999951 ], [ 130.931096988000036, -1.360913151999966 ] ] ], [ [ [ 130.871356424000055, -1.353491923999968 ], [ 130.874726758000065, -1.355284580999978 ], [ 130.869905251000091, -1.354628443999957 ], [ 130.871356424000055, -1.353491923999968 ] ] ], [ [ [ 130.711798034000026, -1.344444246999956 ], [ 130.721901301000116, -1.35297879899997 ], [ 130.721906567000019, -1.355907719999948 ], [ 130.711798034000026, -1.344444246999956 ] ] ], [ [ [ 130.704048147000094, -1.340956028999926 ], [ 130.706883454000035, -1.341130392999958 ], [ 130.706150456000046, -1.343197122999925 ], [ 130.704048147000094, -1.340956028999926 ] ] ], [ [ [ 130.884744758000011, -1.333436374999962 ], [ 130.88916297500009, -1.336165716999972 ], [ 130.883437636000053, -1.336991824999927 ], [ 130.884744758000011, -1.333436374999962 ] ] ], [ [ [ 130.721339637000028, -1.33293746399994 ], [ 130.721339637000028, -1.332330700999933 ], [ 130.721625172000017, -1.332342598999958 ], [ 130.721339637000028, -1.33293746399994 ] ] ], [ [ [ 130.759248449000097, -1.332547875999978 ], [ 130.756896126000015, -1.332899180999959 ], [ 130.7591221240001, -1.331851728999936 ], [ 130.759248449000097, -1.332547875999978 ] ] ], [ [ [ 130.7117145630001, -1.331759122999927 ], [ 130.711649054000077, -1.332894416999977 ], [ 130.710887078000042, -1.331798885999945 ], [ 130.7117145630001, -1.331759122999927 ] ] ], [ [ [ 130.916230225000049, -1.328425485999958 ], [ 130.916575247000083, -1.332363493999935 ], [ 130.916265917000032, -1.332744207999951 ], [ 130.91500704300006, -1.330196294999951 ], [ 130.916230225000049, -1.328425485999958 ] ] ], [ [ [ 130.702764906000084, -1.33242407299997 ], [ 130.70438360300011, -1.330477103999954 ], [ 130.704258053000103, -1.33316999699997 ], [ 130.702764906000084, -1.33242407299997 ] ] ], [ [ [ 130.903279316000067, -1.328804203999937 ], [ 130.902413401000103, -1.328448564999974 ], [ 130.903322891000016, -1.327797794999981 ], [ 130.903279316000067, -1.328804203999937 ] ] ], [ [ [ 130.83603186400012, -1.311385227999949 ], [ 130.839542179000091, -1.31446396399997 ], [ 130.837425675000077, -1.315087164999966 ], [ 130.83603186400012, -1.311385227999949 ] ] ], [ [ [ 130.719301175000055, -1.26561574699997 ], [ 130.721519717000092, -1.266464123999924 ], [ 130.720969989000082, -1.267417938999927 ], [ 130.719301175000055, -1.26561574699997 ] ] ], [ [ [ 130.60790440300002, -1.262436169999944 ], [ 130.606298683000091, -1.261235198999941 ], [ 130.607705039000052, -1.261270896999974 ], [ 130.60790440300002, -1.262436169999944 ] ] ], [ [ [ 130.750931912000055, -1.258973809999929 ], [ 130.748309781000103, -1.257420500999956 ], [ 130.751859901000103, -1.256665732999977 ], [ 130.750931912000055, -1.258973809999929 ] ] ], [ [ [ 130.720517199000028, -1.238285787999928 ], [ 130.723429469000052, -1.239589335999938 ], [ 130.721520816000066, -1.241194291999932 ], [ 130.720517199000028, -1.238285787999928 ] ] ], [ [ [ 130.745716069000082, -1.236615412999925 ], [ 130.741058232000114, -1.238473499999941 ], [ 130.743527826000104, -1.233008193999979 ], [ 130.745716069000082, -1.236615412999925 ] ] ], [ [ [ 130.690729291000025, -1.235899829999937 ], [ 130.690824043000021, -1.235044578999975 ], [ 130.691395911000086, -1.235213775999966 ], [ 130.690729291000025, -1.235899829999937 ] ] ], [ [ [ 130.65180212000007, -1.230746610999972 ], [ 130.652564038000037, -1.234615614999939 ], [ 130.649422848000086, -1.232944213999929 ], [ 130.65180212000007, -1.230746610999972 ] ] ], [ [ [ 130.718051151000054, -1.232623779999926 ], [ 130.714920747000065, -1.232136221999951 ], [ 130.716721820000089, -1.22992807299994 ], [ 130.718051151000054, -1.232623779999926 ] ] ], [ [ [ 130.734642915000109, -1.232760559999974 ], [ 130.731092546000013, -1.232077978999939 ], [ 130.732528467000066, -1.228147897999975 ], [ 130.734642915000109, -1.232760559999974 ] ] ], [ [ [ 130.720018204000098, -1.226732867999942 ], [ 130.724548956000035, -1.229724243999954 ], [ 130.723245296000073, -1.230163630999925 ], [ 130.720018204000098, -1.226732867999942 ] ] ], [ [ [ 130.732283378000034, -1.225984825999944 ], [ 130.730806223000059, -1.226493901999959 ], [ 130.73119792600005, -1.225079465999954 ], [ 130.732283378000034, -1.225984825999944 ] ] ], [ [ [ 130.729785141000093, -1.036612951999928 ], [ 130.732842281000103, -1.069987926999943 ], [ 130.790514640000083, -1.085466566999969 ], [ 130.798139580000111, -1.115360922999969 ], [ 130.812750444000017, -1.118597803999933 ], [ 130.84041344700006, -1.109325586999944 ], [ 130.863937265000118, -1.132740780999939 ], [ 130.881600431000038, -1.126959099999965 ], [ 130.914956985000117, -1.136401374999934 ], [ 130.919285669000033, -1.12938676899995 ], [ 130.949552132, -1.127985613999954 ], [ 130.95500615200001, -1.143204134999962 ], [ 131.004804601000046, -1.164042504999941 ], [ 131.022412211000074, -1.179735756999946 ], [ 131.043757517000017, -1.217206661999967 ], [ 131.044243723000022, -1.240826652999942 ], [ 130.999899230000096, -1.282130221999978 ], [ 130.995432205000043, -1.325735594999969 ], [ 130.973738498000102, -1.354119214999969 ], [ 130.960919481000019, -1.359487513999966 ], [ 130.929007887000012, -1.330950457999961 ], [ 130.9008073010001, -1.320184036999933 ], [ 130.874192315000073, -1.341219232999947 ], [ 130.867406733000053, -1.331495465999978 ], [ 130.864068803, -1.345441176999941 ], [ 130.858142076000036, -1.345183739999925 ], [ 130.836596015000055, -1.303364168999963 ], [ 130.824089116000096, -1.306589483999971 ], [ 130.832161806000045, -1.296893066999928 ], [ 130.822886848000053, -1.295301719999941 ], [ 130.826818937000098, -1.29118475699994 ], [ 130.812193031000106, -1.26782293499997 ], [ 130.789898488000063, -1.25901122099998 ], [ 130.775323563000029, -1.266139838999948 ], [ 130.756145473000061, -1.248408865999977 ], [ 130.738047314000028, -1.216641082999956 ], [ 130.747012794000057, -1.190090959999964 ], [ 130.72961761800002, -1.183542589999945 ], [ 130.73720782800001, -1.16387247199998 ], [ 130.706717790000084, -1.142640975999939 ], [ 130.698285735000013, -1.118760965999968 ], [ 130.680544452000049, -1.108554461999972 ], [ 130.690520854000056, -1.097267745999943 ], [ 130.718174840000074, -1.096232971999939 ], [ 130.716907713000069, -1.084879964999971 ], [ 130.706534256000054, -1.086134304999973 ], [ 130.717691013000035, -1.077413060999959 ], [ 130.700837923000108, -1.064776667999979 ], [ 130.708325804000083, -1.041712976999975 ], [ 130.729785141000093, -1.036612951999928 ] ] ], [ [ [ 130.674138132000053, -1.171882686999936 ], [ 130.673895427000048, -1.170169474999966 ], [ 130.674923354000043, -1.170112367999934 ], [ 130.674138132000053, -1.171882686999936 ] ] ], [ [ [ 130.627231907, -1.171607164999955 ], [ 130.62627180000004, -1.169430263999971 ], [ 130.628451169000073, -1.16942331499996 ], [ 130.627231907, -1.171607164999955 ] ] ], [ [ [ 130.712504676000094, -1.165312421999943 ], [ 130.710307532000115, -1.163357172999952 ], [ 130.711999347000074, -1.162478651999947 ], [ 130.712504676000094, -1.165312421999943 ] ] ], [ [ [ 130.709684666000044, -1.158124099999952 ], [ 130.70769619400005, -1.158896569999968 ], [ 130.70766143700007, -1.156671130999939 ], [ 130.709684666000044, -1.158124099999952 ] ] ], [ [ [ 130.686150170000019, -1.15122951799998 ], [ 130.696040029000073, -1.156324945999927 ], [ 130.692743363000091, -1.161140723999949 ], [ 130.686150170000019, -1.15122951799998 ] ] ], [ [ [ 130.696575213000074, -1.149407660999941 ], [ 130.696853592000025, -1.148432899999932 ], [ 130.697250522000104, -1.149311273999956 ], [ 130.696575213000074, -1.149407660999941 ] ] ], [ [ [ 131.14433663300008, -1.752330320999931 ], [ 131.14385122300007, -1.752437396999937 ], [ 131.142041333000066, -1.754499086999942 ], [ 131.142971463000094, -1.75205600399994 ], [ 131.14433663300008, -1.752330320999931 ] ] ], [ [ [ 130.99187289200006, -1.476245854999945 ], [ 130.991712133000078, -1.475582709999969 ], [ 130.992213954000022, -1.475973789999955 ], [ 130.99187289200006, -1.476245854999945 ] ] ], [ [ [ 130.991262415000051, -1.473354344999962 ], [ 130.98869143200011, -1.474087460999954 ], [ 130.987682649000021, -1.473073238999973 ], [ 130.991262415000051, -1.473354344999962 ] ] ], [ [ [ 130.996211982000091, -1.459639610999943 ], [ 130.996401149, -1.45961105799995 ], [ 130.996211982000091, -1.459718132999967 ], [ 130.996211982000091, -1.459639610999943 ] ] ], [ [ [ 130.996190566000109, -1.457908552999925 ], [ 130.996415425, -1.458897218999937 ], [ 130.995905031, -1.458772297999928 ], [ 130.996190566000109, -1.457908552999925 ] ] ], [ [ [ 130.954589951000116, -1.400782500999981 ], [ 130.955445438000083, -1.39949545099995 ], [ 130.956206822000013, -1.400202670999931 ], [ 130.954589951000116, -1.400782500999981 ] ] ], [ [ [ 130.959180838000066, -1.393676039999946 ], [ 130.96229935100007, -1.396336108999947 ], [ 130.958655068000098, -1.397163572999943 ], [ 130.959180838000066, -1.393676039999946 ] ] ], [ [ [ 130.997095447000106, -1.371974795999961 ], [ 130.991094860000089, -1.385811187999934 ], [ 130.976102741000091, -1.389123323999968 ], [ 130.997095447000106, -1.371974795999961 ] ] ], [ [ [ 130.934326658000032, -1.366909824999937 ], [ 130.932869532000041, -1.367382395999925 ], [ 130.932428851000054, -1.366715175999957 ], [ 130.934326658000032, -1.366909824999937 ] ] ], [ [ [ 130.953565068000103, -1.361759899999925 ], [ 130.954370197000117, -1.364304278999953 ], [ 130.951553251000064, -1.364088610999943 ], [ 130.953565068000103, -1.361759899999925 ] ] ], [ [ [ 130.938477472000045, -1.353350729999931 ], [ 130.951909543000056, -1.355340923999961 ], [ 130.955514565000044, -1.35989499599998 ], [ 130.947767168000041, -1.362853022999957 ], [ 130.938477472000045, -1.353350729999931 ] ] ], [ [ [ 131.00581429600004, -1.352823703999945 ], [ 131.005157006000104, -1.352192412999955 ], [ 131.007355473000075, -1.347100654999963 ], [ 131.00581429600004, -1.352823703999945 ] ] ], [ [ [ 131.010692214000073, -1.29031299899998 ], [ 131.024091883000096, -1.301364126999943 ], [ 131.013992924000036, -1.310668206999935 ], [ 131.010692214000073, -1.29031299899998 ] ] ], [ [ [ 131.039430631000073, -1.27451231799995 ], [ 131.039626904000102, -1.272785233999969 ], [ 131.039842544000066, -1.272839310999927 ], [ 131.039430631000073, -1.27451231799995 ] ] ], [ [ [ 131.086917152000069, -1.243167970999934 ], [ 131.085733626000092, -1.24306594199993 ], [ 131.086049503000027, -1.242041182999969 ], [ 131.086917152000069, -1.243167970999934 ] ] ], [ [ [ 131.086601320000113, -1.23913540999996 ], [ 131.095658016000016, -1.24106240499998 ], [ 131.100462400000083, -1.243801684999937 ], [ 131.086601320000113, -1.23913540999996 ] ] ], [ [ [ 131.10607510300008, -1.240549648999945 ], [ 131.105114160000085, -1.241030244999934 ], [ 131.104864273000089, -1.240908583999953 ], [ 131.10607510300008, -1.240549648999945 ] ] ], [ [ [ 131.111340651000091, -1.238847973999953 ], [ 131.112111989000027, -1.237255267999956 ], [ 131.113801406000107, -1.237088705999952 ], [ 131.111340651000091, -1.238847973999953 ] ] ], [ [ [ 131.111972196000011, -1.232576652999967 ], [ 131.104448141000034, -1.237306994999926 ], [ 131.096289116000094, -1.234523296999953 ], [ 131.103246037000076, -1.231168142999934 ], [ 131.111972196000011, -1.232576652999967 ] ] ], [ [ [ 131.129172095000058, -1.236272327999927 ], [ 131.142008237000027, -1.225322975999973 ], [ 131.147286134000069, -1.227506191999964 ], [ 131.146650408000028, -1.230073339999933 ], [ 131.129172095000058, -1.236272327999927 ] ] ], [ [ [ 131.048886564000099, -1.231068281999967 ], [ 131.047075057000029, -1.230128628999978 ], [ 131.047839055000054, -1.228783673999942 ], [ 131.048886564000099, -1.231068281999967 ] ] ], [ [ [ 131.105828863000056, -1.228185249999967 ], [ 131.107318382000017, -1.224090632999946 ], [ 131.115810059000069, -1.223374887999967 ], [ 131.105828863000056, -1.228185249999967 ] ] ], [ [ [ 131.122548058, -1.227281203999951 ], [ 131.109842194000066, -1.227867753999931 ], [ 131.128847885000027, -1.223798926999962 ], [ 131.122548058, -1.227281203999951 ] ] ], [ [ [ 131.129921341000113, -1.223336118999953 ], [ 131.130406464000089, -1.222405300999981 ], [ 131.130587285000047, -1.223146346999954 ], [ 131.129921341000113, -1.223336118999953 ] ] ], [ [ [ 131.08448583400002, -1.220562566999945 ], [ 131.082959859000084, -1.220102418999943 ], [ 131.08495450700002, -1.218737894999947 ], [ 131.08448583400002, -1.220562566999945 ] ] ], [ [ [ 131.135216932000048, -1.217476972999975 ], [ 131.133466334000104, -1.221578687999965 ], [ 131.128816028000074, -1.221145585999977 ], [ 131.135216932000048, -1.217476972999975 ] ] ], [ [ [ 131.106925521000107, -1.223243765999939 ], [ 131.130744305, -1.207143526999971 ], [ 131.150882592000016, -1.203926045999935 ], [ 131.131771177000019, -1.217690095999956 ], [ 131.106925521000107, -1.223243765999939 ] ] ], [ [ [ 131.146051629000112, -1.198840257999962 ], [ 131.142977366000082, -1.199544577999973 ], [ 131.14503990500009, -1.197616356999958 ], [ 131.146051629000112, -1.198840257999962 ] ] ], [ [ [ 131.123699755000075, -1.195484188999956 ], [ 131.12267947600003, -1.192889993999927 ], [ 131.123561162000101, -1.192487493999977 ], [ 131.123699755000075, -1.195484188999956 ] ] ], [ [ [ 131.1413996120001, -1.191942758999971 ], [ 131.140217191000033, -1.19755534899997 ], [ 131.136162429000024, -1.199270030999969 ], [ 131.1413996120001, -1.191942758999971 ] ] ], [ [ [ 131.131965464000018, -1.195137405999958 ], [ 131.13085163300002, -1.193062926999971 ], [ 131.133005768000089, -1.192940128999965 ], [ 131.131965464000018, -1.195137405999958 ] ] ], [ [ [ 131.120991344000117, -1.191352490999975 ], [ 131.119337619000021, -1.189246667999953 ], [ 131.122310679000066, -1.187386688999936 ], [ 131.120991344000117, -1.191352490999975 ] ] ], [ [ [ 131.137856369000019, -1.187406550999924 ], [ 131.136381103000076, -1.186464284999943 ], [ 131.137499618000106, -1.185884102999978 ], [ 131.137856369000019, -1.187406550999924 ] ] ], [ [ [ 131.139296017000106, -1.189136178999945 ], [ 131.140690936000055, -1.184346047999952 ], [ 131.143443344000048, -1.182390646999977 ], [ 131.139296017000106, -1.189136178999945 ] ] ], [ [ [ 131.135931718000052, -1.181982532999939 ], [ 131.137913476000108, -1.18326628899996 ], [ 131.13595039900008, -1.186367151999946 ], [ 131.135666475000107, -1.189101000999926 ], [ 131.135931718000052, -1.181982532999939 ] ] ], [ [ [ 131.172779478000052, -1.510619836999979 ], [ 131.173145915000077, -1.510734050999929 ], [ 131.172931764000054, -1.510848264999936 ], [ 131.172779478000052, -1.510619836999979 ] ] ], [ [ [ 131.175030449000019, -1.511201614999948 ], [ 131.174235182000075, -1.509848062999936 ], [ 131.174659253000073, -1.508317707999936 ], [ 131.175030449000019, -1.511201614999948 ] ] ], [ [ [ 131.188640271000054, -1.496309419999932 ], [ 131.188829227000042, -1.49640564799995 ], [ 131.188731883000059, -1.496469798999954 ], [ 131.188640271000054, -1.496309419999932 ] ] ], [ [ [ 131.180983419000086, -1.492452001999936 ], [ 131.181135285000096, -1.492594849999932 ], [ 131.181011930000068, -1.492720301999952 ], [ 131.180983419000086, -1.492452001999936 ] ] ], [ [ [ 131.18591661500011, -1.189488802999961 ], [ 131.167286918000059, -1.221493862999978 ], [ 131.144313830000101, -1.221565318999978 ], [ 131.18591661500011, -1.189488802999961 ] ] ], [ [ [ 131.154465404, -1.202637877999962 ], [ 131.153841310000075, -1.19824041399994 ], [ 131.156273794000072, -1.199220971999978 ], [ 131.154465404, -1.202637877999962 ] ] ], [ [ [ 131.14676431800001, -1.197384964999969 ], [ 131.145052256000099, -1.196755849999931 ], [ 131.146535890000109, -1.195675149999943 ], [ 131.14676431800001, -1.197384964999969 ] ] ], [ [ [ 131.149870965000105, -1.192636690999962 ], [ 131.160355418000108, -1.193611529999941 ], [ 131.145300193000026, -1.201780149999934 ], [ 131.149870965000105, -1.192636690999962 ] ] ], [ [ [ 131.1589102370001, -1.194433495999931 ], [ 131.159424200000103, -1.19469999599994 ], [ 131.158967344000075, -1.194633370999952 ], [ 131.1589102370001, -1.194433495999931 ] ] ], [ [ [ 131.181962068000075, -1.190944183999932 ], [ 131.181681873000116, -1.18698186499995 ], [ 131.185381988000017, -1.185843925999961 ], [ 131.181962068000075, -1.190944183999932 ] ] ], [ [ [ 131.147973837000109, -1.18989070799995 ], [ 131.148604578000118, -1.186153569999931 ], [ 131.149915478000025, -1.185817070999974 ], [ 131.147973837000109, -1.18989070799995 ] ] ], [ [ [ 131.174106487000017, -1.187132732999942 ], [ 131.175371033000033, -1.181692589999955 ], [ 131.177081052000062, -1.181580237999924 ], [ 131.174106487000017, -1.187132732999942 ] ] ], [ [ [ 131.187616132000016, -1.179435353999963 ], [ 131.18788325200012, -1.174171736999938 ], [ 131.190471667000111, -1.174645397999939 ], [ 131.187616132000016, -1.179435353999963 ] ] ], [ [ [ 131.196128790000103, -1.153746446999946 ], [ 131.197080073000052, -1.147168871999952 ], [ 131.19839172200011, -1.147038467999948 ], [ 131.196128790000103, -1.153746446999946 ] ] ], [ [ [ 131.168829766000044, -1.145926608999957 ], [ 131.167280103000053, -1.145760048999932 ], [ 131.16884909800001, -1.14555164199993 ], [ 131.168829766000044, -1.145926608999957 ] ] ], [ [ [ 131.183244683000112, -1.145394388999932 ], [ 131.181276990000015, -1.145304507999924 ], [ 131.18203634300005, -1.144024610999963 ], [ 131.183244683000112, -1.145394388999932 ] ] ], [ [ [ 131.208944651000024, -1.139460415999963 ], [ 131.205183626, -1.138246968999965 ], [ 131.208703357000104, -1.135943064999935 ], [ 131.208944651000024, -1.139460415999963 ] ] ], [ [ [ 131.176497187000109, -1.134256910999966 ], [ 131.175876743000117, -1.126988422999943 ], [ 131.179012901000078, -1.125869616999978 ], [ 131.176497187000109, -1.134256910999966 ] ] ], [ [ [ 131.172014055000091, -1.11889376299996 ], [ 131.172311770000078, -1.12013662399994 ], [ 131.17122108600006, -1.119977711999979 ], [ 131.172014055000091, -1.11889376299996 ] ] ], [ [ [ 131.213326154000015, -1.107842251999955 ], [ 131.217464136000103, -1.126056671999947 ], [ 131.207451497000079, -1.131134527999961 ], [ 131.213326154000015, -1.107842251999955 ] ] ], [ [ [ 131.226728766000065, -1.095034598999973 ], [ 131.224924003000069, -1.092363859999978 ], [ 131.226940457000069, -1.089908444999935 ], [ 131.226728766000065, -1.095034598999973 ] ] ], [ [ [ 131.225671667000029, -1.087758637999968 ], [ 131.224842891000094, -1.086158937999926 ], [ 131.226020923000078, -1.085911162999935 ], [ 131.225671667000029, -1.087758637999968 ] ] ], [ [ [ 131.238600500000075, -1.081799050999962 ], [ 131.237667681000062, -1.080854940999927 ], [ 131.238533859000086, -1.080855129999975 ], [ 131.238600500000075, -1.081799050999962 ] ] ], [ [ [ 131.230740274000027, -1.078952155999957 ], [ 131.229872849000117, -1.077737480999929 ], [ 131.230463324000084, -1.07745558199997 ], [ 131.230740274000027, -1.078952155999957 ] ] ], [ [ [ 131.247932455000068, -1.080336516999978 ], [ 131.241901448000021, -1.086587840999925 ], [ 131.239890713000023, -1.081295076999936 ], [ 131.235451111000089, -1.078111324999952 ], [ 131.239297997000108, -1.06214700299995 ], [ 131.247932455000068, -1.080336516999978 ] ] ], [ [ [ 131.243947330000083, -1.04274909999998 ], [ 131.243501260000016, -1.045700900999975 ], [ 131.241617837000035, -1.042627746999926 ], [ 131.243947330000083, -1.04274909999998 ] ] ], [ [ [ 131.236249753000038, -1.042680348999966 ], [ 131.233754210000029, -1.042727257999957 ], [ 131.235198543000024, -1.04007487299998 ], [ 131.236249753000038, -1.042680348999966 ] ] ], [ [ [ 131.221461310000109, -1.035608538999952 ], [ 131.219742139000118, -1.035071238999933 ], [ 131.220684001000109, -1.034223016999931 ], [ 131.221461310000109, -1.035608538999952 ] ] ], [ [ [ 131.216154511000013, -1.036136877999979 ], [ 131.21507034900003, -1.03059977199996 ], [ 131.218129202000114, -1.028265295999972 ], [ 131.219165401000055, -1.031207486999961 ], [ 131.216154511000013, -1.036136877999979 ] ] ], [ [ [ 131.212807319000035, -1.030185638999967 ], [ 131.214900093000097, -1.030327371999931 ], [ 131.213876449000054, -1.032620062999968 ], [ 131.212807319000035, -1.030185638999967 ] ] ], [ [ [ 131.228384017000053, -1.025780133999945 ], [ 131.228783766000106, -1.026532042999975 ], [ 131.228956110000013, -1.027242549999926 ], [ 131.228384017000053, -1.025780133999945 ] ] ], [ [ [ 131.208544162000067, -1.023231264999936 ], [ 131.208215796000104, -1.024537588999976 ], [ 131.208134419000089, -1.023199855999962 ], [ 131.208544162000067, -1.023231264999936 ] ] ], [ [ [ 131.221605447000115, -1.020813920999956 ], [ 131.221312774000012, -1.021720495999944 ], [ 131.220825936000097, -1.021947495999939 ], [ 131.221605447000115, -1.020813920999956 ] ] ], [ [ [ 131.21491823700012, -1.010740388999977 ], [ 131.219619934000093, -1.023239874999945 ], [ 131.214530062000108, -1.02975035399993 ], [ 131.206327273000056, -1.016541347999976 ], [ 131.21491823700012, -1.010740388999977 ] ] ], [ [ [ 131.245014831000049, -1.00192672999998 ], [ 131.252542177, -1.006652742999961 ], [ 131.249894758000096, -1.011041517999956 ], [ 131.245014831000049, -1.00192672999998 ] ] ], [ [ [ 131.439803205000089, -1.66119158999993 ], [ 131.439992740000093, -1.660299858999963 ], [ 131.439906459000099, -1.661536887999944 ], [ 131.439803205000089, -1.66119158999993 ] ] ], [ [ [ 131.283630516000017, -1.532942594999952 ], [ 131.289092569000104, -1.538296382999931 ], [ 131.280675226000085, -1.535631385999977 ], [ 131.283630516000017, -1.532942594999952 ] ] ], [ [ [ 131.475497165000093, -1.528567072999977 ], [ 131.472513321000065, -1.528231568999956 ], [ 131.474583452000047, -1.526554048999969 ], [ 131.475497165000093, -1.528567072999977 ] ] ], [ [ [ 131.477560157000084, -1.528291055999944 ], [ 131.47659426600012, -1.526443291999954 ], [ 131.476853457000061, -1.526149540999938 ], [ 131.477560157000084, -1.528291055999944 ] ] ], [ [ [ 131.714886475000071, -1.427689073999943 ], [ 131.741058166000016, -1.456802969999956 ], [ 131.734192271000097, -1.506899258999965 ], [ 131.717786032000049, -1.52109115199994 ], [ 131.685255863000066, -1.524755907999975 ], [ 131.65923430600003, -1.547142004999955 ], [ 131.627337845000056, -1.539754167999945 ], [ 131.587353987000029, -1.486034855999947 ], [ 131.593041714000037, -1.464724200999967 ], [ 131.640145568000094, -1.454519003999962 ], [ 131.653672804000053, -1.443163026999969 ], [ 131.652166605000048, -1.462192220999952 ], [ 131.665529658000082, -1.468293158999927 ], [ 131.672766789000093, -1.463805494999974 ], [ 131.666585796000049, -1.44701505699993 ], [ 131.679301635000115, -1.43783033699998 ], [ 131.690480343000104, -1.439707731999931 ], [ 131.714886475000071, -1.427689073999943 ] ] ], [ [ [ 131.33160035100002, -1.353882812999927 ], [ 131.333644123000113, -1.368541341999958 ], [ 131.35705125800007, -1.368755797999938 ], [ 131.362082588000021, -1.399668425999948 ], [ 131.321885269000063, -1.413021441999945 ], [ 131.275100353000084, -1.383813116999931 ], [ 131.312370880000117, -1.376378255999953 ], [ 131.318309462000116, -1.369563678999953 ], [ 131.311987181000063, -1.356613798999945 ], [ 131.33160035100002, -1.353882812999927 ] ] ], [ [ [ 131.345330292000085, -1.341208688999927 ], [ 131.324209861000099, -1.350958599999956 ], [ 131.315671224000084, -1.350039860999971 ], [ 131.317495409000117, -1.34697856799994 ], [ 131.330181565000089, -1.342196580999939 ], [ 131.33419992000006, -1.337831366999978 ], [ 131.332677837000119, -1.333660014999964 ], [ 131.324510808000014, -1.332603459999973 ], [ 131.328250417000049, -1.326246654999977 ], [ 131.337935866000066, -1.328652515999977 ], [ 131.353041513000107, -1.319735167999966 ], [ 131.345330292000085, -1.341208688999927 ] ] ], [ [ [ 131.508228155000097, -0.729788624999969 ], [ 131.542315841000118, -0.729303141999935 ], [ 131.543430775000047, -0.747381096999959 ], [ 131.51664434700001, -0.756730619999928 ], [ 131.517690623000021, -0.763897161999978 ], [ 131.502620080000042, -0.773144484999932 ], [ 131.544051142000058, -0.770828091999931 ], [ 131.582627292000097, -0.748177123999938 ], [ 131.599343797000074, -0.754329306999978 ], [ 131.745725149, -0.730482203999941 ], [ 131.743527763000088, -0.745935910999947 ], [ 131.754575577000082, -0.760362319999956 ], [ 131.752411679000033, -0.780176929999925 ], [ 131.760482088000117, -0.799828783999942 ], [ 131.773923721000074, -0.800156412999968 ], [ 131.780800369000076, -0.816127715999926 ], [ 131.801076451000085, -0.807932016999928 ], [ 131.824063286000069, -0.833563058999971 ], [ 131.838579854000045, -0.837604011999929 ], [ 131.834569876000046, -0.849788649999937 ], [ 131.879429044000062, -0.838493945999971 ], [ 131.892465811000079, -0.846638523999957 ], [ 131.907181929000103, -0.84183948499998 ], [ 131.912654, -0.855506996999964 ], [ 131.925519461000022, -0.837400240999955 ], [ 131.937187305000066, -0.850188794999951 ], [ 131.968823850000035, -0.856739618999939 ], [ 132.006192040000087, -0.838472708999973 ], [ 132.023612709000076, -0.853121888999965 ], [ 132.032938192000074, -0.844668081999941 ], [ 132.045387705000053, -0.858297700999969 ], [ 132.065416842000104, -0.857602669999949 ], [ 132.089231396000059, -0.878774323999949 ], [ 132.119949811000083, -0.892031283999927 ], [ 132.135001874000068, -0.887189388999957 ], [ 132.186409956000034, -0.904289524999967 ], [ 132.212104504000081, -0.898869520999938 ], [ 132.213450131000059, -0.912068672999965 ], [ 132.236619880000035, -0.937103907999926 ], [ 132.229339641000024, -0.933108451999942 ], [ 132.222445102000052, -0.960301397999956 ], [ 132.210198991000084, -0.96967381199994 ], [ 132.224716888000103, -0.98546595199997 ], [ 132.217948571000079, -0.993359159999954 ], [ 132.232192067000028, -1.000507332999973 ], [ 132.225935752000055, -1.002148484999964 ], [ 132.228205154000079, -1.016264687999978 ], [ 132.21685104300002, -1.019723209999938 ], [ 132.226265230000081, -1.045111633999966 ], [ 132.207661530000109, -1.057344459999968 ], [ 132.195242331000031, -1.049483343999952 ], [ 132.183656485000029, -1.053155402999948 ], [ 132.190516867000042, -1.057668287999945 ], [ 132.184197664000067, -1.085331172999929 ], [ 132.188881313000024, -1.093264550999947 ], [ 132.180577040000117, -1.099229216999959 ], [ 132.185453402, -1.10721592699997 ], [ 132.159004312000093, -1.109887389999926 ], [ 132.134578808000015, -1.099299516999963 ], [ 132.125097947000086, -1.082120291999956 ], [ 132.110341995000113, -1.094574016999957 ], [ 132.080201498000065, -1.079488445999971 ], [ 132.077021604000038, -1.089383784999939 ], [ 132.065119687000106, -1.087844716999939 ], [ 132.068359526000108, -1.075488935999942 ], [ 132.062673854000082, -1.078607732999956 ], [ 132.05452283000011, -1.057979820999947 ], [ 132.044223926000086, -1.07034867699997 ], [ 132.027876848000119, -1.071821633999946 ], [ 132.030321336000043, -1.056763176999937 ], [ 132.02125167600002, -1.048336209999945 ], [ 132.001441053, -1.065351133999968 ], [ 131.993064142000094, -1.050312418999965 ], [ 131.980844755000021, -1.060288365999952 ], [ 131.98014471700003, -1.04525197199996 ], [ 131.969558482000025, -1.056363613999963 ], [ 131.972398383000041, -1.047426323999957 ], [ 131.963010509000014, -1.03925150799995 ], [ 131.961066115000108, -1.050773996999965 ], [ 131.960244447000036, -1.037371772999961 ], [ 131.951164542000015, -1.035337808999941 ], [ 131.954380617000083, -1.026511470999935 ], [ 131.942703056000028, -1.001881666999964 ], [ 131.934108930000093, -1.020547995999948 ], [ 131.921736542000076, -1.010165066999946 ], [ 131.899513331000094, -1.011356952999961 ], [ 131.919004729000108, -1.041725996999958 ], [ 131.91666866300011, -1.054665309999962 ], [ 131.900980856000047, -1.09988541599995 ], [ 131.883986667000045, -1.105606666999961 ], [ 131.875859952000042, -1.097010628999953 ], [ 131.866355833000057, -1.13634194399998 ], [ 131.857314167000027, -1.146055277999949 ], [ 131.866830440000058, -1.151581740999973 ], [ 131.853225556000098, -1.160031666999942 ], [ 131.850436522000109, -1.189001730999962 ], [ 131.836777385000119, -1.208513426999957 ], [ 131.866478345000019, -1.278716294999924 ], [ 131.866862500000025, -1.301029721999953 ], [ 131.883843088000049, -1.30002075699997 ], [ 131.890743525000062, -1.310966277999967 ], [ 131.886423611000055, -1.345148332999941 ], [ 131.873808611000072, -1.348151388999952 ], [ 131.882443780000017, -1.355359204999957 ], [ 131.879209739000089, -1.363137303999963 ], [ 131.858523476000073, -1.360540244999925 ], [ 131.865331667000078, -1.324634443999969 ], [ 131.847184032000087, -1.351245662999929 ], [ 131.833429378000119, -1.346692852999979 ], [ 131.832349082000064, -1.369937495999977 ], [ 131.823026014000106, -1.371006516999955 ], [ 131.818394134000073, -1.358770625999966 ], [ 131.809249364000038, -1.371540413999981 ], [ 131.816206977000093, -1.386838505999947 ], [ 131.829746878000037, -1.378321392999965 ], [ 131.805162174000088, -1.419282007999925 ], [ 131.825677037000105, -1.436479584999972 ], [ 131.817086918000086, -1.442488354999966 ], [ 131.798751657000025, -1.436219753999978 ], [ 131.796344354000098, -1.446773341999972 ], [ 131.817387256000075, -1.44968827699995 ], [ 131.82165903900011, -1.479213088999927 ], [ 131.792462914000112, -1.49138133699995 ], [ 131.802701719000083, -1.547494136999944 ], [ 131.778136867000057, -1.573531086999935 ], [ 131.721166368000013, -1.581898950999971 ], [ 131.695807792000096, -1.558582638999951 ], [ 131.694559429000037, -1.546764515999939 ], [ 131.733083799000042, -1.518065192999927 ], [ 131.745304711000017, -1.494434765999927 ], [ 131.742896696000116, -1.448204217999944 ], [ 131.714434730000107, -1.424143942999933 ], [ 131.68900067200002, -1.437641435999979 ], [ 131.677291344000082, -1.436586144999978 ], [ 131.666614702000061, -1.443022586999973 ], [ 131.663852148000046, -1.449373367999954 ], [ 131.668601552000041, -1.464977872999953 ], [ 131.654844699000023, -1.461713252999971 ], [ 131.660983708000117, -1.446199166999975 ], [ 131.652724599000067, -1.440012567999929 ], [ 131.609117010000091, -1.45542592399994 ], [ 131.588037841000073, -1.453217545999962 ], [ 131.547607029000119, -1.488262028999941 ], [ 131.500006003000067, -1.469251113999974 ], [ 131.469330726000067, -1.502626316999965 ], [ 131.443750573000102, -1.512203348999947 ], [ 131.435752084000114, -1.496301769999945 ], [ 131.38015969300011, -1.452853051999966 ], [ 131.403153784000096, -1.42862144299994 ], [ 131.366617887000075, -1.389491903999954 ], [ 131.357360241000038, -1.363413978999972 ], [ 131.336541398, -1.366797929999962 ], [ 131.335382717000016, -1.34600960399996 ], [ 131.347589590000098, -1.340955275999931 ], [ 131.353556880000042, -1.32723980999998 ], [ 131.353058238000017, -1.317751865999981 ], [ 131.32830983700012, -1.324850659999925 ], [ 131.323515991000022, -1.332769372999962 ], [ 131.332154306, -1.339319957999976 ], [ 131.29916314500008, -1.355185930999937 ], [ 131.314809909000019, -1.371944523999957 ], [ 131.268815007000057, -1.381681645999947 ], [ 131.336758240000108, -1.43742975899994 ], [ 131.335411081000075, -1.46384018699996 ], [ 131.281864233000078, -1.504135132999977 ], [ 131.223718265000116, -1.513163831999975 ], [ 131.208849021000105, -1.522990815999947 ], [ 131.191643278000015, -1.497562438999978 ], [ 131.17865891100007, -1.49106917499995 ], [ 131.175992983000015, -1.469029324999951 ], [ 131.164837472000045, -1.462939571999925 ], [ 131.118042262000017, -1.460665766999966 ], [ 131.093580114000019, -1.449387508999962 ], [ 130.996509003000028, -1.457112776999963 ], [ 130.937096145000055, -1.436279247999948 ], [ 130.935216371000024, -1.420384447999936 ], [ 130.999634697000033, -1.38118213599995 ], [ 131.014517130000058, -1.317493103999936 ], [ 131.028051504000018, -1.305862298999955 ], [ 131.022459, -1.287233 ], [ 131.040065, -1.275026 ], [ 131.050608795000016, -1.254584913999963 ], [ 131.083509828000047, -1.240078823999966 ], [ 131.085700001000077, -1.245343981999952 ], [ 131.094998935000035, -1.247885246999942 ], [ 131.114291605000062, -1.243269091999935 ], [ 131.177680446000068, -1.218912928999941 ], [ 131.227680060000012, -1.126209425999946 ], [ 131.237631107000084, -1.093027756999959 ], [ 131.249035476000017, -1.082778548999954 ], [ 131.240721145000066, -1.055775861999962 ], [ 131.247331523000071, -1.044924325999943 ], [ 131.239676207000116, -1.02813107299994 ], [ 131.252964833000078, -1.015272439999933 ], [ 131.256034337000074, -1.004279329999974 ], [ 131.259877167000013, -1.004374508999945 ], [ 131.261380986000063, -0.993509889999928 ], [ 131.283878790000017, -0.991546833999962 ], [ 131.281324892000043, -0.982360262999975 ], [ 131.265223816000116, -0.97602085099993 ], [ 131.279631452000103, -0.974985785999934 ], [ 131.266903556000102, -0.961032467999928 ], [ 131.276561185000105, -0.94786225699994 ], [ 131.268398313000034, -0.920242199999961 ], [ 131.297668772000065, -0.915567419999945 ], [ 131.315634179000085, -0.934863929999949 ], [ 131.336281301000099, -0.923243060999937 ], [ 131.330355187, -0.928272256999946 ], [ 131.334347662000027, -0.947521047999942 ], [ 131.347286543000109, -0.942388453999968 ], [ 131.356736628000021, -0.952167015999976 ], [ 131.375551390000055, -0.951704302999929 ], [ 131.396493557000099, -0.93288653299993 ], [ 131.394815821000066, -0.913740378999933 ], [ 131.380660734000116, -0.907353004999948 ], [ 131.389105723000057, -0.895795638999971 ], [ 131.360091413000077, -0.879373552999937 ], [ 131.362970951000079, -0.872103380999931 ], [ 131.370925705000104, -0.873985403999939 ], [ 131.376565779000089, -0.843413812999927 ], [ 131.357326218000026, -0.781764718999966 ], [ 131.399572923000051, -0.777943680999954 ], [ 131.416483277000111, -0.766672649999975 ], [ 131.419721723000066, -0.761483044999977 ], [ 131.418465368000057, -0.758018549999974 ], [ 131.466149766000058, -0.752127004999977 ], [ 131.508228155000097, -0.729788624999969 ] ] ], [ [ [ 131.250945170000023, -1.015043583999955 ], [ 131.249429717000112, -1.015382439999939 ], [ 131.250839368000015, -1.014319580999938 ], [ 131.250945170000023, -1.015043583999955 ] ] ], [ [ [ 131.252596483000048, -1.013422515999935 ], [ 131.252408506000052, -1.01300729999997 ], [ 131.252616709000108, -1.013090580999972 ], [ 131.252596483000048, -1.013422515999935 ] ] ], [ [ [ 131.252854687000081, -1.010894874999963 ], [ 131.251996843000029, -1.010540329999969 ], [ 131.252811945000076, -1.009721995999939 ], [ 131.252854687000081, -1.010894874999963 ] ] ], [ [ [ 131.252899794000086, -1.008782941999925 ], [ 131.253888087000064, -1.00900225099997 ], [ 131.253008938000107, -1.009551275999968 ], [ 131.252899794000086, -1.008782941999925 ] ] ], [ [ [ 131.256776321000075, -0.990598284999976 ], [ 131.253117660000044, -0.99029401699994 ], [ 131.255144961000042, -0.986739101999945 ], [ 131.256776321000075, -0.990598284999976 ] ] ], [ [ [ 131.270052917000044, -0.983266178999941 ], [ 131.274381353000081, -0.990317571999981 ], [ 131.265584430000104, -0.992135961999963 ], [ 131.270052917000044, -0.983266178999941 ] ] ], [ [ [ 131.27446004300009, -0.98730594899996 ], [ 131.276785170000039, -0.988076042999978 ], [ 131.275404139000102, -0.988907916999949 ], [ 131.27446004300009, -0.98730594899996 ] ] ], [ [ [ 131.264622618000089, -0.982103799999948 ], [ 131.263306680000028, -0.988006801999973 ], [ 131.258471447000034, -0.991450434999933 ], [ 131.257357859000081, -0.98776702899994 ], [ 131.264622618000089, -0.982103799999948 ] ] ], [ [ [ 131.248911516000021, -0.975323518999971 ], [ 131.260210095000048, -0.977660532999948 ], [ 131.249247642000114, -0.983271546999958 ], [ 131.248911516000021, -0.975323518999971 ] ] ], [ [ [ 131.268536757000106, -0.964430808999964 ], [ 131.267756945000087, -0.963515971999925 ], [ 131.268135320000056, -0.963386512999932 ], [ 131.268536757000106, -0.964430808999964 ] ] ], [ [ [ 131.263837491000118, -0.963671753999961 ], [ 131.262138018000087, -0.962658078999937 ], [ 131.262673338000013, -0.96181796299993 ], [ 131.263837491000118, -0.963671753999961 ] ] ], [ [ [ 131.266461490000097, -0.963255871999934 ], [ 131.26491579900005, -0.962299070999961 ], [ 131.265315330000021, -0.961534780999955 ], [ 131.266461490000097, -0.963255871999934 ] ] ], [ [ [ 131.412174073000074, -0.76284409699997 ], [ 131.413401875000091, -0.764309844999957 ], [ 131.413125857000068, -0.764671522999947 ], [ 131.412174073000074, -0.76284409699997 ] ] ], [ [ [ 131.417410913000026, -0.762168849999966 ], [ 131.416523727000026, -0.761806651999962 ], [ 131.416799745000048, -0.761616294999953 ], [ 131.417410913000026, -0.762168849999966 ] ] ], [ [ [ 131.416026536000118, -0.762037126999928 ], [ 131.416019602000119, -0.76191791399998 ], [ 131.416085471000088, -0.762055063999981 ], [ 131.416026536000118, -0.762037126999928 ] ] ], [ [ [ 131.415622565000035, -0.761984918999929 ], [ 131.415708896000069, -0.761902560999943 ], [ 131.415663330000029, -0.762053179999953 ], [ 131.415622565000035, -0.761984918999929 ] ] ], [ [ [ 131.415782994000097, -0.760022148999951 ], [ 131.415802254000027, -0.760226537999927 ], [ 131.415534068000056, -0.760070419999977 ], [ 131.415782994000097, -0.760022148999951 ] ] ], [ [ [ 131.417641398000114, -0.760205013999951 ], [ 131.417495206000012, -0.760075589999929 ], [ 131.417592635000119, -0.759990539999933 ], [ 131.417641398000114, -0.760205013999951 ] ] ], [ [ [ 131.418182189000049, -0.76007412499996 ], [ 131.418029395000076, -0.759890850999966 ], [ 131.418128774000024, -0.759855321999964 ], [ 131.418182189000049, -0.76007412499996 ] ] ], [ [ [ 131.417188520000082, -0.759972416999972 ], [ 131.416390478000039, -0.759579476999932 ], [ 131.416723602000047, -0.759332012999948 ], [ 131.417188520000082, -0.759972416999972 ] ] ], [ [ [ 131.453983824000034, -0.75193974299998 ], [ 131.453737868000076, -0.751775812999938 ], [ 131.453749646000119, -0.751742456999978 ], [ 131.453983824000034, -0.75193974299998 ] ] ], [ [ [ 131.449123587000031, -0.751702389999934 ], [ 131.44918783300011, -0.751224117999925 ], [ 131.449444815000106, -0.751245533999963 ], [ 131.449123587000031, -0.751702389999934 ] ] ], [ [ [ 131.455040159000077, -0.751251576999948 ], [ 131.45502758900011, -0.751099024999974 ], [ 131.455120779000026, -0.751112085999978 ], [ 131.455040159000077, -0.751251576999948 ] ] ], [ [ [ 131.582503763000091, -0.738071789999935 ], [ 131.583827929000108, -0.73720482799996 ], [ 131.583436511000059, -0.738604789999954 ], [ 131.582503763000091, -0.738071789999935 ] ] ] ] } },
{ "type": "Feature", "properties": { "kemendagri_kab_code": 9602, "kemendagri_kab_name": "Kabupaten Sorong Selatan", "kemendagri_prov_code": 96, "kemendagri_prov_name": "Papua Barat Daya" }, "geometry": { "type": "MultiPolygon", "coordinates": [ [ [ [ 132.599049904000026, -2.198843305999958 ], [ 132.598976106, -2.198983504999944 ], [ 132.598825601000044, -2.198804611999947 ], [ 132.599049904000026, -2.198843305999958 ] ] ], [ [ [ 132.596352759000069, -2.196180356999946 ], [ 132.572411723000073, -2.189420932999951 ], [ 132.514254880000067, -2.19871561399998 ], [ 132.366982953000047, -2.268853990999958 ], [ 132.332233539000072, -2.272873527999934 ], [ 132.31646111200007, -2.283674656999949 ], [ 132.297168649000014, -2.270170857999972 ], [ 132.23608592800008, -2.192527378999955 ], [ 132.194020400000113, -2.163982626999939 ], [ 132.197963651, -2.151066982999964 ], [ 132.143049379000104, -2.149009264999961 ], [ 132.141084420000084, -2.140155765999964 ], [ 132.115950929000064, -2.130532506999941 ], [ 132.041927954000016, -2.075161924999975 ], [ 132.040768077000052, -2.05684397899995 ], [ 132.075012972000081, -2.043504429999928 ], [ 132.087812026000051, -2.029997310999931 ], [ 132.085108419000107, -2.02123834799994 ], [ 132.077680927000074, -2.017140917999939 ], [ 132.065381001000105, -2.024593481999943 ], [ 132.059706398000117, -2.01862549599997 ], [ 132.041361252000115, -2.026389423999944 ], [ 131.967951327000037, -1.964336605999961 ], [ 131.965745874000049, -1.958790118999957 ], [ 131.981406027000048, -1.952981464999937 ], [ 131.982094393000011, -1.933345224999925 ], [ 131.98894438100001, -1.932803419999971 ], [ 131.953753925000115, -1.917555368999956 ], [ 131.928876126000091, -1.882484611999928 ], [ 131.926034056000049, -1.860310064999965 ], [ 131.947949409000103, -1.843678814999976 ], [ 131.921567682000045, -1.813702329999956 ], [ 131.931051664000051, -1.799692339999979 ], [ 131.954261879000114, -1.787806117999935 ], [ 131.953955764000057, -1.776323174999959 ], [ 131.987461868000082, -1.752074891999939 ], [ 131.995114654000076, -1.737652194999953 ], [ 132.013799289000076, -1.747109315999978 ], [ 132.02564041100004, -1.699823622999929 ], [ 132.011873802000082, -1.696109760999946 ], [ 132.004308403000095, -1.684934539999972 ], [ 132.01136520600005, -1.68212972699996 ], [ 131.995190885000056, -1.674149732999979 ], [ 131.977392543000065, -1.704345330999956 ], [ 131.914275322000094, -1.718717688999959 ], [ 131.899031646000026, -1.694475012999931 ], [ 131.900270324000076, -1.674222848999932 ], [ 131.881160300000033, -1.644150899999943 ], [ 131.891640194000047, -1.610502648999955 ], [ 131.878410390000113, -1.58423339999996 ], [ 131.869416082000043, -1.583204247999959 ], [ 131.857145154000023, -1.56619421399995 ], [ 131.848417290000043, -1.585718307999969 ], [ 131.810433049000039, -1.613505734999933 ], [ 131.788666754000019, -1.609083270999975 ], [ 131.779459049000025, -1.596007053999926 ], [ 131.783980458000087, -1.577701962999924 ], [ 131.778136867000057, -1.573531086999935 ], [ 131.802701719000083, -1.547494136999944 ], [ 131.792462914000112, -1.49138133699995 ], [ 131.82165903900011, -1.479213088999927 ], [ 131.818167506, -1.450693587999979 ], [ 131.801003353000056, -1.45197912499998 ], [ 131.79649650600004, -1.442984423999974 ], [ 131.800000645000068, -1.435788180999964 ], [ 131.824573365000106, -1.439486441999975 ], [ 131.823889723000093, -1.43134376699993 ], [ 131.805162174000088, -1.419282007999925 ], [ 131.83020951200001, -1.380482201999939 ], [ 131.824843138000119, -1.376910694999935 ], [ 131.816206977000093, -1.386838505999947 ], [ 131.808020961000011, -1.374163587999931 ], [ 131.818394134000073, -1.358770625999966 ], [ 131.823026014000106, -1.371006516999955 ], [ 131.832349082000064, -1.369937495999977 ], [ 131.833429378000119, -1.346692852999979 ], [ 131.847184032000087, -1.351245662999929 ], [ 131.865331667000078, -1.324634443999969 ], [ 131.858523476000073, -1.360540244999925 ], [ 131.879209739000089, -1.363137303999963 ], [ 131.882443780000017, -1.355359204999957 ], [ 131.873808611000072, -1.348151388999952 ], [ 131.886423611000055, -1.345148332999941 ], [ 131.890743525000062, -1.310966277999967 ], [ 131.883843088000049, -1.30002075699997 ], [ 131.866862500000025, -1.301029721999953 ], [ 131.866478345000019, -1.278716294999924 ], [ 131.836777385000119, -1.208513426999957 ], [ 131.850436522000109, -1.189001730999962 ], [ 131.853225556000098, -1.160031666999942 ], [ 131.866830440000058, -1.151581740999973 ], [ 131.857314167000027, -1.146055277999949 ], [ 131.866355833000057, -1.13634194399998 ], [ 131.875859952000042, -1.097010628999953 ], [ 131.883986667000045, -1.105606666999961 ], [ 131.903377500000033, -1.095963332999929 ], [ 131.919004729000108, -1.041725996999958 ], [ 131.901332572000115, -1.009814434999953 ], [ 131.92182842200009, -1.010191986999928 ], [ 131.934108930000093, -1.020547995999948 ], [ 131.942703056000028, -1.001881666999964 ], [ 131.960688254000047, -1.050445614999944 ], [ 131.963010509000014, -1.03925150799995 ], [ 131.972648806000052, -1.04788094099996 ], [ 131.969756958000062, -1.056456098999945 ], [ 131.98076195200008, -1.045504610999956 ], [ 131.981322731000091, -1.060580393999942 ], [ 131.993064142000094, -1.050312418999965 ], [ 132.002146528000026, -1.065187237999965 ], [ 132.02125167600002, -1.048336209999945 ], [ 132.030158449000055, -1.056191282999976 ], [ 132.029736581000066, -1.072414412999933 ], [ 132.056298381000033, -1.059085338999978 ], [ 132.062673854000082, -1.078607732999956 ], [ 132.068388216000017, -1.075587435999978 ], [ 132.063132358000075, -1.085817203999966 ], [ 132.084234131000017, -1.115229572999965 ], [ 132.078452408000089, -1.17171398399995 ], [ 132.087286278000079, -1.172304259999976 ], [ 132.091073910000091, -1.188512687999946 ], [ 132.076317989000017, -1.206169279999926 ], [ 132.09177119800006, -1.214984868999977 ], [ 132.087467974000106, -1.226668536999966 ], [ 132.114550866000059, -1.323885712999925 ], [ 132.169098493000092, -1.346656847999952 ], [ 132.207075140000029, -1.37273758799995 ], [ 132.256046494000088, -1.417415725999945 ], [ 132.348103184000024, -1.525889628999948 ], [ 132.420476072000042, -1.569509382999968 ], [ 132.440669057000036, -1.605473144999962 ], [ 132.422524893000059, -1.62409560499998 ], [ 132.426501061000067, -1.638231825999981 ], [ 132.41075085600005, -1.647061940999947 ], [ 132.415261614000087, -1.65619669199998 ], [ 132.406300414000043, -1.661553521999963 ], [ 132.414435062000052, -1.671750141999951 ], [ 132.400566816000037, -1.683882503999939 ], [ 132.403925795000077, -1.69853059999997 ], [ 132.396288087000016, -1.702137319999963 ], [ 132.407839637000052, -1.718457440999941 ], [ 132.401965528000119, -1.718071900999973 ], [ 132.405417820000025, -1.729643305999957 ], [ 132.39605601300002, -1.734048709999968 ], [ 132.398068325000054, -1.749989204999963 ], [ 132.391655216000117, -1.754579172999968 ], [ 132.438632531000053, -1.824588856999981 ], [ 132.446786272000054, -1.884888972999931 ], [ 132.481843900000058, -1.850911877999977 ], [ 132.495736917000045, -1.826033658999961 ], [ 132.522293316000059, -1.820244536999951 ], [ 132.626998693000019, -1.858035150999967 ], [ 132.629176786000016, -1.866977960999975 ], [ 132.619892642000082, -1.873268268999936 ], [ 132.637226276000092, -1.904080285999953 ], [ 132.618207724000058, -1.912821683999937 ], [ 132.635552514000096, -1.924885392999954 ], [ 132.646003611000083, -1.922033610999961 ], [ 132.639101037000046, -1.942055947999961 ], [ 132.65605250100009, -1.961981111999933 ], [ 132.65131430200006, -1.975691681999933 ], [ 132.639407623000011, -1.967959408999945 ], [ 132.614071624000076, -1.987216299999943 ], [ 132.634659741000064, -1.985187063999945 ], [ 132.630026518000022, -1.995553550999944 ], [ 132.645184629000028, -1.999998977999951 ], [ 132.642465598000058, -2.020902289999981 ], [ 132.666379250000091, -2.014944889999924 ], [ 132.653884120000043, -2.036068861999979 ], [ 132.688369563000037, -2.049062477999939 ], [ 132.682861065000111, -2.056664443999978 ], [ 132.695086926000045, -2.072939018999932 ], [ 132.681593893000013, -2.080860906999931 ], [ 132.695757225000079, -2.084662501999958 ], [ 132.68572929700008, -2.096341347999953 ], [ 132.672138579000034, -2.08808879299994 ], [ 132.682483166000111, -2.105033282999955 ], [ 132.671000917000015, -2.099061687999949 ], [ 132.665724168000111, -2.108934445999978 ], [ 132.650526393000064, -2.089677159999951 ], [ 132.638990885000112, -2.089760938999973 ], [ 132.63715391400001, -2.148259104999966 ], [ 132.620848967000029, -2.176072916999942 ], [ 132.605559940000035, -2.179640501999927 ], [ 132.596352759000069, -2.196180356999946 ] ] ], [ [ [ 131.819717353000101, -1.620236747999968 ], [ 131.816165900000101, -1.618942759999925 ], [ 131.820176797000045, -1.617666426999961 ], [ 131.819717353000101, -1.620236747999968 ] ] ] ] } },
{ "type": "Feature", "properties": { "kemendagri_kab_code": 9603, "kemendagri_kab_name": "Kabupaten Raja Ampat", "kemendagri_prov_code": 96, "kemendagri_prov_name": "Papua Barat Daya" }, "geometry": { "type": "MultiPolygon", "coordinates": [ [ [ [ 129.724388349000037, -1.861762504999945 ], [ 129.720863333000011, -1.866520631999947 ], [ 129.719384334000097, -1.864257033999934 ], [ 129.724388349000037, -1.861762504999945 ] ] ], [ [ [ 129.655828833000101, -1.80368705799998 ], [ 129.658802621000063, -1.813899448999962 ], [ 129.645654894000018, -1.811077415999932 ], [ 129.658732048000047, -1.816629140999964 ], [ 129.657487620000097, -1.838937554999973 ], [ 129.640948835000017, -1.821518191999928 ], [ 129.644640791000029, -1.806095727999946 ], [ 129.655828833000101, -1.80368705799998 ] ] ], [ [ [ 129.629656326000031, -1.79941295499998 ], [ 129.643591385000036, -1.799867891999952 ], [ 129.637935059000029, -1.812231310999948 ], [ 129.629656326000031, -1.79941295499998 ] ] ], [ [ [ 129.658841773000063, -1.797381770999948 ], [ 129.655702848000033, -1.800892604999945 ], [ 129.654465582000057, -1.793048713999951 ], [ 129.658841773000063, -1.797381770999948 ] ] ], [ [ [ 129.652533879000089, -1.795922628999961 ], [ 129.643230561000109, -1.804069352999932 ], [ 129.644216932000063, -1.798949886999935 ], [ 129.637638837000054, -1.793087019999973 ], [ 129.640794344000028, -1.778745077999929 ], [ 129.651050224000073, -1.784612928999934 ], [ 129.652533879000089, -1.795922628999961 ] ] ], [ [ [ 129.65693636200001, -1.787988240999937 ], [ 129.65608071500003, -1.788279256999942 ], [ 129.656395641000017, -1.787875397999926 ], [ 129.65693636200001, -1.787988240999937 ] ] ], [ [ [ 129.62621789800005, -1.776437677999979 ], [ 129.634052985000039, -1.790391151999927 ], [ 129.625544256000012, -1.794779683999934 ], [ 129.613736883000115, -1.778198677999967 ], [ 129.62621789800005, -1.776437677999979 ] ] ], [ [ [ 129.711462469000026, -1.782748337999976 ], [ 129.711244610000108, -1.783736293999937 ], [ 129.711135108, -1.78274846599993 ], [ 129.711462469000026, -1.782748337999976 ] ] ], [ [ [ 129.722831726000095, -1.779222581999932 ], [ 129.718467926000017, -1.78133928699998 ], [ 129.719180965000078, -1.778680933999965 ], [ 129.722831726000095, -1.779222581999932 ] ] ], [ [ [ 129.659181247000106, -1.774071688999925 ], [ 129.664001392000046, -1.779744751999942 ], [ 129.663438567000071, -1.786558910999929 ], [ 129.653885087000049, -1.78011814599995 ], [ 129.659181247000106, -1.774071688999925 ] ] ], [ [ [ 129.694276282000033, -1.778370647999964 ], [ 129.694216823000033, -1.778583625999943 ], [ 129.694018287000063, -1.778430642999979 ], [ 129.694276282000033, -1.778370647999964 ] ] ], [ [ [ 129.694958045000021, -1.756815152999934 ], [ 129.703604571000028, -1.779786331999958 ], [ 129.701093538, -1.78736392199994 ], [ 129.692138246000013, -1.772304885999972 ], [ 129.694958045000021, -1.756815152999934 ] ] ], [ [ [ 129.707861230000049, -1.764634441999931 ], [ 129.715457731000015, -1.771692708999979 ], [ 129.710508982000079, -1.773360256999979 ], [ 129.707861230000049, -1.764634441999931 ] ] ], [ [ [ 129.722083121000082, -1.280677174999937 ], [ 129.721590038000045, -1.28068375099997 ], [ 129.721645637000051, -1.280535043999976 ], [ 129.722083121000082, -1.280677174999937 ] ] ], [ [ [ 129.722482884000101, -1.280773111999963 ], [ 129.722680748000016, -1.280282824999972 ], [ 129.722625646000097, -1.280833834999953 ], [ 129.722482884000101, -1.280773111999963 ] ] ], [ [ [ 129.720012642000029, -1.280366541999967 ], [ 129.719412402000103, -1.28002272599997 ], [ 129.719748502000016, -1.279870720999952 ], [ 129.720012642000029, -1.280366541999967 ] ] ], [ [ [ 129.72017947400002, -1.27983557999994 ], [ 129.720331393000038, -1.279618640999956 ], [ 129.720352368000022, -1.279700304999949 ], [ 129.72017947400002, -1.27983557999994 ] ] ], [ [ [ 129.720764279000036, -1.279586434999942 ], [ 129.720790390000047, -1.27928693299998 ], [ 129.72100983100006, -1.279479255999945 ], [ 129.720764279000036, -1.279586434999942 ] ] ], [ [ [ 129.722249175000115, -1.279608487999951 ], [ 129.722330689000046, -1.279282192999972 ], [ 129.722398024000086, -1.279575874999978 ], [ 129.722249175000115, -1.279608487999951 ] ] ], [ [ [ 129.716647522000017, -1.279321870999979 ], [ 129.716710395000064, -1.278738621999935 ], [ 129.716889110000011, -1.278741095999976 ], [ 129.716647522000017, -1.279321870999979 ] ] ], [ [ [ 129.717824312000062, -1.279139878999956 ], [ 129.717801586000064, -1.278738069999974 ], [ 129.71803904300009, -1.278772582999977 ], [ 129.717824312000062, -1.279139878999956 ] ] ], [ [ [ 129.721920443000045, -1.278624850999961 ], [ 129.721899100000087, -1.279144233999943 ], [ 129.721589336000079, -1.27906429899997 ], [ 129.721920443000045, -1.278624850999961 ] ] ], [ [ [ 129.719246244000033, -1.278168895999954 ], [ 129.719364620000079, -1.277745573999937 ], [ 129.719440868000106, -1.278165441999931 ], [ 129.719246244000033, -1.278168895999954 ] ] ], [ [ [ 129.719986227000049, -1.277597571999934 ], [ 129.720062854000048, -1.277177355999925 ], [ 129.720353341000077, -1.277486242999942 ], [ 129.719986227000049, -1.277597571999934 ] ] ], [ [ [ 129.720109416000014, -1.270431954999935 ], [ 129.712738662000106, -1.273685219999948 ], [ 129.713990057000046, -1.279246833999935 ], [ 129.7231148300001, -1.282283665999955 ], [ 129.727140576000011, -1.27741268699998 ], [ 129.725512668000079, -1.271331142999941 ], [ 129.730285456000047, -1.279082754999934 ], [ 129.722269818000086, -1.282801910999979 ], [ 129.714081528000065, -1.279952348999927 ], [ 129.711894534000066, -1.275958865999939 ], [ 129.712210315000107, -1.271199298999932 ], [ 129.720109416000014, -1.270431954999935 ] ] ], [ [ [ 129.714746499000057, -1.27484624799996 ], [ 129.717995152000071, -1.276931400999956 ], [ 129.714941254000109, -1.278253878999976 ], [ 129.714746499000057, -1.27484624799996 ] ] ], [ [ [ 129.71945236800002, -1.275990137999941 ], [ 129.719480061000013, -1.275764196999944 ], [ 129.719620008000106, -1.275821316999952 ], [ 129.71945236800002, -1.275990137999941 ] ] ], [ [ [ 129.657468532000053, -1.273743769999953 ], [ 129.657399368000029, -1.27377880399996 ], [ 129.657256047000033, -1.273532074999935 ], [ 129.657468532000053, -1.273743769999953 ] ] ], [ [ [ 129.718971885000087, -1.272956801999953 ], [ 129.719210093000015, -1.273105969999961 ], [ 129.718917143000112, -1.273146961999942 ], [ 129.718971885000087, -1.272956801999953 ] ] ], [ [ [ 129.720443173000035, -1.271878593999929 ], [ 129.720473681000044, -1.274154244999977 ], [ 129.719199645000117, -1.272411015999978 ], [ 129.720443173000035, -1.271878593999929 ] ] ], [ [ [ 129.661911882000027, -1.272934020999969 ], [ 129.66183994000005, -1.272717753999927 ], [ 129.661936394, -1.272759178999934 ], [ 129.661911882000027, -1.272934020999969 ] ] ], [ [ [ 129.65714988600007, -1.272391334999952 ], [ 129.65774998400002, -1.272997284999974 ], [ 129.657987564000109, -1.273306505999926 ], [ 129.65714988600007, -1.272391334999952 ] ] ], [ [ [ 129.662483872000053, -1.272425649999946 ], [ 129.662260433000029, -1.272596414999953 ], [ 129.662307621000082, -1.272440088999929 ], [ 129.662483872000053, -1.272425649999946 ] ] ], [ [ [ 129.663773383000034, -1.272151660999953 ], [ 129.663454104000039, -1.272082532999946 ], [ 129.663525897000113, -1.271924629999944 ], [ 129.663773383000034, -1.272151660999953 ] ] ], [ [ [ 129.656992521, -1.272271240999942 ], [ 129.657031983000024, -1.271822370999928 ], [ 129.657147845000054, -1.272335133999945 ], [ 129.656992521, -1.272271240999942 ] ] ], [ [ [ 129.656861333000052, -1.271776145999979 ], [ 129.657006614000011, -1.271579961999976 ], [ 129.657040206000033, -1.271592002999967 ], [ 129.656861333000052, -1.271776145999979 ] ] ], [ [ [ 129.720180972000094, -1.271799468999973 ], [ 129.720430724000039, -1.27133779899998 ], [ 129.720457668000108, -1.271824314999947 ], [ 129.720180972000094, -1.271799468999973 ] ] ], [ [ [ 129.656358964000106, -1.271604185999934 ], [ 129.656522868000025, -1.271324013999958 ], [ 129.656487132000052, -1.271615741999938 ], [ 129.656358964000106, -1.271604185999934 ] ] ], [ [ [ 129.65708741800006, -1.271280612999931 ], [ 129.657246004000058, -1.271193029999949 ], [ 129.657152317000055, -1.271372052999936 ], [ 129.65708741800006, -1.271280612999931 ] ] ], [ [ [ 129.657179965000068, -1.271025927999972 ], [ 129.657317332000048, -1.270993965999935 ], [ 129.657220921000089, -1.27112118499997 ], [ 129.657179965000068, -1.271025927999972 ] ] ], [ [ [ 129.662818034000111, -1.271112001999938 ], [ 129.662472886000046, -1.270914940999944 ], [ 129.662866584000085, -1.270895269999926 ], [ 129.662818034000111, -1.271112001999938 ] ] ], [ [ [ 129.720163688000071, -1.270605013999955 ], [ 129.721011972000042, -1.271355262999975 ], [ 129.720200391000049, -1.271230408999941 ], [ 129.720163688000071, -1.270605013999955 ] ] ], [ [ [ 129.65585511200004, -1.270422873999962 ], [ 129.656149583000115, -1.271257263999928 ], [ 129.655710618000057, -1.271326193999926 ], [ 129.65585511200004, -1.270422873999962 ] ] ], [ [ [ 129.657123627000033, -1.270795499999963 ], [ 129.657276853000099, -1.270761473999926 ], [ 129.657178648000013, -1.270873501999972 ], [ 129.657123627000033, -1.270795499999963 ] ] ], [ [ [ 129.656968752000012, -1.270715736999932 ], [ 129.656538191000095, -1.270640508999975 ], [ 129.657006692000095, -1.270521433999932 ], [ 129.656968752000012, -1.270715736999932 ] ] ], [ [ [ 129.656315007000103, -1.270449196999948 ], [ 129.656426557000032, -1.270399423999947 ], [ 129.656419596000092, -1.27048954299994 ], [ 129.656315007000103, -1.270449196999948 ] ] ], [ [ [ 129.656520944000022, -1.270459237999944 ], [ 129.656647142000111, -1.27026959799997 ], [ 129.656690495000021, -1.270340419999968 ], [ 129.656520944000022, -1.270459237999944 ] ] ], [ [ [ 129.662741355000094, -1.270082977999948 ], [ 129.662522521000028, -1.270634002999941 ], [ 129.662450361000083, -1.270165544999941 ], [ 129.662741355000094, -1.270082977999948 ] ] ], [ [ [ 129.66458689000001, -1.270430014999931 ], [ 129.664245225000059, -1.270249970999942 ], [ 129.664551945000085, -1.270230065999954 ], [ 129.66458689000001, -1.270430014999931 ] ] ], [ [ [ 129.658158407000087, -1.270274248999954 ], [ 129.657917869000016, -1.270000868999944 ], [ 129.658111763000079, -1.26993979699995 ], [ 129.658158407000087, -1.270274248999954 ] ] ], [ [ [ 129.655920481000067, -1.268674902999976 ], [ 129.656656552000072, -1.269207796999979 ], [ 129.655987732000085, -1.269166770999959 ], [ 129.655920481000067, -1.268674902999976 ] ] ], [ [ [ 129.662441845000103, -1.268289869999933 ], [ 129.663191516000097, -1.268581887999972 ], [ 129.662729255000045, -1.26858836699995 ], [ 129.662441845000103, -1.268289869999933 ] ] ], [ [ [ 129.664207021000038, -1.268000626999935 ], [ 129.664222102000053, -1.268453499999964 ], [ 129.663770748000047, -1.268196216999968 ], [ 129.664207021000038, -1.268000626999935 ] ] ], [ [ [ 129.663836922000087, -1.267815342999938 ], [ 129.663697877000118, -1.267879335999964 ], [ 129.663453329000049, -1.267733409999948 ], [ 129.663836922000087, -1.267815342999938 ] ] ], [ [ [ 129.666886035000061, -1.263520777999929 ], [ 129.666671364000081, -1.270843953999929 ], [ 129.664009426, -1.27531081099994 ], [ 129.660544012000059, -1.275031930999944 ], [ 129.659372621000102, -1.273970858999974 ], [ 129.663328627000055, -1.274679297999967 ], [ 129.666692452, -1.268007897999951 ], [ 129.666035231000023, -1.265096920999952 ], [ 129.663569259000042, -1.266016214999979 ], [ 129.662182589000054, -1.261405246999971 ], [ 129.659107433000031, -1.261744748999945 ], [ 129.656742474000112, -1.26375730999996 ], [ 129.657664166000018, -1.264297649999946 ], [ 129.657682783000041, -1.264880780999931 ], [ 129.656325924000043, -1.263748609999936 ], [ 129.653284196000072, -1.26566414399997 ], [ 129.652411675000053, -1.268919274999973 ], [ 129.655100523000101, -1.273773189999929 ], [ 129.658070436000116, -1.27423835999997 ], [ 129.659797489000084, -1.271270102999949 ], [ 129.659188155000038, -1.274204673999975 ], [ 129.658152823000023, -1.274598861999948 ], [ 129.654651031000071, -1.274074009999936 ], [ 129.652127073000088, -1.272207653999942 ], [ 129.652540132000013, -1.265978410999935 ], [ 129.660993509000036, -1.259711888999959 ], [ 129.666886035000061, -1.263520777999929 ] ] ], [ [ [ 129.662311546000069, -1.267620360999956 ], [ 129.662319864000096, -1.267333631999975 ], [ 129.662348180000095, -1.267618703999972 ], [ 129.662311546000069, -1.267620360999956 ] ] ], [ [ [ 129.66538520600011, -1.26710247099993 ], [ 129.6653467000001, -1.26758241899995 ], [ 129.665099497000028, -1.267253426999957 ], [ 129.66538520600011, -1.26710247099993 ] ] ], [ [ [ 129.661776733000011, -1.267212370999971 ], [ 129.661943697000083, -1.26707794999993 ], [ 129.661978526000098, -1.267227638999941 ], [ 129.661776733000011, -1.267212370999971 ] ] ], [ [ [ 129.661403984000117, -1.266063159999931 ], [ 129.663226480000048, -1.267580650999946 ], [ 129.662952301000018, -1.26831141699995 ], [ 129.662787769000033, -1.267342442999961 ], [ 129.661933963000024, -1.266878403999954 ], [ 129.661403984000117, -1.266063159999931 ] ] ], [ [ [ 129.664925968000034, -1.267297217999953 ], [ 129.664271385, -1.266905093999981 ], [ 129.664925175, -1.26679747999998 ], [ 129.664925968000034, -1.267297217999953 ] ] ], [ [ [ 129.65624665200005, -1.267278580999971 ], [ 129.65609779600004, -1.266786629999956 ], [ 129.656525373000022, -1.267104299999971 ], [ 129.65624665200005, -1.267278580999971 ] ] ], [ [ [ 129.665657939000084, -1.266632113999947 ], [ 129.665230242, -1.266746801999943 ], [ 129.665340954000044, -1.26652688799993 ], [ 129.665657939000084, -1.266632113999947 ] ] ], [ [ [ 129.661434970000073, -1.266432682999948 ], [ 129.661454289000062, -1.266896679999945 ], [ 129.661295495000104, -1.266526536999947 ], [ 129.661434970000073, -1.266432682999948 ] ] ], [ [ [ 129.666062329000056, -1.266638798999963 ], [ 129.666050744000017, -1.266355061999946 ], [ 129.666235252000092, -1.266600389999951 ], [ 129.666062329000056, -1.266638798999963 ] ] ], [ [ [ 129.656512620000058, -1.265092153999944 ], [ 129.656598339000084, -1.266187699999932 ], [ 129.656055897000101, -1.265755532999947 ], [ 129.656512620000058, -1.265092153999944 ] ] ], [ [ [ 129.657014575000062, -1.26478256799993 ], [ 129.657259508000038, -1.265443579999953 ], [ 129.656922587000054, -1.265304756999967 ], [ 129.657014575000062, -1.26478256799993 ] ] ], [ [ [ 129.657433683000022, -1.265096094999933 ], [ 129.657525410000062, -1.264855072999978 ], [ 129.65758762400003, -1.264952794999942 ], [ 129.657433683000022, -1.265096094999933 ] ] ], [ [ [ 129.660836384000049, -1.265417556999978 ], [ 129.661726382000097, -1.264867229999936 ], [ 129.661346849000097, -1.26531504999997 ], [ 129.660836384000049, -1.265417556999978 ] ] ], [ [ [ 129.681176368000024, -1.262208762999933 ], [ 129.685510763000025, -1.267550794999977 ], [ 129.680614207000076, -1.265691771999968 ], [ 129.681176368000024, -1.262208762999933 ] ] ], [ [ [ 129.65779003800003, -1.263938521999933 ], [ 129.657088001000034, -1.263642395999966 ], [ 129.65798333400005, -1.263531142999966 ], [ 129.65779003800003, -1.263938521999933 ] ] ], [ [ [ 129.658540599000048, -1.263502163999931 ], [ 129.658709535000071, -1.263071 ], [ 129.658853552000096, -1.26324759299996 ], [ 129.658540599000048, -1.263502163999931 ] ] ], [ [ [ 129.659071148000066, -1.262626809999972 ], [ 129.658874918000038, -1.262756628999966 ], [ 129.658465173000081, -1.262648591999948 ], [ 129.659071148000066, -1.262626809999972 ] ] ], [ [ [ 129.692264185000113, -1.262906450999935 ], [ 129.691821238000102, -1.261456977999956 ], [ 129.692367711000088, -1.261643245999949 ], [ 129.692264185000113, -1.262906450999935 ] ] ], [ [ [ 129.682929267000077, -1.255259405999936 ], [ 129.683139980000078, -1.256435373999977 ], [ 129.682359054000017, -1.256243115999951 ], [ 129.682929267000077, -1.255259405999936 ] ] ], [ [ [ 129.666904361000093, -1.255421140999943 ], [ 129.671704105000117, -1.255511874999968 ], [ 129.670813272000032, -1.257991838999942 ], [ 129.666904361000093, -1.255421140999943 ] ] ], [ [ [ 129.682512803, -1.254678939999962 ], [ 129.682652189, -1.25459056699998 ], [ 129.682604820000051, -1.254722975999925 ], [ 129.682512803, -1.254678939999962 ] ] ], [ [ [ 129.682357640000077, -1.253038097999934 ], [ 129.682501745000081, -1.253162062999934 ], [ 129.682373650000045, -1.253217298999971 ], [ 129.682357640000077, -1.253038097999934 ] ] ], [ [ [ 129.6903799480001, -1.253490788999954 ], [ 129.683227505000104, -1.255954040999939 ], [ 129.682968942000116, -1.248944919999929 ], [ 129.684539622000102, -1.248066207999955 ], [ 129.6903799480001, -1.253490788999954 ] ] ], [ [ [ 129.677683103000049, -1.249696548999964 ], [ 129.681128723000029, -1.248211325999932 ], [ 129.68064641, -1.250478431999966 ], [ 129.677683103000049, -1.249696548999964 ] ] ], [ [ [ 129.70439805500007, -1.230233823999924 ], [ 129.70616085000006, -1.236063170999955 ], [ 129.70061750800005, -1.234026360999962 ], [ 129.70439805500007, -1.230233823999924 ] ] ], [ [ [ 129.653936901000066, -1.233181702999957 ], [ 129.646778650000101, -1.23224218799993 ], [ 129.647797470000114, -1.227434223999978 ], [ 129.653936901000066, -1.233181702999957 ] ] ], [ [ [ 129.655983885000069, -1.208744701999933 ], [ 129.647404625000036, -1.214053386999979 ], [ 129.649801399000012, -1.200779510999951 ], [ 129.655983885000069, -1.208744701999933 ] ] ], [ [ [ 129.714969327000063, -1.211599351999951 ], [ 129.704212445000053, -1.208040274999973 ], [ 129.714950926000029, -1.20254 ], [ 129.714969327000063, -1.211599351999951 ] ] ], [ [ [ 129.688306528000112, -1.198436157999936 ], [ 129.687331664000112, -1.198128204999932 ], [ 129.688455531000045, -1.19769365999997 ], [ 129.688306528000112, -1.198436157999936 ] ] ], [ [ [ 129.679856742000084, -1.192318344999933 ], [ 129.688638187000038, -1.196957220999934 ], [ 129.688665121000099, -1.19725434299994 ], [ 129.680966628000078, -1.194151173999956 ], [ 129.680139145000112, -1.192732478999972 ], [ 129.678698623000059, -1.193105041999956 ], [ 129.679856742000084, -1.192318344999933 ] ] ], [ [ [ 129.373022945000116, -1.195463804999974 ], [ 129.372621491000018, -1.192857341999968 ], [ 129.374692167000035, -1.192642578999937 ], [ 129.373022945000116, -1.195463804999974 ] ] ], [ [ [ 129.680118384000025, -1.193612194999957 ], [ 129.680354572000056, -1.194022244999928 ], [ 129.679884027000071, -1.193776523999929 ], [ 129.680118384000025, -1.193612194999957 ] ] ], [ [ [ 129.678290089000029, -1.193802261999963 ], [ 129.678505338000036, -1.193637011999954 ], [ 129.678476756, -1.193918800999938 ], [ 129.678290089000029, -1.193802261999963 ] ] ], [ [ [ 129.689661176000072, -1.193593329999942 ], [ 129.689446547000102, -1.192822194999962 ], [ 129.689768259000061, -1.193571152999937 ], [ 129.689661176000072, -1.193593329999942 ] ] ], [ [ [ 129.689547888000106, -1.193642618999945 ], [ 129.688654068000119, -1.192886205999969 ], [ 129.688898397000116, -1.192030748999969 ], [ 129.689547888000106, -1.193642618999945 ] ] ], [ [ [ 129.383115269000086, -1.188687932999926 ], [ 129.39475229300001, -1.192640942999958 ], [ 129.396116350000057, -1.196871392999981 ], [ 129.380657156000098, -1.19620628499996 ], [ 129.390681599000118, -1.19648859199998 ], [ 129.383115269000086, -1.188687932999926 ] ] ], [ [ [ 129.675194783000052, -1.192152068999974 ], [ 129.675159087000111, -1.192088297999931 ], [ 129.67523531900008, -1.192104146999952 ], [ 129.675194783000052, -1.192152068999974 ] ] ], [ [ [ 129.674254112000085, -1.192146410999953 ], [ 129.674436969000112, -1.191940644999931 ], [ 129.674491737000039, -1.192103814999939 ], [ 129.674254112000085, -1.192146410999953 ] ] ], [ [ [ 129.674642342000084, -1.191139499999963 ], [ 129.675459600000067, -1.191656672999954 ], [ 129.675389245000019, -1.192048003999957 ], [ 129.674642342000084, -1.191139499999963 ] ] ], [ [ [ 129.674291181000058, -1.190958673999944 ], [ 129.674462347000031, -1.191096701999925 ], [ 129.674279449000096, -1.191136497999935 ], [ 129.674291181000058, -1.190958673999944 ] ] ], [ [ [ 129.688254522000079, -1.190247581999927 ], [ 129.688042042, -1.191257973999939 ], [ 129.687876982000034, -1.190381152999976 ], [ 129.688254522000079, -1.190247581999927 ] ] ], [ [ [ 129.674435754000115, -1.190159912999945 ], [ 129.673513290000074, -1.191219872999966 ], [ 129.673502326000062, -1.189525248999928 ], [ 129.674435754000115, -1.190159912999945 ] ] ], [ [ [ 129.673059141000067, -1.189883097999939 ], [ 129.673153279000076, -1.18980057899995 ], [ 129.673157677000063, -1.189884692999954 ], [ 129.673059141000067, -1.189883097999939 ] ] ], [ [ [ 129.451438225000061, -1.189379806999966 ], [ 129.45126335000009, -1.190169275999949 ], [ 129.450574169000106, -1.189860913999951 ], [ 129.451438225000061, -1.189379806999966 ] ] ], [ [ [ 129.674032619000059, -1.189441346999956 ], [ 129.674297002000117, -1.189774351999972 ], [ 129.673987235000027, -1.189614374999962 ], [ 129.674032619000059, -1.189441346999956 ] ] ], [ [ [ 129.452237064000087, -1.189351375999934 ], [ 129.452220757000077, -1.189447213999927 ], [ 129.451555181000117, -1.189317724999967 ], [ 129.452237064000087, -1.189351375999934 ] ] ], [ [ [ 129.67322049400002, -1.18903187799998 ], [ 129.673379823000118, -1.18887430999996 ], [ 129.673353005000081, -1.189032568999949 ], [ 129.67322049400002, -1.18903187799998 ] ] ], [ [ [ 129.398147998000013, -1.187801288999935 ], [ 129.398630541000102, -1.188852604999965 ], [ 129.397827126000038, -1.188661068999977 ], [ 129.398147998000013, -1.187801288999935 ] ] ], [ [ [ 129.67260193900006, -1.187889690999953 ], [ 129.672648455000058, -1.187712274999967 ], [ 129.672764112000095, -1.187857200999929 ], [ 129.67260193900006, -1.187889690999953 ] ] ], [ [ [ 129.381427672000086, -1.185908942999959 ], [ 129.381584362000012, -1.185800048999965 ], [ 129.381519899000068, -1.185948013999962 ], [ 129.381427672000086, -1.185908942999959 ] ] ], [ [ [ 129.38168414800009, -1.185310787999924 ], [ 129.381143991000044, -1.185342970999955 ], [ 129.381575245000022, -1.185060949999979 ], [ 129.38168414800009, -1.185310787999924 ] ] ], [ [ [ 129.414553090000027, -1.185778703999972 ], [ 129.413475837000078, -1.184084961999929 ], [ 129.41493170800004, -1.183782381999947 ], [ 129.414553090000027, -1.185778703999972 ] ] ], [ [ [ 129.678258322000033, -1.184582793999937 ], [ 129.678528414000084, -1.184413566999979 ], [ 129.678470140000059, -1.18461750299997 ], [ 129.678258322000033, -1.184582793999937 ] ] ], [ [ [ 129.401982752000094, -1.184466765999957 ], [ 129.400842843000078, -1.183622714999956 ], [ 129.401715083000113, -1.183204586999977 ], [ 129.401982752000094, -1.184466765999957 ] ] ], [ [ [ 129.677360773000032, -1.183617814999934 ], [ 129.677829949000056, -1.184233037999945 ], [ 129.677620803000082, -1.184353552999937 ], [ 129.677360773000032, -1.183617814999934 ] ] ], [ [ [ 129.678548923000108, -1.183964568999954 ], [ 129.678782861000059, -1.183566732999964 ], [ 129.678974673000084, -1.183995144999926 ], [ 129.678548923000108, -1.183964568999954 ] ] ], [ [ [ 129.676881345000083, -1.184115762999966 ], [ 129.676293687000111, -1.183114 ], [ 129.677064090000044, -1.18361389599994 ], [ 129.676881345000083, -1.184115762999966 ] ] ], [ [ [ 129.684142942000108, -1.183438300999967 ], [ 129.682628997000052, -1.18382003399995 ], [ 129.684111008000059, -1.182479595999951 ], [ 129.684142942000108, -1.183438300999967 ] ] ], [ [ [ 129.682975412000019, -1.18310998499993 ], [ 129.683047797000086, -1.182865878999962 ], [ 129.683093850000091, -1.18289552899995 ], [ 129.682975412000019, -1.18310998499993 ] ] ], [ [ [ 129.462510413000018, -1.182883126999968 ], [ 129.462765105000017, -1.183082181999964 ], [ 129.462637179000012, -1.183121791999952 ], [ 129.462510413000018, -1.182883126999968 ] ] ], [ [ [ 129.678317184000093, -1.183286296999938 ], [ 129.678274924000107, -1.18233009599993 ], [ 129.678819142000066, -1.183229505999975 ], [ 129.678317184000093, -1.183286296999938 ] ] ], [ [ [ 129.461925634000067, -1.182362362999925 ], [ 129.461501408000117, -1.183104584999967 ], [ 129.461527292000028, -1.18287072499993 ], [ 129.461925634000067, -1.182362362999925 ] ] ], [ [ [ 129.465733153000087, -1.169391997999981 ], [ 129.475181786, -1.186551921999978 ], [ 129.458365710000066, -1.196766803999935 ], [ 129.446733510000058, -1.193831147999958 ], [ 129.444024365000018, -1.189561260999938 ], [ 129.441854747000093, -1.181758668999976 ], [ 129.443075976000046, -1.178542878999963 ], [ 129.448931955000035, -1.190487253999947 ], [ 129.452556160000086, -1.19050774599998 ], [ 129.461916899000016, -1.188390845999947 ], [ 129.465909086000011, -1.181298175999927 ], [ 129.45766788200001, -1.169929176999972 ], [ 129.454117627000073, -1.169242574999942 ], [ 129.446985488000109, -1.178857836999953 ], [ 129.443185054000082, -1.172067776999938 ], [ 129.452865123000038, -1.168569827999931 ], [ 129.465733153000087, -1.169391997999981 ] ] ], [ [ [ 129.67736389300012, -1.182861103999926 ], [ 129.677754740000069, -1.182429193999951 ], [ 129.678002995000043, -1.182639050999967 ], [ 129.67736389300012, -1.182861103999926 ] ] ], [ [ [ 129.463650932000064, -1.18253408399994 ], [ 129.463981225000111, -1.182680905999973 ], [ 129.463967798000112, -1.18280267199998 ], [ 129.463650932000064, -1.18253408399994 ] ] ], [ [ [ 129.683851891000018, -1.181172211999979 ], [ 129.686325827000019, -1.182836602999942 ], [ 129.686754323000059, -1.183943233999969 ], [ 129.684851439000113, -1.182964464999941 ], [ 129.683825560000059, -1.181768533999957 ], [ 129.683851891000018, -1.181172211999979 ] ] ], [ [ [ 129.687014933000114, -1.182734559999972 ], [ 129.687225279000018, -1.182235291999973 ], [ 129.687162435000118, -1.182737995999958 ], [ 129.687014933000114, -1.182734559999972 ] ] ], [ [ [ 129.380187587000023, -1.182341536999957 ], [ 129.379733407000117, -1.182322057999954 ], [ 129.379960044000086, -1.181542448999949 ], [ 129.380187587000023, -1.182341536999957 ] ] ], [ [ [ 129.746970059000091, -1.161195398999951 ], [ 129.718307709000101, -1.196941780999964 ], [ 129.708774345000052, -1.202544325999952 ], [ 129.699361626000041, -1.206692136999948 ], [ 129.681572576, -1.204444398999954 ], [ 129.670495584000037, -1.191575608999926 ], [ 129.673580284000082, -1.183652586999926 ], [ 129.675073694000048, -1.189087765999943 ], [ 129.672501037000075, -1.187255094999955 ], [ 129.671988236000061, -1.191158134999966 ], [ 129.67720660800012, -1.194047010999952 ], [ 129.687128247000032, -1.197135593999974 ], [ 129.681959272000086, -1.195992339999975 ], [ 129.681912384000043, -1.198390461999963 ], [ 129.688653010000053, -1.20498224399995 ], [ 129.702367346000074, -1.205108565999979 ], [ 129.708280472000069, -1.201815806999946 ], [ 129.692654021000067, -1.197974741999928 ], [ 129.688076354000032, -1.182004423999956 ], [ 129.684480629000063, -1.181252765999943 ], [ 129.685029453000084, -1.177534339999966 ], [ 129.680133517000058, -1.184018934999926 ], [ 129.681247625000083, -1.178104350999945 ], [ 129.675708506000092, -1.183625648999964 ], [ 129.673078049000083, -1.178806369999961 ], [ 129.709991097000056, -1.161778569999967 ], [ 129.745391704000099, -1.15398407899994 ], [ 129.746970059000091, -1.161195398999951 ] ] ], [ [ [ 129.445512987000029, -1.179425465999941 ], [ 129.44559958100001, -1.179256661999943 ], [ 129.445638436000081, -1.179410409999946 ], [ 129.445512987000029, -1.179425465999941 ] ] ], [ [ [ 129.446418851000089, -1.179242787999954 ], [ 129.445976841000061, -1.179592027999945 ], [ 129.445567957000094, -1.178953022999963 ], [ 129.446418851000089, -1.179242787999954 ] ] ], [ [ [ 129.377987493000091, -1.174337599999944 ], [ 129.378807471000073, -1.176407423999933 ], [ 129.381998612000075, -1.171807145999935 ], [ 129.385712977000026, -1.174190518999978 ], [ 129.378125757000021, -1.179572690999976 ], [ 129.381612399000119, -1.187523738999971 ], [ 129.376426079000112, -1.183116862999952 ], [ 129.376691666000056, -1.176069377999966 ], [ 129.37920228400003, -1.171237109999936 ], [ 129.380328019000103, -1.169894587999977 ], [ 129.377987493000091, -1.174337599999944 ] ] ], [ [ [ 129.46351354300009, -1.179046080999967 ], [ 129.463314740000101, -1.178017924999949 ], [ 129.463671647000069, -1.17909399499996 ], [ 129.46351354300009, -1.179046080999967 ] ] ], [ [ [ 129.350147932000027, -1.177674673999945 ], [ 129.350844001000041, -1.17725685399995 ], [ 129.350374500000044, -1.177927619999934 ], [ 129.350147932000027, -1.177674673999945 ] ] ], [ [ [ 129.460574294000025, -1.17566588699998 ], [ 129.460744799000054, -1.17559053399998 ], [ 129.46145497200007, -1.176380714999937 ], [ 129.460574294000025, -1.17566588699998 ] ] ], [ [ [ 129.386596253000107, -1.175710592999963 ], [ 129.386746578000043, -1.175078416999952 ], [ 129.386993851000057, -1.175418217999948 ], [ 129.386596253000107, -1.175710592999963 ] ] ], [ [ [ 129.352410481000106, -1.162475342999926 ], [ 129.373008910000067, -1.169036791999929 ], [ 129.372784661000082, -1.186914218999959 ], [ 129.352236892000064, -1.186612598999943 ], [ 129.34591574, -1.182480622999947 ], [ 129.353084342000102, -1.184183464999933 ], [ 129.352410481000106, -1.162475342999926 ] ] ], [ [ [ 129.380310966000025, -1.173747033999973 ], [ 129.380125799000098, -1.173903401999951 ], [ 129.380113059000109, -1.173613281999963 ], [ 129.380310966000025, -1.173747033999973 ] ] ], [ [ [ 129.453544490000013, -1.173731350999958 ], [ 129.453541399000073, -1.173910363999937 ], [ 129.453135656000086, -1.173232059999975 ], [ 129.453544490000013, -1.173731350999958 ] ] ], [ [ [ 129.38006150700005, -1.173388559999978 ], [ 129.380263859000024, -1.173290814999973 ], [ 129.38009288100011, -1.173487765999937 ], [ 129.38006150700005, -1.173388559999978 ] ] ], [ [ [ 129.380297391000113, -1.172792496999932 ], [ 129.380462418000093, -1.172726330999978 ], [ 129.380395227, -1.172837582999932 ], [ 129.380297391000113, -1.172792496999932 ] ] ], [ [ [ 129.380504937000069, -1.172418923999942 ], [ 129.380685633000098, -1.172305403999928 ], [ 129.380543788000068, -1.172576002999961 ], [ 129.380504937000069, -1.172418923999942 ] ] ], [ [ [ 129.455162625000071, -1.172177718999933 ], [ 129.454786628000079, -1.172367829999928 ], [ 129.454629796000063, -1.17223417799994 ], [ 129.455162625000071, -1.172177718999933 ] ] ], [ [ [ 129.380663730000038, -1.171852193999939 ], [ 129.381288972000107, -1.171575674999929 ], [ 129.380628276000039, -1.171958274999952 ], [ 129.380663730000038, -1.171852193999939 ] ] ], [ [ [ 129.381398429000114, -1.171616461999974 ], [ 129.381761251000057, -1.171716372999924 ], [ 129.381803823000041, -1.171800007999934 ], [ 129.381398429000114, -1.171616461999974 ] ] ], [ [ [ 129.380224201000033, -1.171417658999928 ], [ 129.379887123000117, -1.17152346599994 ], [ 129.37988017300006, -1.171445624999933 ], [ 129.380224201000033, -1.171417658999928 ] ] ], [ [ [ 129.421184925000034, -1.167255422999972 ], [ 129.423704820000012, -1.167022189999955 ], [ 129.421602994000068, -1.170352827999977 ], [ 129.419539772, -1.16667993599998 ], [ 129.421184925000034, -1.167255422999972 ] ] ], [ [ [ 129.313409224000111, -1.158144689999972 ], [ 129.341951898000048, -1.154977709999969 ], [ 129.352501614000062, -1.160362949999978 ], [ 129.352738004000116, -1.162062201999959 ], [ 129.324319404000107, -1.173815779999927 ], [ 129.309330757000112, -1.166988759999924 ], [ 129.315964065000117, -1.172548622999955 ], [ 129.307299891000071, -1.173741156999938 ], [ 129.310949928000014, -1.179186749999928 ], [ 129.300365771000088, -1.177191195999967 ], [ 129.313409224000111, -1.158144689999972 ] ] ], [ [ [ 129.393405540000117, -1.163144144999933 ], [ 129.396598924000045, -1.167740957999968 ], [ 129.396452487000033, -1.17102101699993 ], [ 129.39116599700003, -1.16399731599995 ], [ 129.380437626000116, -1.169776083999977 ], [ 129.386653199000079, -1.164320442999951 ], [ 129.393405540000117, -1.163144144999933 ] ] ], [ [ [ 129.420879614000114, -1.166387315999941 ], [ 129.420487785000091, -1.165605711999945 ], [ 129.420597857000075, -1.16548887099998 ], [ 129.420879614000114, -1.166387315999941 ] ] ], [ [ [ 129.420188322000058, -1.164885811999966 ], [ 129.420125383000027, -1.164871861999927 ], [ 129.420192548000045, -1.164653347999945 ], [ 129.420188322000058, -1.164885811999966 ] ] ], [ [ [ 129.42078622400004, -1.164805727999976 ], [ 129.420622963000028, -1.164463231999946 ], [ 129.420784569000034, -1.164437975999931 ], [ 129.42078622400004, -1.164805727999976 ] ] ], [ [ [ 129.406499994000114, -1.166870311999958 ], [ 129.407975754000063, -1.160957327999938 ], [ 129.408061515000099, -1.165423787999941 ], [ 129.406499994000114, -1.166870311999958 ] ] ], [ [ [ 129.420657324000103, -1.161600067999927 ], [ 129.420757617000049, -1.161729967999975 ], [ 129.420606135000071, -1.161719260999973 ], [ 129.420657324000103, -1.161600067999927 ] ] ], [ [ [ 129.420586867000111, -1.161257557999932 ], [ 129.420765023000058, -1.161302630999955 ], [ 129.420610853000085, -1.161358065999934 ], [ 129.420586867000111, -1.161257557999932 ] ] ], [ [ [ 129.421309864000023, -1.160537604999945 ], [ 129.421171550000054, -1.160105556999952 ], [ 129.421470288000023, -1.160418177999929 ], [ 129.421309864000023, -1.160537604999945 ] ] ], [ [ [ 129.419229722000068, -1.154740549999929 ], [ 129.419686818000059, -1.158315968999943 ], [ 129.420613243000048, -1.162320199999954 ], [ 129.419780704000118, -1.165581815999928 ], [ 129.419229722000068, -1.154740549999929 ] ] ], [ [ [ 129.42133027400007, -1.160040249999952 ], [ 129.421377168000049, -1.159746476999942 ], [ 129.421557276000044, -1.16005137999997 ], [ 129.42133027400007, -1.160040249999952 ] ] ], [ [ [ 129.420453028000111, -1.159896750999962 ], [ 129.420548575000112, -1.159663955999974 ], [ 129.420552026000109, -1.159902751999937 ], [ 129.420453028000111, -1.159896750999962 ] ] ], [ [ [ 129.421544983000103, -1.154346731999965 ], [ 129.427771083000039, -1.154436627999928 ], [ 129.428830331000086, -1.156315044999928 ], [ 129.423490738000055, -1.165414691999956 ], [ 129.428464086000076, -1.156146319999948 ], [ 129.421544983000103, -1.154346731999965 ] ] ], [ [ [ 129.421207336000066, -1.159704406999936 ], [ 129.420736206000015, -1.159357450999948 ], [ 129.420721665000087, -1.15912209499993 ], [ 129.420865027000104, -1.159114346999957 ], [ 129.421207336000066, -1.159704406999936 ] ] ], [ [ [ 129.420395795000104, -1.159506786999941 ], [ 129.420408564000013, -1.159300629999962 ], [ 129.420452117000082, -1.159514504999947 ], [ 129.420395795000104, -1.159506786999941 ] ] ], [ [ [ 129.424768905000064, -1.159084176999954 ], [ 129.424913724000021, -1.159138110999947 ], [ 129.424872999000058, -1.159625317999939 ], [ 129.424768905000064, -1.159084176999954 ] ] ], [ [ [ 129.420289919000084, -1.159119399999952 ], [ 129.420264323000083, -1.159201866999979 ], [ 129.420236154, -1.159141744999943 ], [ 129.420289919000084, -1.159119399999952 ] ] ], [ [ [ 129.424984661000053, -1.158478083999967 ], [ 129.425020450000034, -1.158100771999955 ], [ 129.425043660000028, -1.158477314999971 ], [ 129.424984661000053, -1.158478083999967 ] ] ], [ [ [ 129.425082355000086, -1.157576143999961 ], [ 129.42523320600003, -1.157691868999962 ], [ 129.425031643000011, -1.158059425999966 ], [ 129.425082355000086, -1.157576143999961 ] ] ], [ [ [ 129.426214446000017, -1.157473171999925 ], [ 129.426402606000011, -1.157345371999952 ], [ 129.426712464000047, -1.157130367999969 ], [ 129.426553452, -1.157370897999954 ], [ 129.426214446000017, -1.157473171999925 ] ] ], [ [ [ 129.427281957000105, -1.157024195999952 ], [ 129.426949877000084, -1.156975229999944 ], [ 129.427327123000055, -1.156960407999975 ], [ 129.427281957000105, -1.157024195999952 ] ] ], [ [ [ 129.427484938000021, -1.15688892999998 ], [ 129.427631582000117, -1.156642647999945 ], [ 129.427777082000034, -1.156629046999967 ], [ 129.427484938000021, -1.15688892999998 ] ] ], [ [ [ 129.439862703000017, -1.152629675999947 ], [ 129.443722342000115, -1.161113905999969 ], [ 129.441699653000114, -1.161665684999946 ], [ 129.439862703000017, -1.152629675999947 ] ] ], [ [ [ 130.022526634000087, -2.030276239999978 ], [ 130.025972990000014, -2.03210997399998 ], [ 130.021162352000033, -2.032081470999969 ], [ 130.022526634000087, -2.030276239999978 ] ] ], [ [ [ 130.017136057000016, -2.030081464999967 ], [ 130.016289918000098, -2.03218123299996 ], [ 130.015448531000061, -2.031492395999976 ], [ 130.017136057000016, -2.030081464999967 ] ] ], [ [ [ 130.012693348000084, -2.029847496999935 ], [ 130.012912013000118, -2.029815192999934 ], [ 130.012921521000067, -2.030029920999937 ], [ 130.012693348000084, -2.029847496999935 ] ] ], [ [ [ 130.011085682000044, -2.030013768999936 ], [ 130.012326371000086, -2.029130154999962 ], [ 130.011309101000052, -2.030360562999931 ], [ 130.011085682000044, -2.030013768999936 ] ] ], [ [ [ 130.003545664000058, -2.029002926999965 ], [ 130.002896799000041, -2.029469674999973 ], [ 130.00250819200005, -2.029323593999948 ], [ 130.003545664000058, -2.029002926999965 ] ] ], [ [ [ 130.002665774000093, -2.026073576999977 ], [ 130.002527920000034, -2.027902565999966 ], [ 130.00174357700007, -2.026372865999974 ], [ 130.002665774000093, -2.026073576999977 ] ] ], [ [ [ 129.995373907000044, -2.018071533999944 ], [ 129.99569870400012, -2.017778860999954 ], [ 129.995648735000032, -2.018150056999957 ], [ 129.995373907000044, -2.018071533999944 ] ] ], [ [ [ 129.988477040000021, -2.017176856999924 ], [ 129.988780421000115, -2.017369592999955 ], [ 129.98846990100003, -2.017358885999954 ], [ 129.988477040000021, -2.017176856999924 ] ] ], [ [ [ 129.982767523, -2.01288668899997 ], [ 129.983124442000076, -2.012865273999978 ], [ 129.982796076000113, -2.012990194999929 ], [ 129.982767523, -2.01288668899997 ] ] ], [ [ [ 129.985904842000082, -2.011740977999978 ], [ 129.983820434000108, -2.012590445999933 ], [ 129.985897704000081, -2.011166338999942 ], [ 129.985904842000082, -2.011740977999978 ] ] ], [ [ [ 129.93760416300006, -2.003868729999965 ], [ 129.93808303000003, -2.003910370999961 ], [ 129.937500062000026, -2.004044214999965 ], [ 129.93760416300006, -2.003868729999965 ] ] ], [ [ [ 129.778472555, -1.845012993999944 ], [ 129.778689394000025, -1.845058602999927 ], [ 129.778605501000015, -1.845143017999931 ], [ 129.778472555, -1.845012993999944 ] ] ], [ [ [ 129.761948675000099, -1.843023528999936 ], [ 129.761577895000073, -1.846007239999949 ], [ 129.760218366000117, -1.844610407999937 ], [ 129.761948675000099, -1.843023528999936 ] ] ], [ [ [ 129.814777109000033, -1.833916405999958 ], [ 129.815110234000031, -1.834106762999966 ], [ 129.814853252000034, -1.834216217999938 ], [ 129.814777109000033, -1.833916405999958 ] ] ], [ [ [ 129.82825076600011, -1.826546212999972 ], [ 129.828339896000102, -1.826774268999941 ], [ 129.828158071000075, -1.826656677999949 ], [ 129.82825076600011, -1.826546212999972 ] ] ], [ [ [ 129.817235194000091, -1.825416450999967 ], [ 129.816707958000052, -1.824889619999965 ], [ 129.81743860000006, -1.824679006999929 ], [ 129.817235194000091, -1.825416450999967 ] ] ], [ [ [ 129.846100018000016, -1.82387082799994 ], [ 129.845669636000025, -1.822932438999942 ], [ 129.84614659600004, -1.822798159999934 ], [ 129.846100018000016, -1.82387082799994 ] ] ], [ [ [ 129.834638907000112, -1.744585041999926 ], [ 129.831261718000064, -1.742526709999936 ], [ 129.835867624000116, -1.741569753999954 ], [ 129.834638907000112, -1.744585041999926 ] ] ], [ [ [ 129.951296021000076, -1.718057165999937 ], [ 129.952693285, -1.716296804999956 ], [ 129.953154380000115, -1.717340947999958 ], [ 129.951296021000076, -1.718057165999937 ] ] ], [ [ [ 129.929869907000011, -1.719249432999959 ], [ 129.928712874000098, -1.71489549599994 ], [ 129.931786609000028, -1.716221908999955 ], [ 129.929869907000011, -1.719249432999959 ] ] ], [ [ [ 129.949561988000028, -1.717249338999977 ], [ 129.948729177000018, -1.716556320999928 ], [ 129.949621475000072, -1.717180928999937 ], [ 129.949561988000028, -1.717249338999977 ] ] ], [ [ [ 129.946144453000102, -1.713994188999948 ], [ 129.944687068, -1.720289099999945 ], [ 129.936757514000078, -1.719135060999974 ], [ 129.938870475000044, -1.71462360299995 ], [ 129.946144453000102, -1.713994188999948 ] ] ], [ [ [ 129.946010048000062, -1.715780020999944 ], [ 129.94780646300012, -1.71520445699997 ], [ 129.946509735000063, -1.716712769999958 ], [ 129.946010048000062, -1.715780020999944 ] ] ], [ [ [ 129.779742547000069, -1.70539088299995 ], [ 129.784302447000073, -1.71503053899994 ], [ 129.782579238000039, -1.725242756999933 ], [ 129.778315767000095, -1.720431735999966 ], [ 129.779742547000069, -1.70539088299995 ] ] ], [ [ [ 129.953703751000035, -1.712783977999948 ], [ 129.954901697000082, -1.714358887999936 ], [ 129.95333336200008, -1.713158847999978 ], [ 129.953703751000035, -1.712783977999948 ] ] ], [ [ [ 130.004535392000093, -1.711958263999975 ], [ 130.004171334000034, -1.714223510999943 ], [ 130.002488260000064, -1.713573295999936 ], [ 130.004535392000093, -1.711958263999975 ] ] ], [ [ [ 129.832173630000057, -1.712158004999935 ], [ 129.835392527000067, -1.713939063999931 ], [ 129.832668983000076, -1.71379860199994 ], [ 129.832173630000057, -1.712158004999935 ] ] ], [ [ [ 129.789715514000022, -1.709396640999955 ], [ 129.794941987000016, -1.710809968999968 ], [ 129.792729382000061, -1.713618224999948 ], [ 129.789715514000022, -1.709396640999955 ] ] ], [ [ [ 129.765414528000065, -1.699924 ], [ 129.778118647000042, -1.714305453999941 ], [ 129.774528316000101, -1.717808880999939 ], [ 129.765414528000065, -1.699924 ] ] ], [ [ [ 129.942348079000112, -1.707966090999946 ], [ 129.941615977000083, -1.706969471999969 ], [ 129.942282226000088, -1.707095583999944 ], [ 129.942348079000112, -1.707966090999946 ] ] ], [ [ [ 129.955422276000036, -1.70153221299995 ], [ 129.953809001000081, -1.701014680999947 ], [ 129.95457994700007, -1.70044717899998 ], [ 129.955422276000036, -1.70153221299995 ] ] ], [ [ [ 130.007358503000091, -1.700767301999974 ], [ 130.004552524000019, -1.69742772799998 ], [ 130.007361478, -1.696746012999938 ], [ 130.007358503000091, -1.700767301999974 ] ] ], [ [ [ 129.783172782000065, -1.695287067999971 ], [ 129.790897906000055, -1.698996293999926 ], [ 129.789038826000024, -1.702061760999925 ], [ 129.783172782000065, -1.695287067999971 ] ] ], [ [ [ 129.987244803000067, -1.67760213899993 ], [ 129.991647281000041, -1.679048773999966 ], [ 129.987320392000015, -1.680715476999978 ], [ 129.987244803000067, -1.67760213899993 ] ] ], [ [ [ 129.870973654000068, -1.673558184999933 ], [ 129.874756037000111, -1.678365157999963 ], [ 129.868571921000012, -1.676959572999976 ], [ 129.870973654000068, -1.673558184999933 ] ] ], [ [ [ 129.855740603000072, -1.668774241999927 ], [ 129.87074494400008, -1.670970009999962 ], [ 129.85826084100006, -1.673926006999977 ], [ 129.855740603000072, -1.668774241999927 ] ] ], [ [ [ 129.993699505000109, -1.664990677999924 ], [ 129.994097470000042, -1.664116106999927 ], [ 129.993904733000022, -1.665014115999952 ], [ 129.993699505000109, -1.664990677999924 ] ] ], [ [ [ 129.998090103000095, -1.657358966999936 ], [ 129.997679257000073, -1.658887237999977 ], [ 129.996820384000102, -1.657956772999967 ], [ 129.998090103000095, -1.657358966999936 ] ] ], [ [ [ 129.971692961000031, -1.652294781999956 ], [ 129.970939790000102, -1.650972833999958 ], [ 129.972452062000116, -1.651458930999979 ], [ 129.971692961000031, -1.652294781999956 ] ] ], [ [ [ 129.909911007000119, -1.628435599999932 ], [ 129.923401911000042, -1.644799011999964 ], [ 129.912369568000031, -1.650677062999932 ], [ 129.909911007000119, -1.628435599999932 ] ] ], [ [ [ 129.995708555000078, -1.594144927999935 ], [ 129.999188485000104, -1.59534064199994 ], [ 129.997564503000035, -1.597165688999951 ], [ 129.995708555000078, -1.594144927999935 ] ] ], [ [ [ 129.723279031000061, -1.280757833999928 ], [ 129.723168453000085, -1.280524746999959 ], [ 129.723298310000018, -1.280538150999973 ], [ 129.723279031000061, -1.280757833999928 ] ] ], [ [ [ 129.723416460000067, -1.280062706999956 ], [ 129.723309327000038, -1.279524358999936 ], [ 129.723488480000015, -1.279453399999966 ], [ 129.723416460000067, -1.280062706999956 ] ] ], [ [ [ 129.722860284000035, -1.278815133999956 ], [ 129.722470124000097, -1.278936900999952 ], [ 129.722517879000065, -1.27873791199994 ], [ 129.722860284000035, -1.278815133999956 ] ] ], [ [ [ 129.724260876000017, -1.278402396999979 ], [ 129.724098567000055, -1.278057092999973 ], [ 129.724245560000099, -1.278064491999942 ], [ 129.724260876000017, -1.278402396999979 ] ] ], [ [ [ 129.726706936000028, -1.276902333999942 ], [ 129.726207403000103, -1.276344940999934 ], [ 129.72655614700011, -1.276131421999935 ], [ 129.726706936000028, -1.276902333999942 ] ] ], [ [ [ 129.725463361000038, -1.274721444999955 ], [ 129.726335507000044, -1.275350462999938 ], [ 129.726234631000011, -1.276141761999952 ], [ 129.725463361000038, -1.274721444999955 ] ] ], [ [ [ 129.72468368400007, -1.275181094999937 ], [ 129.724490184000047, -1.274807038999938 ], [ 129.724856273000114, -1.274872076999941 ], [ 129.72468368400007, -1.275181094999937 ] ] ], [ [ [ 129.725019902000099, -1.274195450999969 ], [ 129.725038421000022, -1.274553436999952 ], [ 129.724424029000033, -1.274456800999928 ], [ 129.725019902000099, -1.274195450999969 ] ] ], [ [ [ 129.724220930000115, -1.274173111999971 ], [ 129.72395812100001, -1.273768203999964 ], [ 129.724477654000111, -1.273948649999966 ], [ 129.724220930000115, -1.274173111999971 ] ] ], [ [ [ 129.750379432000045, -1.266214071999968 ], [ 129.768767727000068, -1.271886428999949 ], [ 129.749853611000049, -1.27534531799995 ], [ 129.750379432000045, -1.266214071999968 ] ] ], [ [ [ 129.738265002000048, -1.266207483999949 ], [ 129.735793849000061, -1.26540747699994 ], [ 129.737337914000022, -1.264678691999961 ], [ 129.738265002000048, -1.266207483999949 ] ] ], [ [ [ 129.728053057000011, -1.259189557999946 ], [ 129.729652311000109, -1.261992690999932 ], [ 129.727528178000057, -1.261666094999953 ], [ 129.728053057000011, -1.259189557999946 ] ] ], [ [ [ 129.745905138000012, -1.256639887999938 ], [ 129.74186966100001, -1.25602555699993 ], [ 129.742923850000011, -1.254168866999976 ], [ 129.745905138000012, -1.256639887999938 ] ] ], [ [ [ 129.760824579000086, -1.252203701999974 ], [ 129.758724532000087, -1.251740927999947 ], [ 129.758681427000056, -1.250840553999979 ], [ 129.760824579000086, -1.252203701999974 ] ] ], [ [ [ 129.787086794000061, -1.247074872999974 ], [ 129.787350928000023, -1.246282470999972 ], [ 129.787495001000025, -1.246738702999949 ], [ 129.787086794000061, -1.247074872999974 ] ] ], [ [ [ 129.77633705300002, -1.244195472999934 ], [ 129.770527468000068, -1.246603378999964 ], [ 129.770286761000079, -1.243887307999955 ], [ 129.77633705300002, -1.244195472999934 ] ] ], [ [ [ 129.790227335000054, -1.24720952399997 ], [ 129.795714371000031, -1.246616987999971 ], [ 129.795612398000117, -1.248418700999935 ], [ 129.790227335000054, -1.24720952399997 ] ] ], [ [ [ 129.787498776, -1.245570317999977 ], [ 129.785262703000058, -1.243302333999964 ], [ 129.786815740000065, -1.243421878999925 ], [ 129.787498776, -1.245570317999977 ] ] ], [ [ [ 129.80626799300012, -1.229537505999929 ], [ 129.806437470000105, -1.22912028099995 ], [ 129.806614700000068, -1.229440033999936 ], [ 129.80626799300012, -1.229537505999929 ] ] ], [ [ [ 129.837814608000031, -1.22742858099997 ], [ 129.83735484400006, -1.228439504999926 ], [ 129.837050600000111, -1.227755148999961 ], [ 129.837814608000031, -1.22742858099997 ] ] ], [ [ [ 129.828102043000058, -1.220045733999939 ], [ 129.812193408000098, -1.230472555999938 ], [ 129.806697134000046, -1.228652775999933 ], [ 129.788741795000078, -1.229393768999955 ], [ 129.828102043000058, -1.220045733999939 ] ] ], [ [ [ 129.739355504000059, -1.227413499999955 ], [ 129.727548270000057, -1.227768161999961 ], [ 129.730295749000106, -1.220116800999961 ], [ 129.739355504000059, -1.227413499999955 ] ] ], [ [ [ 129.787854812000091, -1.216963990999943 ], [ 129.777911231000076, -1.231086543999936 ], [ 129.766344211000046, -1.229681704999962 ], [ 129.774944861000108, -1.218945730999963 ], [ 129.787854812000091, -1.216963990999943 ] ] ], [ [ [ 129.796001604000026, -1.218806451999967 ], [ 129.797659106000083, -1.221286562999978 ], [ 129.795083882000085, -1.220371267999951 ], [ 129.796001604000026, -1.218806451999967 ] ] ], [ [ [ 129.833693778000111, -1.218264380999926 ], [ 129.832189958000072, -1.218416666999929 ], [ 129.833712813000034, -1.217788488999929 ], [ 129.833693778000111, -1.218264380999926 ] ] ], [ [ [ 129.882868320000057, -1.14681638299993 ], [ 129.894493632000035, -1.160436540999967 ], [ 129.977916117000063, -1.171481321999977 ], [ 129.970890810000014, -1.183142903999965 ], [ 129.965597183000114, -1.177905356999929 ], [ 129.96288718400001, -1.188548799999978 ], [ 129.941761623000048, -1.197817824999959 ], [ 129.933325661000026, -1.215536608999969 ], [ 129.922795354000073, -1.21163336099994 ], [ 129.928129277000039, -1.185827565999944 ], [ 129.866917467, -1.237901284999964 ], [ 129.840143117000025, -1.242161715999941 ], [ 129.833661109000104, -1.250559405999979 ], [ 129.824254389000089, -1.249405885999977 ], [ 129.818763621000016, -1.24731767399993 ], [ 129.818079793000038, -1.246302942999932 ], [ 129.839673479000112, -1.227139100999977 ], [ 129.838993850000065, -1.223569357999963 ], [ 129.853483408000102, -1.22242111099996 ], [ 129.848774502000083, -1.217171585999949 ], [ 129.854432266000117, -1.213749070999938 ], [ 129.862720242000023, -1.212212460999979 ], [ 129.865832595000029, -1.225677792999932 ], [ 129.887554779000084, -1.19651683799998 ], [ 129.818342211000072, -1.216411180999955 ], [ 129.795845239000073, -1.204601 ], [ 129.745146152000075, -1.220260454999959 ], [ 129.731717123000067, -1.207159631999957 ], [ 129.733713045000059, -1.191453290999959 ], [ 129.757414798000013, -1.172287024999946 ], [ 129.826744555000118, -1.16392835399995 ], [ 129.835471100000063, -1.155215508999959 ], [ 129.853327073000059, -1.15634893999993 ], [ 129.866353071000049, -1.144292549999932 ], [ 129.882868320000057, -1.14681638299993 ] ] ], [ [ [ 129.790165047000073, -1.160961290999978 ], [ 129.78606108800011, -1.160400713999934 ], [ 129.789674214000115, -1.159549744999936 ], [ 129.790165047000073, -1.160961290999978 ] ] ], [ [ [ 129.77591355200002, -1.157455396999978 ], [ 129.77850111500004, -1.161247664999962 ], [ 129.771526842000071, -1.160715223999944 ], [ 129.77591355200002, -1.157455396999978 ] ] ], [ [ [ 129.793782035000049, -1.158505031999937 ], [ 129.793990680000093, -1.158647471999927 ], [ 129.793790875000013, -1.158843247999926 ], [ 129.793782035000049, -1.158505031999937 ] ] ], [ [ [ 129.797711203000063, -1.159134138999946 ], [ 129.797058174000085, -1.155882406999979 ], [ 129.802084885000113, -1.156193642999938 ], [ 129.797711203000063, -1.159134138999946 ] ] ], [ [ [ 129.78145350200009, -1.152091377999966 ], [ 129.769875841000044, -1.159042652999972 ], [ 129.761225062000108, -1.156518371999937 ], [ 129.769852385000036, -1.147609060999969 ], [ 129.78145350200009, -1.152091377999966 ] ] ], [ [ [ 129.85068513300007, -1.149748083999953 ], [ 129.83781710400001, -1.151982505999968 ], [ 129.851400477000084, -1.143780088999961 ], [ 129.85068513300007, -1.149748083999953 ] ] ], [ [ [ 129.742254644000013, -0.877479703999938 ], [ 129.741326414000014, -0.875677819999964 ], [ 129.743302774000085, -0.875332291999939 ], [ 129.742254644000013, -0.877479703999938 ] ] ], [ [ [ 129.770420423000019, -0.845848245999946 ], [ 129.767479409000089, -0.841479555999967 ], [ 129.774227561000089, -0.842926267999928 ], [ 129.770420423000019, -0.845848245999946 ] ] ], [ [ [ 129.899898894000103, -0.842045664999944 ], [ 129.893734004000066, -0.836666031999926 ], [ 129.897056638000095, -0.83000381599993 ], [ 129.904812406000019, -0.836510142999941 ], [ 129.899898894000103, -0.842045664999944 ] ] ], [ [ [ 129.780559915000026, -0.767275925999968 ], [ 129.798253945000056, -0.773374635999971 ], [ 129.798821604000068, -0.775281800999949 ], [ 129.780559915000026, -0.767275925999968 ] ] ], [ [ [ 129.891234936000046, -0.397942188999934 ], [ 129.912716653000075, -0.400166099999979 ], [ 129.92423701000007, -0.414136060999965 ], [ 129.914868274000014, -0.43036804299993 ], [ 129.919093711000073, -0.442598574999977 ], [ 129.902642180000043, -0.439646654999933 ], [ 129.906813577000094, -0.466524848999939 ], [ 129.897929836000117, -0.472511427999962 ], [ 129.90066996500002, -0.479731859999958 ], [ 129.874414836000028, -0.497997186999953 ], [ 129.864465516000109, -0.492299170999956 ], [ 129.845621648000019, -0.43926902499993 ], [ 129.860097778000068, -0.411048685999958 ], [ 129.867571019000025, -0.415478081999936 ], [ 129.868006636000018, -0.415116897999951 ], [ 129.868345412000053, -0.41450772099995 ], [ 129.868646874000092, -0.41253753899997 ], [ 129.870321770000032, -0.411777748999953 ], [ 129.870039147000057, -0.409142767999924 ], [ 129.876760145000048, -0.410408124999947 ], [ 129.891234936000046, -0.397942188999934 ] ] ], [ [ [ 129.867832189000069, -0.415147812999976 ], [ 129.867735424000102, -0.415133535999928 ], [ 129.867862329000104, -0.415116085999955 ], [ 129.867832189000069, -0.415147812999976 ] ] ], [ [ [ 129.877382712000099, -0.408456241999943 ], [ 129.877501445, -0.408165170999951 ], [ 129.877496466000025, -0.408486866999965 ], [ 129.877382712000099, -0.408456241999943 ] ] ], [ [ [ 130.037011135000057, 0.151889269000037 ], [ 130.037097802000062, 0.152337187000057 ], [ 130.03736707600001, 0.152006540000059 ], [ 130.037011135000057, 0.151889269000037 ] ] ], [ [ [ 130.031965358000093, 0.16128558500003 ], [ 130.037034001000052, 0.155384103000074 ], [ 130.026030159000015, 0.159533615000043 ], [ 130.031965358000093, 0.16128558500003 ] ] ], [ [ [ 130.025631584000052, 0.159645107000074 ], [ 130.025124961000074, 0.160308971000063 ], [ 130.025496013000065, 0.160350202000075 ], [ 130.025631584000052, 0.159645107000074 ] ] ], [ [ [ 130.020503529000052, 0.160099484000057 ], [ 130.020427999000049, 0.159931524000058 ], [ 130.020398732000103, 0.160084166000047 ], [ 130.020503529000052, 0.160099484000057 ] ] ], [ [ [ 130.027791170000114, 0.160478132000037 ], [ 130.028198058000044, 0.160678007000058 ], [ 130.028119535000087, 0.16039961000007 ], [ 130.027791170000114, 0.160478132000037 ] ] ], [ [ [ 130.017940921000104, 0.160733077000032 ], [ 130.017958361000069, 0.160540842000046 ], [ 130.017879596000057, 0.160554343000058 ], [ 130.017940921000104, 0.160733077000032 ] ] ], [ [ [ 130.037540813000078, 0.16110797400006 ], [ 130.037601272000074, 0.16104303100002 ], [ 130.037548259000118, 0.161041749000049 ], [ 130.037540813000078, 0.16110797400006 ] ] ], [ [ [ 130.016544743000054, 0.162595938000038 ], [ 130.021964191000052, 0.161079603000076 ], [ 130.022293826, 0.163026419000062 ], [ 130.024511013000051, 0.159265725000068 ], [ 130.016544743000054, 0.162595938000038 ] ] ], [ [ [ 130.036031998000112, 0.161222047000024 ], [ 130.036328963000074, 0.161239391000038 ], [ 130.036054500000091, 0.161098118000041 ], [ 130.036031998000112, 0.161222047000024 ] ] ], [ [ [ 130.026525959000082, 0.160940835000019 ], [ 130.02648767800008, 0.161602640000069 ], [ 130.026796337000064, 0.161321018000024 ], [ 130.026525959000082, 0.160940835000019 ] ] ], [ [ [ 130.020490827000117, 0.162150645000054 ], [ 130.020628296000041, 0.16219548700002 ], [ 130.020597642000098, 0.162090367000076 ], [ 130.020490827000117, 0.162150645000054 ] ] ], [ [ [ 130.029582294000079, 0.162254235000034 ], [ 130.029732075000084, 0.162696407000055 ], [ 130.029707457000086, 0.162215594000031 ], [ 130.029582294000079, 0.162254235000034 ] ] ], [ [ [ 130.027684527000019, 0.16253901400006 ], [ 130.027796552000041, 0.162462662000053 ], [ 130.027679732000024, 0.162435612000024 ], [ 130.027684527000019, 0.16253901400006 ] ] ], [ [ [ 130.031616997000015, 0.163228178000054 ], [ 130.030222559000094, 0.161692691000042 ], [ 130.031140182000058, 0.16393062100002 ], [ 130.031616997000015, 0.163228178000054 ] ] ], [ [ [ 130.038754505000043, 0.162389414000074 ], [ 130.038463812000032, 0.163256435000051 ], [ 130.038931753000043, 0.16283158300007 ], [ 130.038754505000043, 0.162389414000074 ] ] ], [ [ [ 130.010665154000094, 0.163598014000058 ], [ 130.011044043000084, 0.163832347000039 ], [ 130.011030139000013, 0.163579189000075 ], [ 130.010665154000094, 0.163598014000058 ] ] ], [ [ [ 130.030634911000107, 0.163931479000041 ], [ 130.030796286000054, 0.164077841000051 ], [ 130.030796062000036, 0.163916247000031 ], [ 130.030634911000107, 0.163931479000041 ] ] ], [ [ [ 130.029744092000101, 0.164532558000076 ], [ 130.029840527000033, 0.16445636900005 ], [ 130.029683094, 0.164437408000026 ], [ 130.029744092000101, 0.164532558000076 ] ] ], [ [ [ 130.029909985000018, 0.164646030000029 ], [ 130.029963475000045, 0.164659207000057 ], [ 130.029964749000101, 0.16462384600004 ], [ 130.029909985000018, 0.164646030000029 ] ] ], [ [ [ 130.013919605000069, 0.164912098000059 ], [ 130.014150542000039, 0.165152653000064 ], [ 130.014254895000022, 0.164920657000039 ], [ 130.013919605000069, 0.164912098000059 ] ] ], [ [ [ 130.023039877000087, 0.164752982000039 ], [ 130.023531124000101, 0.165304817000049 ], [ 130.023706204000064, 0.164964042000065 ], [ 130.023039877000087, 0.164752982000039 ] ] ], [ [ [ 130.024077360000092, 0.16510665800007 ], [ 130.024142815000118, 0.165038069000047 ], [ 130.02404755200007, 0.165026821000026 ], [ 130.024077360000092, 0.16510665800007 ] ] ], [ [ [ 130.024073657000031, 0.167701553000029 ], [ 130.027723679000019, 0.165945643000043 ], [ 130.029349817000025, 0.162803068000073 ], [ 130.024073657000031, 0.167701553000029 ] ] ], [ [ [ 130.017921980000096, 0.166457598000022 ], [ 130.021855519000042, 0.166873702000032 ], [ 130.022454438000068, 0.16443481500005 ], [ 130.014410103000046, 0.16711835600006 ], [ 130.017921980000096, 0.166457598000022 ] ] ], [ [ [ 130.031263581000076, 0.166264278000028 ], [ 130.031531113000028, 0.166152285000067 ], [ 130.031253616000072, 0.166079806000027 ], [ 130.031263581000076, 0.166264278000028 ] ] ], [ [ [ 130.032232288000046, 0.165568566000047 ], [ 130.035391976000028, 0.166491345000054 ], [ 130.040573939000069, 0.165223943000058 ], [ 130.041158192000012, 0.163187402000062 ], [ 130.032232288000046, 0.165568566000047 ] ] ], [ [ [ 130.019638888000031, 0.166700716000037 ], [ 130.019838156000105, 0.166871084000036 ], [ 130.01979695600005, 0.166662769000027 ], [ 130.019638888000031, 0.166700716000037 ] ] ], [ [ [ 130.032011272000091, 0.16686938700002 ], [ 130.032237785, 0.166915671000027 ], [ 130.032235216000117, 0.166763077000041 ], [ 130.032011272000091, 0.16686938700002 ] ] ], [ [ [ 130.037034344000062, 0.166794375000052 ], [ 130.036847567000109, 0.167310350000037 ], [ 130.03712026200003, 0.167137379000053 ], [ 130.037034344000062, 0.166794375000052 ] ] ], [ [ [ 130.018380796000088, 0.167257944000028 ], [ 130.018481086000065, 0.167698997000059 ], [ 130.018650305000051, 0.167301006000059 ], [ 130.018380796000088, 0.167257944000028 ] ] ], [ [ [ 130.033708703000116, 0.167510411000023 ], [ 130.033824507000077, 0.167539125000076 ], [ 130.033803650000095, 0.167481695000049 ], [ 130.033708703000116, 0.167510411000023 ] ] ], [ [ [ 130.022068348000062, 0.167253888000062 ], [ 130.022306387000071, 0.167937119000044 ], [ 130.022313586000109, 0.167274029000055 ], [ 130.022068348000062, 0.167253888000062 ] ] ], [ [ [ 130.019698708000078, 0.167673695000076 ], [ 130.019750435000105, 0.167627568000057 ], [ 130.019698868000091, 0.167627570000036 ], [ 130.019698708000078, 0.167673695000076 ] ] ], [ [ [ 130.031864345000031, 0.167752557000028 ], [ 130.029398707000041, 0.167706183000064 ], [ 130.029658447000088, 0.16926412600003 ], [ 130.031864345000031, 0.167752557000028 ] ] ], [ [ [ 130.020026441000027, 0.168045328000062 ], [ 130.020208619000073, 0.168039312000076 ], [ 130.020042089000071, 0.167949314000055 ], [ 130.020026441000027, 0.168045328000062 ] ] ], [ [ [ 130.014146611000115, 0.168404151000061 ], [ 130.014078084000062, 0.168844473000036 ], [ 130.014203261000034, 0.16887457100006 ], [ 130.014146611000115, 0.168404151000061 ] ] ], [ [ [ 130.038514918000033, 0.167708367000046 ], [ 130.036491607000016, 0.168895242000076 ], [ 130.037718724000115, 0.170297160000075 ], [ 130.038514918000033, 0.167708367000046 ] ] ], [ [ [ 130.020698491000076, 0.168725958000039 ], [ 130.020419403000119, 0.168827558000032 ], [ 130.020729365000079, 0.168896127000039 ], [ 130.020698491000076, 0.168725958000039 ] ] ], [ [ [ 130.031812657000046, 0.168862765000029 ], [ 130.032119623000085, 0.168882893000045 ], [ 130.032009771000048, 0.168750875000057 ], [ 130.031812657000046, 0.168862765000029 ] ] ], [ [ [ 130.03270012400003, 0.168796438000072 ], [ 130.032698887000038, 0.169517391000056 ], [ 130.033166349000112, 0.169212612000024 ], [ 130.03270012400003, 0.168796438000072 ] ] ], [ [ [ 130.019450148000033, 0.16909309600004 ], [ 130.019612380000012, 0.169461281000054 ], [ 130.01976714500006, 0.169479700000068 ], [ 130.019450148000033, 0.16909309600004 ] ] ], [ [ [ 130.030380100000116, 0.169716443000027 ], [ 130.030435992000093, 0.16994360800004 ], [ 130.03079893600011, 0.169600154000022 ], [ 130.030380100000116, 0.169716443000027 ] ] ], [ [ [ 130.033969761000094, 0.169354498000075 ], [ 130.034043573000076, 0.170319277000033 ], [ 130.034415889000115, 0.169993933000057 ], [ 130.033969761000094, 0.169354498000075 ] ] ], [ [ [ 130.036777043000029, 0.170062825000059 ], [ 130.036542065000049, 0.170843366000042 ], [ 130.036937575000024, 0.170572883000034 ], [ 130.036777043000029, 0.170062825000059 ] ] ], [ [ [ 130.021977476000075, 0.170285406000062 ], [ 130.022201021000114, 0.170612818000052 ], [ 130.022383929000057, 0.170478161000062 ], [ 130.021977476000075, 0.170285406000062 ] ] ], [ [ [ 130.02878558000009, 0.170353093000074 ], [ 130.029020822, 0.170636505000061 ], [ 130.029047422000076, 0.17036325600003 ], [ 130.02878558000009, 0.170353093000074 ] ] ], [ [ [ 130.038646380000046, 0.170707537000055 ], [ 130.038718751000033, 0.170602086000031 ], [ 130.03863445200011, 0.170620091000046 ], [ 130.038646380000046, 0.170707537000055 ] ] ], [ [ [ 130.006347063000021, 0.170750153000029 ], [ 130.006818705000114, 0.170898644000033 ], [ 130.006505007000101, 0.17055511500007 ], [ 130.006347063000021, 0.170750153000029 ] ] ], [ [ [ 130.037229149000041, 0.170932420000042 ], [ 130.037353645000053, 0.171188573000052 ], [ 130.03741095700002, 0.171080717000052 ], [ 130.037229149000041, 0.170932420000042 ] ] ], [ [ [ 130.032240646000105, 0.170896969000069 ], [ 130.032077810000033, 0.171333114000049 ], [ 130.032417984000062, 0.171130776000041 ], [ 130.032240646000105, 0.170896969000069 ] ] ], [ [ [ 130.030637426000112, 0.171646784000075 ], [ 130.030839052000033, 0.17207202700007 ], [ 130.03105404400003, 0.171731467000029 ], [ 130.030637426000112, 0.171646784000075 ] ] ], [ [ [ 130.029602663000105, 0.17207339700002 ], [ 130.029918811000016, 0.172557034000022 ], [ 130.029877113000111, 0.171950422000066 ], [ 130.029602663000105, 0.17207339700002 ] ] ], [ [ [ 130.006686305000017, 0.172951973000067 ], [ 130.006367217000047, 0.17246693900006 ], [ 130.006313373000012, 0.172751608000056 ], [ 130.006686305000017, 0.172951973000067 ] ] ], [ [ [ 130.00817836300007, 0.172589785000071 ], [ 130.008487489000117, 0.17295924900003 ], [ 130.008614782000109, 0.172902669000052 ], [ 130.00817836300007, 0.172589785000071 ] ] ], [ [ [ 130.018890771000088, 0.172616267000024 ], [ 130.019145857000012, 0.172966600000052 ], [ 130.019200191000095, 0.172623487000067 ], [ 130.018890771000088, 0.172616267000024 ] ] ], [ [ [ 130.031233652000083, 0.17323200800007 ], [ 130.031365851000032, 0.173368520000054 ], [ 130.031365206000032, 0.173238857000058 ], [ 130.031233652000083, 0.17323200800007 ] ] ], [ [ [ 130.010706133000099, 0.172791699000072 ], [ 130.009924891000082, 0.173473693000062 ], [ 130.010007944000108, 0.174013765000041 ], [ 130.010706133000099, 0.172791699000072 ] ] ], [ [ [ 130.038496691000091, 0.173311338000076 ], [ 130.038758961000099, 0.173449345000051 ], [ 130.038678853000079, 0.173204813000041 ], [ 130.038496691000091, 0.173311338000076 ] ] ], [ [ [ 130.029041027000062, 0.173424777000037 ], [ 130.029225268000118, 0.173376869000037 ], [ 130.029060492000099, 0.173310011000069 ], [ 130.029041027000062, 0.173424777000037 ] ] ], [ [ [ 130.037231457000075, 0.173073231000046 ], [ 130.037402332000056, 0.173761971000033 ], [ 130.037553974000048, 0.173037048000026 ], [ 130.037231457000075, 0.173073231000046 ] ] ], [ [ [ 130.030116182000029, 0.173389683000039 ], [ 130.030231147000109, 0.173669356000062 ], [ 130.030404048000037, 0.173443192000036 ], [ 130.030116182000029, 0.173389683000039 ] ] ], [ [ [ 130.031400136000116, 0.173473142000034 ], [ 130.03156385300008, 0.173734811000031 ], [ 130.031591733000027, 0.173526710000033 ], [ 130.031400136000116, 0.173473142000034 ] ] ], [ [ [ 130.027501798000117, 0.174660280000069 ], [ 130.027041376000057, 0.175397659000055 ], [ 130.027430319000018, 0.175638040000024 ], [ 130.027501798000117, 0.174660280000069 ] ] ], [ [ [ 130.036398701000053, 0.175245659000041 ], [ 130.036568265000028, 0.175287124000022 ], [ 130.036510293000106, 0.175152589000049 ], [ 130.036398701000053, 0.175245659000041 ] ] ], [ [ [ 130.007615152000085, 0.175663994000047 ], [ 130.007864767000115, 0.17584849800005 ], [ 130.008002599000065, 0.175612963000049 ], [ 130.007615152000085, 0.175663994000047 ] ] ], [ [ [ 130.028152053000099, 0.175887431000035 ], [ 130.028256371000111, 0.176012800000024 ], [ 130.028294678000066, 0.175900286000058 ], [ 130.028152053000099, 0.175887431000035 ] ] ], [ [ [ 130.004233324000097, 0.176105256000028 ], [ 130.004503471000021, 0.176121958000067 ], [ 130.004423315000054, 0.175994333000062 ], [ 130.004233324000097, 0.176105256000028 ] ] ], [ [ [ 130.032933342000092, 0.176204936000033 ], [ 130.033047245000034, 0.176294510000048 ], [ 130.033030634000056, 0.176172781000048 ], [ 130.032933342000092, 0.176204936000033 ] ] ], [ [ [ 130.032205457000032, 0.176477998000053 ], [ 130.031955106000055, 0.176449508000076 ], [ 130.031951703000118, 0.176497090000055 ], [ 130.032205457000032, 0.176477998000053 ] ] ], [ [ [ 130.027531622000083, 0.17633485500005 ], [ 130.027794553000035, 0.176852950000068 ], [ 130.027826986000036, 0.176294123000048 ], [ 130.027531622000083, 0.17633485500005 ] ] ], [ [ [ 130.033246580000082, 0.176872293000031 ], [ 130.033000726000068, 0.177227473000073 ], [ 130.033264852000116, 0.177117949000035 ], [ 130.033246580000082, 0.176872293000031 ] ] ], [ [ [ 130.032091287000071, 0.17757214300002 ], [ 130.032490978000055, 0.176717760000031 ], [ 130.031446352000103, 0.177330167000036 ], [ 130.032091287000071, 0.17757214300002 ] ] ], [ [ [ 130.034535838000011, 0.177180538000073 ], [ 130.034506062000105, 0.177699979000067 ], [ 130.034650203000069, 0.177185028000054 ], [ 130.034535838000011, 0.177180538000073 ] ] ], [ [ [ 130.00920510900005, 0.177361931000064 ], [ 130.009333976000107, 0.177663786000039 ], [ 130.009352152000019, 0.177307431000031 ], [ 130.00920510900005, 0.177361931000064 ] ] ], [ [ [ 130.030106438000075, 0.178399144000025 ], [ 130.030991417000109, 0.177185007000048 ], [ 130.029761025000084, 0.178094834000035 ], [ 130.030106438000075, 0.178399144000025 ] ] ], [ [ [ 130.038724032000118, 0.185807125000053 ], [ 130.049608633000048, 0.17671126700003 ], [ 130.049563111000111, 0.167627402000051 ], [ 130.046125170000096, 0.174172337000073 ], [ 130.029245109000044, 0.180733717000066 ], [ 130.022097424000094, 0.178832610000029 ], [ 130.028919196000061, 0.169238367000048 ], [ 130.018445274000101, 0.173740096000074 ], [ 130.009669939000105, 0.174153561000026 ], [ 130.009540361000063, 0.181271948000074 ], [ 129.997581490000016, 0.180300232000036 ], [ 130.001497413000038, 0.187054506000038 ], [ 130.027658062000114, 0.180349856000021 ], [ 130.038724032000118, 0.185807125000053 ] ] ], [ [ [ 130.026012960000116, 0.178026197000065 ], [ 130.026096299000073, 0.178032307000024 ], [ 130.02607075200001, 0.17799629700005 ], [ 130.026012960000116, 0.178026197000065 ] ] ], [ [ [ 130.002060945000039, 0.178851950000023 ], [ 130.002099310000062, 0.178794940000046 ], [ 130.002038587000015, 0.178805066000052 ], [ 130.002060945000039, 0.178851950000023 ] ] ], [ [ [ 129.99504627500005, 0.178553646000069 ], [ 129.995318325000085, 0.179193948000034 ], [ 129.995405252000069, 0.178566861000036 ], [ 129.99504627500005, 0.178553646000069 ] ] ], [ [ [ 130.004010393000044, 0.179038505000051 ], [ 130.004099267000015, 0.179034212000033 ], [ 130.004082238000024, 0.178995099000019 ], [ 130.004010393000044, 0.179038505000051 ] ] ], [ [ [ 130.029510430000073, 0.18282844700002 ], [ 130.029722875000061, 0.18274999800002 ], [ 130.029506166000033, 0.182734154000059 ], [ 130.029510430000073, 0.18282844700002 ] ] ], [ [ [ 130.029047364, 0.183188101000042 ], [ 130.02920197900005, 0.183263100000033 ], [ 130.029183715000045, 0.183153583000035 ], [ 130.029047364, 0.183188101000042 ] ] ], [ [ [ 130.027889111000036, 0.183530951000023 ], [ 130.028145815000016, 0.183866980000062 ], [ 130.028286242000036, 0.183474672000045 ], [ 130.027889111000036, 0.183530951000023 ] ] ], [ [ [ 130.02504985600001, 0.18360980500006 ], [ 130.025119909000068, 0.183837078000067 ], [ 130.02532852100012, 0.183658537000042 ], [ 130.02504985600001, 0.18360980500006 ] ] ], [ [ [ 130.034125009000036, 0.187234395000075 ], [ 130.034072759000082, 0.18568276700006 ], [ 130.031707101000052, 0.185185692000061 ], [ 130.034125009000036, 0.187234395000075 ] ] ], [ [ [ 130.120156493000081, -2.130232017999958 ], [ 130.122509523000076, -2.134186644999943 ], [ 130.117815348000022, -2.131336464999947 ], [ 130.120156493000081, -2.130232017999958 ] ] ], [ [ [ 130.126337450000051, -2.086345045999963 ], [ 130.125721258000112, -2.084022757999946 ], [ 130.126817563000031, -2.083965071999955 ], [ 130.126337450000051, -2.086345045999963 ] ] ], [ [ [ 130.137122048000037, -2.084819466999932 ], [ 130.137469449000037, -2.085181144999979 ], [ 130.137164878000021, -2.085262045999968 ], [ 130.137122048000037, -2.084819466999932 ] ] ], [ [ [ 130.130984928000089, -2.084410957999978 ], [ 130.132507616000112, -2.085114679999947 ], [ 130.130791568000063, -2.084492371999943 ], [ 130.130984928000089, -2.084410957999978 ] ] ], [ [ [ 130.139097000000106, -2.084781394999936 ], [ 130.138754358000028, -2.084638627999936 ], [ 130.139082724000104, -2.084529171999975 ], [ 130.139097000000106, -2.084781394999936 ] ] ], [ [ [ 130.139589191000027, -2.084131660999958 ], [ 130.140787096000054, -2.084958238999945 ], [ 130.14037828700009, -2.085119753999948 ], [ 130.139589191000027, -2.084131660999958 ] ] ], [ [ [ 130.136750852000091, -2.084729046999939 ], [ 130.136812718000101, -2.084238877999951 ], [ 130.137183914000047, -2.084500618999925 ], [ 130.136750852000091, -2.084729046999939 ] ] ], [ [ [ 130.120684142000073, -2.081486901999938 ], [ 130.121211791000064, -2.08123037799993 ], [ 130.121378167000103, -2.081410894999976 ], [ 130.120684142000073, -2.081486901999938 ] ] ], [ [ [ 130.143199355000093, -2.062323254999967 ], [ 130.143446653000069, -2.06295464599998 ], [ 130.142957033000016, -2.062574604999952 ], [ 130.143199355000093, -2.062323254999967 ] ] ], [ [ [ 130.056732074000024, -2.033945685999925 ], [ 130.056247207000069, -2.034476565999967 ], [ 130.055997644000058, -2.034049011999969 ], [ 130.056732074000024, -2.033945685999925 ] ] ], [ [ [ 130.060910484000033, -2.031931430999975 ], [ 130.066389001000061, -2.033392240999945 ], [ 130.069853183000077, -2.03437205299997 ], [ 130.060910484000033, -2.031931430999975 ] ] ], [ [ [ 130.339132368000037, -1.673742422999965 ], [ 130.369897331000061, -1.675995624999928 ], [ 130.38087542300002, -1.691270305999979 ], [ 130.366341042000045, -1.709629878999976 ], [ 130.368132716000105, -1.718503858999952 ], [ 130.349743035000074, -1.724030986999935 ], [ 130.352160421, -1.737400329999957 ], [ 130.373102121000102, -1.758821108999939 ], [ 130.387219813000115, -1.756876924999972 ], [ 130.42253994500004, -1.778778319999958 ], [ 130.420974472000012, -1.799278493999964 ], [ 130.444186284000011, -1.83078883099995 ], [ 130.434747351000055, -1.837452965999944 ], [ 130.430976314000077, -1.864394711999978 ], [ 130.416579546000094, -1.85547805899995 ], [ 130.409212318000073, -1.858305955999924 ], [ 130.410694897000099, -1.867874041999926 ], [ 130.417066074000104, -1.877020693999953 ], [ 130.408495687000027, -1.897279555999944 ], [ 130.392618961000039, -1.89016255699994 ], [ 130.379060092000032, -1.905540711999947 ], [ 130.339254501000028, -1.922808818999954 ], [ 130.36004575600009, -1.933222211999976 ], [ 130.35683817000006, -1.938202685999954 ], [ 130.371712158000037, -1.936374932999968 ], [ 130.370482709000044, -1.944128411999941 ], [ 130.358315957000059, -1.94789 ], [ 130.353203409000116, -1.958281918999944 ], [ 130.362848840000083, -1.947315338999942 ], [ 130.368419044, -1.953781473999925 ], [ 130.371220465000079, -1.945114159999946 ], [ 130.377155868000045, -1.943439472999955 ], [ 130.372981572000072, -1.947573890999934 ], [ 130.379957205000096, -1.943812074999926 ], [ 130.37422937000008, -1.94912678399993 ], [ 130.374620692, -1.955100578999975 ], [ 130.385681724000051, -1.944896510999968 ], [ 130.38476288600009, -1.96145273999997 ], [ 130.389016211000012, -1.958327362999967 ], [ 130.393168243000105, -1.948834437999949 ], [ 130.392968437000036, -1.954699707999964 ], [ 130.401662761000011, -1.953469242999972 ], [ 130.400327001000051, -1.958847175999949 ], [ 130.408964283000046, -1.952728112999978 ], [ 130.40540859400005, -1.959350762999975 ], [ 130.405546448000109, -1.963707254999974 ], [ 130.413181909000059, -1.961285926999949 ], [ 130.418954259000088, -1.948850784999934 ], [ 130.419034476000093, -1.952125894999938 ], [ 130.424492196000074, -1.953019645999973 ], [ 130.419224025000062, -1.96229799799994 ], [ 130.417134820000115, -1.971234240999934 ], [ 130.425776855000095, -1.95217162199998 ], [ 130.430461523000076, -1.95548888999997 ], [ 130.433548982000048, -1.95353629899995 ], [ 130.427704553000012, -1.972425242999975 ], [ 130.433850836000033, -1.961270634999948 ], [ 130.432239367000079, -1.966349242999968 ], [ 130.435890128000096, -1.968610619999936 ], [ 130.437671330000057, -1.954630443999974 ], [ 130.438282627000035, -1.957475994999925 ], [ 130.4449948460001, -1.954258424999978 ], [ 130.437671933000047, -1.960946391999926 ], [ 130.441736257000116, -1.979995371999962 ], [ 130.4202940670001, -1.988554787999931 ], [ 130.425096004000011, -1.973947108999937 ], [ 130.412607285000036, -1.989374787999964 ], [ 130.407001220000097, -1.970048329999941 ], [ 130.387733085000036, -1.980894473999967 ], [ 130.378034946000071, -1.977384719999975 ], [ 130.375474645000054, -1.978802878999943 ], [ 130.3747703250001, -1.981168062999927 ], [ 130.373697188000051, -1.980344769999931 ], [ 130.371422424000116, -1.979578582999977 ], [ 130.36916670200003, -1.977467248999972 ], [ 130.361691381000014, -1.977014584999949 ], [ 130.360878745000036, -1.977210953999929 ], [ 130.360214237000037, -1.977549626999973 ], [ 130.359619365000071, -1.977660199999946 ], [ 130.35892972900001, -1.978001207999966 ], [ 130.357923913000036, -1.978992542999947 ], [ 130.356875979000051, -1.98062460999995 ], [ 130.354839655000092, -1.980692436999959 ], [ 130.353126460000112, -1.981046686999946 ], [ 130.351661793000062, -1.978987905999929 ], [ 130.350094738000053, -1.977872189999971 ], [ 130.34513994800011, -1.976830880999955 ], [ 130.338560785000027, -1.969506831999979 ], [ 130.348524845000043, -1.959492654999963 ], [ 130.343539583000052, -1.956539041999974 ], [ 130.335247339000034, -1.969521889999953 ], [ 130.324117279, -1.969876584999952 ], [ 130.302943302000017, -2.010668420999934 ], [ 130.273560457000031, -2.015445224999951 ], [ 130.272767209000108, -2.024406127999953 ], [ 130.283040528000015, -2.031023448999974 ], [ 130.274283972000035, -2.033821241999931 ], [ 130.264345795000054, -2.054253913999958 ], [ 130.186962646000097, -2.064430558999959 ], [ 130.182639546000019, -2.061608185999944 ], [ 130.189513288000057, -2.059051979999936 ], [ 130.17134107000004, -2.052940436999961 ], [ 130.124869423000064, -2.059965477999981 ], [ 130.117832947000011, -2.046605084999953 ], [ 130.106520548000049, -2.050274381999941 ], [ 130.090881222, -2.042388446999951 ], [ 130.118475839000098, -2.038587982999957 ], [ 130.084962997000048, -2.028231671999947 ], [ 130.096276552000063, -2.027661597999952 ], [ 130.095206993000033, -2.02433616199994 ], [ 130.1006498590001, -2.022245884999961 ], [ 130.102860280000073, -2.01671138699993 ], [ 130.073168693000071, -2.027463386999955 ], [ 130.064061442000025, -2.025666336999961 ], [ 130.064194542000109, -2.01555697799995 ], [ 130.05596407400003, -2.025985103999972 ], [ 130.05706215400005, -2.01444104899997 ], [ 130.046209698000098, -2.027282023999931 ], [ 130.043400323000014, -2.011718920999954 ], [ 130.03210578300002, -2.024146611999925 ], [ 130.032005957000024, -2.018374587999972 ], [ 130.016009670000017, -2.022707254999943 ], [ 130.010749434000104, -2.020662440999956 ], [ 130.026800771000012, -2.008212925999942 ], [ 129.990701974000103, -2.017262936999941 ], [ 129.997036139000102, -2.007844748999958 ], [ 129.986578231000067, -2.00998255199994 ], [ 129.987890817000107, -2.000920979999933 ], [ 129.971975783000062, -2.013377257999934 ], [ 129.951327944000013, -2.008340094999937 ], [ 129.946614225000076, -1.998662685999932 ], [ 129.921559159000026, -1.99927723899998 ], [ 129.907162898000024, -1.985260235999931 ], [ 129.860442194000029, -1.975428547999968 ], [ 129.812364338000066, -1.935412336999946 ], [ 129.800959376000037, -1.931952710999951 ], [ 129.793426018000105, -1.938538414999925 ], [ 129.785116734000098, -1.931830167999976 ], [ 129.789575606000085, -1.92623598199998 ], [ 129.730537455000103, -1.900591573999975 ], [ 129.742687643000068, -1.897759987999962 ], [ 129.732138988000088, -1.888624903999926 ], [ 129.728035773000101, -1.893421764999971 ], [ 129.719218792000106, -1.88019918699996 ], [ 129.753436466000039, -1.845938542999932 ], [ 129.778492252000092, -1.848292049999941 ], [ 129.809077671000068, -1.832484206999936 ], [ 129.814821104000089, -1.842970474999959 ], [ 129.819298682000067, -1.843872570999963 ], [ 129.813840773000038, -1.838708219999944 ], [ 129.819823647000021, -1.839837032999981 ], [ 129.820619152000063, -1.827919495999936 ], [ 129.866282777000038, -1.825517828999978 ], [ 129.870507541000052, -1.812080127999934 ], [ 129.889311058000089, -1.804862712999977 ], [ 129.899536158000046, -1.784741198999939 ], [ 129.952716801000065, -1.776851680999926 ], [ 129.969304181000098, -1.761773572999971 ], [ 129.97803667900007, -1.770252318999951 ], [ 130.009654709000074, -1.742315391999966 ], [ 130.024486535000051, -1.744165328999941 ], [ 130.05742031300008, -1.725076975999968 ], [ 130.098003442000049, -1.730521293999971 ], [ 130.124772657000108, -1.712268866999977 ], [ 130.132414370000106, -1.723121745999947 ], [ 130.195225126000082, -1.717214583999976 ], [ 130.21391677400004, -1.727399985999966 ], [ 130.245074100000011, -1.723200194999947 ], [ 130.256660329000056, -1.729585350999969 ], [ 130.267762115000096, -1.718541757999958 ], [ 130.264842378000026, -1.712351500999944 ], [ 130.271442496000077, -1.706516764999947 ], [ 130.271107344000029, -1.69915733199997 ], [ 130.333669100000066, -1.684462632999953 ], [ 130.339132368000037, -1.673742422999965 ] ] ], [ [ [ 130.078085072000022, -1.721496403999936 ], [ 130.076735917000065, -1.719312058999947 ], [ 130.078863155000022, -1.720047312999952 ], [ 130.078085072000022, -1.721496403999936 ] ] ], [ [ [ 130.097647033000044, -1.71843344499996 ], [ 130.098210752000114, -1.720939280999971 ], [ 130.096958784000094, -1.719587188999981 ], [ 130.097647033000044, -1.71843344499996 ] ] ], [ [ [ 130.087685111000042, -1.71848297899993 ], [ 130.085152339000047, -1.717816987999925 ], [ 130.087031481000054, -1.716700166999942 ], [ 130.087685111000042, -1.71848297899993 ] ] ], [ [ [ 130.136585400000058, -1.71245105099996 ], [ 130.142166488000044, -1.715337924999972 ], [ 130.135551669000051, -1.715579057999946 ], [ 130.136585400000058, -1.71245105099996 ] ] ], [ [ [ 130.056883532000029, -1.698634219999974 ], [ 130.057849593000014, -1.697606292999978 ], [ 130.058049468000036, -1.698810299999934 ], [ 130.056883532000029, -1.698634219999974 ] ] ], [ [ [ 130.065056981000112, -1.694593894999969 ], [ 130.065180713000018, -1.695019818999924 ], [ 130.064895039000021, -1.694901516999948 ], [ 130.065056981000112, -1.694593894999969 ] ] ], [ [ [ 130.051183381000101, -1.688325577999933 ], [ 130.054504666000071, -1.691546400999925 ], [ 130.04983196000012, -1.688872362999973 ], [ 130.051183381000101, -1.688325577999933 ] ] ], [ [ [ 130.134832352000103, -1.493865294999978 ], [ 130.13449446900006, -1.493460786999947 ], [ 130.134879941, -1.493751080999971 ], [ 130.134832352000103, -1.493865294999978 ] ] ], [ [ [ 130.12318554, -1.492888212999958 ], [ 130.124115078000045, -1.489760641999965 ], [ 130.124665229000016, -1.492226768999956 ], [ 130.12318554, -1.492888212999958 ] ] ], [ [ [ 130.136310460000118, -1.490521627999954 ], [ 130.132583167, -1.491951017999952 ], [ 130.134700887, -1.487495477999971 ], [ 130.136310460000118, -1.490521627999954 ] ] ], [ [ [ 130.076787196000055, -1.481496874999948 ], [ 130.07396269100002, -1.480452115999981 ], [ 130.07644687800007, -1.478813776999971 ], [ 130.076787196000055, -1.481496874999948 ] ] ], [ [ [ 130.099512256000025, -1.451703173999931 ], [ 130.104457812000078, -1.454172059999962 ], [ 130.098428661000071, -1.456871960999933 ], [ 130.099512256000025, -1.451703173999931 ] ] ], [ [ [ 130.121647334000045, -1.436153054999977 ], [ 130.122334631000058, -1.443737131999967 ], [ 130.117566805000024, -1.445168272999979 ], [ 130.114913780000052, -1.439066879999928 ], [ 130.121647334000045, -1.436153054999977 ] ] ], [ [ [ 130.113620971000046, -0.75888925299995 ], [ 130.110989287000052, -0.754106535999938 ], [ 130.114001685000062, -0.753302277999978 ], [ 130.113620971000046, -0.75888925299995 ] ] ], [ [ [ 130.12890411, -0.748779971999966 ], [ 130.144977244000074, -0.72787481599994 ], [ 130.156995108000046, -0.736739100999955 ], [ 130.12890411, -0.748779971999966 ] ] ], [ [ [ 130.148846374000073, -0.329997311999932 ], [ 130.134953413000062, -0.316175551999947 ], [ 130.134578272000113, -0.312876811999956 ], [ 130.149968803000093, -0.310892216999946 ], [ 130.148846374000073, -0.329997311999932 ] ] ], [ [ [ 130.141596899000092, -0.146249199999943 ], [ 130.142339227000093, -0.146037415999956 ], [ 130.142368118000036, -0.146477513999969 ], [ 130.141596899000092, -0.146249199999943 ] ] ], [ [ [ 130.124863518000097, -0.139027344999931 ], [ 130.125758111000096, -0.139185073999954 ], [ 130.125268388000109, -0.13949406699993 ], [ 130.124863518000097, -0.139027344999931 ] ] ], [ [ [ 130.123080841000046, -0.138606702999937 ], [ 130.123936245000095, -0.138455455999974 ], [ 130.123681605000115, -0.138955081999939 ], [ 130.123080841000046, -0.138606702999937 ] ] ], [ [ [ 130.122811293000041, -0.13773237099997 ], [ 130.122184667000056, -0.137715865999951 ], [ 130.12262390300009, -0.137372167999956 ], [ 130.122811293000041, -0.13773237099997 ] ] ], [ [ [ 130.087032173000011, -0.073634101999971 ], [ 130.086982131000013, -0.073573242999942 ], [ 130.087010599000109, -0.073527827999953 ], [ 130.087032173000011, -0.073634101999971 ] ] ], [ [ [ 130.087047302000087, -0.072848291999946 ], [ 130.087157095000066, -0.073002354999971 ], [ 130.087117834000082, -0.073041615999955 ], [ 130.087047302000087, -0.072848291999946 ] ] ], [ [ [ 130.066620363000084, -0.064743245999978 ], [ 130.063917296000113, -0.076621515999932 ], [ 130.013567901000101, -0.070244559999935 ], [ 130.053737390000038, -0.071294750999925 ], [ 130.066620363000084, -0.064743245999978 ] ] ], [ [ [ 130.138368494000019, 0.016079698000055 ], [ 130.135188034000066, 0.003891340000052 ], [ 130.128964517000099, 0.011653024000054 ], [ 130.118828409000116, 0.010274681000055 ], [ 130.126224188000037, 0.001844986000037 ], [ 130.110006805000012, 0.004768219000027 ], [ 130.118948833000104, -0.015651395999953 ], [ 130.143219335000026, -0.016270055999939 ], [ 130.141506123000113, -0.027572495999948 ], [ 130.128252525000107, -0.023456028999931 ], [ 130.116093480000018, -0.035853019999934 ], [ 130.129703997000092, -0.041706493999925 ], [ 130.132868680000115, -0.033759094999937 ], [ 130.146122278, -0.046727156999964 ], [ 130.155616327000075, -0.036899982999955 ], [ 130.153950704000067, -0.05712540199994 ], [ 130.165776626000024, -0.066214942999977 ], [ 130.156853647000048, -0.068998911999927 ], [ 130.156948825000086, -0.076708365999934 ], [ 130.152808563, -0.072377746999962 ], [ 130.145003931000019, -0.091270666999947 ], [ 130.131036495000103, -0.096672043999945 ], [ 130.125016458000118, -0.086154825999927 ], [ 130.118829860000119, -0.092769727999951 ], [ 130.114832365000098, -0.088581875999978 ], [ 130.110858666000013, -0.066333915999962 ], [ 130.096177391000083, -0.064549319999969 ], [ 130.101102875000038, -0.057791650999945 ], [ 130.09408346500004, -0.049844250999968 ], [ 130.10450550500002, -0.04734581699995 ], [ 130.09758127300006, -0.034544316999927 ], [ 130.111501120000071, -0.034972619999962 ], [ 130.112214958000095, -0.028548074999946 ], [ 130.088354629000037, -0.00000339199994 ], [ 130.095090067000115, 0.011561725000035 ], [ 130.138368494000019, 0.016079698000055 ] ] ], [ [ [ 130.124669165000114, -0.000089499999945 ], [ 130.126089298000011, -0.003840643999979 ], [ 130.123448096000061, -0.000292867999974 ], [ 130.124669165000114, -0.000089499999945 ] ] ], [ [ [ 130.127470251000091, 0.009286062000058 ], [ 130.127917291000017, 0.009601099000065 ], [ 130.127841932000024, 0.009109899000066 ], [ 130.127470251000091, 0.009286062000058 ] ] ], [ [ [ 130.141153099, 0.021056566000027 ], [ 130.141575751000119, 0.021055541000067 ], [ 130.141230952000114, 0.020806149000066 ], [ 130.141153099, 0.021056566000027 ] ] ], [ [ [ 130.077485747000082, 0.025503558000025 ], [ 130.078781152000033, 0.025200380000058 ], [ 130.077648528000054, 0.025038576000043 ], [ 130.077485747000082, 0.025503558000025 ] ] ], [ [ [ 130.142828598000051, 0.027861195000071 ], [ 130.143445983000106, 0.028077205000045 ], [ 130.142801301000077, 0.02773871900007 ], [ 130.142828598000051, 0.027861195000071 ] ] ], [ [ [ 130.14263233600002, 0.110636680000027 ], [ 130.141871869000056, 0.111158544000034 ], [ 130.142155571000103, 0.111201581000046 ], [ 130.14263233600002, 0.110636680000027 ] ] ], [ [ [ 130.141211061000035, 0.110709045000021 ], [ 130.141255778000072, 0.110908885000072 ], [ 130.141311124000026, 0.110859594000033 ], [ 130.141211061000035, 0.110709045000021 ] ] ], [ [ [ 130.141101373000083, 0.112586191000048 ], [ 130.141007129000059, 0.112570283000025 ], [ 130.14106800400009, 0.112624500000038 ], [ 130.141101373000083, 0.112586191000048 ] ] ], [ [ [ 130.140703675000054, 0.11291747100006 ], [ 130.140847104000045, 0.112969323000073 ], [ 130.140804367000101, 0.112838491000048 ], [ 130.140703675000054, 0.11291747100006 ] ] ], [ [ [ 130.138759606, 0.113160935000053 ], [ 130.138743958000077, 0.113035674000059 ], [ 130.138701499000035, 0.113147433000051 ], [ 130.138759606, 0.113160935000053 ] ] ], [ [ [ 130.141362250000043, 0.113907177000044 ], [ 130.140970602000039, 0.114999076000061 ], [ 130.140677937000078, 0.115750236000054 ], [ 130.141278220000117, 0.115453401000025 ], [ 130.141362250000043, 0.113907177000044 ] ] ], [ [ [ 130.139866532000042, 0.117338597000071 ], [ 130.13884819000009, 0.118382690000033 ], [ 130.139004551000085, 0.118483677000029 ], [ 130.139866532000042, 0.117338597000071 ] ] ], [ [ [ 130.137891104000119, 0.118011547000037 ], [ 130.138067251000052, 0.11792796800006 ], [ 130.13790919500002, 0.117902249000053 ], [ 130.137891104000119, 0.118011547000037 ] ] ], [ [ [ 130.136943498000051, 0.118108083000038 ], [ 130.136473474000013, 0.119414466000023 ], [ 130.137259208000046, 0.119762948000073 ], [ 130.136943498000051, 0.118108083000038 ] ] ], [ [ [ 130.131364233000113, 0.120382641000049 ], [ 130.131559293, 0.120710253000027 ], [ 130.131658534000053, 0.120543359000067 ], [ 130.131364233000113, 0.120382641000049 ] ] ], [ [ [ 130.132467236000025, 0.121791374000054 ], [ 130.136076013000093, 0.121756025000025 ], [ 130.136885394000046, 0.121436512000059 ], [ 130.134364392000066, 0.120088093000049 ], [ 130.132467236000025, 0.121791374000054 ] ] ], [ [ [ 130.129897616000108, 0.121175924000056 ], [ 130.130549010000095, 0.121152107000057 ], [ 130.129840769000111, 0.120993984000052 ], [ 130.129897616000108, 0.121175924000056 ] ] ], [ [ [ 130.137884735000057, 0.12195024600004 ], [ 130.138864331000036, 0.120859487000075 ], [ 130.137308415, 0.121403523000026 ], [ 130.137884735000057, 0.12195024600004 ] ] ], [ [ [ 130.131895757000052, 0.122077192000063 ], [ 130.131158876000086, 0.121577674000036 ], [ 130.131081017000042, 0.12170181800002 ], [ 130.131895757000052, 0.122077192000063 ] ] ], [ [ [ 130.139320763000114, 0.12226064400005 ], [ 130.139406979000114, 0.12216098600004 ], [ 130.13925211500009, 0.12218027800003 ], [ 130.139320763000114, 0.12226064400005 ] ] ], [ [ [ 130.135651928000016, 0.122549760000027 ], [ 130.135868426000116, 0.122667406000062 ], [ 130.135773258000086, 0.122480964000033 ], [ 130.135651928000016, 0.122549760000027 ] ] ], [ [ [ 130.135831083000085, 0.123063014000024 ], [ 130.135978304000105, 0.123537490000047 ], [ 130.136068353000041, 0.123558056000036 ], [ 130.135831083000085, 0.123063014000024 ] ] ], [ [ [ 130.097181091000039, 0.123746069000049 ], [ 130.097317811000039, 0.123815823000029 ], [ 130.097315569000102, 0.12369768700006 ], [ 130.097181091000039, 0.123746069000049 ] ] ], [ [ [ 130.094733534000056, 0.124981255000023 ], [ 130.095984351000084, 0.122769334000054 ], [ 130.093666174000077, 0.123686677000023 ], [ 130.094733534000056, 0.124981255000023 ] ] ], [ [ [ 130.098586228000045, 0.123982364000028 ], [ 130.098551305000115, 0.12381606100007 ], [ 130.098371639000106, 0.123833210000043 ], [ 130.098586228000045, 0.123982364000028 ] ] ], [ [ [ 130.100201112000036, 0.124211820000028 ], [ 130.100479998000083, 0.124820978000059 ], [ 130.100498071000061, 0.124249845000065 ], [ 130.100201112000036, 0.124211820000028 ] ] ], [ [ [ 130.136475820000101, 0.125187915000026 ], [ 130.136368559000061, 0.125866415000075 ], [ 130.136778127000071, 0.125768669000024 ], [ 130.136475820000101, 0.125187915000026 ] ] ], [ [ [ 130.104711120000047, 0.126005766000048 ], [ 130.105110280000076, 0.126380256000061 ], [ 130.104892597000116, 0.125910933000057 ], [ 130.104711120000047, 0.126005766000048 ] ] ], [ [ [ 130.097077289000026, 0.125988950000021 ], [ 130.097783544000094, 0.126813792000064 ], [ 130.098248661000071, 0.126455555000064 ], [ 130.097077289000026, 0.125988950000021 ] ] ], [ [ [ 130.098867086000041, 0.126404928000056 ], [ 130.099224800000115, 0.127026194000052 ], [ 130.099437872000067, 0.12679285300004 ], [ 130.098867086000041, 0.126404928000056 ] ] ], [ [ [ 130.121219643000018, 0.126828384000021 ], [ 130.121799580000015, 0.127178115000049 ], [ 130.121728993000033, 0.126750036000033 ], [ 130.121219643000018, 0.126828384000021 ] ] ], [ [ [ 130.094875674000036, 0.126607250000063 ], [ 130.09549581400006, 0.127372313000023 ], [ 130.095534747000102, 0.126733237000053 ], [ 130.094875674000036, 0.126607250000063 ] ] ], [ [ [ 130.12359625800002, 0.124976762000074 ], [ 130.128107718000024, 0.128291906000072 ], [ 130.131339565000076, 0.126046361000022 ], [ 130.12359625800002, 0.124976762000074 ] ] ], [ [ [ 130.103609370000072, 0.127331368000057 ], [ 130.104131722000034, 0.127615523000031 ], [ 130.104037615000038, 0.127258921000021 ], [ 130.103609370000072, 0.127331368000057 ] ] ], [ [ [ 130.099654567000016, 0.127676828000062 ], [ 130.101724070000046, 0.12619871000004 ], [ 130.099926549000088, 0.126028250000047 ], [ 130.099654567000016, 0.127676828000062 ] ] ], [ [ [ 130.094232692000105, 0.128569053000035 ], [ 130.094408471000065, 0.128638959000057 ], [ 130.094382123000059, 0.128548314000057 ], [ 130.094232692000105, 0.128569053000035 ] ] ], [ [ [ 130.105437848000065, 0.128035780000062 ], [ 130.106493206000096, 0.129847987000062 ], [ 130.106984932000046, 0.129625615000066 ], [ 130.105437848000065, 0.128035780000062 ] ] ], [ [ [ 130.082015642000101, 0.12893368400006 ], [ 130.08228142300004, 0.129143488000068 ], [ 130.082306002000109, 0.128826408000066 ], [ 130.082015642000101, 0.12893368400006 ] ] ], [ [ [ 130.095571766000035, 0.129125220000049 ], [ 130.095540833000086, 0.129041939000047 ], [ 130.095518754000068, 0.129111753000075 ], [ 130.095571766000035, 0.129125220000049 ] ] ], [ [ [ 130.083950630000118, 0.132480305000058 ], [ 130.086047788000087, 0.128651928000068 ], [ 130.086230775000104, 0.12661758400003 ], [ 130.083950630000118, 0.132480305000058 ] ] ], [ [ [ 130.080060284000069, 0.131712506000042 ], [ 130.080309152000041, 0.129532844000039 ], [ 130.078369480000106, 0.131032135000055 ], [ 130.080060284000069, 0.131712506000042 ] ] ], [ [ [ 130.120622083000058, 0.130294184000036 ], [ 130.120232595000061, 0.131815097000072 ], [ 130.121636359000036, 0.131109742000035 ], [ 130.120622083000058, 0.130294184000036 ] ] ], [ [ [ 130.073729436, 0.131231061000051 ], [ 130.078419004000011, 0.132451358000026 ], [ 130.077908684000022, 0.13102047700005 ], [ 130.073729436, 0.131231061000051 ] ] ], [ [ [ 130.093878780000068, 0.132009722000021 ], [ 130.093833904, 0.131996421000053 ], [ 130.093856063000089, 0.132059493000042 ], [ 130.093878780000068, 0.132009722000021 ] ] ], [ [ [ 130.092171918000076, 0.132719489000067 ], [ 130.092331747000117, 0.132970761000024 ], [ 130.092337323000038, 0.132681978000051 ], [ 130.092171918000076, 0.132719489000067 ] ] ], [ [ [ 130.089112749000037, 0.133102247000068 ], [ 130.089406117000067, 0.133594671000026 ], [ 130.089303693000033, 0.132929503000071 ], [ 130.089112749000037, 0.133102247000068 ] ] ], [ [ [ 130.086518228000045, 0.134370539000031 ], [ 130.086348898000097, 0.132203863000029 ], [ 130.086011620000022, 0.135206373000074 ], [ 130.086518228000045, 0.134370539000031 ] ] ], [ [ [ 130.090764243000081, 0.133497840000075 ], [ 130.091382086000067, 0.134078010000053 ], [ 130.090957251000077, 0.133262418000072 ], [ 130.090764243000081, 0.133497840000075 ] ] ], [ [ [ 130.087956725000026, 0.133806188000051 ], [ 130.088283075000049, 0.134043577000057 ], [ 130.088314725000032, 0.133724037000036 ], [ 130.087956725000026, 0.133806188000051 ] ] ], [ [ [ 130.064035189000037, 0.135369543000024 ], [ 130.063949849000096, 0.135821834000069 ], [ 130.064264323000089, 0.13563638200003 ], [ 130.064035189000037, 0.135369543000024 ] ] ], [ [ [ 130.062368512000035, 0.137205904000041 ], [ 130.062647064000089, 0.137454649000063 ], [ 130.062687494000102, 0.137359667000055 ], [ 130.062368512000035, 0.137205904000041 ] ] ], [ [ [ 130.075020926000093, 0.142632073000073 ], [ 130.077585166000063, 0.132745922000026 ], [ 130.063188963000016, 0.137665942000069 ], [ 130.063484007000056, 0.142168620000064 ], [ 130.075020926000093, 0.142632073000073 ] ] ], [ [ [ 130.082434704000093, 0.138247830000068 ], [ 130.081918416, 0.139233472000058 ], [ 130.08286388800002, 0.138814875000037 ], [ 130.082434704000093, 0.138247830000068 ] ] ], [ [ [ 130.114993371000082, 0.143129339000041 ], [ 130.141199472000039, 0.141488145000039 ], [ 130.150857665000103, 0.131721563000042 ], [ 130.125060229000042, 0.13520803900002 ], [ 130.122673871000075, 0.138760298000022 ], [ 130.114993371000082, 0.143129339000041 ] ] ], [ [ [ 130.06206768100003, 0.141109157000074 ], [ 130.062009292000084, 0.141430284000023 ], [ 130.062287832000038, 0.141394088000027 ], [ 130.06206768100003, 0.141109157000074 ] ] ], [ [ [ 130.115290942000115, 0.14190260700002 ], [ 130.11538228400002, 0.142266498000026 ], [ 130.115674746000082, 0.14186722900007 ], [ 130.115290942000115, 0.14190260700002 ] ] ], [ [ [ 130.115334580000081, 0.14240966400007 ], [ 130.115520939000021, 0.142785771000035 ], [ 130.115563522000116, 0.142453054000043 ], [ 130.115334580000081, 0.14240966400007 ] ] ], [ [ [ 130.070196948000103, 0.143209564000074 ], [ 130.070273318000091, 0.143128149000063 ], [ 130.070165496000072, 0.143141722000053 ], [ 130.070196948000103, 0.143209564000074 ] ] ], [ [ [ 130.081206856000108, 0.143729955000026 ], [ 130.081232446000058, 0.144679345000043 ], [ 130.081303175000016, 0.143684939000025 ], [ 130.081206856000108, 0.143729955000026 ] ] ], [ [ [ 130.114522917000045, 0.144317265000041 ], [ 130.114731017000054, 0.14462157600002 ], [ 130.114781561000086, 0.144324218000065 ], [ 130.114522917000045, 0.144317265000041 ] ] ], [ [ [ 130.070137755000019, 0.144013530000052 ], [ 130.070194009000033, 0.145122805000028 ], [ 130.070580557000085, 0.144255247000046 ], [ 130.070137755000019, 0.144013530000052 ] ] ], [ [ [ 130.114380338000046, 0.144794454000021 ], [ 130.114545864000092, 0.145037148000029 ], [ 130.114622484000051, 0.144766582000045 ], [ 130.114380338000046, 0.144794454000021 ] ] ], [ [ [ 130.11409934400001, 0.145250049000026 ], [ 130.11409032600011, 0.14586511400006 ], [ 130.114413341000045, 0.145351299000026 ], [ 130.11409934400001, 0.145250049000026 ] ] ], [ [ [ 130.113373382000077, 0.145712315000026 ], [ 130.113116579, 0.146241459000066 ], [ 130.113541033000047, 0.145875715000045 ], [ 130.113373382000077, 0.145712315000026 ] ] ], [ [ [ 130.071431511000014, 0.146401213000047 ], [ 130.073952895000048, 0.148003305000032 ], [ 130.074573684000029, 0.144277373000023 ], [ 130.071431511000014, 0.146401213000047 ] ] ], [ [ [ 130.077008962000036, 0.148552094000024 ], [ 130.077148296000018, 0.148570088000042 ], [ 130.077134132000083, 0.148490957000035 ], [ 130.077008962000036, 0.148552094000024 ] ] ], [ [ [ 130.075720085000057, 0.148415296000053 ], [ 130.07570311500001, 0.149590262000061 ], [ 130.076303409000047, 0.149091416000033 ], [ 130.075720085000057, 0.148415296000053 ] ] ], [ [ [ 130.041840825, 0.149748381000052 ], [ 130.041174536000085, 0.149102741000036 ], [ 130.040779838000049, 0.149847493000038 ], [ 130.041840825, 0.149748381000052 ] ] ], [ [ [ 130.055914542000096, 0.149604047000025 ], [ 130.056199270000093, 0.149690294000038 ], [ 130.05597466800009, 0.149354906000042 ], [ 130.055914542000096, 0.149604047000025 ] ] ], [ [ [ 130.072281651000026, 0.149533433000045 ], [ 130.072372802000018, 0.150359384000069 ], [ 130.072750418000055, 0.149718151000059 ], [ 130.072281651000026, 0.149533433000045 ] ] ], [ [ [ 130.038757556000064, 0.150820177000071 ], [ 130.03909868400001, 0.151777877000029 ], [ 130.039387838000039, 0.150807609000026 ], [ 130.038757556000064, 0.150820177000071 ] ] ], [ [ [ 130.068064451000055, 0.153451645000075 ], [ 130.067960010000093, 0.154056221000076 ], [ 130.068530797000108, 0.154267935000064 ], [ 130.068064451000055, 0.153451645000075 ] ] ], [ [ [ 130.072919598000112, 0.156720079000024 ], [ 130.075779878000048, 0.156496095000023 ], [ 130.07267640900011, 0.153591585000072 ], [ 130.072919598000112, 0.156720079000024 ] ] ], [ [ [ 130.041155169000035, 0.155217049000044 ], [ 130.038801073000059, 0.156234820000066 ], [ 130.038890986000069, 0.157456 ], [ 130.041155169000035, 0.155217049000044 ] ] ], [ [ [ 130.078962722000028, 0.156063166000024 ], [ 130.079345359000058, 0.156841149000059 ], [ 130.079324552000116, 0.155836082000064 ], [ 130.078962722000028, 0.156063166000024 ] ] ], [ [ [ 130.043918262000034, 0.157611896000049 ], [ 130.04364841600011, 0.157244469000034 ], [ 130.043562857000097, 0.157592945000033 ], [ 130.043918262000034, 0.157611896000049 ] ] ], [ [ [ 130.06481816400003, 0.158067713000037 ], [ 130.065087456000015, 0.157992683000032 ], [ 130.064849023000079, 0.157798212000046 ], [ 130.06481816400003, 0.158067713000037 ] ] ], [ [ [ 130.042274284000086, 0.158613838000065 ], [ 130.042442994000112, 0.15866799600002 ], [ 130.042413604000103, 0.158500940000067 ], [ 130.042274284000086, 0.158613838000065 ] ] ], [ [ [ 130.04400888400005, 0.158808199000021 ], [ 130.044121496000116, 0.158800269000039 ], [ 130.044025691000115, 0.158708975000025 ], [ 130.04400888400005, 0.158808199000021 ] ] ], [ [ [ 130.043442895000112, 0.159748014000058 ], [ 130.043160925000052, 0.160582884000064 ], [ 130.043946592000111, 0.160299312000063 ], [ 130.043442895000112, 0.159748014000058 ] ] ], [ [ [ 130.040391144000068, 0.159279235000042 ], [ 130.038759882000022, 0.161048797000035 ], [ 130.0415873930001, 0.159827866000057 ], [ 130.040391144000068, 0.159279235000042 ] ] ], [ [ [ 130.065825034000113, 0.160603516000037 ], [ 130.066164727000114, 0.160567976000038 ], [ 130.065828488000079, 0.16050322600006 ], [ 130.065825034000113, 0.160603516000037 ] ] ], [ [ [ 130.065065075, 0.161330263000025 ], [ 130.065535987000089, 0.161794167000039 ], [ 130.065437967000094, 0.16109771400005 ], [ 130.065065075, 0.161330263000025 ] ] ], [ [ [ 130.042594099000098, 0.162032657000054 ], [ 130.042677400000116, 0.162350368000034 ], [ 130.04284929500011, 0.162136851000071 ], [ 130.042594099000098, 0.162032657000054 ] ] ], [ [ [ 130.06567911500008, 0.163712435000036 ], [ 130.072068472000069, 0.160499677000075 ], [ 130.070428313000093, 0.157702030000053 ], [ 130.06567911500008, 0.163712435000036 ] ] ], [ [ [ 130.058036094000045, 0.175383139000076 ], [ 130.069899784000086, 0.168224850000058 ], [ 130.06359592900003, 0.165611501000058 ], [ 130.062052243000039, 0.167680981000046 ], [ 130.059589257000084, 0.16772504100004 ], [ 130.059204326000099, 0.166992546000074 ], [ 130.066635073000043, 0.153953185000034 ], [ 130.041770718000066, 0.151752085000055 ], [ 130.054303729000026, 0.164974148000056 ], [ 130.050960782000061, 0.171689289000028 ], [ 130.0550409330001, 0.167852327000048 ], [ 130.060351760000117, 0.168514802000061 ], [ 130.052524930000118, 0.174516505000042 ], [ 130.055650422000099, 0.173642309000059 ], [ 130.058036094000045, 0.175383139000076 ] ] ], [ [ [ 130.065329336000104, 0.162483219000023 ], [ 130.065418739000052, 0.162469827000052 ], [ 130.065342101000056, 0.162409822000029 ], [ 130.065329336000104, 0.162483219000023 ] ] ], [ [ [ 130.042241163000085, 0.162499050000065 ], [ 130.042422676000115, 0.163049821000072 ], [ 130.042532289000064, 0.162723524000057 ], [ 130.042241163000085, 0.162499050000065 ] ] ], [ [ [ 130.046634310000059, 0.162698643000056 ], [ 130.046734905000108, 0.165029078000032 ], [ 130.047136826000042, 0.165056493000066 ], [ 130.046634310000059, 0.162698643000056 ] ] ], [ [ [ 130.065069911000023, 0.163769474000048 ], [ 130.065484067000057, 0.163937902000043 ], [ 130.065196353000033, 0.163644735000048 ], [ 130.065069911000023, 0.163769474000048 ] ] ], [ [ [ 130.065581799000029, 0.164288934000069 ], [ 130.065635123000106, 0.16422624400002 ], [ 130.065576369000041, 0.164230427000064 ], [ 130.065581799000029, 0.164288934000069 ] ] ], [ [ [ 130.064211287000035, 0.164177998000071 ], [ 130.064291017000073, 0.165285338000047 ], [ 130.064505999000062, 0.163960668000072 ], [ 130.064211287000035, 0.164177998000071 ] ] ], [ [ [ 130.045950135000112, 0.165289159000054 ], [ 130.046109948000094, 0.16529551900004 ], [ 130.046031718000108, 0.165214518000028 ], [ 130.045950135000112, 0.165289159000054 ] ] ], [ [ [ 130.065988292000043, 0.165159004000031 ], [ 130.066113954000116, 0.166403609000042 ], [ 130.066430079000042, 0.166369299000053 ], [ 130.065988292000043, 0.165159004000031 ] ] ], [ [ [ 130.048041186000091, 0.16592623300005 ], [ 130.048451682000064, 0.16617117200002 ], [ 130.048198764000063, 0.165825437000024 ], [ 130.048041186000091, 0.16592623300005 ] ] ], [ [ [ 130.04568499100003, 0.166350525000041 ], [ 130.045789734000095, 0.166392311000038 ], [ 130.045817190000093, 0.166334019000033 ], [ 130.04568499100003, 0.166350525000041 ] ] ], [ [ [ 130.050196226000025, 0.167020875000048 ], [ 130.05035934700004, 0.166052760000071 ], [ 130.049935443000095, 0.165938019000066 ], [ 130.050196226000025, 0.167020875000048 ] ] ], [ [ [ 130.039432988000044, 0.166114826000069 ], [ 130.03901474700001, 0.167439942000044 ], [ 130.03999950900004, 0.167094638000037 ], [ 130.039432988000044, 0.166114826000069 ] ] ], [ [ [ 130.041333525000027, 0.169581323000045 ], [ 130.045116111000084, 0.16730586400007 ], [ 130.042202691000057, 0.164122666000026 ], [ 130.042438140000058, 0.168219571000066 ], [ 130.041333525000027, 0.169581323000045 ] ] ], [ [ [ 130.048929095000062, 0.167331395000076 ], [ 130.047139302000119, 0.167191652000042 ], [ 130.047254294000027, 0.16784048300002 ], [ 130.048929095000062, 0.167331395000076 ] ] ], [ [ [ 130.072001654000019, 0.167175557000064 ], [ 130.072174516000018, 0.167259564000062 ], [ 130.072192388000076, 0.16710954000007 ], [ 130.072001654000019, 0.167175557000064 ] ] ], [ [ [ 130.045488145000036, 0.167110229000059 ], [ 130.045815646000051, 0.167892564000056 ], [ 130.045971336000093, 0.167259097000056 ], [ 130.045488145000036, 0.167110229000059 ] ] ], [ [ [ 130.060906657000032, 0.16759821100004 ], [ 130.060564119000105, 0.16738046200004 ], [ 130.060463646000017, 0.167552346000036 ], [ 130.060906657000032, 0.16759821100004 ] ] ], [ [ [ 130.051063619000047, 0.167537677000041 ], [ 130.051292255000021, 0.167658209000024 ], [ 130.051245943000026, 0.167459222000048 ], [ 130.051063619000047, 0.167537677000041 ] ] ], [ [ [ 130.040678759000116, 0.167050151000069 ], [ 130.040799857000025, 0.168486148000056 ], [ 130.041667403000019, 0.167770189000066 ], [ 130.040678759000116, 0.167050151000069 ] ] ], [ [ [ 130.055105756000103, 0.168258632000061 ], [ 130.055536858000096, 0.168564003000029 ], [ 130.05530107200002, 0.168159770000045 ], [ 130.055105756000103, 0.168258632000061 ] ] ], [ [ [ 130.045946300000082, 0.168551571000023 ], [ 130.045412278000072, 0.169214901000032 ], [ 130.045828733, 0.169315874000063 ], [ 130.045946300000082, 0.168551571000023 ] ] ], [ [ [ 130.038487424000095, 0.169428657000026 ], [ 130.040139259000057, 0.169343428000047 ], [ 130.04024951100007, 0.168887369000061 ], [ 130.038487424000095, 0.169428657000026 ] ] ], [ [ [ 130.055903618000116, 0.169070139000041 ], [ 130.056119160000094, 0.16913227200007 ], [ 130.056061675000024, 0.169024856000021 ], [ 130.055903618000116, 0.169070139000041 ] ] ], [ [ [ 130.040759617000049, 0.169764577000024 ], [ 130.040901932000111, 0.169861703000038 ], [ 130.040920555000071, 0.169797947000063 ], [ 130.040759617000049, 0.169764577000024 ] ] ], [ [ [ 130.040168035000079, 0.170278411000027 ], [ 130.040142306, 0.16969296700006 ], [ 130.040009395000084, 0.170354712000062 ], [ 130.040168035000079, 0.170278411000027 ] ] ], [ [ [ 130.04487873000005, 0.170026075000067 ], [ 130.045169527000098, 0.170149073000061 ], [ 130.045079679000082, 0.169903476000059 ], [ 130.04487873000005, 0.170026075000067 ] ] ], [ [ [ 130.044567909000079, 0.170477487000028 ], [ 130.044798147000051, 0.170797759000038 ], [ 130.044848055000102, 0.170542728000044 ], [ 130.044567909000079, 0.170477487000028 ] ] ], [ [ [ 130.053408895000075, 0.170830393000074 ], [ 130.053442114000063, 0.171002695000027 ], [ 130.053532584000095, 0.170956828000044 ], [ 130.053408895000075, 0.170830393000074 ] ] ], [ [ [ 130.03971049300003, 0.170738406000055 ], [ 130.039356454000085, 0.171234932000061 ], [ 130.039889886000083, 0.171450456000059 ], [ 130.03971049300003, 0.170738406000055 ] ] ], [ [ [ 130.055951313000037, 0.171568188000037 ], [ 130.056076910000115, 0.171583179000038 ], [ 130.055996441000048, 0.171469171000069 ], [ 130.055951313000037, 0.171568188000037 ] ] ], [ [ [ 130.039574137000045, 0.171512410000048 ], [ 130.039770420000082, 0.171663274000025 ], [ 130.039777643000093, 0.17147552800003 ], [ 130.039574137000045, 0.171512410000048 ] ] ], [ [ [ 130.055513380000093, 0.171556064000072 ], [ 130.055646643000046, 0.171591425000031 ], [ 130.055617895000069, 0.17151319900006 ], [ 130.055513380000093, 0.171556064000072 ] ] ], [ [ [ 130.052302306000115, 0.171648590000075 ], [ 130.052390385000081, 0.171580009000024 ], [ 130.052234985000041, 0.171577069000023 ], [ 130.052302306000115, 0.171648590000075 ] ] ], [ [ [ 130.0411043470001, 0.171603010000069 ], [ 130.041457756000113, 0.172079190000034 ], [ 130.041501589000063, 0.171797157000071 ], [ 130.0411043470001, 0.171603010000069 ] ] ], [ [ [ 130.040206329000057, 0.171927741000047 ], [ 130.040170075000105, 0.172616708000021 ], [ 130.040556422, 0.172062097000037 ], [ 130.040206329000057, 0.171927741000047 ] ] ], [ [ [ 130.038829460000102, 0.173445397000023 ], [ 130.038908064000111, 0.173467898000069 ], [ 130.038904343000013, 0.173439386000041 ], [ 130.038829460000102, 0.173445397000023 ] ] ], [ [ [ 130.055729143, 0.174011207000035 ], [ 130.055862888000092, 0.174003321000043 ], [ 130.055763785000067, 0.173923814000034 ], [ 130.055729143, 0.174011207000035 ] ] ], [ [ [ 130.053001145000053, 0.176846480000052 ], [ 130.05571709700007, 0.174694680000073 ], [ 130.052766682000083, 0.17634012000002 ], [ 130.053001145000053, 0.176846480000052 ] ] ], [ [ [ 130.051257360000022, 0.175949935000062 ], [ 130.05147918900002, 0.176112158000024 ], [ 130.05154283100012, 0.175940067000056 ], [ 130.051257360000022, 0.175949935000062 ] ] ], [ [ [ 130.052373049000039, 0.178290195000045 ], [ 130.050299202000019, 0.179682921000051 ], [ 130.050614845000041, 0.180452979000052 ], [ 130.052373049000039, 0.178290195000045 ] ] ], [ [ [ 130.048192973000027, 0.179046852000056 ], [ 130.048106971000038, 0.17992676800003 ], [ 130.048534317000076, 0.179724010000029 ], [ 130.048192973000027, 0.179046852000056 ] ] ], [ [ [ 130.04908072000012, 0.182361684000057 ], [ 130.048952536000115, 0.181745755000065 ], [ 130.048638355000094, 0.182341565000058 ], [ 130.04908072000012, 0.182361684000057 ] ] ], [ [ [ 130.045446315000049, 0.183406116000072 ], [ 130.045677833000013, 0.183458071000075 ], [ 130.045556475000012, 0.183264127000029 ], [ 130.045446315000049, 0.183406116000072 ] ] ], [ [ [ 130.193118890000051, -2.19728282799997 ], [ 130.192455020000011, -2.197304242999962 ], [ 130.192911877000029, -2.196961600999941 ], [ 130.193118890000051, -2.19728282799997 ] ] ], [ [ [ 130.204296956, -2.193781175999959 ], [ 130.19931262700004, -2.197792984999978 ], [ 130.195096222000075, -2.198345019999977 ], [ 130.204296956, -2.193781175999959 ] ] ], [ [ [ 130.228432669000085, -2.194302453999967 ], [ 130.231935235000037, -2.194816417999959 ], [ 130.22949866700003, -2.197700323999925 ], [ 130.228432669000085, -2.194302453999967 ] ] ], [ [ [ 130.235339292000049, -2.195113849999927 ], [ 130.235207232000107, -2.195260186999974 ], [ 130.235164402, -2.195096003999936 ], [ 130.235339292000049, -2.195113849999927 ] ] ], [ [ [ 130.233187070000099, -2.194460687999936 ], [ 130.233693895000101, -2.194271520999962 ], [ 130.233172793000108, -2.194535640999959 ], [ 130.233187070000099, -2.194460687999936 ] ] ], [ [ [ 130.215945257000044, -2.195338470999957 ], [ 130.229626290000056, -2.192331998999975 ], [ 130.224963415000047, -2.196230768999953 ], [ 130.215945257000044, -2.195338470999957 ] ] ], [ [ [ 130.212209504000043, -2.193208853999977 ], [ 130.214989786000046, -2.193087043999981 ], [ 130.21565587200007, -2.19418238399993 ], [ 130.212209504000043, -2.193208853999977 ] ] ], [ [ [ 130.233144002000017, -2.19343632999994 ], [ 130.232858466000039, -2.192779598999948 ], [ 130.233362912000075, -2.193160312999964 ], [ 130.233144002000017, -2.19343632999994 ] ] ], [ [ [ 130.230888273000119, -2.193921739999951 ], [ 130.230863208000073, -2.192140312999925 ], [ 130.231859512000028, -2.192948120999972 ], [ 130.230888273000119, -2.193921739999951 ] ] ], [ [ [ 130.189409982000029, -2.187702138999953 ], [ 130.188796081000078, -2.187602200999947 ], [ 130.189381428000047, -2.187587924999946 ], [ 130.189409982000029, -2.187702138999953 ] ] ], [ [ [ 130.193421753000052, -2.187202451999951 ], [ 130.193193325000038, -2.186959746999946 ], [ 130.193436030000044, -2.186916916999962 ], [ 130.193421753000052, -2.187202451999951 ] ] ], [ [ [ 130.197623881000027, -2.186871706999966 ], [ 130.197445421000111, -2.186633760999939 ], [ 130.197778546000109, -2.186705144999962 ], [ 130.197623881000027, -2.186871706999966 ] ] ], [ [ [ 130.19556564700008, -2.186407711999948 ], [ 130.196041539000021, -2.186943090999932 ], [ 130.195375290000015, -2.187097755999957 ], [ 130.19556564700008, -2.186407711999948 ] ] ], [ [ [ 130.196374664000018, -2.18689550199997 ], [ 130.196755378000034, -2.18676463099996 ], [ 130.196660199, -2.18700257699993 ], [ 130.196374664000018, -2.18689550199997 ] ] ], [ [ [ 130.20026508300009, -2.18625304699998 ], [ 130.200869466000086, -2.185784292999926 ], [ 130.200848051000094, -2.186395814999969 ], [ 130.20026508300009, -2.18625304699998 ] ] ], [ [ [ 130.223949620000099, -2.184934078999959 ], [ 130.223006718000079, -2.186285029999965 ], [ 130.222517755000013, -2.185426227999926 ], [ 130.223949620000099, -2.184934078999959 ] ] ], [ [ [ 130.222656250000114, -2.18201229999994 ], [ 130.218715862000067, -2.184601153999949 ], [ 130.215860509000095, -2.182535781999945 ], [ 130.222656250000114, -2.18201229999994 ] ] ], [ [ [ 130.223001615000044, -2.150851531999933 ], [ 130.222778196000036, -2.152480864999973 ], [ 130.221894027000076, -2.152162598999951 ], [ 130.223001615000044, -2.150851531999933 ] ] ], [ [ [ 130.221513740000091, -2.150937035999959 ], [ 130.220510731000104, -2.151136546999965 ], [ 130.220558267000115, -2.150728024999978 ], [ 130.221513740000091, -2.150937035999959 ] ] ], [ [ [ 130.214718595000022, -2.150562320999938 ], [ 130.214347221000025, -2.151260012999956 ], [ 130.213889687000119, -2.150621698999942 ], [ 130.214718595000022, -2.150562320999938 ] ] ], [ [ [ 130.221851245000039, -2.150599768999939 ], [ 130.221732405000012, -2.150818279999953 ], [ 130.221737159000099, -2.150538015999928 ], [ 130.221851245000039, -2.150599768999939 ] ] ], [ [ [ 130.221770624000101, -2.150206637999929 ], [ 130.222222215000102, -2.150296892999961 ], [ 130.222141404000013, -2.150482152999928 ], [ 130.221770624000101, -2.150206637999929 ] ] ], [ [ [ 130.22224123, -2.149916872999938 ], [ 130.22204157900012, -2.149992876999931 ], [ 130.222051086000079, -2.149864620999949 ], [ 130.22224123, -2.149916872999938 ] ] ], [ [ [ 130.217032063000033, -2.149703927999951 ], [ 130.216928078000024, -2.14973955399995 ], [ 130.216954817000101, -2.149614859999929 ], [ 130.217032063000033, -2.149703927999951 ] ] ], [ [ [ 130.217522277000057, -2.149760336999975 ], [ 130.217492567000022, -2.149582201999976 ], [ 130.217572784000026, -2.149600015999965 ], [ 130.217522277000057, -2.149760336999975 ] ] ], [ [ [ 130.196621478000111, -2.149451154999952 ], [ 130.197196663000113, -2.149574660999974 ], [ 130.196716550000019, -2.14969341799997 ], [ 130.196621478000111, -2.149451154999952 ] ] ], [ [ [ 130.224955532000081, -2.149209085999928 ], [ 130.224846200000115, -2.14952260299998 ], [ 130.224760635000052, -2.149327841999934 ], [ 130.224955532000081, -2.149209085999928 ] ] ], [ [ [ 130.211112847000095, -2.149009994999972 ], [ 130.211266150000029, -2.149555085999964 ], [ 130.210396243000105, -2.149401890999968 ], [ 130.211112847000095, -2.149009994999972 ] ] ], [ [ [ 130.222431374000053, -2.149532102999956 ], [ 130.221499669000082, -2.149057077999942 ], [ 130.22231728700001, -2.148724559999948 ], [ 130.222431374000053, -2.149532102999956 ] ] ], [ [ [ 130.205662938000046, -2.148656876999951 ], [ 130.205923435000045, -2.148466866999968 ], [ 130.205702868000117, -2.148778483999934 ], [ 130.205662938000046, -2.148656876999951 ] ] ], [ [ [ 130.199679624000055, -2.144642310999927 ], [ 130.195819705000076, -2.149801089999926 ], [ 130.19071434500006, -2.14777748299997 ], [ 130.197464449000108, -2.14726445499997 ], [ 130.199679624000055, -2.144642310999927 ] ] ], [ [ [ 130.214519550000091, -2.143499748999943 ], [ 130.225607309000111, -2.146043515999963 ], [ 130.212266346000092, -2.150489752999931 ], [ 130.214519550000091, -2.143499748999943 ] ] ], [ [ [ 130.197027118000051, -2.146019886999966 ], [ 130.1952873030001, -2.146627919999958 ], [ 130.19531582400009, -2.146209897999938 ], [ 130.197027118000051, -2.146019886999966 ] ] ], [ [ [ 130.192805927000109, -2.145972384999936 ], [ 130.190334057000086, -2.14675142699997 ], [ 130.18972559700012, -2.145706369999971 ], [ 130.192805927000109, -2.145972384999936 ] ] ], [ [ [ 130.22864069700006, -2.144132721999938 ], [ 130.228558698000029, -2.145144528999936 ], [ 130.227981136000039, -2.144578059999958 ], [ 130.22864069700006, -2.144132721999938 ] ] ], [ [ [ 130.183814502000018, -2.141581355999961 ], [ 130.183481751000045, -2.146825649999926 ], [ 130.170114643000034, -2.143443461999937 ], [ 130.183814502000018, -2.141581355999961 ] ] ], [ [ [ 130.194588524000096, -2.141512476999935 ], [ 130.211951029000033, -2.144172627999978 ], [ 130.186923353000111, -2.144754535999937 ], [ 130.194588524000096, -2.141512476999935 ] ] ], [ [ [ 130.208115769000074, -2.135367291999955 ], [ 130.206582735000097, -2.137711559999957 ], [ 130.201313375000041, -2.135923075999926 ], [ 130.208115769000074, -2.135367291999955 ] ] ], [ [ [ 130.207809162000103, -2.136934887999928 ], [ 130.208650548000037, -2.13618671699993 ], [ 130.208265507000078, -2.137091646999977 ], [ 130.207809162000103, -2.136934887999928 ] ] ], [ [ [ 130.209363588000087, -2.135502674999941 ], [ 130.209420631000057, -2.136599992999948 ], [ 130.20870759200011, -2.135531176999962 ], [ 130.209363588000087, -2.135502674999941 ] ] ], [ [ [ 130.192286299000102, -2.134355478999964 ], [ 130.197819483000103, -2.134932639999931 ], [ 130.197669745000098, -2.136778127999946 ], [ 130.194033245000014, -2.136514486999943 ], [ 130.192286299000102, -2.134355478999964 ] ] ], [ [ [ 130.190239888000065, -2.134809875999963 ], [ 130.190439539000067, -2.134650741999963 ], [ 130.190458553000099, -2.134700619999933 ], [ 130.190239888000065, -2.134809875999963 ] ] ], [ [ [ 130.19332127600012, -2.126423293999949 ], [ 130.192294499000013, -2.128893458999926 ], [ 130.191885690000049, -2.126527800999952 ], [ 130.19332127600012, -2.126423293999949 ] ] ], [ [ [ 130.17271633200005, -2.126088594999942 ], [ 130.172559463000084, -2.126042278999932 ], [ 130.172734158000026, -2.12599952599993 ], [ 130.17271633200005, -2.126088594999942 ] ] ], [ [ [ 130.173400849000018, -2.125625437999929 ], [ 130.172787636000066, -2.125892643999975 ], [ 130.172637898000062, -2.125326167999958 ], [ 130.173400849000018, -2.125625437999929 ] ] ], [ [ [ 130.173429371000111, -2.125308353999969 ], [ 130.17392493300008, -2.124977018999971 ], [ 130.173536327000079, -2.125518555999975 ], [ 130.173429371000111, -2.125308353999969 ] ] ], [ [ [ 130.192229538000106, -2.090284028999974 ], [ 130.193358517000092, -2.091810104999979 ], [ 130.191938381000114, -2.09199418399993 ], [ 130.192229538000106, -2.090284028999974 ] ] ], [ [ [ 130.201444416000072, -2.090799755999967 ], [ 130.201248330000112, -2.089752285999964 ], [ 130.201693980000073, -2.090133507999951 ], [ 130.201444416000072, -2.090799755999967 ] ] ], [ [ [ 130.202321454000071, -2.090311648999943 ], [ 130.202588844000047, -2.090172698999936 ], [ 130.202670843000078, -2.090265331999944 ], [ 130.202321454000071, -2.090311648999943 ] ] ], [ [ [ 130.203626316000054, -2.08963827499997 ], [ 130.203319709000084, -2.090229703999967 ], [ 130.20292753800004, -2.090162010999961 ], [ 130.203626316000054, -2.08963827499997 ] ] ], [ [ [ 130.182009437000033, -2.088304150999932 ], [ 130.182931634000056, -2.088325527999928 ], [ 130.181769380000105, -2.088909831999956 ], [ 130.182009437000033, -2.088304150999932 ] ] ], [ [ [ 130.188825450000081, -2.087468928999954 ], [ 130.188476060000085, -2.087735428999963 ], [ 130.188400478000062, -2.087625693999939 ], [ 130.188825450000081, -2.087468928999954 ] ] ], [ [ [ 130.166641652000067, -2.087183537999977 ], [ 130.168785523000111, -2.087003021999976 ], [ 130.168395728000064, -2.088152627999932 ], [ 130.166641652000067, -2.087183537999977 ] ] ], [ [ [ 130.188009733000058, -2.087336391999941 ], [ 130.188310635000107, -2.087179626999955 ], [ 130.188280688000077, -2.087450401999945 ], [ 130.188009733000058, -2.087336391999941 ] ] ], [ [ [ 130.165522180000039, -2.085767905999944 ], [ 130.166249480000033, -2.08690801299997 ], [ 130.16488757500008, -2.08717878799996 ], [ 130.165522180000039, -2.085767905999944 ] ] ], [ [ [ 130.168569234000074, -2.086066708999965 ], [ 130.168432331000076, -2.086528451999925 ], [ 130.168061551000051, -2.086186420999979 ], [ 130.168569234000074, -2.086066708999965 ] ] ], [ [ [ 130.166457154000113, -2.086029931999974 ], [ 130.166476189000036, -2.086092987999962 ], [ 130.166430980000086, -2.086096556999962 ], [ 130.166457154000113, -2.086029931999974 ] ] ], [ [ [ 130.167479711000055, -2.086104712999941 ], [ 130.166838926000082, -2.085694273999934 ], [ 130.167667953000091, -2.08599830299994 ], [ 130.167479711000055, -2.086104712999941 ] ] ], [ [ [ 130.150209109000116, -2.083165045999976 ], [ 130.159917539000048, -2.084889579999981 ], [ 130.160083309000015, -2.085843811999951 ], [ 130.150209109000116, -2.083165045999976 ] ] ], [ [ [ 130.148077922000084, -2.081522473999939 ], [ 130.148049400000104, -2.081807501999947 ], [ 130.148017314000072, -2.081536725999968 ], [ 130.148077922000084, -2.081522473999939 ] ] ], [ [ [ 130.150705471000038, -2.081515348999972 ], [ 130.150897992000068, -2.081565227999931 ], [ 130.150890862000097, -2.081693490999953 ], [ 130.150705471000038, -2.081515348999972 ] ] ], [ [ [ 130.149211654000055, -2.080984484999931 ], [ 130.148142096000015, -2.08147615699994 ], [ 130.147648882000112, -2.081095062999964 ], [ 130.149211654000055, -2.080984484999931 ] ] ], [ [ [ 130.150597349, -2.081081567999945 ], [ 130.149671565000062, -2.081066429999964 ], [ 130.150405995000028, -2.080678079999927 ], [ 130.150597349, -2.081081567999945 ] ] ], [ [ [ 130.159964050000099, -2.069237192999935 ], [ 130.169591425000021, -2.067825518999939 ], [ 130.151751183000101, -2.074685599999953 ], [ 130.153291348000039, -2.065669165999964 ], [ 130.159964050000099, -2.069237192999935 ] ] ], [ [ [ 130.160493240000051, -2.068055250999976 ], [ 130.160936197000069, -2.067871736999962 ], [ 130.160819734000029, -2.068204271999946 ], [ 130.160493240000051, -2.068055250999976 ] ] ], [ [ [ 130.161789666000118, -2.067782901999976 ], [ 130.162174707000077, -2.06728172499993 ], [ 130.162364850000017, -2.067640387999973 ], [ 130.161789666000118, -2.067782901999976 ] ] ], [ [ [ 130.161112080000066, -2.066964390999942 ], [ 130.161364021000054, -2.067242295999961 ], [ 130.160998880000079, -2.067299404999972 ], [ 130.161112080000066, -2.066964390999942 ] ] ], [ [ [ 130.174220468000044, -2.063156920999972 ], [ 130.178774081000029, -2.066574165999953 ], [ 130.173005636000084, -2.064581848999978 ], [ 130.174220468000044, -2.063156920999972 ] ] ], [ [ [ 130.170142939000016, -2.056621578999966 ], [ 130.170314260000055, -2.057152198999972 ], [ 130.169657529000119, -2.056633475999945 ], [ 130.170142939000016, -2.056621578999966 ] ] ], [ [ [ 130.169214949000093, -2.056585886999926 ], [ 130.169214949000093, -2.056692962999932 ], [ 130.169143565000013, -2.056666788999962 ], [ 130.169214949000093, -2.056585886999926 ] ] ], [ [ [ 130.147541954000076, -1.715314952999961 ], [ 130.153507173000094, -1.711462078999944 ], [ 130.155627157000026, -1.715028093999933 ], [ 130.147541954000076, -1.715314952999961 ] ] ], [ [ [ 130.210398863000023, -1.650627576999966 ], [ 130.210901524000064, -1.65027958099995 ], [ 130.2109098520001, -1.651046361999931 ], [ 130.210398863000023, -1.650627576999966 ] ] ], [ [ [ 130.191776731000118, -1.64791676599998 ], [ 130.191415820000088, -1.645871430999932 ], [ 130.193181380000055, -1.647213446999956 ], [ 130.191776731000118, -1.64791676599998 ] ] ], [ [ [ 130.201905301000011, -1.64420860499996 ], [ 130.21254741700011, -1.648336155999971 ], [ 130.199728071000095, -1.647634214999925 ], [ 130.201905301000011, -1.64420860499996 ] ] ], [ [ [ 130.190025025000068, -1.638880574999973 ], [ 130.189357587000018, -1.637791970999956 ], [ 130.190328407000038, -1.637574250999933 ], [ 130.190025025000068, -1.638880574999973 ] ] ], [ [ [ 130.173527746000104, -1.638315452999962 ], [ 130.174421418000065, -1.636543866999943 ], [ 130.175442652000015, -1.638129096999933 ], [ 130.173527746000104, -1.638315452999962 ] ] ], [ [ [ 130.218613357000095, -1.634622132999937 ], [ 130.218043278000096, -1.636390071999926 ], [ 130.217744656000036, -1.634441293999942 ], [ 130.218613357000095, -1.634622132999937 ] ] ], [ [ [ 130.152427602000103, -1.435642806999965 ], [ 130.153385222000111, -1.443556306999938 ], [ 130.144697983000015, -1.444386283999961 ], [ 130.145246205000035, -1.440168551999932 ], [ 130.152427602000103, -1.435642806999965 ] ] ], [ [ [ 130.17538516500008, -1.411702168999966 ], [ 130.179693103000091, -1.409416696999926 ], [ 130.175431943000035, -1.414629416999958 ], [ 130.17538516500008, -1.411702168999966 ] ] ], [ [ [ 130.179596502000095, -1.408759231999966 ], [ 130.179759087000093, -1.408688947999963 ], [ 130.179761006000035, -1.408805694999955 ], [ 130.179596502000095, -1.408759231999966 ] ] ], [ [ [ 130.237079618000053, -1.358886691999942 ], [ 130.227061423, -1.369987894999952 ], [ 130.220475451000084, -1.370151895999925 ], [ 130.224865007000062, -1.362252309999974 ], [ 130.237079618000053, -1.358886691999942 ] ] ], [ [ [ 130.236634330000015, -0.731087292999973 ], [ 130.219981299000096, -0.740405997999972 ], [ 130.214997098000026, -0.73263394199995 ], [ 130.234524541000042, -0.722505369999965 ], [ 130.236634330000015, -0.731087292999973 ] ] ], [ [ [ 130.228905774000054, -0.403621775999966 ], [ 130.225955242000055, -0.401175689999945 ], [ 130.230504772000018, -0.40198470699994 ], [ 130.228905774000054, -0.403621775999966 ] ] ], [ [ [ 130.195255520000046, -0.353705585999933 ], [ 130.19833651700003, -0.354483313999935 ], [ 130.196188793000033, -0.35529095399994 ], [ 130.195255520000046, -0.353705585999933 ] ] ], [ [ [ 130.219029334000084, -0.331641007999963 ], [ 130.225570851000043, -0.326220724999928 ], [ 130.229441872000052, -0.346318578999956 ], [ 130.213079099000083, -0.34637633799997 ], [ 130.205163748000018, -0.338790962999951 ], [ 130.209448037000016, -0.332481750999932 ], [ 130.196329633000119, -0.335472316999926 ], [ 130.180608970000094, -0.320520993999935 ], [ 130.219029334000084, -0.331641007999963 ] ] ], [ [ [ 130.206179020000036, -0.324424917999977 ], [ 130.208526755000094, -0.325744725999925 ], [ 130.205328759000054, -0.324323394999965 ], [ 130.206179020000036, -0.324424917999977 ] ] ], [ [ [ 130.215725418000034, -0.324436815999945 ], [ 130.213282504000063, -0.320613814999945 ], [ 130.215360567000062, -0.31966203099995 ], [ 130.215725418000034, -0.324436815999945 ] ] ], [ [ [ 130.228605139000024, -0.277951188999964 ], [ 130.228675433000035, -0.298857859999941 ], [ 130.242893769000034, -0.302596190999964 ], [ 130.230974794000076, -0.320723363999946 ], [ 130.218529111000066, -0.319384940999953 ], [ 130.218752480000035, -0.310556798999926 ], [ 130.206762442000013, -0.314988590999974 ], [ 130.200731141000119, -0.306636416999936 ], [ 130.207816882000088, -0.292661757999952 ], [ 130.203644894000035, -0.283937066999954 ], [ 130.228605139000024, -0.277951188999964 ] ] ], [ [ [ 130.197802298000056, -0.294278671999962 ], [ 130.191896550000024, -0.294206859999974 ], [ 130.185767182000063, -0.282441524999967 ], [ 130.189934985000036, -0.283473606999962 ], [ 130.197802298000056, -0.294278671999962 ] ] ], [ [ [ 130.21912326000006, -0.202058397999963 ], [ 130.219680054000037, -0.202386763999925 ], [ 130.218966215000023, -0.202236857999935 ], [ 130.21912326000006, -0.202058397999963 ] ] ], [ [ [ 130.221143422000068, -0.20153729599997 ], [ 130.22136269900011, -0.201568777999967 ], [ 130.221179114000051, -0.20168720199996 ], [ 130.221143422000068, -0.20153729599997 ] ] ], [ [ [ 130.222913077000044, -0.201720218999981 ], [ 130.223051369000018, -0.20112555399993 ], [ 130.223199276000059, -0.201380251999979 ], [ 130.222913077000044, -0.201720218999981 ] ] ], [ [ [ 130.21465463200002, -0.201458773999946 ], [ 130.2147260160001, -0.201101854999933 ], [ 130.214825953000059, -0.201094715999943 ], [ 130.21465463200002, -0.201458773999946 ] ] ], [ [ [ 130.227575105000028, -0.200138172999971 ], [ 130.228060515000038, -0.200637859999972 ], [ 130.227717873000074, -0.20090911799997 ], [ 130.227575105000028, -0.200138172999971 ] ] ], [ [ [ 130.217210173000012, -0.20013103499997 ], [ 130.21621079900001, -0.200830595999946 ], [ 130.216653379000036, -0.199881190999974 ], [ 130.217210173000012, -0.20013103499997 ] ] ], [ [ [ 130.216464448000011, -0.199396598999954 ], [ 130.216631645, -0.199529385999938 ], [ 130.216578513000059, -0.199583467999958 ], [ 130.216464448000011, -0.199396598999954 ] ] ], [ [ [ 130.213505479000105, -0.181943260999958 ], [ 130.213296066000112, -0.181725170999925 ], [ 130.213402710000082, -0.181680989999961 ], [ 130.213505479000105, -0.181943260999958 ] ] ], [ [ [ 130.205754034000051, -0.179828872999963 ], [ 130.211481375000062, -0.183644258999948 ], [ 130.204400206000059, -0.181731767999963 ], [ 130.205754034000051, -0.179828872999963 ] ] ], [ [ [ 130.213219944000116, -0.181305565999935 ], [ 130.212877301000049, -0.181315083999948 ], [ 130.213106862000018, -0.181118574999971 ], [ 130.213219944000116, -0.181305565999935 ] ] ], [ [ [ 130.236142085000097, -0.164957081999944 ], [ 130.249526013000036, -0.18014536499993 ], [ 130.215688044000103, -0.182607817999951 ], [ 130.208573650000062, -0.175764593999929 ], [ 130.236142085000097, -0.164957081999944 ] ] ], [ [ [ 130.230043526000031, -0.166105171999959 ], [ 130.229772268000033, -0.166019511999934 ], [ 130.229870222000045, -0.165835103999939 ], [ 130.230043526000031, -0.166105171999959 ] ] ], [ [ [ 130.231085730000018, -0.164891646999934 ], [ 130.230735949000064, -0.165070106999963 ], [ 130.230828748000022, -0.164756017999935 ], [ 130.231085730000018, -0.164891646999934 ] ] ], [ [ [ 130.235254546000078, -0.164634664999937 ], [ 130.234912460000032, -0.164609541999937 ], [ 130.235254546000078, -0.164484758999947 ], [ 130.235254546000078, -0.164634664999937 ] ] ], [ [ [ 130.227510091000113, -0.149434939999935 ], [ 130.224092645000042, -0.150002520999976 ], [ 130.223919692000095, -0.149719405999974 ], [ 130.227510091000113, -0.149434939999935 ] ] ], [ [ [ 130.144298119000041, -0.144908002999955 ], [ 130.145122926000113, -0.144633936999981 ], [ 130.144793025000013, -0.14517369899994 ], [ 130.144298119000041, -0.144908002999955 ] ] ], [ [ [ 130.201144874000079, -0.108830156999943 ], [ 130.199616728000024, -0.108666823999954 ], [ 130.199159910000049, -0.107643037999935 ], [ 130.201144874000079, -0.108830156999943 ] ] ], [ [ [ 130.196213926000041, -0.107235526999943 ], [ 130.197113088000037, -0.108621 ], [ 130.195608170000014, -0.107658899999933 ], [ 130.196213926000041, -0.107235526999943 ] ] ], [ [ [ 130.194812362000107, -0.107588919999955 ], [ 130.194799167000042, -0.107238949999953 ], [ 130.194950371000118, -0.107441392999931 ], [ 130.194812362000107, -0.107588919999955 ] ] ], [ [ [ 130.194355506000079, -0.106817973999966 ], [ 130.19544054000005, -0.105980403999979 ], [ 130.195069344000103, -0.107151098999964 ], [ 130.194355506000079, -0.106817973999966 ] ] ], [ [ [ 130.191785688000095, -0.103667567999935 ], [ 130.191346194000062, -0.108108448999928 ], [ 130.189168281000093, -0.105523547999951 ], [ 130.191785688000095, -0.103667567999935 ] ] ], [ [ [ 130.196595504000015, -0.106136160999938 ], [ 130.196413968000115, -0.105232195999974 ], [ 130.196931920000111, -0.105624046999935 ], [ 130.196595504000015, -0.106136160999938 ] ] ], [ [ [ 130.188411213000109, -0.105575487999943 ], [ 130.18863374700004, -0.105595239999957 ], [ 130.188420011000062, -0.105613731999938 ], [ 130.188411213000109, -0.105575487999943 ] ] ], [ [ [ 130.188882745000114, -0.105247529999929 ], [ 130.188711424000076, -0.105485475999956 ], [ 130.188701906000119, -0.105199940999967 ], [ 130.188882745000114, -0.105247529999929 ] ] ], [ [ [ 130.188435407000043, -0.104086352999957 ], [ 130.18893033400002, -0.10433381699994 ], [ 130.188416547000088, -0.104554059999941 ], [ 130.188435407000043, -0.104086352999957 ] ] ], [ [ [ 130.188178425000046, -0.103600942999947 ], [ 130.188147816000082, -0.104151636999973 ], [ 130.187930961, -0.104184094999937 ], [ 130.188178425000046, -0.103600942999947 ] ] ], [ [ [ 130.186846670000023, -0.103913693999971 ], [ 130.18658894500004, -0.103810335999924 ], [ 130.186769784000035, -0.10373419299998 ], [ 130.186846670000023, -0.103913693999971 ] ] ], [ [ [ 130.190043922000086, -0.103210711999964 ], [ 130.190195623000022, -0.103295006999929 ], [ 130.190111370000068, -0.103338398999938 ], [ 130.190043922000086, -0.103210711999964 ] ] ], [ [ [ 130.179042202000119, -0.089371579999977 ], [ 130.1920055060001, -0.097980469999925 ], [ 130.185580961000028, -0.103676898999936 ], [ 130.179042202000119, -0.089371579999977 ] ] ], [ [ [ 130.190006759000084, -0.093604640999956 ], [ 130.189821161000054, -0.093783099999939 ], [ 130.189828299000055, -0.093547533999924 ], [ 130.190006759000084, -0.093604640999956 ] ] ], [ [ [ 130.189785469000071, -0.093440457999975 ], [ 130.189735500000097, -0.093311966999977 ], [ 130.189906821000022, -0.093290551999928 ], [ 130.189785469000071, -0.093440457999975 ] ] ], [ [ [ 130.190092419000052, -0.093112091999956 ], [ 130.189978205000102, -0.092919355999925 ], [ 130.190056727000069, -0.092890802999932 ], [ 130.190092419000052, -0.093112091999956 ] ] ], [ [ [ 130.189678393, -0.092505329999938 ], [ 130.189764054000079, -0.092412530999979 ], [ 130.189785469000071, -0.092519606999929 ], [ 130.189678393, -0.092505329999938 ] ] ], [ [ [ 130.175249342000029, -0.087595311999962 ], [ 130.177355164000119, -0.086845781999955 ], [ 130.178834124000105, -0.089087842999959 ], [ 130.175249342000029, -0.087595311999962 ] ] ], [ [ [ 130.175262573000055, -0.075845192999964 ], [ 130.174880525000049, -0.075614725999969 ], [ 130.175094677000061, -0.075519547999932 ], [ 130.175262573000055, -0.075845192999964 ] ] ], [ [ [ 130.187754361000088, -0.063941089999958 ], [ 130.188116039000079, -0.067272335999974 ], [ 130.18649800500009, -0.065578158999926 ], [ 130.187754361000088, -0.063941089999958 ] ] ], [ [ [ 130.14600241200003, -0.017207266999947 ], [ 130.145990643000118, -0.016573880999943 ], [ 130.146264153000061, -0.016850346999945 ], [ 130.14600241200003, -0.017207266999947 ] ] ], [ [ [ 130.162534312000048, -0.004616348999946 ], [ 130.162891232000106, -0.00435936699995 ], [ 130.162869816000011, -0.004723423999963 ], [ 130.162534312000048, -0.004616348999946 ] ] ], [ [ [ 130.167673948000015, -0.00358128299996 ], [ 130.167548671000077, -0.003682225999967 ], [ 130.167555006000043, -0.003524972999969 ], [ 130.167673948000015, -0.00358128299996 ] ] ], [ [ [ 130.163862052000013, -0.003488483999945 ], [ 130.164026235000051, -0.002895997999929 ], [ 130.164354600000024, -0.003017350999926 ], [ 130.163862052000013, -0.003488483999945 ] ] ], [ [ [ 130.16311966, -0.002189297999962 ], [ 130.162470067000072, -0.002474833999941 ], [ 130.162541451000038, -0.002125052999929 ], [ 130.16311966, -0.002189297999962 ] ] ], [ [ [ 130.164268940000056, -0.002496248999933 ], [ 130.164268940000056, -0.001925177999965 ], [ 130.164647274000117, -0.002253543999927 ], [ 130.164268940000056, -0.002496248999933 ] ] ], [ [ [ 130.180791113000055, -0.002185047999944 ], [ 130.18104770900004, -0.002037012999949 ], [ 130.181140508000112, -0.002244025999971 ], [ 130.180791113000055, -0.002185047999944 ] ] ], [ [ [ 130.164979595000091, -0.001942343999929 ], [ 130.165132684000014, -0.001846655999941 ], [ 130.165075577000039, -0.001968008999938 ], [ 130.164979595000091, -0.001942343999929 ] ] ], [ [ [ 130.162688174000095, -0.00151404099995 ], [ 130.162926924000089, -0.001254169999925 ], [ 130.162869816000011, -0.001575396999954 ], [ 130.162688174000095, -0.00151404099995 ] ] ], [ [ [ 130.162584281000022, -0.00119706299995 ], [ 130.162465745000077, -0.00135410799993 ], [ 130.162495585000102, -0.001170255999966 ], [ 130.162584281000022, -0.00119706299995 ] ] ], [ [ [ 130.163505133000058, -0.000340456999936 ], [ 130.163935405000075, -0.001946346999944 ], [ 130.162658700000065, -0.000584580999941 ], [ 130.163505133000058, -0.000340456999936 ] ] ], [ [ [ 130.17725008900004, -0.000830625999924 ], [ 130.176985969000043, -0.000259555999946 ], [ 130.177164428000083, -0.000280970999938 ], [ 130.17725008900004, -0.000830625999924 ] ] ], [ [ [ 130.163932361000093, -0.000319157999968 ], [ 130.164111895000019, -0.000433255999951 ], [ 130.163872687000094, -0.000464480999938 ], [ 130.163932361000093, -0.000319157999968 ] ] ], [ [ [ 130.166677610000079, -0.000170553999965 ], [ 130.166924418, -0.000254796999968 ], [ 130.166700550000087, -0.000298796999971 ], [ 130.166677610000079, -0.000170553999965 ] ] ], [ [ [ 130.179827231000104, 0.000360947000047 ], [ 130.179963468000096, 0.000467556000046 ], [ 130.179972515000031, 0.000332544000059 ], [ 130.179827231000104, 0.000360947000047 ] ] ], [ [ [ 130.17256731000009, 0.000575635000075 ], [ 130.172427907000042, 0.000493748000054 ], [ 130.172484694000104, 0.000609630000042 ], [ 130.17256731000009, 0.000575635000075 ] ] ], [ [ [ 130.172604810000053, 0.000681926000027 ], [ 130.172824292000087, 0.000696988000072 ], [ 130.172717216000024, 0.000547082000026 ], [ 130.172604810000053, 0.000681926000027 ] ] ], [ [ [ 130.171575075000078, 0.000904001000038 ], [ 130.171667874000036, 0.001082460000021 ], [ 130.171939132000034, 0.000818340000023 ], [ 130.171575075000078, 0.000904001000038 ] ] ], [ [ [ 130.165921600000047, 0.001087224000059 ], [ 130.166102546000047, 0.001107368000021 ], [ 130.166025061000028, 0.000988638000024 ], [ 130.165921600000047, 0.001087224000059 ] ] ], [ [ [ 130.166364725000108, 0.001274075000026 ], [ 130.16609497200011, 0.001447178000035 ], [ 130.166423801000064, 0.001424094000072 ], [ 130.166364725000108, 0.001274075000026 ] ] ], [ [ [ 130.17789847500012, 0.001655749000065 ], [ 130.178259073000049, 0.001818512000057 ], [ 130.178287761000092, 0.001744629000029 ], [ 130.17789847500012, 0.001655749000065 ] ] ], [ [ [ 130.167971481000109, 0.001941220000049 ], [ 130.168158860000062, 0.002141105000021 ], [ 130.168135392000067, 0.001950220000026 ], [ 130.167971481000109, 0.001941220000049 ] ] ], [ [ [ 130.168416879000119, 0.002032886000052 ], [ 130.168546890000016, 0.002122897000049 ], [ 130.168547635000095, 0.00196763200006 ], [ 130.168416879000119, 0.002032886000052 ] ] ], [ [ [ 130.17652747000011, 0.002141624000046 ], [ 130.17679143600003, 0.002309316000037 ], [ 130.176745137000012, 0.002070897000067 ], [ 130.17652747000011, 0.002141624000046 ] ] ], [ [ [ 130.18061577200001, 0.005646678000062 ], [ 130.173041172000012, 0.003716440000062 ], [ 130.174874619000093, 0.002609344000064 ], [ 130.176199408000116, 0.003523561000065 ], [ 130.176533714000016, 0.00191210600002 ], [ 130.17760562300009, 0.00180795600005 ], [ 130.176098430000025, -0.000537951999945 ], [ 130.169001839000089, 0.002839366000046 ], [ 130.18061577200001, 0.005646678000062 ] ] ], [ [ [ 130.174518621000061, 0.002955594000071 ], [ 130.174725956000088, 0.002978306000045 ], [ 130.174562692000109, 0.002860228000031 ], [ 130.174518621000061, 0.002955594000071 ] ] ], [ [ [ 130.231082955000034, 0.09346475500007 ], [ 130.231139855000038, 0.09371714200006 ], [ 130.231215041000041, 0.093523789000074 ], [ 130.231082955000034, 0.09346475500007 ] ] ], [ [ [ 130.230996875000073, 0.094808723000028 ], [ 130.231867024000053, 0.094332661000067 ], [ 130.231308709000018, 0.09361659800004 ], [ 130.230996875000073, 0.094808723000028 ] ] ], [ [ [ 130.231559473000061, 0.095953935000068 ], [ 130.230981701000019, 0.095830570000032 ], [ 130.230878898000014, 0.096071719000065 ], [ 130.231559473000061, 0.095953935000068 ] ] ], [ [ [ 130.230890595000119, 0.096546656000044 ], [ 130.231000427000026, 0.096408432000032 ], [ 130.230910381000058, 0.096356362000051 ], [ 130.230890595000119, 0.096546656000044 ] ] ], [ [ [ 130.233076385000118, 0.098034657000028 ], [ 130.234281891000023, 0.09721909700005 ], [ 130.234218552000016, 0.096812472000067 ], [ 130.233076385000118, 0.098034657000028 ] ] ], [ [ [ 130.232828794000056, 0.098265635000075 ], [ 130.232913730000064, 0.098369779000052 ], [ 130.232899036000049, 0.098267243000066 ], [ 130.232828794000056, 0.098265635000075 ] ] ], [ [ [ 130.229880654000112, 0.098523714000066 ], [ 130.229749579000099, 0.09859010200006 ], [ 130.22989214800009, 0.098595234000072 ], [ 130.229880654000112, 0.098523714000066 ] ] ], [ [ [ 130.220604839000089, 0.098740040000052 ], [ 130.220826227000089, 0.098871179000071 ], [ 130.220772150000016, 0.098679168000047 ], [ 130.220604839000089, 0.098740040000052 ] ] ], [ [ [ 130.231457520000049, 0.10026926300003 ], [ 130.231088984000053, 0.100441860000046 ], [ 130.231559973000117, 0.10053214900006 ], [ 130.231457520000049, 0.10026926300003 ] ] ], [ [ [ 130.214543081000102, 0.111898323000048 ], [ 130.227641038000115, 0.103411103000042 ], [ 130.230413930000054, 0.094251206000024 ], [ 130.224541012000032, 0.100267426000073 ], [ 130.216943701000105, 0.10041394600006 ], [ 130.214543081000102, 0.111898323000048 ] ] ], [ [ [ 130.212039022000113, 0.105503635000048 ], [ 130.212239150000073, 0.105314345000068 ], [ 130.212040261000084, 0.105242805000046 ], [ 130.212039022000113, 0.105503635000048 ] ] ], [ [ [ 130.211901350000062, 0.110729702000071 ], [ 130.212055163000059, 0.110595708000062 ], [ 130.211901344000012, 0.110575941000036 ], [ 130.211901350000062, 0.110729702000071 ] ] ], [ [ [ 130.149187329000029, 0.113668535000045 ], [ 130.14914438400001, 0.113634306000051 ], [ 130.149168636000013, 0.113674564000064 ], [ 130.149187329000029, 0.113668535000045 ] ] ], [ [ [ 130.148395509000011, 0.113567998000065 ], [ 130.148684170000024, 0.113832015000071 ], [ 130.148673942000073, 0.113526848000049 ], [ 130.148395509000011, 0.113567998000065 ] ] ], [ [ [ 130.293961209000031, -2.229260803999978 ], [ 130.293492463, -2.229969056999948 ], [ 130.290397597000037, -2.230803219999927 ], [ 130.291910173000019, -2.22916122099997 ], [ 130.293961209000031, -2.229260803999978 ] ] ], [ [ [ 130.261531770000033, -2.224176918999945 ], [ 130.277939966000076, -2.226178385999958 ], [ 130.283762974000069, -2.230921108999951 ], [ 130.257233282000016, -2.230627395999932 ], [ 130.261531770000033, -2.224176918999945 ] ] ], [ [ [ 130.289845446000072, -2.202358621999963 ], [ 130.2973117680001, -2.205826460999958 ], [ 130.288808755000105, -2.203378473999976 ], [ 130.289845446000072, -2.202358621999963 ] ] ], [ [ [ 130.23948689100007, -2.196045408999964 ], [ 130.239361969000015, -2.196253611999964 ], [ 130.239379815, -2.196015665999937 ], [ 130.23948689100007, -2.196045408999964 ] ] ], [ [ [ 130.223292042000026, -2.182395392999979 ], [ 130.26350517100002, -2.187492436999946 ], [ 130.300496271000043, -2.189505460999953 ], [ 130.30463653400011, -2.193615979999947 ], [ 130.269562089000033, -2.194798571999968 ], [ 130.279969851000033, -2.211787922999974 ], [ 130.255349200000069, -2.211147722999954 ], [ 130.230870863000064, -2.197794312999974 ], [ 130.246230284000035, -2.196735452999974 ], [ 130.252909430000045, -2.192223731999945 ], [ 130.252371673000084, -2.186517788999936 ], [ 130.237324385000079, -2.189707347999956 ], [ 130.223292042000026, -2.182395392999979 ] ] ], [ [ [ 130.269587073000025, -2.18567214899997 ], [ 130.270079621000036, -2.185750670999937 ], [ 130.269779809000056, -2.186036206999972 ], [ 130.269587073000025, -2.18567214899997 ] ] ], [ [ [ 130.269472859000075, -2.184594252999943 ], [ 130.269430028000102, -2.18504397099997 ], [ 130.269351506000021, -2.184679913999958 ], [ 130.269472859000075, -2.184594252999943 ] ] ], [ [ [ 130.272178306000114, -2.184358686999929 ], [ 130.272813622000058, -2.183237959999929 ], [ 130.272185444000115, -2.185215292999942 ], [ 130.272178306000114, -2.184358686999929 ] ] ], [ [ [ 130.290747260000103, -2.160451757999965 ], [ 130.291032795000092, -2.160680185999979 ], [ 130.290728224000077, -2.160851507999951 ], [ 130.290747260000103, -2.160451757999965 ] ] ], [ [ [ 130.288717580000025, -2.159894963999932 ], [ 130.28829879500006, -2.160180499999967 ], [ 130.288451080000073, -2.159685571999944 ], [ 130.288717580000025, -2.159894963999932 ] ] ], [ [ [ 130.288888901000064, -2.159666535999975 ], [ 130.290053533000105, -2.159950426999956 ], [ 130.289231543000028, -2.160218570999973 ], [ 130.288888901000064, -2.159666535999975 ] ] ], [ [ [ 130.293495537000013, -2.160351820999949 ], [ 130.293557886000031, -2.159156477999943 ], [ 130.29411759300001, -2.159913703999962 ], [ 130.293495537000013, -2.160351820999949 ] ] ], [ [ [ 130.289739146000102, -2.158525314999963 ], [ 130.288815500000055, -2.157972033999954 ], [ 130.289661236000029, -2.157840083999929 ], [ 130.289739146000102, -2.158525314999963 ] ] ], [ [ [ 130.277089154, -2.157071733999942 ], [ 130.276596605, -2.15737868399998 ], [ 130.276739373000055, -2.157000349999976 ], [ 130.277089154, -2.157071733999942 ] ] ], [ [ [ 130.277874376000113, -2.157057456999951 ], [ 130.278174188000094, -2.157093148999934 ], [ 130.278174188000094, -2.157314438999947 ], [ 130.277874376000113, -2.157057456999951 ] ] ], [ [ [ 130.263169307000112, -2.15660773899998 ], [ 130.26376343600009, -2.156871054999954 ], [ 130.263407253000082, -2.157093148999934 ], [ 130.263169307000112, -2.15660773899998 ] ] ], [ [ [ 130.265158523000082, -2.15661731199998 ], [ 130.264844447000087, -2.156065221999938 ], [ 130.26537509000002, -2.156417359999978 ], [ 130.265158523000082, -2.15661731199998 ] ] ], [ [ [ 130.275056942000106, -2.155028606999963 ], [ 130.275754276000043, -2.15563691899996 ], [ 130.27494050100006, -2.155765409999958 ], [ 130.275056942000106, -2.155028606999963 ] ] ], [ [ [ 130.263630843000101, -2.153325527999925 ], [ 130.263093164000111, -2.154808865999939 ], [ 130.262484022000081, -2.153533474999961 ], [ 130.263630843000101, -2.153325527999925 ] ] ], [ [ [ 130.266311500000029, -2.141788837999968 ], [ 130.265645547000076, -2.141882409999937 ], [ 130.266181707000101, -2.141416868999954 ], [ 130.266311500000029, -2.141788837999968 ] ] ], [ [ [ 130.2614227790001, -2.138133212999946 ], [ 130.261164429000019, -2.138951991999932 ], [ 130.260923903000048, -2.138933588999976 ], [ 130.2614227790001, -2.138133212999946 ] ] ], [ [ [ 130.284061638000026, -2.127547532999927 ], [ 130.283683727000039, -2.127162756999951 ], [ 130.284165028000075, -2.127383646999931 ], [ 130.284061638000026, -2.127547532999927 ] ] ], [ [ [ 130.292753031000075, -2.126707478999947 ], [ 130.292889697000078, -2.127277516999925 ], [ 130.292414337000082, -2.127176572999929 ], [ 130.292753031000075, -2.126707478999947 ] ] ], [ [ [ 130.285494847000109, -2.126756604999969 ], [ 130.284931546000053, -2.126852798999948 ], [ 130.284924415000091, -2.126510775999975 ], [ 130.285494847000109, -2.126756604999969 ] ] ], [ [ [ 130.279120989000035, -2.122185127999956 ], [ 130.283014183000091, -2.12972388999998 ], [ 130.272033380000039, -2.128626566999969 ], [ 130.279120989000035, -2.122185127999956 ] ] ], [ [ [ 130.286941722000051, -2.124713371999974 ], [ 130.286406943000088, -2.125995959999955 ], [ 130.286118756000064, -2.124891508999951 ], [ 130.286941722000051, -2.124713371999974 ] ] ], [ [ [ 130.290950428000087, -2.124461366999981 ], [ 130.291908277000061, -2.125219043999948 ], [ 130.290981327000054, -2.12502428099998 ], [ 130.290950428000087, -2.124461366999981 ] ] ], [ [ [ 130.28623462500002, -2.124529296999981 ], [ 130.286531724000042, -2.12465993099994 ], [ 130.286190060000081, -2.124832129999959 ], [ 130.28623462500002, -2.124529296999981 ] ] ], [ [ [ 130.295934057000068, -2.123822520999965 ], [ 130.296133931000099, -2.123870109999928 ], [ 130.295934057000068, -2.123896283999954 ], [ 130.295934057000068, -2.123822520999965 ] ] ], [ [ [ 130.258019942000033, -2.120036501999948 ], [ 130.257835912000019, -2.119167699999934 ], [ 130.258258266000098, -2.120089740999958 ], [ 130.258019942000033, -2.120036501999948 ] ] ], [ [ [ 130.258448623000049, -2.118983291999939 ], [ 130.259451111000089, -2.117308754999954 ], [ 130.260011501, -2.117629954999927 ], [ 130.258448623000049, -2.118983291999939 ] ] ], [ [ [ 130.246659185000112, -2.103025653999964 ], [ 130.246516450000058, -2.103473415999929 ], [ 130.246317607000037, -2.103329689999953 ], [ 130.246659185000112, -2.103025653999964 ] ] ], [ [ [ 130.262895001000061, -2.058479061999947 ], [ 130.26273753800001, -2.058247473999927 ], [ 130.263010870000016, -2.058289040999966 ], [ 130.262895001000061, -2.058479061999947 ] ] ], [ [ [ 130.261411048000014, -2.05827490799993 ], [ 130.261498276000111, -2.058387495999966 ], [ 130.261405581000076, -2.058354716999929 ], [ 130.261411048000014, -2.05827490799993 ] ] ], [ [ [ 130.263373331000025, -2.05799510199995 ], [ 130.26340898300009, -2.057736791999957 ], [ 130.263509997000028, -2.057962441999962 ], [ 130.263373331000025, -2.05799510199995 ] ] ], [ [ [ 130.260781196000039, -2.056921006999971 ], [ 130.261250614000119, -2.056986326999947 ], [ 130.26103076000004, -2.057235729999945 ], [ 130.260781196000039, -2.056921006999971 ] ] ], [ [ [ 130.29473645500002, -2.049221445999933 ], [ 130.29454631100009, -2.04932785799997 ], [ 130.294721243000026, -2.049198642999954 ], [ 130.29473645500002, -2.049221445999933 ] ] ], [ [ [ 130.277799303000052, -2.041130221999936 ], [ 130.278073823000113, -2.040973451999946 ], [ 130.278137996000055, -2.041283427999929 ], [ 130.277799303000052, -2.041130221999936 ] ] ], [ [ [ 130.283123091000107, -2.032756354999947 ], [ 130.282355385000074, -2.032829988999936 ], [ 130.28238628400004, -2.03214352699996 ], [ 130.283123091000107, -2.032756354999947 ] ] ], [ [ [ 130.282462341000041, -2.031872742999951 ], [ 130.281739795000021, -2.03166134099996 ], [ 130.281872895000106, -2.031480817999977 ], [ 130.282462341000041, -2.031872742999951 ] ] ], [ [ [ 130.284793979000028, -2.031944001999932 ], [ 130.284054795000088, -2.031034260999945 ], [ 130.284271084000011, -2.030827608999971 ], [ 130.284793979000028, -2.031944001999932 ] ] ], [ [ [ 130.285995450000087, -2.03115302599997 ], [ 130.285339454000109, -2.031202906999965 ], [ 130.285308556000018, -2.030547322999951 ], [ 130.285995450000087, -2.03115302599997 ] ] ], [ [ [ 130.283958147000021, -2.029999746999977 ], [ 130.284073810000109, -2.029799596999965 ], [ 130.284156998000071, -2.029965867999977 ], [ 130.283958147000021, -2.029999746999977 ] ] ], [ [ [ 130.286407980000035, -2.014262168999949 ], [ 130.28759982300005, -2.015950077999946 ], [ 130.286294842000075, -2.01629150399998 ], [ 130.286407980000035, -2.014262168999949 ] ] ], [ [ [ 130.293298518000029, -2.014500133999945 ], [ 130.292448080000099, -2.013364403999958 ], [ 130.293540367000105, -2.013669437999965 ], [ 130.293298518000029, -2.014500133999945 ] ] ], [ [ [ 130.267377465000095, -1.701118838999946 ], [ 130.264326520000054, -1.712278986999934 ], [ 130.252120361000038, -1.706939 ], [ 130.267377465000095, -1.701118838999946 ] ] ], [ [ [ 130.241566912000053, -1.702126386999964 ], [ 130.237696738000068, -1.709868600999926 ], [ 130.229075951000027, -1.70658018599994 ], [ 130.232238255000084, -1.703574925999931 ], [ 130.241566912000053, -1.702126386999964 ] ] ], [ [ [ 130.241036922000035, -1.633387816999971 ], [ 130.241554454000038, -1.630883433999941 ], [ 130.242767980000053, -1.632477672999926 ], [ 130.241036922000035, -1.633387816999971 ] ] ], [ [ [ 130.241933057000097, -1.48250606299996 ], [ 130.241781323000055, -1.482157368999935 ], [ 130.242011235000064, -1.482237677999933 ], [ 130.241933057000097, -1.48250606299996 ] ] ], [ [ [ 130.24889724600007, -1.478261460999931 ], [ 130.249511851000079, -1.48193662999995 ], [ 130.247770186000025, -1.481397688999948 ], [ 130.24889724600007, -1.478261460999931 ] ] ], [ [ [ 130.2654882920001, -1.460225043999969 ], [ 130.235653333000073, -1.485493874999975 ], [ 130.207634827000106, -1.48390715499994 ], [ 130.228772671000115, -1.46813773699995 ], [ 130.2654882920001, -1.460225043999969 ] ] ], [ [ [ 130.26924684800008, -1.465759423999941 ], [ 130.260955869000099, -1.474046790999978 ], [ 130.254104317000042, -1.475038813999959 ], [ 130.263442932000089, -1.465034284999945 ], [ 130.26924684800008, -1.465759423999941 ] ] ], [ [ [ 130.289474773000052, -1.430429662999927 ], [ 130.28257175300007, -1.435437029999946 ], [ 130.287378697, -1.428172428999972 ], [ 130.289474773000052, -1.430429662999927 ] ] ], [ [ [ 130.255721518000087, -0.697827987999972 ], [ 130.262975886000049, -0.690663118999964 ], [ 130.269782304000046, -0.694253190999973 ], [ 130.262939232, -0.700486184999932 ], [ 130.255721518000087, -0.697827987999972 ] ] ], [ [ [ 130.232260025000073, -0.698802865999937 ], [ 130.237318925000068, -0.686431052999978 ], [ 130.251026944000046, -0.69072453299998 ], [ 130.246697682000104, -0.696155622999925 ], [ 130.232260025000073, -0.698802865999937 ] ] ], [ [ [ 130.276557493000041, -0.685740166999949 ], [ 130.284383675000072, -0.687289730999964 ], [ 130.28081626900007, -0.691167221999933 ], [ 130.276557493000041, -0.685740166999949 ] ] ], [ [ [ 130.271100784000055, -0.679823219999946 ], [ 130.274524786000029, -0.684663066999974 ], [ 130.269189839000092, -0.682945919999952 ], [ 130.271100784000055, -0.679823219999946 ] ] ], [ [ [ 130.250260587000071, -0.668478547999939 ], [ 130.255420961000027, -0.680252885999948 ], [ 130.247022646000119, -0.675334419999956 ], [ 130.250260587000071, -0.668478547999939 ] ] ], [ [ [ 130.294335963000094, -0.670313528999941 ], [ 130.293679191000024, -0.678101442999946 ], [ 130.290281321000066, -0.676692801999934 ], [ 130.294335963000094, -0.670313528999941 ] ] ], [ [ [ 130.300574615000073, -0.65927505999997 ], [ 130.3006697940001, -0.660250638999969 ], [ 130.300170107000099, -0.659401964999972 ], [ 130.300574615000073, -0.65927505999997 ] ] ], [ [ [ 130.298798859000044, -0.659943630999976 ], [ 130.298920123000016, -0.659396269999945 ], [ 130.299036400000091, -0.659959514999969 ], [ 130.298798859000044, -0.659943630999976 ] ] ], [ [ [ 130.308625956000014, -0.644370365999976 ], [ 130.316930937000052, -0.650414326999964 ], [ 130.309030973000063, -0.656481741999926 ], [ 130.268768680000107, -0.66567428299993 ], [ 130.288174660000095, -0.646959761999938 ], [ 130.308625956000014, -0.644370365999976 ] ] ], [ [ [ 130.276656130000106, -0.649892535999925 ], [ 130.277087606, -0.655159076999951 ], [ 130.27243020800006, -0.653674292999938 ], [ 130.276656130000106, -0.649892535999925 ] ] ], [ [ [ 130.285212257000012, -0.603884692999941 ], [ 130.285590591000073, -0.603934660999926 ], [ 130.285393096, -0.60429395999995 ], [ 130.285212257000012, -0.603884692999941 ] ] ], [ [ [ 130.281175977000089, -0.603709504999927 ], [ 130.281268776000047, -0.603739485999938 ], [ 130.281163128000117, -0.603798020999932 ], [ 130.281175977000089, -0.603709504999927 ] ] ], [ [ [ 130.278471818000071, -0.602900586999965 ], [ 130.278101115000027, -0.604285524999966 ], [ 130.277357991000031, -0.603005510999935 ], [ 130.278471818000071, -0.602900586999965 ] ] ], [ [ [ 130.286031982000054, -0.602728036999963 ], [ 130.286011042000041, -0.602846057999955 ], [ 130.285942514000112, -0.602764203999925 ], [ 130.286031982000054, -0.602728036999963 ] ] ], [ [ [ 130.297257452000053, -0.593280155999935 ], [ 130.293608945000074, -0.591233818999967 ], [ 130.29523491000009, -0.588005683999938 ], [ 130.297257452000053, -0.593280155999935 ] ] ], [ [ [ 130.298653403000117, -0.589190655999971 ], [ 130.2974256010001, -0.590137680999931 ], [ 130.297558851000076, -0.589300110999943 ], [ 130.298653403000117, -0.589190655999971 ] ] ], [ [ [ 130.298558224000089, -0.588786146999951 ], [ 130.298372626000059, -0.589000298999963 ], [ 130.298339314000032, -0.588814700999933 ], [ 130.298558224000089, -0.588786146999951 ] ] ], [ [ [ 130.252883413000063, -0.546899622999945 ], [ 130.274325912000108, -0.564327772999945 ], [ 130.271422970000117, -0.562885819999963 ], [ 130.268930630000114, -0.569026441999938 ], [ 130.269649466000033, -0.571471938999935 ], [ 130.271925857000042, -0.572432017999972 ], [ 130.275119199000073, -0.569816379999963 ], [ 130.278339599000105, -0.576090267999973 ], [ 130.274821127000109, -0.581644812999969 ], [ 130.282174952000105, -0.586351549999961 ], [ 130.279039079000086, -0.593913523999959 ], [ 130.288557286000014, -0.591243022999947 ], [ 130.284266515000013, -0.605220083999939 ], [ 130.282511157000044, -0.602231420999942 ], [ 130.278795700000046, -0.600936009999941 ], [ 130.280421092000097, -0.602398280999978 ], [ 130.28120935700008, -0.607583788999932 ], [ 130.277465756000083, -0.600181975999931 ], [ 130.278857075000019, -0.587212767999972 ], [ 130.263826941000048, -0.580985725999938 ], [ 130.270720206000078, -0.574046604999978 ], [ 130.252883413000063, -0.546899622999945 ] ] ], [ [ [ 130.271734491000075, -0.569919432999939 ], [ 130.271824036000112, -0.570172837999962 ], [ 130.271456667000052, -0.570166279999967 ], [ 130.271734491000075, -0.569919432999939 ] ] ], [ [ [ 130.269888218000119, -0.57012070299993 ], [ 130.269844594000119, -0.569914482999934 ], [ 130.269987362000052, -0.57001362799997 ], [ 130.269888218000119, -0.57012070299993 ] ] ], [ [ [ 130.270506878000106, -0.569430659999966 ], [ 130.270344281, -0.569164952999927 ], [ 130.270415665000087, -0.569113397999956 ], [ 130.270506878000106, -0.569430659999966 ] ] ], [ [ [ 130.274230337000063, -0.568734217999975 ], [ 130.274344552000116, -0.568886502999931 ], [ 130.274225578000028, -0.568815118999964 ], [ 130.274230337000063, -0.568734217999975 ] ] ], [ [ [ 130.274768096000116, -0.568886502999931 ], [ 130.274534908000078, -0.568491512999969 ], [ 130.274963211000113, -0.568505789999961 ], [ 130.274768096000116, -0.568886502999931 ] ] ], [ [ [ 130.272725328000092, -0.568369366999946 ], [ 130.272657910000021, -0.568383246999929 ], [ 130.272689636000109, -0.568337640999971 ], [ 130.272725328000092, -0.568369366999946 ] ] ], [ [ [ 130.272464381000077, -0.56708604399995 ], [ 130.272599217000106, -0.566978968999933 ], [ 130.272535765000043, -0.567121735999933 ], [ 130.272464381000077, -0.56708604399995 ] ] ], [ [ [ 130.275006042000086, -0.56571706099993 ], [ 130.273838519000037, -0.567151082999942 ], [ 130.274752233000072, -0.565082537999956 ], [ 130.275006042000086, -0.56571706099993 ] ] ], [ [ [ 130.272377134000067, -0.566094601999964 ], [ 130.272516729000017, -0.566154881999978 ], [ 130.272389824000015, -0.566170744999965 ], [ 130.272377134000067, -0.566094601999964 ] ] ], [ [ [ 130.272672187000012, -0.566145363999965 ], [ 130.272960895000097, -0.565583810999954 ], [ 130.273078282000029, -0.565993078999952 ], [ 130.272672187000012, -0.566145363999965 ] ] ], [ [ [ 130.272053527000025, -0.56579637699997 ], [ 130.272142360000089, -0.565713888999937 ], [ 130.272129670000027, -0.565799548999962 ], [ 130.272053527000025, -0.56579637699997 ] ] ], [ [ [ 130.284029288000056, -0.565773916999945 ], [ 130.284061014000031, -0.565551833999962 ], [ 130.284144296000022, -0.565769950999936 ], [ 130.284029288000056, -0.565773916999945 ] ] ], [ [ [ 130.273211532000118, -0.565425180999966 ], [ 130.27327815600006, -0.56552987699996 ], [ 130.273167115000092, -0.565555257999961 ], [ 130.273211532000118, -0.565425180999966 ] ] ], [ [ [ 130.272745157000031, -0.565393454999935 ], [ 130.272488175000035, -0.56552987699996 ], [ 130.272469140000112, -0.565431525999941 ], [ 130.272745157000031, -0.565393454999935 ] ] ], [ [ [ 130.273356679000017, -0.56510712599993 ], [ 130.273261500000103, -0.565166612999974 ], [ 130.273309089, -0.565051604999951 ], [ 130.273356679000017, -0.56510712599993 ] ] ], [ [ [ 130.272143947000018, -0.565023051999958 ], [ 130.272179639000115, -0.564925493999965 ], [ 130.272179639000115, -0.565039707999972 ], [ 130.272143947000018, -0.565023051999958 ] ] ], [ [ [ 130.273328918000061, -0.564730377999979 ], [ 130.273618419000059, -0.564627267999924 ], [ 130.273562899000012, -0.565182475999961 ], [ 130.273328918000061, -0.564730377999979 ] ] ], [ [ [ 130.272572250000053, -0.56455191799995 ], [ 130.272531799000035, -0.564647096999977 ], [ 130.272515143000078, -0.564523364999957 ], [ 130.272572250000053, -0.56455191799995 ] ] ], [ [ [ 130.272500866000087, -0.564066507999939 ], [ 130.272274817000039, -0.564271141999939 ], [ 130.272450897000112, -0.563997503999929 ], [ 130.272500866000087, -0.564066507999939 ] ] ], [ [ [ 130.285236376000057, -0.563916178999932 ], [ 130.283983947000024, -0.563642610999977 ], [ 130.284950840000079, -0.561980883999979 ], [ 130.285236376000057, -0.563916178999932 ] ] ], [ [ [ 130.27180368400002, -0.563935637999975 ], [ 130.271908380000013, -0.563987985999972 ], [ 130.271877447000065, -0.564018918999977 ], [ 130.27180368400002, -0.563935637999975 ] ] ], [ [ [ 130.274163845000089, -0.563828165999951 ], [ 130.274080564000087, -0.56392730999994 ], [ 130.274092461, -0.56377661099998 ], [ 130.274163845000089, -0.563828165999951 ] ] ], [ [ [ 130.2722986120001, -0.563671517999978 ], [ 130.272148706000053, -0.56390470499997 ], [ 130.27211301400007, -0.563709588999927 ], [ 130.2722986120001, -0.563671517999978 ] ] ], [ [ [ 130.273993317000077, -0.563189676999968 ], [ 130.274104358000045, -0.563685397999961 ], [ 130.273830720000092, -0.563736952999932 ], [ 130.273993317000077, -0.563189676999968 ] ] ], [ [ [ 130.273802960000012, -0.562876380999967 ], [ 130.273640363000027, -0.563225368999952 ], [ 130.273731576000046, -0.562852586999952 ], [ 130.273802960000012, -0.562876380999967 ] ] ], [ [ [ 130.28547844600007, -0.563038 ], [ 130.285414994, -0.562650940999958 ], [ 130.285548244000097, -0.562657285999933 ], [ 130.28547844600007, -0.563038 ] ] ], [ [ [ 130.252715264000017, -0.545429511999941 ], [ 130.252729541, -0.544896512999969 ], [ 130.252772371000106, -0.54577691399993 ], [ 130.252715264000017, -0.545429511999941 ] ] ], [ [ [ 130.250581026000077, -0.544515190999959 ], [ 130.250692454000045, -0.544955509999966 ], [ 130.250521718000073, -0.544897998999943 ], [ 130.250581026000077, -0.544515190999959 ] ] ], [ [ [ 130.286955899000077, -0.41078977199993 ], [ 130.287355841000021, -0.411599653999929 ], [ 130.28682591800009, -0.411464673999944 ], [ 130.286955899000077, -0.41078977199993 ] ] ], [ [ [ 130.25333622900007, -0.396542720999946 ], [ 130.253621764000059, -0.396265116999928 ], [ 130.253613833000031, -0.396550652999963 ], [ 130.25333622900007, -0.396542720999946 ] ] ], [ [ [ 130.257547875000114, -0.39352873699994 ], [ 130.253859710000029, -0.39508331899998 ], [ 130.252868268000043, -0.392783172999941 ], [ 130.257547875000114, -0.39352873699994 ] ] ], [ [ [ 130.276633965000087, -0.392231898999967 ], [ 130.280288817000041, -0.392929874999936 ], [ 130.279032462000032, -0.394528871999967 ], [ 130.276633965000087, -0.392231898999967 ] ] ], [ [ [ 130.27242813600003, -0.384043380999969 ], [ 130.265410312000085, -0.38810432799994 ], [ 130.261527032000117, -0.385680449999938 ], [ 130.27242813600003, -0.384043380999969 ] ] ], [ [ [ 130.27311557500002, -0.370953502999953 ], [ 130.279448114000047, -0.367983935999973 ], [ 130.282227325, -0.370890050999947 ], [ 130.277303427000106, -0.37496368799998 ], [ 130.27311557500002, -0.370953502999953 ] ] ], [ [ [ 130.305380101000083, -0.368114314999957 ], [ 130.291784033000113, -0.37009521799996 ], [ 130.292559632, -0.376643111999954 ], [ 130.286847499000032, -0.368014836999976 ], [ 130.305380101000083, -0.368114314999957 ] ] ], [ [ [ 130.246405572000072, -0.320148353999969 ], [ 130.250773892000097, -0.324482106999938 ], [ 130.243096349000098, -0.318343024999933 ], [ 130.246405572000072, -0.320148353999969 ] ] ], [ [ [ 130.271809967000081, -0.30265430299994 ], [ 130.270617064000021, -0.306486820999964 ], [ 130.270134827000106, -0.307083272999932 ], [ 130.271809967000081, -0.30265430299994 ] ] ], [ [ [ 130.292727891000027, -0.253833438999948 ], [ 130.290443608000032, -0.253630391999934 ], [ 130.290265942000019, -0.251822001999926 ], [ 130.292727891000027, -0.253833438999948 ] ] ], [ [ [ 130.289609448000078, -0.250796889999947 ], [ 130.289756182000019, -0.251216269999929 ], [ 130.289518236000049, -0.250859350999974 ], [ 130.289609448000078, -0.250796889999947 ] ] ], [ [ [ 130.289300118000028, -0.250264485999935 ], [ 130.289161316000104, -0.250089991999971 ], [ 130.289220803000035, -0.250014642999929 ], [ 130.289300118000028, -0.250264485999935 ] ] ], [ [ [ 130.288414959000079, -0.247390096999936 ], [ 130.288414959000079, -0.249039856999957 ], [ 130.286828652000054, -0.246977656999945 ], [ 130.288414959000079, -0.247390096999936 ] ] ], [ [ [ 130.274532237000017, -0.217408976999934 ], [ 130.27482491100011, -0.217530328999942 ], [ 130.274625036000089, -0.217673096999931 ], [ 130.274532237000017, -0.217408976999934 ] ] ], [ [ [ 130.275017647000027, -0.217551743999934 ], [ 130.27522926000006, -0.217040463999979 ], [ 130.275381705000086, -0.217294762999927 ], [ 130.275017647000027, -0.217551743999934 ] ] ], [ [ [ 130.296100489000082, -0.216991418999953 ], [ 130.295786701000111, -0.217352179999978 ], [ 130.295945824000114, -0.216991418999953 ], [ 130.296100489000082, -0.216991418999953 ] ] ], [ [ [ 130.274439438000059, -0.217230516999962 ], [ 130.274724974000037, -0.217016365999939 ], [ 130.274675005000063, -0.217259070999944 ], [ 130.274439438000059, -0.217230516999962 ] ] ], [ [ [ 130.281672627000034, -0.215012897999941 ], [ 130.282059289000017, -0.215131870999926 ], [ 130.281845138000108, -0.215340072999936 ], [ 130.281672627000034, -0.215012897999941 ] ] ], [ [ [ 130.286435883000081, -0.213430648999974 ], [ 130.286987153000041, -0.213898119999953 ], [ 130.286606439000025, -0.214040887999943 ], [ 130.286435883000081, -0.213430648999974 ] ] ], [ [ [ 130.246737381000116, -0.202745585999935 ], [ 130.246975327000087, -0.202897871999937 ], [ 130.246984844000053, -0.20303112199997 ], [ 130.246737381000116, -0.202745585999935 ] ] ], [ [ [ 130.237476518000108, -0.202310144999956 ], [ 130.237424170000054, -0.201943707999931 ], [ 130.23762880400011, -0.201996055999928 ], [ 130.237476518000108, -0.202310144999956 ] ] ], [ [ [ 130.238459561000013, -0.200967828999978 ], [ 130.238585347000026, -0.202062680999973 ], [ 130.237657357000103, -0.201505886999939 ], [ 130.238459561000013, -0.200967828999978 ] ] ], [ [ [ 130.238399775000062, -0.200399249999975 ], [ 130.238399749000109, -0.20067307599993 ], [ 130.238286328000072, -0.200443853999957 ], [ 130.238399775000062, -0.200399249999975 ] ] ], [ [ [ 130.236675830000081, -0.199849781999944 ], [ 130.236797182000032, -0.199749844999928 ], [ 130.236832043000049, -0.199831839999945 ], [ 130.236675830000081, -0.199849781999944 ] ] ], [ [ [ 130.245325712000067, -0.189358114999948 ], [ 130.255194754000058, -0.190810567999961 ], [ 130.258002518000012, -0.195046008999952 ], [ 130.245325712000067, -0.189358114999948 ] ] ], [ [ [ 130.298770171000115, -0.188997033999954 ], [ 130.298753167000086, -0.188833235999937 ], [ 130.298888797000018, -0.188933173999942 ], [ 130.298770171000115, -0.188997033999954 ] ] ], [ [ [ 130.253278547000036, -0.18098522799994 ], [ 130.288156124000011, -0.181725270999948 ], [ 130.289963438000086, -0.189994412999965 ], [ 130.297727678000115, -0.191540551999935 ], [ 130.27454453100006, -0.189252021999948 ], [ 130.272084267000082, -0.194593260999966 ], [ 130.253278547000036, -0.18098522799994 ] ] ], [ [ [ 130.290972330000045, -0.183536555999979 ], [ 130.29151484700003, -0.183465171999956 ], [ 130.291015160000029, -0.183964858999957 ], [ 130.290972330000045, -0.183536555999979 ] ] ], [ [ [ 130.290008648000025, -0.183415203999971 ], [ 130.289908710000077, -0.183593662999954 ], [ 130.289871458000107, -0.183501727999953 ], [ 130.290008648000025, -0.183415203999971 ] ] ], [ [ [ 130.290558304000115, -0.18306542299996 ], [ 130.290229938000039, -0.18337237399993 ], [ 130.290148234000071, -0.183195620999925 ], [ 130.290558304000115, -0.18306542299996 ] ] ], [ [ [ 130.289337640000099, -0.183193913999958 ], [ 130.289585199000044, -0.183426365999935 ], [ 130.289359055000091, -0.183493725999938 ], [ 130.289337640000099, -0.183193913999958 ] ] ], [ [ [ 130.276439772000117, -0.177961478999975 ], [ 130.27616613400005, -0.178128040999979 ], [ 130.276249415000052, -0.177872248999961 ], [ 130.276439772000117, -0.177961478999975 ] ] ], [ [ [ 130.274141018000023, -0.174517204999972 ], [ 130.274267594000094, -0.17511381199995 ], [ 130.273874983000042, -0.174947248999956 ], [ 130.274141018000023, -0.174517204999972 ] ] ], [ [ [ 130.274211407000053, -0.173861667999972 ], [ 130.274049603000094, -0.173728417999939 ], [ 130.274304916000119, -0.17371336399998 ], [ 130.274211407000053, -0.173861667999972 ] ] ], [ [ [ 130.241115158000071, -0.167661339999938 ], [ 130.241215096000019, -0.167340112999966 ], [ 130.241557738000097, -0.167554263999932 ], [ 130.241115158000071, -0.167661339999938 ] ] ], [ [ [ 130.297590526000022, -0.164596593999931 ], [ 130.295596369, -0.166539145999934 ], [ 130.293974290000051, -0.165524583999968 ], [ 130.297590526000022, -0.164596593999931 ] ] ], [ [ [ 130.238174145000016, -0.165170043999979 ], [ 130.238266944000088, -0.165584069999966 ], [ 130.238067069000067, -0.165319949999969 ], [ 130.238174145000016, -0.165170043999979 ] ] ], [ [ [ 130.23924490200011, -0.165305672999978 ], [ 130.238738077000107, -0.165491270999951 ], [ 130.238688108000019, -0.165091521999955 ], [ 130.23924490200011, -0.165305672999978 ] ] ], [ [ [ 130.238231252000105, -0.164991584999939 ], [ 130.238716662000115, -0.164863093999941 ], [ 130.238559617000078, -0.165170043999979 ], [ 130.238231252000105, -0.164991584999939 ] ] ], [ [ [ 130.247616995000044, -0.150220591999926 ], [ 130.273054069000068, -0.15844330799996 ], [ 130.274005853000062, -0.173150755999927 ], [ 130.248474772, -0.175288444999978 ], [ 130.248097920000077, -0.160563631999935 ], [ 130.261582842000053, -0.156359112999951 ], [ 130.247616995000044, -0.150220591999926 ] ] ], [ [ [ 130.277765401000011, -0.148806490999959 ], [ 130.272017437000045, -0.145004577999941 ], [ 130.273626456000102, -0.14411738299998 ], [ 130.277765401000011, -0.148806490999959 ] ] ], [ [ [ 130.269889980000016, -0.144878595999955 ], [ 130.265071417000058, -0.144457235999937 ], [ 130.266320084000085, -0.142488413999956 ], [ 130.269889980000016, -0.144878595999955 ] ] ], [ [ [ 130.259359064000023, -0.122413623999932 ], [ 130.259081166000101, -0.122081262999927 ], [ 130.259404752000023, -0.122163803999968 ], [ 130.259359064000023, -0.122413623999932 ] ] ], [ [ [ 130.260104772000091, -0.122128615999941 ], [ 130.260419881000075, -0.122094453999978 ], [ 130.260328113000014, -0.122248322999951 ], [ 130.260104772000091, -0.122128615999941 ] ] ], [ [ [ 130.269819605000066, -0.106619050999939 ], [ 130.273461876000056, -0.11337100999998 ], [ 130.262244322000015, -0.122215925999967 ], [ 130.251142532000017, -0.10921885099998 ], [ 130.269819605000066, -0.106619050999939 ] ] ], [ [ [ 130.264092749000042, -0.103504383999962 ], [ 130.264378284000031, -0.10334753099994 ], [ 130.264462684000023, -0.103482569999926 ], [ 130.264092749000042, -0.103504383999962 ] ] ], [ [ [ 130.277370141000119, -0.102764562999937 ], [ 130.276715789000036, -0.10321665999993 ], [ 130.276558522000073, -0.103173402999971 ], [ 130.277370141000119, -0.102764562999937 ] ] ], [ [ [ 130.269219640000074, -0.10287763499997 ], [ 130.269089617000077, -0.102657486999931 ], [ 130.269447655000022, -0.102804423999942 ], [ 130.269219640000074, -0.10287763499997 ] ] ], [ [ [ 130.2718378940001, -0.102835945999971 ], [ 130.27129061800008, -0.101610523999966 ], [ 130.271933073000014, -0.101991237999925 ], [ 130.2718378940001, -0.102835945999971 ] ] ], [ [ [ 130.275566004000098, -0.102270661999967 ], [ 130.27568072400004, -0.101705701999947 ], [ 130.276073335000092, -0.101979339999957 ], [ 130.275566004000098, -0.102270661999967 ] ] ], [ [ [ 130.299301232000062, -0.019259302999956 ], [ 130.298480318000088, -0.018949972999962 ], [ 130.299295283000106, -0.017962496999928 ], [ 130.299301232000062, -0.019259302999956 ] ] ], [ [ [ 130.299098978000075, -0.017676961999939 ], [ 130.299705740000036, -0.017379528999925 ], [ 130.299432102000083, -0.017974393999964 ], [ 130.299098978000075, -0.017676961999939 ] ] ], [ [ [ 130.299652202000061, -0.016921482999976 ], [ 130.299406431000079, -0.016869628999927 ], [ 130.299467794000066, -0.016784663999942 ], [ 130.299652202000061, -0.016921482999976 ] ] ], [ [ [ 130.288805429000035, -0.015479528999947 ], [ 130.288596037000048, -0.015622296999936 ], [ 130.288786394000113, -0.015412904999948 ], [ 130.288805429000035, -0.015479528999947 ] ] ], [ [ [ 130.23801443900004, 0.094954623000035 ], [ 130.238163880000116, 0.095441448000031 ], [ 130.238280782000061, 0.095027047000031 ], [ 130.23801443900004, 0.094954623000035 ] ] ], [ [ [ 130.235807671000089, 0.096625911000046 ], [ 130.235712294000109, 0.096256518000075 ], [ 130.235486932000072, 0.096497291000048 ], [ 130.235807671000089, 0.096625911000046 ] ] ], [ [ [ 130.276875500000074, 0.099490804000027 ], [ 130.276576946000091, 0.099041331000024 ], [ 130.276386432000095, 0.099123838000025 ], [ 130.276875500000074, 0.099490804000027 ] ] ], [ [ [ 130.254051178000054, 0.102166792000048 ], [ 130.253979730000083, 0.10279104500006 ], [ 130.254360488000088, 0.102800192000075 ], [ 130.254051178000054, 0.102166792000048 ] ] ], [ [ [ 130.25246831700008, 0.102885092000065 ], [ 130.252581350000014, 0.102809226000034 ], [ 130.252467676000037, 0.102804735000063 ], [ 130.25246831700008, 0.102885092000065 ] ] ], [ [ [ 130.253920144000062, 0.103252647000033 ], [ 130.254062394000016, 0.10317260100004 ], [ 130.253983840000046, 0.103125353000053 ], [ 130.253920144000062, 0.103252647000033 ] ] ], [ [ [ 130.252913031000048, 0.103425504000029 ], [ 130.253288533000045, 0.103649211000061 ], [ 130.253144841000108, 0.103372128000046 ], [ 130.252913031000048, 0.103425504000029 ] ] ], [ [ [ 130.245447237, 0.110668676000046 ], [ 130.264280616000065, 0.107399691000069 ], [ 130.276536194000073, 0.100957970000024 ], [ 130.250145311000097, 0.098360477000028 ], [ 130.249648551000064, 0.102831584000057 ], [ 130.254081690000021, 0.101483983000037 ], [ 130.255797254000072, 0.104043913000055 ], [ 130.245447237, 0.110668676000046 ] ] ], [ [ [ 130.24853857100004, 0.107053307000058 ], [ 130.248628712000027, 0.107008304000033 ], [ 130.248562403000051, 0.106953177000037 ], [ 130.24853857100004, 0.107053307000058 ] ] ], [ [ [ 130.248386213000117, 0.107143693000069 ], [ 130.248498342000062, 0.107152688000042 ], [ 130.248403717000087, 0.106971934000057 ], [ 130.248386213000117, 0.107143693000069 ] ] ], [ [ [ 130.247727333000057, 0.107316166000032 ], [ 130.247529212000018, 0.107491270000025 ], [ 130.247917323000024, 0.107554299000071 ], [ 130.247727333000057, 0.107316166000032 ] ] ], [ [ [ 130.246530524000036, 0.107655345000069 ], [ 130.246722747000035, 0.107801968000047 ], [ 130.246680648000051, 0.107666962000053 ], [ 130.246530524000036, 0.107655345000069 ] ] ], [ [ [ 130.368850289000079, -2.242228014999966 ], [ 130.369469735000052, -2.242132393999952 ], [ 130.369451932000061, -2.242497840999931 ], [ 130.368850289000079, -2.242228014999966 ] ] ], [ [ [ 130.360462736000045, -2.240744099999972 ], [ 130.360471007000115, -2.240416541999934 ], [ 130.360651177000022, -2.240571528999965 ], [ 130.360462736000045, -2.240744099999972 ] ] ], [ [ [ 130.319706806000113, -2.197246757999949 ], [ 130.319684593000034, -2.196663026999943 ], [ 130.320037330000105, -2.19674454799997 ], [ 130.319706806000113, -2.197246757999949 ] ] ], [ [ [ 130.32222876600008, -2.197333734999972 ], [ 130.3213752260001, -2.19644466699998 ], [ 130.321595019000029, -2.196331222999959 ], [ 130.32222876600008, -2.197333734999972 ] ] ], [ [ [ 130.318295720000037, -2.195882934999929 ], [ 130.318906156000025, -2.196418096999935 ], [ 130.318597462000071, -2.19658917199996 ], [ 130.318295720000037, -2.195882934999929 ] ] ], [ [ [ 130.308544608000034, -2.193342160999975 ], [ 130.309908420000056, -2.194626476999929 ], [ 130.308487873000104, -2.196961604999956 ], [ 130.308544608000034, -2.193342160999975 ] ] ], [ [ [ 130.307611989000065, -2.194752439999945 ], [ 130.305628452000064, -2.194224120999934 ], [ 130.306831825000017, -2.192456195999966 ], [ 130.307611989000065, -2.194752439999945 ] ] ], [ [ [ 130.344720306000113, -2.166195009999967 ], [ 130.341794272000016, -2.166872927999975 ], [ 130.341323282000076, -2.166547944999934 ], [ 130.344720306000113, -2.166195009999967 ] ] ], [ [ [ 130.357947064000086, -2.125337878999972 ], [ 130.358048078000024, -2.125619929999971 ], [ 130.357837137000047, -2.12535866199994 ], [ 130.357947064000086, -2.125337878999972 ] ] ], [ [ [ 130.384694005000028, -2.123584710999978 ], [ 130.391434603000107, -2.126197390999948 ], [ 130.374939629000096, -2.125855366999929 ], [ 130.384694005000028, -2.123584710999978 ] ] ], [ [ [ 130.354114478000042, -2.125391319999949 ], [ 130.354952299000047, -2.124880659999974 ], [ 130.355184037000072, -2.12577728399998 ], [ 130.354114478000042, -2.125391319999949 ] ] ], [ [ [ 130.345952556000043, -2.125030591999973 ], [ 130.345610892000082, -2.12481979699993 ], [ 130.34616943900005, -2.124730727999975 ], [ 130.345952556000043, -2.125030591999973 ] ] ], [ [ [ 130.353300425000043, -2.12482721899994 ], [ 130.353282599000067, -2.125040983999952 ], [ 130.352926080000088, -2.124945976999925 ], [ 130.353300425000043, -2.12482721899994 ] ] ], [ [ [ 130.333946295000032, -2.122192341999948 ], [ 130.336701362000099, -2.124631061999935 ], [ 130.324248535000038, -2.124616964999973 ], [ 130.333946295000032, -2.122192341999948 ] ] ], [ [ [ 130.309018841000011, -2.122463654999933 ], [ 130.31402437600002, -2.12396713499993 ], [ 130.308476931000087, -2.125876765999976 ], [ 130.309018841000011, -2.122463654999933 ] ] ], [ [ [ 130.31610962000002, -2.118395632999977 ], [ 130.313663895000104, -2.119407455999976 ], [ 130.318241607000118, -2.116942025999947 ], [ 130.31610962000002, -2.118395632999977 ] ] ], [ [ [ 130.319295716000056, -2.117080379999948 ], [ 130.318662894000113, -2.117145697999945 ], [ 130.319055066000033, -2.116917086999933 ], [ 130.319295716000056, -2.117080379999948 ] ] ], [ [ [ 130.367283893000035, -2.048324033999961 ], [ 130.377882148000026, -2.054510645999926 ], [ 130.364435125000114, -2.055803419999961 ], [ 130.367283893000035, -2.048324033999961 ] ] ], [ [ [ 130.381456509000031, -2.052185220999945 ], [ 130.381573955000022, -2.051913801999945 ], [ 130.381715869000118, -2.052016500999969 ], [ 130.381456509000031, -2.052185220999945 ] ] ], [ [ [ 130.37928238500001, -2.050008731999981 ], [ 130.376709261000087, -2.051357374999952 ], [ 130.37699929200005, -2.049624844999926 ], [ 130.37928238500001, -2.050008731999981 ] ] ], [ [ [ 130.375761972000078, -2.050463605999937 ], [ 130.37566679400004, -2.04984494699994 ], [ 130.376904113000023, -2.049684332999959 ], [ 130.375761972000078, -2.050463605999937 ] ] ], [ [ [ 130.373438279000084, -2.04987406999993 ], [ 130.37304362000009, -2.049866963999932 ], [ 130.373128952000116, -2.049557834999973 ], [ 130.373438279000084, -2.04987406999993 ] ] ], [ [ [ 130.36195608200012, -2.049332257999936 ], [ 130.362896675000115, -2.049331453999969 ], [ 130.362377988000048, -2.049822619999929 ], [ 130.36195608200012, -2.049332257999936 ] ] ], [ [ [ 130.374504949000084, -2.049782377999975 ], [ 130.37497432300006, -2.048817487999941 ], [ 130.375307249000116, -2.049579961999939 ], [ 130.374504949000084, -2.049782377999975 ] ] ], [ [ [ 130.381906073000096, -2.048801323999953 ], [ 130.382268223000096, -2.048405174999971 ], [ 130.382284196000114, -2.048851948999925 ], [ 130.381906073000096, -2.048801323999953 ] ] ], [ [ [ 130.365607139000076, -2.048479020999935 ], [ 130.365272327000071, -2.048300927999946 ], [ 130.36561253900004, -2.048252357999957 ], [ 130.365607139000076, -2.048479020999935 ] ] ], [ [ [ 130.356050475000075, -2.048154436999937 ], [ 130.356862939000052, -2.04724671799994 ], [ 130.35644022200006, -2.048415216999956 ], [ 130.356050475000075, -2.048154436999937 ] ] ], [ [ [ 130.362828765000017, -2.047901321999973 ], [ 130.364988428000061, -2.047277590999954 ], [ 130.362909896000019, -2.048442017999946 ], [ 130.362828765000017, -2.047901321999973 ] ] ], [ [ [ 130.368663758000025, -2.047339707999924 ], [ 130.36837407500002, -2.047156421999944 ], [ 130.368688718000044, -2.047086539999952 ], [ 130.368663758000025, -2.047339707999924 ] ] ], [ [ [ 130.360221339000077, -2.046395188999952 ], [ 130.359931738000114, -2.046759900999973 ], [ 130.359755152000048, -2.046468130999926 ], [ 130.360221339000077, -2.046395188999952 ] ] ], [ [ [ 130.378636011000026, -2.046916187999955 ], [ 130.377292663000048, -2.04626719099997 ], [ 130.377800255000011, -2.045344501999978 ], [ 130.378636011000026, -2.046916187999955 ] ] ], [ [ [ 130.370615136000083, -2.042816558999959 ], [ 130.372836656000118, -2.04947500399993 ], [ 130.368965883000101, -2.046690961999957 ], [ 130.370615136000083, -2.042816558999959 ] ] ], [ [ [ 130.358128946000079, -2.044765845999962 ], [ 130.356980056000111, -2.046766979999973 ], [ 130.356691057000035, -2.046075536999979 ], [ 130.358128946000079, -2.044765845999962 ] ] ], [ [ [ 130.377685469000085, -2.045019199999956 ], [ 130.377152469000066, -2.044658116999926 ], [ 130.377257166000049, -2.043855643999962 ], [ 130.377685469000085, -2.045019199999956 ] ] ], [ [ [ 130.37443139200002, -2.043672470999979 ], [ 130.373549067000113, -2.043843655999979 ], [ 130.373785331000022, -2.043300896999938 ], [ 130.37443139200002, -2.043672470999979 ] ] ], [ [ [ 130.376978101000077, -2.043533776999936 ], [ 130.374596928000074, -2.043897283999968 ], [ 130.376081697000018, -2.042140853999967 ], [ 130.376978101000077, -2.043533776999936 ] ] ], [ [ [ 130.350574167000104, -2.042440062999958 ], [ 130.350746260000051, -2.042112738999947 ], [ 130.350929456000017, -2.042256983999948 ], [ 130.350574167000104, -2.042440062999958 ] ] ], [ [ [ 130.371970565000083, -2.041978596999968 ], [ 130.373117626000067, -2.038233570999978 ], [ 130.373869261000095, -2.037810379999939 ], [ 130.371970565000083, -2.041978596999968 ] ] ], [ [ [ 130.331217323000033, -2.037360584999931 ], [ 130.331916405000015, -2.037529641999924 ], [ 130.331302059000109, -2.037827021999931 ], [ 130.331217323000033, -2.037360584999931 ] ] ], [ [ [ 130.382556691000104, -2.035328538999977 ], [ 130.391451928000038, -2.03597747799995 ], [ 130.38485498600005, -2.042093916999931 ], [ 130.382556691000104, -2.035328538999977 ] ] ], [ [ [ 130.338286313000026, -2.035386935999952 ], [ 130.338263330000018, -2.036139159999948 ], [ 130.33799327700001, -2.036087480999925 ], [ 130.338286313000026, -2.035386935999952 ] ] ], [ [ [ 130.325773997000056, -2.032403383999963 ], [ 130.326335130000075, -2.03253205599998 ], [ 130.325848684000107, -2.032817912999974 ], [ 130.325773997000056, -2.032403383999963 ] ] ], [ [ [ 130.329116790000057, -2.027589159999934 ], [ 130.328187195000055, -2.029028474999961 ], [ 130.327724459000024, -2.028229696999972 ], [ 130.329116790000057, -2.027589159999934 ] ] ], [ [ [ 130.326252437000107, -2.027195326999959 ], [ 130.326813425000068, -2.026602419999961 ], [ 130.326848855000094, -2.027550297999937 ], [ 130.326252437000107, -2.027195326999959 ] ] ], [ [ [ 130.334640820000118, -2.026103147999947 ], [ 130.334189335000019, -2.025973228999931 ], [ 130.3343811740001, -2.025727171999961 ], [ 130.334640820000118, -2.026103147999947 ] ] ], [ [ [ 130.329019385000038, -2.019643821999978 ], [ 130.332546505000096, -2.022366867999949 ], [ 130.329327690000014, -2.024209478999978 ], [ 130.329019385000038, -2.019643821999978 ] ] ], [ [ [ 130.329172073000109, -2.019482794999931 ], [ 130.328932016000067, -2.019443740999975 ], [ 130.329160908000063, -2.019443740999975 ], [ 130.329172073000109, -2.019482794999931 ] ] ], [ [ [ 130.31044496700008, -2.019454933999953 ], [ 130.311108858000011, -2.018331735999936 ], [ 130.310598498000104, -2.019600499999967 ], [ 130.31044496700008, -2.019454933999953 ] ] ], [ [ [ 130.329707610000014, -2.018124347999958 ], [ 130.330282044000114, -2.018272146999948 ], [ 130.32984779200001, -2.018717316999926 ], [ 130.329707610000014, -2.018124347999958 ] ] ], [ [ [ 130.330562875000055, -2.018005632999973 ], [ 130.33029366400001, -2.017904740999938 ], [ 130.330582105000076, -2.017873512999927 ], [ 130.330562875000055, -2.018005632999973 ] ] ], [ [ [ 130.303760982000085, -2.012824509999973 ], [ 130.304070526000032, -2.012772180999946 ], [ 130.303896109000107, -2.01296078799993 ], [ 130.303760982000085, -2.012824509999973 ] ] ], [ [ [ 130.305616454000074, -2.012854523999977 ], [ 130.306047320000062, -2.012630170999955 ], [ 130.306083649000016, -2.012867942999947 ], [ 130.305616454000074, -2.012854523999977 ] ] ], [ [ [ 130.32089424000003, -2.011254965999967 ], [ 130.320899258000054, -2.011692984999968 ], [ 130.320723608000094, -2.011622768999928 ], [ 130.32089424000003, -2.011254965999967 ] ] ], [ [ [ 130.384713597000086, -2.011419728999954 ], [ 130.384965188000024, -2.009702062999963 ], [ 130.385503738000011, -2.010703450999927 ], [ 130.384713597000086, -2.011419728999954 ] ] ], [ [ [ 130.308851705000052, -2.010513661999937 ], [ 130.309332768000104, -2.010341236999977 ], [ 130.309195573000011, -2.010806335999973 ], [ 130.308851705000052, -2.010513661999937 ] ] ], [ [ [ 130.314181228000052, -2.009859547999952 ], [ 130.315186841000013, -2.009959175999938 ], [ 130.314261523000027, -2.010338241999932 ], [ 130.314181228000052, -2.009859547999952 ] ] ], [ [ [ 130.313165370000092, -2.00985983299995 ], [ 130.313683687000093, -2.010312589999955 ], [ 130.313172442000109, -2.010292709999931 ], [ 130.313165370000092, -2.00985983299995 ] ] ], [ [ [ 130.303869377000069, -2.009143365999932 ], [ 130.305423231000077, -2.009512586999961 ], [ 130.304385517000014, -2.010441067999977 ], [ 130.303869377000069, -2.009143365999932 ] ] ], [ [ [ 130.318487121000089, -2.00880146999998 ], [ 130.318267737000042, -2.008889544999931 ], [ 130.31830336400003, -2.008705899999939 ], [ 130.318487121000089, -2.00880146999998 ] ] ], [ [ [ 130.318903388000081, -2.008370467999953 ], [ 130.318427119000035, -2.00860283399993 ], [ 130.318864011000073, -2.008229923999977 ], [ 130.318903388000081, -2.008370467999953 ] ] ], [ [ [ 130.322058827000092, -2.008258316999957 ], [ 130.321451743000011, -2.007838043999925 ], [ 130.322254864000115, -2.007999200999961 ], [ 130.322058827000092, -2.008258316999957 ] ] ], [ [ [ 130.308740214000068, -2.006334240999934 ], [ 130.308600669000043, -2.005606488999945 ], [ 130.308968894000031, -2.006261725999934 ], [ 130.308740214000068, -2.006334240999934 ] ] ], [ [ [ 130.327508709000085, -1.974127621999969 ], [ 130.353108614, -1.981097249999948 ], [ 130.396470519000104, -1.983914717999937 ], [ 130.404651847000082, -1.993802863999974 ], [ 130.400910673000112, -2.009979967999925 ], [ 130.39498284900003, -2.006461430999934 ], [ 130.386154349000094, -2.011729380999952 ], [ 130.385431094000069, -2.006126294999945 ], [ 130.358142792000081, -1.991550786999937 ], [ 130.339742285000057, -1.99122247899993 ], [ 130.338457793000089, -1.983234211999957 ], [ 130.32540778900011, -1.986209833999965 ], [ 130.327508709000085, -1.974127621999969 ] ] ], [ [ [ 130.367100245000074, -1.947027811999931 ], [ 130.367748648000088, -1.949972394999975 ], [ 130.366352536000022, -1.947539498999959 ], [ 130.367100245000074, -1.947027811999931 ] ] ], [ [ [ 130.381687828000054, -1.945709078999926 ], [ 130.379177928000104, -1.947395932999939 ], [ 130.381386029000055, -1.945319651999966 ], [ 130.381687828000054, -1.945709078999926 ] ] ], [ [ [ 130.363946652000095, -1.947204947999978 ], [ 130.364092989000028, -1.94688728999995 ], [ 130.364207203000092, -1.94723350199996 ], [ 130.363946652000095, -1.947204947999978 ] ] ], [ [ [ 130.383525932000111, -1.945146750999925 ], [ 130.383857867000074, -1.945439423999971 ], [ 130.38362587000006, -1.945541740999943 ], [ 130.383525932000111, -1.945146750999925 ] ] ], [ [ [ 130.378632773000049, -1.943384902999981 ], [ 130.37804855100012, -1.943306124999935 ], [ 130.378790421000076, -1.942972475999966 ], [ 130.378632773000049, -1.943384902999981 ] ] ], [ [ [ 130.383796916000051, -1.941251996999938 ], [ 130.383234187000085, -1.941494091999971 ], [ 130.383651576000034, -1.941099289999954 ], [ 130.383796916000051, -1.941251996999938 ] ] ], [ [ [ 130.379598214000112, -1.93909085699994 ], [ 130.380859160000114, -1.939908709999941 ], [ 130.37932097800001, -1.94041201999994 ], [ 130.379598214000112, -1.93909085699994 ] ] ], [ [ [ 130.374044270000013, -1.935347068999931 ], [ 130.378545865000092, -1.941204796999955 ], [ 130.371165803000054, -1.943772456999966 ], [ 130.374044270000013, -1.935347068999931 ] ] ], [ [ [ 130.371867435000013, -1.935395239999934 ], [ 130.37223687200003, -1.935009801999968 ], [ 130.372344937000094, -1.935173628999962 ], [ 130.371867435000013, -1.935395239999934 ] ] ], [ [ [ 130.349494448000087, -1.924205129999962 ], [ 130.348982881000097, -1.924794314999929 ], [ 130.348799796000094, -1.924521107999965 ], [ 130.349494448000087, -1.924205129999962 ] ] ], [ [ [ 130.318538659000069, -1.647791883999957 ], [ 130.318497018000016, -1.644960325999932 ], [ 130.320918120000101, -1.645644420999929 ], [ 130.318538659000069, -1.647791883999957 ] ] ], [ [ [ 130.314621078000073, -1.641848102999973 ], [ 130.313511452000057, -1.643977739999968 ], [ 130.312723256000027, -1.642295328999978 ], [ 130.314621078000073, -1.641848102999973 ] ] ], [ [ [ 130.341236337000055, -1.634990383999934 ], [ 130.340147734000084, -1.633562707999943 ], [ 130.341712229000109, -1.634472850999941 ], [ 130.341236337000055, -1.634990383999934 ] ] ], [ [ [ 130.308277233000013, -1.615328897999973 ], [ 130.308103532000018, -1.623214193999956 ], [ 130.303387441000041, -1.618332966999958 ], [ 130.308277233000013, -1.615328897999973 ] ] ], [ [ [ 130.33073016000003, -1.61345546299998 ], [ 130.322372303000066, -1.611201517999973 ], [ 130.322331852000048, -1.608810159999962 ], [ 130.33073016000003, -1.61345546299998 ] ] ], [ [ [ 130.34504856600006, -1.594812583999953 ], [ 130.343411497000034, -1.588780649999933 ], [ 130.347903919000032, -1.594562739999958 ], [ 130.34504856600006, -1.594812583999953 ] ] ], [ [ [ 130.323231905000057, -1.446210574999952 ], [ 130.325613192000105, -1.448421810999946 ], [ 130.32099784400009, -1.445308693999948 ], [ 130.323231905000057, -1.446210574999952 ] ] ], [ [ [ 130.312688317000038, -1.432677308999928 ], [ 130.325280271000111, -1.43168426699998 ], [ 130.326765073000047, -1.438132073999952 ], [ 130.312688317000038, -1.432677308999928 ] ] ], [ [ [ 130.368636482000056, -0.918478296999979 ], [ 130.366688798000041, -0.920488335999949 ], [ 130.364429595000047, -0.920676918999959 ], [ 130.368636482000056, -0.918478296999979 ] ] ], [ [ [ 130.312761464000118, -0.686550273999956 ], [ 130.314550818000043, -0.688187343999971 ], [ 130.312139631000036, -0.689202579999971 ], [ 130.312761464000118, -0.686550273999956 ] ] ], [ [ [ 130.301312248000045, -0.658894346999944 ], [ 130.301724688000036, -0.659782678999932 ], [ 130.301399495000055, -0.65996510399998 ], [ 130.301312248000045, -0.658894346999944 ] ] ], [ [ [ 130.302320188000067, -0.658725563999951 ], [ 130.302294807000067, -0.659721764999972 ], [ 130.302212319000091, -0.65867480199995 ], [ 130.302320188000067, -0.658725563999951 ] ] ], [ [ [ 130.300880182000014, -0.591607526999951 ], [ 130.301030088000061, -0.59159324999996 ], [ 130.300937289000103, -0.591800262999925 ], [ 130.300880182000014, -0.591607526999951 ] ] ], [ [ [ 130.314914243000089, -0.590130780999971 ], [ 130.314600154000118, -0.590068914999961 ], [ 130.314809546000106, -0.589883316999931 ], [ 130.314914243000089, -0.590130780999971 ] ] ], [ [ [ 130.316189634000011, -0.590030842999965 ], [ 130.316080179000096, -0.590187887999946 ], [ 130.316099214000019, -0.589959458999942 ], [ 130.316189634000011, -0.590030842999965 ] ] ], [ [ [ 130.31552338500012, -0.589745307999976 ], [ 130.315742295000064, -0.589688200999944 ], [ 130.315713742000071, -0.589830967999944 ], [ 130.31552338500012, -0.589745307999976 ] ] ], [ [ [ 130.303133267000021, -0.586035595999931 ], [ 130.302428946000077, -0.592555318999928 ], [ 130.299449861000085, -0.588691073999939 ], [ 130.303133267000021, -0.586035595999931 ] ] ], [ [ [ 130.302759692000109, -0.585574773999952 ], [ 130.302735897000048, -0.585905518999937 ], [ 130.302578852000011, -0.585953107999956 ], [ 130.302759692000109, -0.585574773999952 ] ] ], [ [ [ 130.386504173000048, -0.492404799999974 ], [ 130.384397557000057, -0.493546940999977 ], [ 130.383699582000077, -0.492227133999961 ], [ 130.386504173000048, -0.492404799999974 ] ] ], [ [ [ 130.330936707000092, -0.491567670999927 ], [ 130.330896473000053, -0.491245800999934 ], [ 130.331471816000089, -0.49144696999997 ], [ 130.330936707000092, -0.491567670999927 ] ] ], [ [ [ 130.336053537000112, -0.487422432999949 ], [ 130.338023731000021, -0.487289183999962 ], [ 130.336577018000071, -0.488640716999953 ], [ 130.336053537000112, -0.487422432999949 ] ] ], [ [ [ 130.3611699060001, -0.485800406999942 ], [ 130.350784821000047, -0.486769617999926 ], [ 130.34034104400007, -0.484816226999953 ], [ 130.353011410000022, -0.482201949999933 ], [ 130.3611699060001, -0.485800406999942 ] ] ], [ [ [ 130.308631741000113, -0.419519083999944 ], [ 130.310884009000119, -0.419137119999959 ], [ 130.308447344000115, -0.420520091999947 ], [ 130.308631741000113, -0.419519083999944 ] ] ], [ [ [ 130.320497280000041, -0.365147564999972 ], [ 130.322416712000063, -0.361229385999934 ], [ 130.324288554000077, -0.363013981999927 ], [ 130.320497280000041, -0.365147564999972 ] ] ], [ [ [ 130.338794405000044, -0.34918490299998 ], [ 130.33822968000004, -0.349000890999946 ], [ 130.338953036000021, -0.348943783999971 ], [ 130.338794405000044, -0.34918490299998 ] ] ], [ [ [ 130.341379452000069, -0.346420920999947 ], [ 130.346709444000112, -0.34655417099998 ], [ 130.341103434000047, -0.347743900999944 ], [ 130.341379452000069, -0.346420920999947 ] ] ], [ [ [ 130.390201019000074, -0.315258673999949 ], [ 130.382550145000096, -0.31472300799993 ], [ 130.380983905000107, -0.325223168999969 ], [ 130.381486425000048, -0.313607264999973 ], [ 130.390201019000074, -0.315258673999949 ] ] ], [ [ [ 130.351432025, -0.312120698999934 ], [ 130.365277420000098, -0.315384206999965 ], [ 130.352514685000074, -0.316860471999973 ], [ 130.351432025, -0.312120698999934 ] ] ], [ [ [ 130.382545859000061, -0.302304241999934 ], [ 130.383288251000067, -0.30023886999993 ], [ 130.384278107000114, -0.300286459999938 ], [ 130.382545859000061, -0.302304241999934 ] ] ], [ [ [ 130.375712490000069, -0.295461170999943 ], [ 130.377064826000037, -0.304289794999931 ], [ 130.375156829000048, -0.304999423999959 ], [ 130.369202401000052, -0.300650876999953 ], [ 130.375712490000069, -0.295461170999943 ] ] ], [ [ [ 130.345583641000076, -0.296337138999945 ], [ 130.34780106300002, -0.300683567999954 ], [ 130.338146711000036, -0.298304164999934 ], [ 130.345583641000076, -0.296337138999945 ] ] ], [ [ [ 130.318886076000013, -0.278168797999967 ], [ 130.320135294000011, -0.278438470999959 ], [ 130.320036149000089, -0.278819183999929 ], [ 130.318886076000013, -0.278168797999967 ] ] ], [ [ [ 130.361771283000053, -0.267306898999948 ], [ 130.36155713100004, -0.267854175999958 ], [ 130.361385810000115, -0.267297381999924 ], [ 130.361771283000053, -0.267306898999948 ] ] ], [ [ [ 130.352370032000067, -0.258696594999947 ], [ 130.354065209000055, -0.258598249999977 ], [ 130.353626216000066, -0.259089120999931 ], [ 130.352370032000067, -0.258696594999947 ] ] ], [ [ [ 130.388100316000077, -0.226777570999957 ], [ 130.387900441000056, -0.229418771999974 ], [ 130.386472764000018, -0.228119586999981 ], [ 130.383788732000085, -0.227933988999951 ], [ 130.388100316000077, -0.226777570999957 ] ] ], [ [ [ 130.373749786000076, -0.215801116999955 ], [ 130.374856236000028, -0.21633649599994 ], [ 130.37439224100001, -0.216598235999925 ], [ 130.373749786000076, -0.215801116999955 ] ] ], [ [ [ 130.373987733000035, -0.214302056999941 ], [ 130.374451727000064, -0.214230672999975 ], [ 130.373989486000028, -0.214699852999956 ], [ 130.373987733000035, -0.214302056999941 ] ] ], [ [ [ 130.37282893500003, -0.213338374999978 ], [ 130.372650475000114, -0.213266990999955 ], [ 130.372864627000013, -0.21320988399998 ], [ 130.37282893500003, -0.213338374999978 ] ] ], [ [ [ 130.375705703000108, -0.212841067999932 ], [ 130.375601477000032, -0.212638603999949 ], [ 130.375741395000091, -0.212619777999976 ], [ 130.375705703000108, -0.212841067999932 ] ] ], [ [ [ 130.375348784000039, -0.212377072999971 ], [ 130.375284488000034, -0.212781818999929 ], [ 130.37514891, -0.212655469999959 ], [ 130.375348784000039, -0.212377072999971 ] ] ], [ [ [ 130.376369573000034, -0.212305688999948 ], [ 130.376075203000028, -0.212521611999932 ], [ 130.376226805000101, -0.212177197999949 ], [ 130.376369573000034, -0.212305688999948 ] ] ], [ [ [ 130.371486919000063, -0.210968431999959 ], [ 130.371535375, -0.211393578999946 ], [ 130.371322736000025, -0.211111198999959 ], [ 130.371486919000063, -0.210968431999959 ] ] ], [ [ [ 130.375378758000011, -0.209966603999931 ], [ 130.376919229, -0.211027917999957 ], [ 130.375976962000095, -0.211384836999969 ], [ 130.375378758000011, -0.209966603999931 ] ] ], [ [ [ 130.322518034000041, -0.209444127999973 ], [ 130.321946964000063, -0.209601171999964 ], [ 130.322061178000013, -0.209201422999968 ], [ 130.322518034000041, -0.209444127999973 ] ] ], [ [ [ 130.374970234000102, -0.207837523999956 ], [ 130.374943109000014, -0.207654038999976 ], [ 130.375106670000037, -0.207759427999974 ], [ 130.374970234000102, -0.207837523999956 ] ] ], [ [ [ 130.374516443000061, -0.206742298999927 ], [ 130.374521945000083, -0.206633250999971 ], [ 130.374594965000028, -0.206678053999951 ], [ 130.374516443000061, -0.206742298999927 ] ] ], [ [ [ 130.330419945000017, -0.208721963999949 ], [ 130.345174120000024, -0.197765732999926 ], [ 130.346658903000048, -0.198693722999963 ], [ 130.347843875000081, -0.196223841999938 ], [ 130.347715384000026, -0.198151205999977 ], [ 130.351084701000104, -0.198836489999962 ], [ 130.331511255, -0.216154207999978 ], [ 130.3173772560001, -0.211100231999978 ], [ 130.330419945000017, -0.208721963999949 ] ] ], [ [ [ 130.316798049000113, -0.203776493999953 ], [ 130.314935829000092, -0.204968621999967 ], [ 130.314372023000033, -0.204777504999925 ], [ 130.316798049000113, -0.203776493999953 ] ] ], [ [ [ 130.361005393000028, -0.20333987999993 ], [ 130.360698443000047, -0.203110901999935 ], [ 130.36103394700001, -0.203147142999967 ], [ 130.361005393000028, -0.20333987999993 ] ] ], [ [ [ 130.320366476000117, -0.201660644999947 ], [ 130.318463966000081, -0.203998707999972 ], [ 130.317329688000086, -0.203713434999941 ], [ 130.320366476000117, -0.201660644999947 ] ] ], [ [ [ 130.368591115000072, -0.201720656999953 ], [ 130.36876476000009, -0.201999741999941 ], [ 130.368501464000019, -0.201951175999966 ], [ 130.368591115000072, -0.201720656999953 ] ] ], [ [ [ 130.362618668000096, -0.201698051999927 ], [ 130.362911342000075, -0.201833680999925 ], [ 130.362568699, -0.201847957999973 ], [ 130.362618668000096, -0.201698051999927 ] ] ], [ [ [ 130.358771079, -0.202076385999931 ], [ 130.356765194000104, -0.201926479999941 ], [ 130.357114975000059, -0.200513079999951 ], [ 130.358771079, -0.202076385999931 ] ] ], [ [ [ 130.324000560000059, -0.201938920999964 ], [ 130.322020954000095, -0.201118837999957 ], [ 130.323257876000071, -0.200628196999958 ], [ 130.324000560000059, -0.201938920999964 ] ] ], [ [ [ 130.352803391000066, -0.201391100999956 ], [ 130.352931882, -0.20079861499994 ], [ 130.353188864000117, -0.201048458999935 ], [ 130.352803391000066, -0.201391100999956 ] ] ], [ [ [ 130.353452984000114, -0.200391727999943 ], [ 130.353888425000036, -0.20050594199995 ], [ 130.353567198000064, -0.200698677999981 ], [ 130.353452984000114, -0.200391727999943 ] ] ], [ [ [ 130.32943431800004, -0.19868188099997 ], [ 130.324443916000064, -0.201096145999941 ], [ 130.329511902000036, -0.198054911999975 ], [ 130.32943431800004, -0.19868188099997 ] ] ], [ [ [ 130.360234448000028, -0.199663611999938 ], [ 130.360163926000041, -0.198871680999957 ], [ 130.36053426, -0.198714207999956 ], [ 130.360234448000028, -0.199663611999938 ] ] ], [ [ [ 130.351041871, -0.196637867999925 ], [ 130.348571990000096, -0.196023967999963 ], [ 130.349785515, -0.194881825999971 ], [ 130.351041871, -0.196637867999925 ] ] ], [ [ [ 130.346059279000087, -0.194596290999925 ], [ 130.347072930000081, -0.197194661999958 ], [ 130.345816574000082, -0.19785139399994 ], [ 130.346059279000087, -0.194596290999925 ] ] ], [ [ [ 130.348072032000118, -0.195862879999936 ], [ 130.348186517000045, -0.195667047999962 ], [ 130.348221722000062, -0.19585379199998 ], [ 130.348072032000118, -0.195862879999936 ] ] ], [ [ [ 130.347158590000049, -0.194424969999943 ], [ 130.346958918000041, -0.19473919099994 ], [ 130.34675884100011, -0.194624843999975 ], [ 130.347158590000049, -0.194424969999943 ] ] ], [ [ [ 130.353725903000054, -0.192083579999974 ], [ 130.353481952000038, -0.192652231999944 ], [ 130.353226216000053, -0.192369114999963 ], [ 130.353725903000054, -0.192083579999974 ] ] ], [ [ [ 130.3723946, -0.182228878999979 ], [ 130.359476982000047, -0.189966885999979 ], [ 130.355736469000021, -0.18551253499993 ], [ 130.357695241000101, -0.181623543999933 ], [ 130.3723946, -0.182228878999979 ] ] ], [ [ [ 130.378460550000113, -0.178604450999956 ], [ 130.378757983000014, -0.178937574999964 ], [ 130.378633705000084, -0.178975394999952 ], [ 130.378460550000113, -0.178604450999956 ] ] ], [ [ [ 130.364758586000107, -0.175097378999965 ], [ 130.362402920000022, -0.174197941999978 ], [ 130.363602168000057, -0.173098630999959 ], [ 130.364758586000107, -0.175097378999965 ] ] ], [ [ [ 130.366300477000095, -0.168944091999947 ], [ 130.366752709000025, -0.169727049999949 ], [ 130.366072049000081, -0.169543716999954 ], [ 130.366300477000095, -0.168944091999947 ] ] ], [ [ [ 130.377260669000066, -0.169220085999939 ], [ 130.378685732, -0.168484802999956 ], [ 130.3788602730001, -0.169106798999962 ], [ 130.377260669000066, -0.169220085999939 ] ] ], [ [ [ 130.365543808000098, -0.16693106799994 ], [ 130.362331536000056, -0.167031005999945 ], [ 130.364158962000033, -0.165146472999936 ], [ 130.365543808000098, -0.16693106799994 ] ] ], [ [ [ 130.35030800100003, -0.166917420999937 ], [ 130.349915547000023, -0.166745315999947 ], [ 130.350288441000089, -0.166643644999965 ], [ 130.35030800100003, -0.166917420999937 ] ] ], [ [ [ 130.351828795000074, -0.16506155299993 ], [ 130.351929852000012, -0.166415666999967 ], [ 130.35043165400009, -0.165373132999946 ], [ 130.351828795000074, -0.16506155299993 ] ] ], [ [ [ 130.364358837000054, -0.163847286999953 ], [ 130.364923986, -0.164192722999928 ], [ 130.364529944000083, -0.164671442999975 ], [ 130.364358837000054, -0.163847286999953 ] ] ], [ [ [ 130.303181704000053, -0.16120092999995 ], [ 130.30404998500012, -0.15867530099996 ], [ 130.30489491600008, -0.159142695999947 ], [ 130.303181704000053, -0.16120092999995 ] ] ], [ [ [ 130.365947235000021, -0.143712887999925 ], [ 130.366468346000033, -0.144168592999961 ], [ 130.365755104000073, -0.143952240999965 ], [ 130.365947235000021, -0.143712887999925 ] ] ], [ [ [ 130.366594769000017, -0.128962369999954 ], [ 130.366766090000056, -0.129043271999933 ], [ 130.366699465000011, -0.12912417299998 ], [ 130.366594769000017, -0.128962369999954 ] ] ], [ [ [ 130.363118865000047, -0.125677092999979 ], [ 130.361854415000039, -0.12278779199994 ], [ 130.363715621000097, -0.125321794999934 ], [ 130.363118865000047, -0.125677092999979 ] ] ], [ [ [ 130.359082359000013, -0.116571441999952 ], [ 130.359399888000098, -0.115809107999951 ], [ 130.359678663000068, -0.116266531999941 ], [ 130.359082359000013, -0.116571441999952 ] ] ], [ [ [ 130.375168940000094, -0.104302450999967 ], [ 130.374717794000048, -0.104568950999976 ], [ 130.374226674000056, -0.104193947999931 ], [ 130.375168940000094, -0.104302450999967 ] ] ], [ [ [ 130.308347578000053, -0.097846741999945 ], [ 130.308122687000036, -0.097577675999958 ], [ 130.308446294000078, -0.097558639999932 ], [ 130.308347578000053, -0.097846741999945 ] ] ], [ [ [ 130.359623128000067, -0.094325846999936 ], [ 130.35726270300006, -0.095534612999927 ], [ 130.358019372000058, -0.093278883999972 ], [ 130.359623128000067, -0.094325846999936 ] ] ], [ [ [ 130.33507722100012, -0.096159516999933 ], [ 130.332821492000107, -0.095445678999965 ], [ 130.334924936000107, -0.093684877999976 ], [ 130.33507722100012, -0.096159516999933 ] ] ], [ [ [ 130.334211097000093, -0.090515435999976 ], [ 130.334791686000017, -0.090306042999941 ], [ 130.334873849000019, -0.090654839999956 ], [ 130.334211097000093, -0.090515435999976 ] ] ], [ [ [ 130.330279836000045, -0.078960434999942 ], [ 130.330493988000057, -0.084861497999952 ], [ 130.327733813, -0.081292305999966 ], [ 130.330279836000045, -0.078960434999942 ] ] ], [ [ [ 130.354672479000101, -0.080050169999936 ], [ 130.35472006800012, -0.079859812999928 ], [ 130.354809383000088, -0.080089832999931 ], [ 130.354672479000101, -0.080050169999936 ] ] ], [ [ [ 130.347276718000103, -0.075058456999955 ], [ 130.347181539000076, -0.075653321999937 ], [ 130.346365087000095, -0.074915056999941 ], [ 130.347276718000103, -0.075058456999955 ] ] ], [ [ [ 130.374266151000029, -0.073725561999936 ], [ 130.373996754000018, -0.074481293999952 ], [ 130.373580866000111, -0.074030132999951 ], [ 130.374266151000029, -0.073725561999936 ] ] ], [ [ [ 130.362483060000045, -0.068719175999945 ], [ 130.366668342000025, -0.075335096999936 ], [ 130.360236849000103, -0.072354992999976 ], [ 130.362483060000045, -0.068719175999945 ] ] ], [ [ [ 130.366918375000068, -0.06965192499996 ], [ 130.366690583000036, -0.070482521999963 ], [ 130.366366340000013, -0.07049328599993 ], [ 130.366918375000068, -0.06965192499996 ] ] ], [ [ [ 130.301585514000067, -0.020044524999946 ], [ 130.301888896000037, -0.019176021999954 ], [ 130.302317199000072, -0.019901757999946 ], [ 130.301585514000067, -0.020044524999946 ] ] ], [ [ [ 130.301633104000075, -0.018587105999927 ], [ 130.3018243140001, -0.018907484999943 ], [ 130.301460593000115, -0.018753667999931 ], [ 130.301633104000075, -0.018587105999927 ] ] ], [ [ [ 130.302860932000044, -0.017744211999968 ], [ 130.303233291000083, -0.017998188999968 ], [ 130.303072677000046, -0.018146904999981 ], [ 130.302860932000044, -0.017744211999968 ] ] ], [ [ [ 130.302126842, -0.01660620399997 ], [ 130.302387141000054, -0.016872105999937 ], [ 130.302120893000051, -0.016850098999953 ], [ 130.302126842, -0.01660620399997 ] ] ], [ [ [ 130.3913347780001, -2.251544043999957 ], [ 130.392743349000057, -2.252452523999978 ], [ 130.392159424000056, -2.253601873999969 ], [ 130.3913347780001, -2.251544043999957 ] ] ], [ [ [ 130.395440335000103, -2.252881873999968 ], [ 130.392939604000048, -2.251005540999927 ], [ 130.396196544000077, -2.250280307999958 ], [ 130.395440335000103, -2.252881873999968 ] ] ], [ [ [ 130.416175729000088, -2.232829902999924 ], [ 130.41473231100008, -2.234834307999961 ], [ 130.412721015000102, -2.234593159999974 ], [ 130.416175729000088, -2.232829902999924 ] ] ], [ [ [ 130.413057363, -2.214654166999935 ], [ 130.413492804000043, -2.214768380999942 ], [ 130.413114470000096, -2.214782656999944 ], [ 130.413057363, -2.214654166999935 ] ] ], [ [ [ 130.407688506000113, -2.212666522999939 ], [ 130.407117435000032, -2.21316620999994 ], [ 130.40637980200006, -2.212799772999972 ], [ 130.407688506000113, -2.212666522999939 ] ] ], [ [ [ 130.408140216000106, -2.211663417999944 ], [ 130.408148649000054, -2.212037183999939 ], [ 130.407893927000032, -2.211854602999949 ], [ 130.408140216000106, -2.211663417999944 ] ] ], [ [ [ 130.419804126000031, -2.208166763999941 ], [ 130.420213050000029, -2.207764682999937 ], [ 130.420032555000034, -2.20840708999998 ], [ 130.419804126000031, -2.208166763999941 ] ] ], [ [ [ 130.418023966000078, -2.207497376999925 ], [ 130.417883901000096, -2.208518924999964 ], [ 130.417436563000024, -2.206729569999936 ], [ 130.418023966000078, -2.207497376999925 ] ] ], [ [ [ 130.413838500000111, -2.207256223999934 ], [ 130.413567242000113, -2.207734495999944 ], [ 130.413688594000064, -2.207227669999952 ], [ 130.413838500000111, -2.207256223999934 ] ] ], [ [ [ 130.421136156000102, -2.206512783999926 ], [ 130.421247488000063, -2.206958757999928 ], [ 130.420956957000044, -2.206735997999942 ], [ 130.421136156000102, -2.206512783999926 ] ] ], [ [ [ 130.415205501000059, -2.206335372999945 ], [ 130.41569448000007, -2.206399617999978 ], [ 130.415708757000061, -2.206702998999958 ], [ 130.415205501000059, -2.206335372999945 ] ] ], [ [ [ 130.413577949000114, -2.206296111999961 ], [ 130.413909884000077, -2.206042698999966 ], [ 130.413663610000071, -2.206545954999967 ], [ 130.413577949000114, -2.206296111999961 ] ] ], [ [ [ 130.410577546000013, -2.206271034999929 ], [ 130.411298840000086, -2.205205141999954 ], [ 130.411663391000047, -2.205177123999931 ], [ 130.410577546000013, -2.206271034999929 ] ] ], [ [ [ 130.417276832000084, -2.205196056999966 ], [ 130.417478722000055, -2.205488105999962 ], [ 130.417211620000103, -2.205456768999966 ], [ 130.417276832000084, -2.205196056999966 ] ] ], [ [ [ 130.412283114000047, -2.205330541999956 ], [ 130.413028294000014, -2.204654282999968 ], [ 130.412721343000044, -2.205764301999977 ], [ 130.412283114000047, -2.205330541999956 ] ] ], [ [ [ 130.416147767000098, -2.204804188999958 ], [ 130.415568754000105, -2.205496384999947 ], [ 130.415037749000021, -2.204957664999938 ], [ 130.416147767000098, -2.204804188999958 ] ] ], [ [ [ 130.417104311000116, -2.205068309999945 ], [ 130.417054342000029, -2.205239630999927 ], [ 130.416908005000096, -2.205075447999945 ], [ 130.417104311000116, -2.205068309999945 ] ] ], [ [ [ 130.419190033000064, -2.204394221999962 ], [ 130.419278041000098, -2.204746775999979 ], [ 130.419161077000012, -2.204679300999942 ], [ 130.419190033000064, -2.204394221999962 ] ] ], [ [ [ 130.41931602000011, -2.202797113999964 ], [ 130.419111386000054, -2.202935122999975 ], [ 130.419106627000019, -2.202839943999948 ], [ 130.41931602000011, -2.202797113999964 ] ] ], [ [ [ 130.422939939000116, -2.202166556999941 ], [ 130.41948496100008, -2.202901809999958 ], [ 130.422461667000107, -2.201195736999978 ], [ 130.422939939000116, -2.202166556999941 ] ] ], [ [ [ 130.419823440000073, -2.201089850999949 ], [ 130.419471279000049, -2.201223100999925 ], [ 130.419471279000049, -2.201118403999942 ], [ 130.419823440000073, -2.201089850999949 ] ] ], [ [ [ 130.418131643000038, -2.200869750999971 ], [ 130.416979984000022, -2.201659731999939 ], [ 130.416905919000101, -2.200597350999942 ], [ 130.418131643000038, -2.200869750999971 ] ] ], [ [ [ 130.4215366520001, -2.200937564999947 ], [ 130.421955437000065, -2.200870939999959 ], [ 130.421974472000102, -2.20107081499998 ], [ 130.4215366520001, -2.200937564999947 ] ] ], [ [ [ 130.419777635000059, -2.197783589999972 ], [ 130.425945198000022, -2.200474759999963 ], [ 130.424475652000069, -2.203032764999932 ], [ 130.424878010000043, -2.200035749999927 ], [ 130.419214893000117, -2.200273695999954 ], [ 130.421800822000023, -2.199958808999952 ], [ 130.422095723000098, -2.19918698999993 ], [ 130.419777635000059, -2.197783589999972 ] ] ], [ [ [ 130.421327259, -2.199700245999963 ], [ 130.421470027000055, -2.199576513999943 ], [ 130.421479545000011, -2.199738316999969 ], [ 130.421327259, -2.199700245999963 ] ] ], [ [ [ 130.416584737000107, -2.199433859999942 ], [ 130.416732263000085, -2.199507622999931 ], [ 130.416587116000073, -2.199507622999931 ], [ 130.416584737000107, -2.199433859999942 ] ] ], [ [ [ 130.417630178000081, -2.198982852999961 ], [ 130.418452975000037, -2.198955939999962 ], [ 130.417790762000095, -2.199352835999946 ], [ 130.417630178000081, -2.198982852999961 ] ] ], [ [ [ 130.410741544000075, -2.197460267999929 ], [ 130.411480712000071, -2.197017381999956 ], [ 130.411572271000068, -2.197209672999975 ], [ 130.410741544000075, -2.197460267999929 ] ] ], [ [ [ 130.418090414000062, -2.196813838999958 ], [ 130.418988379000098, -2.19613454399996 ], [ 130.418123907000108, -2.197035898999957 ], [ 130.418090414000062, -2.196813838999958 ] ] ], [ [ [ 130.422875098000077, -2.195880020999937 ], [ 130.422723408000024, -2.195871097999941 ], [ 130.422800740000071, -2.195802687999958 ], [ 130.422875098000077, -2.195880020999937 ] ] ], [ [ [ 130.421180238000034, -2.195233621999932 ], [ 130.421363136000082, -2.195800530999975 ], [ 130.42096415900005, -2.195288157999926 ], [ 130.421180238000034, -2.195233621999932 ] ] ], [ [ [ 130.408160002000045, -2.126106985999968 ], [ 130.408210509000014, -2.125842748999958 ], [ 130.408528406000073, -2.125958538999953 ], [ 130.408160002000045, -2.126106985999968 ] ] ], [ [ [ 130.401226564000012, -2.125103901999978 ], [ 130.403009162000103, -2.125754695999944 ], [ 130.40091282700007, -2.126471994999974 ], [ 130.401226564000012, -2.125103901999978 ] ] ], [ [ [ 130.406787402000077, -2.125994165999941 ], [ 130.4068260250001, -2.125343964999956 ], [ 130.407265732000042, -2.125679456999933 ], [ 130.406787402000077, -2.125994165999941 ] ] ], [ [ [ 130.394900362000044, -2.123700744999951 ], [ 130.39331741500007, -2.125866893999955 ], [ 130.39221933500005, -2.125097341999947 ], [ 130.394900362000044, -2.123700744999951 ] ] ], [ [ [ 130.404519626000024, -2.124570692999953 ], [ 130.404432504000056, -2.124451486999931 ], [ 130.404576670000097, -2.124473310999974 ], [ 130.404519626000024, -2.124570692999953 ] ] ], [ [ [ 130.404078692000098, -2.124360556999932 ], [ 130.404211793000059, -2.124531568999942 ], [ 130.404002634000108, -2.124469814999941 ], [ 130.404078692000098, -2.124360556999932 ] ] ], [ [ [ 130.403137525000034, -2.12420377899997 ], [ 130.403322916000093, -2.124351039999965 ], [ 130.403244481000115, -2.124431794999964 ], [ 130.403137525000034, -2.12420377899997 ] ] ], [ [ [ 130.415882662000058, -2.125185511999973 ], [ 130.413144592000094, -2.122420820999935 ], [ 130.414247426000088, -2.121584761999941 ], [ 130.415882662000058, -2.125185511999973 ] ] ], [ [ [ 130.411980044000074, -2.119773281999926 ], [ 130.41197309800009, -2.118902812999977 ], [ 130.412383096000099, -2.119159554999953 ], [ 130.411980044000074, -2.119773281999926 ] ] ], [ [ [ 130.391831231000083, -2.114875660999928 ], [ 130.398741186000052, -2.119529886999942 ], [ 130.399293221000107, -2.121024187999978 ], [ 130.391831231000083, -2.114875660999928 ] ] ], [ [ [ 130.422120437000103, -2.111959639999952 ], [ 130.420703246000016, -2.114106222999965 ], [ 130.419552831000033, -2.112888043999931 ], [ 130.422120437000103, -2.111959639999952 ] ] ], [ [ [ 130.420073379000087, -2.111917355999935 ], [ 130.420419329000083, -2.111437726999952 ], [ 130.420615143000077, -2.111796168999945 ], [ 130.420073379000087, -2.111917355999935 ] ] ], [ [ [ 130.405557399000031, -2.109153368999955 ], [ 130.404882585000109, -2.112985335999952 ], [ 130.403264125000078, -2.111437945999967 ], [ 130.405557399000031, -2.109153368999955 ] ] ], [ [ [ 130.415096227000049, -2.106327698999962 ], [ 130.417747672000019, -2.112188812999932 ], [ 130.408764889000054, -2.113770025999941 ], [ 130.408123548000049, -2.111683736999964 ], [ 130.415096227000049, -2.106327698999962 ] ] ], [ [ [ 130.41898664900009, -2.088883663999979 ], [ 130.415767293000044, -2.099825275999933 ], [ 130.408279458000038, -2.10394624099996 ], [ 130.408907405000036, -2.094047595999939 ], [ 130.41898664900009, -2.088883663999979 ] ] ], [ [ [ 130.412394561000042, -2.078029414999946 ], [ 130.411888984000029, -2.078868798999963 ], [ 130.411482059000036, -2.078367237999942 ], [ 130.412394561000042, -2.078029414999946 ] ] ], [ [ [ 130.398795862000043, -2.074850887999958 ], [ 130.398713864000115, -2.076963102999969 ], [ 130.39770765600008, -2.075732107999954 ], [ 130.398795862000043, -2.074850887999958 ] ] ], [ [ [ 130.403181889000052, -2.073238875999948 ], [ 130.403431178000119, -2.073310255999957 ], [ 130.403300854, -2.073560961999931 ], [ 130.403181889000052, -2.073238875999948 ] ] ], [ [ [ 130.42266905300005, -2.068388729999924 ], [ 130.422606022000082, -2.06758561099997 ], [ 130.422951939000086, -2.067972647999966 ], [ 130.42266905300005, -2.068388729999924 ] ] ], [ [ [ 130.409554550000053, -2.065289994999944 ], [ 130.410525370000073, -2.06820483499996 ], [ 130.408716979000019, -2.066739086999974 ], [ 130.409554550000053, -2.065289994999944 ] ] ], [ [ [ 130.413992625000105, -2.058026674999951 ], [ 130.410023573000103, -2.058976294999979 ], [ 130.409656275000088, -2.057146089999947 ], [ 130.413992625000105, -2.058026674999951 ] ] ], [ [ [ 130.419607548000045, -2.046835575999978 ], [ 130.417246931000022, -2.051386554999965 ], [ 130.416748425000037, -2.051644704999944 ], [ 130.41600496500007, -2.049902183999961 ], [ 130.419607548000045, -2.046835575999978 ] ] ], [ [ [ 130.412591498000097, -2.045803354999975 ], [ 130.412426427000014, -2.048239596999963 ], [ 130.411306824, -2.047616446999939 ], [ 130.412591498000097, -2.045803354999975 ] ] ], [ [ [ 130.407133953000084, -2.03782640299994 ], [ 130.406744765000099, -2.045495883999934 ], [ 130.397923236000111, -2.045568338999942 ], [ 130.407133953000084, -2.03782640299994 ] ] ], [ [ [ 130.416861352000069, -2.023420743999964 ], [ 130.416824923000036, -2.022390429999973 ], [ 130.417305649000014, -2.023491823999962 ], [ 130.416861352000069, -2.023420743999964 ] ] ], [ [ [ 130.392262733000052, -2.012548667999965 ], [ 130.39268629500009, -2.012894623999955 ], [ 130.392466437000053, -2.012982437999938 ], [ 130.392262733000052, -2.012548667999965 ] ] ], [ [ [ 130.394848541000101, -2.009454238999979 ], [ 130.395096879000107, -2.012101503999929 ], [ 130.393321823000065, -2.010437082999943 ], [ 130.394848541000101, -2.009454238999979 ] ] ], [ [ [ 130.414026436000086, -1.991327922999972 ], [ 130.414152329000103, -1.990943480999931 ], [ 130.414320187000044, -1.991153175999955 ], [ 130.414026436000086, -1.991327922999972 ] ] ], [ [ [ 130.412473751000107, -1.99023051599994 ], [ 130.412606639000046, -1.989825103999976 ], [ 130.412746520000042, -1.990181586999938 ], [ 130.412473751000107, -1.99023051599994 ] ] ], [ [ [ 130.419512434000012, -1.962538011999925 ], [ 130.419851507000089, -1.962555857999973 ], [ 130.419646279000062, -1.96265995899995 ], [ 130.419512434000012, -1.962538011999925 ] ] ], [ [ [ 130.407046358000116, -1.961498928999958 ], [ 130.407710228000042, -1.957694169999968 ], [ 130.408345544000099, -1.957351527999947 ], [ 130.407046358000116, -1.961498928999958 ] ] ], [ [ [ 130.387465380000094, -1.957534567999971 ], [ 130.387371391000102, -1.957501255999944 ], [ 130.387414222000075, -1.957473891999939 ], [ 130.387465380000094, -1.957534567999971 ] ] ], [ [ [ 130.409064513000089, -1.956290627999977 ], [ 130.410096523000107, -1.954573073999939 ], [ 130.409894269000119, -1.956744331999971 ], [ 130.409064513000089, -1.956290627999977 ] ] ], [ [ [ 130.386308686, -1.953749204999951 ], [ 130.387520832000064, -1.954487490999952 ], [ 130.386873581000032, -1.957141750999938 ], [ 130.386308686, -1.953749204999951 ] ] ], [ [ [ 130.411374321000039, -1.954257090999931 ], [ 130.411355285000013, -1.954514072999928 ], [ 130.411164928000062, -1.954480759999967 ], [ 130.411374321000039, -1.954257090999931 ] ] ], [ [ [ 130.411141133000115, -1.954314197999963 ], [ 130.410946018000118, -1.954266608999944 ], [ 130.411179205000053, -1.954138117999946 ], [ 130.411141133000115, -1.954314197999963 ] ] ], [ [ [ 130.395428393000088, -1.953736485999968 ], [ 130.395359388000088, -1.953786454999943 ], [ 130.395378424000114, -1.953700793999928 ], [ 130.395428393000088, -1.953736485999968 ] ] ], [ [ [ 130.410884065000118, -1.953763640999966 ], [ 130.411321857000075, -1.953214786999979 ], [ 130.411241071000063, -1.95381926999994 ], [ 130.410884065000118, -1.953763640999966 ] ] ], [ [ [ 130.399945891000016, -1.953341884999929 ], [ 130.400113115000067, -1.953306904999977 ], [ 130.399988669000095, -1.953555650999931 ], [ 130.399945891000016, -1.953341884999929 ] ] ], [ [ [ 130.407000975000074, -1.954114364999953 ], [ 130.406677367000043, -1.952615304999938 ], [ 130.407367411000109, -1.953571847999967 ], [ 130.407000975000074, -1.954114364999953 ] ] ], [ [ [ 130.409742163000033, -1.954350517999956 ], [ 130.40985472400007, -1.952331484999945 ], [ 130.410262200000034, -1.952111954999964 ], [ 130.409742163000033, -1.954350517999956 ] ] ], [ [ [ 130.407665780000116, -1.953167174999976 ], [ 130.407458766000104, -1.953267112999924 ], [ 130.407630088000019, -1.953095790999953 ], [ 130.407665780000116, -1.953167174999976 ] ] ], [ [ [ 130.395873399000038, -1.952391589999934 ], [ 130.39592622300006, -1.952565765999964 ], [ 130.395847701000093, -1.952418715999954 ], [ 130.395873399000038, -1.952391589999934 ] ] ], [ [ [ 130.390584453000088, -1.952503732999958 ], [ 130.390684890000102, -1.952332716999933 ], [ 130.390696050000088, -1.952526038999963 ], [ 130.390584453000088, -1.952503732999958 ] ] ], [ [ [ 130.396009028000094, -1.95235304299996 ], [ 130.39591908400007, -1.952288796999937 ], [ 130.396040437000011, -1.952287368999976 ], [ 130.396009028000094, -1.95235304299996 ] ] ], [ [ [ 130.389200652000113, -1.95215798299995 ], [ 130.389382927000042, -1.952165418999925 ], [ 130.3893308480001, -1.952236055999947 ], [ 130.389200652000113, -1.95215798299995 ] ] ], [ [ [ 130.400645897000118, -1.952160338999931 ], [ 130.400626453000086, -1.95198155199995 ], [ 130.400754787000096, -1.952070944999946 ], [ 130.400645897000118, -1.952160338999931 ] ] ], [ [ [ 130.389475924000067, -1.952035297999942 ], [ 130.389431285000114, -1.951823386999934 ], [ 130.389528003, -1.951868 ], [ 130.389475924000067, -1.952035297999942 ] ] ], [ [ [ 130.399887557000056, -1.951682278999954 ], [ 130.399673667000116, -1.951577338999925 ], [ 130.399732, -1.951542358999973 ], [ 130.399887557000056, -1.951682278999954 ] ] ], [ [ [ 130.411081471000102, -1.951857756999971 ], [ 130.410062138000058, -1.951031193999938 ], [ 130.411518464000096, -1.950915470999973 ], [ 130.411081471000102, -1.951857756999971 ] ] ], [ [ [ 130.402762961, -1.952126903999954 ], [ 130.401198099000112, -1.951141089999965 ], [ 130.403014403000043, -1.950548873999935 ], [ 130.402762961, -1.952126903999954 ] ] ], [ [ [ 130.387722067000027, -1.951560881999967 ], [ 130.388023996000015, -1.951131331999932 ], [ 130.388101889000041, -1.951493926999945 ], [ 130.387722067000027, -1.951560881999967 ] ] ], [ [ [ 130.398856993000095, -1.951398551999944 ], [ 130.39895032700008, -1.951262518999954 ], [ 130.39902810500007, -1.951390778999951 ], [ 130.398856993000095, -1.951398551999944 ] ] ], [ [ [ 130.405784328000095, -1.95176573699996 ], [ 130.405927367000118, -1.950664300999961 ], [ 130.406356624000068, -1.951146343999937 ], [ 130.405784328000095, -1.95176573699996 ] ] ], [ [ [ 130.421318413000108, -1.951199581999958 ], [ 130.421660187000043, -1.951143116999958 ], [ 130.421424868000031, -1.951388184999928 ], [ 130.421318413000108, -1.951199581999958 ] ] ], [ [ [ 130.40797150100002, -1.952548713999931 ], [ 130.407564390000061, -1.950975747999962 ], [ 130.408481699000049, -1.949611477999952 ], [ 130.40797150100002, -1.952548713999931 ] ] ], [ [ [ 130.411078660000044, -1.950670704999936 ], [ 130.410995379000042, -1.950527936999947 ], [ 130.411161941000046, -1.950589802999957 ], [ 130.411078660000044, -1.950670704999936 ] ] ], [ [ [ 130.411724605000018, -1.950354552999954 ], [ 130.411716911000099, -1.950675621999949 ], [ 130.411593179000079, -1.95065658599998 ], [ 130.411724605000018, -1.950354552999954 ] ] ], [ [ [ 130.394141188000049, -1.950500523999949 ], [ 130.394085634000021, -1.950274735999926 ], [ 130.394189334000089, -1.950256228999933 ], [ 130.394141188000049, -1.950500523999949 ] ] ], [ [ [ 130.397629336000023, -1.950208980999946 ], [ 130.398723852000103, -1.951256540999964 ], [ 130.394930483000053, -1.950682877999952 ], [ 130.397629336000023, -1.950208980999946 ] ] ], [ [ [ 130.413685464000082, -1.950489241999946 ], [ 130.413529239000013, -1.950176790999933 ], [ 130.413692903000083, -1.950087519999954 ], [ 130.413685464000082, -1.950489241999946 ] ] ], [ [ [ 130.415145550000034, -1.948269165999932 ], [ 130.415945632000103, -1.950230526999974 ], [ 130.415957151000043, -1.952385270999969 ], [ 130.415145550000034, -1.948269165999932 ] ] ], [ [ [ 130.394307849000029, -1.950197005999939 ], [ 130.394185631000028, -1.95004894899995 ], [ 130.394255999000052, -1.950019336999958 ], [ 130.394307849000029, -1.950197005999939 ] ] ], [ [ [ 130.394404142000099, -1.949978620999957 ], [ 130.394318960000078, -1.949860174999969 ], [ 130.394381921000104, -1.949871279999968 ], [ 130.394404142000099, -1.949978620999957 ] ] ], [ [ [ 130.42185625500008, -1.950140651999959 ], [ 130.422188149000021, -1.949226956999951 ], [ 130.422163438000098, -1.950320030999933 ], [ 130.42185625500008, -1.950140651999959 ] ] ], [ [ [ 130.406796360000044, -1.949033547999932 ], [ 130.406653592000112, -1.949222001999942 ], [ 130.406655496000099, -1.949027837999949 ], [ 130.406796360000044, -1.949033547999932 ] ] ], [ [ [ 130.406657399000096, -1.948479609999936 ], [ 130.407038113000112, -1.948662352999975 ], [ 130.406682146000094, -1.948923140999966 ], [ 130.406657399000096, -1.948479609999936 ] ] ], [ [ [ 130.399705832000109, -1.94862694099993 ], [ 130.399525864000111, -1.948669613999925 ], [ 130.399689134000027, -1.948580557999946 ], [ 130.399705832000109, -1.94862694099993 ] ] ], [ [ [ 130.395859649000045, -1.948324078999974 ], [ 130.395618917000093, -1.948098290999951 ], [ 130.395937425000056, -1.948072380999974 ], [ 130.395859649000045, -1.948324078999974 ] ] ], [ [ [ 130.422438247000059, -1.881778372999975 ], [ 130.422494368000116, -1.88165106699995 ], [ 130.422508536, -1.88179245799995 ], [ 130.422438247000059, -1.881778372999975 ] ] ], [ [ [ 130.421805126000095, -1.875416765999944 ], [ 130.4219806750001, -1.874930599999971 ], [ 130.4221180400001, -1.875209507999955 ], [ 130.421805126000095, -1.875416765999944 ] ] ], [ [ [ 130.421900588000085, -1.873551521999957 ], [ 130.421557093000047, -1.873536800999943 ], [ 130.421831889000032, -1.873374867999928 ], [ 130.421900588000085, -1.873551521999957 ] ] ], [ [ [ 130.421953905, -1.871680583999932 ], [ 130.422700314000053, -1.872039026999971 ], [ 130.42209316200001, -1.871983578999959 ], [ 130.421953905, -1.871680583999932 ] ] ], [ [ [ 130.419453861000079, -1.871172047999949 ], [ 130.418875652000111, -1.870515316999956 ], [ 130.419568075000029, -1.871107801999926 ], [ 130.419453861000079, -1.871172047999949 ] ] ], [ [ [ 130.421429689000092, -1.870735712999931 ], [ 130.42199362100007, -1.870507284999974 ], [ 130.422036452000043, -1.871178292999957 ], [ 130.421429689000092, -1.870735712999931 ] ] ], [ [ [ 130.417864381000072, -1.870646186999977 ], [ 130.41747177000002, -1.870738985999935 ], [ 130.417678783000042, -1.87053197299997 ], [ 130.417864381000072, -1.870646186999977 ] ] ], [ [ [ 130.419465444000025, -1.869875537999974 ], [ 130.420015099000011, -1.870346671999926 ], [ 130.419665319000046, -1.870375224999975 ], [ 130.419465444000025, -1.869875537999974 ] ] ], [ [ [ 130.417055050000045, -1.869973096999956 ], [ 130.41808297700004, -1.869923127999925 ], [ 130.418054424000047, -1.870401398999945 ], [ 130.417055050000045, -1.869973096999956 ] ] ], [ [ [ 130.41801190800004, -1.868535603999931 ], [ 130.418368827000108, -1.869078120999973 ], [ 130.417897694000089, -1.868792585999927 ], [ 130.41801190800004, -1.868535603999931 ] ] ], [ [ [ 130.417571707000093, -1.868097782999939 ], [ 130.417450355000028, -1.868797344999962 ], [ 130.417221926000025, -1.86829051999996 ], [ 130.417571707000093, -1.868097782999939 ] ] ], [ [ [ 130.413587428000028, -1.868295420999971 ], [ 130.413963765000062, -1.867338906999976 ], [ 130.414318276000017, -1.867808098999944 ], [ 130.413587428000028, -1.868295420999971 ] ] ], [ [ [ 130.415166212000031, -1.867476859999954 ], [ 130.415629766000052, -1.867438779999929 ], [ 130.415643884000019, -1.867716747999964 ], [ 130.415166212000031, -1.867476859999954 ] ] ], [ [ [ 130.413807196000107, -1.866753633999963 ], [ 130.414411108000081, -1.867286716999956 ], [ 130.413721455000086, -1.86717860899995 ], [ 130.413807196000107, -1.866753633999963 ] ] ], [ [ [ 130.420809743000063, -1.864186731999951 ], [ 130.421092124000097, -1.864537417999941 ], [ 130.420898219000037, -1.864544972999965 ], [ 130.420809743000063, -1.864186731999951 ] ] ], [ [ [ 130.421819791000075, -1.861542698999926 ], [ 130.421750088000067, -1.861771279999971 ], [ 130.421709967000083, -1.86158633499997 ], [ 130.421819791000075, -1.861542698999926 ] ] ], [ [ [ 130.416665654000099, -1.861413438999932 ], [ 130.416447064000067, -1.859922965999942 ], [ 130.417103679000093, -1.859799004999957 ], [ 130.416665654000099, -1.861413438999932 ] ] ], [ [ [ 130.422245705000023, -1.859659877999945 ], [ 130.421960170000034, -1.860140528999978 ], [ 130.421736500000065, -1.859950171999969 ], [ 130.422245705000023, -1.859659877999945 ] ] ], [ [ [ 130.416719526000065, -1.858289664999973 ], [ 130.416734397000027, -1.858182588999966 ], [ 130.41677306400004, -1.858256946999973 ], [ 130.416719526000065, -1.858289664999973 ] ] ], [ [ [ 130.415778897000109, -1.857742009999924 ], [ 130.415582816000096, -1.857732307999925 ], [ 130.415664355000104, -1.857633348999968 ], [ 130.415778897000109, -1.857742009999924 ] ] ], [ [ [ 130.400464193000062, -1.752014248999956 ], [ 130.398621011000046, -1.753077837999967 ], [ 130.398195824000027, -1.752307092999956 ], [ 130.400464193000062, -1.752014248999956 ] ] ], [ [ [ 130.423317589000021, -1.419167630999937 ], [ 130.419494652000026, -1.416922626999963 ], [ 130.424908366000068, -1.415208560999929 ], [ 130.423317589000021, -1.419167630999937 ] ] ], [ [ [ 130.418982640000081, -1.413088439999967 ], [ 130.418501048000053, -1.412637109999935 ], [ 130.418793318000098, -1.412259974999927 ], [ 130.418982640000081, -1.413088439999967 ] ] ], [ [ [ 130.41236918900006, -1.385778960999971 ], [ 130.407962177000059, -1.386458809999965 ], [ 130.408908013000087, -1.384335141999941 ], [ 130.41236918900006, -1.385778960999971 ] ] ], [ [ [ 130.409767356000089, -0.895038264999926 ], [ 130.41043955300006, -0.895008521999955 ], [ 130.410284888000092, -0.895341646999952 ], [ 130.409767356000089, -0.895038264999926 ] ] ], [ [ [ 130.421546771000067, -0.367466495999963 ], [ 130.422622288000071, -0.368389726999965 ], [ 130.421518218000074, -0.368484904999946 ], [ 130.421546771000067, -0.367466495999963 ] ] ], [ [ [ 130.388210081000011, -0.343575775999966 ], [ 130.39372202900006, -0.344507948999933 ], [ 130.388061024000081, -0.352975780999941 ], [ 130.388210081000011, -0.343575775999966 ] ] ], [ [ [ 130.396187785000052, -0.312910990999967 ], [ 130.394098972000052, -0.315125301999956 ], [ 130.394275420000099, -0.312327616999937 ], [ 130.396187785000052, -0.312910990999967 ] ] ], [ [ [ 130.420155262000094, -0.267791750999947 ], [ 130.420726333000061, -0.271878078999976 ], [ 130.418213622000053, -0.270114104999948 ], [ 130.420155262000094, -0.267791750999947 ] ] ], [ [ [ 130.38601019500004, -0.265356768999936 ], [ 130.387980389000063, -0.26374825399995 ], [ 130.387951835000081, -0.265556643999957 ], [ 130.38601019500004, -0.265356768999936 ] ] ], [ [ [ 130.392409490000091, -0.227896018999957 ], [ 130.391824731000042, -0.227708922999966 ], [ 130.392433873000073, -0.22732820899995 ], [ 130.392409490000091, -0.227896018999957 ] ] ], [ [ [ 130.387498264000101, -0.225046821999968 ], [ 130.387629183000058, -0.224664608999944 ], [ 130.387629183000058, -0.22504209899995 ], [ 130.387498264000101, -0.225046821999968 ] ] ], [ [ [ 130.389585099000101, -0.223765172999947 ], [ 130.390156170000068, -0.224893037999948 ], [ 130.389623008000058, -0.225133636999942 ], [ 130.389585099000101, -0.223765172999947 ] ] ], [ [ [ 130.389042582000116, -0.223693788999924 ], [ 130.388938809000024, -0.224525428999925 ], [ 130.38861427900008, -0.223950770999977 ], [ 130.389042582000116, -0.223693788999924 ] ] ], [ [ [ 130.405534432000081, -0.222924280999962 ], [ 130.407080893000057, -0.222573429999954 ], [ 130.407080920000112, -0.222860367999942 ], [ 130.405534432000081, -0.222924280999962 ] ] ], [ [ [ 130.407145992000096, -0.218248182999957 ], [ 130.407186802000069, -0.21871680199996 ], [ 130.406860457000107, -0.218676485999936 ], [ 130.407145992000096, -0.218248182999957 ] ] ], [ [ [ 130.409949379000068, -0.216328330999943 ], [ 130.409680207000065, -0.21710604499998 ], [ 130.409166243000072, -0.217772293999928 ], [ 130.409949379000068, -0.216328330999943 ] ] ], [ [ [ 130.407757602000061, -0.216411241999936 ], [ 130.407469598000034, -0.216772916999957 ], [ 130.407547891000036, -0.216244676999963 ], [ 130.407757602000061, -0.216411241999936 ] ] ], [ [ [ 130.399988573000087, -0.214888383999948 ], [ 130.399663687000043, -0.215143366999939 ], [ 130.399788699000055, -0.214726580999979 ], [ 130.399988573000087, -0.214888383999948 ] ] ], [ [ [ 130.401016500000082, -0.214326830999937 ], [ 130.400683376000075, -0.214117438999949 ], [ 130.401006983000116, -0.21409840299998 ], [ 130.401016500000082, -0.214326830999937 ] ] ], [ [ [ 130.402586945000053, -0.212784939999949 ], [ 130.402719500000103, -0.21285181099995 ], [ 130.402609387000098, -0.212888967999959 ], [ 130.402586945000053, -0.212784939999949 ] ] ], [ [ [ 130.395048812000027, -0.212566029999948 ], [ 130.395258205000118, -0.212356636999971 ], [ 130.395372419000068, -0.212385190999953 ], [ 130.395048812000027, -0.212566029999948 ] ] ], [ [ [ 130.395048812000027, -0.211671352999929 ], [ 130.394763277000038, -0.211642798999947 ], [ 130.39484893700012, -0.211519066999927 ], [ 130.395048812000027, -0.211671352999929 ] ] ], [ [ [ 130.395833210000092, -0.210678844999961 ], [ 130.393818823000061, -0.210361433999935 ], [ 130.395029739000051, -0.209237449999932 ], [ 130.395833210000092, -0.210678844999961 ] ] ], [ [ [ 130.39484445100004, -0.20898985599996 ], [ 130.393342739000104, -0.20741568699998 ], [ 130.393930142000045, -0.207011436999949 ], [ 130.39484445100004, -0.20898985599996 ] ] ], [ [ [ 130.392795463000084, -0.207760708999956 ], [ 130.39310479300002, -0.207463275999942 ], [ 130.393199971000058, -0.207879681999941 ], [ 130.392795463000084, -0.207760708999956 ] ] ], [ [ [ 130.392129214000079, -0.206582874999924 ], [ 130.392242631000045, -0.206992938999974 ], [ 130.39198853500011, -0.206945334999943 ], [ 130.392129214000079, -0.206582874999924 ] ] ], [ [ [ 130.391485344000102, -0.205690236999942 ], [ 130.391537335000066, -0.206029826999952 ], [ 130.391342273000078, -0.205854172999977 ], [ 130.391485344000102, -0.205690236999942 ] ] ], [ [ [ 130.420986127000106, -0.205677440999978 ], [ 130.420871913000042, -0.205241998999952 ], [ 130.42111391200001, -0.205372530999966 ], [ 130.420986127000106, -0.205677440999978 ] ] ], [ [ [ 130.420348431000093, -0.204632856999979 ], [ 130.417873792000023, -0.206193783999936 ], [ 130.417569221, -0.205641748999938 ], [ 130.420348431000093, -0.204632856999979 ] ] ], [ [ [ 130.390850058000069, -0.204846225999972 ], [ 130.391156245000047, -0.205085133999944 ], [ 130.390784818000043, -0.205202787999951 ], [ 130.390850058000069, -0.204846225999972 ] ] ], [ [ [ 130.396104931000082, -0.204937876999963 ], [ 130.39634086, -0.204774484999973 ], [ 130.396200184, -0.204974646999972 ], [ 130.396104931000082, -0.204937876999963 ] ] ], [ [ [ 130.392473294000069, -0.204964349999955 ], [ 130.391819884000029, -0.205428836999943 ], [ 130.391189326000017, -0.201217190999955 ], [ 130.392473294000069, -0.204964349999955 ] ] ], [ [ [ 130.392390954, -0.198504604999926 ], [ 130.396600050000075, -0.203008027999942 ], [ 130.394834798000034, -0.207069854999929 ], [ 130.392390954, -0.198504604999926 ] ] ], [ [ [ 130.391968405000057, -0.200682168999947 ], [ 130.392274592000035, -0.200921076999975 ], [ 130.391903165000031, -0.201038730999926 ], [ 130.391968405000057, -0.200682168999947 ] ] ], [ [ [ 130.39111794300004, -0.200776989999952 ], [ 130.391403478000029, -0.200610427999948 ], [ 130.39129640200008, -0.201026833999947 ], [ 130.39111794300004, -0.200776989999952 ] ] ], [ [ [ 130.391851446000032, -0.199812128999952 ], [ 130.3918436780001, -0.200396276999925 ], [ 130.391605732000016, -0.200301097999954 ], [ 130.391851446000032, -0.199812128999952 ] ] ], [ [ [ 130.417816476000098, -0.13830502999997 ], [ 130.416515040000036, -0.144095055999969 ], [ 130.415374879000069, -0.138911596999947 ], [ 130.417816476000098, -0.13830502999997 ] ] ], [ [ [ 130.411874728000043, -0.140312880999943 ], [ 130.411510905000114, -0.140113420999967 ], [ 130.411688483000034, -0.139849466999976 ], [ 130.411874728000043, -0.140312880999943 ] ] ], [ [ [ 130.40796725000007, -0.110824135999962 ], [ 130.407828013000085, -0.111359486999959 ], [ 130.407624608000106, -0.110845550999954 ], [ 130.40796725000007, -0.110824135999962 ] ] ], [ [ [ 130.419330763000062, -0.088515101999974 ], [ 130.419750276000059, -0.088234502999967 ], [ 130.420053733000032, -0.088368424999942 ], [ 130.419330763000062, -0.088515101999974 ] ] ], [ [ [ 130.423280668000075, -0.084826937999935 ], [ 130.423756560000015, -0.089181350999979 ], [ 130.41990183300004, -0.086920862999932 ], [ 130.423280668000075, -0.084826937999935 ] ] ], [ [ [ 130.422162321000087, -0.084446223999976 ], [ 130.422235820000083, -0.084919440999954 ], [ 130.421903204000046, -0.084479466999937 ], [ 130.422162321000087, -0.084446223999976 ] ] ], [ [ [ 130.422233705000053, -0.080996004999975 ], [ 130.420663261000072, -0.082733011999949 ], [ 130.420020806000025, -0.082019173999925 ], [ 130.422233705000053, -0.080996004999975 ] ] ], [ [ [ 130.402079670000035, -0.008426806999978 ], [ 130.401175475000059, -0.009128747999966 ], [ 130.401092194000057, -0.008557676999942 ], [ 130.402079670000035, -0.008426806999978 ] ] ], [ [ [ 130.418071680000025, -2.209227408999936 ], [ 130.454756618000033, -2.213883747999944 ], [ 130.449220232000016, -2.219347051999932 ], [ 130.431663852000042, -2.215381092999962 ], [ 130.409814900000015, -2.214415168999949 ], [ 130.414657947000023, -2.20662983099993 ], [ 130.418071680000025, -2.209227408999936 ] ] ], [ [ [ 130.423232612000106, -2.203544264999948 ], [ 130.423496733000093, -2.203951152999934 ], [ 130.423239751000096, -2.204079643999933 ], [ 130.423232612000106, -2.203544264999948 ] ] ], [ [ [ 130.425988675000099, -2.197005056999956 ], [ 130.426540726000098, -2.197188726999968 ], [ 130.426216255000099, -2.197359245999962 ], [ 130.425988675000099, -2.197005056999956 ] ] ], [ [ [ 130.423737653000103, -2.196317246999968 ], [ 130.423568116000069, -2.196332118999976 ], [ 130.423603808000053, -2.196233965999966 ], [ 130.423737653000103, -2.196317246999968 ] ] ], [ [ [ 130.427186050000046, -2.194823860999975 ], [ 130.427499116000035, -2.194709048999925 ], [ 130.427403680000111, -2.195060473999945 ], [ 130.427186050000046, -2.194823860999975 ] ] ], [ [ [ 130.424273095000103, -2.194251320999967 ], [ 130.424603299000069, -2.194129844999964 ], [ 130.424483088000102, -2.194428681999966 ], [ 130.424273095000103, -2.194251320999967 ] ] ], [ [ [ 130.441998571000113, -2.17498730899996 ], [ 130.441606399000079, -2.174848366999925 ], [ 130.442037788000107, -2.174794926999937 ], [ 130.441998571000113, -2.17498730899996 ] ] ], [ [ [ 130.444205483000019, -2.173603147999927 ], [ 130.442836448000094, -2.174325173999932 ], [ 130.442522711000038, -2.173850156999947 ], [ 130.444205483000019, -2.173603147999927 ] ] ], [ [ [ 130.445170399000062, -2.173892960999979 ], [ 130.444908951000116, -2.173968963999926 ], [ 130.445070573000066, -2.173788456999944 ], [ 130.445170399000062, -2.173892960999979 ] ] ], [ [ [ 130.439268516000084, -2.172035807999976 ], [ 130.440996005000102, -2.175141004999944 ], [ 130.437394892000043, -2.172657453999932 ], [ 130.439268516000084, -2.172035807999976 ] ] ], [ [ [ 130.437054551000074, -2.173609793999958 ], [ 130.437477621000085, -2.173562292999975 ], [ 130.437273217000097, -2.173904304999951 ], [ 130.437054551000074, -2.173609793999958 ] ] ], [ [ [ 130.441025264000018, -2.17359797599994 ], [ 130.441274828000019, -2.173416280999959 ], [ 130.44146734900005, -2.173605100999964 ], [ 130.441025264000018, -2.17359797599994 ] ] ], [ [ [ 130.438965974000098, -2.127465388999951 ], [ 130.444093713000029, -2.124538651999956 ], [ 130.447639169000013, -2.129700610999976 ], [ 130.438965974000098, -2.127465388999951 ] ] ], [ [ [ 130.445690196000101, -2.123515692999945 ], [ 130.446118019000096, -2.12214759699998 ], [ 130.445927875000052, -2.12360119899995 ], [ 130.445690196000101, -2.123515692999945 ] ] ], [ [ [ 130.440475502000027, -2.119989953999948 ], [ 130.43747479600006, -2.126290080999979 ], [ 130.430997786000034, -2.122093997999968 ], [ 130.436179500000094, -2.123931826999979 ], [ 130.440475502000027, -2.119989953999948 ] ] ], [ [ [ 130.428573452000023, -2.120975293999948 ], [ 130.428637626000068, -2.117555046999939 ], [ 130.430213442000081, -2.118545493999932 ], [ 130.428573452000023, -2.120975293999948 ] ] ], [ [ [ 130.431411348000097, -2.118538367999975 ], [ 130.431482652000113, -2.119699826999977 ], [ 130.431126133000021, -2.119528814999967 ], [ 130.431411348000097, -2.118538367999975 ] ] ], [ [ [ 130.425977990000092, -2.118673752999939 ], [ 130.426120598000011, -2.11860962399993 ], [ 130.42617051000002, -2.118716505999942 ], [ 130.425977990000092, -2.118673752999939 ] ] ], [ [ [ 130.425131860000079, -2.117070007999928 ], [ 130.425343385000019, -2.116578849999939 ], [ 130.425293472000021, -2.117156016999957 ], [ 130.425131860000079, -2.117070007999928 ] ] ], [ [ [ 130.424752156000068, -2.116571172999954 ], [ 130.424826395000082, -2.116453151999963 ], [ 130.424898731000098, -2.116514065999979 ], [ 130.424752156000068, -2.116571172999954 ] ] ], [ [ [ 130.440179561000036, -2.093168977999937 ], [ 130.439688808000028, -2.092954948999932 ], [ 130.440132390000031, -2.092972356999951 ], [ 130.440179561000036, -2.093168977999937 ] ] ], [ [ [ 130.450919406000025, -2.067323923999936 ], [ 130.476502971000059, -2.066369816999952 ], [ 130.468535713000051, -2.071987990999958 ], [ 130.434004899000115, -2.072309932999929 ], [ 130.410005368000043, -2.088977229999955 ], [ 130.400491982000062, -2.081162950999953 ], [ 130.415328091000106, -2.082542288999946 ], [ 130.414381978000051, -2.072088426999926 ], [ 130.431530047000024, -2.066575262999947 ], [ 130.444416580000052, -2.071785234999936 ], [ 130.447194191000108, -2.060993262999943 ], [ 130.450919406000025, -2.067323923999936 ] ] ], [ [ [ 130.439481685000032, -2.053080585999965 ], [ 130.439503491000096, -2.066454750999981 ], [ 130.424443017000044, -2.063146836999977 ], [ 130.439481685000032, -2.053080585999965 ] ] ], [ [ [ 130.423688753000079, -2.055276955999943 ], [ 130.424325723000038, -2.05511331699995 ], [ 130.423762248000116, -2.055424420999941 ], [ 130.423688753000079, -2.055276955999943 ] ] ], [ [ [ 130.428683571000079, -2.05231097099994 ], [ 130.425904657000046, -2.055196547999969 ], [ 130.424769758000025, -2.054654769999956 ], [ 130.428683571000079, -2.05231097099994 ] ] ], [ [ [ 130.409161735000112, -1.996461855999939 ], [ 130.423150561000057, -1.995496082999978 ], [ 130.424096218000045, -1.998608407999939 ], [ 130.422809143000109, -2.005275034999954 ], [ 130.42361105800012, -2.007279833999974 ], [ 130.424553213000081, -1.999783200999957 ], [ 130.433841375000043, -2.001265326999942 ], [ 130.434974261000093, -1.99753484799993 ], [ 130.437220350000075, -2.009472719999962 ], [ 130.444678242, -2.000104681999971 ], [ 130.446112833000029, -2.00695843699998 ], [ 130.449194728000066, -2.006246532999967 ], [ 130.452718535000031, -1.999758989999975 ], [ 130.455207028000018, -2.005041682999945 ], [ 130.458960916000024, -2.000033164999934 ], [ 130.464670966000085, -2.00305265399993 ], [ 130.467562437000083, -1.998613189999958 ], [ 130.478461112000105, -2.00759669699994 ], [ 130.46145902, -2.005455685999948 ], [ 130.454050518000031, -2.018404272999931 ], [ 130.440865251000105, -2.014222462999953 ], [ 130.433986295000068, -2.022140656999966 ], [ 130.431803161000062, -2.015575069999954 ], [ 130.42795783400004, -2.023932988999945 ], [ 130.418144178000034, -2.019546409999975 ], [ 130.40984513300009, -2.022043895999957 ], [ 130.413583569000025, -2.025933188999943 ], [ 130.400474885000108, -2.035264758999972 ], [ 130.384621412000115, -2.02951023199995 ], [ 130.371461396000086, -2.036619923999979 ], [ 130.375223928000082, -2.024900361999926 ], [ 130.395680453000068, -2.020224384999949 ], [ 130.394859538000105, -2.012869470999931 ], [ 130.41433280900003, -2.016978918999939 ], [ 130.415469444000109, -2.01025335199995 ], [ 130.402961330000039, -2.007450425999934 ], [ 130.409161735000112, -1.996461855999939 ] ] ], [ [ [ 130.440852677000066, -2.001953986999979 ], [ 130.440474343000119, -2.002203829999928 ], [ 130.440517173000103, -2.001861187999964 ], [ 130.440852677000066, -2.001953986999979 ] ] ], [ [ [ 130.44246936400009, -2.000381993999952 ], [ 130.442933060000087, -2.000187670999935 ], [ 130.442949075000115, -2.000617402999978 ], [ 130.44246936400009, -2.000381993999952 ] ] ], [ [ [ 130.432519626000044, -1.99774649099993 ], [ 130.431960782000033, -1.997396969999954 ], [ 130.432552142000077, -1.997318629999938 ], [ 130.432519626000044, -1.99774649099993 ] ] ], [ [ [ 130.428092099000082, -1.996733706999976 ], [ 130.427517658000056, -1.996679546999928 ], [ 130.428054164000059, -1.996446660999936 ], [ 130.428092099000082, -1.996733706999976 ] ] ], [ [ [ 130.444787718000043, -1.979448579999939 ], [ 130.444145983000112, -1.979994916999942 ], [ 130.444205403000069, -1.979294179999954 ], [ 130.444787718000043, -1.979448579999939 ] ] ], [ [ [ 130.444662523000034, -1.97491137999998 ], [ 130.446526535000089, -1.976649813999927 ], [ 130.444888635000098, -1.977326694999931 ], [ 130.444662523000034, -1.97491137999998 ] ] ], [ [ [ 130.441262928000015, -1.973410503999958 ], [ 130.441198754000084, -1.973600534999946 ], [ 130.441103683000051, -1.973505519999947 ], [ 130.441262928000015, -1.973410503999958 ] ] ], [ [ [ 130.441625390000013, -1.973410503999958 ], [ 130.441568346000054, -1.973343992999958 ], [ 130.441606375000106, -1.973332115999938 ], [ 130.441625390000013, -1.973410503999958 ] ] ], [ [ [ 130.441530318000105, -1.973044693999952 ], [ 130.441511303000084, -1.972897419999924 ], [ 130.441530318000105, -1.972897419999924 ], [ 130.441530318000105, -1.973044693999952 ] ] ], [ [ [ 130.443447915000093, -1.971153457999947 ], [ 130.443215359000078, -1.971572858999934 ], [ 130.443319244, -1.971172100999979 ], [ 130.443447915000093, -1.971153457999947 ] ] ], [ [ [ 130.441709447000108, -1.970526715999938 ], [ 130.441955065000116, -1.97107521199996 ], [ 130.441746755000054, -1.971247926999979 ], [ 130.441709447000108, -1.970526715999938 ] ] ], [ [ [ 130.443416901000091, -1.970232677999945 ], [ 130.443226757000048, -1.970223769999961 ], [ 130.443327771000099, -1.970128753999973 ], [ 130.443416901000091, -1.970232677999945 ] ] ], [ [ [ 130.442192378000072, -1.968805046999933 ], [ 130.442959910000013, -1.96733717799998 ], [ 130.442850629000077, -1.969939910999926 ], [ 130.442192378000072, -1.968805046999933 ] ] ], [ [ [ 130.442250746000013, -1.967016094999963 ], [ 130.442050871000106, -1.967151723999962 ], [ 130.442141291000098, -1.966968504999954 ], [ 130.442250746000013, -1.967016094999963 ] ] ], [ [ [ 130.446148435000055, -1.966716499999961 ], [ 130.445863219000103, -1.966841207999948 ], [ 130.445946407000065, -1.966633360999936 ], [ 130.446148435000055, -1.966716499999961 ] ] ], [ [ [ 130.445390487000054, -1.966224677999946 ], [ 130.446391894000044, -1.965118106999967 ], [ 130.445325896000099, -1.966897943999925 ], [ 130.445390487000054, -1.966224677999946 ] ] ], [ [ [ 130.445317943000077, -1.964708006999956 ], [ 130.446160134000024, -1.964734539999938 ], [ 130.445366874000115, -1.965044730999978 ], [ 130.445317943000077, -1.964708006999956 ] ] ], [ [ [ 130.445845393000013, -1.963741311999968 ], [ 130.446106841000073, -1.963586910999936 ], [ 130.446023653000111, -1.963836327999957 ], [ 130.445845393000013, -1.963741311999968 ] ] ], [ [ [ 130.434858352000106, -1.963159594999979 ], [ 130.434687031000067, -1.963102487999947 ], [ 130.434729861000051, -1.963006119999932 ], [ 130.434858352000106, -1.963159594999979 ] ] ], [ [ [ 130.43394463900006, -1.962745568999935 ], [ 130.433966054000052, -1.962649200999977 ], [ 130.433998177000035, -1.962677753999969 ], [ 130.43394463900006, -1.962745568999935 ] ] ], [ [ [ 130.44030340900008, -1.962694559999932 ], [ 130.440461405000065, -1.96263554899997 ], [ 130.440470923000021, -1.962698366999973 ], [ 130.44030340900008, -1.962694559999932 ] ] ], [ [ [ 130.440080691000048, -1.962460420999946 ], [ 130.44002548800006, -1.96263554899997 ], [ 130.440000742000052, -1.962466131999975 ], [ 130.440080691000048, -1.962460420999946 ] ] ], [ [ [ 130.442648543000018, -1.960956808999924 ], [ 130.442683270000089, -1.961567260999971 ], [ 130.441823067000087, -1.961622959999943 ], [ 130.442648543000018, -1.960956808999924 ] ] ], [ [ [ 130.434808383000018, -1.960686144999954 ], [ 130.434676323000076, -1.960700421999945 ], [ 130.434697738000068, -1.960579069999937 ], [ 130.434808383000018, -1.960686144999954 ] ] ], [ [ [ 130.443837307000081, -1.960601157999974 ], [ 130.444606543000077, -1.960470555999962 ], [ 130.444411237000054, -1.961224347999973 ], [ 130.443837307000081, -1.960601157999974 ] ] ], [ [ [ 130.433357189000048, -1.957791266999948 ], [ 130.433957282000051, -1.95735912899994 ], [ 130.433568240000113, -1.958322215999942 ], [ 130.433357189000048, -1.957791266999948 ] ] ], [ [ [ 130.434232890000089, -1.956909542999938 ], [ 130.433649922000086, -1.95716830899994 ], [ 130.433944380000071, -1.956281959999956 ], [ 130.434232890000089, -1.956909542999938 ] ] ], [ [ [ 130.438760163000097, -1.956707804999951 ], [ 130.438574565000067, -1.956675682999958 ], [ 130.43871733200001, -1.95654362199997 ], [ 130.438760163000097, -1.956707804999951 ] ] ], [ [ [ 130.434506359000011, -1.956517771999927 ], [ 130.434305927000082, -1.956565095999963 ], [ 130.434311495000088, -1.956478798999967 ], [ 130.434506359000011, -1.956517771999927 ] ] ], [ [ [ 130.444653221000067, -1.955742658999952 ], [ 130.444709592000095, -1.956089905999931 ], [ 130.444526949000078, -1.956216177999977 ], [ 130.444653221000067, -1.955742658999952 ] ] ], [ [ [ 130.434698538000021, -1.956613240999957 ], [ 130.43400457000007, -1.955759342999954 ], [ 130.43410489900009, -1.954914758999962 ], [ 130.434698538000021, -1.956613240999957 ] ] ], [ [ [ 130.433827119000057, -1.955629748999968 ], [ 130.433682363000116, -1.955855233999955 ], [ 130.433607201000086, -1.95560747899998 ], [ 130.433827119000057, -1.955629748999968 ] ] ], [ [ [ 130.433660093000071, -1.955217750999964 ], [ 130.433501418000105, -1.955075778999969 ], [ 130.433615552000106, -1.955045156999972 ], [ 130.433660093000071, -1.955217750999964 ] ] ], [ [ [ 130.436178295000104, -1.955563118999976 ], [ 130.435834310000018, -1.954695690999927 ], [ 130.435982801000023, -1.954441842999927 ], [ 130.436178295000104, -1.955563118999976 ] ] ], [ [ [ 130.439773813000102, -1.95498745499998 ], [ 130.439591784000072, -1.954962470999931 ], [ 130.439798797000094, -1.954816133999941 ], [ 130.439773813000102, -1.95498745499998 ] ] ], [ [ [ 130.43954450800004, -1.954868034999947 ], [ 130.43967387500004, -1.954855394999925 ], [ 130.43956323000009, -1.954883948999964 ], [ 130.43954450800004, -1.954868034999947 ] ] ], [ [ [ 130.430345500000044, -1.954493942999932 ], [ 130.430254470000023, -1.954595592999965 ], [ 130.430123995000031, -1.95452428599998 ], [ 130.430345500000044, -1.954493942999932 ] ] ], [ [ [ 130.440772313000025, -1.954542627999956 ], [ 130.440901200000098, -1.954265683999949 ], [ 130.441023642000118, -1.954613474999974 ], [ 130.440772313000025, -1.954542627999956 ] ] ], [ [ [ 130.44313093400001, -1.954542627999956 ], [ 130.442969826000081, -1.954265683999949 ], [ 130.443362930000035, -1.954433138999946 ], [ 130.44313093400001, -1.954542627999956 ] ] ], [ [ [ 130.437744076000058, -1.95421700199995 ], [ 130.43752492200008, -1.954343624999979 ], [ 130.437541967000016, -1.954100119999964 ], [ 130.437744076000058, -1.95421700199995 ] ] ], [ [ [ 130.438530545000049, -1.953983344999926 ], [ 130.439158110000108, -1.953560985999957 ], [ 130.438547757000038, -1.954308175999927 ], [ 130.438530545000049, -1.953983344999926 ] ] ], [ [ [ 130.444245802000069, -1.953789080999968 ], [ 130.443665813000052, -1.953756878999968 ], [ 130.444329578000065, -1.953473492999933 ], [ 130.444245802000069, -1.953789080999968 ] ] ], [ [ [ 130.433736443000043, -1.953800475999969 ], [ 130.434068400000115, -1.953692843999931 ], [ 130.433871970000041, -1.953947392999964 ], [ 130.433736443000043, -1.953800475999969 ] ] ], [ [ [ 130.431732792000048, -1.953793732999941 ], [ 130.430848648000051, -1.953483698999946 ], [ 130.432194122000055, -1.952975318999961 ], [ 130.431732792000048, -1.953793732999941 ] ] ], [ [ [ 130.442086955000036, -1.953621625999972 ], [ 130.441764739000064, -1.953396205999979 ], [ 130.441964513000016, -1.953338240999926 ], [ 130.442086955000036, -1.953621625999972 ] ] ], [ [ [ 130.437819562000072, -1.953359866999961 ], [ 130.437605279000081, -1.95340613299993 ], [ 130.437666155000102, -1.953284380999946 ], [ 130.437819562000072, -1.953359866999961 ] ] ], [ [ [ 130.432411352000031, -1.953269926999951 ], [ 130.432625828000027, -1.953254203999961 ], [ 130.432549881000114, -1.953479726999944 ], [ 130.432411352000031, -1.953269926999951 ] ] ], [ [ [ 130.434549881000066, -1.953029822999952 ], [ 130.434343263000073, -1.953158329999951 ], [ 130.434393657000101, -1.952936592999947 ], [ 130.434549881000066, -1.953029822999952 ] ] ], [ [ [ 130.433950278000111, -1.953082734999953 ], [ 130.434232577000103, -1.952856292999968 ], [ 130.434269950000044, -1.952989964999972 ], [ 130.433950278000111, -1.953082734999953 ] ] ], [ [ [ 130.442808718000038, -1.953679591999958 ], [ 130.443311375, -1.95335756299994 ], [ 130.44325337600003, -1.953673150999975 ], [ 130.442808718000038, -1.953679591999958 ] ] ], [ [ [ 130.446539980000011, -1.952423678999935 ], [ 130.446269318000077, -1.952281986999935 ], [ 130.446359539000014, -1.952146733999939 ], [ 130.446539980000011, -1.952423678999935 ] ] ], [ [ [ 130.44175829400001, -1.95215961599996 ], [ 130.441448967000042, -1.951914873999954 ], [ 130.441726073000041, -1.95186334899995 ], [ 130.44175829400001, -1.95215961599996 ] ] ], [ [ [ 130.443962252000119, -1.952005041999939 ], [ 130.444226469000114, -1.950652518999959 ], [ 130.444445576000021, -1.953376884999955 ], [ 130.443962252000119, -1.952005041999939 ] ] ], [ [ [ 130.439947441000072, -1.951728096999943 ], [ 130.439554337000118, -1.951844026999936 ], [ 130.439786333000029, -1.951637928999958 ], [ 130.439947441000072, -1.951728096999943 ] ] ], [ [ [ 130.431769908000092, -1.952214864999974 ], [ 130.43162832400003, -1.95150595399997 ], [ 130.431980790000011, -1.951806991999945 ], [ 130.431769908000092, -1.952214864999974 ] ] ], [ [ [ 130.446340206000059, -1.95186334899995 ], [ 130.446017990000087, -1.951966397999968 ], [ 130.446037323000041, -1.951599284999929 ], [ 130.446340206000059, -1.95186334899995 ] ] ], [ [ [ 130.429377305000116, -1.951327276999962 ], [ 130.428637286000026, -1.951180827999963 ], [ 130.429475137000054, -1.950885419999963 ], [ 130.429377305000116, -1.951327276999962 ] ] ], [ [ [ 130.438832573000013, -1.950742686999945 ], [ 130.438568356000019, -1.950517266999952 ], [ 130.438684354000088, -1.950504385999977 ], [ 130.438832573000013, -1.950742686999945 ] ] ], [ [ [ 130.424531213000023, -1.951034899999968 ], [ 130.424634037000033, -1.950147260999927 ], [ 130.424914992000026, -1.950807822999934 ], [ 130.424531213000023, -1.951034899999968 ] ] ], [ [ [ 130.429145898000115, -1.949881755999968 ], [ 130.429385944000046, -1.950192830999924 ], [ 130.429007497000043, -1.95010840499998 ], [ 130.429145898000115, -1.949881755999968 ] ] ], [ [ [ 130.428845530000103, -1.950024677999977 ], [ 130.428314948000093, -1.950019095999949 ], [ 130.428666808000116, -1.949645111999928 ], [ 130.428845530000103, -1.950024677999977 ] ] ], [ [ [ 130.440285852000102, -1.88652613499994 ], [ 130.4399572210001, -1.886768018999931 ], [ 130.439893533000031, -1.886607611999978 ], [ 130.440285852000102, -1.88652613499994 ] ] ], [ [ [ 130.440550386000041, -1.886565340999937 ], [ 130.440963124000064, -1.886806618999969 ], [ 130.440624520000028, -1.886862656999938 ], [ 130.440550386000041, -1.886565340999937 ] ] ], [ [ [ 130.441256460000091, -1.886370819999968 ], [ 130.441006802000061, -1.886044912999978 ], [ 130.441386384000111, -1.886195135999969 ], [ 130.441256460000091, -1.886370819999968 ] ] ], [ [ [ 130.424373365000065, -1.885027980999951 ], [ 130.424966016000099, -1.884711152999955 ], [ 130.424869538000053, -1.885069305999934 ], [ 130.424373365000065, -1.885027980999951 ] ] ], [ [ [ 130.42395370700001, -1.875512507999929 ], [ 130.423831528000051, -1.875648716999933 ], [ 130.423812874000077, -1.875503295999977 ], [ 130.42395370700001, -1.875512507999929 ] ] ], [ [ [ 130.423054971000056, -1.872228271999973 ], [ 130.422854414000085, -1.87468451899997 ], [ 130.422124405000091, -1.872744433999969 ], [ 130.423054971000056, -1.872228271999973 ] ] ], [ [ [ 130.424829450000061, -1.872644462999972 ], [ 130.424665170000026, -1.872864536999941 ], [ 130.42461714, -1.87268024399998 ], [ 130.424829450000061, -1.872644462999972 ] ] ], [ [ [ 130.430142581000041, -1.872006631999966 ], [ 130.429975132000095, -1.872228096999947 ], [ 130.429934621000029, -1.872122765999961 ], [ 130.430142581000041, -1.872006631999966 ] ] ], [ [ [ 130.423265993000086, -1.871323079999968 ], [ 130.424276093000117, -1.871240027999931 ], [ 130.423763252000072, -1.871753592999937 ], [ 130.423265993000086, -1.871323079999968 ] ] ], [ [ [ 130.430233864000115, -1.871773028999939 ], [ 130.42982667900003, -1.87077566499994 ], [ 130.430422972000088, -1.871107735999942 ], [ 130.430233864000115, -1.871773028999939 ] ] ], [ [ [ 130.426277666000033, -1.871318224999925 ], [ 130.426579468000114, -1.87057912299997 ], [ 130.426891252000019, -1.871137134999969 ], [ 130.426277666000033, -1.871318224999925 ] ] ], [ [ [ 130.430713745000048, -1.870693863999975 ], [ 130.430871413000091, -1.871131452999975 ], [ 130.430578229000048, -1.870684747999974 ], [ 130.430713745000048, -1.870693863999975 ] ] ], [ [ [ 130.428637744000071, -1.870195944999978 ], [ 130.428385485000035, -1.871490915999971 ], [ 130.427920337000046, -1.870113853999953 ], [ 130.428637744000071, -1.870195944999978 ] ] ], [ [ [ 130.431911214000024, -1.87022055999995 ], [ 130.432042085000035, -1.870714297999939 ], [ 130.431845779000014, -1.870761886999958 ], [ 130.431911214000024, -1.87022055999995 ] ] ], [ [ [ 130.427444223000066, -1.870044868999969 ], [ 130.427800059000106, -1.868910103999951 ], [ 130.428117822000104, -1.869148543999927 ], [ 130.427444223000066, -1.870044868999969 ] ] ], [ [ [ 130.424503173000062, -1.869569010999953 ], [ 130.423972986000081, -1.869058886999937 ], [ 130.424123547000022, -1.868277987999932 ], [ 130.424503173000062, -1.869569010999953 ] ] ], [ [ [ 130.437739704000023, -1.868831747999934 ], [ 130.43741133900005, -1.868936443999928 ], [ 130.437496999000018, -1.868679461999932 ], [ 130.437739704000023, -1.868831747999934 ] ] ], [ [ [ 130.425651884000104, -1.867886461999944 ], [ 130.426200339000047, -1.868494406999957 ], [ 130.425912302000029, -1.86863724799997 ], [ 130.425651884000104, -1.867886461999944 ] ] ], [ [ [ 130.429484546000026, -1.867759467999974 ], [ 130.430060313000013, -1.867855539999937 ], [ 130.429611425000076, -1.868255237999961 ], [ 130.429484546000026, -1.867759467999974 ] ] ], [ [ [ 130.43194857200001, -1.867721015999962 ], [ 130.431634483000039, -1.868068416999961 ], [ 130.431591653000055, -1.867797157999973 ], [ 130.43194857200001, -1.867721015999962 ] ] ], [ [ [ 130.426265811, -1.867667319999953 ], [ 130.426870541000085, -1.867747616999964 ], [ 130.426781177000066, -1.868227751999939 ], [ 130.426265811, -1.867667319999953 ] ] ], [ [ [ 130.431277564000084, -1.867502104999971 ], [ 130.431291841000075, -1.867816193999943 ], [ 130.431115761000115, -1.867578247999973 ], [ 130.431277564000084, -1.867502104999971 ] ] ], [ [ [ 130.42397960400001, -1.867514700999948 ], [ 130.423756114000071, -1.867636182999945 ], [ 130.423771798000075, -1.867452 ], [ 130.42397960400001, -1.867514700999948 ] ] ], [ [ [ 130.431034859000079, -1.867245122999975 ], [ 130.429868923000072, -1.867278435999935 ], [ 130.429977748000056, -1.866889393999941 ], [ 130.431034859000079, -1.867245122999975 ] ] ], [ [ [ 130.427762501000075, -1.867227197999966 ], [ 130.42802546900009, -1.867743632999975 ], [ 130.427490306000095, -1.867849686999932 ], [ 130.427762501000075, -1.867227197999966 ] ] ], [ [ [ 130.429455646000065, -1.86674304099995 ], [ 130.428842054000029, -1.86687214899996 ], [ 130.429354149000119, -1.866517099999953 ], [ 130.429455646000065, -1.86674304099995 ] ] ], [ [ [ 130.431312517000038, -1.866856450999933 ], [ 130.430599060000077, -1.866603207999958 ], [ 130.43121583300001, -1.866466589999959 ], [ 130.431312517000038, -1.866856450999933 ] ] ], [ [ [ 130.424642230000018, -1.866374333999943 ], [ 130.424434424000083, -1.86655851699993 ], [ 130.424356007000029, -1.866390008999929 ], [ 130.424642230000018, -1.866374333999943 ] ] ], [ [ [ 130.427926789000026, -1.866988134999929 ], [ 130.428631848, -1.866529201999924 ], [ 130.428170436000073, -1.867201973999954 ], [ 130.427926789000026, -1.866988134999929 ] ] ], [ [ [ 130.430120148000015, -1.866577637999967 ], [ 130.429823898000109, -1.865972933999956 ], [ 130.430468676000032, -1.865869953999947 ], [ 130.430120148000015, -1.866577637999967 ] ] ], [ [ [ 130.431110065000098, -1.865914276999945 ], [ 130.431573196000045, -1.866338088999953 ], [ 130.430905858000074, -1.866082398999936 ], [ 130.431110065000098, -1.865914276999945 ] ] ], [ [ [ 130.424359941000034, -1.865845097999966 ], [ 130.424281510000014, -1.866268526999932 ], [ 130.42406126700007, -1.866037424999945 ], [ 130.424359941000034, -1.865845097999966 ] ] ], [ [ [ 130.425481198000057, -1.865821897999979 ], [ 130.425771026, -1.86622118799994 ], [ 130.425364303000038, -1.866028276999941 ], [ 130.425481198000057, -1.865821897999979 ] ] ], [ [ [ 130.426436275000015, -1.865873417999978 ], [ 130.426715394000098, -1.86554352099995 ], [ 130.42676972400011, -1.865869013999941 ], [ 130.426436275000015, -1.865873417999978 ] ] ], [ [ [ 130.428661884, -1.865198655999961 ], [ 130.428853232000051, -1.865901079999958 ], [ 130.428223335000098, -1.865506154999935 ], [ 130.428661884, -1.865198655999961 ] ] ], [ [ [ 130.430346977000113, -1.864771517999941 ], [ 130.430979549000085, -1.865136476999965 ], [ 130.430378843000085, -1.865380609999931 ], [ 130.430346977000113, -1.864771517999941 ] ] ], [ [ [ 130.427243966000106, -1.864816284999961 ], [ 130.427703929000018, -1.86451470399993 ], [ 130.427470221000021, -1.865019425999947 ], [ 130.427243966000106, -1.864816284999961 ] ] ], [ [ [ 130.430201004000082, -1.864509084999952 ], [ 130.429613050000057, -1.86486042699994 ], [ 130.429871252000112, -1.864310094999951 ], [ 130.430201004000082, -1.864509084999952 ] ] ], [ [ [ 130.431189017000065, -1.864524246999963 ], [ 130.432299070000113, -1.86372298699996 ], [ 130.43171936300007, -1.864631954999936 ], [ 130.431189017000065, -1.864524246999963 ] ] ], [ [ [ 130.425142043000051, -1.863210786999957 ], [ 130.424803290000114, -1.863307816999964 ], [ 130.424858063000102, -1.863091233999967 ], [ 130.425142043000051, -1.863210786999957 ] ] ], [ [ [ 130.424067678000029, -1.861330060999933 ], [ 130.423878511000112, -1.861212277999925 ], [ 130.42397131000007, -1.861119478999967 ], [ 130.424067678000029, -1.861330060999933 ] ] ], [ [ [ 130.432120624000049, -1.860099780999974 ], [ 130.431838658000061, -1.86034605499998 ], [ 130.431870781000043, -1.860099780999974 ], [ 130.432120624000049, -1.860099780999974 ] ] ], [ [ [ 130.43523454700005, -1.857202299999926 ], [ 130.435645117000035, -1.85783265699996 ], [ 130.435276115000079, -1.857897796999964 ], [ 130.43523454700005, -1.857202299999926 ] ] ], [ [ [ 130.436049635000018, -1.856297426999959 ], [ 130.436096331000044, -1.856085194999935 ], [ 130.436155040000017, -1.856250186999944 ], [ 130.436049635000018, -1.856297426999959 ] ] ], [ [ [ 130.44283245400004, -1.854710765999926 ], [ 130.441673497000011, -1.856905752999978 ], [ 130.441091544000074, -1.85493744799993 ], [ 130.44283245400004, -1.854710765999926 ] ] ], [ [ [ 130.445708980000063, -1.854283431999932 ], [ 130.445563408000112, -1.854545492999932 ], [ 130.445485168000118, -1.854372674999979 ], [ 130.445708980000063, -1.854283431999932 ] ] ], [ [ [ 130.442545237000104, -1.853384810999955 ], [ 130.442384323000056, -1.853202246999956 ], [ 130.442582204000018, -1.853193553999972 ], [ 130.442545237000104, -1.853384810999955 ] ] ], [ [ [ 130.442629431000114, -1.852435205999939 ], [ 130.442799991000015, -1.852749580999955 ], [ 130.442513343000087, -1.852600635999977 ], [ 130.442629431000114, -1.852435205999939 ] ] ], [ [ [ 130.442182458000048, -1.851279655999974 ], [ 130.442457344000104, -1.851578596999957 ], [ 130.442102111000054, -1.85163466299997 ], [ 130.442182458000048, -1.851279655999974 ] ] ], [ [ [ 130.443084422000084, -1.850220450999927 ], [ 130.442841038000097, -1.850357282999937 ], [ 130.44289427800004, -1.85014253199995 ], [ 130.443084422000084, -1.850220450999927 ] ] ], [ [ [ 130.443217811000068, -1.849833282999953 ], [ 130.443389998000043, -1.849967052999943 ], [ 130.443196654000076, -1.849965967999935 ], [ 130.443217811000068, -1.849833282999953 ] ] ], [ [ [ 130.445673072000091, -1.849779262999959 ], [ 130.44617735700001, -1.850017273999924 ], [ 130.446009773000014, -1.85018944199993 ], [ 130.445673072000091, -1.849779262999959 ] ] ], [ [ [ 130.443088202000013, -1.84912576399995 ], [ 130.442942125000059, -1.849229059999971 ], [ 130.442900615000099, -1.849145679999936 ], [ 130.443088202000013, -1.84912576399995 ] ] ], [ [ [ 130.44501135500002, -1.84886161299994 ], [ 130.445291943000029, -1.849162919999969 ], [ 130.444982646000085, -1.849206943999945 ], [ 130.44501135500002, -1.84886161299994 ] ] ], [ [ [ 130.446424567, -1.848382094999977 ], [ 130.446721142000115, -1.848258803999954 ], [ 130.446486531000119, -1.848577671999976 ], [ 130.446424567, -1.848382094999977 ] ] ], [ [ [ 130.444260954000015, -1.848186784999939 ], [ 130.444411545000094, -1.848453486999972 ], [ 130.444200981000108, -1.848384889999977 ], [ 130.444260954000015, -1.848186784999939 ] ] ], [ [ [ 130.445592605000115, -1.847744742999964 ], [ 130.445591534000073, -1.847882915999946 ], [ 130.445504614000015, -1.847796784999957 ], [ 130.445592605000115, -1.847744742999964 ] ] ], [ [ [ 130.446542588000057, -1.84688899899993 ], [ 130.446585288000051, -1.847249977999979 ], [ 130.446410931000059, -1.846905002999961 ], [ 130.446542588000057, -1.84688899899993 ] ] ], [ [ [ 130.443898859000114, -1.844745175999947 ], [ 130.441664247000062, -1.849120986999935 ], [ 130.441411155000083, -1.846478110999954 ], [ 130.443898859000114, -1.844745175999947 ] ] ], [ [ [ 130.440510566000057, -1.844062612999949 ], [ 130.44064848000005, -1.844246913999939 ], [ 130.440476620000027, -1.844235333999961 ], [ 130.440510566000057, -1.844062612999949 ] ] ], [ [ [ 130.440999466000108, -1.843455148999965 ], [ 130.441321163000111, -1.843711320999944 ], [ 130.440967261000083, -1.84371314699996 ], [ 130.440999466000108, -1.843455148999965 ] ] ], [ [ [ 130.443904897000039, -1.834135304999961 ], [ 130.443954721000068, -1.834416612999973 ], [ 130.443778913000074, -1.834289638999962 ], [ 130.443904897000039, -1.834135304999961 ] ] ], [ [ [ 130.426934507000055, -0.366857067999945 ], [ 130.426512857000034, -0.37065107199993 ], [ 130.424995226000078, -0.369668298999954 ], [ 130.426934507000055, -0.366857067999945 ] ] ], [ [ [ 130.423762958000111, -0.203778630999977 ], [ 130.424221831000068, -0.203553780999925 ], [ 130.42424123, -0.203971366999951 ], [ 130.423762958000111, -0.203778630999977 ] ] ], [ [ [ 130.424498211000014, -0.203457403999948 ], [ 130.424284687000068, -0.203359113999966 ], [ 130.424444443000084, -0.203319443999931 ], [ 130.424498211000014, -0.203457403999948 ] ] ], [ [ [ 130.427023859000087, -0.202222280999933 ], [ 130.427032337000014, -0.202657904999967 ], [ 130.426861016000089, -0.202779256999975 ], [ 130.427023859000087, -0.202222280999933 ] ] ], [ [ [ 130.433438805000037, -0.200713933999964 ], [ 130.433328391000032, -0.200830478999933 ], [ 130.43330697600004, -0.200780509999959 ], [ 130.433438805000037, -0.200713933999964 ] ] ], [ [ [ 130.432341954000094, -0.19995227499993 ], [ 130.432450370000083, -0.200359344999924 ], [ 130.432000652000056, -0.20050211299997 ], [ 130.432341954000094, -0.19995227499993 ] ] ], [ [ [ 130.438886812000078, -0.196618832999945 ], [ 130.439600650000102, -0.196340435999957 ], [ 130.439150932000075, -0.196790153999927 ], [ 130.438886812000078, -0.196618832999945 ] ] ], [ [ [ 130.439299961000074, -0.186483099999975 ], [ 130.439528389000088, -0.186207081999953 ], [ 130.439547425000114, -0.186378402999935 ], [ 130.439299961000074, -0.186483099999975 ] ] ], [ [ [ 130.429001654000103, -0.178535699999941 ], [ 130.429448993000051, -0.178954484999963 ], [ 130.429230082000117, -0.179030626999975 ], [ 130.429001654000103, -0.178535699999941 ] ] ], [ [ [ 130.440534282000044, -0.083754217999967 ], [ 130.440257489000032, -0.083287263999978 ], [ 130.440917298000045, -0.083410071999936 ], [ 130.440534282000044, -0.083754217999967 ] ] ], [ [ [ 130.442821200000026, -0.076231234999966 ], [ 130.442264406000049, -0.075764860999925 ], [ 130.443458204000081, -0.075311222999972 ], [ 130.442821200000026, -0.076231234999966 ] ] ], [ [ [ 130.443644494000068, -0.075441253999941 ], [ 130.443887199000073, -0.075536432999968 ], [ 130.443696842, -0.075664923999966 ], [ 130.443644494000068, -0.075441253999941 ] ] ], [ [ [ 130.429205526000032, -0.07507114699996 ], [ 130.430082968000079, -0.075272599999948 ], [ 130.429924194000023, -0.075642051999978 ], [ 130.429205526000032, -0.07507114699996 ] ] ], [ [ [ 130.429683798000042, -0.02211346699994 ], [ 130.428541656000107, -0.021984975999942 ], [ 130.42877008500011, -0.02099987899993 ], [ 130.429683798000042, -0.02211346699994 ] ] ], [ [ [ 130.430240591000029, -0.021842208999942 ], [ 130.43052341900011, -0.021338213999968 ], [ 130.430754555000021, -0.021342520999951 ], [ 130.430240591000029, -0.021842208999942 ] ] ], [ [ [ 130.431078643000092, -0.02105262699996 ], [ 130.431211412000039, -0.020771450999973 ], [ 130.431397010000069, -0.020857110999941 ], [ 130.431078643000092, -0.02105262699996 ] ] ], [ [ [ 130.465136338000093, -2.222985327999936 ], [ 130.463233554000112, -2.222561398999972 ], [ 130.464368694000086, -2.221647781999934 ], [ 130.465136338000093, -2.222985327999936 ] ] ], [ [ [ 130.454885936000096, -2.219208803999948 ], [ 130.465602660000059, -2.216818157999967 ], [ 130.462369900000112, -2.222349790999942 ], [ 130.454885936000096, -2.219208803999948 ] ] ], [ [ [ 130.458571635000112, -2.213703844999941 ], [ 130.4586268380001, -2.213321226999938 ], [ 130.458645874000013, -2.213734301999978 ], [ 130.458571635000112, -2.213703844999941 ] ] ], [ [ [ 130.459210561000077, -2.213169350999976 ], [ 130.459764672000119, -2.212981415999934 ], [ 130.459989785000062, -2.213519326999972 ], [ 130.459210561000077, -2.213169350999976 ] ] ], [ [ [ 130.450483665000093, -2.175702552999951 ], [ 130.450733229000093, -2.175431792999973 ], [ 130.45081522800001, -2.175609924999947 ], [ 130.450483665000093, -2.175702552999951 ] ] ], [ [ [ 130.457082902000025, -2.175063209999962 ], [ 130.456868991000078, -2.175009769999974 ], [ 130.457047250000073, -2.174938517999976 ], [ 130.457082902000025, -2.175063209999962 ] ] ], [ [ [ 130.454732880000051, -2.174718752999979 ], [ 130.455237950000082, -2.174659375999966 ], [ 130.45508940000002, -2.174938447999978 ], [ 130.454732880000051, -2.174718752999979 ] ] ], [ [ [ 130.454085163000059, -2.172944706999942 ], [ 130.454215887000032, -2.174173814999961 ], [ 130.453657340000063, -2.175581052999974 ], [ 130.452195609000114, -2.175652305999961 ], [ 130.454085163000059, -2.172944706999942 ] ] ], [ [ [ 130.459104416000059, -2.174195233999967 ], [ 130.457149501000117, -2.174652437999953 ], [ 130.459062822000078, -2.173524271999952 ], [ 130.459104416000059, -2.174195233999967 ] ] ], [ [ [ 130.446479998000086, -2.171612770999957 ], [ 130.449346416000026, -2.173999734999938 ], [ 130.444640357000026, -2.173002197999949 ], [ 130.446479998000086, -2.171612770999957 ] ] ], [ [ [ 130.452130154000088, -2.171386648999942 ], [ 130.452513172000067, -2.171562503999951 ], [ 130.452105276000111, -2.171566494999979 ], [ 130.452130154000088, -2.171386648999942 ] ] ], [ [ [ 130.46603419500002, -2.17026422999993 ], [ 130.465060896000068, -2.17138646099994 ], [ 130.464226640000106, -2.171650095999951 ], [ 130.46603419500002, -2.17026422999993 ] ] ], [ [ [ 130.461247656000069, -2.168270376999942 ], [ 130.461399941000082, -2.168390301999978 ], [ 130.461272402000077, -2.168415047999929 ], [ 130.461247656000069, -2.168270376999942 ] ] ], [ [ [ 130.472346219000087, -2.162461629999939 ], [ 130.462891805000027, -2.172945951999964 ], [ 130.451705959000037, -2.172881705999941 ], [ 130.461828186000048, -2.171361230999935 ], [ 130.472346219000087, -2.162461629999939 ] ] ], [ [ [ 130.44787334800003, -2.167568462999952 ], [ 130.44741581400001, -2.167045940999969 ], [ 130.447956536000106, -2.167425956999978 ], [ 130.44787334800003, -2.167568462999952 ] ] ], [ [ [ 130.458926881000025, -2.16387747899995 ], [ 130.459036214000093, -2.164086487999953 ], [ 130.458869838000055, -2.164046110999948 ], [ 130.458926881000025, -2.16387747899995 ] ] ], [ [ [ 130.464250055000093, -2.161419551999927 ], [ 130.464229258000046, -2.161677844999929 ], [ 130.464033173000075, -2.161579871999947 ], [ 130.464250055000093, -2.161419551999927 ] ] ], [ [ [ 130.456451547000029, -2.144288167999946 ], [ 130.455881115000011, -2.145007832999966 ], [ 130.455574508000041, -2.145000706999951 ], [ 130.455909637000104, -2.144252540999958 ], [ 130.456451547000029, -2.144288167999946 ] ] ], [ [ [ 130.453924992000111, -2.144357041999967 ], [ 130.454851943000108, -2.144235909999963 ], [ 130.45458811900005, -2.144784565999942 ], [ 130.453924992000111, -2.144357041999967 ] ] ], [ [ [ 130.453788896000106, -2.144113852999965 ], [ 130.453474807000021, -2.144228067999961 ], [ 130.453322521000018, -2.144075781999959 ], [ 130.453788896000106, -2.144113852999965 ] ] ], [ [ [ 130.452075254000079, -2.129751990999978 ], [ 130.452471434000017, -2.12992688099996 ], [ 130.452057408000087, -2.129998264999927 ], [ 130.452075254000079, -2.129751990999978 ] ] ], [ [ [ 130.450674301000049, -2.128801229999965 ], [ 130.450718916000028, -2.128979689999937 ], [ 130.450593994000087, -2.128926151999963 ], [ 130.450674301000049, -2.128801229999965 ] ] ], [ [ [ 130.449478905000092, -2.126894186999948 ], [ 130.449518880000028, -2.126996979999944 ], [ 130.449435123000058, -2.126957004999952 ], [ 130.449478905000092, -2.126894186999948 ] ] ], [ [ [ 130.46048573500002, -2.125119359999928 ], [ 130.462280399000065, -2.123824982999963 ], [ 130.460573049000118, -2.125500795999926 ], [ 130.46048573500002, -2.125119359999928 ] ] ], [ [ [ 130.457288919, -2.06268126599997 ], [ 130.45634330900009, -2.061610191999932 ], [ 130.456412367000098, -2.061484934999953 ], [ 130.457288919, -2.06268126599997 ] ] ], [ [ [ 130.447322107000105, -2.05907730499996 ], [ 130.447607503000086, -2.060637464999957 ], [ 130.447010757000044, -2.059632513999929 ], [ 130.447322107000105, -2.05907730499996 ] ] ], [ [ [ 130.448336392000101, -1.998838048999971 ], [ 130.449930631000029, -2.003733789999956 ], [ 130.449420731000032, -2.004311835999943 ], [ 130.448336392000101, -1.998838048999971 ] ] ], [ [ [ 130.464325106000047, -1.999787224999977 ], [ 130.464649970000096, -1.999808720999965 ], [ 130.464697170000022, -2.000120983999977 ], [ 130.464325106000047, -1.999787224999977 ] ] ], [ [ [ 130.45202982, -1.98356273099995 ], [ 130.451730343, -1.983643493999978 ], [ 130.451844429000062, -1.983453463999979 ], [ 130.45202982, -1.98356273099995 ] ] ], [ [ [ 130.458493191000116, -1.976921304999962 ], [ 130.458154290000039, -1.984026183999958 ], [ 130.462438035000105, -1.976887569999974 ], [ 130.466107721000071, -1.983740766999972 ], [ 130.45564605900006, -1.987145702999953 ], [ 130.458493191000116, -1.976921304999962 ] ] ], [ [ [ 130.448606699000038, -1.977179885999931 ], [ 130.450033501, -1.982425434999925 ], [ 130.447830459000102, -1.980470432999937 ], [ 130.448210944000039, -1.976903960999948 ], [ 130.449267108000072, -1.974307324999927 ], [ 130.448606699000038, -1.977179885999931 ] ] ], [ [ [ 130.450953131000119, -1.978268015999959 ], [ 130.450839044000077, -1.977925960999926 ], [ 130.451010174000089, -1.978068483999948 ], [ 130.450953131000119, -1.978268015999959 ] ] ], [ [ [ 130.449234706000084, -1.977626662999967 ], [ 130.449484270000085, -1.977491266999948 ], [ 130.449455748000105, -1.977690798999959 ], [ 130.449234706000084, -1.977626662999967 ] ] ], [ [ [ 130.46289085, -1.975816035999969 ], [ 130.462553287000105, -1.97679261199994 ], [ 130.462571053000033, -1.975709500999926 ], [ 130.46289085, -1.975816035999969 ] ] ], [ [ [ 130.450467941000056, -1.976387749999958 ], [ 130.454051692, -1.976633815999946 ], [ 130.453054808000047, -1.978668485999947 ], [ 130.450467941000056, -1.976387749999958 ] ] ], [ [ [ 130.464499763000049, -1.975243145999968 ], [ 130.46435525000004, -1.975053784999943 ], [ 130.464608951000059, -1.975082670999939 ], [ 130.464499763000049, -1.975243145999968 ] ] ], [ [ [ 130.466066930000011, -1.974874052999951 ], [ 130.466031604000023, -1.974662225999964 ], [ 130.466131158000053, -1.974710368999979 ], [ 130.466066930000011, -1.974874052999951 ] ] ], [ [ [ 130.463677643000096, -1.97462692199997 ], [ 130.463905653000097, -1.97477134899998 ], [ 130.46361983700001, -1.974732834999941 ], [ 130.463677643000096, -1.97462692199997 ] ] ], [ [ [ 130.456282744000077, -1.973935956999981 ], [ 130.456293493000089, -1.974976010999967 ], [ 130.455269094000073, -1.973921679999933 ], [ 130.456282744000077, -1.973935956999981 ] ] ], [ [ [ 130.462926661000097, -1.974547498999925 ], [ 130.463704196000094, -1.97296859599993 ], [ 130.463478078000094, -1.974977793999926 ], [ 130.462926661000097, -1.974547498999925 ] ] ], [ [ [ 130.457036790000075, -1.972912938999968 ], [ 130.456486029000075, -1.973152644999971 ], [ 130.456708110000022, -1.972779768999942 ], [ 130.457036790000075, -1.972912938999968 ] ] ], [ [ [ 130.454797613000096, -1.974091376999979 ], [ 130.453111812000088, -1.974011694999945 ], [ 130.454857073000085, -1.970552416999965 ], [ 130.454797613000096, -1.974091376999979 ] ] ], [ [ [ 130.456754100000012, -1.973965179999936 ], [ 130.461504006000041, -1.972475902999975 ], [ 130.459138697000071, -1.975941380999927 ], [ 130.456754100000012, -1.973965179999936 ] ] ], [ [ [ 130.464099988000044, -1.972290559999976 ], [ 130.464047639000114, -1.972557059999929 ], [ 130.463800176000063, -1.972490434999941 ], [ 130.464099988000044, -1.972290559999976 ] ] ], [ [ [ 130.464774544000079, -1.971409217999962 ], [ 130.465117705000011, -1.97204844099997 ], [ 130.464602963000061, -1.971836487999951 ], [ 130.464774544000079, -1.971409217999962 ] ] ], [ [ [ 130.456020463000073, -1.972890405999976 ], [ 130.456126201000075, -1.970469489999971 ], [ 130.45682470700001, -1.971469368999976 ], [ 130.456020463000073, -1.972890405999976 ] ] ], [ [ [ 130.452744474000042, -1.971111594999968 ], [ 130.452549358000056, -1.971387611999944 ], [ 130.452582671000073, -1.971087799999964 ], [ 130.452744474000042, -1.971111594999968 ] ] ], [ [ [ 130.452996099000075, -1.971031097999969 ], [ 130.452846792000059, -1.971107665999966 ], [ 130.45287741900006, -1.970992814999931 ], [ 130.452996099000075, -1.971031097999969 ] ] ], [ [ [ 130.447434832000113, -1.975354101999926 ], [ 130.449464489000093, -1.970659765999926 ], [ 130.450700485000084, -1.970317871999953 ], [ 130.447434832000113, -1.975354101999926 ] ] ], [ [ [ 130.45707728900004, -1.970635332999962 ], [ 130.456910913000115, -1.97053081599995 ], [ 130.457039260000101, -1.970507061999967 ], [ 130.45707728900004, -1.970635332999962 ] ] ], [ [ [ 130.45716755300009, -1.970544953999934 ], [ 130.457267379000086, -1.970473691999928 ], [ 130.457267379000086, -1.970530701999962 ], [ 130.45716755300009, -1.970544953999934 ] ] ], [ [ [ 130.454209694000042, -1.970433871999944 ], [ 130.454355173000067, -1.970453013999929 ], [ 130.454228836000084, -1.970521923999968 ], [ 130.454209694000042, -1.970433871999944 ] ] ], [ [ [ 130.467895196000086, -1.966086477999966 ], [ 130.467728665000095, -1.969159188999924 ], [ 130.467149453000047, -1.973873267999977 ], [ 130.464786681000078, -1.974705914999959 ], [ 130.46463673400001, -1.972228981999933 ], [ 130.466007402000059, -1.972524607999958 ], [ 130.465843519000032, -1.969254550999949 ], [ 130.466819711000085, -1.968716609999944 ], [ 130.467895196000086, -1.966086477999966 ] ] ], [ [ [ 130.453188403000013, -1.970850408999979 ], [ 130.454795674000025, -1.968810713999972 ], [ 130.453477920000068, -1.971695792999981 ], [ 130.453188403000013, -1.970850408999979 ] ] ], [ [ [ 130.45214592100001, -1.967284826999958 ], [ 130.452093820000073, -1.971211382999968 ], [ 130.453093194000076, -1.972706874999972 ], [ 130.451466558000106, -1.972811931999956 ], [ 130.45214592100001, -1.967284826999958 ] ] ], [ [ [ 130.463338651000072, -1.969429985999966 ], [ 130.463256360000059, -1.969265404999931 ], [ 130.463390624000112, -1.969282728999929 ], [ 130.463338651000072, -1.969429985999966 ] ] ], [ [ [ 130.449341316000073, -1.969299903999968 ], [ 130.449528852000071, -1.969440099999929 ], [ 130.449496078000038, -1.96947105299995 ], [ 130.449341316000073, -1.969299903999968 ] ] ], [ [ [ 130.457852056000092, -1.96898663199994 ], [ 130.457661912000049, -1.968815602999939 ], [ 130.45787107000001, -1.968791848999956 ], [ 130.457852056000092, -1.96898663199994 ] ] ], [ [ [ 130.45684584300011, -1.969713596999952 ], [ 130.455492889000084, -1.969794024999942 ], [ 130.457316945000116, -1.967460634999952 ], [ 130.45684584300011, -1.969713596999952 ] ] ], [ [ [ 130.455236739000043, -1.96840977599993 ], [ 130.456070697000087, -1.968560067999931 ], [ 130.455261937000046, -1.968619566999962 ], [ 130.455236739000043, -1.96840977599993 ] ] ], [ [ [ 130.449422473000027, -1.968098980999969 ], [ 130.449133692000032, -1.968259319999959 ], [ 130.449361865000014, -1.96791369999994 ], [ 130.449422473000027, -1.968098980999969 ] ] ], [ [ [ 130.451522403000013, -1.967180194999969 ], [ 130.449421077000011, -1.967412717999935 ], [ 130.45129268900007, -1.966383534999977 ], [ 130.451522403000013, -1.967180194999969 ] ] ], [ [ [ 130.448581087000093, -1.967938640999932 ], [ 130.448759347000077, -1.967860252999969 ], [ 130.44865239100011, -1.968017028999952 ], [ 130.448581087000093, -1.967938640999932 ] ] ], [ [ [ 130.448862737000013, -1.967354293999961 ], [ 130.448880563000102, -1.967856689999962 ], [ 130.448720129000094, -1.967785427999956 ], [ 130.448862737000013, -1.967354293999961 ] ] ], [ [ [ 130.45378826000001, -1.967912627999965 ], [ 130.452489025000091, -1.967059588999973 ], [ 130.452565168000092, -1.966921579999962 ], [ 130.45378826000001, -1.967912627999965 ] ] ], [ [ [ 130.465789578000113, -1.967233750999981 ], [ 130.46597105, -1.967082613999935 ], [ 130.466001295000069, -1.967294205999963 ], [ 130.465789578000113, -1.967233750999981 ] ] ], [ [ [ 130.448834216000023, -1.966851897999959 ], [ 130.448698738000076, -1.966766382999936 ], [ 130.448777173000053, -1.966748567999957 ], [ 130.448834216000023, -1.966851897999959 ] ] ], [ [ [ 130.45372068100005, -1.966736559999958 ], [ 130.454734026000096, -1.966697966999959 ], [ 130.454804994000028, -1.967127327999947 ], [ 130.45372068100005, -1.966736559999958 ] ] ], [ [ [ 130.463453125000115, -1.966311811999958 ], [ 130.462923832000115, -1.966311811999958 ], [ 130.463233846000094, -1.965646805999938 ], [ 130.463453125000115, -1.966311811999958 ] ] ], [ [ [ 130.446912449000024, -1.966112710999937 ], [ 130.447522715000105, -1.965675297999951 ], [ 130.44729906300006, -1.966429114999926 ], [ 130.446912449000024, -1.966112710999937 ] ] ], [ [ [ 130.458263492000015, -1.967097105999926 ], [ 130.461318850000112, -1.968309831999932 ], [ 130.462229963000027, -1.970882572999926 ], [ 130.458263492000015, -1.967097105999926 ] ] ], [ [ [ 130.449239231000092, -1.965992976999928 ], [ 130.448831200000086, -1.965010517999929 ], [ 130.449205141000107, -1.96513671699995 ], [ 130.449239231000092, -1.965992976999928 ] ] ], [ [ [ 130.464152694000063, -1.964860384999952 ], [ 130.464713946000074, -1.965117344999953 ], [ 130.46416932000011, -1.96518903599997 ], [ 130.464152694000063, -1.964860384999952 ] ] ], [ [ [ 130.448906778000037, -1.96309608699994 ], [ 130.451984626000012, -1.963962895999941 ], [ 130.451896101000102, -1.966055130999962 ], [ 130.448906778000037, -1.96309608699994 ] ] ], [ [ [ 130.465819823000061, -1.963674457999957 ], [ 130.465207355000075, -1.963886050999974 ], [ 130.465691280000101, -1.963493091999965 ], [ 130.465819823000061, -1.963674457999957 ] ] ], [ [ [ 130.464479872000084, -1.963261476999946 ], [ 130.465199794000114, -1.963379738999947 ], [ 130.464632161000054, -1.963553799999943 ], [ 130.464479872000084, -1.963261476999946 ] ] ], [ [ [ 130.44683770600011, -1.963153399999953 ], [ 130.446695098000077, -1.962886167999955 ], [ 130.446891184000037, -1.963064322999969 ], [ 130.44683770600011, -1.963153399999953 ] ] ], [ [ [ 130.449055633000057, -1.962191803999929 ], [ 130.447321681000062, -1.962343055999952 ], [ 130.448853402000054, -1.961675010999954 ], [ 130.449055633000057, -1.962191803999929 ] ] ], [ [ [ 130.466315582000107, -1.961858579999955 ], [ 130.46625038600007, -1.962642562999974 ], [ 130.466036363000057, -1.962720038999976 ], [ 130.466315582000107, -1.961858579999955 ] ] ], [ [ [ 130.463777632000074, -1.962125011999944 ], [ 130.464129383000113, -1.962304053999958 ], [ 130.463762163000069, -1.962552528999936 ], [ 130.463777632000074, -1.962125011999944 ] ] ], [ [ [ 130.456610076000061, -1.966134100999966 ], [ 130.457041738000044, -1.962305773999958 ], [ 130.458987078000064, -1.959771630999967 ], [ 130.456610076000061, -1.966134100999966 ] ] ], [ [ [ 130.46021169200003, -1.958258149999949 ], [ 130.461002577000045, -1.961269684999934 ], [ 130.45866254200007, -1.964417634999961 ], [ 130.46021169200003, -1.958258149999949 ] ] ], [ [ [ 130.447408092000046, -1.960725005999961 ], [ 130.44715936700004, -1.961734877999959 ], [ 130.446640972000068, -1.961372364999932 ], [ 130.447408092000046, -1.960725005999961 ] ] ], [ [ [ 130.465113191000114, -1.961056329999963 ], [ 130.465420118000111, -1.961402182999961 ], [ 130.465107323000097, -1.961496858999965 ], [ 130.465113191000114, -1.961056329999963 ] ] ], [ [ [ 130.461527787000023, -1.960833577999949 ], [ 130.461743787000046, -1.96058758199996 ], [ 130.461728718000018, -1.960838597999953 ], [ 130.461527787000023, -1.960833577999949 ] ] ], [ [ [ 130.452805875000081, -1.963116991999925 ], [ 130.453437230000077, -1.958134412999925 ], [ 130.454135626000038, -1.957408727999962 ], [ 130.452805875000081, -1.963116991999925 ] ] ], [ [ [ 130.449118493000014, -1.959609559999933 ], [ 130.448540617000049, -1.960251396999979 ], [ 130.44834516800006, -1.958964725999977 ], [ 130.449118493000014, -1.959609559999933 ] ] ], [ [ [ 130.46224134800002, -1.959284803999935 ], [ 130.462416279000081, -1.959730045999947 ], [ 130.462074077000011, -1.959663037999974 ], [ 130.46224134800002, -1.959284803999935 ] ] ], [ [ [ 130.457603409000058, -1.95922685599993 ], [ 130.457546366000088, -1.95905107599998 ], [ 130.457631931000037, -1.959070078999957 ], [ 130.457603409000058, -1.95922685599993 ] ] ], [ [ [ 130.456738255000118, -1.959122337999929 ], [ 130.45764143800011, -1.958770776999927 ], [ 130.456752516000051, -1.959359878999976 ], [ 130.456738255000118, -1.959122337999929 ] ] ], [ [ [ 130.449194518000013, -1.958919799999933 ], [ 130.449042036000037, -1.959020760999977 ], [ 130.449135500000011, -1.958812972999965 ], [ 130.449194518000013, -1.958919799999933 ] ] ], [ [ [ 130.448831083000073, -1.958575356999972 ], [ 130.449099457000102, -1.958714286999964 ], [ 130.448998330000109, -1.958845157999974 ], [ 130.448831083000073, -1.958575356999972 ] ] ], [ [ [ 130.450044128000059, -1.958487383999966 ], [ 130.450274455000113, -1.958729925999933 ], [ 130.450021445000061, -1.958736904999967 ], [ 130.450044128000059, -1.958487383999966 ] ] ], [ [ [ 130.451586282000108, -1.961955237999973 ], [ 130.452284663000114, -1.956367870999941 ], [ 130.453020650000099, -1.955076619999943 ], [ 130.451586282000108, -1.961955237999973 ] ] ], [ [ [ 130.457807814000034, -1.957986891999951 ], [ 130.458325956000067, -1.958371708999948 ], [ 130.45777453900007, -1.958690013999956 ], [ 130.457807814000034, -1.957986891999951 ] ] ], [ [ [ 130.447405183000114, -1.957554237999943 ], [ 130.447696609000104, -1.958045607999964 ], [ 130.447463878, -1.958174159999942 ], [ 130.447405183000114, -1.957554237999943 ] ] ], [ [ [ 130.45085886600009, -1.955090868999946 ], [ 130.451250892000076, -1.959443333999957 ], [ 130.450601181000025, -1.96022478499998 ], [ 130.45085886600009, -1.955090868999946 ] ] ], [ [ [ 130.450123679000058, -1.957381860999931 ], [ 130.448667082000043, -1.956845280999971 ], [ 130.449621170000114, -1.956422485999951 ], [ 130.450123679000058, -1.957381860999931 ] ] ], [ [ [ 130.447649286000114, -1.957422459999975 ], [ 130.447586208000075, -1.95728777599993 ], [ 130.447669073000043, -1.957325713999978 ], [ 130.447649286000114, -1.957422459999975 ] ] ], [ [ [ 130.455874527000105, -1.95742391999994 ], [ 130.455952961000094, -1.957210132999933 ], [ 130.456002874000092, -1.957331278999959 ], [ 130.455874527000105, -1.95742391999994 ] ] ], [ [ [ 130.464708082000016, -1.957523463999962 ], [ 130.464398358000039, -1.957054458999949 ], [ 130.464548527000034, -1.956932517999974 ], [ 130.464708082000016, -1.957523463999962 ] ] ], [ [ [ 130.448063323000042, -1.956857684999932 ], [ 130.447650628000019, -1.957231185999945 ], [ 130.447924990000047, -1.95674701799993 ], [ 130.448063323000042, -1.956857684999932 ] ] ], [ [ [ 130.455824614000107, -1.956561645999955 ], [ 130.455439573000035, -1.95697496799994 ], [ 130.455553659000088, -1.956312227999945 ], [ 130.455824614000107, -1.956561645999955 ] ] ], [ [ [ 130.454298710000103, -1.95520053499996 ], [ 130.454548274000103, -1.956868073999942 ], [ 130.454370014000119, -1.957088986999963 ], [ 130.454298710000103, -1.95520053499996 ] ] ], [ [ [ 130.448423624000043, -1.955582769999978 ], [ 130.44858582300003, -1.956301431999975 ], [ 130.448461471000087, -1.956317641999931 ], [ 130.448423624000043, -1.955582769999978 ] ] ], [ [ [ 130.449721213000089, -1.95497758099998 ], [ 130.44893184700004, -1.954658776999963 ], [ 130.449337343000025, -1.954069797999978 ], [ 130.449721213000089, -1.95497758099998 ] ] ], [ [ [ 130.46627547300011, -1.954887654999936 ], [ 130.46598452000012, -1.95453121099996 ], [ 130.466472570000064, -1.953921503999936 ], [ 130.46627547300011, -1.954887654999936 ] ] ], [ [ [ 130.451161782000099, -1.953790609999942 ], [ 130.451534354000046, -1.954268061999926 ], [ 130.451107145000037, -1.954574949999937 ], [ 130.451161782000099, -1.953790609999942 ] ] ], [ [ [ 130.462135298000021, -1.953739331999941 ], [ 130.463382236000029, -1.953214883999976 ], [ 130.462311373000034, -1.953900848999979 ], [ 130.462135298000021, -1.953739331999941 ] ] ], [ [ [ 130.450202402000059, -1.952751348999925 ], [ 130.449845565000032, -1.953016119999972 ], [ 130.450072643000112, -1.952616261999935 ], [ 130.450202402000059, -1.952751348999925 ] ] ], [ [ [ 130.463459801000113, -1.952355022999939 ], [ 130.463375331000066, -1.951998578999962 ], [ 130.463638127000081, -1.95203609899994 ], [ 130.463459801000113, -1.952355022999939 ] ] ], [ [ [ 130.463145742000052, -1.951205054999946 ], [ 130.46386907200008, -1.951679427999977 ], [ 130.463560752000035, -1.951902713999971 ], [ 130.463145742000052, -1.951205054999946 ] ] ], [ [ [ 130.458026916000108, -1.950910441999952 ], [ 130.4584070840001, -1.951169980999964 ], [ 130.458308246000115, -1.951296165999963 ], [ 130.458026916000108, -1.950910441999952 ] ] ], [ [ [ 130.467407330000015, -1.89938176499993 ], [ 130.464836937000086, -1.90717125499998 ], [ 130.453175883000085, -1.904461165999976 ], [ 130.453382897000097, -1.899735556999929 ], [ 130.467407330000015, -1.89938176499993 ] ] ], [ [ [ 130.449607492000041, -1.901847128999975 ], [ 130.449731707000069, -1.90205409899994 ], [ 130.4495511880001, -1.901932287999955 ], [ 130.449607492000041, -1.901847128999975 ] ] ], [ [ [ 130.449276275000102, -1.900983516999929 ], [ 130.449400890000106, -1.901168428999938 ], [ 130.449202782000043, -1.901063280999949 ], [ 130.449276275000102, -1.900983516999929 ] ] ], [ [ [ 130.450115940000046, -1.900061957999981 ], [ 130.450087357000029, -1.900271750999934 ], [ 130.449853511000015, -1.900058546999958 ], [ 130.450115940000046, -1.900061957999981 ] ] ], [ [ [ 130.459319127000072, -1.852826050999965 ], [ 130.459121296000035, -1.853260206999948 ], [ 130.459109265000052, -1.852796903999945 ], [ 130.459319127000072, -1.852826050999965 ] ] ], [ [ [ 130.447050557000011, -1.852952735999963 ], [ 130.446946915000012, -1.853013682999972 ], [ 130.446955435000064, -1.852862970999979 ], [ 130.447050557000011, -1.852952735999963 ] ] ], [ [ [ 130.45573364300003, -1.851196683999945 ], [ 130.456135229000097, -1.851483342999927 ], [ 130.455910674000052, -1.851607975999968 ], [ 130.45573364300003, -1.851196683999945 ] ] ], [ [ [ 130.448899908000044, -1.84976433099996 ], [ 130.449303876000045, -1.848897806999958 ], [ 130.449273394000102, -1.849802805999957 ], [ 130.448899908000044, -1.84976433099996 ] ] ], [ [ [ 130.446646406000013, -1.847696416999952 ], [ 130.446810102000086, -1.847504796999942 ], [ 130.446740226000088, -1.847795057999974 ], [ 130.446646406000013, -1.847696416999952 ] ] ], [ [ [ 130.449394167000037, -1.846038758999953 ], [ 130.449630722000052, -1.845501739999975 ], [ 130.449700150000012, -1.846101700999952 ], [ 130.449394167000037, -1.846038758999953 ] ] ], [ [ [ 130.447580325000104, -1.843635159999963 ], [ 130.447513292000053, -1.843801923999933 ], [ 130.447490782000045, -1.843653256999971 ], [ 130.447580325000104, -1.843635159999963 ] ] ], [ [ [ 130.44803649500011, -1.843561246999968 ], [ 130.448335723000014, -1.843263018999949 ], [ 130.448357384000019, -1.843629341999929 ], [ 130.44803649500011, -1.843561246999968 ] ] ], [ [ [ 130.463709928000071, -1.839119281999956 ], [ 130.463559508000117, -1.839390643999934 ], [ 130.46342466100009, -1.839303005999966 ], [ 130.463709928000071, -1.839119281999956 ] ] ], [ [ [ 130.464382896000075, -1.835668403999932 ], [ 130.465667567000082, -1.838872134999974 ], [ 130.462896350000051, -1.836457770999971 ], [ 130.464382896000075, -1.835668403999932 ] ] ], [ [ [ 130.449338929000078, -1.83555845199993 ], [ 130.449356894000061, -1.835779288999959 ], [ 130.449200725000082, -1.835685095999963 ], [ 130.449338929000078, -1.83555845199993 ] ] ], [ [ [ 130.463292307000074, -1.835973548999959 ], [ 130.463667401000066, -1.835043084999938 ], [ 130.464033220000033, -1.83518588499993 ], [ 130.463292307000074, -1.835973548999959 ] ] ], [ [ [ 130.452007104000018, -1.835106057999951 ], [ 130.452289726000117, -1.834993252999936 ], [ 130.452143064000097, -1.835230159999981 ], [ 130.452007104000018, -1.835106057999951 ] ] ], [ [ [ 130.461530604000018, -1.835165045999929 ], [ 130.462289482000074, -1.834986821999962 ], [ 130.461627860000021, -1.835369231999948 ], [ 130.461530604000018, -1.835165045999929 ] ] ], [ [ [ 130.456477596000013, -1.83452903999995 ], [ 130.457168137000053, -1.834590367999965 ], [ 130.456921233000116, -1.834834227999977 ], [ 130.456477596000013, -1.83452903999995 ] ] ], [ [ [ 130.458132202000115, -1.83340845999993 ], [ 130.45820134500002, -1.835319230999971 ], [ 130.456920942000011, -1.833871600999942 ], [ 130.458132202000115, -1.83340845999993 ] ] ], [ [ [ 130.460943737000093, -1.834232134999979 ], [ 130.460672479000095, -1.834441527999957 ], [ 130.460486881000065, -1.834284482999976 ], [ 130.460943737000093, -1.834232134999979 ] ] ], [ [ [ 130.463082754000084, -1.834188467999979 ], [ 130.463012211000091, -1.834446614999933 ], [ 130.462932418000037, -1.834210838999979 ], [ 130.463082754000084, -1.834188467999979 ] ] ], [ [ [ 130.453590645000077, -1.83443323399996 ], [ 130.453915505000055, -1.834054997999942 ], [ 130.453781278000065, -1.834575388999951 ], [ 130.453590645000077, -1.83443323399996 ] ] ], [ [ [ 130.461882594000031, -1.833894839999971 ], [ 130.461547297000038, -1.833975029999976 ], [ 130.461626418000037, -1.833593115999975 ], [ 130.461882594000031, -1.833894839999971 ] ] ], [ [ [ 130.458637672, -1.832565477999935 ], [ 130.458994625000059, -1.832893149999961 ], [ 130.458618299000022, -1.832862535999936 ], [ 130.458637672, -1.832565477999935 ] ] ], [ [ [ 130.460294093000016, -1.832862535999936 ], [ 130.461146073, -1.832663312999955 ], [ 130.461117460000082, -1.832946486999958 ], [ 130.460294093000016, -1.832862535999936 ] ] ], [ [ [ 130.446064677000095, -1.828932212999973 ], [ 130.455998745000102, -1.832477779999977 ], [ 130.45566425700008, -1.83404431799994 ], [ 130.452632951000055, -1.833364562999975 ], [ 130.444765896000035, -1.83484363599996 ], [ 130.446064677000095, -1.828932212999973 ] ] ], [ [ [ 130.455111853000062, -1.831147029999954 ], [ 130.455427806000102, -1.831700069999954 ], [ 130.454981701000065, -1.831841034999968 ], [ 130.455111853000062, -1.831147029999954 ] ] ], [ [ [ 130.449977753000098, -1.829634123999938 ], [ 130.449788586000068, -1.829587723999964 ], [ 130.449988461000089, -1.829387849999932 ], [ 130.449977753000098, -1.829634123999938 ] ] ], [ [ [ 130.449630263000017, -1.829029374999948 ], [ 130.449376296000082, -1.829480452999974 ], [ 130.449478884000087, -1.829035575999967 ], [ 130.449630263000017, -1.829029374999948 ] ] ], [ [ [ 130.448124479000057, -1.828318559999957 ], [ 130.448043125000027, -1.828654010999969 ], [ 130.447784445000025, -1.828414650999946 ], [ 130.448124479000057, -1.828318559999957 ] ] ], [ [ [ 130.44719649700005, -1.828498882999952 ], [ 130.447089712000093, -1.82827675599998 ], [ 130.447318249000091, -1.828383836999933 ], [ 130.44719649700005, -1.828498882999952 ] ] ], [ [ [ 130.461783772000103, -1.426554771999974 ], [ 130.456333053000094, -1.427268247999962 ], [ 130.457141924000098, -1.422802168999965 ], [ 130.461783772000103, -1.426554771999974 ] ] ], [ [ [ 130.453798454000093, -0.50982967799996 ], [ 130.458446334000087, -0.519855139999947 ], [ 130.448024295000096, -0.512811934999945 ], [ 130.453798454000093, -0.50982967799996 ] ] ], [ [ [ 130.460110077000081, -0.453824932999964 ], [ 130.461528236000049, -0.454424556999925 ], [ 130.460014898000054, -0.45449118199997 ], [ 130.460110077000081, -0.453824932999964 ] ] ], [ [ [ 130.452737713000033, -0.449071562999961 ], [ 130.454013105000058, -0.451717522999957 ], [ 130.451148233000026, -0.451365362999979 ], [ 130.452737713000033, -0.449071562999961 ] ] ], [ [ [ 130.457934456000089, -0.450061417999962 ], [ 130.457058815000096, -0.450680077999948 ], [ 130.457334832000015, -0.449947203999955 ], [ 130.457934456000089, -0.450061417999962 ] ] ], [ [ [ 130.454831639000076, -0.44863374199997 ], [ 130.45518379900011, -0.448424348999936 ], [ 130.455174281000041, -0.448652777999939 ], [ 130.454831639000076, -0.44863374199997 ] ] ], [ [ [ 130.459605597000063, -0.441097217999925 ], [ 130.459544943000083, -0.441315089999932 ], [ 130.459536987000092, -0.441102548999936 ], [ 130.459605597000063, -0.441097217999925 ] ] ], [ [ [ 130.460328729000025, -0.44120866399993 ], [ 130.46001466700011, -0.44113167699993 ], [ 130.460297032000085, -0.441065199999969 ], [ 130.460328729000025, -0.44120866399993 ] ] ], [ [ [ 130.459537354000076, -0.438120304999927 ], [ 130.455267046000017, -0.441552380999951 ], [ 130.454390844000045, -0.441409091999958 ], [ 130.459537354000076, -0.438120304999927 ] ] ], [ [ [ 130.455435453000064, -0.431028796999954 ], [ 130.448566742000025, -0.441036809999957 ], [ 130.452143865000039, -0.438823910999929 ], [ 130.453959953000094, -0.444198850999953 ], [ 130.437341786000047, -0.44515591499993 ], [ 130.440853322000066, -0.436353237999924 ], [ 130.448158268000043, -0.439613098999928 ], [ 130.455435453000064, -0.431028796999954 ] ] ], [ [ [ 130.453867691000028, -0.438207765999948 ], [ 130.453466523000088, -0.438061722999976 ], [ 130.453838638000093, -0.438074936999953 ], [ 130.453867691000028, -0.438207765999948 ] ] ], [ [ [ 130.464532137000106, -0.437966568999968 ], [ 130.461835603000054, -0.441038332999938 ], [ 130.459048720000055, -0.440919325999971 ], [ 130.457016776000046, -0.441631743999949 ], [ 130.464532137000106, -0.437966568999968 ] ] ], [ [ [ 130.447500877000039, -0.437783974999945 ], [ 130.447954857000013, -0.438081446999945 ], [ 130.44741121200002, -0.43813999799994 ], [ 130.447500877000039, -0.437783974999945 ] ] ], [ [ [ 130.447393642000065, -0.437301769999976 ], [ 130.446492620000072, -0.43694643799995 ], [ 130.447266738000053, -0.436616485999934 ], [ 130.447393642000065, -0.437301769999976 ] ] ], [ [ [ 130.448675379000065, -0.435474343999942 ], [ 130.447457095000118, -0.436502270999938 ], [ 130.448066237000035, -0.435004796999976 ], [ 130.448675379000065, -0.435474343999942 ] ] ], [ [ [ 130.447469785000067, -0.434216719999938 ], [ 130.448224867000022, -0.433512398999937 ], [ 130.44812334400001, -0.434508599999958 ], [ 130.447469785000067, -0.434216719999938 ] ] ], [ [ [ 130.448056520000023, -0.43280675699998 ], [ 130.447917719000088, -0.432521221999934 ], [ 130.448119973000075, -0.432620365999981 ], [ 130.448056520000023, -0.43280675699998 ] ] ], [ [ [ 130.450508158000048, -0.432295172999943 ], [ 130.45120772000007, -0.432737752999969 ], [ 130.450565266000012, -0.432999492999954 ], [ 130.450508158000048, -0.432295172999943 ] ] ], [ [ [ 130.458616062000033, -0.082159265999962 ], [ 130.45877310700007, -0.082321068999931 ], [ 130.45852564300003, -0.082363898999972 ], [ 130.458616062000033, -0.082159265999962 ] ] ], [ [ [ 130.458573232000049, -0.081355007999946 ], [ 130.45840191100001, -0.081207480999979 ], [ 130.458663651000052, -0.081297900999971 ], [ 130.458573232000049, -0.081355007999946 ] ] ], [ [ [ 130.465604004000056, -2.223417908999977 ], [ 130.485139005000065, -2.219937695999931 ], [ 130.485204716000112, -2.224472528999968 ], [ 130.465604004000056, -2.223417908999977 ] ] ], [ [ [ 130.484983942000099, -2.219686379999928 ], [ 130.48481619000006, -2.219572164999931 ], [ 130.484937542000011, -2.219497211999965 ], [ 130.484983942000099, -2.219686379999928 ] ] ], [ [ [ 130.472371175000035, -2.168044896999959 ], [ 130.472412769000016, -2.168225997999969 ], [ 130.472234510000021, -2.16819037199997 ], [ 130.472371175000035, -2.168044896999959 ] ] ], [ [ [ 130.472605957000042, -2.167691666999929 ], [ 130.472493060000033, -2.167715417999943 ], [ 130.472558421000031, -2.167599631999963 ], [ 130.472605957000042, -2.167691666999929 ] ] ], [ [ [ 130.471536385000036, -2.167379923999931 ], [ 130.471072910000089, -2.167062254999962 ], [ 130.471883992000016, -2.166836620999959 ], [ 130.471536385000036, -2.167379923999931 ] ] ], [ [ [ 130.474551954000049, -2.166747630999964 ], [ 130.474100362000058, -2.166548716999955 ], [ 130.474700503, -2.166566529999955 ], [ 130.474551954000049, -2.166747630999964 ] ] ], [ [ [ 130.474840173000075, -2.166290260999972 ], [ 130.475137273000087, -2.166397140999948 ], [ 130.474855028000093, -2.166483237999955 ], [ 130.474840173000075, -2.166290260999972 ] ] ], [ [ [ 130.483793757000058, -2.16534870299995 ], [ 130.483798511000032, -2.164959186999965 ], [ 130.484240595000074, -2.164925934999928 ], [ 130.483793757000058, -2.16534870299995 ] ] ], [ [ [ 130.484212073000094, -2.163533013999938 ], [ 130.484459260000108, -2.163623267999981 ], [ 130.484226334000027, -2.163865528999963 ], [ 130.484212073000094, -2.163533013999938 ] ] ], [ [ [ 130.473462189000088, -2.16325961299998 ], [ 130.473622623000097, -2.163444870999967 ], [ 130.473437233000027, -2.163434182999936 ], [ 130.473462189000088, -2.16325961299998 ] ] ], [ [ [ 130.468082783000114, -2.160506719999944 ], [ 130.466414272000065, -2.162551685999972 ], [ 130.465223496000021, -2.161988785999938 ], [ 130.468082783000114, -2.160506719999944 ] ] ], [ [ [ 130.480671200000074, -2.161599871999954 ], [ 130.480984937000017, -2.16121510499994 ], [ 130.481077632000051, -2.161713876999954 ], [ 130.480671200000074, -2.161599871999954 ] ] ], [ [ [ 130.481484064000028, -2.161403925999934 ], [ 130.481287979000058, -2.16132910999994 ], [ 130.481448412000077, -2.161243605999971 ], [ 130.481484064000028, -2.161403925999934 ] ] ], [ [ [ 130.48164806300008, -2.161190165999926 ], [ 130.481541108000101, -2.161254293999946 ], [ 130.481526847000055, -2.161190165999926 ], [ 130.48164806300008, -2.161190165999926 ] ] ], [ [ [ 130.480172072000073, -2.160516822999966 ], [ 130.480778156000042, -2.160930091999944 ], [ 130.480286159000116, -2.160965717999943 ], [ 130.480172072000073, -2.160516822999966 ] ] ], [ [ [ 130.48123806600006, -2.160213996999971 ], [ 130.481205979000038, -2.160456257999954 ], [ 130.48109902300007, -2.160281687999941 ], [ 130.48123806600006, -2.160213996999971 ] ] ], [ [ [ 130.479749115000118, -2.160297377999939 ], [ 130.479877606000059, -2.160310226999968 ], [ 130.479853336000019, -2.160364478999952 ], [ 130.479749115000118, -2.160297377999939 ] ] ], [ [ [ 130.480751417000079, -2.159814384999947 ], [ 130.480913039000029, -2.160161150999954 ], [ 130.480651591000083, -2.160108897999976 ], [ 130.480751417000079, -2.159814384999947 ] ] ], [ [ [ 130.478522110000085, -2.146174171999974 ], [ 130.479050109000013, -2.145846301999939 ], [ 130.479253261000053, -2.146290816999965 ], [ 130.478522110000085, -2.146174171999974 ] ] ], [ [ [ 130.456542826000032, -2.144377130999942 ], [ 130.477135120000071, -2.145716623999931 ], [ 130.457464745000038, -2.147027695999952 ], [ 130.456542826000032, -2.144377130999942 ] ] ], [ [ [ 130.484765134000099, -2.143932528999926 ], [ 130.483060970000111, -2.145357607999927 ], [ 130.480108988000097, -2.145728127999973 ], [ 130.484765134000099, -2.143932528999926 ] ] ], [ [ [ 130.47606192, -2.143563880999977 ], [ 130.476975633000052, -2.142945220999934 ], [ 130.477261168000041, -2.143173648999948 ], [ 130.47606192, -2.143563880999977 ] ] ], [ [ [ 130.477984524000021, -2.143030880999959 ], [ 130.478013078000117, -2.143392558999949 ], [ 130.477813203000096, -2.143145094999966 ], [ 130.477984524000021, -2.143030880999959 ] ] ], [ [ [ 130.47851752400004, -2.143278344999942 ], [ 130.478222470000105, -2.143097505999947 ], [ 130.478498488000014, -2.142897631999972 ], [ 130.47851752400004, -2.143278344999942 ] ] ], [ [ [ 130.47917901400001, -2.142916666999952 ], [ 130.47925039800009, -2.143149853999944 ], [ 130.478998175000015, -2.143087987999934 ], [ 130.47917901400001, -2.142916666999952 ] ] ], [ [ [ 130.484525980000058, -2.135379644999944 ], [ 130.484744890000115, -2.136188661999938 ], [ 130.4844403190001, -2.136293357999932 ], [ 130.484525980000058, -2.135379644999944 ] ] ], [ [ [ 130.450215618000016, -2.124370751999948 ], [ 130.479947897000102, -2.134018592999951 ], [ 130.495659982, -2.132937151999954 ], [ 130.493169098000067, -2.13590133699995 ], [ 130.484744890000115, -2.134532556999943 ], [ 130.483612267000012, -2.135969751999937 ], [ 130.485039943000061, -2.136950088999924 ], [ 130.487769015000026, -2.136984403999975 ], [ 130.490126797000016, -2.138466492999953 ], [ 130.500489634000019, -2.139435550999963 ], [ 130.477701220000085, -2.139720802999932 ], [ 130.463592233000099, -2.135552982999968 ], [ 130.450215618000016, -2.124370751999948 ] ] ], [ [ [ 130.474322916000119, -2.127473343999952 ], [ 130.474836038000035, -2.128233465999926 ], [ 130.47401496800012, -2.128651365999929 ], [ 130.474322916000119, -2.127473343999952 ] ] ], [ [ [ 130.479554953000047, -2.010145279999961 ], [ 130.480051778000075, -2.009985497999935 ], [ 130.480059057000062, -2.010072398999966 ], [ 130.479554953000047, -2.010145279999961 ] ] ], [ [ [ 130.483918306000078, -2.007337512999925 ], [ 130.483893457000022, -2.007093306999934 ], [ 130.484117105000109, -2.007097445999932 ], [ 130.483918306000078, -2.007337512999925 ] ] ], [ [ [ 130.4847300670001, -2.006733205999979 ], [ 130.484353178000106, -2.007022941999935 ], [ 130.484274487000107, -2.006791152999938 ], [ 130.4847300670001, -2.006733205999979 ] ] ], [ [ [ 130.48154076000003, -2.006330127999945 ], [ 130.481972350000092, -2.006533790999924 ], [ 130.481552970000052, -2.006866915999979 ], [ 130.48154076000003, -2.006330127999945 ] ] ], [ [ [ 130.478470616000095, -2.00474829999996 ], [ 130.478788037000072, -2.00501866899998 ], [ 130.478406133000021, -2.005090052999947 ], [ 130.478470616000095, -2.00474829999996 ] ] ], [ [ [ 130.476558866000119, -2.003271538999968 ], [ 130.475837683, -2.002538450999964 ], [ 130.476636423000059, -2.002361281999924 ], [ 130.476558866000119, -2.003271538999968 ] ] ], [ [ [ 130.477430641000069, -1.978363291999926 ], [ 130.477959869000074, -1.986235227999941 ], [ 130.471978994000096, -1.986213761999977 ], [ 130.471762946000013, -1.980392519999953 ], [ 130.477430641000069, -1.978363291999926 ] ] ], [ [ [ 130.481334498000024, -1.97901268499993 ], [ 130.484610050000015, -1.979093794999926 ], [ 130.48719716100004, -1.987133453999945 ], [ 130.479475670000056, -1.988377973999945 ], [ 130.481334498000024, -1.97901268499993 ] ] ], [ [ [ 130.470767954000053, -1.979288089999955 ], [ 130.467679568000108, -1.980783111999926 ], [ 130.470305186000019, -1.97833247899996 ], [ 130.470767954000053, -1.979288089999955 ] ] ], [ [ [ 130.480476224000085, -1.978159631999972 ], [ 130.480464545000018, -1.977599064999936 ], [ 130.48061636500006, -1.977593225999954 ], [ 130.480476224000085, -1.978159631999972 ] ] ], [ [ [ 130.46651965600006, -1.976324743999953 ], [ 130.466190976, -1.976555570999949 ], [ 130.466324225000108, -1.976271475999965 ], [ 130.46651965600006, -1.976324743999953 ] ] ], [ [ [ 130.468647187000101, -1.975142064999943 ], [ 130.469798258000083, -1.977026309999928 ], [ 130.469129230000021, -1.977060887999926 ], [ 130.468647187000101, -1.975142064999943 ] ] ], [ [ [ 130.478115128000013, -1.974432554999964 ], [ 130.481092237000098, -1.976986676999957 ], [ 130.476873124, -1.977584563999926 ], [ 130.478115128000013, -1.974432554999964 ] ] ], [ [ [ 130.470590443000106, -1.975380289999976 ], [ 130.472400094000022, -1.974881806999974 ], [ 130.471270408, -1.976424530999964 ], [ 130.470590443000106, -1.975380289999976 ] ] ], [ [ [ 130.466805554000075, -1.97462692199997 ], [ 130.466458722000084, -1.975297706999925 ], [ 130.466298151000046, -1.974825910999925 ], [ 130.466805554000075, -1.97462692199997 ] ] ], [ [ [ 130.470515312000089, -1.974214564999954 ], [ 130.470254546000092, -1.974806525999952 ], [ 130.47027317200002, -1.974192226999946 ], [ 130.470515312000089, -1.974214564999954 ] ] ], [ [ [ 130.467611109000018, -1.97444498699997 ], [ 130.468382633000033, -1.974234702999979 ], [ 130.468473228000107, -1.974953916999937 ], [ 130.467611109000018, -1.97444498699997 ] ] ], [ [ [ 130.481535337000082, -1.973984918999975 ], [ 130.482491144000051, -1.973879420999936 ], [ 130.482433032000017, -1.974350327999957 ], [ 130.481535337000082, -1.973984918999975 ] ] ], [ [ [ 130.472309378000091, -1.973741082999936 ], [ 130.47233, -1.974187623999967 ], [ 130.471945060000053, -1.973686123999926 ], [ 130.472309378000091, -1.973741082999936 ] ] ], [ [ [ 130.467579829000101, -1.973458791999974 ], [ 130.467404743000088, -1.973570481999957 ], [ 130.467475522000086, -1.973402945999965 ], [ 130.467579829000101, -1.973458791999974 ] ] ], [ [ [ 130.481544584000062, -1.973588280999934 ], [ 130.481386113000099, -1.97326566199996 ], [ 130.481679578000012, -1.973570683999981 ], [ 130.481544584000062, -1.973588280999934 ] ] ], [ [ [ 130.480470504000095, -1.973517891999961 ], [ 130.480341380000027, -1.973160076999932 ], [ 130.480681799000081, -1.973465098999952 ], [ 130.480470504000095, -1.973517891999961 ] ] ], [ [ [ 130.473636049000106, -1.97314683999997 ], [ 130.473312974, -1.973507506999965 ], [ 130.473220176000041, -1.973133099999927 ], [ 130.473636049000106, -1.97314683999997 ] ] ], [ [ [ 130.469257306000031, -1.971740190999981 ], [ 130.472914775000049, -1.973338417999969 ], [ 130.468869521000101, -1.974248970999952 ], [ 130.469257306000031, -1.971740190999981 ] ] ], [ [ [ 130.467784717000086, -1.972952460999977 ], [ 130.467348864000087, -1.972985967999932 ], [ 130.4675239500001, -1.972676956999976 ], [ 130.467784717000086, -1.972952460999977 ] ] ], [ [ [ 130.478612451000117, -1.972784855999976 ], [ 130.479914491000045, -1.972335272999942 ], [ 130.479774532000079, -1.973291237999945 ], [ 130.478612451000117, -1.972784855999976 ] ] ], [ [ [ 130.480668863000119, -1.973001758999942 ], [ 130.481359557000019, -1.971183906999954 ], [ 130.481138459000022, -1.973284546999935 ], [ 130.480668863000119, -1.973001758999942 ] ] ], [ [ [ 130.479425771000024, -1.971435528999962 ], [ 130.479173392, -1.971629100999962 ], [ 130.479273170000056, -1.971429662999981 ], [ 130.479425771000024, -1.971435528999962 ] ] ], [ [ [ 130.468294263000075, -1.972207278999974 ], [ 130.469095458000083, -1.970449201999941 ], [ 130.468544106000081, -1.97231435499998 ], [ 130.468294263000075, -1.972207278999974 ] ] ], [ [ [ 130.473163507000095, -1.970796478999944 ], [ 130.473573361000035, -1.971207929999935 ], [ 130.4729860220001, -1.971937041999979 ], [ 130.473163507000095, -1.970796478999944 ] ] ], [ [ [ 130.482265810000058, -1.97085689599993 ], [ 130.483016803000055, -1.970903426999939 ], [ 130.482114306000085, -1.972025280999958 ], [ 130.482265810000058, -1.97085689599993 ] ] ], [ [ [ 130.483052991000022, -1.970526326999959 ], [ 130.483047122000016, -1.970262365999929 ], [ 130.48318211600008, -1.970538058999978 ], [ 130.483052991000022, -1.970526326999959 ] ] ], [ [ [ 130.484818951000079, -1.969615915999952 ], [ 130.485175391000098, -1.969536753999932 ], [ 130.484909475000109, -1.969723349999924 ], [ 130.484818951000079, -1.969615915999952 ] ] ], [ [ [ 130.468405099000051, -1.968830576999949 ], [ 130.468587734000039, -1.969494312999927 ], [ 130.468421702000114, -1.969656098999963 ], [ 130.468405099000051, -1.968830576999949 ] ] ], [ [ [ 130.473562299000037, -1.968982989999972 ], [ 130.474110400000086, -1.969440406999979 ], [ 130.473813562000032, -1.969560127999955 ], [ 130.473562299000037, -1.968982989999972 ] ] ], [ [ [ 130.474892337000028, -1.972017328999925 ], [ 130.474368321000043, -1.969781677999947 ], [ 130.475424697000108, -1.969160687999931 ], [ 130.477013958000043, -1.965253742999948 ], [ 130.474892337000028, -1.972017328999925 ] ] ], [ [ [ 130.479811012000027, -1.968471858999976 ], [ 130.480383366000069, -1.96909867599993 ], [ 130.479635450000046, -1.968846615999951 ], [ 130.479811012000027, -1.968471858999976 ] ] ], [ [ [ 130.46862924200002, -1.968378405999943 ], [ 130.469202053000117, -1.96861901099993 ], [ 130.469056775000013, -1.968818131999967 ], [ 130.46862924200002, -1.968378405999943 ] ] ], [ [ [ 130.472454458000016, -1.968000747999952 ], [ 130.472284011000056, -1.968901151999944 ], [ 130.471569756, -1.968438781999964 ], [ 130.472454458000016, -1.968000747999952 ] ] ], [ [ [ 130.466166946000044, -1.967987899999969 ], [ 130.466648786000064, -1.968142564999937 ], [ 130.466574428000058, -1.968288306999966 ], [ 130.466166946000044, -1.967987899999969 ] ] ], [ [ [ 130.483150189000071, -1.968531632999941 ], [ 130.483268660000022, -1.966703804999952 ], [ 130.483990354000071, -1.967999472999963 ], [ 130.483150189000071, -1.968531632999941 ] ] ], [ [ [ 130.471551789000046, -1.967307333999941 ], [ 130.472929431000011, -1.96714947199996 ], [ 130.472186612000087, -1.967919629999926 ], [ 130.471551789000046, -1.967307333999941 ] ] ], [ [ [ 130.473801306000041, -1.967284277999966 ], [ 130.474269455000012, -1.96667784899995 ], [ 130.474156317000052, -1.967459034999933 ], [ 130.473801306000041, -1.967284277999966 ] ] ], [ [ [ 130.466264979000016, -1.966732376999971 ], [ 130.46633921900002, -1.966636722999965 ], [ 130.466312093000056, -1.966743797999925 ], [ 130.466264979000016, -1.966732376999971 ] ] ], [ [ [ 130.469709600000101, -1.968980340999963 ], [ 130.470522005000021, -1.965717284999926 ], [ 130.471285833000024, -1.964253952999968 ], [ 130.469709600000101, -1.968980340999963 ] ] ], [ [ [ 130.480535162000024, -1.968089032999956 ], [ 130.480751859000065, -1.965855407999925 ], [ 130.481483190000063, -1.96448412999996 ], [ 130.481974210000089, -1.966955048999978 ], [ 130.480535162000024, -1.968089032999956 ] ] ], [ [ [ 130.466500070000052, -1.966560222999931 ], [ 130.466461324000079, -1.965430117999972 ], [ 130.466752888000087, -1.966521556999965 ], [ 130.466327559000092, -1.967104524999968 ], [ 130.466500070000052, -1.966560222999931 ] ] ], [ [ [ 130.481887250000113, -1.96623074699994 ], [ 130.482208977000028, -1.966043806999949 ], [ 130.482036891, -1.966462552999928 ], [ 130.481887250000113, -1.96623074699994 ] ] ], [ [ [ 130.475081286000091, -1.968586881999954 ], [ 130.475255298000093, -1.964639897999973 ], [ 130.476140616000066, -1.963654073999976 ], [ 130.475081286000091, -1.968586881999954 ] ] ], [ [ [ 130.470044630000075, -1.965673758999969 ], [ 130.468181715000014, -1.967346084999974 ], [ 130.469292254000038, -1.964485600999978 ], [ 130.470044630000075, -1.965673758999969 ] ] ], [ [ [ 130.474516059000052, -1.966167490999965 ], [ 130.474280679000117, -1.96576190299993 ], [ 130.474597224000036, -1.965859243999944 ], [ 130.474516059000052, -1.966167490999965 ] ] ], [ [ [ 130.477936992000082, -1.965668646999973 ], [ 130.478000234000092, -1.966019163999931 ], [ 130.477792001000012, -1.965965793999942 ], [ 130.477936992000082, -1.965668646999973 ] ] ], [ [ [ 130.484155540000074, -1.966603279999958 ], [ 130.484739469000033, -1.964612488999933 ], [ 130.486011699000073, -1.966207170999951 ], [ 130.484155540000074, -1.966603279999958 ] ] ], [ [ [ 130.482583078000062, -1.965991462999966 ], [ 130.482455884000046, -1.96519135799997 ], [ 130.482777611000074, -1.965243700999963 ], [ 130.482583078000062, -1.965991462999966 ] ] ], [ [ [ 130.467127934000018, -1.96512538099995 ], [ 130.466787674000102, -1.965148050999971 ], [ 130.466908655000111, -1.964883559999976 ], [ 130.467127934000018, -1.96512538099995 ] ] ], [ [ [ 130.472154146000094, -1.96529953299995 ], [ 130.471829485000058, -1.964869608999948 ], [ 130.472389526000029, -1.964893943999925 ], [ 130.472154146000094, -1.96529953299995 ] ] ], [ [ [ 130.466696938000041, -1.964981799999975 ], [ 130.466885971000011, -1.964755092999951 ], [ 130.46674986700009, -1.965019583999947 ], [ 130.466696938000041, -1.964981799999975 ] ] ], [ [ [ 130.471810954000034, -1.964794152999957 ], [ 130.47187185100006, -1.964710869999976 ], [ 130.47191672200006, -1.964781340999934 ], [ 130.471810954000034, -1.964794152999957 ] ] ], [ [ [ 130.473864172000049, -1.966376847999925 ], [ 130.474691378000102, -1.963128080999979 ], [ 130.47515342500003, -1.963262144999931 ], [ 130.473864172000049, -1.966376847999925 ] ] ], [ [ [ 130.478440565000028, -1.964542596999934 ], [ 130.479013524000038, -1.96421098899998 ], [ 130.478460160000054, -1.964799667999955 ], [ 130.478440565000028, -1.964542596999934 ] ] ], [ [ [ 130.469696591000115, -1.963907761999963 ], [ 130.470299308000108, -1.964143987999933 ], [ 130.469888503000107, -1.964344991999951 ], [ 130.469696591000115, -1.963907761999963 ] ] ], [ [ [ 130.466997014000071, -1.963832679999939 ], [ 130.467796424000085, -1.963629793999928 ], [ 130.467614186000105, -1.964231909999967 ], [ 130.466997014000071, -1.963832679999939 ] ] ], [ [ [ 130.481842358000108, -1.963815475999979 ], [ 130.48160293300009, -1.963419160999933 ], [ 130.481894732000114, -1.963516369999979 ], [ 130.481842358000108, -1.963815475999979 ] ] ], [ [ [ 130.472627664000015, -1.96331156499997 ], [ 130.473282822000101, -1.964150980999932 ], [ 130.472568473000024, -1.964549966999925 ], [ 130.472627664000015, -1.96331156499997 ] ] ], [ [ [ 130.471472357000039, -1.963523054999939 ], [ 130.471659038000098, -1.963182360999951 ], [ 130.471732086000088, -1.96344193799996 ], [ 130.471472357000039, -1.963523054999939 ] ] ], [ [ [ 130.484861565000074, -1.963443831999939 ], [ 130.485175061000064, -1.963252565999937 ], [ 130.485180529000104, -1.963343644999952 ], [ 130.484861565000074, -1.963443831999939 ] ] ], [ [ [ 130.473558547000039, -1.963542928999971 ], [ 130.473863030000075, -1.96317455999997 ], [ 130.473981618000039, -1.962793378999947 ], [ 130.473952772000075, -1.963267452999958 ], [ 130.473558547000039, -1.963542928999971 ] ] ], [ [ [ 130.47345757700009, -1.963220258999968 ], [ 130.473496038, -1.963101740999946 ], [ 130.473524884000085, -1.963188226999932 ], [ 130.47345757700009, -1.963220258999968 ] ] ], [ [ [ 130.47344488400006, -1.963102226999979 ], [ 130.473348731000101, -1.963022146999947 ], [ 130.473416038000096, -1.963015740999936 ], [ 130.47344488400006, -1.963102226999979 ] ] ], [ [ [ 130.47364187900007, -1.962867052999968 ], [ 130.473738031000039, -1.962947132999943 ], [ 130.473670725000034, -1.962979164999979 ], [ 130.47364187900007, -1.962867052999968 ] ] ], [ [ [ 130.47362264800006, -1.962585170999944 ], [ 130.473734826000054, -1.962623608999934 ], [ 130.473680340000101, -1.962658844999964 ], [ 130.47362264800006, -1.962585170999944 ] ] ], [ [ [ 130.483888144000048, -1.961729484999978 ], [ 130.483387660000062, -1.964837040999953 ], [ 130.482940774000099, -1.965129735999938 ], [ 130.483104052000044, -1.959920183999941 ], [ 130.483888144000048, -1.961729484999978 ] ] ], [ [ [ 130.473908485000038, -1.962524403999964 ], [ 130.473918101000095, -1.962418697999965 ], [ 130.473962972000095, -1.96248916899998 ], [ 130.473908485000038, -1.962524403999964 ] ] ], [ [ [ 130.469495914000049, -1.962010183999951 ], [ 130.470458371000063, -1.962419023999928 ], [ 130.46982325700003, -1.962997793999932 ], [ 130.469495914000049, -1.962010183999951 ] ] ], [ [ [ 130.473584187000029, -1.962181566999959 ], [ 130.47346239400008, -1.962389774999963 ], [ 130.473532906000059, -1.962123908999956 ], [ 130.473584187000029, -1.962181566999959 ] ] ], [ [ [ 130.477285152000036, -1.963386632999971 ], [ 130.478585671000019, -1.959912752999969 ], [ 130.477837257000033, -1.964406445999941 ], [ 130.477285152000036, -1.963386632999971 ] ] ], [ [ [ 130.475265834000083, -1.962495370999932 ], [ 130.475273951000077, -1.961635522999927 ], [ 130.475663545000089, -1.961594963999971 ], [ 130.475265834000083, -1.962495370999932 ] ] ], [ [ [ 130.472281403000011, -1.962596124999948 ], [ 130.472452133000047, -1.960842258999946 ], [ 130.473362277000092, -1.960711388999925 ], [ 130.472281403000011, -1.962596124999948 ] ] ], [ [ [ 130.481058652000115, -1.960985047999941 ], [ 130.480802913000048, -1.961376525999981 ], [ 130.480812043000014, -1.960980508999967 ], [ 130.481058652000115, -1.960985047999941 ] ] ], [ [ [ 130.48400355800004, -1.961069350999935 ], [ 130.483852425, -1.960969553999973 ], [ 130.48399276300006, -1.960937186999956 ], [ 130.48400355800004, -1.961069350999935 ] ] ], [ [ [ 130.474103996000053, -1.962691977999953 ], [ 130.473880183000119, -1.961261126999943 ], [ 130.474691227000108, -1.961032603999968 ], [ 130.475828874000058, -1.959348356999953 ], [ 130.474103996000053, -1.962691977999953 ] ] ], [ [ [ 130.474286498000083, -1.961005953999972 ], [ 130.474347395000109, -1.960922670999935 ], [ 130.474392266000109, -1.96099314199995 ], [ 130.474286498000083, -1.961005953999972 ] ] ], [ [ [ 130.484879344000092, -1.960937913999942 ], [ 130.484812719000047, -1.960875095999938 ], [ 130.484856501000081, -1.960863673999938 ], [ 130.484879344000092, -1.960937913999942 ] ] ], [ [ [ 130.485127036000108, -1.960618903999944 ], [ 130.485057776000076, -1.960937681999951 ], [ 130.484941126000081, -1.960600688999932 ], [ 130.485127036000108, -1.960618903999944 ] ] ], [ [ [ 130.476740678000056, -1.960671115999958 ], [ 130.476846193000029, -1.960030284999959 ], [ 130.476992290000112, -1.960078955999961 ], [ 130.476740678000056, -1.960671115999958 ] ] ], [ [ [ 130.473497321000082, -1.960371031999955 ], [ 130.473558218000107, -1.960287748999974 ], [ 130.473603089000108, -1.960358218999943 ], [ 130.473497321000082, -1.960371031999955 ] ] ], [ [ [ 130.479735586000061, -1.959537971999964 ], [ 130.480706941000108, -1.960500749999937 ], [ 130.480059225000105, -1.961277554999924 ], [ 130.479735586000061, -1.959537971999964 ] ] ], [ [ [ 130.473811733000048, -1.959474801999932 ], [ 130.474163137000119, -1.960256581999943 ], [ 130.47365224300006, -1.960188029999927 ], [ 130.473811733000048, -1.959474801999932 ] ] ], [ [ [ 130.478750482, -1.959767193999937 ], [ 130.479569380000044, -1.959419870999966 ], [ 130.479145453000115, -1.960583867999958 ], [ 130.478750482, -1.959767193999937 ] ] ], [ [ [ 130.477490158000023, -1.958862505999946 ], [ 130.477675626000064, -1.959578357999931 ], [ 130.477223970000068, -1.95977841499996 ], [ 130.477490158000023, -1.958862505999946 ] ] ], [ [ [ 130.480061970000065, -1.958131987999934 ], [ 130.48057260600001, -1.958412749999979 ], [ 130.480208418000075, -1.958841 ], [ 130.480061970000065, -1.958131987999934 ] ] ], [ [ [ 130.478871415000071, -1.957812879999949 ], [ 130.479032989000075, -1.958199208999929 ], [ 130.478862285000105, -1.958208897999953 ], [ 130.478871415000071, -1.957812879999949 ] ] ], [ [ [ 130.471586172000116, -1.957220897999946 ], [ 130.472191656000064, -1.95742105599993 ], [ 130.471699997000087, -1.958083754999961 ], [ 130.471586172000116, -1.957220897999946 ] ] ], [ [ [ 130.481376177000016, -1.956638550999969 ], [ 130.48222105800005, -1.956152884999938 ], [ 130.481895206000104, -1.957625028999928 ], [ 130.481376177000016, -1.956638550999969 ] ] ], [ [ [ 130.474156951000055, -1.95596581999996 ], [ 130.47404632100006, -1.956580784999971 ], [ 130.473888803000023, -1.956534341999941 ], [ 130.474156951000055, -1.95596581999996 ] ] ], [ [ [ 130.478338763000011, -1.955061088999969 ], [ 130.478373638000107, -1.955424676999939 ], [ 130.478139591000058, -1.955317934999925 ], [ 130.478338763000011, -1.955061088999969 ] ] ], [ [ [ 130.477375750000078, -1.954974156999924 ], [ 130.477410625000061, -1.955337744999952 ], [ 130.477176578000012, -1.955231003999927 ], [ 130.477375750000078, -1.954974156999924 ] ] ], [ [ [ 130.474558003000084, -1.955124464999926 ], [ 130.474195795000014, -1.954614266999954 ], [ 130.474901619000093, -1.954384779999941 ], [ 130.474558003000084, -1.955124464999926 ] ] ], [ [ [ 130.469136200000094, -1.954173320999928 ], [ 130.469082357000048, -1.954906037999933 ], [ 130.468809999000086, -1.954885730999933 ], [ 130.469136200000094, -1.954173320999928 ] ] ], [ [ [ 130.478079702000059, -1.954536666999957 ], [ 130.478666650000036, -1.954221821999965 ], [ 130.478586859000075, -1.955041052999945 ], [ 130.478079702000059, -1.954536666999957 ] ] ], [ [ [ 130.469607351000036, -1.95411848599997 ], [ 130.469260085000087, -1.953846462999934 ], [ 130.469410254000081, -1.95372452099997 ], [ 130.469607351000036, -1.95411848599997 ] ] ], [ [ [ 130.472573192000027, -1.95397778399996 ], [ 130.472488722000094, -1.953621339999927 ], [ 130.472751518000109, -1.953658859999962 ], [ 130.472573192000027, -1.95397778399996 ] ] ], [ [ [ 130.479476277000117, -1.953330535999953 ], [ 130.479999285000076, -1.95355417899998 ], [ 130.479476869000109, -1.954007160999936 ], [ 130.479476277000117, -1.953330535999953 ] ] ], [ [ [ 130.481858581000097, -1.952780729999972 ], [ 130.48189345600008, -1.953144317999943 ], [ 130.481659409000031, -1.953037575999929 ], [ 130.481858581000097, -1.952780729999972 ] ] ], [ [ [ 130.476365582000085, -1.955258536999963 ], [ 130.476145055000075, -1.951682645999938 ], [ 130.477536902000111, -1.95003191099994 ], [ 130.476365582000085, -1.955258536999963 ] ] ], [ [ [ 130.478307363000113, -1.952741117999949 ], [ 130.478652910000051, -1.952784243999929 ], [ 130.478389605000075, -1.952945177999936 ], [ 130.478307363000113, -1.952741117999949 ] ] ], [ [ [ 130.474506940000083, -1.952428075999933 ], [ 130.474989231000109, -1.951161857999978 ], [ 130.474873095000021, -1.953273559999957 ], [ 130.474506940000083, -1.952428075999933 ] ] ], [ [ [ 130.480025750000095, -1.951607156999955 ], [ 130.480060625000078, -1.951970745999972 ], [ 130.479826578000029, -1.951864003999958 ], [ 130.480025750000095, -1.951607156999955 ] ] ], [ [ [ 130.46973068300008, -1.951349178999976 ], [ 130.469806517000052, -1.951800132999949 ], [ 130.469504715000085, -1.951770892999946 ], [ 130.46973068300008, -1.951349178999976 ] ] ], [ [ [ 130.471242096000083, -1.906529943999942 ], [ 130.471245510000017, -1.906875763999949 ], [ 130.471117019000076, -1.906640196999945 ], [ 130.471242096000083, -1.906529943999942 ] ] ], [ [ [ 130.469129344000066, -1.906354341999929 ], [ 130.469288531000075, -1.906530652999948 ], [ 130.469085555000106, -1.906482161999975 ], [ 130.469129344000066, -1.906354341999929 ] ] ], [ [ [ 130.476805121000098, -1.905206175999979 ], [ 130.476034549000019, -1.905738394999958 ], [ 130.475868059000049, -1.90527603399994 ], [ 130.476805121000098, -1.905206175999979 ] ] ], [ [ [ 130.467139791000022, -1.837920234999956 ], [ 130.465991061000068, -1.838815748999934 ], [ 130.465793320000103, -1.838590010999951 ], [ 130.467139791000022, -1.837920234999956 ] ] ], [ [ [ 130.478304557000115, -1.773570572999972 ], [ 130.479881242000033, -1.76952788899996 ], [ 130.480112893000069, -1.773607425999955 ], [ 130.478304557000115, -1.773570572999972 ] ] ], [ [ [ 130.469073328000036, -1.440790350999976 ], [ 130.474387186000058, -1.44164903099994 ], [ 130.474785816, -1.444165430999931 ], [ 130.469073328000036, -1.440790350999976 ] ] ], [ [ [ 130.467669827, -1.424434785999949 ], [ 130.46644358900005, -1.423743267999953 ], [ 130.467441193000013, -1.422932996999975 ], [ 130.467669827, -1.424434785999949 ] ] ], [ [ [ 130.472688494000067, -1.413544859999945 ], [ 130.470824693000054, -1.413080178999962 ], [ 130.471452789000068, -1.410628501999952 ], [ 130.472688494000067, -1.413544859999945 ] ] ], [ [ [ 130.472670577000031, -0.461864583999954 ], [ 130.472846657000105, -0.462402341999962 ], [ 130.472537327000055, -0.462002592999966 ], [ 130.472670577000031, -0.461864583999954 ] ] ], [ [ [ 130.473691366000025, -0.460086333999925 ], [ 130.473077465000074, -0.460462287999974 ], [ 130.473048912000081, -0.460200547999932 ], [ 130.473691366000025, -0.460086333999925 ] ] ], [ [ [ 130.474653461000116, -0.459297541999945 ], [ 130.474956843000086, -0.45993404799998 ], [ 130.474453190000077, -0.459815074999938 ], [ 130.474653461000116, -0.459297541999945 ] ] ], [ [ [ 130.470776526, -0.459324905999949 ], [ 130.470276839, -0.459715137999979 ], [ 130.470257804000084, -0.45924400399997 ], [ 130.470776526, -0.459324905999949 ] ] ], [ [ [ 130.483282973000087, -0.454248246999953 ], [ 130.479542461000051, -0.458312365999973 ], [ 130.476411090000056, -0.456627707999928 ], [ 130.479513907000069, -0.453962710999974 ], [ 130.483282973000087, -0.454248246999953 ] ] ], [ [ [ 130.484812174000012, -0.455429252999977 ], [ 130.483988880000084, -0.454387048999934 ], [ 130.485559324000064, -0.453930191999973 ], [ 130.484812174000012, -0.455429252999977 ] ] ], [ [ [ 130.476407521000056, -0.454009982999935 ], [ 130.47675016300002, -0.455145778999963 ], [ 130.47629965200008, -0.455152124999927 ], [ 130.476407521000056, -0.454009982999935 ] ] ], [ [ [ 130.469367172000034, -0.452974473999973 ], [ 130.470001694000075, -0.454078543999969 ], [ 130.46938620700007, -0.454237173999957 ], [ 130.469367172000034, -0.452974473999973 ] ] ], [ [ [ 130.478955257000052, -0.452548581999963 ], [ 130.4788254340001, -0.452359747999935 ], [ 130.478982796000082, -0.45238335199997 ], [ 130.478955257000052, -0.452548581999963 ] ] ], [ [ [ 130.468935696000017, -0.451667355999973 ], [ 130.468199649000098, -0.451553141999966 ], [ 130.468859553000016, -0.451470653999934 ], [ 130.468935696000017, -0.451667355999973 ] ] ], [ [ [ 130.47289116200011, -0.451334727999949 ], [ 130.47360113700006, -0.451661361999925 ], [ 130.473007382000105, -0.45183682499993 ], [ 130.47289116200011, -0.451334727999949 ] ] ], [ [ [ 130.480194481000012, -0.451372302999971 ], [ 130.479919098000096, -0.451140194999937 ], [ 130.480229887000064, -0.451183468999943 ], [ 130.480194481000012, -0.451372302999971 ] ] ], [ [ [ 130.474126094000098, -0.450721916999953 ], [ 130.475249199000018, -0.450575976999971 ], [ 130.474265689000049, -0.451159737999944 ], [ 130.474126094000098, -0.450721916999953 ] ] ], [ [ [ 130.473085476000051, -0.449300585999936 ], [ 130.474824069000078, -0.449662263999926 ], [ 130.472964917000013, -0.44984627599996 ], [ 130.473085476000051, -0.449300585999936 ] ] ], [ [ [ 130.477171804000022, -0.449452870999949 ], [ 130.477983993000066, -0.448691443999962 ], [ 130.477292363000061, -0.449687644999926 ], [ 130.477171804000022, -0.449452870999949 ] ] ], [ [ [ 130.471766382000055, -0.446845743999972 ], [ 130.47156016200006, -0.448178241999926 ], [ 130.470687693000059, -0.446798153999964 ], [ 130.471766382000055, -0.446845743999972 ] ] ], [ [ [ 130.474909187000094, -0.439087444999927 ], [ 130.474952811000094, -0.438825703999953 ], [ 130.47506781800007, -0.439008128999944 ], [ 130.474909187000094, -0.439087444999927 ] ] ], [ [ [ 130.481310543000063, -0.062209905999964 ], [ 130.481122768000091, -0.062625522999951 ], [ 130.480994953000049, -0.062187421999965 ], [ 130.481310543000063, -0.062209905999964 ] ] ], [ [ [ 130.482589132000044, -0.056183879999935 ], [ 130.4832816280001, -0.059641903999932 ], [ 130.47719251400008, -0.057725769999934 ], [ 130.482589132000044, -0.056183879999935 ] ] ], [ [ [ 130.467949501000021, -0.051453864999928 ], [ 130.473239870000043, -0.055379513999981 ], [ 130.464615344000094, -0.05314677299998 ], [ 130.467949501000021, -0.051453864999928 ] ] ], [ [ [ 130.503354281000043, -2.230012848999934 ], [ 130.502954557000066, -2.230351651999968 ], [ 130.502838028000042, -2.23021377799995 ], [ 130.503354281000043, -2.230012848999934 ] ] ], [ [ [ 130.501662674000045, -2.229375534999974 ], [ 130.501522881000028, -2.229907938999929 ], [ 130.50115109, -2.229601583999965 ], [ 130.501662674000045, -2.229375534999974 ] ] ], [ [ [ 130.500997912000116, -2.227010201999974 ], [ 130.501128783000013, -2.226920971999959 ], [ 130.501122834000057, -2.227022098999953 ], [ 130.500997912000116, -2.227010201999974 ] ] ], [ [ [ 130.500450636000096, -2.226760358999968 ], [ 130.500301920000084, -2.226688974999945 ], [ 130.500468482000088, -2.226653282999962 ], [ 130.500450636000096, -2.226760358999968 ] ] ], [ [ [ 130.485093872000107, -2.227318765999939 ], [ 130.486027375000049, -2.225639495999928 ], [ 130.486342564000097, -2.227121099999977 ], [ 130.485093872000107, -2.227318765999939 ] ] ], [ [ [ 130.496963116000074, -2.226076945999978 ], [ 130.497499258000062, -2.226076398999965 ], [ 130.497214285000041, -2.226388274999977 ], [ 130.496963116000074, -2.226076945999978 ] ] ], [ [ [ 130.504123894000031, -2.225554306999925 ], [ 130.504326583000079, -2.225578363999944 ], [ 130.504206107000073, -2.225733781999963 ], [ 130.504123894000031, -2.225554306999925 ] ] ], [ [ [ 130.487976907000075, -2.225379437999948 ], [ 130.488170640000021, -2.224581368999964 ], [ 130.488413952000087, -2.225694203999979 ], [ 130.487976907000075, -2.225379437999948 ] ] ], [ [ [ 130.495183699000108, -2.223794121999958 ], [ 130.495142059000045, -2.22531995199995 ], [ 130.494484733000036, -2.224329500999943 ], [ 130.495183699000108, -2.223794121999958 ] ] ], [ [ [ 130.493547820000117, -2.224278937999941 ], [ 130.494330068000068, -2.224112374999947 ], [ 130.493788740000014, -2.224769700999957 ], [ 130.493547820000117, -2.224278937999941 ] ] ], [ [ [ 130.492161784000018, -2.224195655999949 ], [ 130.4926902630001, -2.224178657999971 ], [ 130.49248896000006, -2.224496062999947 ], [ 130.492161784000018, -2.224195655999949 ] ] ], [ [ [ 130.486643159000096, -2.22179536799996 ], [ 130.487154681000106, -2.225955726999928 ], [ 130.485933842, -2.224411145999966 ], [ 130.486643159000096, -2.22179536799996 ] ] ], [ [ [ 130.499320596000075, -2.22344471599996 ], [ 130.49959974300009, -2.223359924999954 ], [ 130.499610891000088, -2.223662486999956 ], [ 130.499320596000075, -2.22344471599996 ] ] ], [ [ [ 130.489304250000032, -2.222779123999942 ], [ 130.489345890000095, -2.222832661999973 ], [ 130.489259635000053, -2.222850507999965 ], [ 130.489304250000032, -2.222779123999942 ] ] ], [ [ [ 130.492066606000094, -2.222324804999971 ], [ 130.49224803900006, -2.222446752999929 ], [ 130.492108246000043, -2.222604391999937 ], [ 130.492066606000094, -2.222324804999971 ] ] ], [ [ [ 130.489807547000055, -2.221487011999955 ], [ 130.489490114000091, -2.222538001999965 ], [ 130.489138174000118, -2.221289790999947 ], [ 130.489807547000055, -2.221487011999955 ] ] ], [ [ [ 130.488799407000101, -2.220836491999933 ], [ 130.488751818000082, -2.220610442999941 ], [ 130.488906483000051, -2.220735364999939 ], [ 130.488799407000101, -2.220836491999933 ] ] ], [ [ [ 130.48588694700004, -2.220662552999954 ], [ 130.486821754000061, -2.220071903999951 ], [ 130.48643422300006, -2.221352596999964 ], [ 130.48588694700004, -2.220662552999954 ] ] ], [ [ [ 130.504401415000075, -2.163055731999975 ], [ 130.504197977000103, -2.163481158999957 ], [ 130.504115823, -2.16332308799997 ], [ 130.504401415000075, -2.163055731999975 ] ] ], [ [ [ 130.503460273000087, -2.163278113999979 ], [ 130.503252744000065, -2.163347597999973 ], [ 130.503572077000058, -2.162670829999968 ], [ 130.503460273000087, -2.163278113999979 ] ] ], [ [ [ 130.485238850000087, -2.16185618999998 ], [ 130.485818788000074, -2.163010490999966 ], [ 130.484497289000046, -2.163148246999981 ], [ 130.485238850000087, -2.16185618999998 ] ] ], [ [ [ 130.485776006000037, -2.161813437999967 ], [ 130.485894846000065, -2.161713683999949 ], [ 130.485804528000017, -2.161841939999931 ], [ 130.485776006000037, -2.161813437999967 ] ] ], [ [ [ 130.502906072000087, -2.161821736999968 ], [ 130.505447693000065, -2.161244602999943 ], [ 130.505371934000095, -2.162239071999977 ], [ 130.502906072000087, -2.161821736999968 ] ] ], [ [ [ 130.487462344000051, -2.160436351999977 ], [ 130.485843745000011, -2.16131751599994 ], [ 130.487217534000024, -2.160046833999957 ], [ 130.487462344000051, -2.160436351999977 ] ] ], [ [ [ 130.487064512000075, -2.158992773999955 ], [ 130.4877904760001, -2.158952515999943 ], [ 130.487131442000077, -2.159385100999941 ], [ 130.487064512000075, -2.158992773999955 ] ] ], [ [ [ 130.486082204000013, -2.158836871999938 ], [ 130.486673304000078, -2.159008804999928 ], [ 130.486215958000116, -2.159162598999956 ], [ 130.486082204000013, -2.158836871999938 ] ] ], [ [ [ 130.486853377000102, -2.158277452999926 ], [ 130.487072287000046, -2.158432117999951 ], [ 130.486984247, -2.158515398999953 ], [ 130.486853377000102, -2.158277452999926 ] ] ], [ [ [ 130.492505430000051, -2.157947817999968 ], [ 130.492162787000098, -2.158096296999929 ], [ 130.491983852000089, -2.15792307199996 ], [ 130.492505430000051, -2.157947817999968 ] ] ], [ [ [ 130.488502153000013, -2.155012288999956 ], [ 130.487605284000097, -2.158444524999936 ], [ 130.485706445000119, -2.157746257999975 ], [ 130.488502153000013, -2.155012288999956 ] ] ], [ [ [ 130.486763433000078, -2.155645451999931 ], [ 130.48696092800003, -2.155669246999935 ], [ 130.486794366000026, -2.155757286999972 ], [ 130.486763433000078, -2.155645451999931 ] ] ], [ [ [ 130.487638315000027, -2.135769876999973 ], [ 130.487409887000013, -2.135589037999978 ], [ 130.487571690000095, -2.135474823999971 ], [ 130.487638315000027, -2.135769876999973 ] ] ], [ [ [ 130.497134586000016, -2.13452098099998 ], [ 130.497277194000048, -2.134972258999937 ], [ 130.496950384000115, -2.134687241999927 ], [ 130.497134586000016, -2.13452098099998 ] ] ], [ [ [ 130.497525446000054, -2.130707193999967 ], [ 130.497367983000117, -2.130481553999971 ], [ 130.497575952000034, -2.130490460999965 ], [ 130.497525446000054, -2.130707193999967 ] ] ], [ [ [ 130.497353210000028, -2.087048053999979 ], [ 130.497450293000043, -2.087085173999981 ], [ 130.497416028000089, -2.087118009999926 ], [ 130.497353210000028, -2.087048053999979 ] ] ], [ [ [ 130.497702311000012, -2.08491117899996 ], [ 130.498240655000018, -2.084811419999937 ], [ 130.498098048000088, -2.085139200999947 ], [ 130.497702311000012, -2.08491117899996 ] ] ], [ [ [ 130.498893086000066, -2.084608337999953 ], [ 130.498475958000085, -2.084857736999936 ], [ 130.498497350000093, -2.084544206999965 ], [ 130.498893086000066, -2.084608337999953 ] ] ], [ [ [ 130.501344637000102, -2.083746432999931 ], [ 130.501793761000044, -2.083032594999963 ], [ 130.502109039000061, -2.083547152999927 ], [ 130.501344637000102, -2.083746432999931 ] ] ], [ [ [ 130.492357569000092, -1.985484226999972 ], [ 130.493669561000047, -1.982127825999953 ], [ 130.493184694000092, -1.986260972999958 ], [ 130.492357569000092, -1.985484226999972 ] ] ], [ [ [ 130.501964862000023, -1.983766815999957 ], [ 130.501970165000102, -1.983588375999943 ], [ 130.50204794800004, -1.983591908999927 ], [ 130.501964862000023, -1.983766815999957 ] ] ], [ [ [ 130.504842143000019, -1.982035422999957 ], [ 130.50485259800007, -1.984144696999977 ], [ 130.504220269000029, -1.984628217999955 ], [ 130.504842143000019, -1.982035422999957 ] ] ], [ [ [ 130.498709253000015, -1.983064922999972 ], [ 130.498908904000018, -1.983316711999976 ], [ 130.498637949000113, -1.98335471799993 ], [ 130.498709253000015, -1.983064922999972 ] ] ], [ [ [ 130.499099048000062, -1.982651607999969 ], [ 130.49894693300007, -1.982452075999959 ], [ 130.499075280000056, -1.98249008199997 ], [ 130.499099048000062, -1.982651607999969 ] ] ], [ [ [ 130.502719496000054, -1.980517609999936 ], [ 130.502479686000015, -1.983773102999976 ], [ 130.499936645000048, -1.982547161999946 ], [ 130.502719496000054, -1.980517609999936 ] ] ], [ [ [ 130.499503103000052, -1.981953246999979 ], [ 130.499246409000079, -1.982157529999938 ], [ 130.49932246700007, -1.981900988999939 ], [ 130.499503103000052, -1.981953246999979 ] ] ], [ [ [ 130.500468083000101, -1.98210052099995 ], [ 130.500373011000079, -1.981796472999974 ], [ 130.500444315000095, -1.981801222999934 ], [ 130.500468083000101, -1.98210052099995 ] ] ], [ [ [ 130.498390762000099, -1.981587438999952 ], [ 130.498338473000103, -1.982162279999955 ], [ 130.498181604000024, -1.981658700999958 ], [ 130.498390762000099, -1.981587438999952 ] ] ], [ [ [ 130.493680638000114, -1.981115397999929 ], [ 130.494346125000106, -1.981440247999956 ], [ 130.493789133000064, -1.981811404999974 ], [ 130.493680638000114, -1.981115397999929 ] ] ], [ [ [ 130.503210009000099, -1.980986452999957 ], [ 130.503345392000028, -1.980896701999939 ], [ 130.503356819000032, -1.980968700999938 ], [ 130.503210009000099, -1.980986452999957 ] ] ], [ [ [ 130.498592961000099, -1.981378980999978 ], [ 130.500196877, -1.980455950999954 ], [ 130.499030047000019, -1.981808207999961 ], [ 130.498592961000099, -1.981378980999978 ] ] ], [ [ [ 130.488615240000058, -1.980789021999954 ], [ 130.487533405000022, -1.981606532999933 ], [ 130.488515460000031, -1.979255003999924 ], [ 130.488615240000058, -1.980789021999954 ] ] ], [ [ [ 130.502781415000072, -1.980480480999972 ], [ 130.502827412000102, -1.980395613999974 ], [ 130.502838027000053, -1.980482248999976 ], [ 130.502781415000072, -1.980480480999972 ] ] ], [ [ [ 130.502632810000023, -1.980448655999965 ], [ 130.502726573000018, -1.980445119999956 ], [ 130.502662885000063, -1.980476944999964 ], [ 130.502632810000023, -1.980448655999965 ] ] ], [ [ [ 130.502981325000064, -1.980349644999933 ], [ 130.502905253000108, -1.980434511999931 ], [ 130.502924714000073, -1.980285994999974 ], [ 130.502981325000064, -1.980349644999933 ] ] ], [ [ [ 130.491451126000015, -1.983196613999951 ], [ 130.492211175000079, -1.978514764999943 ], [ 130.493611535000014, -1.977058020999948 ], [ 130.491451126000015, -1.983196613999951 ] ] ], [ [ [ 130.498323108000022, -1.979776022999943 ], [ 130.498775397000031, -1.979855790999977 ], [ 130.498353514000087, -1.980144474999975 ], [ 130.498323108000022, -1.979776022999943 ] ] ], [ [ [ 130.503285145000063, -1.97972531299996 ], [ 130.503128214000071, -1.979683086999955 ], [ 130.503248930000041, -1.979595619999941 ], [ 130.503285145000063, -1.97972531299996 ] ] ], [ [ [ 130.502283066000018, -1.979402777999951 ], [ 130.50184101800005, -1.978712490999953 ], [ 130.50220570800002, -1.978690401999927 ], [ 130.502283066000018, -1.979402777999951 ] ] ], [ [ [ 130.504351198000109, -1.978491790999954 ], [ 130.505028688000039, -1.979152952999925 ], [ 130.504294962000017, -1.978577963999953 ], [ 130.504351198000109, -1.978491790999954 ] ] ], [ [ [ 130.488635074000058, -1.977345782999976 ], [ 130.49185705900004, -1.977337980999948 ], [ 130.489946114000077, -1.981283519999977 ], [ 130.488635074000058, -1.977345782999976 ] ] ], [ [ [ 130.501997302000063, -1.978493326999967 ], [ 130.502216759000021, -1.978127127999926 ], [ 130.502157085000022, -1.978556123999965 ], [ 130.501997302000063, -1.978493326999967 ] ] ], [ [ [ 130.48859827900003, -1.977837661999956 ], [ 130.48835392, -1.978071694999926 ], [ 130.48846061200004, -1.977820452999936 ], [ 130.48859827900003, -1.977837661999956 ] ] ], [ [ [ 130.505502319000016, -1.97792201599998 ], [ 130.505195102000016, -1.977602862999959 ], [ 130.505518488, -1.977623061999964 ], [ 130.505502319000016, -1.97792201599998 ] ] ], [ [ [ 130.505003150000107, -1.977670144999934 ], [ 130.504815852000092, -1.977412879999974 ], [ 130.50522739500002, -1.97677792099995 ], [ 130.505003150000107, -1.977670144999934 ] ] ], [ [ [ 130.487622582000085, -1.976997410999957 ], [ 130.486804047000078, -1.977620829999978 ], [ 130.486827842000025, -1.976935544999947 ], [ 130.487622582000085, -1.976997410999957 ] ] ], [ [ [ 130.499599575000047, -1.977339679999943 ], [ 130.499469806000093, -1.97723713299996 ], [ 130.499563361000014, -1.97720998799997 ], [ 130.499599575000047, -1.977339679999943 ] ] ], [ [ [ 130.500083881000023, -1.976674762999949 ], [ 130.499608680000051, -1.976818342999934 ], [ 130.49991258700004, -1.976492526999948 ], [ 130.500083881000023, -1.976674762999949 ] ] ], [ [ [ 130.505585588000031, -1.976677461999941 ], [ 130.505377761000091, -1.976843379999934 ], [ 130.505304178000074, -1.976797578999935 ], [ 130.505585588000031, -1.976677461999941 ] ] ], [ [ [ 130.488032660000044, -1.976087911999969 ], [ 130.488307640000016, -1.976966255999969 ], [ 130.487982518000081, -1.977069160999974 ], [ 130.488032660000044, -1.976087911999969 ] ] ], [ [ [ 130.50555746800012, -1.976491001999932 ], [ 130.505891634000022, -1.976200421999977 ], [ 130.505668756000091, -1.976651606999951 ], [ 130.50555746800012, -1.976491001999932 ] ] ], [ [ [ 130.494384704000026, -1.976139581999973 ], [ 130.493412972000101, -1.976133325999967 ], [ 130.494036501000096, -1.975412303999974 ], [ 130.494384704000026, -1.976139581999973 ] ] ], [ [ [ 130.504255410000042, -1.976228309999954 ], [ 130.504089400000112, -1.976247003999958 ], [ 130.504185265000046, -1.976145354999971 ], [ 130.504255410000042, -1.976228309999954 ] ] ], [ [ [ 130.492124414000045, -1.975920355999961 ], [ 130.492519567000045, -1.975937428999941 ], [ 130.492284204000043, -1.976303659999928 ], [ 130.492124414000045, -1.975920355999961 ] ] ], [ [ [ 130.502988489000018, -1.976106227999935 ], [ 130.503013382000063, -1.975635882999939 ], [ 130.50316460800002, -1.975547484999936 ], [ 130.502988489000018, -1.976106227999935 ] ] ], [ [ [ 130.488059124000074, -1.975958117999937 ], [ 130.488205459000028, -1.975503121999964 ], [ 130.488346375000106, -1.975914784999929 ], [ 130.488059124000074, -1.975958117999937 ] ] ], [ [ [ 130.493579243000113, -1.975577715999975 ], [ 130.493745619000038, -1.975397186999942 ], [ 130.493636286000083, -1.975620472999935 ], [ 130.493579243000113, -1.975577715999975 ] ] ], [ [ [ 130.503651275000038, -1.975557028999958 ], [ 130.503355458000101, -1.974969947999966 ], [ 130.503447807000043, -1.974849437999978 ], [ 130.503651275000038, -1.975557028999958 ] ] ], [ [ [ 130.487944287000118, -1.974710564999953 ], [ 130.487906693000014, -1.975467336999941 ], [ 130.487708926000096, -1.975364912999964 ], [ 130.487944287000118, -1.974710564999953 ] ] ], [ [ [ 130.490270418000023, -1.975086042999976 ], [ 130.490508891000104, -1.974815211999953 ], [ 130.490552249000075, -1.975199791999955 ], [ 130.490270418000023, -1.975086042999976 ] ] ], [ [ [ 130.497480756000073, -1.974996933999932 ], [ 130.497033918000056, -1.974863912999979 ], [ 130.497613856000044, -1.974673881999934 ], [ 130.497480756000073, -1.974996933999932 ] ] ], [ [ [ 130.493982254000116, -1.974467491999974 ], [ 130.493943770000101, -1.975232892999941 ], [ 130.493781458000058, -1.975193641999965 ], [ 130.493982254000116, -1.974467491999974 ] ] ], [ [ [ 130.48792362800009, -1.97445229799996 ], [ 130.488010345000021, -1.974111050999966 ], [ 130.48796156700007, -1.974528130999943 ], [ 130.48792362800009, -1.97445229799996 ] ] ], [ [ [ 130.490102403000037, -1.973861886999941 ], [ 130.489966907000053, -1.974549797999941 ], [ 130.48960919700005, -1.974354798999968 ], [ 130.490102403000037, -1.973861886999941 ] ] ], [ [ [ 130.48771225400003, -1.974246466999944 ], [ 130.487777292000033, -1.974073134999969 ], [ 130.487820651000106, -1.974181466999937 ], [ 130.48771225400003, -1.974246466999944 ] ] ], [ [ [ 130.487229889000105, -1.974018968999928 ], [ 130.487040194000087, -1.973715637999931 ], [ 130.487132331000112, -1.973563971999965 ], [ 130.487229889000105, -1.974018968999928 ] ] ], [ [ [ 130.504540077000115, -1.972784126999954 ], [ 130.504273045000105, -1.974546471999929 ], [ 130.503840601000093, -1.974597858999971 ], [ 130.504540077000115, -1.972784126999954 ] ] ], [ [ [ 130.495798613000034, -1.973381987999971 ], [ 130.496110129000044, -1.973684935999927 ], [ 130.49587671900008, -1.973704708999946 ], [ 130.495798613000034, -1.973381987999971 ] ] ], [ [ [ 130.491281033000064, -1.974016512999981 ], [ 130.491986913000119, -1.973735554999962 ], [ 130.49156619900009, -1.97427788899995 ], [ 130.491281033000064, -1.974016512999981 ] ] ], [ [ [ 130.487571338000066, -1.973423139999966 ], [ 130.487430423000092, -1.973065642999927 ], [ 130.487614697000026, -1.973363556999971 ], [ 130.487571338000066, -1.973423139999966 ] ] ], [ [ [ 130.492580477000047, -1.973531039999955 ], [ 130.492449139000087, -1.972117080999965 ], [ 130.493206447000034, -1.97394161099993 ], [ 130.492580477000047, -1.973531039999955 ] ] ], [ [ [ 130.505036869000037, -1.972721692999926 ], [ 130.504850812000086, -1.972816879999925 ], [ 130.504901756000095, -1.972661923999965 ], [ 130.505036869000037, -1.972721692999926 ] ] ], [ [ [ 130.485869509000054, -1.972930226999949 ], [ 130.485625617000096, -1.972567313999946 ], [ 130.485799051000072, -1.97248064799993 ], [ 130.485869509000054, -1.972930226999949 ] ] ], [ [ [ 130.49916491700003, -1.972120318999941 ], [ 130.499248096000088, -1.972688407999954 ], [ 130.498931034000066, -1.972536262999938 ], [ 130.49916491700003, -1.972120318999941 ] ] ], [ [ [ 130.490452641000047, -1.97224719899998 ], [ 130.491282969000054, -1.972595297999931 ], [ 130.491208867000068, -1.972857 ], [ 130.490452641000047, -1.97224719899998 ] ] ], [ [ [ 130.504860803000042, -1.972430633999977 ], [ 130.50516436800001, -1.972353866999924 ], [ 130.504895883000017, -1.972500601999968 ], [ 130.504860803000042, -1.972430633999977 ] ] ], [ [ [ 130.505498577000026, -1.972114744999942 ], [ 130.505104627000037, -1.972102586999938 ], [ 130.505550468000024, -1.971408208999947 ], [ 130.505498577000026, -1.972114744999942 ] ] ], [ [ [ 130.493017359000078, -1.971497224999951 ], [ 130.493494930000111, -1.971651678999933 ], [ 130.493071456000052, -1.971714016999954 ], [ 130.493017359000078, -1.971497224999951 ] ] ], [ [ [ 130.505401915000107, -1.971414005999975 ], [ 130.50537574100008, -1.971316447999925 ], [ 130.505404294000073, -1.971340242999929 ], [ 130.505401915000107, -1.971414005999975 ] ] ], [ [ [ 130.505947517000095, -1.971217055999944 ], [ 130.505902419000108, -1.970961743999965 ], [ 130.506035331000021, -1.971203506999927 ], [ 130.505947517000095, -1.971217055999944 ] ] ], [ [ [ 130.505708139000035, -1.970936440999935 ], [ 130.505592509000053, -1.970727679999925 ], [ 130.505679270000087, -1.970709279999937 ], [ 130.505708139000035, -1.970936440999935 ] ] ], [ [ [ 130.504209570000057, -1.970410618999949 ], [ 130.504434311000068, -1.97018006899998 ], [ 130.504235270000095, -1.970496974999946 ], [ 130.504209570000057, -1.970410618999949 ] ] ], [ [ [ 130.495126151000022, -1.96956557599998 ], [ 130.495345048000104, -1.970189826999956 ], [ 130.495085824000057, -1.970265542999925 ], [ 130.495126151000022, -1.96956557599998 ] ] ], [ [ [ 130.503792772000111, -1.969767652999963 ], [ 130.503991971000119, -1.969818042999975 ], [ 130.50387790700006, -1.969860997999945 ], [ 130.503792772000111, -1.969767652999963 ] ] ], [ [ [ 130.485667471000056, -1.969278969999948 ], [ 130.485349259000031, -1.96954415099998 ], [ 130.485223319000056, -1.969430515999932 ], [ 130.485667471000056, -1.969278969999948 ] ] ], [ [ [ 130.503815916, -1.969668524999975 ], [ 130.503789992000065, -1.968673070999955 ], [ 130.503949522000084, -1.968551322999929 ], [ 130.503815916, -1.969668524999975 ] ] ], [ [ [ 130.492317550000053, -1.96886006699998 ], [ 130.492564246000029, -1.969167953999943 ], [ 130.492431197000087, -1.96934891199993 ], [ 130.492317550000053, -1.96886006699998 ] ] ], [ [ [ 130.497374452000031, -1.968439471999943 ], [ 130.497853969000062, -1.968916872999955 ], [ 130.497730337, -1.969166094999935 ], [ 130.497374452000031, -1.968439471999943 ] ] ], [ [ [ 130.486092595000059, -1.968974685999967 ], [ 130.48589457300011, -1.968556256999932 ], [ 130.486188777000052, -1.968539293999925 ], [ 130.486092595000059, -1.968974685999967 ] ] ], [ [ [ 130.485207476000028, -1.968454237999936 ], [ 130.485345425000105, -1.968853441999954 ], [ 130.485030879000078, -1.968810229999974 ], [ 130.485207476000028, -1.968454237999936 ] ] ], [ [ [ 130.490235690000077, -1.968416654999942 ], [ 130.490642310000112, -1.968818160999945 ], [ 130.490449261000094, -1.968918803999941 ], [ 130.490235690000077, -1.968416654999942 ] ] ], [ [ [ 130.503958721000117, -1.96851655699993 ], [ 130.503889399000059, -1.968453574999955 ], [ 130.503960296000059, -1.96846302199998 ], [ 130.503958721000117, -1.96851655699993 ] ] ], [ [ [ 130.492040486000064, -1.968028552999954 ], [ 130.491741091000108, -1.968377112999974 ], [ 130.491800677000015, -1.967975190999937 ], [ 130.492040486000064, -1.968028552999954 ] ] ], [ [ [ 130.487495725000031, -1.967872068999952 ], [ 130.487852165000049, -1.967792906999932 ], [ 130.487586250000049, -1.96797950399997 ], [ 130.487495725000031, -1.967872068999952 ] ] ], [ [ [ 130.494105468000043, -1.967421825999963 ], [ 130.494121872000051, -1.967316173999961 ], [ 130.494149212000025, -1.967390858999977 ], [ 130.494105468000043, -1.967421825999963 ] ] ], [ [ [ 130.49161266200008, -1.967201914999976 ], [ 130.49131326700001, -1.967550475999928 ], [ 130.491372854000019, -1.967148552999959 ], [ 130.49161266200008, -1.967201914999976 ] ] ], [ [ [ 130.493430654, -1.967266534999965 ], [ 130.493527255000117, -1.967220994999934 ], [ 130.49350538300007, -1.967299322999963 ], [ 130.493430654, -1.967266534999965 ] ] ], [ [ [ 130.494209241000021, -1.967266314999961 ], [ 130.494225644000039, -1.967160662999959 ], [ 130.494252984000013, -1.967235347999974 ], [ 130.494209241000021, -1.967266314999961 ] ] ], [ [ [ 130.488380765000102, -1.967057617999956 ], [ 130.488793491000024, -1.967240451999942 ], [ 130.488354247000075, -1.967364779999969 ], [ 130.488380765000102, -1.967057617999956 ] ] ], [ [ [ 130.496922909000091, -1.966684068999939 ], [ 130.497305940000047, -1.966734505999966 ], [ 130.497142893000046, -1.96702548899998 ], [ 130.496922909000091, -1.966684068999939 ] ] ], [ [ [ 130.498184699000035, -1.966674662999935 ], [ 130.498134249000032, -1.966710487999933 ], [ 130.498132921000092, -1.966673335999928 ], [ 130.498184699000035, -1.966674662999935 ] ] ], [ [ [ 130.498122300000091, -1.966636847999951 ], [ 130.498065212000029, -1.966648125999939 ], [ 130.498079816000086, -1.966612300999941 ], [ 130.498122300000091, -1.966636847999951 ] ] ], [ [ [ 130.498019409000108, -1.966572495999969 ], [ 130.497966303000112, -1.966601685999933 ], [ 130.497993520000023, -1.966563207999968 ], [ 130.498019409000108, -1.966572495999969 ] ] ], [ [ [ 130.492681012000048, -1.966372780999961 ], [ 130.493572467000035, -1.966622640999958 ], [ 130.49350495200008, -1.967139215999964 ], [ 130.492681012000048, -1.966372780999961 ] ] ], [ [ [ 130.495835843, -1.965623028999971 ], [ 130.495683728000017, -1.965665785999931 ], [ 130.495690858000103, -1.96560164999994 ], [ 130.495835843, -1.965623028999971 ] ] ], [ [ [ 130.489049951000084, -1.965746915999944 ], [ 130.489406391000102, -1.965667753999981 ], [ 130.489140475000113, -1.965854350999962 ], [ 130.489049951000084, -1.965746915999944 ] ] ], [ [ [ 130.489400268000054, -1.965272413999969 ], [ 130.489591272000098, -1.964567602999978 ], [ 130.489603886000054, -1.965284278999945 ], [ 130.489400268000054, -1.965272413999969 ] ] ], [ [ [ 130.489773848000027, -1.964658779999979 ], [ 130.490142024000079, -1.964771717999952 ], [ 130.489823060000049, -1.964871904999939 ], [ 130.489773848000027, -1.964658779999979 ] ] ], [ [ [ 130.485399247000032, -1.964139674999956 ], [ 130.485495848000028, -1.964094135999972 ], [ 130.485473976000094, -1.964172463999944 ], [ 130.485399247000032, -1.964139674999956 ] ] ], [ [ [ 130.485326341000018, -1.963636918999953 ], [ 130.485607029000107, -1.963904690999925 ], [ 130.4855705760001, -1.96399576999994 ], [ 130.485326341000018, -1.963636918999953 ] ] ], [ [ [ 130.48939869600008, -1.96386533499998 ], [ 130.489200674000017, -1.963446904999955 ], [ 130.489494879000063, -1.963429941999948 ], [ 130.48939869600008, -1.96386533499998 ] ] ], [ [ [ 130.486942688000113, -1.964192136999941 ], [ 130.486472985000091, -1.965787550999949 ], [ 130.486701674000074, -1.959504615999947 ], [ 130.486942688000113, -1.964192136999941 ] ] ], [ [ [ 130.488941545000102, -1.961970146999931 ], [ 130.4894089820001, -1.962891224999964 ], [ 130.488586448000092, -1.963369774999933 ], [ 130.488941545000102, -1.961970146999931 ] ] ], [ [ [ 130.494721409000022, -1.962173489999941 ], [ 130.49516815800007, -1.962300355999957 ], [ 130.495027012000037, -1.962629869999944 ], [ 130.494721409000022, -1.962173489999941 ] ] ], [ [ [ 130.491764343000114, -1.96117176499996 ], [ 130.491780747, -1.961066112999958 ], [ 130.491808086000106, -1.961140797999974 ], [ 130.491764343000114, -1.96117176499996 ] ] ], [ [ [ 130.491716275000044, -1.961572634999925 ], [ 130.48999742500007, -1.964237959999934 ], [ 130.49060221600007, -1.957400751999955 ], [ 130.491716275000044, -1.961572634999925 ] ] ], [ [ [ 130.486893324000107, -1.958501900999977 ], [ 130.488862530000119, -1.96079390899996 ], [ 130.487733295000112, -1.963557055999956 ], [ 130.486893324000107, -1.958501900999977 ] ] ], [ [ [ 130.491859415000022, -1.960937193999939 ], [ 130.491875819000029, -1.960831541999937 ], [ 130.491903158000014, -1.960906226999953 ], [ 130.491859415000022, -1.960937193999939 ] ] ], [ [ [ 130.491702573000111, -1.960769440999968 ], [ 130.491799174000107, -1.960723900999938 ], [ 130.49177730200006, -1.960802228999967 ], [ 130.491702573000111, -1.960769440999968 ] ] ], [ [ [ 130.49182182900006, -1.960368083999924 ], [ 130.491918430000055, -1.96032254499994 ], [ 130.491896558, -1.960400872999969 ], [ 130.49182182900006, -1.960368083999924 ] ] ], [ [ [ 130.485022161000074, -1.960361444999933 ], [ 130.485428534000107, -1.96020084099996 ], [ 130.485169796000037, -1.960583678999967 ], [ 130.485022161000074, -1.960361444999933 ] ] ], [ [ [ 130.485147857000015, -1.959968878999973 ], [ 130.485101977000113, -1.959834016999935 ], [ 130.485169447000089, -1.959874474999936 ], [ 130.485147857000015, -1.959968878999973 ] ] ], [ [ [ 130.495543625000096, -1.959313048999945 ], [ 130.495990375000019, -1.959439915999951 ], [ 130.495849228000111, -1.959769429999938 ], [ 130.495543625000096, -1.959313048999945 ] ] ], [ [ [ 130.491697115000079, -1.95917322899993 ], [ 130.492079022000098, -1.959300880999933 ], [ 130.491894572000092, -1.959627213999966 ], [ 130.491697115000079, -1.95917322899993 ] ] ], [ [ [ 130.489204610000115, -1.958963150999978 ], [ 130.48930121, -1.958917611999937 ], [ 130.489279339000063, -1.958995939999966 ], [ 130.489204610000115, -1.958963150999978 ] ] ], [ [ [ 130.489244611000117, -1.958654750999926 ], [ 130.489341212000113, -1.958609210999953 ], [ 130.489319340000065, -1.958687539999971 ], [ 130.489244611000117, -1.958654750999926 ] ] ], [ [ [ 130.488272468000105, -1.957774825999934 ], [ 130.488288872000112, -1.957669173999932 ], [ 130.488316212000086, -1.957743858999947 ], [ 130.488272468000105, -1.957774825999934 ] ] ], [ [ [ 130.500770984000042, -1.957260120999933 ], [ 130.500319630000035, -1.957520544999966 ], [ 130.500622084000042, -1.956943892999959 ], [ 130.500770984000042, -1.957260120999933 ] ] ], [ [ [ 130.489180392000094, -1.957007571999952 ], [ 130.489628503000063, -1.956490756999926 ], [ 130.489364416000058, -1.958206427999926 ], [ 130.489180392000094, -1.957007571999952 ] ] ], [ [ [ 130.490583868000044, -1.956222304999926 ], [ 130.490453972000068, -1.956408378999924 ], [ 130.490442168000072, -1.95621551399995 ], [ 130.490583868000044, -1.956222304999926 ] ] ], [ [ [ 130.490765721000116, -1.956079502999955 ], [ 130.490562940000018, -1.956175555999948 ], [ 130.490628441000013, -1.955989399999964 ], [ 130.490765721000116, -1.956079502999955 ] ] ], [ [ [ 130.4910975250001, -1.953218535999952 ], [ 130.490789678000056, -1.953143494999949 ], [ 130.491044965000015, -1.953083462999928 ], [ 130.4910975250001, -1.953218535999952 ] ] ], [ [ [ 130.491255202000048, -1.952591943999948 ], [ 130.491018686000075, -1.952727017999962 ], [ 130.491067491000081, -1.952539415999979 ], [ 130.491255202000048, -1.952591943999948 ] ] ], [ [ [ 130.49075846900007, -1.423358905999976 ], [ 130.48641177200011, -1.423128326999972 ], [ 130.488631903000055, -1.419918908999932 ], [ 130.49075846900007, -1.423358905999976 ] ] ], [ [ [ 130.489739449000012, -0.908588449999968 ], [ 130.489814109, -0.907878267999934 ], [ 130.489593343000024, -0.907236186999967 ], [ 130.490315831000089, -0.908077691999949 ], [ 130.489739449000012, -0.908588449999968 ] ] ], [ [ [ 130.505762312000115, -0.794849394999972 ], [ 130.505850412000086, -0.795399367999948 ], [ 130.504990582000119, -0.795630815999971 ], [ 130.505762312000115, -0.794849394999972 ] ] ], [ [ [ 130.505665449000048, -0.789620657999933 ], [ 130.507660134000048, -0.794191988999955 ], [ 130.502933580000104, -0.785675973999957 ], [ 130.505665449000048, -0.789620657999933 ] ] ], [ [ [ 130.485549772000013, -0.433430964999957 ], [ 130.485346587000095, -0.433502734999934 ], [ 130.485375584000053, -0.433348642999931 ], [ 130.485549772000013, -0.433430964999957 ] ] ], [ [ [ 130.488298377000092, -0.302598914999976 ], [ 130.509996282000088, -0.306864383999937 ], [ 130.520275554000023, -0.30364259299995 ], [ 130.513383048000037, -0.315420924999955 ], [ 130.524952043000098, -0.321791678999944 ], [ 130.496734061000097, -0.331744519999972 ], [ 130.4859040340001, -0.31954105899996 ], [ 130.493561617000069, -0.309891388999972 ], [ 130.488298377000092, -0.302598914999976 ] ] ], [ [ [ 130.505048086000102, -0.296999436999954 ], [ 130.502487203000101, -0.29571309499994 ], [ 130.504572344000053, -0.291571818999955 ], [ 130.505048086000102, -0.296999436999954 ] ] ], [ [ [ 130.497774504000063, -0.081025763999946 ], [ 130.498347674000115, -0.081353594999939 ], [ 130.498266268000066, -0.081465067999943 ], [ 130.497774504000063, -0.081025763999946 ] ] ], [ [ [ 130.496206211000072, -0.057701822999945 ], [ 130.504153644000098, -0.06267926299995 ], [ 130.494140246000029, -0.059786722999945 ], [ 130.496206211000072, -0.057701822999945 ] ] ], [ [ [ 130.488942293000036, -0.060038606999967 ], [ 130.487357572000064, -0.059267660999978 ], [ 130.490212925000037, -0.05973879499993 ], [ 130.488942293000036, -0.060038606999967 ] ] ], [ [ [ 130.488799525000104, -0.05724035999998 ], [ 130.489687309000033, -0.057453349999946 ], [ 130.488742418000015, -0.057754323999973 ], [ 130.488799525000104, -0.05724035999998 ] ] ], [ [ [ 130.498417307000068, -0.05531299699993 ], [ 130.498555049000061, -0.055462122999927 ], [ 130.498336405000032, -0.055417692999924 ], [ 130.498417307000068, -0.05531299699993 ] ] ], [ [ [ 130.498383994000051, -0.055151193999961 ], [ 130.498150807000115, -0.055232094999951 ], [ 130.498150807000115, -0.055179746999954 ], [ 130.498383994000051, -0.055151193999961 ] ] ], [ [ [ 130.497470035000106, -0.053899126999966 ], [ 130.498309750000089, -0.053291072999968 ], [ 130.498702196000067, -0.053812325999957 ], [ 130.497470035000106, -0.053899126999966 ] ] ], [ [ [ 130.546653622, -2.249121253999931 ], [ 130.545856503000095, -2.24893089699998 ], [ 130.54662982800005, -2.248942794999948 ], [ 130.546653622, -2.249121253999931 ] ] ], [ [ [ 130.552876339000022, -2.248766247999924 ], [ 130.553036837000036, -2.248657983999976 ], [ 130.553001697000013, -2.248763291999978 ], [ 130.552876339000022, -2.248766247999924 ] ] ], [ [ [ 130.554891580000117, -2.248460361999946 ], [ 130.55520797600002, -2.248265390999961 ], [ 130.555150659000105, -2.24850029299995 ], [ 130.554891580000117, -2.248460361999946 ] ] ], [ [ [ 130.556644970000093, -2.248454963999961 ], [ 130.556706688000077, -2.248158287999956 ], [ 130.557066544, -2.247930141999973 ], [ 130.556644970000093, -2.248454963999961 ] ] ], [ [ [ 130.552182132000098, -2.248117415999957 ], [ 130.55226191700001, -2.247782409999957 ], [ 130.552298626000038, -2.248123938999925 ], [ 130.552182132000098, -2.248117415999957 ] ] ], [ [ [ 130.554290546000061, -2.248056953999935 ], [ 130.554418696000084, -2.247820609999962 ], [ 130.554329333000055, -2.248144492999927 ], [ 130.554290546000061, -2.248056953999935 ] ] ], [ [ [ 130.558433801000092, -2.24455108099994 ], [ 130.559418385000072, -2.246931938999978 ], [ 130.558649305000017, -2.247331904999953 ], [ 130.558433801000092, -2.24455108099994 ] ] ], [ [ [ 130.544589777000056, -2.248839464999946 ], [ 130.556983104000096, -2.244848548999926 ], [ 130.556722215000036, -2.246045534999951 ], [ 130.544589777000056, -2.248839464999946 ] ] ], [ [ [ 130.556840522000016, -2.243049993999932 ], [ 130.557199996, -2.24405978599998 ], [ 130.556957215000011, -2.244528642999967 ], [ 130.556840522000016, -2.243049993999932 ] ] ], [ [ [ 130.513482575000012, -2.236609210999973 ], [ 130.514096846000029, -2.237241264999966 ], [ 130.51232948300003, -2.236783997999964 ], [ 130.513482575000012, -2.236609210999973 ] ] ], [ [ [ 130.530710775000102, -2.232158579999975 ], [ 130.532218521000118, -2.233313085999953 ], [ 130.529287401000033, -2.233434604999957 ], [ 130.530710775000102, -2.232158579999975 ] ] ], [ [ [ 130.514032826000062, -2.23156629999994 ], [ 130.514318361000051, -2.231444351999926 ], [ 130.514446257000031, -2.231518710999978 ], [ 130.514032826000062, -2.23156629999994 ] ] ], [ [ [ 130.509368906000077, -2.231243522999932 ], [ 130.50874839100004, -2.23102438899997 ], [ 130.509266676000038, -2.231021272999953 ], [ 130.509368906000077, -2.231243522999932 ] ] ], [ [ [ 130.511700628000085, -2.228674001999934 ], [ 130.51118481200001, -2.229194010999947 ], [ 130.510637925000083, -2.228561732999935 ], [ 130.511700628000085, -2.228674001999934 ] ] ], [ [ [ 130.504467569000099, -2.226877095999953 ], [ 130.550778393000087, -2.221294206999971 ], [ 130.520863181000095, -2.231610943999954 ], [ 130.511590951000017, -2.227489936999973 ], [ 130.504613925000058, -2.230280759999971 ], [ 130.500641786000074, -2.225207363999971 ], [ 130.504467569000099, -2.226877095999953 ] ] ], [ [ [ 130.512263299000097, -2.224286096999947 ], [ 130.512379417000034, -2.224341299999935 ], [ 130.512272817000053, -2.224406021999926 ], [ 130.512263299000097, -2.224286096999947 ] ] ], [ [ [ 130.520870464000041, -2.221690223999929 ], [ 130.521134584000038, -2.221507004999978 ], [ 130.521182173000057, -2.221797299999935 ], [ 130.520870464000041, -2.221690223999929 ] ] ], [ [ [ 130.551118894000069, -2.220319354999958 ], [ 130.552408287000048, -2.221369095999933 ], [ 130.551256107000086, -2.221461275999957 ], [ 130.551118894000069, -2.220319354999958 ] ] ], [ [ [ 130.553172458000063, -2.220482000999937 ], [ 130.553500624000094, -2.220945792999942 ], [ 130.552716242000088, -2.220979270999976 ], [ 130.553172458000063, -2.220482000999937 ] ] ], [ [ [ 130.551138471000058, -2.21992776299993 ], [ 130.551293223000016, -2.219492653999964 ], [ 130.551442654000084, -2.219928833999973 ], [ 130.551138471000058, -2.21992776299993 ] ] ], [ [ [ 130.558486035000101, -2.219597 ], [ 130.557550370000058, -2.219638525999926 ], [ 130.55858235200003, -2.219353700999932 ], [ 130.558486035000101, -2.219597 ] ] ], [ [ [ 130.559926215000019, -2.218910991999962 ], [ 130.559882129000016, -2.219564652999964 ], [ 130.559592541000029, -2.219316689999971 ], [ 130.559926215000019, -2.218910991999962 ] ] ], [ [ [ 130.549031881000019, -2.217979810999964 ], [ 130.548593369000059, -2.21828663399998 ], [ 130.54824072100007, -2.217957798999976 ], [ 130.549031881000019, -2.217979810999964 ] ] ], [ [ [ 130.547680960000093, -2.218192452999972 ], [ 130.547077016000117, -2.218128215999968 ], [ 130.547154164000062, -2.21748312699998 ], [ 130.547680960000093, -2.218192452999972 ] ] ], [ [ [ 130.549390522000067, -2.218101887999978 ], [ 130.549538405000021, -2.217829891999941 ], [ 130.549801950000074, -2.218070361999935 ], [ 130.549390522000067, -2.218101887999978 ] ] ], [ [ [ 130.549617942000054, -2.217719735999935 ], [ 130.549662200000057, -2.217795402999968 ], [ 130.549603665000063, -2.217773987999976 ], [ 130.549617942000054, -2.217719735999935 ] ] ], [ [ [ 130.547144899000045, -2.217286901999955 ], [ 130.546916105000037, -2.216842337999935 ], [ 130.54743591700003, -2.217017251999948 ], [ 130.547144899000045, -2.217286901999955 ] ] ], [ [ [ 130.507319746, -2.16244409199993 ], [ 130.506754499000067, -2.162260157999981 ], [ 130.507322524000074, -2.161916359999964 ], [ 130.507319746, -2.16244409199993 ] ] ], [ [ [ 130.549230435000027, -2.127712219999978 ], [ 130.549250661000087, -2.12779193199998 ], [ 130.549193554000112, -2.127752670999939 ], [ 130.549230435000027, -2.127712219999978 ] ] ], [ [ [ 130.547634908000077, -2.126815162999947 ], [ 130.547653943000114, -2.126884166999957 ], [ 130.547617062000086, -2.126879407999979 ], [ 130.547634908000077, -2.126815162999947 ] ] ], [ [ [ 130.5491103170001, -2.127434499999936 ], [ 130.548111684000105, -2.126591388999941 ], [ 130.548647704000018, -2.126254587999938 ], [ 130.5491103170001, -2.127434499999936 ] ] ], [ [ [ 130.549041506000094, -2.125621148999926 ], [ 130.549228056000061, -2.125655413999937 ], [ 130.549018663000084, -2.125763916999972 ], [ 130.549041506000094, -2.125621148999926 ] ] ], [ [ [ 130.550991950000025, -2.125514073999966 ], [ 130.55117992800001, -2.125616390999937 ], [ 130.551022883000087, -2.125635425999974 ], [ 130.550991950000025, -2.125514073999966 ] ] ], [ [ [ 130.544839983000088, -2.125170013999934 ], [ 130.544922788, -2.125235686999929 ], [ 130.544844266000041, -2.125245679999978 ], [ 130.544839983000088, -2.125170013999934 ] ] ], [ [ [ 130.550118926000096, -2.125024855999925 ], [ 130.549961882000048, -2.12487970899997 ], [ 130.5501451, -2.124965369999927 ], [ 130.550118926000096, -2.125024855999925 ] ] ], [ [ [ 130.547879448000117, -2.123813127999938 ], [ 130.545327778000114, -2.125259199999959 ], [ 130.545003728000097, -2.125104703999966 ], [ 130.547879448000117, -2.123813127999938 ] ] ], [ [ [ 130.54858683100008, -2.123791303999951 ], [ 130.548704852000014, -2.123943589999953 ], [ 130.548562085000071, -2.123844603999942 ], [ 130.54858683100008, -2.123791303999951 ] ] ], [ [ [ 130.547953894000102, -2.123166576999949 ], [ 130.548370300000101, -2.123038680999969 ], [ 130.547992561000115, -2.123306369999966 ], [ 130.547953894000102, -2.123166576999949 ] ] ], [ [ [ 130.550490241000034, -2.122582220999959 ], [ 130.550606835000053, -2.122717849999958 ], [ 130.550383165000085, -2.122708331999945 ], [ 130.550490241000034, -2.122582220999959 ] ] ], [ [ [ 130.549462628000015, -2.122880953999925 ], [ 130.549738288000071, -2.122388445999945 ], [ 130.549871702000019, -2.122883996999974 ], [ 130.549462628000015, -2.122880953999925 ] ] ], [ [ [ 130.548555382000018, -2.121278632999974 ], [ 130.548684825, -2.121373811999945 ], [ 130.548578225000028, -2.121379521999927 ], [ 130.548555382000018, -2.121278632999974 ] ] ], [ [ [ 130.532709622000084, -2.112713237999969 ], [ 130.532875232000038, -2.112757019999947 ], [ 130.532703911000112, -2.112774151999929 ], [ 130.532709622000084, -2.112713237999969 ] ] ], [ [ [ 130.558091348000062, -1.994103589999952 ], [ 130.558085689000109, -1.993721542999936 ], [ 130.558244229000024, -1.993907974999956 ], [ 130.558091348000062, -1.994103589999952 ] ] ], [ [ [ 130.557846075000043, -1.993722955999942 ], [ 130.558033674000058, -1.993500058999928 ], [ 130.557900250000102, -1.993731784999966 ], [ 130.557846075000043, -1.993722955999942 ] ] ], [ [ [ 130.547579018000079, -1.990548071999967 ], [ 130.54583372400009, -1.995345959999952 ], [ 130.54391205200011, -1.994948767999972 ], [ 130.547579018000079, -1.990548071999967 ] ] ], [ [ [ 130.548922204000064, -1.99317008099996 ], [ 130.549136317000034, -1.992611662999934 ], [ 130.549315842000055, -1.993255072999943 ], [ 130.548922204000064, -1.99317008099996 ] ] ], [ [ [ 130.558405323000102, -1.992651624999951 ], [ 130.558242479000114, -1.992508025999939 ], [ 130.55842128800009, -1.992581420999954 ], [ 130.558405323000102, -1.992651624999951 ] ] ], [ [ [ 130.549312088000079, -1.992395874999943 ], [ 130.5489127620001, -1.991595759999939 ], [ 130.549648590000061, -1.991355633999945 ], [ 130.549312088000079, -1.992395874999943 ] ] ], [ [ [ 130.539527459000055, -1.992026550999981 ], [ 130.539348719000031, -1.991176844999927 ], [ 130.53976470300006, -1.991596858999969 ], [ 130.539527459000055, -1.992026550999981 ] ] ], [ [ [ 130.538038443000119, -1.992278945999942 ], [ 130.537424665000117, -1.990499883999973 ], [ 130.539107915000045, -1.991150440999945 ], [ 130.538038443000119, -1.992278945999942 ] ] ], [ [ [ 130.546739683000055, -1.99096142999997 ], [ 130.546807269000055, -1.990941187999965 ], [ 130.546775804000049, -1.991023317999975 ], [ 130.546739683000055, -1.99096142999997 ] ] ], [ [ [ 130.546245487000078, -1.990492652999933 ], [ 130.546527640000022, -1.991121858999975 ], [ 130.546142057000111, -1.990692186999979 ], [ 130.546245487000078, -1.990492652999933 ] ] ], [ [ [ 130.546802244000105, -1.989749081999946 ], [ 130.546363985000085, -1.990201627999966 ], [ 130.545840475000091, -1.990418555999952 ], [ 130.546802244000105, -1.989749081999946 ] ] ], [ [ [ 130.55637837900008, -1.98929667699997 ], [ 130.556767371000092, -1.989895077999961 ], [ 130.556183431000022, -1.989539588999946 ], [ 130.55637837900008, -1.98929667699997 ] ] ], [ [ [ 130.535694092000085, -1.987916157999962 ], [ 130.535167428000022, -1.990596180999944 ], [ 130.533790134000014, -1.988527634999969 ], [ 130.535694092000085, -1.987916157999962 ] ] ], [ [ [ 130.547525128000075, -1.989189907999958 ], [ 130.548606437000103, -1.989732598999979 ], [ 130.547590090000085, -1.989681638999969 ], [ 130.547525128000075, -1.989189907999958 ] ] ], [ [ [ 130.554629843000043, -1.988296125999966 ], [ 130.553605928000025, -1.989672080999981 ], [ 130.553183951000051, -1.989330935999931 ], [ 130.554629843000043, -1.988296125999966 ] ] ], [ [ [ 130.543077548000042, -1.988529555999946 ], [ 130.542966607000039, -1.98896582499998 ], [ 130.542664060000106, -1.988506791999953 ], [ 130.543077548000042, -1.988529555999946 ] ] ], [ [ [ 130.55010651300006, -1.988754656999959 ], [ 130.550142537000056, -1.988597790999961 ], [ 130.550199145000079, -1.988728941999966 ], [ 130.55010651300006, -1.988754656999959 ] ] ], [ [ [ 130.555491947000064, -1.98827747699994 ], [ 130.555117118000112, -1.988835603999974 ], [ 130.554975653000042, -1.988434316999928 ], [ 130.555491947000064, -1.98827747699994 ] ] ], [ [ [ 130.552397386000052, -1.988600702999975 ], [ 130.55249070900004, -1.988101202999928 ], [ 130.552560828000082, -1.988627742999938 ], [ 130.552397386000052, -1.988600702999975 ] ] ], [ [ [ 130.560703988000114, -1.988169552999977 ], [ 130.560960075000025, -1.988276818999964 ], [ 130.560839563000059, -1.98851205099993 ], [ 130.560703988000114, -1.988169552999977 ] ] ], [ [ [ 130.549504402000025, -1.98819148299998 ], [ 130.549684521000017, -1.988132336999968 ], [ 130.549651070000095, -1.988258343999973 ], [ 130.549504402000025, -1.98819148299998 ] ] ], [ [ [ 130.552301143000022, -1.98793698299994 ], [ 130.552460620000033, -1.987674351999942 ], [ 130.552433934000078, -1.987964974999954 ], [ 130.552301143000022, -1.98793698299994 ] ] ], [ [ [ 130.537147767000079, -1.988061698999957 ], [ 130.536965818000112, -1.987115261999975 ], [ 130.537229278000041, -1.987021838999965 ], [ 130.537147767000079, -1.988061698999957 ] ] ], [ [ [ 130.52411422900002, -1.988209716999961 ], [ 130.523860653000042, -1.986913497999979 ], [ 130.524947857000029, -1.986736846999975 ], [ 130.52411422900002, -1.988209716999961 ] ] ], [ [ [ 130.554303114000049, -1.986103622999963 ], [ 130.553541577000033, -1.987465497999949 ], [ 130.553274892000104, -1.987528357999963 ], [ 130.554303114000049, -1.986103622999963 ] ] ], [ [ [ 130.554147575000115, -1.986577866999937 ], [ 130.554198191000069, -1.986782201999972 ], [ 130.554063217000021, -1.986695968999925 ], [ 130.554147575000115, -1.986577866999937 ] ] ], [ [ [ 130.552670885000111, -1.986123780999947 ], [ 130.550912039000082, -1.986221858999954 ], [ 130.552117303000045, -1.984835587999953 ], [ 130.552670885000111, -1.986123780999947 ] ] ], [ [ [ 130.552984801000093, -1.986480818999951 ], [ 130.552979379000021, -1.986773441999958 ], [ 130.552950460000034, -1.98647359399996 ], [ 130.552984801000093, -1.986480818999951 ] ] ], [ [ [ 130.539440206000108, -1.985250235999956 ], [ 130.538344851000033, -1.987814807999939 ], [ 130.537354759000095, -1.98637240599993 ], [ 130.539440206000108, -1.985250235999956 ] ] ], [ [ [ 130.553225185000088, -1.98646275599998 ], [ 130.553089630000045, -1.986495269999978 ], [ 130.553201689000048, -1.986321862999944 ], [ 130.553225185000088, -1.98646275599998 ] ] ], [ [ [ 130.547090634000028, -1.987005072999978 ], [ 130.550181179000106, -1.987457770999924 ], [ 130.549914097000055, -1.988106468999945 ], [ 130.547090634000028, -1.987005072999978 ] ] ], [ [ [ 130.553414963000023, -1.986155681999946 ], [ 130.553320978000102, -1.986180969999964 ], [ 130.553317363000019, -1.986123167999949 ], [ 130.553414963000023, -1.986155681999946 ] ] ], [ [ [ 130.553272178000043, -1.986076203999971 ], [ 130.55314927500001, -1.986114136999959 ], [ 130.553190845000017, -1.986009369999977 ], [ 130.553272178000043, -1.986076203999971 ] ] ], [ [ [ 130.543038286000069, -1.98600543699996 ], [ 130.543233065000095, -1.985959260999948 ], [ 130.543054740000116, -1.986050853999927 ], [ 130.543038286000069, -1.98600543699996 ] ] ], [ [ [ 130.521502945000066, -1.985088444999974 ], [ 130.522931858000106, -1.985847532999969 ], [ 130.521487231000037, -1.987580286999957 ], [ 130.521502945000066, -1.985088444999974 ] ] ], [ [ [ 130.553127586000073, -1.985960599999942 ], [ 130.553069749000088, -1.98585763899996 ], [ 130.553131201000042, -1.98586305799995 ], [ 130.553127586000073, -1.985960599999942 ] ] ], [ [ [ 130.529014197000038, -1.981655721999971 ], [ 130.529802200000063, -1.986418274999949 ], [ 130.528068007000115, -1.988796402999981 ], [ 130.529014197000038, -1.981655721999971 ] ] ], [ [ [ 130.543536133000089, -1.985160506999932 ], [ 130.543741250000039, -1.984976432999929 ], [ 130.543678544000045, -1.985259525999936 ], [ 130.543536133000089, -1.985160506999932 ] ] ], [ [ [ 130.542637631000048, -1.984391574999961 ], [ 130.541999536000048, -1.985419255999943 ], [ 130.542181416000062, -1.983832215999939 ], [ 130.542637631000048, -1.984391574999961 ] ] ], [ [ [ 130.554997848000085, -1.984833437999953 ], [ 130.554802401000074, -1.984925052999927 ], [ 130.554816238000058, -1.984774666999954 ], [ 130.554997848000085, -1.984833437999953 ] ] ], [ [ [ 130.552110930000026, -1.984695186999943 ], [ 130.552128489000097, -1.984228360999964 ], [ 130.55218873900003, -1.984168606999958 ], [ 130.552312939000103, -1.984365195999942 ], [ 130.552110930000026, -1.984695186999943 ] ] ], [ [ [ 130.545507149000059, -1.984340299999928 ], [ 130.545350595000059, -1.984322765999934 ], [ 130.545455864000019, -1.984263418999944 ], [ 130.545507149000059, -1.984340299999928 ] ] ], [ [ [ 130.541383987000017, -1.983821256999931 ], [ 130.540782426000078, -1.985168739999949 ], [ 130.540362906000041, -1.983379892999949 ], [ 130.541383987000017, -1.983821256999931 ] ] ], [ [ [ 130.514335921000111, -1.984062654999946 ], [ 130.514453604000096, -1.984000388999959 ], [ 130.514463988000102, -1.984048817999962 ], [ 130.514335921000111, -1.984062654999946 ] ] ], [ [ [ 130.521973881, -1.98349761399993 ], [ 130.52187746300001, -1.984428709999975 ], [ 130.521593961, -1.984539327999926 ], [ 130.521973881, -1.98349761399993 ] ] ], [ [ [ 130.527437285000019, -1.981952695999951 ], [ 130.527372266000043, -1.985438132999946 ], [ 130.525146653000093, -1.984315526999978 ], [ 130.527437285000019, -1.981952695999951 ] ] ], [ [ [ 130.512523205000093, -1.983042337999962 ], [ 130.514278026000056, -1.984144028999935 ], [ 130.512691830000108, -1.98436043199996 ], [ 130.512523205000093, -1.983042337999962 ] ] ], [ [ [ 130.552193403000047, -1.983765405999975 ], [ 130.552098224000019, -1.983396548999963 ], [ 130.552267452000024, -1.983377794999967 ], [ 130.552193403000047, -1.983765405999975 ] ] ], [ [ [ 130.515062536000073, -1.984101246999955 ], [ 130.517561704000059, -1.981668507999927 ], [ 130.518862356000113, -1.983449470999972 ], [ 130.515723054000091, -1.987312126999939 ], [ 130.515062536000073, -1.984101246999955 ] ] ], [ [ [ 130.54103654700009, -1.983226990999981 ], [ 130.540949088000048, -1.983387870999934 ], [ 130.540913597000099, -1.983302996999953 ], [ 130.54103654700009, -1.983226990999981 ] ] ], [ [ [ 130.531832841000096, -1.983421282999927 ], [ 130.531783839000013, -1.983020855999939 ], [ 130.531879792000041, -1.982982135999976 ], [ 130.531832841000096, -1.983421282999927 ] ] ], [ [ [ 130.512036461000093, -1.983055030999935 ], [ 130.512161067000079, -1.983003142999962 ], [ 130.512147221000077, -1.983093081999925 ], [ 130.512036461000093, -1.983055030999935 ] ] ], [ [ [ 130.51340054800005, -1.983091467999941 ], [ 130.51350019500012, -1.982891265999967 ], [ 130.513572700000054, -1.98296176599996 ], [ 130.51340054800005, -1.983091467999941 ] ] ], [ [ [ 130.543194155000037, -1.983129671999961 ], [ 130.543356757000083, -1.982786445999977 ], [ 130.543358818000115, -1.983132316999956 ], [ 130.543194155000037, -1.983129671999961 ] ] ], [ [ [ 130.525918315000013, -1.982782859999929 ], [ 130.525861274000022, -1.982882288999974 ], [ 130.525821479000115, -1.982813350999947 ], [ 130.525918315000013, -1.982782859999929 ] ] ], [ [ [ 130.540011922000076, -1.983343330999958 ], [ 130.540237034000029, -1.982305551999957 ], [ 130.54036226300002, -1.98220489199997 ], [ 130.540613957000119, -1.982454364999967 ], [ 130.540011922000076, -1.983343330999958 ] ] ], [ [ [ 130.526343717000032, -1.982719311999972 ], [ 130.526445974000012, -1.982576230999939 ], [ 130.526478489000056, -1.982750091999947 ], [ 130.526343717000032, -1.982719311999972 ] ] ], [ [ [ 130.525998679000054, -1.982243080999979 ], [ 130.525741856000081, -1.98254185899998 ], [ 130.525635212000111, -1.98231156199995 ], [ 130.525998679000054, -1.982243080999979 ] ] ], [ [ [ 130.524635658000079, -1.982544914999949 ], [ 130.524611432000029, -1.982390564999946 ], [ 130.524678054000105, -1.982454120999932 ], [ 130.524635658000079, -1.982544914999949 ] ] ], [ [ [ 130.525261039000043, -1.982206290999954 ], [ 130.524842334000027, -1.983057795999969 ], [ 130.524617007000074, -1.983146442999953 ], [ 130.524846056000115, -1.982370418999949 ], [ 130.524633308000034, -1.981938927999977 ], [ 130.525261039000043, -1.982206290999954 ] ] ], [ [ [ 130.513849471000071, -1.982048597999949 ], [ 130.515287730000068, -1.982728906999967 ], [ 130.514542753000114, -1.982846051999957 ], [ 130.513849471000071, -1.982048597999949 ] ] ], [ [ [ 130.525318318000018, -1.982179350999957 ], [ 130.525397909000048, -1.982311922999941 ], [ 130.525275869000097, -1.982231053999953 ], [ 130.525318318000018, -1.982179350999957 ] ] ], [ [ [ 130.50833719700006, -1.981757777999974 ], [ 130.508282166000072, -1.98249625099993 ], [ 130.507855288000087, -1.982363132999978 ], [ 130.50833719700006, -1.981757777999974 ] ] ], [ [ [ 130.526332386000036, -1.982090281999945 ], [ 130.526383285000065, -1.981767589999947 ], [ 130.526499257000069, -1.981843300999969 ], [ 130.526332386000036, -1.982090281999945 ] ] ], [ [ [ 130.526399452000078, -1.981647235999958 ], [ 130.526289667000015, -1.981531306999955 ], [ 130.526434666000114, -1.98158099099993 ], [ 130.526399452000078, -1.981647235999958 ] ] ], [ [ [ 130.532287422000081, -1.981386266999948 ], [ 130.532837607000033, -1.981919503999961 ], [ 130.532409547000043, -1.981972053999925 ], [ 130.532287422000081, -1.981386266999948 ] ] ], [ [ [ 130.528627242000084, -1.980658827999946 ], [ 130.528099830000087, -1.98227836999996 ], [ 130.527467564000062, -1.981585174999964 ], [ 130.526556890000052, -1.98188700399993 ], [ 130.528627242000084, -1.980658827999946 ] ] ], [ [ [ 130.518580932000077, -1.980312144999971 ], [ 130.518439347000026, -1.980332851999947 ], [ 130.518473880000101, -1.980208607999941 ], [ 130.518580932000077, -1.980312144999971 ] ] ], [ [ [ 130.522905496000021, -1.981221301999938 ], [ 130.52366638500007, -1.981050172999971 ], [ 130.523917802000028, -1.982571708999956 ], [ 130.522905496000021, -1.981221301999938 ] ] ], [ [ [ 130.511621735000062, -1.979733972999952 ], [ 130.511422609000078, -1.979618420999941 ], [ 130.511570348000078, -1.979525336999927 ], [ 130.511621735000062, -1.979733972999952 ] ] ], [ [ [ 130.511968600000046, -1.979400154999951 ], [ 130.511991082, -1.979689035999968 ], [ 130.511788744000114, -1.979660147999937 ], [ 130.511968600000046, -1.979400154999951 ] ] ], [ [ [ 130.525130546000014, -1.980515656999955 ], [ 130.524802003000104, -1.979700744999946 ], [ 130.525862629000017, -1.979073430999961 ], [ 130.526593983000112, -1.977895435999926 ], [ 130.525130546000014, -1.980515656999955 ] ] ], [ [ [ 130.519016618000023, -1.97856997699995 ], [ 130.519663767000111, -1.979698101999929 ], [ 130.518449638000106, -1.979295756999932 ], [ 130.519016618000023, -1.97856997699995 ] ] ], [ [ [ 130.525691928000015, -1.979041048999932 ], [ 130.525699906000114, -1.978721435999944 ], [ 130.525812476000056, -1.97905888899993 ], [ 130.525691928000015, -1.979041048999932 ] ] ], [ [ [ 130.514673431000119, -1.97652639599994 ], [ 130.512400712000044, -1.980982705999963 ], [ 130.509300107000058, -1.981078621999927 ], [ 130.508127878000096, -1.979362002999949 ], [ 130.512443989000076, -1.980272880999962 ], [ 130.514673431000119, -1.97652639599994 ] ] ], [ [ [ 130.511833104000061, -1.97857049299995 ], [ 130.511264015000052, -1.978669902999968 ], [ 130.511720442000069, -1.978307902999973 ], [ 130.511833104000061, -1.97857049299995 ] ] ], [ [ [ 130.516690966000056, -1.97850852199997 ], [ 130.516447568000103, -1.978260218999935 ], [ 130.516505072000086, -1.978162944999951 ], [ 130.516690966000056, -1.97850852199997 ] ] ], [ [ [ 130.511808015000042, -1.978196480999941 ], [ 130.511689181000065, -1.97808092899993 ], [ 130.511756627000068, -1.978045620999978 ], [ 130.511808015000042, -1.978196480999941 ] ] ], [ [ [ 130.516886947000103, -1.97824344199995 ], [ 130.517039847000092, -1.977942956999925 ], [ 130.517126505000078, -1.978012053999976 ], [ 130.516886947000103, -1.97824344199995 ] ] ], [ [ [ 130.509464544000025, -1.977357348999931 ], [ 130.509463513000014, -1.977122471999962 ], [ 130.509756618000097, -1.977425072999949 ], [ 130.509464544000025, -1.977357348999931 ] ] ], [ [ [ 130.512985155000024, -1.977261985999974 ], [ 130.513197728000023, -1.976937289999967 ], [ 130.513067275000026, -1.977322123999954 ], [ 130.512985155000024, -1.977261985999974 ] ] ], [ [ [ 130.510760352000034, -1.977307499999938 ], [ 130.510792429000048, -1.97651947199995 ], [ 130.510838826000054, -1.977298774999952 ], [ 130.510760352000034, -1.977307499999938 ] ] ], [ [ [ 130.515847173000111, -1.976883774999976 ], [ 130.515895220000061, -1.976602650999951 ], [ 130.516019307000079, -1.976680467999927 ], [ 130.515847173000111, -1.976883774999976 ] ] ], [ [ [ 130.507257139000103, -1.976733837999973 ], [ 130.507395966000104, -1.976264778999962 ], [ 130.507727166000109, -1.976121901999932 ], [ 130.507257139000103, -1.976733837999973 ] ] ], [ [ [ 130.512606314000095, -1.975904215999947 ], [ 130.512166409000088, -1.976534151999942 ], [ 130.512169220000033, -1.976076137999939 ], [ 130.512606314000095, -1.975904215999947 ] ] ], [ [ [ 130.517314263000117, -1.976398404999941 ], [ 130.516827743000022, -1.976204665999944 ], [ 130.517338231000053, -1.976295365999931 ], [ 130.517314263000117, -1.976398404999941 ] ] ], [ [ [ 130.511918622000053, -1.976131782999971 ], [ 130.512061052000035, -1.976072854999927 ], [ 130.512018936000118, -1.97619836399997 ], [ 130.511918622000053, -1.976131782999971 ] ] ], [ [ [ 130.528954808000094, -1.975920947999953 ], [ 130.528837174000046, -1.975945553999964 ], [ 130.528874106000103, -1.975829356999952 ], [ 130.528954808000094, -1.975920947999953 ] ] ], [ [ [ 130.529030039000077, -1.975754170999949 ], [ 130.529057396000098, -1.976008436999962 ], [ 130.529024568000068, -1.976015271999927 ], [ 130.529030039000077, -1.975754170999949 ] ] ], [ [ [ 130.5288057140001, -1.975893606999932 ], [ 130.528570446000117, -1.975777409999978 ], [ 130.528734586000041, -1.975678983999956 ], [ 130.5288057140001, -1.975893606999932 ] ] ], [ [ [ 130.528592130000106, -1.975697924999963 ], [ 130.527766772000064, -1.975853984999958 ], [ 130.528593844000056, -1.975052787999971 ], [ 130.528592130000106, -1.975697924999963 ] ] ], [ [ [ 130.510150680000038, -1.974648842999954 ], [ 130.510032602000024, -1.974788475999958 ], [ 130.510002221000036, -1.97465438699993 ], [ 130.510150680000038, -1.974648842999954 ] ] ], [ [ [ 130.507812148000085, -1.974979539999936 ], [ 130.507753475000072, -1.974406408999926 ], [ 130.507892310000102, -1.974402161999933 ], [ 130.507812148000085, -1.974979539999936 ] ] ], [ [ [ 130.513547472000027, -1.974569304999932 ], [ 130.513444368000023, -1.97467826899998 ], [ 130.51341, -1.974594176999972 ], [ 130.513547472000027, -1.974569304999932 ] ] ], [ [ [ 130.510388241000101, -1.974606042999937 ], [ 130.510239452000064, -1.973792141999979 ], [ 130.510577273000081, -1.973723842999959 ], [ 130.510388241000101, -1.974606042999937 ] ] ], [ [ [ 130.507779471000049, -1.974115609999956 ], [ 130.507879952000053, -1.973987004999969 ], [ 130.507911600000057, -1.974167770999941 ], [ 130.507779471000049, -1.974115609999956 ] ] ], [ [ [ 130.513878112000043, -1.968941596999969 ], [ 130.514292135000119, -1.970320864999962 ], [ 130.513074521000021, -1.969566712999949 ], [ 130.513878112000043, -1.968941596999969 ] ] ], [ [ [ 130.513141359000088, -1.969470071999979 ], [ 130.513073803000111, -1.969338414999925 ], [ 130.513215672000115, -1.969308031999958 ], [ 130.513141359000088, -1.969470071999979 ] ] ], [ [ [ 130.522663588000114, -1.525704900999926 ], [ 130.525963710000042, -1.527799096999956 ], [ 130.523155202000112, -1.527473310999937 ], [ 130.522663588000114, -1.525704900999926 ] ] ], [ [ [ 130.518401333000043, -1.516861109999979 ], [ 130.515714249000098, -1.518248727999946 ], [ 130.514743268000075, -1.51436967799998 ], [ 130.518401333000043, -1.516861109999979 ] ] ], [ [ [ 130.523763169000063, -0.796430619999967 ], [ 130.532269344000042, -0.802956762999941 ], [ 130.552762887000085, -0.796371311999962 ], [ 130.539205699000036, -0.827892626999926 ], [ 130.519476220000115, -0.82792795499995 ], [ 130.523050348000083, -0.823962220999931 ], [ 130.511234872000045, -0.817555059999961 ], [ 130.510799630000065, -0.801916023999979 ], [ 130.523763169000063, -0.796430619999967 ] ] ], [ [ [ 130.506034102000058, -0.797064497999941 ], [ 130.506796225000016, -0.796979581999949 ], [ 130.506084964000024, -0.79721774099994 ], [ 130.506034102000058, -0.797064497999941 ] ] ], [ [ [ 130.506563052000047, -0.796145766999928 ], [ 130.506847694000044, -0.795761746999972 ], [ 130.507012250000116, -0.79609835499997 ], [ 130.506563052000047, -0.796145766999928 ] ] ], [ [ [ 130.519586551000089, -0.564102614999967 ], [ 130.514944077000109, -0.565696575999937 ], [ 130.514315193000016, -0.564819741999941 ], [ 130.519586551000089, -0.564102614999967 ] ] ], [ [ [ 130.546907752000038, -0.513548141999934 ], [ 130.550096229000019, -0.513786087999961 ], [ 130.547018793, -0.514404747999947 ], [ 130.546907752000038, -0.513548141999934 ] ] ], [ [ [ 130.56052830100009, -0.512945725999941 ], [ 130.560829700000113, -0.512906068999939 ], [ 130.560686932000067, -0.513056767999956 ], [ 130.56052830100009, -0.512945725999941 ] ] ], [ [ [ 130.559853890000113, -0.509382570999946 ], [ 130.558387539000023, -0.513494211999955 ], [ 130.554513897000106, -0.511321908999946 ], [ 130.559853890000113, -0.509382570999946 ] ] ], [ [ [ 130.547762154000111, -0.506566698999961 ], [ 130.547968374000106, -0.506122532999939 ], [ 130.547968374000106, -0.506606356999953 ], [ 130.547762154000111, -0.506566698999961 ] ] ], [ [ [ 130.54497342600007, -0.504828105999934 ], [ 130.545277997000085, -0.504904248999935 ], [ 130.545011789000114, -0.505069941999977 ], [ 130.54497342600007, -0.504828105999934 ] ] ], [ [ [ 130.547809744000119, -0.504583814999933 ], [ 130.547080042000061, -0.505075569999974 ], [ 130.546675534000087, -0.504266552999979 ], [ 130.547809744000119, -0.504583814999933 ] ] ], [ [ [ 130.549587409000083, -0.448029075999955 ], [ 130.549067100000116, -0.447800646999951 ], [ 130.549695278000058, -0.447861984999975 ], [ 130.549587409000083, -0.448029075999955 ] ] ], [ [ [ 130.524127556000053, -0.310214327999972 ], [ 130.523530729000072, -0.311103973999934 ], [ 130.52312818200005, -0.310471309999969 ], [ 130.524127556000053, -0.310214327999972 ] ] ], [ [ [ 130.520114198000101, -0.309021424999969 ], [ 130.522119291000081, -0.309871685999951 ], [ 130.522030458000017, -0.31081077999994 ], [ 130.520114198000101, -0.309021424999969 ] ] ], [ [ [ 130.529346845000077, -0.310162661999925 ], [ 130.530173766000075, -0.30856347799994 ], [ 130.530882846000054, -0.309377253999969 ], [ 130.529346845000077, -0.310162661999925 ] ] ], [ [ [ 130.55662097600009, -0.043445202999976 ], [ 130.555804299000101, -0.04370116399997 ], [ 130.555643645000032, -0.043512573999976 ], [ 130.55662097600009, -0.043445202999976 ] ] ], [ [ [ 130.556502956000031, -0.043182704999936 ], [ 130.556395468000119, -0.041776263999964 ], [ 130.557020732000069, -0.043143352999948 ], [ 130.556502956000031, -0.043182704999936 ] ] ], [ [ [ 130.551403924000056, -0.039180262999935 ], [ 130.553578449000042, -0.04492911899996 ], [ 130.548583028000053, -0.041267106999953 ], [ 130.551403924000056, -0.039180262999935 ] ] ], [ [ [ 130.528927331000091, -0.037978793999969 ], [ 130.52256383800011, -0.044050879999929 ], [ 130.502019273000087, -0.037299833999953 ], [ 130.515648344000056, -0.039139870999975 ], [ 130.524574136000069, -0.033763267999973 ], [ 130.528927331000091, -0.037978793999969 ] ] ], [ [ [ 130.512791804000017, -0.036691272999974 ], [ 130.513056997000035, -0.037100460999966 ], [ 130.512726419000046, -0.037071244999936 ], [ 130.512791804000017, -0.036691272999974 ] ] ], [ [ [ 130.511164265000048, -0.036337854999942 ], [ 130.511925322000025, -0.037021515999925 ], [ 130.510957382000015, -0.036895194999943 ], [ 130.511164265000048, -0.036337854999942 ] ] ], [ [ [ 130.513535579000063, -0.035047155999962 ], [ 130.513882869000099, -0.035745682999959 ], [ 130.513402595000116, -0.03561192899997 ], [ 130.513535579000063, -0.035047155999962 ] ] ], [ [ [ 130.520593954000105, -0.03243764299998 ], [ 130.520501401000047, -0.033927398999936 ], [ 130.519888053000045, -0.033054506999974 ], [ 130.520593954000105, -0.03243764299998 ] ] ], [ [ [ 130.522708576000014, -0.033181327999955 ], [ 130.523566659000039, -0.032673144999933 ], [ 130.523594349000064, -0.033404250999979 ], [ 130.522708576000014, -0.033181327999955 ] ] ], [ [ [ 130.572546687000113, -2.25322833499996 ], [ 130.572512422000045, -2.253342549999957 ], [ 130.572466737000013, -2.253289249999966 ], [ 130.572546687000113, -2.25322833499996 ] ] ], [ [ [ 130.566634987000043, -2.250282127999981 ], [ 130.565484533000017, -2.250513209999951 ], [ 130.566619362000097, -2.250121997999941 ], [ 130.566634987000043, -2.250282127999981 ] ] ], [ [ [ 130.566602253000042, -2.249995321999961 ], [ 130.566771438000046, -2.249706678999928 ], [ 130.567268358000092, -2.24937104299994 ], [ 130.566602253000042, -2.249995321999961 ] ] ], [ [ [ 130.568675484000096, -2.249572003999958 ], [ 130.568870277000087, -2.249312507999946 ], [ 130.568872508000027, -2.249608462999959 ], [ 130.568675484000096, -2.249572003999958 ] ] ], [ [ [ 130.56987722700012, -2.24901585899994 ], [ 130.569465844000092, -2.24830213599995 ], [ 130.569910740000068, -2.248062953999977 ], [ 130.56987722700012, -2.24901585899994 ] ] ], [ [ [ 130.567792303000033, -2.248548343999971 ], [ 130.567348070000094, -2.248456820999934 ], [ 130.567593473000102, -2.247922638999967 ], [ 130.567792303000033, -2.248548343999971 ] ] ], [ [ [ 130.570403243000101, -2.247659466999949 ], [ 130.570622015000026, -2.247436292999964 ], [ 130.57071393700005, -2.247567553999943 ], [ 130.570403243000101, -2.247659466999949 ] ] ], [ [ [ 130.562460768000051, -2.246047929999975 ], [ 130.561207889000116, -2.247168682999927 ], [ 130.561343619000013, -2.24579198899994 ], [ 130.562460768000051, -2.246047929999975 ] ] ], [ [ [ 130.580657151000082, -2.219716707999964 ], [ 130.580575774000067, -2.219685298999934 ], [ 130.580637164000109, -2.219661027999962 ], [ 130.580657151000082, -2.219716707999964 ] ] ], [ [ [ 130.580525805000093, -2.219716707999964 ], [ 130.580437289000088, -2.219692436999935 ], [ 130.580521522000026, -2.21964675199996 ], [ 130.580525805000093, -2.219716707999964 ] ] ], [ [ [ 130.579562175000092, -2.219403427999964 ], [ 130.579301394000026, -2.219811082999968 ], [ 130.578927118000024, -2.219587579999938 ], [ 130.579562175000092, -2.219403427999964 ] ] ], [ [ [ 130.577245838000067, -2.219027026999925 ], [ 130.577482229000111, -2.219797235999977 ], [ 130.575964967000118, -2.219410687999925 ], [ 130.577245838000067, -2.219027026999925 ] ] ], [ [ [ 130.575189636000118, -2.218897670999979 ], [ 130.575538528000038, -2.21930300899993 ], [ 130.574966553000081, -2.219267591999937 ], [ 130.575189636000118, -2.218897670999979 ] ] ], [ [ [ 130.567831621000096, -2.219025444999943 ], [ 130.567957039000021, -2.21903158799995 ], [ 130.56790478500011, -2.219087398999932 ], [ 130.567831621000096, -2.219025444999943 ] ] ], [ [ [ 130.565072035000071, -2.218271030999972 ], [ 130.564870997000071, -2.21817436799995 ], [ 130.565219584000033, -2.218240205999962 ], [ 130.565072035000071, -2.218271030999972 ] ] ], [ [ [ 130.580063629000051, -2.053027258999975 ], [ 130.579644994000091, -2.053079554999954 ], [ 130.579966446000071, -2.05234741299995 ], [ 130.580063629000051, -2.053027258999975 ] ] ], [ [ [ 130.579428200000052, -2.051562973999978 ], [ 130.580018775000099, -2.051361260999954 ], [ 130.580115959000068, -2.051764686999945 ], [ 130.579428200000052, -2.051562973999978 ] ] ], [ [ [ 130.57894228400005, -2.050240633999977 ], [ 130.578852576000031, -2.049635493999972 ], [ 130.579301114000032, -2.050233162999973 ], [ 130.57894228400005, -2.050240633999977 ] ] ], [ [ [ 130.57913665, -2.048985529999925 ], [ 130.578441416000032, -2.049060237999925 ], [ 130.578979662000052, -2.04867175399994 ], [ 130.57913665, -2.048985529999925 ] ] ], [ [ [ 130.575447588000088, -2.045425781999938 ], [ 130.576174896000111, -2.046578705999934 ], [ 130.576137276000054, -2.046678960999941 ], [ 130.57540996900002, -2.046039839999935 ], [ 130.575447588000088, -2.045425781999938 ] ] ], [ [ [ 130.56294, -1.989021696999941 ], [ 130.56643245600003, -1.991003190999947 ], [ 130.562550678000093, -1.992324702999952 ], [ 130.565879152000093, -1.995188733999953 ], [ 130.567882144, -1.994964508999942 ], [ 130.569161996000048, -1.993848008999976 ], [ 130.569888348000063, -1.990969260999975 ], [ 130.570893378000051, -1.99065399899996 ], [ 130.567344666000054, -1.998963876999937 ], [ 130.572740452000062, -1.994542581999951 ], [ 130.57353756800012, -1.99519793199994 ], [ 130.574323726000102, -1.994944030999932 ], [ 130.57499326300001, -1.994320930999947 ], [ 130.576965044000076, -1.997001483999952 ], [ 130.58450072800008, -1.996798079999962 ], [ 130.583991930000025, -2.001168620999977 ], [ 130.600559851000071, -1.999598884999955 ], [ 130.599953661000086, -2.003229884999939 ], [ 130.548199454000041, -1.996904994999966 ], [ 130.552171894000026, -1.989813725999966 ], [ 130.557084714000098, -1.995329125999945 ], [ 130.56294, -1.989021696999941 ] ] ], [ [ [ 130.578243676000056, -1.995899684999927 ], [ 130.578402605000065, -1.995872413999962 ], [ 130.578385913000034, -1.996004080999967 ], [ 130.578243676000056, -1.995899684999927 ] ] ], [ [ [ 130.576737627000057, -1.995856188999937 ], [ 130.576320979000116, -1.995709641999952 ], [ 130.576709975000085, -1.995606124999938 ], [ 130.576737627000057, -1.995856188999937 ] ] ], [ [ [ 130.578448424000044, -1.995539933999964 ], [ 130.57829739400006, -1.995605558999955 ], [ 130.578276381000023, -1.995553058999974 ], [ 130.578448424000044, -1.995539933999964 ] ] ], [ [ [ 130.580932690000054, -1.995521953999969 ], [ 130.58145309300005, -1.995597363999934 ], [ 130.58124263000002, -1.995832924999945 ], [ 130.580932690000054, -1.995521953999969 ] ] ], [ [ [ 130.574127185000066, -1.994860594999977 ], [ 130.573958679000043, -1.994750196999973 ], [ 130.57422814600011, -1.994680403999951 ], [ 130.574127185000066, -1.994860594999977 ] ] ], [ [ [ 130.570209970000064, -1.994597276999968 ], [ 130.570373860000018, -1.994402165999929 ], [ 130.570425866000051, -1.994449760999942 ], [ 130.570209970000064, -1.994597276999968 ] ] ], [ [ [ 130.568129086000113, -1.99431240499996 ], [ 130.567858592000107, -1.993406992999951 ], [ 130.568058553000014, -1.993190009999978 ], [ 130.568129086000113, -1.99431240499996 ] ] ], [ [ [ 130.568728127000099, -1.993631551999954 ], [ 130.568800441, -1.993769520999933 ], [ 130.56869754100012, -1.993768846999956 ], [ 130.568728127000099, -1.993631551999954 ] ] ], [ [ [ 130.569009522000101, -1.993693186999963 ], [ 130.569009631000085, -1.993430887999978 ], [ 130.569093523000106, -1.993658492999941 ], [ 130.569009522000101, -1.993693186999963 ] ] ], [ [ [ 130.568711407000023, -1.993553700999939 ], [ 130.56882242000006, -1.993543299999942 ], [ 130.568766914000093, -1.993602239999973 ], [ 130.568711407000023, -1.993553700999939 ] ] ], [ [ [ 130.565540642000087, -1.993454220999979 ], [ 130.565690093000057, -1.993309755999974 ], [ 130.565654631000029, -1.993489342999965 ], [ 130.565540642000087, -1.993454220999979 ] ] ], [ [ [ 130.576916851000078, -1.993614703999981 ], [ 130.576884121000035, -1.993112545999963 ], [ 130.577000786000099, -1.993054231999963 ], [ 130.576916851000078, -1.993614703999981 ] ] ], [ [ [ 130.573443589000021, -1.992704934999949 ], [ 130.574272041000086, -1.992859174999978 ], [ 130.573361293000062, -1.994188897999948 ], [ 130.573443589000021, -1.992704934999949 ] ] ], [ [ [ 130.564183747000016, -1.993158636999965 ], [ 130.564252207000095, -1.993088463999925 ], [ 130.564239919000102, -1.993170916999929 ], [ 130.564183747000016, -1.993158636999965 ] ] ], [ [ [ 130.565742535000027, -1.993144601999973 ], [ 130.56563721200007, -1.993081445999962 ], [ 130.565709183000081, -1.993056885999977 ], [ 130.565742535000027, -1.993144601999973 ] ] ], [ [ [ 130.56425045200001, -1.992876188999958 ], [ 130.564169704000051, -1.992920047999974 ], [ 130.564189013000032, -1.992828822999968 ], [ 130.56425045200001, -1.992876188999958 ] ] ], [ [ [ 130.574350847000119, -1.991956222999931 ], [ 130.576762921000068, -1.991580738999971 ], [ 130.576682780000056, -1.993066986999963 ], [ 130.574350847000119, -1.991956222999931 ] ] ], [ [ [ 130.570291418000011, -1.990473907999956 ], [ 130.570387876000041, -1.99015921199998 ], [ 130.57051694800009, -1.990229240999952 ], [ 130.570291418000011, -1.990473907999956 ] ] ], [ [ [ 130.563995491000014, -1.989256118999947 ], [ 130.563834475000021, -1.989169993999951 ], [ 130.563925188000098, -1.989099732999932 ], [ 130.563995491000014, -1.989256118999947 ] ] ], [ [ [ 130.565273884000021, -1.989223486999947 ], [ 130.564817108000057, -1.988811661999932 ], [ 130.565303976000109, -1.988560486999972 ], [ 130.565273884000021, -1.989223486999947 ] ] ], [ [ [ 130.561869560000105, -1.988794329999962 ], [ 130.561718920000089, -1.988801856999942 ], [ 130.561807421000026, -1.988705881999977 ], [ 130.561869560000105, -1.988794329999962 ] ] ], [ [ [ 130.563233284000034, -1.98845197299994 ], [ 130.563253287000066, -1.988763467999945 ], [ 130.563143623000087, -1.988756000999956 ], [ 130.563233284000034, -1.98845197299994 ] ] ], [ [ [ 130.564394631000027, -1.988551246999975 ], [ 130.564185990000055, -1.98865550499994 ], [ 130.564312988000097, -1.988485519999927 ], [ 130.564394631000027, -1.988551246999975 ] ] ], [ [ [ 130.564510290000044, -1.988431123999931 ], [ 130.564349274000051, -1.988394860999961 ], [ 130.564501219000022, -1.988329132999979 ], [ 130.564510290000044, -1.988431123999931 ] ] ], [ [ [ 130.564220007000017, -1.988322333999974 ], [ 130.564074866000055, -1.988324599999942 ], [ 130.564122490000045, -1.988256605999936 ], [ 130.564220007000017, -1.988322333999974 ] ] ], [ [ [ 130.56333328300002, -1.988320066999961 ], [ 130.563371836000101, -1.988206743999967 ], [ 130.563403586000049, -1.988283803999934 ], [ 130.56333328300002, -1.988320066999961 ] ] ], [ [ [ 130.57382176100009, -1.144418105999932 ], [ 130.564643011000044, -1.143028682999955 ], [ 130.577750171000048, -1.137856648999957 ], [ 130.57382176100009, -1.144418105999932 ] ] ], [ [ [ 130.574023498000088, -0.646576643999936 ], [ 130.578845872000102, -0.648416760999964 ], [ 130.573230344000081, -0.649876163999977 ], [ 130.574023498000088, -0.646576643999936 ] ] ], [ [ [ 130.569695953000064, -0.519390181999938 ], [ 130.568350764000115, -0.518616063999957 ], [ 130.568680716000017, -0.518425706999949 ], [ 130.569695953000064, -0.519390181999938 ] ] ], [ [ [ 130.578778895000028, -0.519532636999941 ], [ 130.579135814000097, -0.518718861999957 ], [ 130.579045395000094, -0.519689681999978 ], [ 130.578778895000028, -0.519532636999941 ] ] ], [ [ [ 130.569854901000099, -0.51844960699998 ], [ 130.568991950000054, -0.517396298999927 ], [ 130.570071432000077, -0.517382815999952 ], [ 130.569854901000099, -0.51844960699998 ] ] ], [ [ [ 130.568348173000118, -0.517377791999934 ], [ 130.568567084000051, -0.517850511999939 ], [ 130.568138781000016, -0.517755332999968 ], [ 130.568348173000118, -0.517377791999934 ] ] ], [ [ [ 130.574949426000103, -0.517535425999938 ], [ 130.574711480000019, -0.517257821999976 ], [ 130.574854248000065, -0.517257821999976 ], [ 130.574949426000103, -0.517535425999938 ] ] ], [ [ [ 130.570734350000066, -0.516787368999928 ], [ 130.570386948000078, -0.516849234999938 ], [ 130.570734350000066, -0.516639841999961 ], [ 130.570734350000066, -0.516787368999928 ] ] ], [ [ [ 130.572116816000062, -0.516473279999957 ], [ 130.572319071000038, -0.516680292999979 ], [ 130.571814625000115, -0.516889685999956 ], [ 130.572116816000062, -0.516473279999957 ] ] ], [ [ [ 130.568527003000099, -0.515185197999926 ], [ 130.568371545000105, -0.515419971999961 ], [ 130.568273194000085, -0.515340655999978 ], [ 130.568527003000099, -0.515185197999926 ] ] ], [ [ [ 130.569475615000101, -0.514896489999956 ], [ 130.569380436000074, -0.515305757999954 ], [ 130.569158353000034, -0.514991668999926 ], [ 130.569475615000101, -0.514896489999956 ] ] ], [ [ [ 130.570081584000036, -0.514173133999975 ], [ 130.56983412000011, -0.514550674999953 ], [ 130.56983412000011, -0.514208032999932 ], [ 130.570081584000036, -0.514173133999975 ] ] ], [ [ [ 130.562605849000079, -0.511428835999936 ], [ 130.562834277000093, -0.511819066999976 ], [ 130.562605849000079, -0.511647745999937 ], [ 130.562605849000079, -0.511428835999936 ] ] ], [ [ [ 130.571208832000025, -0.476862127999937 ], [ 130.573131437000029, -0.481646430999945 ], [ 130.568651705000093, -0.480555051999943 ], [ 130.571208832000025, -0.476862127999937 ] ] ], [ [ [ 130.565640893000023, -0.467702154999927 ], [ 130.565437846, -0.468355713999927 ], [ 130.565215763000083, -0.46786078599996 ], [ 130.565640893000023, -0.467702154999927 ] ] ], [ [ [ 130.605467885000053, -0.400940994999928 ], [ 130.620154903000071, -0.39606843599995 ], [ 130.620015307000017, -0.398765158999936 ], [ 130.62284907500009, -0.398660188999941 ], [ 130.61951113300006, -0.407340034999947 ], [ 130.625101629000028, -0.406742753999936 ], [ 130.622000823, -0.410817776999977 ], [ 130.628368473000023, -0.403430086999947 ], [ 130.627411936000044, -0.407688863999965 ], [ 130.649823554000022, -0.410381731999962 ], [ 130.666341481000018, -0.421807070999932 ], [ 130.666419506000011, -0.434728426999925 ], [ 130.680165968000097, -0.43077619099995 ], [ 130.681632169000068, -0.438758416999974 ], [ 130.695974775000082, -0.441522412999973 ], [ 130.69046168300008, -0.462430369999936 ], [ 130.650655565000079, -0.498654674999955 ], [ 130.651865592000036, -0.49991231499996 ], [ 130.648603803000015, -0.502663975999951 ], [ 130.648572748000106, -0.504277449999961 ], [ 130.649392896000109, -0.506572209999945 ], [ 130.652065238000091, -0.508820466999964 ], [ 130.648988958000018, -0.50296414099995 ], [ 130.66500330100007, -0.492236291999973 ], [ 130.660138157000119, -0.490223248999939 ], [ 130.675662230000057, -0.489420342999949 ], [ 130.655374988000062, -0.51380983699994 ], [ 130.577847665000036, -0.535482627999954 ], [ 130.569842786000095, -0.518724257999963 ], [ 130.595499799000095, -0.524448473999939 ], [ 130.592542807000086, -0.518776479999929 ], [ 130.596908912000117, -0.521380320999924 ], [ 130.594065202000024, -0.504493926999942 ], [ 130.6016270450001, -0.500986971999964 ], [ 130.592604072000086, -0.489787250999939 ], [ 130.605000534000055, -0.491843259999939 ], [ 130.60395097300011, -0.484234708999963 ], [ 130.607445086000098, -0.486828085999946 ], [ 130.606606254000098, -0.485587921999979 ], [ 130.606750939000108, -0.484468255999957 ], [ 130.607362852000051, -0.485543118999942 ], [ 130.608667847000106, -0.485527630999968 ], [ 130.609442720000061, -0.487128770999959 ], [ 130.609898647000023, -0.484072455999979 ], [ 130.610222037000085, -0.486249054999973 ], [ 130.613509200000067, -0.488309277999974 ], [ 130.615234576000034, -0.481601672999943 ], [ 130.600726356000109, -0.476719818999925 ], [ 130.602073162000011, -0.467601307999928 ], [ 130.574855857000102, -0.462599864999959 ], [ 130.56393399500007, -0.467192463999936 ], [ 130.566730398000118, -0.490701959999967 ], [ 130.549753273000078, -0.498075514999925 ], [ 130.552216296000097, -0.504470425999955 ], [ 130.549698353000053, -0.50178589199993 ], [ 130.544811121000066, -0.504628986999933 ], [ 130.545710076000091, -0.511769908999952 ], [ 130.531384514000024, -0.502089242999944 ], [ 130.527131024000028, -0.509872194999957 ], [ 130.512013830000114, -0.506214829999976 ], [ 130.468159597000067, -0.519787091999945 ], [ 130.456403016000081, -0.509344270999975 ], [ 130.498265290000063, -0.497751990999973 ], [ 130.513526456000022, -0.486091593999959 ], [ 130.468806474000075, -0.483991461999949 ], [ 130.46180710100009, -0.456049009999958 ], [ 130.474610571000085, -0.463567540999975 ], [ 130.492549505000056, -0.453245859999925 ], [ 130.481364369000062, -0.448986740999942 ], [ 130.475920486000064, -0.451376273999927 ], [ 130.479720067000017, -0.44810769299994 ], [ 130.47035087200004, -0.445351864999964 ], [ 130.476535564000073, -0.438982366999937 ], [ 130.492492090000042, -0.430015343999969 ], [ 130.509780674000012, -0.437834112999951 ], [ 130.508220517000041, -0.448402856999962 ], [ 130.524024377000046, -0.467934281999931 ], [ 130.562321925000106, -0.447530026999971 ], [ 130.552874634000091, -0.432094009999958 ], [ 130.558994478000045, -0.430859045999966 ], [ 130.565637586000094, -0.425167825999949 ], [ 130.570480784000097, -0.42619749499994 ], [ 130.575685711000119, -0.424909771999978 ], [ 130.595487439000067, -0.412734671999942 ], [ 130.602229798000053, -0.421289524999963 ], [ 130.619920719000106, -0.419608403999973 ], [ 130.616871792000097, -0.414790374999939 ], [ 130.615267913000025, -0.415233883999974 ], [ 130.613625053000078, -0.418326629999967 ], [ 130.611012300000084, -0.419017720999932 ], [ 130.616350942000054, -0.413935265999953 ], [ 130.605467885000053, -0.400940994999928 ] ] ], [ [ [ 130.569762829000069, -0.425061482999979 ], [ 130.570661419000089, -0.424867940999945 ], [ 130.570043425000108, -0.425563126999975 ], [ 130.569762829000069, -0.425061482999979 ] ] ], [ [ [ 130.566845367000042, -0.424208552999971 ], [ 130.566835592000075, -0.423849556999926 ], [ 130.567005529000085, -0.423952088999954 ], [ 130.566845367000042, -0.424208552999971 ] ] ], [ [ [ 130.567381092000119, -0.423342860999981 ], [ 130.567729437000025, -0.422970343999964 ], [ 130.567813495000109, -0.423320868999951 ], [ 130.567381092000119, -0.423342860999981 ] ] ], [ [ [ 130.568172527000115, -0.423107214999959 ], [ 130.568567899000072, -0.422900761999927 ], [ 130.568545720000088, -0.423223994999944 ], [ 130.568172527000115, -0.423107214999959 ] ] ], [ [ [ 130.5661099780001, -0.42326918599997 ], [ 130.566548459000046, -0.422689942999966 ], [ 130.566204025000047, -0.423572534999948 ], [ 130.5661099780001, -0.42326918599997 ] ] ], [ [ [ 130.569803381000042, -0.422160176999967 ], [ 130.569391529000086, -0.421538900999963 ], [ 130.569936260000077, -0.421459130999949 ], [ 130.569803381000042, -0.422160176999967 ] ] ], [ [ [ 130.566066661000036, -0.421802308999929 ], [ 130.566481949000035, -0.420914529999948 ], [ 130.56656785600012, -0.422159866999948 ], [ 130.566066661000036, -0.421802308999929 ] ] ], [ [ [ 130.572405180000032, -0.42130749699993 ], [ 130.572471522000114, -0.421611565999967 ], [ 130.57236282000008, -0.421608919999926 ], [ 130.572405180000032, -0.42130749699993 ] ] ], [ [ [ 130.567535365000026, -0.421358470999962 ], [ 130.567893737000077, -0.421123338999962 ], [ 130.567599128000097, -0.421569470999941 ], [ 130.567535365000026, -0.421358470999962 ] ] ], [ [ [ 130.577887315000112, -0.42109379599998 ], [ 130.578135794000104, -0.421195904999934 ], [ 130.578070995000076, -0.421280685999932 ], [ 130.577887315000112, -0.42109379599998 ] ] ], [ [ [ 130.578460850000056, -0.421173852999971 ], [ 130.578658129000019, -0.420414581999978 ], [ 130.578789898000082, -0.421120815999927 ], [ 130.578460850000056, -0.421173852999971 ] ] ], [ [ [ 130.577178082000046, -0.420740289999969 ], [ 130.577568301000042, -0.42078627099994 ], [ 130.577476775000036, -0.420955164999953 ], [ 130.577178082000046, -0.420740289999969 ] ] ], [ [ [ 130.576387697000087, -0.420372102999977 ], [ 130.576560063000102, -0.420584363999978 ], [ 130.576334998000107, -0.420633942999928 ], [ 130.576387697000087, -0.420372102999977 ] ] ], [ [ [ 130.571363175000101, -0.421087652999972 ], [ 130.571425462000093, -0.419396660999951 ], [ 130.572273144000064, -0.421015198999953 ], [ 130.571363175000101, -0.421087652999972 ] ] ], [ [ [ 130.580150011000114, -0.419977794999966 ], [ 130.580127357000038, -0.42020996399998 ], [ 130.579883369000072, -0.420236647999957 ], [ 130.580150011000114, -0.419977794999966 ] ] ], [ [ [ 130.56649553200009, -0.419157431999963 ], [ 130.565258954000114, -0.420408986999973 ], [ 130.56476821800004, -0.419609640999965 ], [ 130.56649553200009, -0.419157431999963 ] ] ], [ [ [ 130.581047148000039, -0.419863387999953 ], [ 130.581504377000101, -0.419248385999936 ], [ 130.58140473800006, -0.419951157999947 ], [ 130.581047148000039, -0.419863387999953 ] ] ], [ [ [ 130.57008557600011, -0.419568204999962 ], [ 130.570397786000058, -0.419361253999966 ], [ 130.570357218000026, -0.419593689999942 ], [ 130.57008557600011, -0.419568204999962 ] ] ], [ [ [ 130.57218195300004, -0.41954136399994 ], [ 130.572599200000013, -0.419204855999965 ], [ 130.572591264000039, -0.419638167999949 ], [ 130.57218195300004, -0.41954136399994 ] ] ], [ [ [ 130.574187014000017, -0.418592843999932 ], [ 130.574006644000065, -0.418107702999976 ], [ 130.574385225000015, -0.418084953999937 ], [ 130.574187014000017, -0.418592843999932 ] ] ], [ [ [ 130.578374811000117, -0.418154824999931 ], [ 130.578764248000084, -0.418197323999948 ], [ 130.578675401000055, -0.418423058999963 ], [ 130.578374811000117, -0.418154824999931 ] ] ], [ [ [ 130.56786447200011, -0.41757520699997 ], [ 130.566149433000078, -0.417631821999976 ], [ 130.566174186000012, -0.417106664999949 ], [ 130.56786447200011, -0.41757520699997 ] ] ], [ [ [ 130.569822485000032, -0.418180726999935 ], [ 130.570339724000064, -0.417866391999951 ], [ 130.570287745000087, -0.418272283999954 ], [ 130.569822485000032, -0.418180726999935 ] ] ], [ [ [ 130.574554167000088, -0.417661566999925 ], [ 130.57369175700012, -0.417364929999962 ], [ 130.574707295000053, -0.417404681999926 ], [ 130.574554167000088, -0.417661566999925 ] ] ], [ [ [ 130.578318308, -0.417180921999943 ], [ 130.578617508000093, -0.417508148999957 ], [ 130.578426828000033, -0.41757966199998 ], [ 130.578318308, -0.417180921999943 ] ] ], [ [ [ 130.570151322000015, -0.41673985999995 ], [ 130.570497835000083, -0.41727839899994 ], [ 130.570014961000084, -0.417246815999931 ], [ 130.570151322000015, -0.41673985999995 ] ] ], [ [ [ 130.565209345000085, -0.416960228999926 ], [ 130.565684603000022, -0.416495954999959 ], [ 130.565740599000037, -0.416865179999945 ], [ 130.565209345000085, -0.416960228999926 ] ] ], [ [ [ 130.567822881000097, -0.41709639499993 ], [ 130.568464954000092, -0.416490541999963 ], [ 130.567921702000035, -0.41723615799998 ], [ 130.567822881000097, -0.41709639499993 ] ] ], [ [ [ 130.567122322000046, -0.41636559799997 ], [ 130.566225637000116, -0.415611271999978 ], [ 130.567392916000017, -0.41604217899993 ], [ 130.567122322000046, -0.41636559799997 ] ] ], [ [ [ 130.570662805000097, -0.416301617999977 ], [ 130.571021229000053, -0.415517105999925 ], [ 130.570971381000049, -0.416477739999948 ], [ 130.570662805000097, -0.416301617999977 ] ] ], [ [ [ 130.566231356000117, -0.414635369999928 ], [ 130.566334300000108, -0.414229757999976 ], [ 130.566813689000014, -0.414720881999926 ], [ 130.566231356000117, -0.414635369999928 ] ] ], [ [ [ 130.569873782000059, -0.41469015499996 ], [ 130.568111146000092, -0.414817826999979 ], [ 130.56792096300012, -0.412985344999925 ], [ 130.569873782000059, -0.41469015499996 ] ] ], [ [ [ 130.568328719000078, -0.412065607999978 ], [ 130.568361302000085, -0.412384570999961 ], [ 130.568145878000109, -0.412396885999954 ], [ 130.568328719000078, -0.412065607999978 ] ] ], [ [ [ 130.567802792000066, -0.410490133999929 ], [ 130.567000471000028, -0.409861396999929 ], [ 130.568354605000081, -0.408713395999939 ], [ 130.567802792000066, -0.410490133999929 ] ] ], [ [ [ 130.570230860000038, -0.407120555999938 ], [ 130.568827851000037, -0.408106300999975 ], [ 130.568184751000103, -0.407589730999973 ], [ 130.570230860000038, -0.407120555999938 ] ] ], [ [ [ 130.570229189000088, -0.40697427799995 ], [ 130.57077533000006, -0.40647796899998 ], [ 130.570653492000019, -0.407203619999962 ], [ 130.570229189000088, -0.40697427799995 ] ] ], [ [ [ 130.570981743000061, -0.405673538999963 ], [ 130.570305660000031, -0.404661315999931 ], [ 130.571566541000038, -0.403590563999956 ], [ 130.570981743000061, -0.405673538999963 ] ] ], [ [ [ 130.571913038000048, -0.403926367999929 ], [ 130.571800896000013, -0.404154593999976 ], [ 130.571800848000066, -0.403909079999949 ], [ 130.571913038000048, -0.403926367999929 ] ] ], [ [ [ 130.571752466000021, -0.402455931999953 ], [ 130.571935345000043, -0.402832347999947 ], [ 130.571712558000058, -0.402861131999941 ], [ 130.571752466000021, -0.402455931999953 ] ] ], [ [ [ 130.571237241000063, -0.400658570999951 ], [ 130.57173820200012, -0.400191556999971 ], [ 130.571832740000104, -0.40063779999997 ], [ 130.571237241000063, -0.400658570999951 ] ] ], [ [ [ 130.574253528000099, -0.400301089999971 ], [ 130.574907378000034, -0.399927442999967 ], [ 130.574333706000061, -0.400441145999935 ], [ 130.574253528000099, -0.400301089999971 ] ] ], [ [ [ 130.575628179000091, -0.399014713999975 ], [ 130.576117185000044, -0.398856758999955 ], [ 130.575641281000117, -0.399133113999937 ], [ 130.575628179000091, -0.399014713999975 ] ] ], [ [ [ 130.576588672000071, -0.398214264999979 ], [ 130.57674015900011, -0.398485813999969 ], [ 130.576545931000055, -0.398465981999948 ], [ 130.576588672000071, -0.398214264999979 ] ] ], [ [ [ 130.574019791000069, -0.398161056999925 ], [ 130.574555714000098, -0.398022301999958 ], [ 130.574395004000053, -0.398384376999957 ], [ 130.574019791000069, -0.398161056999925 ] ] ], [ [ [ 130.575107600000024, -0.397245859999941 ], [ 130.574771303000034, -0.397398145999944 ], [ 130.574847446000035, -0.397106264999934 ], [ 130.575107600000024, -0.397245859999941 ] ] ], [ [ [ 130.579843849000099, -0.394059220999964 ], [ 130.579925914000114, -0.393966710999962 ], [ 130.579934866000031, -0.394044299999962 ], [ 130.579843849000099, -0.394059220999964 ] ] ], [ [ [ 130.579845341, -0.393586227999947 ], [ 130.579922930000066, -0.393502670999965 ], [ 130.579919945000029, -0.393569814999978 ], [ 130.579845341, -0.393586227999947 ] ] ], [ [ [ 130.579406832000018, -0.392715702999965 ], [ 130.580142014000103, -0.393185037999956 ], [ 130.579573158000017, -0.393410229999972 ], [ 130.579406832000018, -0.392715702999965 ] ] ], [ [ [ 130.562197210000022, -0.367708807999975 ], [ 130.561843213000088, -0.368174713999963 ], [ 130.561679734000109, -0.367836779999948 ], [ 130.562197210000022, -0.367708807999975 ] ] ], [ [ [ 130.562850863000108, -0.367553408999925 ], [ 130.563531877000059, -0.368101340999942 ], [ 130.562923602000069, -0.368165388999955 ], [ 130.562850863000108, -0.367553408999925 ] ] ], [ [ [ 130.563799871000015, -0.365335672999947 ], [ 130.564181233000113, -0.365760696999928 ], [ 130.563887572000112, -0.365978480999956 ], [ 130.563799871000015, -0.365335672999947 ] ] ], [ [ [ 130.565925012000093, -0.365652921999924 ], [ 130.566329432000089, -0.365490078999926 ], [ 130.566353083000081, -0.365785086999949 ], [ 130.565925012000093, -0.365652921999924 ] ] ], [ [ [ 130.562377583000057, -0.365534390999926 ], [ 130.563356076000105, -0.364984701999958 ], [ 130.562901052000029, -0.365777001999959 ], [ 130.562377583000057, -0.365534390999926 ] ] ], [ [ [ 130.565210342000114, -0.364083377999975 ], [ 130.56528013500008, -0.365281773999925 ], [ 130.564801055000089, -0.364314068999931 ], [ 130.565210342000114, -0.364083377999975 ] ] ], [ [ [ 130.568547598, -0.364319363999925 ], [ 130.569248583000103, -0.36457431499997 ], [ 130.568821099000047, -0.364819469999929 ], [ 130.568547598, -0.364319363999925 ] ] ], [ [ [ 130.56465214800005, -0.364393020999955 ], [ 130.563777720000076, -0.364621722999971 ], [ 130.563651620000087, -0.364014816999941 ], [ 130.56465214800005, -0.364393020999955 ] ] ], [ [ [ 130.566058541000075, -0.364030755999977 ], [ 130.566173449000075, -0.364339675999929 ], [ 130.566042184000025, -0.364349131999973 ], [ 130.566058541000075, -0.364030755999977 ] ] ], [ [ [ 130.562600209000038, -0.364155533999963 ], [ 130.563310885000078, -0.364075442999933 ], [ 130.563292264000097, -0.364559964999955 ], [ 130.562600209000038, -0.364155533999963 ] ] ], [ [ [ 130.570608922000019, -0.364775781999924 ], [ 130.570828206000101, -0.36314238999995 ], [ 130.571314210000082, -0.364882763999958 ], [ 130.570608922000019, -0.364775781999924 ] ] ], [ [ [ 130.568291168000087, -0.365227731999937 ], [ 130.56775256700007, -0.362722042999962 ], [ 130.567883970000025, -0.362671654999929 ], [ 130.568291168000087, -0.365227731999937 ] ] ], [ [ [ 130.573185463000073, -0.36381283399993 ], [ 130.573664285000064, -0.363455860999977 ], [ 130.573737829000038, -0.363848423999968 ], [ 130.573185463000073, -0.36381283399993 ] ] ], [ [ [ 130.575598609000053, -0.363426869999955 ], [ 130.575400345000048, -0.363488285999949 ], [ 130.575589883000021, -0.363356726999939 ], [ 130.575598609000053, -0.363426869999955 ] ] ], [ [ [ 130.575254714000039, -0.363128825999979 ], [ 130.575242727000045, -0.363472169999966 ], [ 130.575098181000044, -0.363411609999957 ], [ 130.575254714000039, -0.363128825999979 ] ] ], [ [ [ 130.572308404000069, -0.363722186999951 ], [ 130.573054868000099, -0.362401794999926 ], [ 130.573469012000032, -0.362319413999955 ], [ 130.572308404000069, -0.363722186999951 ] ] ], [ [ [ 130.575527025000042, -0.362784161999969 ], [ 130.576137096000025, -0.362789010999961 ], [ 130.575714037000012, -0.363056376999964 ], [ 130.575527025000042, -0.362784161999969 ] ] ], [ [ [ 130.566470707, -0.362782435999975 ], [ 130.567084588000057, -0.362102190999963 ], [ 130.566675387000032, -0.362882235999962 ], [ 130.566470707, -0.362782435999975 ] ] ], [ [ [ 130.566001329000073, -0.361652426999967 ], [ 130.566285405000031, -0.361904340999956 ], [ 130.565983043000074, -0.361833714999932 ], [ 130.566001329000073, -0.361652426999967 ] ] ], [ [ [ 130.574473809000096, -0.361438962999955 ], [ 130.574830213000041, -0.361653149999938 ], [ 130.574421713000106, -0.361797506999949 ], [ 130.574473809000096, -0.361438962999955 ] ] ], [ [ [ 130.575497171000052, -0.361729435999962 ], [ 130.575536784000064, -0.361499307999964 ], [ 130.57583562700006, -0.361330496999926 ], [ 130.575497171000052, -0.361729435999962 ] ] ], [ [ [ 130.566767528000014, -0.360821321999936 ], [ 130.567076118000045, -0.360591272999955 ], [ 130.567148571000075, -0.360963090999974 ], [ 130.566767528000014, -0.360821321999936 ] ] ], [ [ [ 130.562745762000077, -0.360494691999975 ], [ 130.56277547000002, -0.36070368299994 ], [ 130.562634516000116, -0.360692510999968 ], [ 130.562745762000077, -0.360494691999975 ] ] ], [ [ [ 130.565050201000076, -0.359473425999965 ], [ 130.564510173000031, -0.358942007999929 ], [ 130.565322086000037, -0.359297510999966 ], [ 130.565050201000076, -0.359473425999965 ] ] ], [ [ [ 130.563589465000064, -0.358030394999957 ], [ 130.563888765000115, -0.357844065999927 ], [ 130.563839434000101, -0.358092447999979 ], [ 130.563589465000064, -0.358030394999957 ] ] ], [ [ [ 130.566124479000109, -0.357826950999936 ], [ 130.566428389000066, -0.357649103999961 ], [ 130.566401910000081, -0.357782451999924 ], [ 130.566124479000109, -0.357826950999936 ] ] ], [ [ [ 130.566145943000038, -0.355147446999979 ], [ 130.56564473800006, -0.355974597999932 ], [ 130.565522917000067, -0.354988072999959 ], [ 130.566145943000038, -0.355147446999979 ] ] ], [ [ [ 130.567962142000056, -0.354794416999937 ], [ 130.568184528000074, -0.354790100999935 ], [ 130.568096727000011, -0.354916947999925 ], [ 130.567962142000056, -0.354794416999937 ] ] ], [ [ [ 130.567012274000035, -0.354551060999938 ], [ 130.566336137, -0.354068339999969 ], [ 130.566749237000067, -0.353807949999975 ], [ 130.567012274000035, -0.354551060999938 ] ] ], [ [ [ 130.576934856000094, -0.354200833999926 ], [ 130.57719183800009, -0.354762386999937 ], [ 130.577039553000077, -0.354900394999959 ], [ 130.576934856000094, -0.354200833999926 ] ] ], [ [ [ 130.583217955, -0.35327019999994 ], [ 130.58046717600007, -0.353827346999935 ], [ 130.583386807000011, -0.352999343999954 ], [ 130.583217955, -0.35327019999994 ] ] ], [ [ [ 130.577758150000022, -0.353225254999927 ], [ 130.578733729000078, -0.353425129999948 ], [ 130.578491024000073, -0.354134208999938 ], [ 130.577758150000022, -0.353225254999927 ] ] ], [ [ [ 130.567243735000034, -0.352676364999979 ], [ 130.566090067000118, -0.353146806999973 ], [ 130.566123715000117, -0.352905319999934 ], [ 130.567243735000034, -0.352676364999979 ] ] ], [ [ [ 130.567901759000051, -0.352798824999979 ], [ 130.56811008000011, -0.353076907999935 ], [ 130.567814689000102, -0.352951238999935 ], [ 130.567901759000051, -0.352798824999979 ] ] ], [ [ [ 130.577187714000047, -0.353063451999958 ], [ 130.577336827000067, -0.352838195999936 ], [ 130.577289237000059, -0.353044415999932 ], [ 130.577187714000047, -0.353063451999958 ] ] ], [ [ [ 130.576959285000044, -0.352425755999946 ], [ 130.576873625000076, -0.352790606999974 ], [ 130.576734030000011, -0.35253679799996 ], [ 130.576959285000044, -0.352425755999946 ] ] ], [ [ [ 130.568064627000012, -0.352068449999933 ], [ 130.567120849000048, -0.352365955999971 ], [ 130.56717315100002, -0.351560242999938 ], [ 130.568064627000012, -0.352068449999933 ] ] ], [ [ [ 130.570562045000088, -0.352172971999948 ], [ 130.570663309000111, -0.351913512999943 ], [ 130.570746258000099, -0.352262511999925 ], [ 130.570562045000088, -0.352172971999948 ] ] ], [ [ [ 130.575139402000104, -0.351631105999957 ], [ 130.574878037000076, -0.350507955999944 ], [ 130.575508164000098, -0.351893812999947 ], [ 130.575139402000104, -0.351631105999957 ] ] ], [ [ [ 130.578531553000062, -0.34951386299997 ], [ 130.578933234000033, -0.349906786999952 ], [ 130.57871870300005, -0.35008948199993 ], [ 130.578531553000062, -0.34951386299997 ] ] ], [ [ [ 130.576595892000114, -0.347888965999971 ], [ 130.576662043000056, -0.347705273999964 ], [ 130.576885729000082, -0.347960091999937 ], [ 130.576595892000114, -0.347888965999971 ] ] ], [ [ [ 130.58083811500012, -0.348335113999951 ], [ 130.581218967000041, -0.347408218999931 ], [ 130.581649728000116, -0.347428638999929 ], [ 130.58083811500012, -0.348335113999951 ] ] ], [ [ [ 130.582253427000069, -0.347491753999975 ], [ 130.58298369900001, -0.345689881999931 ], [ 130.583238060000099, -0.345657335999931 ], [ 130.582253427000069, -0.347491753999975 ] ] ], [ [ [ 130.577962703000026, -0.345576463999976 ], [ 130.578371039000103, -0.345579732999965 ], [ 130.578205100000105, -0.345877031999976 ], [ 130.577962703000026, -0.345576463999976 ] ] ], [ [ [ 130.579352441000083, -0.346028992999948 ], [ 130.579971334000106, -0.344859257999929 ], [ 130.579563825000037, -0.346100964999948 ], [ 130.579352441000083, -0.346028992999948 ] ] ], [ [ [ 130.576448041000049, -0.345660446999943 ], [ 130.576638736000064, -0.345296643999973 ], [ 130.576541994000081, -0.345683348999955 ], [ 130.576448041000049, -0.345660446999943 ] ] ], [ [ [ 130.58192525000004, -0.345192362999967 ], [ 130.582534802000055, -0.345178386999976 ], [ 130.581963898000026, -0.345364405999931 ], [ 130.58192525000004, -0.345192362999967 ] ] ], [ [ [ 130.57614219900006, -0.344866803999935 ], [ 130.574666284000045, -0.345139378999932 ], [ 130.576213819000031, -0.343631716999937 ], [ 130.57614219900006, -0.344866803999935 ] ] ], [ [ [ 130.577796192000051, -0.344305639999959 ], [ 130.578276633000087, -0.344280553999965 ], [ 130.577982641000062, -0.34472647399997 ], [ 130.577796192000051, -0.344305639999959 ] ] ], [ [ [ 130.580555010000012, -0.340984938999952 ], [ 130.580484358000035, -0.34232544799994 ], [ 130.580120536000095, -0.342268459999957 ], [ 130.580555010000012, -0.340984938999952 ] ] ], [ [ [ 130.577670638000086, -0.342329903999939 ], [ 130.577040833000069, -0.340453795999963 ], [ 130.577922625000042, -0.342554691999965 ], [ 130.577670638000086, -0.342329903999939 ] ] ], [ [ [ 130.583078964000038, -0.340746839999952 ], [ 130.581551889000025, -0.342972409999959 ], [ 130.582896479000055, -0.339398469999935 ], [ 130.580072648000055, -0.340686769999934 ], [ 130.5791201400001, -0.339469271999974 ], [ 130.583223706000012, -0.336991453999929 ], [ 130.583078964000038, -0.340746839999952 ] ] ], [ [ [ 130.58166729800007, -0.32222491999994 ], [ 130.580767062000064, -0.323293816999978 ], [ 130.58081749300004, -0.322291216999929 ], [ 130.58166729800007, -0.32222491999994 ] ] ], [ [ [ 130.582214220000083, -0.322574129999964 ], [ 130.582321413000045, -0.322826608999947 ], [ 130.582081724000091, -0.32281246499997 ], [ 130.582214220000083, -0.322574129999964 ] ] ], [ [ [ 130.572591159000012, -2.245290230999956 ], [ 130.616670305000071, -2.246776036999961 ], [ 130.623130668000044, -2.252799564999975 ], [ 130.577651471000081, -2.255275935999975 ], [ 130.574713226000085, -2.253179857999953 ], [ 130.573499713000047, -2.254610784999954 ], [ 130.572644681000043, -2.252914870999973 ], [ 130.571421686, -2.253320680999934 ], [ 130.572591159000012, -2.245290230999956 ] ] ], [ [ [ 130.608940582000059, -2.22184601899994 ], [ 130.606819384000119, -2.223590193999939 ], [ 130.604938708000077, -2.223165094999956 ], [ 130.608940582000059, -2.22184601899994 ] ] ], [ [ [ 130.589249439000014, -2.221458077999955 ], [ 130.597518866000087, -2.22113451599995 ], [ 130.604604117, -2.223028820999957 ], [ 130.589249439000014, -2.221458077999955 ] ] ], [ [ [ 130.611639701000058, -2.220973991999927 ], [ 130.611949591000098, -2.220633257999964 ], [ 130.611714802000051, -2.221200837999959 ], [ 130.611639701000058, -2.220973991999927 ] ] ], [ [ [ 130.58055097700003, -2.220214870999939 ], [ 130.585711246000074, -2.220033376999936 ], [ 130.58844999400003, -2.221490721999942 ], [ 130.58055097700003, -2.220214870999939 ] ] ], [ [ [ 130.610370289000116, -2.195468399999925 ], [ 130.610400429000038, -2.195717436999928 ], [ 130.610287960000051, -2.195652363999955 ], [ 130.610370289000116, -2.195468399999925 ] ] ], [ [ [ 130.608547623000049, -2.19416919799994 ], [ 130.60850791900009, -2.194416538999974 ], [ 130.608277201000078, -2.194218416999945 ], [ 130.608547623000049, -2.19416919799994 ] ] ], [ [ [ 130.589929927000071, -2.192769431999977 ], [ 130.600279304000082, -2.190261643999975 ], [ 130.605569555000102, -2.194389236999939 ], [ 130.589929927000071, -2.192769431999977 ] ] ], [ [ [ 130.601541564000058, -2.189389909999932 ], [ 130.603835573000083, -2.190428544999975 ], [ 130.603187995000098, -2.190502052999932 ], [ 130.601541564000058, -2.189389909999932 ] ] ], [ [ [ 130.605306729000063, -2.173454965999952 ], [ 130.60590021500002, -2.178721893999978 ], [ 130.59951830600005, -2.17749897799996 ], [ 130.605191553000054, -2.17527433999993 ], [ 130.605306729000063, -2.173454965999952 ] ] ], [ [ [ 130.614220442000033, -2.175621175999936 ], [ 130.615537055000118, -2.176081676999956 ], [ 130.612456143000031, -2.176409603999957 ], [ 130.614220442000033, -2.175621175999936 ] ] ], [ [ [ 130.595782845000031, -2.173990076999928 ], [ 130.597151845000099, -2.175254370999937 ], [ 130.595438445000013, -2.174592650999955 ], [ 130.595782845000031, -2.173990076999928 ] ] ], [ [ [ 130.603129687000092, -2.173697997999966 ], [ 130.603996071000097, -2.17471812499997 ], [ 130.602707234000036, -2.174275558999966 ], [ 130.603129687000092, -2.173697997999966 ] ] ], [ [ [ 130.593800660000056, -2.173668419999956 ], [ 130.594001148000075, -2.173427906999962 ], [ 130.593913662000091, -2.173703768999928 ], [ 130.593800660000056, -2.173668419999956 ] ] ], [ [ [ 130.592057159000092, -2.172822397999937 ], [ 130.591937675000054, -2.172725693999951 ], [ 130.592193689000055, -2.172817377999934 ], [ 130.592057159000092, -2.172822397999937 ] ] ], [ [ [ 130.585701406000112, -2.052561355999956 ], [ 130.585626349000108, -2.052088794999975 ], [ 130.585934086000066, -2.052186307999932 ], [ 130.585701406000112, -2.052561355999956 ] ] ], [ [ [ 130.586917343000096, -2.050333566999939 ], [ 130.587780508000037, -2.051391204999959 ], [ 130.586834780000117, -2.051023656999973 ], [ 130.586917343000096, -2.050333566999939 ] ] ], [ [ [ 130.585296094000114, -2.049800997999967 ], [ 130.58470313700002, -2.050581099999931 ], [ 130.584357871000066, -2.049996022999949 ], [ 130.585296094000114, -2.049800997999967 ] ] ], [ [ [ 130.585341129000085, -2.049695983999925 ], [ 130.5855587960001, -2.049440950999951 ], [ 130.585596325000097, -2.049680981999927 ], [ 130.585341129000085, -2.049695983999925 ] ] ], [ [ [ 130.604805528000043, -2.000434669999947 ], [ 130.604224327000111, -1.99921197499998 ], [ 130.604811215000041, -1.998912148999977 ], [ 130.604805528000043, -2.000434669999947 ] ] ], [ [ [ 130.610407025000086, -1.999599902999933 ], [ 130.610356462000027, -1.999912207999955 ], [ 130.610225591000017, -1.999861643999964 ], [ 130.610407025000086, -1.999599902999933 ] ] ], [ [ [ 130.610987019000049, -1.999448212999937 ], [ 130.610847226000033, -1.999317341999927 ], [ 130.611007839000081, -1.999308418999931 ], [ 130.610987019000049, -1.999448212999937 ] ] ], [ [ [ 130.599042764000046, -1.999015327999928 ], [ 130.599002492000068, -1.998821410999938 ], [ 130.599119646000077, -1.99888361099994 ], [ 130.599042764000046, -1.999015327999928 ] ] ], [ [ [ 130.585782023000093, -1.999004786999933 ], [ 130.585649074000116, -1.998630670999944 ], [ 130.585930319000113, -1.998940465999965 ], [ 130.585782023000093, -1.999004786999933 ] ] ], [ [ [ 130.595040793000067, -1.999086501999955 ], [ 130.596157716000107, -1.997863012999971 ], [ 130.595218301000045, -1.999346413999945 ], [ 130.595040793000067, -1.999086501999955 ] ] ], [ [ [ 130.586668951000092, -1.998502740999925 ], [ 130.586929269000052, -1.997703108999929 ], [ 130.587259535000044, -1.997776956999928 ], [ 130.586668951000092, -1.998502740999925 ] ] ], [ [ [ 130.596685041000114, -1.997972446999938 ], [ 130.596357406000038, -1.997918993999974 ], [ 130.596611992000021, -1.997711072999948 ], [ 130.596685041000114, -1.997972446999938 ] ] ], [ [ [ 130.593256615000087, -1.997363322999945 ], [ 130.593071019000035, -1.997532576999959 ], [ 130.593047819000049, -1.997365641999977 ], [ 130.593256615000087, -1.997363322999945 ] ] ], [ [ [ 130.594477181000116, -1.997140996999974 ], [ 130.594713333000072, -1.997936793999941 ], [ 130.594419345000119, -1.997896854999965 ], [ 130.594477181000116, -1.997140996999974 ] ] ], [ [ [ 130.592402872000093, -1.996913524999968 ], [ 130.592238155000018, -1.996846286999926 ], [ 130.592300794000039, -1.996795278999969 ], [ 130.592402872000093, -1.996913524999968 ] ] ], [ [ [ 130.605388652000102, -1.996357118999924 ], [ 130.604415588000052, -1.995941391999963 ], [ 130.60560736900004, -1.995958763999965 ], [ 130.605388652000102, -1.996357118999924 ] ] ], [ [ [ 130.583472155000095, -1.995429674999968 ], [ 130.583412997000096, -1.994756182999936 ], [ 130.583679078000046, -1.995483247999971 ], [ 130.583472155000095, -1.995429674999968 ] ] ], [ [ [ 130.584457364000059, -1.99518242299996 ], [ 130.584637784000051, -1.994664299999954 ], [ 130.584557828000015, -1.995206738999968 ], [ 130.584457364000059, -1.99518242299996 ] ] ], [ [ [ 130.583196596000107, -1.994714877999968 ], [ 130.582909020000102, -1.99463647999994 ], [ 130.583006755000042, -1.994537286999957 ], [ 130.583196596000107, -1.994714877999968 ] ] ], [ [ [ 130.588945766000052, -1.151772980999965 ], [ 130.590155992000064, -1.151623623999967 ], [ 130.589167753000083, -1.152228178999962 ], [ 130.588945766000052, -1.151772980999965 ] ] ], [ [ [ 130.589613891000113, -1.14799477899993 ], [ 130.589513953000051, -1.147766350999973 ], [ 130.589742381000065, -1.147809180999957 ], [ 130.589613891000113, -1.14799477899993 ] ] ], [ [ [ 130.595142253000063, -1.14145347799996 ], [ 130.597056091000013, -1.150043787999948 ], [ 130.594574121000051, -1.150724196999931 ], [ 130.595142253000063, -1.14145347799996 ] ] ], [ [ [ 130.582295094000074, -1.137361428999952 ], [ 130.59492905400009, -1.140074231999961 ], [ 130.580190753000011, -1.146652046999975 ], [ 130.582295094000074, -1.137361428999952 ] ] ], [ [ [ 130.596560166000017, -0.656052450999937 ], [ 130.587841821000097, -0.656065141999932 ], [ 130.600176947000023, -0.653907763999939 ], [ 130.596560166000017, -0.656052450999937 ] ] ], [ [ [ 130.647864128000037, -0.568305592999934 ], [ 130.659540503000017, -0.573089358999937 ], [ 130.604259816000081, -0.587842733999935 ], [ 130.578757405000033, -0.609087890999945 ], [ 130.556242868000027, -0.60803462399997 ], [ 130.565358509000021, -0.595807820999937 ], [ 130.582092867000028, -0.595279261999963 ], [ 130.603491734000045, -0.578941611999937 ], [ 130.647864128000037, -0.568305592999934 ] ] ], [ [ [ 130.588307910000026, -0.519615223999949 ], [ 130.587365643000112, -0.520367133999969 ], [ 130.587333917000024, -0.519323343999929 ], [ 130.588307910000026, -0.519615223999949 ] ] ], [ [ [ 130.58309232900001, -0.519594767999934 ], [ 130.582945596000059, -0.51997548099996 ], [ 130.582909904000076, -0.519582869999965 ], [ 130.58309232900001, -0.519594767999934 ] ] ], [ [ [ 130.582806794000021, -0.518714366999973 ], [ 130.583433385000035, -0.519019730999958 ], [ 130.583044740000105, -0.51942820499994 ], [ 130.582806794000021, -0.518714366999973 ] ] ], [ [ [ 130.588479692000078, -0.517701232999968 ], [ 130.588336636, -0.517479496999954 ], [ 130.588563738000062, -0.517547447999959 ], [ 130.588479692000078, -0.517701232999968 ] ] ], [ [ [ 130.591815054000108, -0.518420882999976 ], [ 130.591506392000042, -0.516575692999936 ], [ 130.592132509000066, -0.517524390999938 ], [ 130.591815054000108, -0.518420882999976 ] ] ], [ [ [ 130.583928313000115, -0.517391386999975 ], [ 130.584499384000083, -0.517553982999971 ], [ 130.584511281000118, -0.517665024999928 ], [ 130.583928313000115, -0.517391386999975 ] ] ], [ [ [ 130.588442140000097, -0.517118279999977 ], [ 130.588218615000073, -0.517168349999963 ], [ 130.58840280000004, -0.517055692999975 ], [ 130.588442140000097, -0.517118279999977 ] ] ], [ [ [ 130.587810905000083, -0.516878660999964 ], [ 130.587796599000058, -0.517109338999944 ], [ 130.587696460000075, -0.516903695999929 ], [ 130.587810905000083, -0.516878660999964 ] ] ], [ [ [ 130.583416729000078, -0.516526848999945 ], [ 130.583682436000117, -0.516967048999959 ], [ 130.583353277000015, -0.516792555999928 ], [ 130.583416729000078, -0.516526848999945 ] ] ], [ [ [ 130.587375722000047, -0.51601790899997 ], [ 130.587827154000024, -0.516218712999944 ], [ 130.587124300000028, -0.516717447999952 ], [ 130.587375722000047, -0.51601790899997 ] ] ], [ [ [ 130.582583918000068, -0.515880428999935 ], [ 130.583266030000118, -0.516213552999943 ], [ 130.583194646000038, -0.516487190999953 ], [ 130.582583918000068, -0.515880428999935 ] ] ], [ [ [ 130.585946265000075, -0.515191952999942 ], [ 130.586560576000011, -0.516535609999949 ], [ 130.585827898000048, -0.516395705999969 ], [ 130.585946265000075, -0.515191952999942 ] ] ], [ [ [ 130.587171144000081, -0.515393566999933 ], [ 130.587216614000113, -0.515696803999958 ], [ 130.586973407000073, -0.515654475999952 ], [ 130.587171144000081, -0.515393566999933 ] ] ], [ [ [ 130.587843779000082, -0.515040996999971 ], [ 130.588417901000071, -0.515317755999945 ], [ 130.587820676000092, -0.515998434999972 ], [ 130.587843779000082, -0.515040996999971 ] ] ], [ [ [ 130.585373038000057, -0.51702845899996 ], [ 130.584085555000115, -0.515177936999976 ], [ 130.584055020000051, -0.513709005999942 ], [ 130.585373038000057, -0.51702845899996 ] ] ], [ [ [ 130.594413594000116, -0.514435003999949 ], [ 130.594783489000065, -0.514271055999927 ], [ 130.594717491000097, -0.514505793999945 ], [ 130.594413594000116, -0.514435003999949 ] ] ], [ [ [ 130.587634801000036, -0.514642171999981 ], [ 130.587021707000076, -0.513526536999962 ], [ 130.58711909200008, -0.513096993999966 ], [ 130.587903932000017, -0.514091209999947 ], [ 130.587634801000036, -0.514642171999981 ] ] ], [ [ [ 130.583939219000058, -0.512695354999948 ], [ 130.583815487000038, -0.513304496999979 ], [ 130.583634648000043, -0.512619211999947 ], [ 130.583939219000058, -0.512695354999948 ] ] ], [ [ [ 130.593790116000037, -0.512774128999979 ], [ 130.593631022000068, -0.512798785999962 ], [ 130.593725845000108, -0.51269106899997 ], [ 130.593790116000037, -0.512774128999979 ] ] ], [ [ [ 130.593504623000058, -0.511844179999969 ], [ 130.593997789000014, -0.511631490999946 ], [ 130.59368895800003, -0.51206214299998 ], [ 130.593504623000058, -0.511844179999969 ] ] ], [ [ [ 130.593437556000026, -0.510986971999955 ], [ 130.593663202000016, -0.511117245999969 ], [ 130.593473613000015, -0.511194535999948 ], [ 130.593437556000026, -0.510986971999955 ] ] ], [ [ [ 130.593795648000082, -0.509640502999957 ], [ 130.593882895000093, -0.509672229999978 ], [ 130.593803580000099, -0.509684126999957 ], [ 130.593795648000082, -0.509640502999957 ] ] ], [ [ [ 130.593886834000045, -0.507944899999927 ], [ 130.593587419000073, -0.508000419999973 ], [ 130.593886834000045, -0.507905241999936 ], [ 130.593886834000045, -0.507944899999927 ] ] ], [ [ [ 130.59332964400005, -0.506443855999976 ], [ 130.593169030000013, -0.506539034999946 ], [ 130.593157133000091, -0.506368506999934 ], [ 130.59332964400005, -0.506443855999976 ] ] ], [ [ [ 130.594473814000025, -0.503269579999937 ], [ 130.59451962300011, -0.503425465999953 ], [ 130.594335063000017, -0.503421061999973 ], [ 130.594473814000025, -0.503269579999937 ] ] ], [ [ [ 130.594981672000017, -0.502929058999939 ], [ 130.595199948000072, -0.503218401999959 ], [ 130.594791315000066, -0.503173984999933 ], [ 130.594981672000017, -0.502929058999939 ] ] ], [ [ [ 130.604340674000014, -0.490529475999949 ], [ 130.604740423000067, -0.49068652099993 ], [ 130.604571481000107, -0.490807872999937 ], [ 130.604340674000014, -0.490529475999949 ] ] ], [ [ [ 130.603807073000098, -0.49008766299994 ], [ 130.60368754700005, -0.490390231999925 ], [ 130.603673790000016, -0.490036127999929 ], [ 130.603807073000098, -0.49008766299994 ] ] ], [ [ [ 130.602615062000041, -0.49030563499997 ], [ 130.602574611000023, -0.490027237999925 ], [ 130.602674396000111, -0.489281192999954 ], [ 130.602615062000041, -0.49030563499997 ] ] ], [ [ [ 130.598926706000043, -0.48889351899993 ], [ 130.59921759000008, -0.489032496999926 ], [ 130.599067044000094, -0.489184034999937 ], [ 130.598926706000043, -0.48889351899993 ] ] ], [ [ [ 130.600668314000018, -0.48902474199997 ], [ 130.60111203200006, -0.488697197999954 ], [ 130.600938854000105, -0.489177760999951 ], [ 130.600668314000018, -0.48902474199997 ] ] ], [ [ [ 130.591539174000104, -0.488447447999931 ], [ 130.592176869000014, -0.488747259999968 ], [ 130.591391647000023, -0.488994723999951 ], [ 130.591539174000104, -0.488447447999931 ] ] ], [ [ [ 130.594023331000017, -0.488247572999967 ], [ 130.592995404000021, -0.488314197999955 ], [ 130.593023957000014, -0.487971555999934 ], [ 130.594023331000017, -0.488247572999967 ] ] ], [ [ [ 130.601812609000035, -0.486640551999926 ], [ 130.602161036000098, -0.486911147999933 ], [ 130.601916152000058, -0.486942434999946 ], [ 130.601812609000035, -0.486640551999926 ] ] ], [ [ [ 130.601636295000048, -0.486362073999942 ], [ 130.601474825000082, -0.486438748999944 ], [ 130.601499173000093, -0.486294667999971 ], [ 130.601636295000048, -0.486362073999942 ] ] ], [ [ [ 130.600054459000035, -0.486151420999931 ], [ 130.600199860000089, -0.486427573999947 ], [ 130.600016810000056, -0.486267858999952 ], [ 130.600054459000035, -0.486151420999931 ] ] ], [ [ [ 130.612401308000017, -0.486391882999953 ], [ 130.610986321000041, -0.486090483999931 ], [ 130.612302956, -0.48563362799996 ], [ 130.612401308000017, -0.486391882999953 ] ] ], [ [ [ 130.598987010000087, -0.485931161999929 ], [ 130.599225410000031, -0.486176344999933 ], [ 130.598943728000108, -0.486127357999976 ], [ 130.598987010000087, -0.485931161999929 ] ] ], [ [ [ 130.60258039100006, -0.48603742499995 ], [ 130.602924290000033, -0.485962821999976 ], [ 130.60270666100007, -0.486140257999978 ], [ 130.60258039100006, -0.48603742499995 ] ] ], [ [ [ 130.608957434000104, -0.485413923999943 ], [ 130.608811494000065, -0.485333022999953 ], [ 130.608938399000067, -0.485302882999974 ], [ 130.608957434000104, -0.485413923999943 ] ] ], [ [ [ 130.602201303000015, -0.48480273399997 ], [ 130.60240925700009, -0.485008247999929 ], [ 130.602185205000069, -0.484956010999952 ], [ 130.602201303000015, -0.48480273399997 ] ] ], [ [ [ 130.60834683600001, -0.484770552999976 ], [ 130.607257575000062, -0.484644743999979 ], [ 130.608322662000091, -0.48443113899998 ], [ 130.60834683600001, -0.484770552999976 ] ] ], [ [ [ 130.60459099600007, -0.484565605999933 ], [ 130.605075532000114, -0.484033981999971 ], [ 130.604636962000086, -0.484667273999946 ], [ 130.60459099600007, -0.484565605999933 ] ] ], [ [ [ 130.603053912000064, -0.48433125899993 ], [ 130.603419397000039, -0.484147246999953 ], [ 130.603388940000059, -0.484361715999967 ], [ 130.603053912000064, -0.48433125899993 ] ] ], [ [ [ 130.605973781000102, -0.484059641999977 ], [ 130.606123956000033, -0.484240263999936 ], [ 130.605991509000091, -0.484338030999936 ], [ 130.605973781000102, -0.484059641999977 ] ] ], [ [ [ 130.608160124000051, -0.483489138999971 ], [ 130.607482505, -0.483819368999946 ], [ 130.607422599000074, -0.483650735999959 ], [ 130.608160124000051, -0.483489138999971 ] ] ], [ [ [ 130.604887220000023, -0.481446835999975 ], [ 130.605346451000059, -0.48157432499994 ], [ 130.605154089000052, -0.481851569999947 ], [ 130.604887220000023, -0.481446835999975 ] ] ], [ [ [ 130.601189432000069, -0.480618022999977 ], [ 130.600875516000087, -0.480403822999961 ], [ 130.601172568000038, -0.480375554999966 ], [ 130.601189432000069, -0.480618022999977 ] ] ], [ [ [ 130.601677136000035, -0.478804170999979 ], [ 130.601104350000014, -0.477812648999929 ], [ 130.602532268000118, -0.478453976999958 ], [ 130.601677136000035, -0.478804170999979 ] ] ], [ [ [ 130.589832239000089, -0.47108855099998 ], [ 130.589541945000065, -0.47154540799994 ], [ 130.589294481000024, -0.471355050999932 ], [ 130.589832239000089, -0.47108855099998 ] ] ], [ [ [ 130.597900099000071, -0.469979430999956 ], [ 130.598831423000092, -0.469238559999951 ], [ 130.598102965000066, -0.470175877999964 ], [ 130.597900099000071, -0.469979430999956 ] ] ], [ [ [ 130.589948519000018, -0.46923560099998 ], [ 130.587863340000013, -0.46900173399996 ], [ 130.587812694000036, -0.468420120999951 ], [ 130.589948519000018, -0.46923560099998 ] ] ], [ [ [ 130.592107822000116, -0.469704064999974 ], [ 130.591921406000097, -0.468268096999964 ], [ 130.592282519000037, -0.468125982999936 ], [ 130.592107822000116, -0.469704064999974 ] ] ], [ [ [ 130.594766685000081, -0.468450510999958 ], [ 130.595135357000117, -0.468992121999975 ], [ 130.593406189, -0.469167003999928 ], [ 130.594766685000081, -0.468450510999958 ] ] ], [ [ [ 130.596168448000071, -0.468486165999934 ], [ 130.596435948000021, -0.468952138999953 ], [ 130.596096941000042, -0.468694568999979 ], [ 130.596168448000071, -0.468486165999934 ] ] ], [ [ [ 130.583179450000102, -0.418368812999972 ], [ 130.583224863000055, -0.418779230999974 ], [ 130.583031148000032, -0.418542963999926 ], [ 130.583179450000102, -0.418368812999972 ] ] ], [ [ [ 130.609718430000044, -0.418064770999933 ], [ 130.609970825000119, -0.418487783999979 ], [ 130.609567132000052, -0.418504796999969 ], [ 130.609718430000044, -0.418064770999933 ] ] ], [ [ [ 130.6058426620001, -0.417505916999971 ], [ 130.606577522000066, -0.417451222999944 ], [ 130.606324616000052, -0.417869429999939 ], [ 130.6058426620001, -0.417505916999971 ] ] ], [ [ [ 130.60686777, -0.416887422999935 ], [ 130.607378681000114, -0.417401236999979 ], [ 130.606814617000055, -0.41716045499993 ], [ 130.60686777, -0.416887422999935 ] ] ], [ [ [ 130.608120261000067, -0.416863244999945 ], [ 130.608321850000038, -0.417402100999936 ], [ 130.607918881000046, -0.417357687999925 ], [ 130.608120261000067, -0.416863244999945 ] ] ], [ [ [ 130.615001413000073, -0.416242775999933 ], [ 130.615515377000065, -0.417413469999929 ], [ 130.614687324000101, -0.417898880999928 ], [ 130.615001413000073, -0.416242775999933 ] ] ], [ [ [ 130.603932942000029, -0.416297740999937 ], [ 130.604353395000089, -0.416125678999947 ], [ 130.604093679000016, -0.416590055999961 ], [ 130.603932942000029, -0.416297740999937 ] ] ], [ [ [ 130.604531123000015, -0.415946793999979 ], [ 130.604633732000025, -0.416170333999958 ], [ 130.604445688000055, -0.416067192999947 ], [ 130.604531123000015, -0.415946793999979 ] ] ], [ [ [ 130.611239050000108, -0.415965644999972 ], [ 130.611830825000084, -0.416067752999936 ], [ 130.61122715800002, -0.416287376999946 ], [ 130.611239050000108, -0.415965644999972 ] ] ], [ [ [ 130.610366107000118, -0.41600723099998 ], [ 130.609711656000059, -0.416849958999933 ], [ 130.609034439000084, -0.414840267999978 ], [ 130.610366107000118, -0.41600723099998 ] ] ], [ [ [ 130.607764161000091, -0.415812916999926 ], [ 130.608190102000094, -0.415862659999959 ], [ 130.60777905100008, -0.416012236999961 ], [ 130.607764161000091, -0.415812916999926 ] ] ], [ [ [ 130.602560586000095, -0.415443043999971 ], [ 130.60239798300006, -0.415116009999963 ], [ 130.60277338800006, -0.415186022999933 ], [ 130.602560586000095, -0.415443043999971 ] ] ], [ [ [ 130.601566006000098, -0.415193964999958 ], [ 130.602017106000062, -0.414418091999949 ], [ 130.60203919300011, -0.41533491499996 ], [ 130.601566006000098, -0.415193964999958 ] ] ], [ [ [ 130.601189409000085, -0.414247640999974 ], [ 130.601114969000037, -0.414053051999929 ], [ 130.601238964000117, -0.414033067999981 ], [ 130.601189409000085, -0.414247640999974 ] ] ], [ [ [ 130.611887405000061, -0.41354546499997 ], [ 130.611735120000048, -0.414135571999964 ], [ 130.611614560000021, -0.413583536999965 ], [ 130.611887405000061, -0.41354546499997 ] ] ], [ [ [ 130.600832178000019, -0.413599022999961 ], [ 130.601109993000023, -0.413963230999968 ], [ 130.600946341000054, -0.414053086999957 ], [ 130.600832178000019, -0.413599022999961 ] ] ], [ [ [ 130.598129920000019, -0.412659290999954 ], [ 130.599851970000032, -0.413570869999944 ], [ 130.598595250000017, -0.413627132999977 ], [ 130.598129920000019, -0.412659290999954 ] ] ], [ [ [ 130.609920471, -0.41216120699994 ], [ 130.609803084000077, -0.412538747999974 ], [ 130.609818947, -0.412189759999933 ], [ 130.609920471, -0.41216120699994 ] ] ], [ [ [ 130.598212666000109, -0.411980675999928 ], [ 130.598081464000074, -0.412392202999968 ], [ 130.598025829000107, -0.411940070999947 ], [ 130.598212666000109, -0.411980675999928 ] ] ], [ [ [ 130.609834810000052, -0.411736076999944 ], [ 130.610047375000022, -0.412056510999946 ], [ 130.609793566, -0.412005748999945 ], [ 130.609834810000052, -0.411736076999944 ] ] ], [ [ [ 130.603223692000029, -0.407819299999971 ], [ 130.601348891000043, -0.408035034999955 ], [ 130.600736180000013, -0.407738106999943 ], [ 130.602271339000026, -0.406950622999943 ], [ 130.603223692000029, -0.407819299999971 ] ] ], [ [ [ 130.610148669000068, -0.407118107999963 ], [ 130.610413952000044, -0.407767356999955 ], [ 130.61015881700007, -0.407868082999926 ], [ 130.610148669000068, -0.407118107999963 ] ] ], [ [ [ 130.609088110000016, -0.407450523999955 ], [ 130.609363125000073, -0.406710557999929 ], [ 130.609423345000096, -0.407636693999962 ], [ 130.609088110000016, -0.407450523999955 ] ] ], [ [ [ 130.604902032000041, -0.399478231999979 ], [ 130.605035282000017, -0.399773284999981 ], [ 130.604759264000108, -0.39960513699998 ], [ 130.604902032000041, -0.399478231999979 ] ] ], [ [ [ 130.60451497300005, -0.399329118999958 ], [ 130.604407104000074, -0.399484576999953 ], [ 130.604397586000118, -0.399294219999945 ], [ 130.60451497300005, -0.399329118999958 ] ] ], [ [ [ 130.614512091000051, -0.395558239999957 ], [ 130.614928425000016, -0.395837372999949 ], [ 130.614692052, -0.396008046999953 ], [ 130.614512091000051, -0.395558239999957 ] ] ], [ [ [ 130.589002415000095, -0.382092296999929 ], [ 130.589593009000055, -0.382010348999927 ], [ 130.589218198000026, -0.382387581999978 ], [ 130.589002415000095, -0.382092296999929 ] ] ], [ [ [ 130.591410610000025, -0.37870406899998 ], [ 130.591522381000118, -0.378894663999972 ], [ 130.591342634000057, -0.378909366999949 ], [ 130.591410610000025, -0.37870406899998 ] ] ], [ [ [ 130.588943996000012, -0.372257465999951 ], [ 130.58967369700008, -0.372339953999926 ], [ 130.589140698000051, -0.372663560999968 ], [ 130.588943996000012, -0.372257465999951 ] ] ], [ [ [ 130.588049319000106, -0.37180060999998 ], [ 130.588867853000011, -0.372289191999926 ], [ 130.588360235000096, -0.372397060999958 ], [ 130.588049319000106, -0.37180060999998 ] ] ], [ [ [ 130.588309473000095, -0.371426240999938 ], [ 130.587763783000014, -0.371197812999981 ], [ 130.588049319000106, -0.370956693999972 ], [ 130.588309473000095, -0.371426240999938 ] ] ], [ [ [ 130.588385616000096, -0.370455420999974 ], [ 130.587941450000017, -0.370664813999952 ], [ 130.588290437000069, -0.370087397999953 ], [ 130.588385616000096, -0.370455420999974 ] ] ], [ [ [ 130.588620389000084, -0.369700338999962 ], [ 130.588150842000118, -0.369732064999937 ], [ 130.588328509, -0.369516326999928 ], [ 130.588620389000084, -0.369700338999962 ] ] ], [ [ [ 130.588287800000103, -0.368320195999956 ], [ 130.58799178400011, -0.367951595999955 ], [ 130.588475650000078, -0.367946778999965 ], [ 130.588287800000103, -0.368320195999956 ] ] ], [ [ [ 130.58855539700005, -0.367037473999972 ], [ 130.588580588000013, -0.366127869999957 ], [ 130.588901575000023, -0.365617750999945 ], [ 130.58855539700005, -0.367037473999972 ] ] ], [ [ [ 130.58747586800007, -0.356652471999951 ], [ 130.58736879300011, -0.356573949999927 ], [ 130.587399726000058, -0.356543016999979 ], [ 130.58747586800007, -0.356652471999951 ] ] ], [ [ [ 130.587638459000118, -0.355375936999963 ], [ 130.586472292000053, -0.356963084999961 ], [ 130.585385306000035, -0.356452071999968 ], [ 130.587638459000118, -0.355375936999963 ] ] ], [ [ [ 130.588161302000117, -0.354817027999957 ], [ 130.588433684000051, -0.354941848999943 ], [ 130.588113092000071, -0.355156956999963 ], [ 130.588161302000117, -0.354817027999957 ] ] ], [ [ [ 130.586292928000034, -0.352416666999943 ], [ 130.583713882000097, -0.352339512999947 ], [ 130.586080087000028, -0.351426730999947 ], [ 130.586292928000034, -0.352416666999943 ] ] ], [ [ [ 130.584851066000056, -0.344761243999926 ], [ 130.585044135000089, -0.343110903999957 ], [ 130.585543426000072, -0.345125068999948 ], [ 130.584851066000056, -0.344761243999926 ] ] ], [ [ [ 130.583012355000051, -0.343824505999976 ], [ 130.583036338000056, -0.343048078999971 ], [ 130.583595964000097, -0.343819560999975 ], [ 130.583012355000051, -0.343824505999976 ] ] ], [ [ [ 130.58615514600001, -0.343921080999962 ], [ 130.586009045000083, -0.342815480999946 ], [ 130.586577260000013, -0.342615173999945 ], [ 130.58615514600001, -0.343921080999962 ] ] ], [ [ [ 130.584967458000051, -0.342878689999964 ], [ 130.583817608000118, -0.342033102999949 ], [ 130.583885373000044, -0.340677348999975 ], [ 130.584967458000051, -0.342878689999964 ] ] ], [ [ [ 130.588011343000062, -0.340758573999949 ], [ 130.588833273000091, -0.339992435999932 ], [ 130.588259660000062, -0.341013866999958 ], [ 130.588011343000062, -0.340758573999949 ] ] ], [ [ [ 130.591281910000021, -0.339014413999962 ], [ 130.591702319000092, -0.338978169999962 ], [ 130.591478327000118, -0.339259269999957 ], [ 130.591281910000021, -0.339014413999962 ] ] ], [ [ [ 130.589107313000113, -0.339230884999949 ], [ 130.588450990000069, -0.338169258999926 ], [ 130.589407974000096, -0.338812748999942 ], [ 130.589107313000113, -0.339230884999949 ] ] ], [ [ [ 130.587521540000012, -0.336466217999941 ], [ 130.586193676000107, -0.339916199999948 ], [ 130.585985721000043, -0.337833559999979 ], [ 130.587521540000012, -0.336466217999941 ] ] ], [ [ [ 130.591406588000041, -0.337721925999972 ], [ 130.590679305000094, -0.337915076999934 ], [ 130.59064804500008, -0.337713070999939 ], [ 130.591406588000041, -0.337721925999972 ] ] ], [ [ [ 130.584431518000088, -0.337383639999928 ], [ 130.583762125000021, -0.33715720999993 ], [ 130.584697390000088, -0.334921947999931 ], [ 130.584431518000088, -0.337383639999928 ] ] ], [ [ [ 130.589011961000097, -0.336599642999943 ], [ 130.590431149000096, -0.335471466999934 ], [ 130.589150868000047, -0.336966978999953 ], [ 130.589011961000097, -0.336599642999943 ] ] ], [ [ [ 130.585922493000112, -0.33558388299997 ], [ 130.58642579900004, -0.335305458999926 ], [ 130.586398949000113, -0.33559540899995 ], [ 130.585922493000112, -0.33558388299997 ] ] ], [ [ [ 130.591235916000073, -0.334408957999926 ], [ 130.591870529000062, -0.334619718999932 ], [ 130.591468890000101, -0.335012221999932 ], [ 130.591235916000073, -0.334408957999926 ] ] ], [ [ [ 130.587400775000106, -0.334400249999931 ], [ 130.587601631000098, -0.33482061899997 ], [ 130.58737372500002, -0.334902555999975 ], [ 130.587400775000106, -0.334400249999931 ] ] ], [ [ [ 130.585247933000119, -0.334190964999948 ], [ 130.585917311000117, -0.333716887999969 ], [ 130.585297558000093, -0.334421709999958 ], [ 130.585247933000119, -0.334190964999948 ] ] ], [ [ [ 130.58373838600005, -0.333140533999938 ], [ 130.584751537000102, -0.333352058999935 ], [ 130.58423984500007, -0.33371651799996 ], [ 130.58373838600005, -0.333140533999938 ] ] ], [ [ [ 130.590298067000049, -0.329531924999969 ], [ 130.590732885000079, -0.333992111999976 ], [ 130.58646125000007, -0.33393480999996 ], [ 130.590298067000049, -0.329531924999969 ] ] ], [ [ [ 130.583664302000102, -0.324564959999975 ], [ 130.584377145000076, -0.322934280999959 ], [ 130.583819934000076, -0.32487148499996 ], [ 130.583664302000102, -0.324564959999975 ] ] ], [ [ [ 130.590363612000033, -0.318931221999947 ], [ 130.590699936000078, -0.319070986999975 ], [ 130.590438689000052, -0.319126954999945 ], [ 130.590363612000033, -0.318931221999947 ] ] ], [ [ [ 130.609946661000095, -0.314901942999938 ], [ 130.610068490000117, -0.315054228999941 ], [ 130.609939047000012, -0.315078974999949 ], [ 130.609946661000095, -0.314901942999938 ] ] ], [ [ [ 130.613610224000013, -0.31504072599995 ], [ 130.613363629000105, -0.314023809999981 ], [ 130.614119593000055, -0.313742143999946 ], [ 130.613610224000013, -0.31504072599995 ] ] ], [ [ [ 130.610273004000078, -0.314382268999964 ], [ 130.610311076000016, -0.313919701999964 ], [ 130.610634683000058, -0.314125286999968 ], [ 130.610273004000078, -0.314382268999964 ] ] ], [ [ [ 130.611142935000089, -0.314229983999951 ], [ 130.61087833900001, -0.314064372999951 ], [ 130.611266667000109, -0.314007265999976 ], [ 130.611142935000089, -0.314229983999951 ] ] ], [ [ [ 130.606256486, -0.31362422899997 ], [ 130.606079231000081, -0.313944539999966 ], [ 130.606099326000049, -0.313644519999968 ], [ 130.606256486, -0.31362422899997 ] ] ], [ [ [ 130.61087980100001, -0.312473930999943 ], [ 130.610581575000083, -0.312347025999941 ], [ 130.610638682000058, -0.312194739999939 ], [ 130.61087980100001, -0.312473930999943 ] ] ], [ [ [ 130.608861452000042, -0.310154709999949 ], [ 130.608656465000081, -0.313072652999949 ], [ 130.606973841000013, -0.312754672999972 ], [ 130.608861452000042, -0.310154709999949 ] ] ], [ [ [ 130.614698075000092, -0.308938592999937 ], [ 130.613706950000051, -0.308708916999933 ], [ 130.613887420000083, -0.308264074999954 ], [ 130.614698075000092, -0.308938592999937 ] ] ], [ [ [ 130.613227314000028, -0.308651924999936 ], [ 130.612217218000069, -0.307953108999925 ], [ 130.612631698000087, -0.307770959999971 ], [ 130.613227314000028, -0.308651924999936 ] ] ], [ [ [ 130.613122417000113, -0.307041989999959 ], [ 130.613288964000049, -0.307558983999968 ], [ 130.61298135100003, -0.307508051999946 ], [ 130.613122417000113, -0.307041989999959 ] ] ], [ [ [ 130.613040006000119, -0.306761448999964 ], [ 130.611170688000016, -0.307465604999948 ], [ 130.61244342800012, -0.305394185999944 ], [ 130.613040006000119, -0.306761448999964 ] ] ], [ [ [ 130.614296141000068, -0.304113825999934 ], [ 130.61491004200002, -0.303480889999946 ], [ 130.615000461000022, -0.304803869999944 ], [ 130.614296141000068, -0.304113825999934 ] ] ], [ [ [ 130.623292128000116, -2.253700091999974 ], [ 130.623134497000024, -2.253383129999975 ], [ 130.623345161000088, -2.253408685999943 ], [ 130.623292128000116, -2.253700091999974 ] ] ], [ [ [ 130.622203078000098, -2.253474943999947 ], [ 130.62219161400003, -2.253229930999964 ], [ 130.622323829000038, -2.253260883999928 ], [ 130.622203078000098, -2.253474943999947 ] ] ], [ [ [ 130.619912594000084, -2.24884555899996 ], [ 130.620138643000018, -2.24898832699995 ], [ 130.619998850000115, -2.249184631999981 ], [ 130.619912594000084, -2.24884555899996 ] ] ], [ [ [ 130.62751928900002, -2.188355650999938 ], [ 130.632329297000069, -2.18955232899998 ], [ 130.624394702000018, -2.19235320599995 ], [ 130.62751928900002, -2.188355650999938 ] ] ], [ [ [ 130.617510999000046, -2.175008181999942 ], [ 130.616535453000097, -2.17515048599995 ], [ 130.617510220000099, -2.174277183999948 ], [ 130.617510999000046, -2.175008181999942 ] ] ], [ [ [ 130.662892416000091, -2.04514325699995 ], [ 130.6603266730001, -2.046162668999955 ], [ 130.660794692000081, -2.044520122999927 ], [ 130.662892416000091, -2.04514325699995 ] ] ], [ [ [ 130.637005479000095, -2.041236840999943 ], [ 130.635731701000054, -2.041394597999954 ], [ 130.636945092000019, -2.040747478999947 ], [ 130.637005479000095, -2.041236840999943 ] ] ], [ [ [ 130.652486378000049, -2.037786547999929 ], [ 130.657456791000072, -2.04159883799997 ], [ 130.657983431000048, -2.043816118999928 ], [ 130.651116510000065, -2.043452619999925 ], [ 130.652486378000049, -2.037786547999929 ] ] ], [ [ [ 130.657348160000083, -2.040758378999953 ], [ 130.659368387000086, -2.041095079999934 ], [ 130.659042456000066, -2.041880810999942 ], [ 130.657348160000083, -2.040758378999953 ] ] ], [ [ [ 130.638775205000115, -2.040788061999933 ], [ 130.638208288000101, -2.040883823999934 ], [ 130.638460276000046, -2.040394061999962 ], [ 130.638775205000115, -2.040788061999933 ] ] ], [ [ [ 130.642907915000023, -2.040114582999934 ], [ 130.639667950000103, -2.040230287999975 ], [ 130.640647501000103, -2.038634997999964 ], [ 130.642907915000023, -2.040114582999934 ] ] ], [ [ [ 130.629907895000088, -2.04005164299997 ], [ 130.629373706000024, -2.039716210999927 ], [ 130.63002063700003, -2.039610746999927 ], [ 130.629907895000088, -2.04005164299997 ] ] ], [ [ [ 130.662941121000017, -2.021040226999958 ], [ 130.663355292000119, -2.021321789999945 ], [ 130.66300913900011, -2.021474337999962 ], [ 130.662941121000017, -2.021040226999958 ] ] ], [ [ [ 130.664575724000088, -2.020289181999942 ], [ 130.664679554000031, -2.021052623999935 ], [ 130.663641539000082, -2.020455167999955 ], [ 130.664575724000088, -2.020289181999942 ] ] ], [ [ [ 130.663097026000059, -2.018441923999944 ], [ 130.663190657000087, -2.018498067999928 ], [ 130.663087663000056, -2.018507424999939 ], [ 130.663097026000059, -2.018441923999944 ] ] ], [ [ [ 130.664935569000022, -2.014407518999974 ], [ 130.664994228000069, -2.01419950899998 ], [ 130.665066571000011, -2.014234199999976 ], [ 130.664935569000022, -2.014407518999974 ] ] ], [ [ [ 130.652273971000113, -2.013308833999929 ], [ 130.654505865000033, -2.013232571999936 ], [ 130.653113515000086, -2.014102025999932 ], [ 130.652273971000113, -2.013308833999929 ] ] ], [ [ [ 130.66220330200008, -2.013534638999943 ], [ 130.665011771000081, -2.012718521999943 ], [ 130.664370531000031, -2.01453074799997 ], [ 130.66220330200008, -2.013534638999943 ] ] ], [ [ [ 130.665663897000059, -2.01302945599997 ], [ 130.66515882900012, -2.012715205999939 ], [ 130.665450702000044, -2.012618154999927 ], [ 130.665663897000059, -2.01302945599997 ] ] ], [ [ [ 130.654134817000113, -2.010375475999979 ], [ 130.655517326000108, -2.011617401999956 ], [ 130.655281849000062, -2.012024707999956 ], [ 130.654134817000113, -2.010375475999979 ] ] ], [ [ [ 130.661598256000048, -2.009895707999931 ], [ 130.662602062000019, -2.011075084999959 ], [ 130.660764156000027, -2.010315525999943 ], [ 130.661598256000048, -2.009895707999931 ] ] ], [ [ [ 130.655725632000099, -2.010205409999969 ], [ 130.655952053000078, -2.010042487999954 ], [ 130.655897712000069, -2.01028234599994 ], [ 130.655725632000099, -2.010205409999969 ] ] ], [ [ [ 130.664282922000098, -2.010008994999964 ], [ 130.664499538000086, -2.009780711999952 ], [ 130.664538341000025, -2.009881414999938 ], [ 130.664282922000098, -2.010008994999964 ] ] ], [ [ [ 130.656468570000015, -2.00893926599997 ], [ 130.655230277000101, -2.010025022999969 ], [ 130.654932325000118, -2.009262220999972 ], [ 130.656468570000015, -2.00893926599997 ] ] ], [ [ [ 130.647888548000083, -2.00913845499997 ], [ 130.647493260000033, -2.008923694999964 ], [ 130.647810829000036, -2.008592325999928 ], [ 130.647888548000083, -2.00913845499997 ] ] ], [ [ [ 130.655502218000038, -2.00873039399994 ], [ 130.65563571600012, -2.008527798999978 ], [ 130.655601105000073, -2.008750158999931 ], [ 130.655502218000038, -2.00873039399994 ] ] ], [ [ [ 130.650026857000057, -2.004899888999944 ], [ 130.649368520000053, -2.007257691999939 ], [ 130.646822145000101, -2.008520368999939 ], [ 130.650026857000057, -2.004899888999944 ] ] ], [ [ [ 130.665396407000117, -2.00664958599998 ], [ 130.665296502000047, -2.006483179999975 ], [ 130.665443981000067, -2.006544987999973 ], [ 130.665396407000117, -2.00664958599998 ] ] ], [ [ [ 130.643909779000069, -2.006615053999951 ], [ 130.643269506000024, -2.00726659399993 ], [ 130.644218834000071, -2.005240537999953 ], [ 130.643909779000069, -2.006615053999951 ] ] ], [ [ [ 130.63784401700002, -2.006638744999975 ], [ 130.638032667000061, -2.005874991999974 ], [ 130.638346166000019, -2.005821882999953 ], [ 130.63784401700002, -2.006638744999975 ] ] ], [ [ [ 130.645066093000082, -2.006132302999958 ], [ 130.644703096000057, -2.005778624999948 ], [ 130.644920061000107, -2.005586781999966 ], [ 130.645066093000082, -2.006132302999958 ] ] ], [ [ [ 130.639447742000016, -2.005876742999931 ], [ 130.639163622000069, -2.005853404999925 ], [ 130.63943606600003, -2.005777555999941 ], [ 130.639447742000016, -2.005876742999931 ] ] ], [ [ [ 130.661799837000103, -2.005313584999953 ], [ 130.661561968000115, -2.005922154999951 ], [ 130.661148077, -2.00561786999998 ], [ 130.661799837000103, -2.005313584999953 ] ] ], [ [ [ 130.649542331000021, -2.004755680999949 ], [ 130.649475501000097, -2.004578186999936 ], [ 130.649613878000082, -2.004633748999936 ], [ 130.649542331000021, -2.004755680999949 ] ] ], [ [ [ 130.649259559000029, -2.00451359799996 ], [ 130.649314640000057, -2.004410425999936 ], [ 130.649312103000057, -2.004560410999943 ], [ 130.649259559000029, -2.00451359799996 ] ] ], [ [ [ 130.649521146000097, -2.004370576999975 ], [ 130.649665402000096, -2.004265875999977 ], [ 130.649596743000075, -2.004459345999976 ], [ 130.649521146000097, -2.004370576999975 ] ] ], [ [ [ 130.638162826000098, -2.00391325399994 ], [ 130.63776808700004, -2.004791914999942 ], [ 130.637156576000052, -2.004435059999935 ], [ 130.638162826000098, -2.00391325399994 ] ] ], [ [ [ 130.644785121000041, -2.00256460199995 ], [ 130.645154817000048, -2.004988892999961 ], [ 130.64438683000003, -2.005623983999953 ], [ 130.644785121000041, -2.00256460199995 ] ] ], [ [ [ 130.601018989000067, -2.004569686999957 ], [ 130.610179561000109, -2.000191145999963 ], [ 130.615360465000094, -1.998163071999954 ], [ 130.610979223000072, -2.004266944999927 ], [ 130.621113917000116, -2.002097831999947 ], [ 130.62222590600004, -1.999585834999948 ], [ 130.624149980000084, -2.004224167999951 ], [ 130.637607912000021, -2.005065231999936 ], [ 130.601018989000067, -2.004569686999957 ] ] ], [ [ [ 130.635791871000038, -2.00267 ], [ 130.636286981000012, -2.003682839999954 ], [ 130.634960781000018, -2.003198787999963 ], [ 130.635791871000038, -2.00267 ] ] ], [ [ [ 130.636994466000033, -2.002748934999943 ], [ 130.63732238800003, -2.003457726999955 ], [ 130.63672275700003, -2.002974593999966 ], [ 130.636994466000033, -2.002748934999943 ] ] ], [ [ [ 130.633949282000117, -2.002829407999968 ], [ 130.634045805000028, -2.002830237999945 ], [ 130.633990366000035, -2.00290932799993 ], [ 130.633949282000117, -2.002829407999968 ] ] ], [ [ [ 130.634447576000071, -2.002621702999932 ], [ 130.634399694000081, -2.002863052999942 ], [ 130.634257485000035, -2.00271022499993 ], [ 130.634447576000071, -2.002621702999932 ] ] ], [ [ [ 130.639273199000058, -2.002729375999934 ], [ 130.639079375000051, -2.002408153999966 ], [ 130.639319927000088, -2.002332739999929 ], [ 130.639273199000058, -2.002729375999934 ] ] ], [ [ [ 130.639839114000097, -2.002685610999947 ], [ 130.639395747000094, -2.002486345999955 ], [ 130.639548638000065, -2.002209995999976 ], [ 130.639839114000097, -2.002685610999947 ] ] ], [ [ [ 130.620487068000102, -2.001303699999937 ], [ 130.620611801000109, -2.001645056999962 ], [ 130.620327592000081, -2.001553247999937 ], [ 130.620487068000102, -2.001303699999937 ] ] ], [ [ [ 130.626409052000099, -2.000837837999939 ], [ 130.626178604000074, -2.001143623999951 ], [ 130.626172549000103, -2.000842708999926 ], [ 130.626409052000099, -2.000837837999939 ] ] ], [ [ [ 130.62419533000002, -2.000710323999954 ], [ 130.624143357000094, -2.000927960999945 ], [ 130.624032914000054, -2.000772041999937 ], [ 130.62419533000002, -2.000710323999954 ] ] ], [ [ [ 130.641789216, -2.000568941999973 ], [ 130.641395329000034, -2.00106625799998 ], [ 130.640958397000077, -2.000901675999955 ], [ 130.641789216, -2.000568941999973 ] ] ], [ [ [ 130.621211092000067, -2.000802822999958 ], [ 130.621083479000049, -2.000666509999974 ], [ 130.621213992000094, -2.000643307999951 ], [ 130.621211092000067, -2.000802822999958 ] ] ], [ [ [ 130.624000431000013, -2.000119129999973 ], [ 130.623896485000046, -2.000164605999942 ], [ 130.623922471000014, -2.000076900999943 ], [ 130.624000431000013, -2.000119129999973 ] ] ], [ [ [ 130.616063635000046, -1.998149267999963 ], [ 130.616295347000118, -1.997641759999965 ], [ 130.616404603000092, -1.997785506999946 ], [ 130.616063635000046, -1.998149267999963 ] ] ], [ [ [ 130.618587617000117, -1.995753084999933 ], [ 130.618708828000081, -1.994850586999974 ], [ 130.619052135000061, -1.994914371999926 ], [ 130.618587617000117, -1.995753084999933 ] ] ], [ [ [ 130.648228093000057, -0.938248421999958 ], [ 130.660467771000071, -0.943537914999979 ], [ 130.661696224000025, -0.949791483999945 ], [ 130.636812046000045, -0.944581480999943 ], [ 130.648228093000057, -0.938248421999958 ] ] ], [ [ [ 130.806318101000102, -0.752383508999969 ], [ 130.816749861000062, -0.759393748999969 ], [ 130.812484463000033, -0.770306062999964 ], [ 130.818233063000093, -0.780454277999979 ], [ 130.8290062640001, -0.769701705999978 ], [ 130.830035993000024, -0.78904296199994 ], [ 130.839294780000046, -0.785226659999978 ], [ 130.835269715000095, -0.770242596999935 ], [ 130.844833535000021, -0.766966125999943 ], [ 130.84480463500006, -0.790000622999969 ], [ 130.860753070000101, -0.801285169999971 ], [ 130.87036768300004, -0.794859042999974 ], [ 130.84915847000002, -0.781382915999927 ], [ 130.854148200000054, -0.764293626999972 ], [ 130.861227623000104, -0.77243787499998 ], [ 130.870181801000058, -0.764722524999968 ], [ 130.871119625000119, -0.779532031999963 ], [ 130.889263923000044, -0.76515216599995 ], [ 130.888385246000098, -0.782059185999969 ], [ 130.896882251000079, -0.763041443999953 ], [ 130.906108172000017, -0.767805314999976 ], [ 130.901910010000051, -0.769731289999925 ], [ 130.898685840000098, -0.778011814999957 ], [ 130.913616958000034, -0.776691213999925 ], [ 130.916115392000052, -0.783782007999946 ], [ 130.921052774000032, -0.774287957999945 ], [ 130.927853471000049, -0.782666491999976 ], [ 130.917501913000024, -0.79924839499995 ], [ 130.88242208600002, -0.793530101999977 ], [ 130.8794553460001, -0.803524575999973 ], [ 130.875917764000064, -0.797940512999958 ], [ 130.871879070000091, -0.806138168999951 ], [ 130.86342073600008, -0.805020372999934 ], [ 130.857146588000091, -0.815068989999929 ], [ 130.870336550000047, -0.815900201999966 ], [ 130.866317859000105, -0.823136875999978 ], [ 130.873985667000056, -0.833271595999975 ], [ 130.889608692000024, -0.826966249999941 ], [ 130.899114639000118, -0.834580525999968 ], [ 130.874074381000014, -0.848426608999944 ], [ 130.874030427000093, -0.834674316999951 ], [ 130.865519310000082, -0.834691275999944 ], [ 130.857823788000019, -0.855545418999952 ], [ 130.8456120620001, -0.842303462999951 ], [ 130.850445189000084, -0.860032930999978 ], [ 130.816561222000018, -0.861197175999962 ], [ 130.821379495000087, -0.868202955999948 ], [ 130.801155978000111, -0.860322329999974 ], [ 130.799333305000118, -0.870159541999953 ], [ 130.777073695000013, -0.87632012499995 ], [ 130.763589569000032, -0.871345006999945 ], [ 130.746342337000101, -0.882098758999973 ], [ 130.735503892000111, -0.875721802999976 ], [ 130.676457567000057, -0.89905241799994 ], [ 130.610558394, -0.911937199999954 ], [ 130.56916767000007, -0.909295997999948 ], [ 130.56110129700005, -0.915066190999937 ], [ 130.547657343000083, -0.904870199999948 ], [ 130.535272248000069, -0.91874245799994 ], [ 130.524552776000064, -0.909474456999931 ], [ 130.507502, -0.919753 ], [ 130.525232, -0.902475 ], [ 130.519777, -0.895170525999958 ], [ 130.48899911, -0.906639355999971 ], [ 130.471295920000102, -0.895432094999933 ], [ 130.472523722000119, -0.917511112999932 ], [ 130.461162534000096, -0.913086476999979 ], [ 130.462660582000012, -0.898567417999971 ], [ 130.454351174000067, -0.897776084999975 ], [ 130.43013815300003, -0.911178746999951 ], [ 130.423762929000077, -0.907733940999947 ], [ 130.416126465000048, -0.920647213999928 ], [ 130.406739491000053, -0.915079275999972 ], [ 130.388120209000022, -0.92343118399998 ], [ 130.40719725200006, -0.909529905999932 ], [ 130.410131536000108, -0.89574386299995 ], [ 130.416155613000114, -0.903801791999967 ], [ 130.423998912000116, -0.900333755999952 ], [ 130.424481390000096, -0.889525496999966 ], [ 130.450719626000023, -0.893965659999935 ], [ 130.457130527000118, -0.881726370999957 ], [ 130.438423205000049, -0.873144844999956 ], [ 130.433164596000097, -0.861747225999977 ], [ 130.452000481000027, -0.863512322999952 ], [ 130.45745889300008, -0.852538711999955 ], [ 130.44860729800007, -0.83069525999997 ], [ 130.452857015000063, -0.809839283999963 ], [ 130.463726393000115, -0.800254815999949 ], [ 130.462298716000078, -0.815264455999966 ], [ 130.480253454000035, -0.817290341999978 ], [ 130.472715997000023, -0.797442292999961 ], [ 130.483985124000014, -0.789399713999956 ], [ 130.505571025000108, -0.797264164999945 ], [ 130.482733905000032, -0.817118674999961 ], [ 130.485565086000065, -0.829805341999929 ], [ 130.500917593000054, -0.826794861999929 ], [ 130.533934412, -0.839967424999941 ], [ 130.537384631, -0.833507187999942 ], [ 130.539181, -0.8402 ], [ 130.550947559000065, -0.836552897999979 ], [ 130.555999, -0.821079 ], [ 130.5672, -0.821609 ], [ 130.560371, -0.81212 ], [ 130.567000687000018, -0.793650936999938 ], [ 130.577641519000053, -0.799132352999948 ], [ 130.575002415000085, -0.810640135999961 ], [ 130.588885183000116, -0.808507583999926 ], [ 130.587615677000031, -0.822062976999973 ], [ 130.578759876000049, -0.826492530999928 ], [ 130.585649618000048, -0.833294225999964 ], [ 130.60865600000011, -0.814721 ], [ 130.614362, -0.817399 ], [ 130.636924738000062, -0.79075884699995 ], [ 130.635706454000115, -0.80512127399993 ], [ 130.649640578000117, -0.802180259999943 ], [ 130.642683034000015, -0.817932291999966 ], [ 130.664439520000087, -0.826681703999952 ], [ 130.664791681000111, -0.818848518999971 ], [ 130.689241198000104, -0.820787465999956 ], [ 130.67306217600003, -0.810726759999966 ], [ 130.670069801000068, -0.798377063999965 ], [ 130.713680703000023, -0.810187979999967 ], [ 130.704462434000106, -0.827875207999966 ], [ 130.717838014000108, -0.83012632599997 ], [ 130.723812829000053, -0.82700566699998 ], [ 130.721194181000101, -0.813651216999972 ], [ 130.737145039000097, -0.82059387399994 ], [ 130.756130382000038, -0.80923431399998 ], [ 130.76999494800009, -0.819108674999939 ], [ 130.774351244000059, -0.814273108999942 ], [ 130.774062157000117, -0.806377897999937 ], [ 130.798370456000043, -0.794029698999964 ], [ 130.79316441800006, -0.812228569999945 ], [ 130.785752156000058, -0.81417236599998 ], [ 130.795834108, -0.820903729999941 ], [ 130.79605980000008, -0.809628231999966 ], [ 130.80989635800006, -0.80222737899993 ], [ 130.81479726200007, -0.826303997999958 ], [ 130.822130087000119, -0.81694480699997 ], [ 130.816254240000035, -0.79928388899998 ], [ 130.809572746000072, -0.797479022999937 ], [ 130.815334989, -0.777271900999949 ], [ 130.794664213000033, -0.77089456899995 ], [ 130.803298018000078, -0.767377112999952 ], [ 130.799023385000055, -0.758597514999963 ], [ 130.806318101000102, -0.752383508999969 ] ] ], [ [ [ 130.658625754000013, -0.567896166999958 ], [ 130.657470444000069, -0.56729648299995 ], [ 130.659780789000024, -0.566176738999957 ], [ 130.658625754000013, -0.567896166999958 ] ] ], [ [ [ 130.665330656000037, -0.513522335999937 ], [ 130.662482621000095, -0.512760807999939 ], [ 130.667334885000059, -0.509542419999946 ], [ 130.665330656000037, -0.513522335999937 ] ] ], [ [ [ 130.664811727000028, -0.505254510999976 ], [ 130.664431013000012, -0.505649500999937 ], [ 130.664307281000106, -0.505678054999976 ], [ 130.664811727000028, -0.505254510999976 ] ] ], [ [ [ 130.665425628000094, -0.504302725999935 ], [ 130.665173405000019, -0.504573984999979 ], [ 130.665206718000036, -0.50424561899996 ], [ 130.665425628000094, -0.504302725999935 ] ] ], [ [ [ 130.655089786000076, -0.497896114999946 ], [ 130.655170931000043, -0.497316568999963 ], [ 130.655377908000105, -0.497647309999934 ], [ 130.655089786000076, -0.497896114999946 ] ] ], [ [ [ 130.617685247000054, -0.417285375999938 ], [ 130.617768528000056, -0.417140625999934 ], [ 130.617841895000083, -0.417267529999947 ], [ 130.617685247000054, -0.417285375999938 ] ] ], [ [ [ 130.617970782000043, -0.417204077999941 ], [ 130.617879569000024, -0.417063292999956 ], [ 130.617994577000104, -0.417124762999947 ], [ 130.617970782000043, -0.417204077999941 ] ] ], [ [ [ 130.647374775000117, -0.409602506999931 ], [ 130.647461639000085, -0.409888029999934 ], [ 130.647301369000047, -0.409891418999962 ], [ 130.647374775000117, -0.409602506999931 ] ] ], [ [ [ 130.646329267000056, -0.409541670999943 ], [ 130.646212120000087, -0.409693807999929 ], [ 130.646151608000082, -0.409556918999954 ], [ 130.646329267000056, -0.409541670999943 ] ] ], [ [ [ 130.647553878000053, -0.409095497999942 ], [ 130.647402534000094, -0.408947522999938 ], [ 130.64757484900008, -0.408892511999966 ], [ 130.647553878000053, -0.409095497999942 ] ] ], [ [ [ 130.641848817000096, -0.407509854999944 ], [ 130.641304949000073, -0.407626248999975 ], [ 130.64138989300011, -0.407438125999931 ], [ 130.641848817000096, -0.407509854999944 ] ] ], [ [ [ 130.637328929000091, -0.406301047999932 ], [ 130.637627794000082, -0.406657277999955 ], [ 130.637334544000055, -0.406701867999971 ], [ 130.637328929000091, -0.406301047999932 ] ] ], [ [ [ 130.634861733000093, -0.404272888999969 ], [ 130.634603024000057, -0.404543289999935 ], [ 130.634787078000045, -0.404207816999929 ], [ 130.634861733000093, -0.404272888999969 ] ] ], [ [ [ 130.624216809000018, -0.404497313999968 ], [ 130.625278375000107, -0.403983972999924 ], [ 130.624602002000074, -0.404889929999968 ], [ 130.624216809000018, -0.404497313999968 ] ] ], [ [ [ 130.632710326000051, -0.404593413999976 ], [ 130.632981266000115, -0.403623449999941 ], [ 130.633061805000011, -0.404633758999978 ], [ 130.632710326000051, -0.404593413999976 ] ] ], [ [ [ 130.624075226000059, -0.404065686999957 ], [ 130.623872972000072, -0.403974474999927 ], [ 130.624039534000076, -0.403899124999953 ], [ 130.624075226000059, -0.404065686999957 ] ] ], [ [ [ 130.627030993000062, -0.40360592299993 ], [ 130.627264973000024, -0.403740758999959 ], [ 130.627201521000075, -0.403873611999927 ], [ 130.627030993000062, -0.40360592299993 ] ] ], [ [ [ 130.624697466000043, -0.402615523999941 ], [ 130.62527147000003, -0.40273618599997 ], [ 130.625166494000041, -0.40306835399997 ], [ 130.624697466000043, -0.402615523999941 ] ] ], [ [ [ 130.623821654000039, -0.402160065999965 ], [ 130.624269071000072, -0.401943226999947 ], [ 130.623940079000022, -0.40237442199998 ], [ 130.623821654000039, -0.402160065999965 ] ] ], [ [ [ 130.623525678000078, -0.401919554999949 ], [ 130.623679604000017, -0.402129128999945 ], [ 130.623487825000097, -0.402072002999944 ], [ 130.623525678000078, -0.401919554999949 ] ] ], [ [ [ 130.622668407000106, -0.401126535999936 ], [ 130.622446323000077, -0.401754712999946 ], [ 130.622186169000088, -0.401316892999944 ], [ 130.622668407000106, -0.401126535999936 ] ] ], [ [ [ 130.620534853000095, -0.397892043999946 ], [ 130.620396051000057, -0.398379832999979 ], [ 130.620241386000089, -0.397951529999943 ], [ 130.620534853000095, -0.397892043999946 ] ] ], [ [ [ 130.663799346000019, -0.326224225999965 ], [ 130.665017518000013, -0.325468594999961 ], [ 130.663909664000016, -0.326475869999967 ], [ 130.663799346000019, -0.326224225999965 ] ] ], [ [ [ 130.661974296000039, -0.324456276999967 ], [ 130.662804483000059, -0.32646578899994 ], [ 130.662326832000076, -0.326451308999935 ], [ 130.661974296000039, -0.324456276999967 ] ] ], [ [ [ 130.660275598000112, -0.324301584999944 ], [ 130.661007106000056, -0.323676043999967 ], [ 130.660629470000117, -0.324416984999971 ], [ 130.660275598000112, -0.324301584999944 ] ] ], [ [ [ 130.65339825500007, -0.320910192999975 ], [ 130.65369695000004, -0.320893657999932 ], [ 130.653459073000022, -0.321089145999963 ], [ 130.65339825500007, -0.320910192999975 ] ] ], [ [ [ 130.647133086000053, -0.319334020999975 ], [ 130.647248415000035, -0.319637331999957 ], [ 130.647056279000026, -0.319557065999959 ], [ 130.647133086000053, -0.319334020999975 ] ] ], [ [ [ 130.64767221000011, -0.319509966999931 ], [ 130.647415149000039, -0.319402244999935 ], [ 130.647733151000011, -0.319332567999936 ], [ 130.64767221000011, -0.319509966999931 ] ] ], [ [ [ 130.658355581000023, -0.319725090999952 ], [ 130.657323366000014, -0.318698911999945 ], [ 130.658528537000052, -0.31947297499994 ], [ 130.658355581000023, -0.319725090999952 ] ] ], [ [ [ 130.648877542000037, -0.319065209999962 ], [ 130.648770943000045, -0.319143887999928 ], [ 130.648778041000014, -0.319093830999975 ], [ 130.648877542000037, -0.319065209999962 ] ] ], [ [ [ 130.648315972000091, -0.318679140999961 ], [ 130.648242604000075, -0.319170189999966 ], [ 130.648116981000044, -0.318815042999972 ], [ 130.648315972000091, -0.318679140999961 ] ] ], [ [ [ 130.64922019800008, -0.318518508999944 ], [ 130.649182834000044, -0.318613290999963 ], [ 130.649164880000058, -0.31851701599993 ], [ 130.64922019800008, -0.318518508999944 ] ] ], [ [ [ 130.654204922000076, -0.318303039999932 ], [ 130.654413767000051, -0.318849080999939 ], [ 130.653896051000061, -0.318840762999969 ], [ 130.654204922000076, -0.318303039999932 ] ] ], [ [ [ 130.649809647000097, -0.318363235999925 ], [ 130.649296546000073, -0.318635202999928 ], [ 130.649636528000087, -0.318054724999968 ], [ 130.649809647000097, -0.318363235999925 ] ] ], [ [ [ 130.655968570000027, -0.317780044999949 ], [ 130.656123235000109, -0.317772112999933 ], [ 130.655928913000025, -0.317879188999939 ], [ 130.655968570000027, -0.317780044999949 ] ] ], [ [ [ 130.656301695000025, -0.317470714999956 ], [ 130.657290301000103, -0.317830555999933 ], [ 130.656555504000039, -0.31806161399993 ], [ 130.656301695000025, -0.317470714999956 ] ] ], [ [ [ 130.642510116000039, -0.317539214999954 ], [ 130.642456281000022, -0.317488560999948 ], [ 130.642511840000111, -0.317478070999925 ], [ 130.642510116000039, -0.317539214999954 ] ] ], [ [ [ 130.64238965200002, -0.317488282999932 ], [ 130.642272686000069, -0.317396372999951 ], [ 130.642382317000056, -0.317344879999951 ], [ 130.64238965200002, -0.317488282999932 ] ] ], [ [ [ 130.650469891000057, -0.317471970999975 ], [ 130.649969117000069, -0.317468939999969 ], [ 130.650071088000118, -0.317207673999974 ], [ 130.650469891000057, -0.317471970999975 ] ] ], [ [ [ 130.644688723000058, -0.317624395999928 ], [ 130.644093477000069, -0.317142849999925 ], [ 130.644854311000017, -0.317462950999925 ], [ 130.644688723000058, -0.317624395999928 ] ] ], [ [ [ 130.65040100300007, -0.317211681999936 ], [ 130.650464223000085, -0.317302305999931 ], [ 130.65044539500002, -0.317309072999933 ], [ 130.65040100300007, -0.317211681999936 ] ] ], [ [ [ 130.64690383300001, -0.317208067999957 ], [ 130.646685716000093, -0.316982018999965 ], [ 130.646868142000017, -0.316982018999965 ], [ 130.64690383300001, -0.317208067999957 ] ] ], [ [ [ 130.619554690000086, -0.317010686999936 ], [ 130.620172870000033, -0.317158244999973 ], [ 130.619523570000069, -0.317055430999972 ], [ 130.619554690000086, -0.317010686999936 ] ] ], [ [ [ 130.654785185000037, -0.317373156999963 ], [ 130.656060576000073, -0.315845542999966 ], [ 130.655246801000089, -0.318129824999971 ], [ 130.654785185000037, -0.317373156999963 ] ] ], [ [ [ 130.64124791100005, -0.315998897999975 ], [ 130.640002813000024, -0.316380771999945 ], [ 130.641168341000025, -0.315851165999959 ], [ 130.64124791100005, -0.315998897999975 ] ] ], [ [ [ 130.656723358000022, -0.316107672999976 ], [ 130.657444733000034, -0.316476359999967 ], [ 130.656723464000038, -0.316773897999951 ], [ 130.656723358000022, -0.316107672999976 ] ] ], [ [ [ 130.642719908000117, -0.316018735999933 ], [ 130.642795957000089, -0.31588753799997 ], [ 130.642734402000087, -0.316044245999933 ], [ 130.642719908000117, -0.316018735999933 ] ] ], [ [ [ 130.64900572900001, -0.315883290999977 ], [ 130.649027514000068, -0.315544371999977 ], [ 130.649233380000055, -0.315600824999933 ], [ 130.64900572900001, -0.315883290999977 ] ] ], [ [ [ 130.641334880000045, -0.315639417999932 ], [ 130.64127309200012, -0.315686300999971 ], [ 130.641313965000109, -0.31562602799994 ], [ 130.641334880000045, -0.315639417999932 ] ] ], [ [ [ 130.644549882000092, -0.315508819999934 ], [ 130.644632983000065, -0.31560663099998 ], [ 130.644565810000017, -0.315626202999965 ], [ 130.644549882000092, -0.315508819999934 ] ] ], [ [ [ 130.644493311000019, -0.315478595999934 ], [ 130.644427901000086, -0.315453709999929 ], [ 130.644489772000043, -0.31542346699996 ], [ 130.644493311000019, -0.315478595999934 ] ] ], [ [ [ 130.619032005, -0.315600549999942 ], [ 130.619317127000045, -0.315270555999973 ], [ 130.619210230000022, -0.315586178999979 ], [ 130.619032005, -0.315600549999942 ] ] ], [ [ [ 130.62154720500007, -0.314398279999978 ], [ 130.621959999000069, -0.315013636999936 ], [ 130.621812632000115, -0.315147125999943 ], [ 130.62154720500007, -0.314398279999978 ] ] ], [ [ [ 130.619351674000086, -0.314096325999969 ], [ 130.619627691000119, -0.314381861999948 ], [ 130.61923428700004, -0.314537319999943 ], [ 130.619351674000086, -0.314096325999969 ] ] ], [ [ [ 130.639711481000063, -0.314268689999949 ], [ 130.639607450000085, -0.31429137899994 ], [ 130.639664664000065, -0.314237298999956 ], [ 130.639711481000063, -0.314268689999949 ] ] ], [ [ [ 130.616198736000115, -0.314877011999954 ], [ 130.61567272100001, -0.313951200999952 ], [ 130.61624362900011, -0.313671453999973 ], [ 130.616198736000115, -0.314877011999954 ] ] ], [ [ [ 130.64757411800008, -0.311762667999972 ], [ 130.653359591000026, -0.314792688999944 ], [ 130.645168474000116, -0.312668071999951 ], [ 130.64757411800008, -0.311762667999972 ] ] ], [ [ [ 130.633382943000015, -0.313232893999952 ], [ 130.633184654000047, -0.314327445999936 ], [ 130.632851530000039, -0.314303650999932 ], [ 130.633382943000015, -0.313232893999952 ] ] ], [ [ [ 130.622049559000061, -0.313527687999965 ], [ 130.621113638000111, -0.313773565999952 ], [ 130.6210263910001, -0.313472166999929 ], [ 130.622049559000061, -0.313527687999965 ] ] ], [ [ [ 130.640572405000057, -0.312240428999928 ], [ 130.645131327000058, -0.314395730999934 ], [ 130.639868991000071, -0.314348380999945 ], [ 130.640572405000057, -0.312240428999928 ] ] ], [ [ [ 130.622819447000097, -0.31247332199996 ], [ 130.623683985000071, -0.312933351999959 ], [ 130.622652885000093, -0.31302852999994 ], [ 130.622819447000097, -0.31247332199996 ] ] ], [ [ [ 130.618381224000018, -0.31213988099995 ], [ 130.618290804000026, -0.312677638999958 ], [ 130.617705457000056, -0.312553906999938 ], [ 130.618381224000018, -0.31213988099995 ] ] ], [ [ [ 130.632153555000059, -0.312896596999963 ], [ 130.633181482000055, -0.311862323999947 ], [ 130.63383504, -0.312300144999938 ], [ 130.632153555000059, -0.312896596999963 ] ] ], [ [ [ 130.620161854000116, -0.311655844999962 ], [ 130.619765277000056, -0.31202862799995 ], [ 130.619828729000119, -0.311521008999932 ], [ 130.620161854000116, -0.311655844999962 ] ] ], [ [ [ 130.631090729000107, -0.31229538599996 ], [ 130.631737942000086, -0.311483196999973 ], [ 130.631909263000011, -0.311749696999925 ], [ 130.631090729000107, -0.31229538599996 ] ] ], [ [ [ 130.616102243000114, -0.312494416999925 ], [ 130.61710172700009, -0.311056777999966 ], [ 130.617470739000055, -0.311212126999976 ], [ 130.616102243000114, -0.312494416999925 ] ] ], [ [ [ 130.618964192000021, -0.311751023999932 ], [ 130.618393121000054, -0.311116500999958 ], [ 130.618702451000104, -0.310997527999973 ], [ 130.618964192000021, -0.311751023999932 ] ] ], [ [ [ 130.635196092000115, -0.311254768999959 ], [ 130.633571713000038, -0.311235732999933 ], [ 130.634821724000062, -0.310442578999925 ], [ 130.635196092000115, -0.311254768999959 ] ] ], [ [ [ 130.629436210000108, -0.310988268999949 ], [ 130.629450487000099, -0.310602795999955 ], [ 130.629550424000058, -0.310602795999955 ], [ 130.629436210000108, -0.310988268999949 ] ] ], [ [ [ 130.632715107000081, -0.311204006999958 ], [ 130.632029823000039, -0.31034105599997 ], [ 130.633292523000023, -0.31067735299996 ], [ 130.632715107000081, -0.311204006999958 ] ] ], [ [ [ 130.625086915000111, -0.310756620999939 ], [ 130.623492676000069, -0.310423495999942 ], [ 130.624817243000052, -0.310026918999938 ], [ 130.625086915000111, -0.310756620999939 ] ] ], [ [ [ 130.614692039000033, -0.311093332999974 ], [ 130.615579514000046, -0.309782050999956 ], [ 130.614956485000107, -0.311297561999936 ], [ 130.614692039000033, -0.311093332999974 ] ] ], [ [ [ 130.62548666400005, -0.309961880999936 ], [ 130.62649397000007, -0.30928769999997 ], [ 130.626470175, -0.310953322999978 ], [ 130.62548666400005, -0.309961880999936 ] ] ], [ [ [ 130.630549798000061, -0.310164975999953 ], [ 130.63035944100011, -0.309827091999978 ], [ 130.630692566000107, -0.309822332999943 ], [ 130.630549798000061, -0.310164975999953 ] ] ], [ [ [ 130.628746166000042, -0.309946064999963 ], [ 130.628879416000018, -0.310050761999946 ], [ 130.628712854000014, -0.310055519999935 ], [ 130.628746166000042, -0.309946064999963 ] ] ], [ [ [ 130.623238867000055, -0.309376532999977 ], [ 130.622136383000111, -0.310304522999957 ], [ 130.621898437000027, -0.310288659999969 ], [ 130.623238867000055, -0.309376532999977 ] ] ], [ [ [ 130.631420681, -0.308837235999931 ], [ 130.632137692000015, -0.309236985999974 ], [ 130.631541240000047, -0.309909579999953 ], [ 130.631420681, -0.308837235999931 ] ] ], [ [ [ 130.634047606000081, -0.309566937999932 ], [ 130.632473989000118, -0.309040283999934 ], [ 130.634269689, -0.308887997999932 ], [ 130.634047606000081, -0.309566937999932 ] ] ], [ [ [ 130.630957479000017, -0.309408306999956 ], [ 130.630056456000034, -0.308646879999969 ], [ 130.630754432000117, -0.308691295999949 ], [ 130.630957479000017, -0.309408306999956 ] ] ], [ [ [ 130.628579604000038, -0.308775369999978 ], [ 130.628241721000109, -0.309141806999946 ], [ 130.62819413200009, -0.308846753999944 ], [ 130.628579604000038, -0.308775369999978 ] ] ], [ [ [ 130.635537148000026, -0.308558442999924 ], [ 130.636474656000019, -0.309253244999979 ], [ 130.635689434000028, -0.309124754999971 ], [ 130.635537148000026, -0.308558442999924 ] ] ], [ [ [ 130.629821683000046, -0.308615152999948 ], [ 130.629096462, -0.30908444399995 ], [ 130.628882589000114, -0.308926069999927 ], [ 130.629821683000046, -0.308615152999948 ] ] ], [ [ [ 130.617119768000066, -0.308105768999951 ], [ 130.615958591000094, -0.309571516999938 ], [ 130.615330413000038, -0.308315160999939 ], [ 130.617119768000066, -0.308105768999951 ] ] ], [ [ [ 130.635413416000119, -0.308615549999956 ], [ 130.634947042000022, -0.308853495999927 ], [ 130.635027944000058, -0.308463263999954 ], [ 130.635413416000119, -0.308615549999956 ] ] ], [ [ [ 130.639254724000011, -0.308283727999935 ], [ 130.639527044000033, -0.308367555999951 ], [ 130.639289951000023, -0.308483141999943 ], [ 130.639254724000011, -0.308283727999935 ] ] ], [ [ [ 130.643492336, -0.308006355999964 ], [ 130.643362502000059, -0.308058990999939 ], [ 130.643389540000044, -0.307990038999947 ], [ 130.643492336, -0.308006355999964 ] ] ], [ [ [ 130.63643658400008, -0.308149175999972 ], [ 130.636341406000042, -0.307801773999927 ], [ 130.636607906000108, -0.308025443999952 ], [ 130.63643658400008, -0.308149175999972 ] ] ], [ [ [ 130.622847136000019, -0.307927569999947 ], [ 130.623399296000116, -0.30825645699997 ], [ 130.622916885000109, -0.308364394999955 ], [ 130.622847136000019, -0.307927569999947 ] ] ], [ [ [ 130.633528090000027, -0.30774863299996 ], [ 130.633813625000016, -0.307609037999953 ], [ 130.633750173000067, -0.307799394999961 ], [ 130.633528090000027, -0.30774863299996 ] ] ], [ [ [ 130.627698093000049, -0.307298544999981 ], [ 130.62682879700003, -0.307964793999929 ], [ 130.626923975000068, -0.307146258999978 ], [ 130.627698093000049, -0.307298544999981 ] ] ], [ [ [ 130.631630866000023, -0.307418680999945 ], [ 130.632519198000068, -0.307647108999959 ], [ 130.631592795000074, -0.307856501999936 ], [ 130.631630866000023, -0.307418680999945 ] ] ], [ [ [ 130.625190554000028, -0.307750832999943 ], [ 130.626868074000072, -0.306818876999955 ], [ 130.625642651000021, -0.308151374999966 ], [ 130.625190554000028, -0.307750832999943 ] ] ], [ [ [ 130.629194298000016, -0.307735942999955 ], [ 130.630514106000078, -0.307596346999958 ], [ 130.629238715000042, -0.307945334999943 ], [ 130.629194298000016, -0.307735942999955 ] ] ], [ [ [ 130.634530636000022, -0.306606491999958 ], [ 130.634784445000037, -0.307247359999963 ], [ 130.634283172000096, -0.307107764999955 ], [ 130.634530636000022, -0.306606491999958 ] ] ], [ [ [ 130.634498910000048, -0.305997349999927 ], [ 130.634029363000082, -0.305965623999953 ], [ 130.634194339000032, -0.30576257599995 ], [ 130.634498910000048, -0.305997349999927 ] ] ], [ [ [ 130.625114411000027, -0.304250645999957 ], [ 130.622811093000109, -0.306776046999971 ], [ 130.623610592000091, -0.304314097999963 ], [ 130.625114411000027, -0.304250645999957 ] ] ], [ [ [ 130.643701927000052, -0.304799159999959 ], [ 130.643914755000083, -0.305086612999958 ], [ 130.64366851300008, -0.305001016999938 ], [ 130.643701927000052, -0.304799159999959 ] ] ], [ [ [ 130.636070747000076, -0.303691709999953 ], [ 130.635747140000035, -0.304576869999948 ], [ 130.63556630100004, -0.30414856699997 ], [ 130.636070747000076, -0.303691709999953 ] ] ], [ [ [ 130.615128952000077, -0.303937745999974 ], [ 130.61533358600002, -0.303999611999927 ], [ 130.615152747000025, -0.304032924999944 ], [ 130.615128952000077, -0.303937745999974 ] ] ], [ [ [ 130.65503869600002, -0.14168191899995 ], [ 130.655628190000016, -0.142473888999973 ], [ 130.65473790100009, -0.14181769299995 ], [ 130.65503869600002, -0.14168191899995 ] ] ], [ [ [ 130.637123770000017, -0.139197992999925 ], [ 130.637022863000084, -0.138544681999974 ], [ 130.637577647000057, -0.139033042999927 ], [ 130.637123770000017, -0.139197992999925 ] ] ], [ [ [ 130.639872149000098, -0.135613041999932 ], [ 130.640884823000079, -0.134872077999944 ], [ 130.641523136000046, -0.13586863699993 ], [ 130.639872149000098, -0.135613041999932 ] ] ], [ [ [ 130.645985487000075, -0.123533726999938 ], [ 130.646727953000095, -0.123835282999949 ], [ 130.646379539, -0.12401233199995 ], [ 130.645985487000075, -0.123533726999938 ] ] ], [ [ [ 130.662025070000027, -0.122084839999957 ], [ 130.661967667000113, -0.121837640999956 ], [ 130.662339178000025, -0.122052881999934 ], [ 130.662025070000027, -0.122084839999957 ] ] ], [ [ [ 130.664197479000109, -0.12070072299997 ], [ 130.663976228000024, -0.120990286999927 ], [ 130.663890596000101, -0.120724896999945 ], [ 130.664197479000109, -0.12070072299997 ] ] ], [ [ [ 130.63597905000006, -0.096087411999974 ], [ 130.634911508000073, -0.095662992999962 ], [ 130.63601867400007, -0.095134783999924 ], [ 130.63597905000006, -0.096087411999974 ] ] ], [ [ [ 130.633076291000066, -0.090930951999951 ], [ 130.633550060000061, -0.090507012999979 ], [ 130.633607167000036, -0.090906761999975 ], [ 130.633076291000066, -0.090930951999951 ] ] ], [ [ [ 130.628031567000107, -0.087587442999961 ], [ 130.628899652000086, -0.090181025999925 ], [ 130.627454334000049, -0.088301319999971 ], [ 130.628031567000107, -0.087587442999961 ] ] ], [ [ [ 130.621321226000077, -0.051981751999961 ], [ 130.621725735000041, -0.051891331999968 ], [ 130.621740012000032, -0.051953197999978 ], [ 130.621321226000077, -0.051981751999961 ] ] ], [ [ [ 130.617214277000016, -0.051201287999959 ], [ 130.617095304000031, -0.051386885999932 ], [ 130.617057232000093, -0.051282189999938 ], [ 130.617214277000016, -0.051201287999959 ] ] ], [ [ [ 130.665460068000016, -2.040201165999974 ], [ 130.665962087000025, -2.040748340999926 ], [ 130.665348839000103, -2.040436966999948 ], [ 130.665460068000016, -2.040201165999974 ] ] ], [ [ [ 130.683304873000111, -2.031678166999939 ], [ 130.683470901000078, -2.031666610999935 ], [ 130.683445377000112, -2.031760039999938 ], [ 130.683304873000111, -2.031678166999939 ] ] ], [ [ [ 130.71425922800006, -2.030122282999969 ], [ 130.715545889000055, -2.03020595199996 ], [ 130.714682240000116, -2.031399328999953 ], [ 130.71425922800006, -2.030122282999969 ] ] ], [ [ [ 130.68829861100005, -2.030325493999953 ], [ 130.687298314000031, -2.028928528999927 ], [ 130.688287577000096, -2.028569639999944 ], [ 130.68829861100005, -2.030325493999953 ] ] ], [ [ [ 130.682753451000053, -2.029737637999972 ], [ 130.682689259000085, -2.029120714999976 ], [ 130.682888497000022, -2.029047190999961 ], [ 130.682753451000053, -2.029737637999972 ] ] ], [ [ [ 130.721497892000116, -2.029790548999927 ], [ 130.722635451000087, -2.029544003999945 ], [ 130.72176515000001, -2.030434304999972 ], [ 130.721497892000116, -2.029790548999927 ] ] ], [ [ [ 130.717546383000013, -2.02855019499998 ], [ 130.717797546000043, -2.030170722999969 ], [ 130.717193873000042, -2.030126686999949 ], [ 130.717546383000013, -2.02855019499998 ] ] ], [ [ [ 130.673713884000108, -2.027972352999939 ], [ 130.674743152000019, -2.029221285999938 ], [ 130.672231319000048, -2.028447268999969 ], [ 130.673713884000108, -2.027972352999939 ] ] ], [ [ [ 130.680298753000102, -2.028550293999956 ], [ 130.680200493000029, -2.028131591999966 ], [ 130.680288767000093, -2.027903182999978 ], [ 130.680298753000102, -2.028550293999956 ] ] ], [ [ [ 130.675731994000103, -2.028321124999934 ], [ 130.675871586000085, -2.028164406999963 ], [ 130.675803426000016, -2.028339849999952 ], [ 130.675731994000103, -2.028321124999934 ] ] ], [ [ [ 130.676125202000094, -2.027525116999925 ], [ 130.67637586100011, -2.029139610999948 ], [ 130.675820706000081, -2.029184173999965 ], [ 130.676125202000094, -2.027525116999925 ] ] ], [ [ [ 130.724266551000028, -2.028136638999968 ], [ 130.724081046000038, -2.028077417999953 ], [ 130.724163493000106, -2.028015621999941 ], [ 130.724266551000028, -2.028136638999968 ] ] ], [ [ [ 130.679882436000071, -2.028214682999931 ], [ 130.679873688000043, -2.027996366999957 ], [ 130.679993581000076, -2.02809868199995 ], [ 130.679882436000071, -2.028214682999931 ] ] ], [ [ [ 130.724665902000083, -2.028116040999976 ], [ 130.724717431000045, -2.028007896999952 ], [ 130.724696819000087, -2.028146938999953 ], [ 130.724665902000083, -2.028116040999976 ] ] ], [ [ [ 130.67550696100011, -2.028045231999954 ], [ 130.675611332000017, -2.02793632099997 ], [ 130.67563881500007, -2.028128788999936 ], [ 130.67550696100011, -2.028045231999954 ] ] ], [ [ [ 130.72219842800007, -2.02796778499993 ], [ 130.721847457000081, -2.027896400999964 ], [ 130.722168684000053, -2.027813119999962 ], [ 130.72219842800007, -2.02796778499993 ] ] ], [ [ [ 130.713132140000084, -2.027685528999939 ], [ 130.71362986500003, -2.028168831999949 ], [ 130.712987411000086, -2.02803124899998 ], [ 130.713132140000084, -2.027685528999939 ] ] ], [ [ [ 130.681141805000038, -2.027504105999981 ], [ 130.682575842000119, -2.027758065999933 ], [ 130.682181743000115, -2.028427203999968 ], [ 130.681141805000038, -2.027504105999981 ] ] ], [ [ [ 130.724987959000032, -2.027850831999956 ], [ 130.724689090000084, -2.027207120999947 ], [ 130.725304863000019, -2.027230293999935 ], [ 130.724987959000032, -2.027850831999956 ] ] ], [ [ [ 130.688666424000075, -2.027659949999929 ], [ 130.689210988000013, -2.027516306999928 ], [ 130.688749424000093, -2.027870355999937 ], [ 130.688666424000075, -2.027659949999929 ] ] ], [ [ [ 130.674290667000037, -2.027768829999957 ], [ 130.674304199000062, -2.027237395999975 ], [ 130.674623681000071, -2.027430255999946 ], [ 130.674290667000037, -2.027768829999957 ] ] ], [ [ [ 130.712662654000042, -2.027533835999975 ], [ 130.71246144600002, -2.027353919999939 ], [ 130.712694424000119, -2.027495029999955 ], [ 130.712662654000042, -2.027533835999975 ] ] ], [ [ [ 130.712235528000065, -2.027265725999939 ], [ 130.711967251000033, -2.027470335999965 ], [ 130.711917831000051, -2.027378613999929 ], [ 130.712235528000065, -2.027265725999939 ] ] ], [ [ [ 130.678528621000055, -2.02474730299997 ], [ 130.683980359000088, -2.024703298999952 ], [ 130.680468603, -2.02667152999993 ], [ 130.679223641000021, -2.029070722999961 ], [ 130.685291217000099, -2.03074560899995 ], [ 130.676373272000092, -2.030085751999934 ], [ 130.678528621000055, -2.02474730299997 ] ] ], [ [ [ 130.686901519000116, -2.026436790999981 ], [ 130.686024761000112, -2.028066517999946 ], [ 130.684748891000027, -2.027648046999957 ], [ 130.686901519000116, -2.026436790999981 ] ] ], [ [ [ 130.71533837000004, -2.028239386999928 ], [ 130.714533537000079, -2.02596398299994 ], [ 130.715553698, -2.02677889499995 ], [ 130.71533837000004, -2.028239386999928 ] ] ], [ [ [ 130.734438302000058, -2.026995976999956 ], [ 130.735002740000027, -2.027357189999975 ], [ 130.734359082000083, -2.02720379799996 ], [ 130.734438302000058, -2.026995976999956 ] ] ], [ [ [ 130.721929616000011, -2.027571643999977 ], [ 130.720209572000044, -2.026462189999961 ], [ 130.7223202240001, -2.026338917999965 ], [ 130.721929616000011, -2.027571643999977 ] ] ], [ [ [ 130.715786676000107, -2.02686708899995 ], [ 130.715652537000096, -2.026609562999965 ], [ 130.715899635000028, -2.026789478999945 ], [ 130.715786676000107, -2.02686708899995 ] ] ], [ [ [ 130.725080711000032, -2.026468139999963 ], [ 130.724969924000106, -2.026787420999938 ], [ 130.724933853000039, -2.026795144999937 ], [ 130.725080711000032, -2.026468139999963 ] ] ], [ [ [ 130.670506438000075, -2.027070262999928 ], [ 130.674270894000074, -2.025887112999953 ], [ 130.674235781000107, -2.026390241999934 ], [ 130.670506438000075, -2.027070262999928 ] ] ], [ [ [ 130.677225108000016, -2.02614379299996 ], [ 130.677142618000062, -2.02617089499995 ], [ 130.677136968000013, -2.026129111999978 ], [ 130.677225108000016, -2.02614379299996 ] ] ], [ [ [ 130.677057736000052, -2.026158585999951 ], [ 130.676958304000095, -2.025942578999945 ], [ 130.677107963000026, -2.026016279999965 ], [ 130.677057736000052, -2.026158585999951 ] ] ], [ [ [ 130.676691730000016, -2.025912310999956 ], [ 130.67677470000001, -2.025701649999974 ], [ 130.676807238000038, -2.025956381999947 ], [ 130.676691730000016, -2.025912310999956 ] ] ], [ [ [ 130.676297902000101, -2.025602923999941 ], [ 130.676109777000079, -2.025806663999958 ], [ 130.676167802, -2.025608081999962 ], [ 130.676297902000101, -2.025602923999941 ] ] ], [ [ [ 130.718765719000089, -2.025013566999974 ], [ 130.717732108000064, -2.02660799399996 ], [ 130.716897149000033, -2.025106626999957 ], [ 130.718765719000089, -2.025013566999974 ] ] ], [ [ [ 130.716714016000083, -2.025224502999947 ], [ 130.715934928000024, -2.024886384999945 ], [ 130.716729536000116, -2.024923608999927 ], [ 130.716714016000083, -2.025224502999947 ] ] ], [ [ [ 130.717018202000077, -2.025339276999944 ], [ 130.716766783000025, -2.025457152999934 ], [ 130.71676057500008, -2.025283440999942 ], [ 130.717018202000077, -2.025339276999944 ] ] ], [ [ [ 130.687195163000069, -2.025304911999967 ], [ 130.687060363000114, -2.025423018999959 ], [ 130.687152692000041, -2.025266157999965 ], [ 130.687195163000069, -2.025304911999967 ] ] ], [ [ [ 130.684753122000075, -2.025429429999974 ], [ 130.685041779000017, -2.025219610999955 ], [ 130.684956367000041, -2.025494111999933 ], [ 130.684753122000075, -2.025429429999974 ] ] ], [ [ [ 130.687608798000042, -2.025100068999961 ], [ 130.687379821000036, -2.025116677999961 ], [ 130.687547860000109, -2.024978270999952 ], [ 130.687608798000042, -2.025100068999961 ] ] ], [ [ [ 130.675676813000109, -2.024698065999928 ], [ 130.676382893000095, -2.024741007999978 ], [ 130.676259471000094, -2.025389262999965 ], [ 130.675676813000109, -2.024698065999928 ] ] ], [ [ [ 130.698912114000109, -2.024898629999939 ], [ 130.698434122000094, -2.024681273999931 ], [ 130.698980447000054, -2.024597725999968 ], [ 130.698912114000109, -2.024898629999939 ] ] ], [ [ [ 130.686873858000013, -2.024716219999959 ], [ 130.68686277900008, -2.024631329999977 ], [ 130.686903403000088, -2.024671929999954 ], [ 130.686873858000013, -2.024716219999959 ] ] ], [ [ [ 130.692356138000036, -2.024489789999961 ], [ 130.692082522000078, -2.024392657999954 ], [ 130.692330424000033, -2.024401101999956 ], [ 130.692356138000036, -2.024489789999961 ] ] ], [ [ [ 130.69252090100008, -2.024417887999959 ], [ 130.69250032900004, -2.024622326999975 ], [ 130.692407047000074, -2.024512284999958 ], [ 130.69252090100008, -2.024417887999959 ] ] ], [ [ [ 130.691554653000026, -2.023871201999953 ], [ 130.691272942000069, -2.024951142999953 ], [ 130.690480766000064, -2.024960343999965 ], [ 130.691554653000026, -2.023871201999953 ] ] ], [ [ [ 130.67483342200012, -2.024418982999975 ], [ 130.675220085000092, -2.024184010999932 ], [ 130.675270648000037, -2.02443980299995 ], [ 130.67483342200012, -2.024418982999975 ] ] ], [ [ [ 130.674906442000065, -2.023858529999927 ], [ 130.675131737000015, -2.023784516999967 ], [ 130.675022880000029, -2.023944367999945 ], [ 130.674906442000065, -2.023858529999927 ] ] ], [ [ [ 130.667606585000044, -2.023950628999955 ], [ 130.667724174000114, -2.02361291099993 ], [ 130.667686831000083, -2.023989137999934 ], [ 130.667606585000044, -2.023950628999955 ] ] ], [ [ [ 130.668162510000116, -2.023786008999934 ], [ 130.668309641000064, -2.023640923999949 ], [ 130.668317288000026, -2.023760791999962 ], [ 130.668162510000116, -2.023786008999934 ] ] ], [ [ [ 130.682454791000055, -2.023568295999951 ], [ 130.682560260000059, -2.023309456999925 ], [ 130.68265370000006, -2.023621935999927 ], [ 130.682454791000055, -2.023568295999951 ] ] ], [ [ [ 130.700698984000041, -2.022925488999931 ], [ 130.699613304000081, -2.022805806999941 ], [ 130.700287082000045, -2.02253856599998 ], [ 130.700698984000041, -2.022925488999931 ] ] ], [ [ [ 130.669882858000051, -2.021875313999942 ], [ 130.670474408000018, -2.022929583999939 ], [ 130.669428939000113, -2.023575680999954 ], [ 130.669882858000051, -2.021875313999942 ] ] ], [ [ [ 130.694516528, -2.022039 ], [ 130.693892658000095, -2.022701501999961 ], [ 130.693744228000014, -2.02267554499997 ], [ 130.694516528, -2.022039 ] ] ], [ [ [ 130.695370017000073, -2.02208715699993 ], [ 130.695205587000032, -2.022477057999936 ], [ 130.694978441000103, -2.02217012899996 ], [ 130.695370017000073, -2.02208715699993 ] ] ], [ [ [ 130.695702443000073, -2.02213549499993 ], [ 130.695822707000048, -2.022101117999966 ], [ 130.695824644000027, -2.022241720999943 ], [ 130.695702443000073, -2.02213549499993 ] ] ], [ [ [ 130.673212700000022, -2.018147006999925 ], [ 130.677974099000039, -2.023377521999976 ], [ 130.675187183000048, -2.023139713999967 ], [ 130.668845132000115, -2.026142060999973 ], [ 130.673212700000022, -2.018147006999925 ] ] ], [ [ [ 130.700838148000116, -2.02171418699993 ], [ 130.70046370700004, -2.021611136999979 ], [ 130.700912405000054, -2.021448298999928 ], [ 130.700838148000116, -2.02171418699993 ] ] ], [ [ [ 130.68043396600001, -2.019075591999979 ], [ 130.68032077600003, -2.020563659999937 ], [ 130.678803582000114, -2.020980101999953 ], [ 130.68043396600001, -2.019075591999979 ] ] ], [ [ [ 130.670840202000022, -2.019442691999927 ], [ 130.671028744000068, -2.019846650999966 ], [ 130.670793266000032, -2.019874345999938 ], [ 130.670840202000022, -2.019442691999927 ] ] ], [ [ [ 130.678245533000108, -2.019609720999938 ], [ 130.678441423000095, -2.019465820999926 ], [ 130.678313086000117, -2.019664578999937 ], [ 130.678245533000108, -2.019609720999938 ] ] ], [ [ [ 130.703347315000087, -2.018308825999952 ], [ 130.702582113000062, -2.018158572999937 ], [ 130.703288440000051, -2.017860756999937 ], [ 130.703347315000087, -2.018308825999952 ] ] ], [ [ [ 130.671738031000018, -2.017493815999956 ], [ 130.671646964000047, -2.017370872999948 ], [ 130.671731640000075, -2.017361292999965 ], [ 130.671738031000018, -2.017493815999956 ] ] ], [ [ [ 130.663967799000034, -2.018530817999931 ], [ 130.670395254000027, -2.018085161999977 ], [ 130.666134449000083, -2.019871172999956 ], [ 130.663967799000034, -2.018530817999931 ] ] ], [ [ [ 130.66687266800011, -2.01606525099993 ], [ 130.666814441000042, -2.015817702999925 ], [ 130.66687357, -2.015819187999966 ], [ 130.66687266800011, -2.01606525099993 ] ] ], [ [ [ 130.673580087000119, -2.015053239999929 ], [ 130.674502685000107, -2.016610196999977 ], [ 130.672902363000048, -2.015857295999979 ], [ 130.673580087000119, -2.015053239999929 ] ] ], [ [ [ 130.670886884000083, -2.015523379999934 ], [ 130.671197997000036, -2.015871921999974 ], [ 130.670754005000049, -2.015889504999961 ], [ 130.670886884000083, -2.015523379999934 ] ] ], [ [ [ 130.674266787000079, -2.014944336999974 ], [ 130.674699266000061, -2.014976956999931 ], [ 130.674617666000017, -2.015054428999974 ], [ 130.674266787000079, -2.014944336999974 ] ] ], [ [ [ 130.674201507000021, -2.014748618999931 ], [ 130.673932228000012, -2.014895407999973 ], [ 130.674079107000011, -2.01469968899994 ], [ 130.674201507000021, -2.014748618999931 ] ] ], [ [ [ 130.666622530000041, -2.014088824999931 ], [ 130.666182466, -2.015075275999948 ], [ 130.665379139000038, -2.014444040999933 ], [ 130.666622530000041, -2.014088824999931 ] ] ], [ [ [ 130.676473034000082, -2.013833271999943 ], [ 130.675355997000111, -2.015035329999932 ], [ 130.675740031000032, -2.013830588999951 ], [ 130.676473034000082, -2.013833271999943 ] ] ], [ [ [ 130.703436883000109, -2.013451489999966 ], [ 130.703328162000048, -2.014690362999943 ], [ 130.702854151000111, -2.015098253999952 ], [ 130.703436883000109, -2.013451489999966 ] ] ], [ [ [ 130.671821213000044, -2.013347366999938 ], [ 130.671059601000024, -2.014666247999969 ], [ 130.670901638000032, -2.015182688999971 ], [ 130.670561793000047, -2.014444263999962 ], [ 130.671821213000044, -2.013347366999938 ] ] ], [ [ [ 130.669551941, -2.013995454999929 ], [ 130.669438916000104, -2.014114427999971 ], [ 130.669453788000055, -2.013968685999941 ], [ 130.669551941, -2.013995454999929 ] ] ], [ [ [ 130.702440764000016, -2.013394540999968 ], [ 130.701741037000033, -2.014058794999926 ], [ 130.701645704000043, -2.013895525999942 ], [ 130.702440764000016, -2.013394540999968 ] ] ], [ [ [ 130.67684624900005, -2.013822538999932 ], [ 130.676792549000083, -2.013618604999976 ], [ 130.676972443000068, -2.013672271999951 ], [ 130.67684624900005, -2.013822538999932 ] ] ], [ [ [ 130.67235520600002, -2.013291567999943 ], [ 130.672088297000073, -2.013278660999958 ], [ 130.672139957000013, -2.013192613999934 ], [ 130.67235520600002, -2.013291567999943 ] ] ], [ [ [ 130.673019200000113, -2.013442488999942 ], [ 130.67275827800006, -2.01284015899995 ], [ 130.673102773000096, -2.012944485999981 ], [ 130.673019200000113, -2.013442488999942 ] ] ], [ [ [ 130.672333681000055, -2.012960287999931 ], [ 130.672424086000092, -2.013149590999944 ], [ 130.672320766000098, -2.013162497999929 ], [ 130.672333681000055, -2.012960287999931 ] ] ], [ [ [ 130.673322910000024, -2.012982782999927 ], [ 130.673520083000085, -2.01274190099997 ], [ 130.673567025000011, -2.012841770999955 ], [ 130.673322910000024, -2.012982782999927 ] ] ], [ [ [ 130.702310220000072, -2.01251024499993 ], [ 130.70249793000005, -2.012874613999941 ], [ 130.702273247000107, -2.013114210999959 ], [ 130.702310220000072, -2.01251024499993 ] ] ], [ [ [ 130.670436132000077, -2.012340981999955 ], [ 130.669860510000035, -2.012516740999956 ], [ 130.670403469, -2.012262729999975 ], [ 130.670436132000077, -2.012340981999955 ] ] ], [ [ [ 130.676713746000019, -2.012284656999952 ], [ 130.677102246000118, -2.011873310999931 ], [ 130.676963646000104, -2.01239378899993 ], [ 130.676713746000019, -2.012284656999952 ] ] ], [ [ [ 130.665462020000064, -2.011681082999928 ], [ 130.665348408000114, -2.011966404999953 ], [ 130.665283613000042, -2.011802944999943 ], [ 130.665462020000064, -2.011681082999928 ] ] ], [ [ [ 130.68866929, -2.011393565999924 ], [ 130.688701212000069, -2.011970632999976 ], [ 130.688533115000041, -2.012033383999949 ], [ 130.68866929, -2.011393565999924 ] ] ], [ [ [ 130.705049076000023, -2.010733996999932 ], [ 130.704231667000045, -2.009871299999929 ], [ 130.704427347000092, -2.009529935999979 ], [ 130.705049076000023, -2.010733996999932 ] ] ], [ [ [ 130.673595406000118, -2.010268407999945 ], [ 130.673857712000085, -2.009918784999968 ], [ 130.67412076100004, -2.009946274999947 ], [ 130.673595406000118, -2.010268407999945 ] ] ], [ [ [ 130.692304326000112, -2.009726567999962 ], [ 130.692241878000118, -2.010228020999932 ], [ 130.691848409000045, -2.009913614999959 ], [ 130.692304326000112, -2.009726567999962 ] ] ], [ [ [ 130.690013721000014, -2.009495922999974 ], [ 130.690091282000026, -2.009303500999977 ], [ 130.690221570000062, -2.009335632999978 ], [ 130.690013721000014, -2.009495922999974 ] ] ], [ [ [ 130.689542219000032, -2.008989339999971 ], [ 130.689662039000041, -2.009221599999933 ], [ 130.689416584000014, -2.009076820999951 ], [ 130.689542219000032, -2.008989339999971 ] ] ], [ [ [ 130.669203846000073, -2.008748655999966 ], [ 130.66927699900009, -2.008695652999961 ], [ 130.66927699900009, -2.008754138999961 ], [ 130.669203846000073, -2.008748655999966 ] ] ], [ [ [ 130.666148071000066, -2.00662581399996 ], [ 130.66591496, -2.006939606999936 ], [ 130.66579126900001, -2.00662105899994 ], [ 130.666148071000066, -2.00662581399996 ] ] ], [ [ [ 130.7012969970001, -0.791524488999926 ], [ 130.700063383000042, -0.790957277999951 ], [ 130.701220248000027, -0.790884632999962 ], [ 130.7012969970001, -0.791524488999926 ] ] ], [ [ [ 130.710588431000019, -0.778518833999954 ], [ 130.713266264000026, -0.792311652999956 ], [ 130.703449821000049, -0.794477196999935 ], [ 130.701602533000028, -0.791891819999933 ], [ 130.706126207000011, -0.782253874999981 ], [ 130.710588431000019, -0.778518833999954 ] ] ], [ [ [ 130.749090258000024, -0.766392044999975 ], [ 130.733180895000032, -0.799074011999949 ], [ 130.716684866000037, -0.774903547999941 ], [ 130.727388425000072, -0.772061099999974 ], [ 130.736634903000095, -0.784980314999927 ], [ 130.749090258000024, -0.766392044999975 ] ] ], [ [ [ 130.673891504000039, -0.777308894999976 ], [ 130.674332838000055, -0.778023017999942 ], [ 130.67371365300005, -0.777885032999961 ], [ 130.673891504000039, -0.777308894999976 ] ] ], [ [ [ 130.754462784000111, -0.759943907999968 ], [ 130.753639780000071, -0.758452143999932 ], [ 130.754699856000116, -0.757877975999975 ], [ 130.754462784000111, -0.759943907999968 ] ] ], [ [ [ 130.709103171000038, -0.701918472999978 ], [ 130.709599616000105, -0.695821848999969 ], [ 130.712712208000085, -0.697406532999935 ], [ 130.709103171000038, -0.701918472999978 ] ] ], [ [ [ 130.687468994000028, -0.556652078999946 ], [ 130.673085708000031, -0.566503025999964 ], [ 130.660852918000046, -0.564304691999951 ], [ 130.680140915000038, -0.555637039999965 ], [ 130.687468994000028, -0.556652078999946 ] ] ], [ [ [ 130.696255796000059, -0.552754078999953 ], [ 130.69633577500008, -0.551493679999965 ], [ 130.696959308000032, -0.551558657999976 ], [ 130.696255796000059, -0.552754078999953 ] ] ], [ [ [ 130.66565456100011, -0.506950159999974 ], [ 130.666561306000062, -0.506336315999931 ], [ 130.665969273000087, -0.507373930999961 ], [ 130.66565456100011, -0.506950159999974 ] ] ], [ [ [ 130.66603477000001, -0.504478806999941 ], [ 130.665687369000011, -0.504797653999958 ], [ 130.6657444760001, -0.504493082999943 ], [ 130.66603477000001, -0.504478806999941 ] ] ], [ [ [ 130.724151610000035, -0.49618983199997 ], [ 130.722268068000062, -0.496791164999934 ], [ 130.72225121800011, -0.496419584999956 ], [ 130.724151610000035, -0.49618983199997 ] ] ], [ [ [ 130.670227380000028, -0.483096969999963 ], [ 130.66926925100006, -0.48582541899998 ], [ 130.668939299000044, -0.485698513999978 ], [ 130.670227380000028, -0.483096969999963 ] ] ], [ [ [ 130.692754134000097, -0.478557486999932 ], [ 130.693182437000019, -0.478081594999935 ], [ 130.693220509000071, -0.478300504999936 ], [ 130.692754134000097, -0.478557486999932 ] ] ], [ [ [ 130.698455226000078, -0.478661111999941 ], [ 130.695137164000016, -0.479629433999946 ], [ 130.698692040000083, -0.475079894999965 ], [ 130.698455226000078, -0.478661111999941 ] ] ], [ [ [ 130.691838943000107, -0.471330401999978 ], [ 130.691026177000026, -0.475290743999949 ], [ 130.688661256000046, -0.474410069999976 ], [ 130.691838943000107, -0.471330401999978 ] ] ], [ [ [ 130.697592772, -0.45034377199994 ], [ 130.697731574000045, -0.450181174999955 ], [ 130.697747437000089, -0.450339805999931 ], [ 130.697592772, -0.45034377199994 ] ] ], [ [ [ 130.691487075000055, -0.439761118999968 ], [ 130.691356205000034, -0.439427993999971 ], [ 130.69160604800004, -0.439535069999977 ], [ 130.691487075000055, -0.439761118999968 ] ] ], [ [ [ 130.690933347000055, -0.438830602999928 ], [ 130.690949210000099, -0.439385809999976 ], [ 130.690527252000038, -0.439144691999957 ], [ 130.690933347000055, -0.438830602999928 ] ] ], [ [ [ 130.686726137000051, -0.438847524999971 ], [ 130.686981956000068, -0.438884715999961 ], [ 130.686901217000013, -0.439087920999953 ], [ 130.686726137000051, -0.438847524999971 ] ] ], [ [ [ 130.68409951000001, -0.438634179999951 ], [ 130.683798111000101, -0.438880056999949 ], [ 130.683734659000038, -0.438546932999941 ], [ 130.68409951000001, -0.438634179999951 ] ] ], [ [ [ 130.68895237400011, -0.438936990999935 ], [ 130.688355890000025, -0.438943547999941 ], [ 130.688413184000069, -0.438423649999947 ], [ 130.68895237400011, -0.438936990999935 ] ] ], [ [ [ 130.685955489000094, -0.438650042999939 ], [ 130.685217856, -0.438895919999936 ], [ 130.68556684400005, -0.438118629999963 ], [ 130.685955489000094, -0.438650042999939 ] ] ], [ [ [ 130.686068042000102, -0.438305731999947 ], [ 130.686582344000044, -0.437791907999951 ], [ 130.686693003000073, -0.438497273999928 ], [ 130.686068042000102, -0.438305731999947 ] ] ], [ [ [ 130.683033336000108, -0.437581601999966 ], [ 130.683776832000035, -0.437782811999966 ], [ 130.683119207000118, -0.437991536999959 ], [ 130.683033336000108, -0.437581601999966 ] ] ], [ [ [ 130.68662379500006, -0.436881095999979 ], [ 130.688021689000038, -0.437484893999965 ], [ 130.686887617000025, -0.438116123999976 ], [ 130.68662379500006, -0.436881095999979 ] ] ], [ [ [ 130.687424965000105, -0.436460145999945 ], [ 130.687203923000084, -0.435148220999963 ], [ 130.687576221000086, -0.436493010999925 ], [ 130.687424965000105, -0.436460145999945 ] ] ], [ [ [ 130.68533818700007, -0.43438096899996 ], [ 130.685522655000113, -0.434624673999963 ], [ 130.685323776000018, -0.434653828999956 ], [ 130.68533818700007, -0.43438096899996 ] ] ], [ [ [ 130.68356084900006, -0.433215864999966 ], [ 130.683712396000033, -0.43261717799993 ], [ 130.683747529000016, -0.433227560999967 ], [ 130.68356084900006, -0.433215864999966 ] ] ], [ [ [ 130.682442789000106, -0.432254124999929 ], [ 130.682831026000031, -0.43211690499993 ], [ 130.682674122000094, -0.432378745999927 ], [ 130.682442789000106, -0.432254124999929 ] ] ], [ [ [ 130.687803462000034, -0.418832970999972 ], [ 130.686694282000076, -0.418642965999936 ], [ 130.687854300000026, -0.418510997999931 ], [ 130.687803462000034, -0.418832970999972 ] ] ], [ [ [ 130.682783776000065, -0.416812075999928 ], [ 130.682914174000075, -0.417107096999928 ], [ 130.682623371000091, -0.416882720999979 ], [ 130.682783776000065, -0.416812075999928 ] ] ], [ [ [ 130.692077288000064, -0.416127270999937 ], [ 130.692137938000087, -0.416446098999927 ], [ 130.691872292000085, -0.416408643999944 ], [ 130.692077288000064, -0.416127270999937 ] ] ], [ [ [ 130.693265767000071, -0.409874029999969 ], [ 130.690167259000077, -0.418271353999955 ], [ 130.681221664000077, -0.415843584999948 ], [ 130.686350735000019, -0.409425537999937 ], [ 130.693265767000071, -0.409874029999969 ] ] ], [ [ [ 130.69782138000005, -0.410399875999929 ], [ 130.696105327000055, -0.412516604999951 ], [ 130.695925415000033, -0.410558303999949 ], [ 130.69782138000005, -0.410399875999929 ] ] ], [ [ [ 130.70193711200011, -0.410367813999926 ], [ 130.699387395000031, -0.410397270999965 ], [ 130.701556457000038, -0.40895897799993 ], [ 130.70193711200011, -0.410367813999926 ] ] ], [ [ [ 130.703042071000027, -0.379375883999955 ], [ 130.703302010000016, -0.379280407999943 ], [ 130.70327217800002, -0.379423550999945 ], [ 130.703042071000027, -0.379375883999955 ] ] ], [ [ [ 130.684594623000066, -0.344592383999952 ], [ 130.685100139000042, -0.344885678999958 ], [ 130.684755083000027, -0.345032441999933 ], [ 130.684594623000066, -0.344592383999952 ] ] ], [ [ [ 130.684061972000109, -0.344161859999929 ], [ 130.684362552000039, -0.344464171999959 ], [ 130.684014777000016, -0.34432600599996 ], [ 130.684061972000109, -0.344161859999929 ] ] ], [ [ [ 130.681887042000085, -0.342411744999936 ], [ 130.681093333000035, -0.342941755999959 ], [ 130.681245877000038, -0.342342748999954 ], [ 130.681887042000085, -0.342411744999936 ] ] ], [ [ [ 130.673026495000045, -0.339594550999948 ], [ 130.672932684000102, -0.339854231999936 ], [ 130.672835869000096, -0.339665403999959 ], [ 130.673026495000045, -0.339594550999948 ] ] ], [ [ [ 130.67240335300005, -0.339562636999972 ], [ 130.672805621000066, -0.338767694999945 ], [ 130.673197033000065, -0.33920220899995 ], [ 130.67240335300005, -0.339562636999972 ] ] ], [ [ [ 130.689558647000013, -0.321413190999976 ], [ 130.692807978000019, -0.322948070999928 ], [ 130.691083190000086, -0.324952003999954 ], [ 130.689558647000013, -0.321413190999976 ] ] ], [ [ [ 130.687784626000052, -0.32204823099994 ], [ 130.687861204000114, -0.322417738999945 ], [ 130.687626522000073, -0.322243276999927 ], [ 130.687784626000052, -0.32204823099994 ] ] ], [ [ [ 130.669069248000028, -0.305820136999955 ], [ 130.679332914000042, -0.317775559999973 ], [ 130.667429107000089, -0.330101848999959 ], [ 130.663959785000088, -0.319534136999948 ], [ 130.657691604000092, -0.316554148999955 ], [ 130.670277566000095, -0.31237833199998 ], [ 130.661494387000062, -0.307275195999978 ], [ 130.669069248000028, -0.305820136999955 ] ] ], [ [ [ 130.696114041000101, -0.31787088599998 ], [ 130.6957308100001, -0.317585541999961 ], [ 130.69620718300007, -0.317864485999962 ], [ 130.696114041000101, -0.31787088599998 ] ] ], [ [ [ 130.687386288000084, -0.308461127999976 ], [ 130.687793006000106, -0.308608514999946 ], [ 130.687653809000039, -0.308800219999966 ], [ 130.687386288000084, -0.308461127999976 ] ] ], [ [ [ 130.691413844000067, -0.307660065999926 ], [ 130.692152597000018, -0.307124744999953 ], [ 130.692111299000089, -0.307618327999933 ], [ 130.691413844000067, -0.307660065999926 ] ] ], [ [ [ 130.722988784000108, -0.246508044999928 ], [ 130.722593148000101, -0.246509742999933 ], [ 130.722754294000083, -0.246193372999926 ], [ 130.722988784000108, -0.246508044999928 ] ] ], [ [ [ 130.721312788000091, -0.238232780999965 ], [ 130.721305571000016, -0.237843579999947 ], [ 130.721451804000026, -0.238227354999935 ], [ 130.721312788000091, -0.238232780999965 ] ] ], [ [ [ 130.72122927800001, -0.236644233999925 ], [ 130.72135035000008, -0.237053992999961 ], [ 130.721159993000015, -0.237018300999978 ], [ 130.72122927800001, -0.236644233999925 ] ] ], [ [ [ 130.716734195000072, -0.232140405999928 ], [ 130.716693693000025, -0.23258186399994 ], [ 130.716462254000021, -0.232525127999963 ], [ 130.716734195000072, -0.232140405999928 ] ] ], [ [ [ 130.712810424000054, -0.22769313799995 ], [ 130.713566293000099, -0.227884456999959 ], [ 130.713082389000078, -0.228316555999925 ], [ 130.712810424000054, -0.22769313799995 ] ] ], [ [ [ 130.69284192900011, -0.133351130999927 ], [ 130.694570000000112, -0.14026873399996 ], [ 130.667373629000053, -0.145884046999925 ], [ 130.672493533000079, -0.136461501999975 ], [ 130.69284192900011, -0.133351130999927 ] ] ], [ [ [ 130.666845711000065, -0.137225199999932 ], [ 130.667223480000075, -0.137736580999956 ], [ 130.666621051000106, -0.137526815999934 ], [ 130.666845711000065, -0.137225199999932 ] ] ], [ [ [ 130.679608877000078, -0.133527728999979 ], [ 130.680138346000035, -0.133638896999969 ], [ 130.680226701000038, -0.134209382999927 ], [ 130.679608877000078, -0.133527728999979 ] ] ], [ [ [ 130.677643598000031, -0.123882091999974 ], [ 130.677681924000012, -0.124273943999924 ], [ 130.677432080000017, -0.124083586999973 ], [ 130.677643598000031, -0.123882091999974 ] ] ], [ [ [ 130.676989053000057, -0.124037018999957 ], [ 130.675969534000046, -0.124243517999957 ], [ 130.675740896000093, -0.123438197999974 ], [ 130.676989053000057, -0.124037018999957 ] ] ], [ [ [ 130.667426477000049, -0.12224437499998 ], [ 130.669181518000073, -0.119913867999969 ], [ 130.675069761000032, -0.123214443999927 ], [ 130.667426477000049, -0.12224437499998 ] ] ], [ [ [ 130.683138367000083, -0.117660789999945 ], [ 130.683752900000059, -0.118015648999972 ], [ 130.683809036000071, -0.118158728999958 ], [ 130.683138367000083, -0.117660789999945 ] ] ], [ [ [ 130.680664756000056, -0.115430026999945 ], [ 130.68302381400008, -0.117551965999951 ], [ 130.68006993500012, -0.115700495999931 ], [ 130.680664756000056, -0.115430026999945 ] ] ], [ [ [ 130.671110233000036, -0.114998156999945 ], [ 130.679169087000105, -0.113494984999932 ], [ 130.679811541000049, -0.114767996999944 ], [ 130.671110233000036, -0.114998156999945 ] ] ], [ [ [ 130.6680332090001, -0.100438882999924 ], [ 130.66678506400001, -0.099889268999959 ], [ 130.66851861900011, -0.099829740999951 ], [ 130.6680332090001, -0.100438882999924 ] ] ], [ [ [ 130.69169657000009, -0.099987779999935 ], [ 130.689723288000096, -0.09895565599993 ], [ 130.690197430000012, -0.098443090999979 ], [ 130.69169657000009, -0.099987779999935 ] ] ], [ [ [ 130.663788251000028, -0.088068064999959 ], [ 130.671040848000075, -0.095530054999927 ], [ 130.662598425000056, -0.09258768199993 ], [ 130.663788251000028, -0.088068064999959 ] ] ], [ [ [ 130.677489187000106, -0.091461175999939 ], [ 130.674959038000111, -0.091700724999953 ], [ 130.675097829000038, -0.090735440999936 ], [ 130.677489187000106, -0.091461175999939 ] ] ], [ [ [ 130.729954922000047, -0.054482013999973 ], [ 130.729016977000015, -0.053954398999963 ], [ 130.73018563100004, -0.053809521999938 ], [ 130.729954922000047, -0.054482013999973 ] ] ], [ [ [ 130.723373921000075, -0.045448016999956 ], [ 130.723855850000064, -0.04583155399996 ], [ 130.723308806000091, -0.045815171999948 ], [ 130.723373921000075, -0.045448016999956 ] ] ], [ [ [ 130.73632158700002, -0.045655023999927 ], [ 130.733947457000113, -0.044967652999958 ], [ 130.737549389000037, -0.045326657999965 ], [ 130.73632158700002, -0.045655023999927 ] ] ], [ [ [ 130.736481487000106, -0.032219444999953 ], [ 130.736752746000093, -0.031833971999959 ], [ 130.7370351510001, -0.031935379999936 ], [ 130.736481487000106, -0.032219444999953 ] ] ], [ [ [ 130.73687088500003, -0.021910747999925 ], [ 130.73773875400002, -0.021615068999949 ], [ 130.738098301000036, -0.02175522899995 ], [ 130.73687088500003, -0.021910747999925 ] ] ], [ [ [ 130.749973031000081, -0.018742177999968 ], [ 130.7504441640001, -0.017657143999941 ], [ 130.750348667000026, -0.019207862999963 ], [ 130.749973031000081, -0.018742177999968 ] ] ], [ [ [ 130.735291496000059, 0.529333392000069 ], [ 130.731321466000054, 0.530910074000076 ], [ 130.732194403000108, 0.533054651000043 ], [ 130.735291496000059, 0.529333392000069 ] ] ], [ [ [ 130.905542915000069, -2.166680913999926 ], [ 130.908007041000019, -2.16344840499994 ], [ 130.907126973000118, -2.166429659999949 ], [ 130.905542915000069, -2.166680913999926 ] ] ], [ [ [ 130.894276044000094, -2.145955453999932 ], [ 130.913450465000096, -2.148145992999957 ], [ 130.935908255000072, -2.163763339999946 ], [ 130.894276044000094, -2.145955453999932 ] ] ], [ [ [ 130.908698819000051, -2.146242640999958 ], [ 130.908919413000035, -2.146388485999978 ], [ 130.908774803000028, -2.146530923999933 ], [ 130.908698819000051, -2.146242640999958 ] ] ], [ [ [ 130.922919919000037, -2.138989642999945 ], [ 130.922669119000034, -2.138909897999952 ], [ 130.922923719000096, -2.138921289999928 ], [ 130.922919919000037, -2.138989642999945 ] ] ], [ [ [ 130.922482919000117, -2.139779491999946 ], [ 130.924145319000104, -2.139595931999963 ], [ 130.922946555000067, -2.14009398099995 ], [ 130.921512429000018, -2.139979822999976 ], [ 130.919721718000119, -2.137932267999929 ], [ 130.922482919000117, -2.139779491999946 ] ] ], [ [ [ 130.924423685000079, -2.137653073999957 ], [ 130.924675518000072, -2.138294726999959 ], [ 130.923676119000106, -2.138925087999951 ], [ 130.924423685000079, -2.137653073999957 ] ] ], [ [ [ 130.922563270000069, -2.138137634999964 ], [ 130.92276791900008, -2.138321308999934 ], [ 130.9226495260001, -2.138348811999947 ], [ 130.922563270000069, -2.138137634999964 ] ] ], [ [ [ 130.920598384000073, -2.137440367999943 ], [ 130.920770176000019, -2.136966386999973 ], [ 130.921507021000025, -2.136469637999937 ], [ 130.920598384000073, -2.137440367999943 ] ] ], [ [ [ 130.920054030000074, -2.137274784999931 ], [ 130.919729525000093, -2.136409259999937 ], [ 130.920234102000109, -2.137040898999942 ], [ 130.920054030000074, -2.137274784999931 ] ] ], [ [ [ 130.917731144000072, -2.136513713999932 ], [ 130.917723735000095, -2.136928037999951 ], [ 130.91751222400012, -2.136766295999962 ], [ 130.917731144000072, -2.136513713999932 ] ] ], [ [ [ 130.908839275000105, -2.134917902999973 ], [ 130.908741695000117, -2.135945915999969 ], [ 130.908188794000012, -2.13536118899998 ], [ 130.908839275000105, -2.134917902999973 ] ] ], [ [ [ 130.908728362000033, -2.134344431999978 ], [ 130.908851244000061, -2.134037590999981 ], [ 130.908834961000025, -2.134386308999979 ], [ 130.908728362000033, -2.134344431999978 ] ] ], [ [ [ 130.893848591000051, -2.13029789999996 ], [ 130.894253004, -2.130511566999928 ], [ 130.893925313000068, -2.130511971999965 ], [ 130.893848591000051, -2.13029789999996 ] ] ], [ [ [ 130.907691881000119, -2.130203711999968 ], [ 130.906308736000028, -2.130599176999965 ], [ 130.906140525000069, -2.13055845699995 ], [ 130.90695288500001, -2.129747142999975 ], [ 130.907691881000119, -2.130203711999968 ] ] ], [ [ [ 130.894792675000076, -2.130033202999925 ], [ 130.894618923000053, -2.130078418999972 ], [ 130.894667791000074, -2.129998837999949 ], [ 130.894792675000076, -2.130033202999925 ] ] ], [ [ [ 130.909721287000025, -2.129528181999945 ], [ 130.908139924000011, -2.129524504999949 ], [ 130.908350897000105, -2.128730797999935 ], [ 130.909721287000025, -2.129528181999945 ] ] ], [ [ [ 130.895056465000039, -2.129224628999964 ], [ 130.895562589000065, -2.12802146699994 ], [ 130.895570884000108, -2.129119119999928 ], [ 130.895056465000039, -2.129224628999964 ] ] ], [ [ [ 130.894680744000084, -2.12728475199998 ], [ 130.894811896000078, -2.127656858999956 ], [ 130.894433690000028, -2.12778801099995 ], [ 130.894680744000084, -2.12728475199998 ] ] ], [ [ [ 130.891924141000118, -2.125842959999943 ], [ 130.892507972000089, -2.129081429999928 ], [ 130.890177532000052, -2.126559651999969 ], [ 130.891924141000118, -2.125842959999943 ] ] ], [ [ [ 130.876043029000016, -2.122202670999968 ], [ 130.876326629000118, -2.122404597999946 ], [ 130.876206099000115, -2.122440022999967 ], [ 130.876043029000016, -2.122202670999968 ] ] ], [ [ [ 130.886451526000087, -2.122073826999952 ], [ 130.886656273000085, -2.121757539999976 ], [ 130.886692811000103, -2.121877255999948 ], [ 130.886451526000087, -2.122073826999952 ] ] ], [ [ [ 130.877982146000022, -2.120594341999947 ], [ 130.876454249000062, -2.12138787899994 ], [ 130.876574779000066, -2.120640395999942 ], [ 130.877982146000022, -2.120594341999947 ] ] ], [ [ [ 130.885435806000032, -2.119733335999967 ], [ 130.883927228000061, -2.120418620999942 ], [ 130.883865362000051, -2.120280612999977 ], [ 130.885435806000032, -2.119733335999967 ] ] ], [ [ [ 130.884579200000076, -2.119214613999929 ], [ 130.884069996000107, -2.11900997999993 ], [ 130.88457444200003, -2.118914801999949 ], [ 130.884579200000076, -2.119214613999929 ] ] ], [ [ [ 130.885949049000033, -2.119049833999952 ], [ 130.88604723200001, -2.118665605999979 ], [ 130.886041642, -2.119118551999975 ], [ 130.885949049000033, -2.119049833999952 ] ] ], [ [ [ 130.880611945000055, -2.115389086999926 ], [ 130.880583309000031, -2.114766625999948 ], [ 130.880695628000012, -2.11540767799994 ], [ 130.880611945000055, -2.115389086999926 ] ] ], [ [ [ 130.875362075000112, -2.10703019999994 ], [ 130.875143792000017, -2.105811444999972 ], [ 130.876254083000049, -2.10624847899993 ], [ 130.875362075000112, -2.10703019999994 ] ] ], [ [ [ 130.870912194000084, -2.104360614999962 ], [ 130.869520355000077, -2.103291319999926 ], [ 130.871016531, -2.103247016999944 ], [ 130.870912194000084, -2.104360614999962 ] ] ], [ [ [ 130.869963601000109, -2.102903223999931 ], [ 130.869687849000115, -2.102045076999957 ], [ 130.86994135100008, -2.101964023999926 ], [ 130.869963601000109, -2.102903223999931 ] ] ], [ [ [ 130.864345454000045, -2.100754754999969 ], [ 130.863079581000079, -2.100374041999942 ], [ 130.864378766000073, -2.100274103999936 ], [ 130.864345454000045, -2.100754754999969 ] ] ], [ [ [ 130.860573778000116, -2.100600356999962 ], [ 130.860423180000112, -2.100476813999933 ], [ 130.860544558000015, -2.100389210999936 ], [ 130.860573778000116, -2.100600356999962 ] ] ], [ [ [ 130.865322223000021, -2.099833903999979 ], [ 130.865642260000072, -2.100764272999925 ], [ 130.86466466100012, -2.100754588999962 ], [ 130.865322223000021, -2.099833903999979 ] ] ], [ [ [ 130.86306800300008, -2.100299700999926 ], [ 130.863045259000046, -2.100108647999946 ], [ 130.863104394000061, -2.100267858999928 ], [ 130.86306800300008, -2.100299700999926 ] ] ], [ [ [ 130.86070746900009, -2.100124983999933 ], [ 130.86172075200011, -2.099959650999949 ], [ 130.860715450000043, -2.100453209999955 ], [ 130.86070746900009, -2.100124983999933 ] ] ], [ [ [ 130.859719375000054, -2.09921080099997 ], [ 130.859897611000065, -2.098899661999951 ], [ 130.860161859000073, -2.099188828999957 ], [ 130.859719375000054, -2.09921080099997 ] ] ], [ [ [ 130.855812602000015, -2.099087503999954 ], [ 130.855981650000103, -2.098930482999947 ], [ 130.856046554000045, -2.099097233999942 ], [ 130.855812602000015, -2.099087503999954 ] ] ], [ [ [ 130.856247718000077, -2.099042819999966 ], [ 130.85638596900003, -2.098801707999939 ], [ 130.856478, -2.099055720999957 ], [ 130.856247718000077, -2.099042819999966 ] ] ], [ [ [ 130.855810116000043, -2.073737241999936 ], [ 130.855389129000059, -2.073798549999935 ], [ 130.855627343000037, -2.073565350999957 ], [ 130.855810116000043, -2.073737241999936 ] ] ], [ [ [ 130.853853156000014, -2.072326009999927 ], [ 130.853984059000027, -2.072126415999946 ], [ 130.853980995000029, -2.072311025999966 ], [ 130.853853156000014, -2.072326009999927 ] ] ], [ [ [ 130.849734169000044, -2.071328474999973 ], [ 130.849765043000048, -2.070924728999955 ], [ 130.849934260000055, -2.071267329999955 ], [ 130.849734169000044, -2.071328474999973 ] ] ], [ [ [ 130.841539432000104, -2.067793364999943 ], [ 130.84184985100012, -2.06732803999995 ], [ 130.841892965000056, -2.067767513999968 ], [ 130.841539432000104, -2.067793364999943 ] ] ], [ [ [ 130.77574414500009, -2.042160022999951 ], [ 130.775618435000069, -2.041358911999964 ], [ 130.776100775000032, -2.041050844999972 ], [ 130.77574414500009, -2.042160022999951 ] ] ], [ [ [ 130.779214379000109, -2.041063484999938 ], [ 130.778591691000088, -2.041556702999969 ], [ 130.778547437000043, -2.041200222999976 ], [ 130.779214379000109, -2.041063484999938 ] ] ], [ [ [ 130.77029518900008, -2.040152972999977 ], [ 130.77018058900012, -2.040241695999953 ], [ 130.770200921000082, -2.040110459999937 ], [ 130.77029518900008, -2.040152972999977 ] ] ], [ [ [ 130.770134380000059, -2.04009936999995 ], [ 130.77017653200005, -2.039417826999966 ], [ 130.770472891000054, -2.039631718999942 ], [ 130.770134380000059, -2.04009936999995 ] ] ], [ [ [ 130.76967138100008, -2.039227349999976 ], [ 130.769775858000116, -2.039308637999966 ], [ 130.769646013000056, -2.039407322999978 ], [ 130.76967138100008, -2.039227349999976 ] ] ], [ [ [ 130.771481148000021, -2.039429878999954 ], [ 130.77149828000006, -2.03911427099996 ], [ 130.77151829200011, -2.039435695999941 ], [ 130.771481148000021, -2.039429878999954 ] ] ], [ [ [ 130.772176914000056, -2.039080488999957 ], [ 130.772330620000048, -2.039203192999935 ], [ 130.772109301000114, -2.039163586999962 ], [ 130.772176914000056, -2.039080488999957 ] ] ], [ [ [ 130.768271244000061, -2.038555711999948 ], [ 130.767920752, -2.037742227999956 ], [ 130.768728094000039, -2.037955826999962 ], [ 130.768271244000061, -2.038555711999948 ] ] ], [ [ [ 130.765783093000096, -2.037372969999979 ], [ 130.765717996000035, -2.037893099999962 ], [ 130.765558835000093, -2.037617642999976 ], [ 130.765783093000096, -2.037372969999979 ] ] ], [ [ [ 130.770648466000011, -2.036641757999973 ], [ 130.770429146000083, -2.037282636999976 ], [ 130.769970992000026, -2.036465513999929 ], [ 130.770648466000011, -2.036641757999973 ] ] ], [ [ [ 130.766193796000039, -2.035034159999952 ], [ 130.765147143000036, -2.03757699099998 ], [ 130.763445835000084, -2.037190328999941 ], [ 130.766193796000039, -2.035034159999952 ] ] ], [ [ [ 130.762398666000081, -2.036785400999975 ], [ 130.76173497700006, -2.035629126999936 ], [ 130.76246277100006, -2.035221019999938 ], [ 130.762398666000081, -2.036785400999975 ] ] ], [ [ [ 130.766337991000114, -2.03504546299996 ], [ 130.766545480000104, -2.034994065999967 ], [ 130.766444591000095, -2.035190133999947 ], [ 130.766337991000114, -2.03504546299996 ] ] ], [ [ [ 130.767682144000105, -2.033613511999931 ], [ 130.766574553000055, -2.034433032999971 ], [ 130.76634174600008, -2.033876016999955 ], [ 130.767682144000105, -2.033613511999931 ] ] ], [ [ [ 130.759229509000079, -2.033717674999934 ], [ 130.759351786000025, -2.033726997999963 ], [ 130.759259117000056, -2.033822764999968 ], [ 130.759229509000079, -2.033717674999934 ] ] ], [ [ [ 130.766223023000066, -2.033593946999929 ], [ 130.764802566000071, -2.033631492999973 ], [ 130.765626589000021, -2.031983644999968 ], [ 130.766223023000066, -2.033593946999929 ] ] ], [ [ [ 130.764941903000022, -2.032109495999975 ], [ 130.765185185000064, -2.032323347999977 ], [ 130.764954852000074, -2.032440211999926 ], [ 130.764941903000022, -2.032109495999975 ] ] ], [ [ [ 130.767262674000108, -2.031824444999927 ], [ 130.76655125800005, -2.031791897999938 ], [ 130.76653835400009, -2.031648332999964 ], [ 130.767262674000108, -2.031824444999927 ] ] ], [ [ [ 130.76547701700008, -2.031832859999952 ], [ 130.76531491500009, -2.031750018999958 ], [ 130.765379387000053, -2.031676381999944 ], [ 130.76547701700008, -2.031832859999952 ] ] ], [ [ [ 130.760829067000032, -2.031354075999957 ], [ 130.759831866000013, -2.032845592999934 ], [ 130.760210484000027, -2.029996082999958 ], [ 130.760829067000032, -2.031354075999957 ] ] ], [ [ [ 130.767041211000105, -2.030929590999961 ], [ 130.766850117000104, -2.030996573999971 ], [ 130.766871508, -2.030906787999925 ], [ 130.767041211000105, -2.030929590999961 ] ] ], [ [ [ 130.767592895, -2.030920268999978 ], [ 130.76742528300008, -2.030952859999957 ], [ 130.767490466000027, -2.030808527999966 ], [ 130.767592895, -2.030920268999978 ] ] ], [ [ [ 130.807275472000015, -1.980829858999925 ], [ 130.807438198000114, -1.980612150999946 ], [ 130.807536417000051, -1.980752712999958 ], [ 130.807275472000015, -1.980829858999925 ] ] ], [ [ [ 130.808062738000103, -1.97911887999993 ], [ 130.807880392000015, -1.980964714999971 ], [ 130.807449072000054, -1.979108345999975 ], [ 130.808062738000103, -1.97911887999993 ] ] ], [ [ [ 130.810914156000081, -1.979984594999962 ], [ 130.811007080000081, -1.979323508999926 ], [ 130.811178572000017, -1.980002767999963 ], [ 130.810914156000081, -1.979984594999962 ] ] ], [ [ [ 130.810592136000082, -1.979312755999956 ], [ 130.810746820000077, -1.979267203999939 ], [ 130.810784264000063, -1.979315138999937 ], [ 130.810592136000082, -1.979312755999956 ] ] ], [ [ [ 130.808835886000111, -1.978835839999931 ], [ 130.808730533000016, -1.978282923999927 ], [ 130.809101799000018, -1.97852391999993 ], [ 130.808835886000111, -1.978835839999931 ] ] ], [ [ [ 130.809794890000035, -1.97802784299995 ], [ 130.809961719000057, -1.977446395999948 ], [ 130.810141716000089, -1.976829773999953 ], [ 130.809794890000035, -1.97802784299995 ] ] ], [ [ [ 130.813272129000097, -1.977496454999937 ], [ 130.812810763000016, -1.977538123999977 ], [ 130.812790003000032, -1.977266863999944 ], [ 130.813272129000097, -1.977496454999937 ] ] ], [ [ [ 130.808824627000035, -1.976256313999954 ], [ 130.808638796000082, -1.975746253999944 ], [ 130.8089681780001, -1.976257835999945 ], [ 130.808824627000035, -1.976256313999954 ] ] ], [ [ [ 130.803618201000063, -1.975821733999965 ], [ 130.803516606000017, -1.975812503999975 ], [ 130.803592033000086, -1.97572635299997 ], [ 130.803618201000063, -1.975821733999965 ] ] ], [ [ [ 130.803692652000109, -1.975372670999946 ], [ 130.80354044000012, -1.974259153999981 ], [ 130.80431631600004, -1.974765504999937 ], [ 130.803692652000109, -1.975372670999946 ] ] ], [ [ [ 130.800805603000072, -1.973791668999979 ], [ 130.800042298000108, -1.974017724999953 ], [ 130.800742299000035, -1.973621794999929 ], [ 130.800805603000072, -1.973791668999979 ] ] ], [ [ [ 130.808944544000042, -1.974186750999934 ], [ 130.809229648000041, -1.973267023999938 ], [ 130.809810683000023, -1.97383689399993 ], [ 130.808944544000042, -1.974186750999934 ] ] ], [ [ [ 130.799972675000049, -1.973651297999936 ], [ 130.800094813000101, -1.973622500999966 ], [ 130.800103050000075, -1.973708485999964 ], [ 130.799972675000049, -1.973651297999936 ] ] ], [ [ [ 130.8039470330001, -1.972160777999932 ], [ 130.804147428000078, -1.971704932999955 ], [ 130.804254567000044, -1.971794762999934 ], [ 130.8039470330001, -1.972160777999932 ] ] ], [ [ [ 130.801173826000081, -1.971879194999929 ], [ 130.80131631900008, -1.97194576499993 ], [ 130.801214397000081, -1.971980052999925 ], [ 130.801173826000081, -1.971879194999929 ] ] ], [ [ [ 130.801726177000091, -1.970543430999953 ], [ 130.80185042100004, -1.970603894999954 ], [ 130.801746359000049, -1.970629716999952 ], [ 130.801726177000091, -1.970543430999953 ] ] ], [ [ [ 130.802039133000108, -1.970542131999935 ], [ 130.802257549000046, -1.970531979999976 ], [ 130.802069610000103, -1.97059797299994 ], [ 130.802039133000108, -1.970542131999935 ] ] ], [ [ [ 130.805795876000047, -1.969988580999939 ], [ 130.805653444000086, -1.969984570999941 ], [ 130.805677517000049, -1.969904374999942 ], [ 130.805795876000047, -1.969988580999939 ] ] ], [ [ [ 130.80266262300006, -1.969830983999941 ], [ 130.802903447000062, -1.969414173999951 ], [ 130.80302288300004, -1.96965081899998 ], [ 130.80266262300006, -1.969830983999941 ] ] ], [ [ [ 130.804983318000041, -1.969657199999972 ], [ 130.805110991000106, -1.969429478999928 ], [ 130.805160476000083, -1.969694935999939 ], [ 130.804983318000041, -1.969657199999972 ] ] ], [ [ [ 130.801770644000044, -1.969328638999968 ], [ 130.80207423100012, -1.969157306999932 ], [ 130.802023666000082, -1.969440904999942 ], [ 130.801770644000044, -1.969328638999968 ] ] ], [ [ [ 130.796459463000019, -1.969089614999973 ], [ 130.79635626400011, -1.969078642999932 ], [ 130.796457267000051, -1.969025976999944 ], [ 130.796459463000019, -1.969089614999973 ] ] ], [ [ [ 130.796106504000022, -1.969155074999946 ], [ 130.795644155000105, -1.969088318999979 ], [ 130.795928359000072, -1.968571486999963 ], [ 130.796106504000022, -1.969155074999946 ] ] ], [ [ [ 130.80182987000012, -1.96876814899997 ], [ 130.802146597000046, -1.968741534999936 ], [ 130.8019084230001, -1.968935535999947 ], [ 130.80182987000012, -1.96876814899997 ] ] ], [ [ [ 130.797716048000098, -1.968616837999946 ], [ 130.797877611000104, -1.968599559999973 ], [ 130.797794173000057, -1.968776385999945 ], [ 130.797716048000098, -1.968616837999946 ] ] ], [ [ [ 130.798098848000109, -1.968656172999943 ], [ 130.798047402000066, -1.968262847999938 ], [ 130.798202317000118, -1.968656060999933 ], [ 130.798098848000109, -1.968656172999943 ] ] ], [ [ [ 130.79734411600009, -1.968179069999962 ], [ 130.797654492000106, -1.968153076999954 ], [ 130.797623474000034, -1.968305615999952 ], [ 130.79734411600009, -1.968179069999962 ] ] ], [ [ [ 130.797217554000099, -1.967922236999925 ], [ 130.797313990000021, -1.96797344099997 ], [ 130.797237481000025, -1.968000605999976 ], [ 130.797217554000099, -1.967922236999925 ] ] ], [ [ [ 130.797228776000111, -1.967813901999932 ], [ 130.797395841000025, -1.967641259999937 ], [ 130.797500916000104, -1.967816456999969 ], [ 130.797228776000111, -1.967813901999932 ] ] ], [ [ [ 130.798364594000077, -1.967704455999979 ], [ 130.79824515200005, -1.967627492999952 ], [ 130.798358307000058, -1.967627492999952 ], [ 130.798364594000077, -1.967704455999979 ] ] ], [ [ [ 130.798974, -1.967380679999962 ], [ 130.799120481000045, -1.967379396999945 ], [ 130.799005376000082, -1.967443614999979 ], [ 130.798974, -1.967380679999962 ] ] ], [ [ [ 130.796887226000081, -1.967500841999936 ], [ 130.795745640000064, -1.967138477999924 ], [ 130.796919596000066, -1.96673868299996 ], [ 130.796887226000081, -1.967500841999936 ] ] ], [ [ [ 130.901817623000056, -0.891076430999931 ], [ 130.903888257000062, -0.898353501999964 ], [ 130.921208922000119, -0.888788509999927 ], [ 130.927349103000097, -0.892789329999971 ], [ 130.923269345000108, -0.927681422999967 ], [ 130.939730911000083, -0.941099764999933 ], [ 130.957054292000066, -0.93156871399998 ], [ 130.967333564000114, -0.935387748999972 ], [ 130.984613405000118, -0.918210017999968 ], [ 130.996944745000064, -0.925171062999937 ], [ 131.031233512000085, -0.911529660999975 ], [ 131.051406568000061, -0.933207367999955 ], [ 131.058005024000067, -0.960723133999977 ], [ 131.080392976000098, -0.968894202999934 ], [ 131.065104939000094, -0.984646234999957 ], [ 131.064915090000113, -1.009167542999933 ], [ 131.075061675000029, -1.011898795999969 ], [ 131.084755599000118, -1.005966799999953 ], [ 131.087832242000104, -1.012419897999962 ], [ 131.078034811000066, -1.015694631999963 ], [ 131.084923351000043, -1.018157373999941 ], [ 131.074232432000031, -1.042425495999964 ], [ 131.075646923000022, -1.07069022099995 ], [ 131.068195244000094, -1.104599919999941 ], [ 131.057237870000108, -1.117169647999958 ], [ 131.047940204000042, -1.184493024999938 ], [ 131.034546431000081, -1.195330666999951 ], [ 131.004804601000046, -1.164042504999941 ], [ 130.954961690000118, -1.143171785999925 ], [ 130.949552132, -1.127985613999954 ], [ 130.919285669000033, -1.12938676899995 ], [ 130.914956985000117, -1.136401374999934 ], [ 130.881600431000038, -1.126959099999965 ], [ 130.863937265000118, -1.132740780999939 ], [ 130.84041344700006, -1.109325586999944 ], [ 130.812750444000017, -1.118597803999933 ], [ 130.798139580000111, -1.115360922999969 ], [ 130.790514640000083, -1.085466566999969 ], [ 130.732842281000103, -1.069987926999943 ], [ 130.732101013000033, -1.037116280999953 ], [ 130.708380220000095, -1.041676493999944 ], [ 130.704461848000051, -1.051973419999968 ], [ 130.691112026000042, -1.047984514999939 ], [ 130.676213676000089, -1.012725837999938 ], [ 130.653281038000046, -1.001607753999963 ], [ 130.634800463000033, -0.980289359999972 ], [ 130.641079514000012, -0.971262527999954 ], [ 130.63499665300003, -0.958202867999944 ], [ 130.647038985000108, -0.954007777999948 ], [ 130.684280165000018, -0.954220199999952 ], [ 130.744191310000019, -0.928493149999952 ], [ 130.792114142000059, -0.927444536999928 ], [ 130.798787418000074, -0.914977187999966 ], [ 130.828005310000094, -0.907943578999948 ], [ 130.832393253000077, -0.896207033999929 ], [ 130.839971298000023, -0.90197915899995 ], [ 130.848326457000098, -0.895928191999928 ], [ 130.858941080000022, -0.904725513999949 ], [ 130.864557349000052, -0.894781533999947 ], [ 130.901817623000056, -0.891076430999931 ] ] ], [ [ [ 130.787021408000101, -0.924350176999951 ], [ 130.787378327000056, -0.925373344999969 ], [ 130.786295672000051, -0.924742787999946 ], [ 130.787021408000101, -0.924350176999951 ] ] ], [ [ [ 130.799265325000079, -0.914056363999975 ], [ 130.796844366000073, -0.914788 ], [ 130.797511852000071, -0.913158500999941 ], [ 130.799265325000079, -0.914056363999975 ] ] ], [ [ [ 130.868769646000032, -0.849910886999965 ], [ 130.869454931000064, -0.849939439999957 ], [ 130.86904090500002, -0.850096484999938 ], [ 130.868769646000032, -0.849910886999965 ] ] ], [ [ [ 130.879932982000014, -0.822399730999962 ], [ 130.881266850000088, -0.823385205999955 ], [ 130.880058314000053, -0.824572702999944 ], [ 130.879932982000014, -0.822399730999962 ] ] ], [ [ [ 130.878957134000075, -0.821267440999975 ], [ 130.879159389000051, -0.821315030999926 ], [ 130.878992826000058, -0.821356670999933 ], [ 130.878957134000075, -0.821267440999975 ] ] ], [ [ [ 130.909720469000035, -0.813555849999943 ], [ 130.90128625300008, -0.821462074999943 ], [ 130.891827598000077, -0.819863191999957 ], [ 130.900158273000102, -0.813485563999961 ], [ 130.909720469000035, -0.813555849999943 ] ] ], [ [ [ 130.793646573000046, -0.81408958999998 ], [ 130.794356574000062, -0.814607403999958 ], [ 130.79345360700006, -0.815003364999939 ], [ 130.793646573000046, -0.81408958999998 ] ] ], [ [ [ 130.909963162000054, -0.814256833999934 ], [ 130.910297433000096, -0.814184785999942 ], [ 130.91026476400009, -0.814412432999973 ], [ 130.909963162000054, -0.814256833999934 ] ] ], [ [ [ 130.773372009000013, -0.813361277999945 ], [ 130.772660091000034, -0.812786054999947 ], [ 130.773511943000017, -0.81304236099993 ], [ 130.773372009000013, -0.813361277999945 ] ] ], [ [ [ 130.861710994000077, -0.812138129999937 ], [ 130.862366048000013, -0.812652558999957 ], [ 130.861634405000018, -0.812462448999952 ], [ 130.861710994000077, -0.812138129999937 ] ] ], [ [ [ 130.813853703000063, -0.801626940999938 ], [ 130.814707151000107, -0.802914434999934 ], [ 130.813471353000068, -0.802008000999933 ], [ 130.813853703000063, -0.801626940999938 ] ] ], [ [ [ 130.809850528000084, -0.787971761999927 ], [ 130.811405082000078, -0.786886344999971 ], [ 130.810790415000042, -0.788114529999973 ], [ 130.809850528000084, -0.787971761999927 ] ] ], [ [ [ 130.758414066000114, -0.787329468999928 ], [ 130.755135168000038, -0.786562962999938 ], [ 130.756081920000042, -0.784727786999952 ], [ 130.758414066000114, -0.787329468999928 ] ] ], [ [ [ 130.777019000000109, -0.752187 ], [ 130.793078638000111, -0.756063384999948 ], [ 130.784866014000045, -0.762265079999963 ], [ 130.786889813000016, -0.770446585999935 ], [ 130.776687401000117, -0.770517753999968 ], [ 130.774568, -0.778083 ], [ 130.781663, -0.777399 ], [ 130.780182, -0.7864 ], [ 130.788346, -0.776109 ], [ 130.792788, -0.781573 ], [ 130.771103, -0.800796 ], [ 130.760871, -0.770716 ], [ 130.767438, -0.779312 ], [ 130.767955641000071, -0.761247481999931 ], [ 130.773777308000035, -0.763298643999974 ], [ 130.777019000000109, -0.752187 ] ] ], [ [ [ 130.860319951000065, -0.767889083999933 ], [ 130.861307861000114, -0.767596955999977 ], [ 130.860870521000038, -0.768692488999932 ], [ 130.860319951000065, -0.767889083999933 ] ] ], [ [ [ 130.87122281500001, -0.765269800999931 ], [ 130.871210918000088, -0.765751641999941 ], [ 130.871014612000067, -0.76531738999995 ], [ 130.87122281500001, -0.765269800999931 ] ] ], [ [ [ 130.781450655000071, -0.697271347999958 ], [ 130.781703012000094, -0.697356526999954 ], [ 130.781389088000083, -0.697463237999955 ], [ 130.781450655000071, -0.697271347999958 ] ] ], [ [ [ 130.786712629000021, -0.468936903999975 ], [ 130.780890432000092, -0.466963281999938 ], [ 130.78488642700006, -0.465762631999951 ], [ 130.786712629000021, -0.468936903999975 ] ] ], [ [ [ 130.803305696000052, -0.452681793999943 ], [ 130.800210515000117, -0.450097549999953 ], [ 130.801500340000075, -0.449466262999977 ], [ 130.803305696000052, -0.452681793999943 ] ] ], [ [ [ 130.904309765000107, -0.304177593999952 ], [ 130.900072986000055, -0.306351147999976 ], [ 130.899715217000107, -0.304696627999931 ], [ 130.904309765000107, -0.304177593999952 ] ] ], [ [ [ 130.896318855000118, -0.304313243999957 ], [ 130.896127143000058, -0.304764860999967 ], [ 130.89584013800004, -0.304426864999925 ], [ 130.896318855000118, -0.304313243999957 ] ] ], [ [ [ 130.850050141000111, -0.293827367999938 ], [ 130.883582601000057, -0.29656502399996 ], [ 130.900733686000081, -0.308742799999948 ], [ 130.893954783000027, -0.314628679999942 ], [ 130.881168527000113, -0.308172282999976 ], [ 130.852230305000035, -0.307054087999973 ], [ 130.850050141000111, -0.293827367999938 ] ] ], [ [ [ 130.900133859000107, -0.304174383999964 ], [ 130.900312319000022, -0.303948334999973 ], [ 130.900395600000024, -0.304186280999943 ], [ 130.900133859000107, -0.304174383999964 ] ] ], [ [ [ 130.92205797500003, -0.30424291199995 ], [ 130.921994899000083, -0.303444786999933 ], [ 130.922795608000115, -0.303636149999932 ], [ 130.92205797500003, -0.30424291199995 ] ] ], [ [ [ 130.809263674000022, -0.302522343999954 ], [ 130.808888594000109, -0.303148048999958 ], [ 130.80869979900001, -0.302805133999925 ], [ 130.809263674000022, -0.302522343999954 ] ] ], [ [ [ 130.809430102000078, -0.298941640999942 ], [ 130.803087631000039, -0.303158499999938 ], [ 130.795279979000043, -0.300776764999966 ], [ 130.79864253300002, -0.297981847999949 ], [ 130.809430102000078, -0.298941640999942 ] ] ], [ [ [ 130.890349963000062, -0.29904933399996 ], [ 130.89060009700006, -0.298657385999945 ], [ 130.890768597000033, -0.299175049999974 ], [ 130.890349963000062, -0.29904933399996 ] ] ], [ [ [ 130.893914896000069, -0.296645225999953 ], [ 130.894035047000102, -0.297119511999938 ], [ 130.893790559000081, -0.296753040999931 ], [ 130.893914896000069, -0.296645225999953 ] ] ], [ [ [ 130.792931874000033, -0.296243437999976 ], [ 130.793480571000032, -0.29593713099996 ], [ 130.793441513000062, -0.296315236999931 ], [ 130.792931874000033, -0.296243437999976 ] ] ], [ [ [ 130.895193267000082, -0.296442285999944 ], [ 130.895635967000089, -0.295062331999929 ], [ 130.896555397000043, -0.295514950999973 ], [ 130.895193267000082, -0.296442285999944 ] ] ], [ [ [ 130.898730035000085, -0.294945362999954 ], [ 130.898644760000025, -0.294254879999926 ], [ 130.89898081900003, -0.294419337999955 ], [ 130.898730035000085, -0.294945362999954 ] ] ], [ [ [ 130.888164648000043, -0.294621222999979 ], [ 130.888529079000023, -0.293751474999965 ], [ 130.88851761, -0.294718657999965 ], [ 130.888164648000043, -0.294621222999979 ] ] ], [ [ [ 130.897194433000095, -0.294243644999938 ], [ 130.897044760000085, -0.293826592999949 ], [ 130.897302572000058, -0.294016554999928 ], [ 130.897194433000095, -0.294243644999938 ] ] ], [ [ [ 130.787580710000043, -0.293120377999969 ], [ 130.787830659000065, -0.292858744999933 ], [ 130.787978905000045, -0.293076283999937 ], [ 130.787580710000043, -0.293120377999969 ] ] ], [ [ [ 130.891422150000039, -0.293513891999964 ], [ 130.891122489000054, -0.292085595999936 ], [ 130.891742457000078, -0.293527843999925 ], [ 130.891422150000039, -0.293513891999964 ] ] ], [ [ [ 130.775022715000091, -0.293180501999927 ], [ 130.775273377000076, -0.291842631999941 ], [ 130.775660078000101, -0.292149351999967 ], [ 130.775022715000091, -0.293180501999927 ] ] ], [ [ [ 130.899326832000042, -0.292791355999952 ], [ 130.899128776000111, -0.29211711399995 ], [ 130.899579959000107, -0.292520214999968 ], [ 130.899326832000042, -0.292791355999952 ] ] ], [ [ [ 130.900603830000023, -0.292084608999971 ], [ 130.900799439000025, -0.291931642999941 ], [ 130.900794862000112, -0.292059085999938 ], [ 130.900603830000023, -0.292084608999971 ] ] ], [ [ [ 130.889692227000069, -0.289519986999949 ], [ 130.889360697000029, -0.288936132999936 ], [ 130.890051176000043, -0.28888967499995 ], [ 130.889692227000069, -0.289519986999949 ] ] ], [ [ [ 130.888764983000101, -0.287544847999925 ], [ 130.888080857000091, -0.287172261999956 ], [ 130.888861948000113, -0.287249679999945 ], [ 130.888764983000101, -0.287544847999925 ] ] ], [ [ [ 130.886181368000052, -0.287370081999939 ], [ 130.886456027, -0.286985210999944 ], [ 130.886306214000115, -0.287405208999928 ], [ 130.886181368000052, -0.287370081999939 ] ] ], [ [ [ 130.887223814000095, -0.286827564999953 ], [ 130.887677677000056, -0.286909178999963 ], [ 130.887369535000062, -0.287086712999951 ], [ 130.887223814000095, -0.286827564999953 ] ] ], [ [ [ 130.886508771000081, -0.285844044999976 ], [ 130.886809557000106, -0.285394986999961 ], [ 130.886651290000032, -0.285863118999941 ], [ 130.886508771000081, -0.285844044999976 ] ] ], [ [ [ 130.884898562000103, -0.285215955999945 ], [ 130.885584128000119, -0.284828801999936 ], [ 130.885175256000025, -0.285465877999968 ], [ 130.884898562000103, -0.285215955999945 ] ] ], [ [ [ 130.898568571000055, -0.275232201999927 ], [ 130.899467587000117, -0.274050408999926 ], [ 130.899668361000067, -0.275027018999936 ], [ 130.898568571000055, -0.275232201999927 ] ] ], [ [ [ 130.896210793000023, -0.275032897999949 ], [ 130.896662761000016, -0.27239448399996 ], [ 130.897280760000058, -0.27233752799998 ], [ 130.896210793000023, -0.275032897999949 ] ] ], [ [ [ 130.891535370000042, -0.27173739999995 ], [ 130.892240967000021, -0.270666213999959 ], [ 130.89240479800003, -0.271481861999973 ], [ 130.891535370000042, -0.27173739999995 ] ] ], [ [ [ 130.892835068000068, -0.270420369999954 ], [ 130.892711803000111, -0.270617303999927 ], [ 130.892650133000075, -0.270496977999926 ], [ 130.892835068000068, -0.270420369999954 ] ] ], [ [ [ 130.891836303000105, -0.269469705999938 ], [ 130.89226304400006, -0.269771806999927 ], [ 130.891912454000021, -0.269833349999942 ], [ 130.891836303000105, -0.269469705999938 ] ] ], [ [ [ 130.88952576600002, -0.269392459999949 ], [ 130.889691954000114, -0.268313445999979 ], [ 130.889855021000017, -0.268308889999958 ], [ 130.88952576600002, -0.269392459999949 ] ] ], [ [ [ 130.892057216000012, -0.268125018999967 ], [ 130.89250526100011, -0.26824120699996 ], [ 130.892104209000081, -0.268295766999927 ], [ 130.892057216000012, -0.268125018999967 ] ] ], [ [ [ 130.892926501000034, -0.268088604999946 ], [ 130.893230826000035, -0.268263083999955 ], [ 130.892865676000042, -0.268328868999959 ], [ 130.892926501000034, -0.268088604999946 ] ] ], [ [ [ 130.887751562000062, -0.267108745999963 ], [ 130.88812496200012, -0.267185981999944 ], [ 130.887740594000093, -0.26722101699994 ], [ 130.887751562000062, -0.267108745999963 ] ] ], [ [ [ 130.884066913000083, -0.265657082999951 ], [ 130.884591395000029, -0.265713562999963 ], [ 130.884140125000044, -0.265953580999962 ], [ 130.884066913000083, -0.265657082999951 ] ] ], [ [ [ 130.884574674000078, -0.262693896999963 ], [ 130.884953953000036, -0.264535690999935 ], [ 130.883343792000119, -0.262667561999933 ], [ 130.884574674000078, -0.262693896999963 ] ] ], [ [ [ 130.881508330000088, -0.256596753999929 ], [ 130.880904750000013, -0.256036205999976 ], [ 130.881629391000047, -0.256248178999954 ], [ 130.881508330000088, -0.256596753999929 ] ] ], [ [ [ 130.880203867000091, -0.253509029999975 ], [ 130.88280730300005, -0.255166282999937 ], [ 130.880012899, -0.25552106899994 ], [ 130.880203867000091, -0.253509029999975 ] ] ], [ [ [ 130.880576742000017, -0.252025164999964 ], [ 130.880554997000104, -0.251625279999928 ], [ 130.880767099000082, -0.251739628999928 ], [ 130.880576742000017, -0.252025164999964 ] ] ], [ [ [ 130.879619801000104, -0.251046939999981 ], [ 130.879912283000067, -0.250788193999938 ], [ 130.879956235, -0.251034911999966 ], [ 130.879619801000104, -0.251046939999981 ] ] ], [ [ [ 130.877679748000105, -0.250532052999972 ], [ 130.878325508000103, -0.25010537299994 ], [ 130.878601789000072, -0.250710511999955 ], [ 130.877679748000105, -0.250532052999972 ] ] ], [ [ [ 130.877126523000015, -0.249330424999926 ], [ 130.8770142300001, -0.248620032999952 ], [ 130.878084257000069, -0.24921145199994 ], [ 130.877126523000015, -0.249330424999926 ] ] ], [ [ [ 130.815260015000035, -0.007285402999969 ], [ 130.82761008500006, -0.015729779999958 ], [ 130.83339770300006, -0.009262956999976 ], [ 130.879805941000086, -0.015058771999975 ], [ 130.938567369000111, -0.040900486999931 ], [ 130.949296739000033, -0.041676031999941 ], [ 130.954389071000037, -0.033646595999926 ], [ 130.970208483000079, -0.049558261999948 ], [ 130.966628997000043, -0.062400840999942 ], [ 130.985468771000114, -0.054572338999947 ], [ 130.976371584000049, -0.035139725999954 ], [ 131.007935958000076, -0.043886641999961 ], [ 131.017035149000094, -0.040950892999945 ], [ 131.015853597000046, -0.032212202999972 ], [ 131.033061447000023, -0.035045083999933 ], [ 131.050803818000077, -0.021333099999936 ], [ 131.054051503000096, -0.049621374999958 ], [ 131.033806666000032, -0.060618142999942 ], [ 131.073596359000021, -0.070077861999948 ], [ 131.088417055000036, -0.061868011999934 ], [ 131.105419358000063, -0.074263322999968 ], [ 131.133155114000033, -0.07069342799997 ], [ 131.157684841000105, -0.081185175999963 ], [ 131.166476093000028, -0.100195739999947 ], [ 131.180975296000042, -0.100388539999926 ], [ 131.193885388000012, -0.129604595999979 ], [ 131.200812909000092, -0.126951687999963 ], [ 131.212436340000068, -0.13885012399993 ], [ 131.227732574000015, -0.132774466999933 ], [ 131.236934636000115, -0.144841478999979 ], [ 131.258083688000056, -0.135802678999937 ], [ 131.262600821000092, -0.148838527999942 ], [ 131.299376952000102, -0.15993547599993 ], [ 131.312004387000115, -0.183756502999927 ], [ 131.308295983000107, -0.192077049999966 ], [ 131.318152919000113, -0.197725901999945 ], [ 131.315025890000015, -0.209554494999963 ], [ 131.294812618000037, -0.221686739999939 ], [ 131.296766323000043, -0.243628083999965 ], [ 131.340868323000109, -0.291784962999941 ], [ 131.322815960000071, -0.301891552999962 ], [ 131.310732886000096, -0.298370716999955 ], [ 131.301772585000094, -0.320146388999945 ], [ 131.280347714000072, -0.327863968999964 ], [ 131.287019265000026, -0.335664673999929 ], [ 131.27751558600005, -0.345016566999959 ], [ 131.245188208000059, -0.340244126999949 ], [ 131.255714018000049, -0.371871684999974 ], [ 131.241622850000113, -0.380923154999948 ], [ 131.212908528000071, -0.36480837199997 ], [ 131.195587414000101, -0.369729180999968 ], [ 131.200691362000043, -0.358008945999927 ], [ 131.191656104000117, -0.354026368999939 ], [ 131.193229149000103, -0.342014831999961 ], [ 131.102365171000088, -0.322257453999953 ], [ 131.099880790000043, -0.307328005999977 ], [ 131.080806351000092, -0.321344187999955 ], [ 131.072621514000048, -0.318130731999929 ], [ 131.063300079000101, -0.322222022999938 ], [ 131.06695908800009, -0.327963179999927 ], [ 131.063260158000048, -0.326344261999964 ], [ 131.060989680000034, -0.327262063999967 ], [ 131.055263231000026, -0.342729888999941 ], [ 131.044671859000118, -0.346669017999943 ], [ 131.044848579000018, -0.341050719999942 ], [ 131.035524315000089, -0.337120787999936 ], [ 131.024632589000021, -0.357056936999925 ], [ 131.019581072000051, -0.345342035999977 ], [ 131.005212474000018, -0.335444698999936 ], [ 130.987666072000025, -0.337850881999941 ], [ 130.993279815000051, -0.356623211999931 ], [ 130.959318417000077, -0.350809070999958 ], [ 130.94154018100005, -0.342024152999954 ], [ 130.93630638400009, -0.322838763999926 ], [ 130.924909860000071, -0.31545710599994 ], [ 130.923949646000096, -0.30400496599998 ], [ 130.919810068000061, -0.300448949999975 ], [ 130.902801566000107, -0.303115763999926 ], [ 130.894429703000014, -0.298546383999962 ], [ 130.904256201000067, -0.295061586999964 ], [ 130.902347659000043, -0.290360828999951 ], [ 130.897667463000062, -0.291951259999962 ], [ 130.901090242, -0.279692033999936 ], [ 130.898873804000118, -0.270157278999932 ], [ 130.882114483, -0.258549465999977 ], [ 130.883889676000081, -0.254862618999937 ], [ 130.882165815, -0.249028621999969 ], [ 130.868326381000088, -0.234799021999947 ], [ 130.860927978000063, -0.232119481999973 ], [ 130.83927995900001, -0.24538395999997 ], [ 130.799992086000088, -0.241981762999956 ], [ 130.790348990000098, -0.222942117999935 ], [ 130.796846016000018, -0.192545218999953 ], [ 130.785197273000108, -0.177350322999928 ], [ 130.790533389000075, -0.169163749999939 ], [ 130.781583189000116, -0.168853276999926 ], [ 130.776574149000112, -0.153632869999967 ], [ 130.768958472, -0.163189277999948 ], [ 130.766471890000048, -0.153996209999946 ], [ 130.755584019000025, -0.159877350999977 ], [ 130.722072001000015, -0.137348030999931 ], [ 130.7085841170001, -0.095425371999966 ], [ 130.680020804000037, -0.09853172499993 ], [ 130.695305444000041, -0.092852109999967 ], [ 130.698739993000117, -0.077868360999958 ], [ 130.66332861, -0.078803536999942 ], [ 130.664643382, -0.087427417999947 ], [ 130.652052088000119, -0.082956568999975 ], [ 130.645497197000054, -0.095935650999934 ], [ 130.62202185700005, -0.079809656999942 ], [ 130.610540283000091, -0.091141714999935 ], [ 130.615925121000032, -0.09926519399994 ], [ 130.623959350000064, -0.096468209999955 ], [ 130.619996746000083, -0.104330000999937 ], [ 130.654032863000111, -0.101772817999972 ], [ 130.645748492000052, -0.113574660999973 ], [ 130.666297229000065, -0.116569926999944 ], [ 130.658163042000069, -0.123274880999929 ], [ 130.641724700000054, -0.114045048999969 ], [ 130.622466873, -0.120393640999964 ], [ 130.637536268000076, -0.143995318999941 ], [ 130.626260853000076, -0.143228932999932 ], [ 130.623436598000012, -0.132326643999932 ], [ 130.620167351000077, -0.144741721999935 ], [ 130.656318592000048, -0.152145607999955 ], [ 130.694230474000051, -0.197945768999944 ], [ 130.701868912, -0.218449349999958 ], [ 130.717891970000096, -0.240285150999966 ], [ 130.722561321000057, -0.239436197999964 ], [ 130.72040706000007, -0.249643989999925 ], [ 130.726249200000098, -0.26435784499995 ], [ 130.740663262000112, -0.275011738999979 ], [ 130.730315060000066, -0.294494558999929 ], [ 130.759728471000017, -0.289661083999931 ], [ 130.770657644000039, -0.297376632999942 ], [ 130.782710371, -0.291044602999932 ], [ 130.783842901000071, -0.30088627799995 ], [ 130.791384114000039, -0.294657595999979 ], [ 130.79205464100005, -0.305659066999965 ], [ 130.80859931100008, -0.30500658699998 ], [ 130.814348161000112, -0.312213764999967 ], [ 130.821388951000017, -0.30445844299993 ], [ 130.811083236000059, -0.295447329999945 ], [ 130.826851940000097, -0.288116892999938 ], [ 130.84706076100008, -0.293172102999961 ], [ 130.853049297000098, -0.310009655999977 ], [ 130.898033179000095, -0.315462475999936 ], [ 130.919250682000097, -0.305843829999958 ], [ 130.932181451000019, -0.34894752699995 ], [ 130.944134852000047, -0.355036552999934 ], [ 130.939452073000098, -0.363445567999975 ], [ 130.918569923000064, -0.360071491999975 ], [ 130.924505468, -0.372614620999968 ], [ 130.936596720000011, -0.378383823999968 ], [ 130.936016131000088, -0.382466978999958 ], [ 130.927611875000025, -0.378735983999945 ], [ 130.912498998000046, -0.397019690999969 ], [ 130.910512684000082, -0.390526508999926 ], [ 130.883985079000013, -0.403225580999958 ], [ 130.880599654000093, -0.420222560999946 ], [ 130.856287749000103, -0.416104100999974 ], [ 130.813132762, -0.437449091999952 ], [ 130.801500704000091, -0.42841 ], [ 130.792961119000097, -0.442263216999947 ], [ 130.771731568000064, -0.432597845999965 ], [ 130.767855163000036, -0.441496266999934 ], [ 130.749999983000066, -0.443323620999934 ], [ 130.726512360000015, -0.439166885999953 ], [ 130.709590153000022, -0.409487575999947 ], [ 130.702709234000054, -0.41091172199998 ], [ 130.707185670000058, -0.398437454999964 ], [ 130.699687115000074, -0.389092184999924 ], [ 130.705812030000061, -0.377985175999925 ], [ 130.696521565000012, -0.355227291999938 ], [ 130.687051678000103, -0.340587915999947 ], [ 130.673251032000053, -0.339002230999938 ], [ 130.70521911000003, -0.326078231999929 ], [ 130.693192699000065, -0.311367480999934 ], [ 130.694902246000083, -0.300281689999963 ], [ 130.678604822000011, -0.292411297999934 ], [ 130.643473250000056, -0.304673951999973 ], [ 130.636470496000015, -0.313000160999934 ], [ 130.639839813000094, -0.308069917999944 ], [ 130.633929232000014, -0.300922016999948 ], [ 130.623469122000074, -0.303782129999945 ], [ 130.619297768000024, -0.311118959999931 ], [ 130.615351035000117, -0.298733071999948 ], [ 130.604176174000031, -0.31339724299994 ], [ 130.574258478000047, -0.318759213999954 ], [ 130.583325847000083, -0.334448349999946 ], [ 130.575820854000085, -0.330752649999965 ], [ 130.578550897000014, -0.338854384999934 ], [ 130.570066687, -0.340265525999939 ], [ 130.576228144000083, -0.348262582999951 ], [ 130.56974209800012, -0.346182690999967 ], [ 130.574548971000013, -0.351353634999953 ], [ 130.568506916000047, -0.347533276999968 ], [ 130.558124390000103, -0.36771547099994 ], [ 130.56298003500001, -0.369388881999953 ], [ 130.586352362000071, -0.358603121999977 ], [ 130.590342504000091, -0.360889149999934 ], [ 130.587481964000062, -0.36636604499995 ], [ 130.587241800000015, -0.370478373999958 ], [ 130.591439412000113, -0.379644263999978 ], [ 130.584102046000112, -0.38381931999993 ], [ 130.565540127000077, -0.407841757999961 ], [ 130.56770992700001, -0.413156052999966 ], [ 130.564463663000083, -0.414096576999953 ], [ 130.565993719000062, -0.414646522999931 ], [ 130.564231690000042, -0.419160944999931 ], [ 130.565908967000041, -0.422322293999969 ], [ 130.555963255000052, -0.430531762999976 ], [ 130.541184551000015, -0.424024405999944 ], [ 130.558377876, -0.392257815999926 ], [ 130.557570349000116, -0.375583329999927 ], [ 130.543909473000099, -0.383240617999945 ], [ 130.546419177000075, -0.306392009999968 ], [ 130.523806450000052, -0.308919142999969 ], [ 130.517431351000027, -0.29437988899997 ], [ 130.534823290000077, -0.257385226999929 ], [ 130.527379481000025, -0.246348094999973 ], [ 130.516608383000062, -0.241421118999938 ], [ 130.484818665000034, -0.262803749999932 ], [ 130.463220915000079, -0.261674533999951 ], [ 130.451678430000015, -0.288530707999939 ], [ 130.437446252000086, -0.290102697999941 ], [ 130.430000001000053, -0.284029477999979 ], [ 130.444306106000113, -0.282375162999926 ], [ 130.442658326000014, -0.274014413999964 ], [ 130.430147703000102, -0.260912514999973 ], [ 130.398875855000028, -0.271453128999951 ], [ 130.393551508000087, -0.259989413999961 ], [ 130.376283905000037, -0.260692736999943 ], [ 130.391996294000023, -0.274347402999979 ], [ 130.385174293000091, -0.278551311999934 ], [ 130.355704881000065, -0.253198540999961 ], [ 130.343022636000114, -0.255654910999965 ], [ 130.328694718000065, -0.273063096999977 ], [ 130.327735272000041, -0.259802461999925 ], [ 130.317451797000103, -0.272865065999952 ], [ 130.319867959000021, -0.251412441999946 ], [ 130.291489696000099, -0.227957249999974 ], [ 130.242061993000107, -0.223433603999979 ], [ 130.21893766200003, -0.209289579999961 ], [ 130.224598399000115, -0.201108992999934 ], [ 130.238725259000034, -0.204506862999949 ], [ 130.240502599000024, -0.201363060999938 ], [ 130.272821032000024, -0.21177801999994 ], [ 130.267670630000111, -0.221134928999959 ], [ 130.285470247000035, -0.214205070999981 ], [ 130.297778009000012, -0.219454161999977 ], [ 130.337873463000051, -0.218861103999927 ], [ 130.353090116000089, -0.201836059999948 ], [ 130.357813346000057, -0.204512953999938 ], [ 130.366656613000032, -0.202074005999975 ], [ 130.375401132000093, -0.207285025999965 ], [ 130.370073519000016, -0.211177823999947 ], [ 130.376676523000015, -0.221357157999932 ], [ 130.371068134000097, -0.22446473499997 ], [ 130.387329370000089, -0.229504432999931 ], [ 130.379244673000017, -0.23433072499995 ], [ 130.367527496000093, -0.223957908999978 ], [ 130.376051732000064, -0.238276503999941 ], [ 130.408789493000086, -0.22303138999996 ], [ 130.411114933000022, -0.216468345999942 ], [ 130.405764637000061, -0.214910132999933 ], [ 130.415004162000059, -0.206169988999932 ], [ 130.422271036000097, -0.207683325999938 ], [ 130.42230108900003, -0.204072696999958 ], [ 130.426097209000091, -0.204199795999955 ], [ 130.431693701000086, -0.200359344999924 ], [ 130.432507477000058, -0.203357465999943 ], [ 130.441430456000035, -0.195062664999966 ], [ 130.451167210000108, -0.198731793999968 ], [ 130.431995222000069, -0.176332998999953 ], [ 130.391877830000112, -0.186753354999951 ], [ 130.376061531000119, -0.18186663399996 ], [ 130.425708277000012, -0.16708492999993 ], [ 130.418409260000089, -0.149313653999968 ], [ 130.428233952000028, -0.135175354999944 ], [ 130.424485704000062, -0.128829838999934 ], [ 130.418309546000046, -0.137766014999954 ], [ 130.400559508000015, -0.126734104999969 ], [ 130.419212551000101, -0.161767637999958 ], [ 130.410950888000116, -0.158603343999971 ], [ 130.398390989000063, -0.168973492999953 ], [ 130.384664690000022, -0.158846170999936 ], [ 130.389739601000088, -0.171778523999933 ], [ 130.376013363000084, -0.163306009999928 ], [ 130.372645957000032, -0.137890292999941 ], [ 130.362645345000033, -0.140431085999978 ], [ 130.367803497000068, -0.160010786999976 ], [ 130.335824538000111, -0.140947186999938 ], [ 130.333389431000114, -0.152095661999965 ], [ 130.349003781000079, -0.16210263499994 ], [ 130.348797823000041, -0.179967690999945 ], [ 130.355723779000073, -0.191049064999959 ], [ 130.30260746700003, -0.173841516999971 ], [ 130.298736273000031, -0.165336605999926 ], [ 130.30924880200007, -0.163514462999956 ], [ 130.307166652000092, -0.148833861999947 ], [ 130.295609400000103, -0.150730494999948 ], [ 130.281191856000078, -0.138465605999954 ], [ 130.284598602000074, -0.126269218999937 ], [ 130.294498654000108, -0.13181284999996 ], [ 130.281014525000046, -0.112394696999957 ], [ 130.300860738000097, -0.101843721999956 ], [ 130.29564003400003, -0.093446931999949 ], [ 130.310073845000034, -0.103316935999942 ], [ 130.322099641000023, -0.101560893999931 ], [ 130.323884237000016, -0.10843753599994 ], [ 130.335020114000031, -0.102012990999924 ], [ 130.345391006000114, -0.109930756999972 ], [ 130.342650769000102, -0.095788077999941 ], [ 130.349723060000088, -0.092654231999973 ], [ 130.344004116000065, -0.086118446999933 ], [ 130.352305642000033, -0.078228617999969 ], [ 130.359424997000019, -0.103153111999973 ], [ 130.349558153000089, -0.112952883999981 ], [ 130.357685241000013, -0.118769980999957 ], [ 130.358413258000041, -0.128981805999956 ], [ 130.36369030100002, -0.13606445299996 ], [ 130.382083916000056, -0.118833658999961 ], [ 130.375308281000116, -0.104288174999965 ], [ 130.380904375000114, -0.100908650999941 ], [ 130.370341821000011, -0.098294727999928 ], [ 130.36248068000009, -0.083061377999968 ], [ 130.380185391000055, -0.082580334999932 ], [ 130.367992754000056, -0.075242896999953 ], [ 130.388427145000037, -0.081156988999965 ], [ 130.404797816000041, -0.076850695999951 ], [ 130.400061742000048, -0.084503274999975 ], [ 130.407980734000034, -0.094892057999971 ], [ 130.397590958000023, -0.110123027999975 ], [ 130.412668272000019, -0.114617788999965 ], [ 130.41804585400007, -0.100483790999931 ], [ 130.422947544000067, -0.107384227999944 ], [ 130.435824640000078, -0.103434073999949 ], [ 130.437755279000044, -0.09007692199998 ], [ 130.426397762000079, -0.088419923999936 ], [ 130.437373554000033, -0.074556836999932 ], [ 130.441631470000061, -0.075717271999963 ], [ 130.438257394000061, -0.085204975999943 ], [ 130.447212495000031, -0.100454941999942 ], [ 130.45937154100011, -0.081443047999926 ], [ 130.474499882000032, -0.088075522999929 ], [ 130.473682049000104, -0.076666169999953 ], [ 130.490281574000051, -0.073642018999976 ], [ 130.497334913000032, -0.082192934999966 ], [ 130.503809077000028, -0.079370508999943 ], [ 130.504188762000013, -0.069299860999934 ], [ 130.526249109000105, -0.068129496999973 ], [ 130.508471066000084, -0.05085115299994 ], [ 130.522719428000073, -0.048052979999966 ], [ 130.532374946000118, -0.059438523999972 ], [ 130.539589978000095, -0.05697319199993 ], [ 130.543904278000014, -0.076136918999964 ], [ 130.549772434000033, -0.071531444999948 ], [ 130.553465418000087, -0.077605313999925 ], [ 130.560245236000014, -0.072228441999926 ], [ 130.548300414000096, -0.057756129999973 ], [ 130.579082079000045, -0.074895886999968 ], [ 130.576913723000075, -0.05636527799993 ], [ 130.564444700000081, -0.04939324399993 ], [ 130.5709765900001, -0.050863404999973 ], [ 130.56950133700002, -0.039023572999952 ], [ 130.580285948000096, -0.042896261999942 ], [ 130.576949076000119, -0.053742329999977 ], [ 130.586649405000117, -0.061389685999927 ], [ 130.586247768000021, -0.048305953999943 ], [ 130.594086414000117, -0.042572088999975 ], [ 130.607438294000076, -0.056894544999977 ], [ 130.620364686000016, -0.051471710999976 ], [ 130.6339377810001, -0.063245664999954 ], [ 130.637559668000108, -0.054808862999948 ], [ 130.655134954000118, -0.05966538499996 ], [ 130.656577684000013, -0.049896219999937 ], [ 130.667724103000069, -0.053192447999947 ], [ 130.683331276000104, -0.041099380999924 ], [ 130.69208517900006, -0.045773245999953 ], [ 130.710897086000045, -0.029802040999925 ], [ 130.727102545000093, -0.027854016999925 ], [ 130.732080748000044, -0.03672066799993 ], [ 130.707488481000041, -0.053461556999935 ], [ 130.707668890000036, -0.062186415999975 ], [ 130.725040436000086, -0.050432824999973 ], [ 130.726912218000052, -0.056710186999965 ], [ 130.737768242000016, -0.053659766999942 ], [ 130.738793879000013, -0.047074854999948 ], [ 130.748219814000095, -0.056363292999947 ], [ 130.756223987000112, -0.049259288999963 ], [ 130.769859513000029, -0.054351020999945 ], [ 130.784634164000067, -0.042913884999962 ], [ 130.739686689000109, -0.035953099999972 ], [ 130.740109147000112, -0.025283901999956 ], [ 130.752025089000085, -0.025350468999932 ], [ 130.753716838000059, -0.015478289999976 ], [ 130.760199218000025, -0.01791478399997 ], [ 130.774629006000055, -0.008962592999978 ], [ 130.815260015000035, -0.007285402999969 ] ] ], [ [ [ 130.777259610000101, -0.162697998999931 ], [ 130.773075030000086, -0.165330826999934 ], [ 130.775863515000083, -0.15947861099994 ], [ 130.777259610000101, -0.162697998999931 ] ] ], [ [ [ 130.775416463000056, -0.157328564999943 ], [ 130.775371253000117, -0.157981726999935 ], [ 130.775105161000056, -0.157590020999976 ], [ 130.775416463000056, -0.157328564999943 ] ] ], [ [ [ 130.772008743000015, -0.046219896999958 ], [ 130.772655487000065, -0.045506300999932 ], [ 130.773039917000119, -0.046263194999938 ], [ 130.772008743000015, -0.046219896999958 ] ] ], [ [ [ 130.777689011, -0.044311161999929 ], [ 130.777570767000043, -0.043177614999934 ], [ 130.778134341000055, -0.043588475999968 ], [ 130.777689011, -0.044311161999929 ] ] ], [ [ [ 130.756897262000052, -0.015986761999955 ], [ 130.757753868, -0.016129529999944 ], [ 130.756854432000068, -0.016129529999944 ], [ 130.756897262000052, -0.015986761999955 ] ] ], [ [ [ 130.887727743000028, 0.040226197000038 ], [ 130.904710836000049, 0.019285025000045 ], [ 130.894456722000086, 0.012728018000075 ], [ 130.88187915900005, 0.014648627000042 ], [ 130.873726705000081, 0.028210462000061 ], [ 130.87303703300006, 0.038406981000037 ], [ 130.887727743000028, 0.040226197000038 ] ] ], [ [ [ 130.87244603900001, 0.042173647000027 ], [ 130.870611471000075, 0.039965700000039 ], [ 130.870224678000113, 0.040821541000071 ], [ 130.87244603900001, 0.042173647000027 ] ] ], [ [ [ 130.92908353700011, -2.16639921999996 ], [ 130.927854049000075, -2.169614068999977 ], [ 130.924875407000059, -2.170189713999946 ], [ 130.92908353700011, -2.16639921999996 ] ] ], [ [ [ 130.938473791000092, -2.16408460699995 ], [ 130.938760002000095, -2.164122602999953 ], [ 130.938466248000054, -2.164153670999951 ], [ 130.938473791000092, -2.16408460699995 ] ] ], [ [ [ 130.938571196000112, -2.163827266999931 ], [ 130.93875613900002, -2.163870135999957 ], [ 130.938553846000104, -2.163881172999936 ], [ 130.938571196000112, -2.163827266999931 ] ] ], [ [ [ 130.937978469000086, -2.163438637999946 ], [ 130.938404948000084, -2.163778903999969 ], [ 130.937800709000044, -2.163775639999926 ], [ 130.937978469000086, -2.163438637999946 ] ] ], [ [ [ 130.937746533000109, -2.163439713999935 ], [ 130.93774130700001, -2.163543447999928 ], [ 130.937702442000045, -2.163534067999933 ], [ 130.937746533000109, -2.163439713999935 ] ] ], [ [ [ 130.937940559000026, -2.163249525999959 ], [ 130.938150826000083, -2.163188636999962 ], [ 130.938156282000023, -2.163264065999954 ], [ 130.937940559000026, -2.163249525999959 ] ] ], [ [ [ 130.931380828000101, -2.141493744999934 ], [ 130.931643829000109, -2.142352381999956 ], [ 130.930705290000105, -2.142322620999948 ], [ 130.931380828000101, -2.141493744999934 ] ] ], [ [ [ 130.924403025000061, -2.139567148999959 ], [ 130.924919300000056, -2.139590446999932 ], [ 130.924644186000023, -2.139755444999935 ], [ 130.924403025000061, -2.139567148999959 ] ] ], [ [ [ 130.925588944000083, -2.139340030999961 ], [ 130.925657240000078, -2.139449168999931 ], [ 130.925566604000096, -2.139427268999953 ], [ 130.925588944000083, -2.139340030999961 ] ] ], [ [ [ 130.931661476000045, -2.126956786999926 ], [ 130.930491405000112, -2.127500744999963 ], [ 130.930853153000044, -2.126465353999947 ], [ 130.931661476000045, -2.126956786999926 ] ] ], [ [ [ 130.926374790000068, -2.124953964999975 ], [ 130.926578454000037, -2.124942931999954 ], [ 130.926356605000024, -2.125107968999941 ], [ 130.926374790000068, -2.124953964999975 ] ] ], [ [ [ 131.065309317000015, -1.208824697999944 ], [ 131.055618029000016, -1.231861496999954 ], [ 131.052518561000056, -1.221923218999962 ], [ 131.065309317000015, -1.208824697999944 ] ] ], [ [ [ 131.07725863600001, -1.211195013999941 ], [ 131.074812550000047, -1.202429079999945 ], [ 131.078800526, -1.197517871999935 ], [ 131.07725863600001, -1.211195013999941 ] ] ], [ [ [ 131.081408416000045, -1.209833962999937 ], [ 131.082464896000033, -1.201734276999957 ], [ 131.08476994900002, -1.197321409999972 ], [ 131.086871658000064, -1.207473536999942 ], [ 131.081408416000045, -1.209833962999937 ] ] ], [ [ [ 131.090218977000063, -1.202656211999965 ], [ 131.090544951000084, -1.203672149999932 ], [ 131.090188032000015, -1.203707841999972 ], [ 131.090218977000063, -1.202656211999965 ] ] ], [ [ [ 131.053780161000077, -1.193217639999943 ], [ 131.058061464000048, -1.205667278999954 ], [ 131.046701467000048, -1.213490423999929 ], [ 131.03747386100008, -1.197362536999947 ], [ 131.053780161000077, -1.193217639999943 ] ] ], [ [ [ 131.080472470000018, -1.197042374999967 ], [ 131.082207915000026, -1.19608067799993 ], [ 131.081008931000042, -1.198704812999949 ], [ 131.080472470000018, -1.197042374999967 ] ] ], [ [ [ 131.077251487000012, -1.197022318999927 ], [ 131.079095580000057, -1.194633965999969 ], [ 131.077325261000055, -1.19769871099993 ], [ 131.077251487000012, -1.197022318999927 ] ] ], [ [ [ 131.081221964000065, -1.192061837999972 ], [ 131.08316839500003, -1.19415885899997 ], [ 131.080857868000066, -1.195153159999961 ], [ 131.081221964000065, -1.192061837999972 ] ] ], [ [ [ 131.056987132000017, -1.193468540999959 ], [ 131.052149178000036, -1.19208090099994 ], [ 131.053549110000063, -1.189661013999967 ], [ 131.056987132000017, -1.193468540999959 ] ] ], [ [ [ 131.105610905000049, -1.187628633999964 ], [ 131.106943747000059, -1.190956576999952 ], [ 131.104813786000022, -1.192351863999932 ], [ 131.105610905000049, -1.187628633999964 ] ] ], [ [ [ 131.091092227000104, -1.195891312999947 ], [ 131.095351462000053, -1.180079793999937 ], [ 131.099801054000068, -1.174726006999947 ], [ 131.101432302000035, -1.194266140999957 ], [ 131.091092227000104, -1.195891312999947 ] ] ], [ [ [ 131.07871010700012, -1.184203597999954 ], [ 131.079966462000016, -1.186016747999929 ], [ 131.078810044000079, -1.186459326999966 ], [ 131.07871010700012, -1.184203597999954 ] ] ], [ [ [ 131.081494076000013, -1.182333341999936 ], [ 131.077353814000048, -1.180777174999946 ], [ 131.080229311000039, -1.177873120999948 ], [ 131.081494076000013, -1.182333341999936 ] ] ], [ [ [ 131.076311610000062, -1.178535721999936 ], [ 131.074926764000111, -1.179977675999965 ], [ 131.076040352000064, -1.178064588999973 ], [ 131.076311610000062, -1.178535721999936 ] ] ], [ [ [ 131.058072519, -1.192289625999933 ], [ 131.050368576000096, -1.172724806999952 ], [ 131.058045639000056, -1.15422549699997 ], [ 131.062954244000025, -1.175297042999944 ], [ 131.058072519, -1.192289625999933 ] ] ], [ [ [ 131.111392202000047, -1.174450385999933 ], [ 131.110611739000092, -1.169929409999952 ], [ 131.112376580000046, -1.169425922999949 ], [ 131.111392202000047, -1.174450385999933 ] ] ], [ [ [ 131.066719942000077, -1.170501636999973 ], [ 131.066302293000035, -1.161385380999945 ], [ 131.067156540000042, -1.160814715999948 ], [ 131.066719942000077, -1.170501636999973 ] ] ], [ [ [ 131.054689057000019, -1.149594485999955 ], [ 131.055834214000015, -1.15033559099993 ], [ 131.0545305280001, -1.151464824999948 ], [ 131.054689057000019, -1.149594485999955 ] ] ], [ [ [ 131.075119904000076, -1.128338736999979 ], [ 131.073567512000068, -1.147411528999953 ], [ 131.072130537000021, -1.148849105999943 ], [ 131.075119904000076, -1.128338736999979 ] ] ], [ [ [ 131.098488326000052, -1.129981245999943 ], [ 131.100543969000114, -1.122912418999931 ], [ 131.102838749000057, -1.124370380999949 ], [ 131.098488326000052, -1.129981245999943 ] ] ], [ [ [ 131.069472267000037, -1.122771116999957 ], [ 131.066154909000034, -1.122704667999926 ], [ 131.069472267000037, -1.121157713999935 ], [ 131.069472267000037, -1.122771116999957 ] ] ], [ [ [ 131.090280542000073, -1.119659203999959 ], [ 131.089039058000026, -1.118341623999925 ], [ 131.090218567000079, -1.118498994999925 ], [ 131.090280542000073, -1.119659203999959 ] ] ], [ [ [ 131.107713107000109, -1.116042076999975 ], [ 131.109586821000107, -1.113732433999928 ], [ 131.109383287000014, -1.116062946999932 ], [ 131.107713107000109, -1.116042076999975 ] ] ], [ [ [ 131.086628411000106, -1.110449299999971 ], [ 131.088564986000051, -1.11435761599995 ], [ 131.086907576000044, -1.114386592999949 ], [ 131.086628411000106, -1.110449299999971 ] ] ], [ [ [ 131.098412559000053, -1.10666613199993 ], [ 131.097287064000056, -1.108777710999959 ], [ 131.096731531000046, -1.107766328999958 ], [ 131.098412559000053, -1.10666613199993 ] ] ], [ [ [ 131.082403627000076, -1.107773578999968 ], [ 131.085101936000115, -1.106617160999974 ], [ 131.08359573700011, -1.109144148999974 ], [ 131.082403627000076, -1.107773578999968 ] ] ], [ [ [ 131.082789100000014, -1.106431562999944 ], [ 131.083131742000091, -1.104097311999965 ], [ 131.083859858000096, -1.104832564999924 ], [ 131.082789100000014, -1.106431562999944 ] ] ], [ [ [ 131.084530866000023, -1.102491175999944 ], [ 131.085316088000013, -1.103212151999969 ], [ 131.084284694000075, -1.103176336999979 ], [ 131.084530866000023, -1.102491175999944 ] ] ], [ [ [ 131.07557358300005, -1.099433567999938 ], [ 131.075687797000114, -1.095414658999971 ], [ 131.077303776, -1.096169592999956 ], [ 131.07557358300005, -1.099433567999938 ] ] ], [ [ [ 131.099531488000025, -1.097200720999979 ], [ 131.102705052000033, -1.095598963999976 ], [ 131.099481461000096, -1.097699137999939 ], [ 131.099531488000025, -1.097200720999979 ] ] ], [ [ [ 131.169293413000105, -1.095836615999929 ], [ 131.169670161000113, -1.092058031999954 ], [ 131.170635909000111, -1.092701165999927 ], [ 131.169293413000105, -1.095836615999929 ] ] ], [ [ [ 131.17597269700002, -1.08868111299995 ], [ 131.174654351000072, -1.095605874999933 ], [ 131.170008492000079, -1.095753359999946 ], [ 131.17597269700002, -1.08868111299995 ] ] ], [ [ [ 131.113949854000111, -1.090572703999953 ], [ 131.116803565000055, -1.087563746999933 ], [ 131.117764562000048, -1.087920507999968 ], [ 131.113949854000111, -1.090572703999953 ] ] ], [ [ [ 131.126768677000086, -1.089024011999925 ], [ 131.127840030000016, -1.089498524999954 ], [ 131.126550113, -1.089685281999948 ], [ 131.126768677000086, -1.089024011999925 ] ] ], [ [ [ 131.124429523000117, -1.087293674999955 ], [ 131.124430701000051, -1.088977944999954 ], [ 131.123617048000028, -1.088805372999957 ], [ 131.124429523000117, -1.087293674999955 ] ] ], [ [ [ 131.157838771000115, -1.088149383999962 ], [ 131.156396385000107, -1.086945869999965 ], [ 131.157948430000033, -1.087743690999957 ], [ 131.157838771000115, -1.088149383999962 ] ] ], [ [ [ 131.164297202000057, -1.086394457999972 ], [ 131.161999561000016, -1.085521029999938 ], [ 131.16440844400006, -1.086024150999947 ], [ 131.164297202000057, -1.086394457999972 ] ] ], [ [ [ 131.097428267000055, -1.084400566999932 ], [ 131.105013374, -1.087938378999979 ], [ 131.097448635000092, -1.088188757999944 ], [ 131.097428267000055, -1.084400566999932 ] ] ], [ [ [ 131.176895626000032, -1.086608244999979 ], [ 131.175998404000097, -1.08477652199997 ], [ 131.177247131000058, -1.085233710999944 ], [ 131.176895626000032, -1.086608244999979 ] ] ], [ [ [ 131.078046766000057, -1.081880840999929 ], [ 131.082084394000049, -1.086994715999936 ], [ 131.076604860000089, -1.082767413999932 ], [ 131.078046766000057, -1.081880840999929 ] ] ], [ [ [ 131.095657969000058, -1.07937401099997 ], [ 131.096050431000094, -1.085900779999974 ], [ 131.086456444000078, -1.08557717399998 ], [ 131.086579594000114, -1.079241150999962 ], [ 131.095657969000058, -1.07937401099997 ] ] ], [ [ [ 131.161155663000045, -1.079142597999976 ], [ 131.160869003000016, -1.077445629999943 ], [ 131.161855375000073, -1.077775655999972 ], [ 131.161155663000045, -1.079142597999976 ] ] ], [ [ [ 131.122946180000099, -1.077402434999954 ], [ 131.124390507000044, -1.078127764999977 ], [ 131.12290026900007, -1.078414995999935 ], [ 131.122946180000099, -1.077402434999954 ] ] ], [ [ [ 131.13429450000001, -1.076342662999934 ], [ 131.133415706000051, -1.075734977999957 ], [ 131.134197169000117, -1.075814768999976 ], [ 131.13429450000001, -1.076342662999934 ] ] ], [ [ [ 131.159637712000062, -1.074094213999956 ], [ 131.156448881000074, -1.077544660999934 ], [ 131.156043904000057, -1.073839622999969 ], [ 131.159637712000062, -1.074094213999956 ] ] ], [ [ [ 131.114776789000075, -1.073375297999974 ], [ 131.116347233000056, -1.073846430999936 ], [ 131.115961761000108, -1.074788696999974 ], [ 131.114776789000075, -1.073375297999974 ] ] ], [ [ [ 131.137157260000095, -1.072874369999965 ], [ 131.1358739530001, -1.072547183999973 ], [ 131.136696006000079, -1.072182853999948 ], [ 131.137157260000095, -1.072874369999965 ] ] ], [ [ [ 131.173803564000082, -1.060583246999954 ], [ 131.174885995000068, -1.076144110999962 ], [ 131.161469763000014, -1.08239337699996 ], [ 131.173803564000082, -1.060583246999954 ] ] ], [ [ [ 131.135049948000074, -1.066692944999943 ], [ 131.135082118000014, -1.06458427299998 ], [ 131.135967956000059, -1.065248950999944 ], [ 131.135049948000074, -1.066692944999943 ] ] ], [ [ [ 131.12746642500008, -1.05278506999997 ], [ 131.137064397000017, -1.061777677999942 ], [ 131.121495917000061, -1.076282369999944 ], [ 131.1212925210001, -1.070224425999925 ], [ 131.110606449000102, -1.055903258999933 ], [ 131.12746642500008, -1.05278506999997 ] ] ], [ [ [ 131.158356333000029, -1.037753496999926 ], [ 131.170073537, -1.053434311999979 ], [ 131.163740290000078, -1.06117745499995 ], [ 131.17035721600007, -1.061673212999949 ], [ 131.159990158000028, -1.073898183999972 ], [ 131.153475634000074, -1.062499050999975 ], [ 131.158356333000029, -1.037753496999926 ] ] ], [ [ [ 131.137921578000032, -1.046213428999977 ], [ 131.14114629300002, -1.05965651799994 ], [ 131.132256304000066, -1.056274522999956 ], [ 131.137921578000032, -1.046213428999977 ] ] ], [ [ [ 131.078319665000095, -1.045879647999925 ], [ 131.076051048000068, -1.043782022999949 ], [ 131.078159553000091, -1.042882384999928 ], [ 131.078319665000095, -1.045879647999925 ] ] ], [ [ [ 131.080322718000048, -1.041369648999932 ], [ 131.079048202000081, -1.039443758999937 ], [ 131.080779665000023, -1.038617006999971 ], [ 131.080322718000048, -1.041369648999932 ] ] ], [ [ [ 131.144887, -0.997414 ], [ 131.148350791000098, -1.004595028999972 ], [ 131.140606120000029, -1.007141747999924 ], [ 131.150720927000066, -1.018952265999928 ], [ 131.130885740000053, -1.02911732299998 ], [ 131.132622747000028, -1.048390956999924 ], [ 131.110893509000107, -1.04976152699993 ], [ 131.108643662000077, -1.056607676999931 ], [ 131.115433520000011, -1.071419380999941 ], [ 131.1005143000001, -1.065294647999963 ], [ 131.113520434000066, -1.078771914999948 ], [ 131.107457621000094, -1.083417083999962 ], [ 131.097269157000028, -1.078411631999927 ], [ 131.085690288000023, -1.077790637999954 ], [ 131.085771160000036, -1.083178676999978 ], [ 131.07833496100011, -1.08068835399996 ], [ 131.080003346000012, -1.051807862999965 ], [ 131.092243294000014, -1.027480253999954 ], [ 131.096887009000056, -1.003862062999929 ], [ 131.144887, -0.997414 ] ] ], [ [ [ 131.086593423000068, -1.036134239999967 ], [ 131.08420620600009, -1.03582671099997 ], [ 131.085174336000023, -1.034628952999981 ], [ 131.086593423000068, -1.036134239999967 ] ] ], [ [ [ 131.135725531000048, -1.029590854999981 ], [ 131.133324934000029, -1.028737585999977 ], [ 131.134265425000081, -1.027917977999948 ], [ 131.135725531000048, -1.029590854999981 ] ] ], [ [ [ 131.091627427000049, -1.026282556999945 ], [ 131.088874316000101, -1.025967493999929 ], [ 131.091218563000098, -1.025367412999969 ], [ 131.091627427000049, -1.026282556999945 ] ] ], [ [ [ 131.068711429000018, -1.008001341999943 ], [ 131.065961660000085, -1.00874302699998 ], [ 131.067345719000059, -1.00652488399993 ], [ 131.068711429000018, -1.008001341999943 ] ] ], [ [ [ 131.148568486000045, -0.995490667999945 ], [ 131.149997641000027, -0.998937333999947 ], [ 131.147808599000086, -0.997883857999966 ], [ 131.148568486000045, -0.995490667999945 ] ] ], [ [ [ 131.149514116000091, -0.954497861999926 ], [ 131.147709918000032, -0.956218767999928 ], [ 131.147795578000114, -0.954391340999962 ], [ 131.149514116000091, -0.954497861999926 ] ] ], [ [ [ 131.092833227000028, -0.954887618999976 ], [ 131.092656075000036, -0.95517659199993 ], [ 131.092487126000037, -0.955066246999934 ], [ 131.092833227000028, -0.954887618999976 ] ] ], [ [ [ 131.092790487000116, -0.954029547999937 ], [ 131.092604614000038, -0.953859740999974 ], [ 131.09288334200005, -0.95397851499996 ], [ 131.092790487000116, -0.954029547999937 ] ] ], [ [ [ 131.114808800000105, -0.935333991999926 ], [ 131.101651371000116, -0.943915433999962 ], [ 131.095973063000088, -0.950759070999936 ], [ 131.101570166000101, -0.942283946999964 ], [ 131.114808800000105, -0.935333991999926 ] ] ], [ [ [ 131.06641017600009, -0.93937965799995 ], [ 131.067773927000076, -0.938175967999939 ], [ 131.067879752000067, -0.939138248999939 ], [ 131.06641017600009, -0.93937965799995 ] ] ], [ [ [ 131.132237497000119, -0.914436642999931 ], [ 131.129310510000096, -0.919948476999934 ], [ 131.115163435000113, -0.932159155999955 ], [ 131.117421390000118, -0.922386834999941 ], [ 131.132237497000119, -0.914436642999931 ] ] ], [ [ [ 131.029570312000033, -0.885392453999941 ], [ 131.032193785000118, -0.893086223999944 ], [ 131.029441821000091, -0.896000091999952 ], [ 131.029570312000033, -0.885392453999941 ] ] ], [ [ [ 131.260944820000077, -0.394247382999936 ], [ 131.256946942000013, -0.398736205999967 ], [ 131.250398677000021, -0.396310360999962 ], [ 131.260944820000077, -0.394247382999936 ] ] ], [ [ [ 131.265340085000048, -0.395631660999925 ], [ 131.265723868, -0.394639918999928 ], [ 131.266027, -0.394566447999978 ], [ 131.265340085000048, -0.395631660999925 ] ] ], [ [ [ 131.210436634000075, -0.367280183999981 ], [ 131.209700001000101, -0.367160352999974 ], [ 131.209700001000101, -0.36658928199995 ], [ 131.210436634000075, -0.367280183999981 ] ] ], [ [ [ 131.189410858000088, -0.368493059999935 ], [ 131.188397941000062, -0.364060643999949 ], [ 131.190357825000092, -0.36510199199995 ], [ 131.189410858000088, -0.368493059999935 ] ] ], [ [ [ 131.017931008000119, -0.353689673999952 ], [ 131.017843416000119, -0.35378138699997 ], [ 131.017859620000081, -0.353693319999934 ], [ 131.017931008000119, -0.353689673999952 ] ] ], [ [ [ 130.961023313000055, -0.351810186999955 ], [ 130.960950865000086, -0.351363491999962 ], [ 130.961260195000023, -0.351684718999934 ], [ 130.961023313000055, -0.351810186999955 ] ] ], [ [ [ 131.037667930000111, -0.351843109999948 ], [ 131.038415197000063, -0.350664325999958 ], [ 131.038110425000013, -0.351970281999968 ], [ 131.037667930000111, -0.351843109999948 ] ] ], [ [ [ 131.017285170000036, -0.348332722999942 ], [ 131.018144229000086, -0.347558815999946 ], [ 131.017656621000015, -0.348298672999931 ], [ 131.017285170000036, -0.348332722999942 ] ] ], [ [ [ 131.039784025000017, -0.35027708399997 ], [ 131.033735860000093, -0.347759397999937 ], [ 131.04121344400005, -0.34047568699998 ], [ 131.042421264000041, -0.341572446999976 ], [ 131.039784025000017, -0.35027708399997 ] ] ], [ [ [ 131.015728265, -0.344316854999931 ], [ 131.016237793000073, -0.344019103999926 ], [ 131.015981474000114, -0.344568141999957 ], [ 131.015728265, -0.344316854999931 ] ] ], [ [ [ 131.014954565000039, -0.343594657999972 ], [ 131.015390347000107, -0.343796382999926 ], [ 131.014957561000074, -0.343884327999945 ], [ 131.014954565000039, -0.343594657999972 ] ] ], [ [ [ 130.994248805000097, -0.343654037999954 ], [ 130.994820185000094, -0.343050911999967 ], [ 130.99511730800009, -0.343392297999969 ], [ 130.994248805000097, -0.343654037999954 ] ] ], [ [ [ 130.992250057000092, -0.341685033999966 ], [ 130.992434466000077, -0.341637444999947 ], [ 130.992285749000075, -0.341762366999944 ], [ 130.992250057000092, -0.341685033999966 ] ] ], [ [ [ 131.01013634100002, -0.339597419999961 ], [ 131.009969779000016, -0.340168490999929 ], [ 131.009779422000065, -0.339906749999955 ], [ 131.01013634100002, -0.339597419999961 ] ] ], [ [ [ 131.066120595000029, -0.331409099999973 ], [ 131.066321962000075, -0.330603035999957 ], [ 131.066640777000089, -0.330724701999941 ], [ 131.066120595000029, -0.331409099999973 ] ] ], [ [ [ 131.06250311000008, -0.327220195999928 ], [ 131.0630528370001, -0.327646610999977 ], [ 131.062566230000016, -0.327885910999953 ], [ 131.06250311000008, -0.327220195999928 ] ] ], [ [ [ 131.067805005000082, -0.327243228999976 ], [ 131.068626670000071, -0.326377427999944 ], [ 131.068613415000073, -0.327084772999967 ], [ 131.067805005000082, -0.327243228999976 ] ] ], [ [ [ 131.078531646000101, -0.326135398999952 ], [ 131.07815715400011, -0.326584848999971 ], [ 131.077998646000083, -0.326116362999926 ], [ 131.078531646000101, -0.326135398999952 ] ] ], [ [ [ 131.068973634000031, -0.329965198999957 ], [ 131.079835590000016, -0.323665518999974 ], [ 131.076980237000043, -0.326806406999935 ], [ 131.07799891500008, -0.328217135999978 ], [ 131.068973634000031, -0.329965198999957 ] ] ], [ [ [ 131.070011715000078, -0.323625842999945 ], [ 131.071002990000011, -0.325342874999933 ], [ 131.069454400000041, -0.324426173999939 ], [ 131.070011715000078, -0.323625842999945 ] ] ], [ [ [ 131.068358156000045, -0.324617054999976 ], [ 131.066375042000118, -0.324921569999958 ], [ 131.067139619000045, -0.323486797999976 ], [ 131.068358156000045, -0.324617054999976 ] ] ], [ [ [ 131.103824965000058, -0.323474150999971 ], [ 131.104847411000037, -0.323348925999937 ], [ 131.103904180000086, -0.324104882999961 ], [ 131.103824965000058, -0.323474150999971 ] ] ], [ [ [ 131.102121791000059, -0.322615453999958 ], [ 131.102501069000027, -0.323010196999974 ], [ 131.102132253000036, -0.323045888999957 ], [ 131.102121791000059, -0.322615453999958 ] ] ], [ [ [ 131.081978653000078, -0.321921371999963 ], [ 131.082316610000021, -0.321527757999945 ], [ 131.082271012000092, -0.321973310999965 ], [ 131.081978653000078, -0.321921371999963 ] ] ], [ [ [ 131.07478349500002, -0.321537700999954 ], [ 131.075447864000012, -0.321566833999952 ], [ 131.075543043000039, -0.321814297999936 ], [ 131.07478349500002, -0.321537700999954 ] ] ], [ [ [ 131.097254357000111, -0.320940065999935 ], [ 131.098071037000068, -0.318960166999943 ], [ 131.097765942000024, -0.321939439999937 ], [ 131.097254357000111, -0.320940065999935 ] ] ], [ [ [ 131.09424806800007, -0.321028644999956 ], [ 131.094149161000018, -0.319548080999937 ], [ 131.095469762000107, -0.320392789999971 ], [ 131.09424806800007, -0.321028644999956 ] ] ], [ [ [ 131.092582662000041, -0.315037129999951 ], [ 131.092111862000024, -0.313563358999943 ], [ 131.092939299000022, -0.314217912999936 ], [ 131.092582662000041, -0.315037129999951 ] ] ], [ [ [ 131.18363738000005, -0.10323303499996 ], [ 131.183378106000077, -0.100055544999975 ], [ 131.184009328000116, -0.103850940999962 ], [ 131.18363738000005, -0.10323303499996 ] ] ], [ [ [ 131.182454056000097, -0.098729091999928 ], [ 131.183061972000019, -0.099578506999933 ], [ 131.182859367000106, -0.099816362999945 ], [ 131.182454056000097, -0.098729091999928 ] ] ], [ [ [ 131.18318252600011, -0.097717297999964 ], [ 131.183186296000031, -0.096707351999953 ], [ 131.183580892, -0.096948125999972 ], [ 131.18318252600011, -0.097717297999964 ] ] ], [ [ [ 131.182348384000079, -0.095201233999944 ], [ 131.18357728400008, -0.096566210999924 ], [ 131.181937366000056, -0.09627846099994 ], [ 131.182348384000079, -0.095201233999944 ] ] ], [ [ [ 131.179267965, -0.092718828999978 ], [ 131.17925901600006, -0.092046451999977 ], [ 131.179958505000059, -0.092826360999936 ], [ 131.179267965, -0.092718828999978 ] ] ], [ [ [ 131.102357193000103, -0.064184268999952 ], [ 131.100997677, -0.061588427999936 ], [ 131.103414131000022, -0.061813384999937 ], [ 131.102357193000103, -0.064184268999952 ] ] ], [ [ [ 131.075437727, -0.032532291999928 ], [ 131.080171742000061, -0.048730769999963 ], [ 131.064360237000074, -0.039937871999939 ], [ 131.075437727, -0.032532291999928 ] ] ], [ [ [ 130.939881366, -0.016585785999951 ], [ 130.956579461000047, -0.022570648999931 ], [ 130.947146255, -0.033417651999969 ], [ 130.943025223000063, -0.023316359999967 ], [ 130.940270325000029, -0.021633963999932 ], [ 130.939881366, -0.016585785999951 ] ] ], [ [ [ 130.942459180000014, -0.024689452999951 ], [ 130.942026490000103, -0.024423847999969 ], [ 130.942319349000059, -0.02424588699995 ], [ 130.942459180000014, -0.024689452999951 ] ] ], [ [ [ 131.043194416000119, 0.390712634000067 ], [ 131.065464982000094, 0.36797251400003 ], [ 131.062690719000102, 0.363471705000052 ], [ 131.039994164000063, 0.366255669000054 ], [ 131.041572339000027, 0.375543 ], [ 131.031975831000068, 0.386620206000032 ], [ 131.043194416000119, 0.390712634000067 ] ] ], [ [ [ 131.036632897000118, 0.37735710100003 ], [ 131.03681407800002, 0.377330495000024 ], [ 131.036652802000049, 0.377214240000058 ], [ 131.036632897000118, 0.37735710100003 ] ] ], [ [ [ 131.036600749000058, 0.377803373000063 ], [ 131.036566696000023, 0.37762570600006 ], [ 131.036495195000043, 0.377775659000065 ], [ 131.036600749000058, 0.377803373000063 ] ] ], [ [ [ 131.138757597000108, 0.396709820000069 ], [ 131.13939700200001, 0.404806431000054 ], [ 131.140676781000025, 0.407360585000049 ], [ 131.138757597000108, 0.396709820000069 ] ] ], [ [ [ 130.969480103000024, 0.401325302000032 ], [ 130.969359102000112, 0.402460458000064 ], [ 130.969940585000018, 0.401567150000062 ], [ 130.969480103000024, 0.401325302000032 ] ] ], [ [ [ 130.946538044000022, 0.406049610000025 ], [ 130.946318926000117, 0.407097088000057 ], [ 130.947106743000063, 0.40646619000006 ], [ 130.946538044000022, 0.406049610000025 ] ] ], [ [ [ 130.959706826000115, 0.407736109000041 ], [ 130.958292443000119, 0.406435109000029 ], [ 130.957304352000051, 0.40796784500003 ], [ 130.959706826000115, 0.407736109000041 ] ] ], [ [ [ 131.151714348000041, 0.407494295000049 ], [ 131.155179332000102, 0.406398070000023 ], [ 131.151435229000072, 0.406264791000069 ], [ 131.151714348000041, 0.407494295000049 ] ] ], [ [ [ 131.140993840000078, 0.408345851000036 ], [ 131.14234181300003, 0.410681122000028 ], [ 131.142696224000019, 0.410913478000055 ], [ 131.140993840000078, 0.408345851000036 ] ] ], [ [ [ 131.118480635000083, 0.500479417000065 ], [ 131.126723818000073, 0.501401023000028 ], [ 131.133110061000025, 0.494655667000075 ], [ 131.118480635000083, 0.500479417000065 ] ] ], [ [ [ 131.187170131000016, 0.564142510000067 ], [ 131.190351754000062, 0.55663783600005 ], [ 131.187855415000058, 0.556204628000046 ], [ 131.187170131000016, 0.564142510000067 ] ] ], [ [ [ 131.189270585000031, 0.575586125000029 ], [ 131.18887263900001, 0.590281298000036 ], [ 131.189754822000054, 0.592250129000035 ], [ 131.195492526000066, 0.584880197000075 ], [ 131.189270585000031, 0.575586125000029 ] ] ], [ [ [ 131.117032668000093, 0.589972498000066 ], [ 131.117769730000077, 0.590062490000037 ], [ 131.117090242000017, 0.589688753000075 ], [ 131.117032668000093, 0.589972498000066 ] ] ], [ [ [ 131.148036319000084, 0.594992098000034 ], [ 131.148352761000069, 0.595527082000046 ], [ 131.148665208000011, 0.595038854000052 ], [ 131.148036319000084, 0.594992098000034 ] ] ], [ [ [ 131.122097336000024, 0.597206920000076 ], [ 131.121960244000093, 0.594855894000034 ], [ 131.120652484000061, 0.593957492000072 ], [ 131.122097336000024, 0.597206920000076 ] ] ], [ [ [ 131.145750078000106, 0.595877537000035 ], [ 131.145952442000066, 0.595887445000074 ], [ 131.145946475000073, 0.595835528000066 ], [ 131.145750078000106, 0.595877537000035 ] ] ], [ [ [ 131.126744508000115, 0.597628486000076 ], [ 131.126821173000053, 0.597380325000074 ], [ 131.126642091, 0.597423322000054 ], [ 131.126744508000115, 0.597628486000076 ] ] ], [ [ [ 131.124641099000087, 0.597294525000052 ], [ 131.124321983000073, 0.597614467000028 ], [ 131.124597305000066, 0.597753022000063 ], [ 131.124641099000087, 0.597294525000052 ] ] ], [ [ [ 131.127218657000071, 0.59750380600002 ], [ 131.127638391000119, 0.597826461000068 ], [ 131.127624601000093, 0.59744011600003 ], [ 131.127218657000071, 0.59750380600002 ] ] ], [ [ [ 131.132992895000029, 0.603312149000033 ], [ 131.136864742000057, 0.594644933000041 ], [ 131.122385237000117, 0.592334620000031 ], [ 131.131282240000019, 0.596577542000034 ], [ 131.132992895000029, 0.603312149000033 ] ] ], [ [ [ 131.124114166000027, 0.597671235000064 ], [ 131.123666606000029, 0.597928555000067 ], [ 131.124146766000081, 0.597900892000041 ], [ 131.124114166000027, 0.597671235000064 ] ] ], [ [ [ 131.123632894000025, 0.598284795000041 ], [ 131.123078865000025, 0.598615027000051 ], [ 131.123720717000083, 0.598792931000048 ], [ 131.123632894000025, 0.598284795000041 ] ] ], [ [ [ 131.123548645000028, 0.599342020000051 ], [ 131.12411158000009, 0.599389328000029 ], [ 131.123820146000071, 0.599044868000021 ], [ 131.123548645000028, 0.599342020000051 ] ] ], [ [ [ 131.123824487000093, 0.600623417000065 ], [ 131.124046208000095, 0.600917525000057 ], [ 131.124130178000087, 0.600682903000063 ], [ 131.123824487000093, 0.600623417000065 ] ] ], [ [ [ 131.134230537, 0.603091360000064 ], [ 131.13473443800001, 0.603250197000023 ], [ 131.134462534000022, 0.602668829000038 ], [ 131.134230537, 0.603091360000064 ] ] ], [ [ [ 131.124182870000027, 0.622932759000037 ], [ 131.124187085000017, 0.621209814000053 ], [ 131.121821478000015, 0.622954593000031 ], [ 131.124182870000027, 0.622932759000037 ] ] ], [ [ [ 131.119218463000038, 0.625798921000069 ], [ 131.118725683000093, 0.62334174800003 ], [ 131.117953400000033, 0.621994198000039 ], [ 131.119218463000038, 0.625798921000069 ] ] ], [ [ [ 131.118998011000031, 0.626332999000056 ], [ 131.119056281000098, 0.62638720700005 ], [ 131.119037321000064, 0.626306598000042 ], [ 131.118998011000031, 0.626332999000056 ] ] ], [ [ [ 131.119096048000074, 0.62651670300005 ], [ 131.119156991000068, 0.626931218000038 ], [ 131.11919836800007, 0.62694657000003 ], [ 131.119096048000074, 0.62651670300005 ] ] ], [ [ [ 131.140845012000113, 0.635264015000075 ], [ 131.141532586000039, 0.635644625000054 ], [ 131.14086971200004, 0.634762824000063 ], [ 131.140845012000113, 0.635264015000075 ] ] ], [ [ [ 131.141803784000103, 0.637736392000022 ], [ 131.142050686000061, 0.63799063700003 ], [ 131.141962557000056, 0.637558173000059 ], [ 131.141803784000103, 0.637736392000022 ] ] ], [ [ [ 131.14213944100004, 0.639432760000034 ], [ 131.142234347000112, 0.638892228000032 ], [ 131.142038454000044, 0.638796598000056 ], [ 131.14213944100004, 0.639432760000034 ] ] ], [ [ [ 131.156878545000041, 0.644951814000024 ], [ 131.156700285000056, 0.64490495900003 ], [ 131.156792884000083, 0.645027956000035 ], [ 131.156878545000041, 0.644951814000024 ] ] ], [ [ [ 131.227147232000107, 1.00776214800004 ], [ 131.223989470000106, 0.999553275000039 ], [ 131.22136949500009, 0.997455068000022 ], [ 131.221284643000104, 1.00588169200006 ], [ 131.227147232000107, 1.00776214800004 ] ] ], [ [ [ 131.232036694000044, 1.013487756000075 ], [ 131.236792071000082, 1.030048158000056 ], [ 131.248440214000084, 1.037967159000061 ], [ 131.246391384000049, 1.031206543000053 ], [ 131.232036694000044, 1.013487756000075 ] ] ], [ [ [ 131.254061271000069, 1.043819774000042 ], [ 131.258094799000105, 1.072527162000029 ], [ 131.271296873000097, 1.080496733000075 ], [ 131.275619326000083, 1.066670703000057 ], [ 131.254061271000069, 1.043819774000042 ] ] ] ] } },
{ "type": "Feature", "properties": { "kemendagri_kab_code": 9604, "kemendagri_kab_name": "Kabupaten Tambrauw", "kemendagri_prov_code": 96, "kemendagri_prov_name": "Papua Barat Daya" }, "geometry": { "type": "MultiPolygon", "coordinates": [ [ [ [ 132.420211959000085, -0.344709963999946 ], [ 132.512490477000028, -0.360437192999939 ], [ 132.533666689000029, -0.355260546999943 ], [ 132.577351450000037, -0.363791524999954 ], [ 132.615746646000048, -0.356389577999948 ], [ 132.629672803000062, -0.366442384999971 ], [ 132.649423858000091, -0.362806194999962 ], [ 132.682177539, -0.371800234999967 ], [ 132.715412912000033, -0.362024068999972 ], [ 132.733384142000091, -0.388589314999933 ], [ 132.762866685000063, -0.387591145999977 ], [ 132.766056453000033, -0.401610280999932 ], [ 132.78401473100007, -0.402016800999945 ], [ 132.793722932000037, -0.414532764999933 ], [ 132.867379078000113, -0.449195048999968 ], [ 132.886281149000069, -0.44684088899993 ], [ 132.901282138000056, -0.463517114999945 ], [ 132.924871, -0.465184 ], [ 132.9542, -0.453728 ], [ 132.970865791000051, -0.493415204999962 ], [ 133.00780639900006, -0.497070764999933 ], [ 133.030084640000041, -0.519355440999959 ], [ 133.079857128000071, -0.517070006999973 ], [ 133.086011569000107, -0.538644520999981 ], [ 133.114475241000036, -0.552624838999975 ], [ 133.133101102000069, -0.543394800999977 ], [ 133.150362512000015, -0.545391716999973 ], [ 133.159053127000107, -0.567967598999928 ], [ 133.176427661000048, -0.583522588999926 ], [ 133.235564814000099, -0.605287230999977 ], [ 133.256296502000055, -0.636577113999977 ], [ 133.292867432000094, -0.662192195999978 ], [ 133.319228530000032, -0.697306322999964 ], [ 133.386205978000021, -0.738174914999945 ], [ 133.48583205400007, -0.740601984999955 ], [ 133.493161612000108, -0.761911707999957 ], [ 133.468720128000086, -0.774016770999935 ], [ 133.474156030000017, -0.799589932999936 ], [ 133.426263453000047, -0.800104673999954 ], [ 133.437068645000068, -0.805822776999946 ], [ 133.440719716000103, -0.861608912999941 ], [ 133.446913946000109, -0.876624015999937 ], [ 133.457187064000095, -0.876364586999955 ], [ 133.46297955700004, -0.886968489999958 ], [ 133.470996180000043, -0.92746619299993 ], [ 133.467519087000028, -0.943080496999926 ], [ 133.451068184000064, -0.94955189999996 ], [ 133.454924804000029, -0.976064846999975 ], [ 133.44221552700003, -0.998133793999955 ], [ 133.445766559000049, -1.025185970999928 ], [ 133.432500682000068, -1.061943686999939 ], [ 133.43731501100001, -1.079803536999975 ], [ 133.430734072000064, -1.094414289999975 ], [ 133.439020024000115, -1.123767280999971 ], [ 133.423410885000067, -1.144676168999979 ], [ 133.431679252000094, -1.179265954999948 ], [ 133.408872360000032, -1.190358706999973 ], [ 133.408270630000061, -1.202797364999981 ], [ 133.39567652400001, -1.199551851999956 ], [ 133.38316643600001, -1.207145844999957 ], [ 133.36769305200005, -1.225133254999946 ], [ 133.333956989000058, -1.203968424999971 ], [ 133.311144995000063, -1.204327504999981 ], [ 133.242404390000047, -1.184558365999976 ], [ 133.233225601000072, -1.196040072999949 ], [ 133.247078615000078, -1.22237000299998 ], [ 133.230003597000064, -1.238218489999952 ], [ 133.238046392000115, -1.252205337999953 ], [ 133.224636074000045, -1.25447348199998 ], [ 133.19664793000004, -1.240557756999976 ], [ 133.172405704000084, -1.253230235999979 ], [ 133.153966022000077, -1.251035368999965 ], [ 133.117419528000028, -1.290356730999974 ], [ 133.089161682000054, -1.289415955999971 ], [ 133.065492216000052, -1.321995791999939 ], [ 133.056948403000092, -1.311949027999958 ], [ 133.037514243000032, -1.317535232999944 ], [ 133.041041647000043, -1.330237443999977 ], [ 133.028454171000021, -1.349890045999928 ], [ 133.003523338000036, -1.356717971999956 ], [ 132.974236780000069, -1.335517931999959 ], [ 132.959442980000063, -1.335920860999977 ], [ 132.962921232000099, -1.327215637999927 ], [ 132.935268112000017, -1.294410522999954 ], [ 132.914983050000046, -1.286527744999944 ], [ 132.904765322000117, -1.293766320999964 ], [ 132.848740477000092, -1.256974688999946 ], [ 132.83404654800006, -1.235966315999974 ], [ 132.820068357000082, -1.232148237999979 ], [ 132.80969729200001, -1.21111928299996 ], [ 132.820963248000112, -1.186686504999955 ], [ 132.795803328000034, -1.168373574999976 ], [ 132.785953013000039, -1.148619960999952 ], [ 132.748748455000054, -1.169625273999941 ], [ 132.734809200000086, -1.157510039999977 ], [ 132.724099777000106, -1.158488033999959 ], [ 132.70564210800012, -1.176718337999944 ], [ 132.692349224000054, -1.175972570999932 ], [ 132.677164406000088, -1.148337789999971 ], [ 132.665111830000114, -1.157323853999969 ], [ 132.640128098000105, -1.15980600499995 ], [ 132.601020931000107, -1.143033966999951 ], [ 132.578768739000111, -1.145371143999967 ], [ 132.581172566000077, -1.120732530999931 ], [ 132.564164489000063, -1.10725810699995 ], [ 132.567914839000082, -1.09905613199993 ], [ 132.561839020000093, -1.096883891999937 ], [ 132.570330673000058, -1.085872312999925 ], [ 132.560414061000074, -1.067395610999938 ], [ 132.504998045000093, -1.032290392999926 ], [ 132.465054266000038, -1.034676523999963 ], [ 132.429390136000052, -1.018013261999954 ], [ 132.405065365000041, -1.016754037999931 ], [ 132.402750343000093, -0.990553423999927 ], [ 132.376211563000084, -0.976432265999961 ], [ 132.361601948000043, -0.979951845999949 ], [ 132.352698675000056, -0.958737061999955 ], [ 132.313389326000106, -0.952863539999953 ], [ 132.276472761000036, -0.924133916999949 ], [ 132.265340049000088, -0.925256833999924 ], [ 132.265382357000021, -0.937671313999942 ], [ 132.238365081000097, -0.943125274999943 ], [ 132.23590230800005, -0.931534471999953 ], [ 132.213450131000059, -0.912068672999965 ], [ 132.212104504000081, -0.898869520999938 ], [ 132.186409956000034, -0.904289524999967 ], [ 132.135001874000068, -0.887189388999957 ], [ 132.119949811000083, -0.892031283999927 ], [ 132.089231396000059, -0.878774323999949 ], [ 132.065416842000104, -0.857602669999949 ], [ 132.045387705000053, -0.858297700999969 ], [ 132.032938192000074, -0.844668081999941 ], [ 132.023612709000076, -0.853121888999965 ], [ 132.006192040000087, -0.838472708999973 ], [ 131.968823850000035, -0.856739618999939 ], [ 131.937187305000066, -0.850188794999951 ], [ 131.925519461000022, -0.837400240999955 ], [ 131.912654, -0.855506996999964 ], [ 131.907181929000103, -0.84183948499998 ], [ 131.892465811000079, -0.846638523999957 ], [ 131.879429044000062, -0.838493945999971 ], [ 131.834569876000046, -0.849788649999937 ], [ 131.838579854000045, -0.837604011999929 ], [ 131.824063286000069, -0.833563058999971 ], [ 131.801076451000085, -0.807932016999928 ], [ 131.780800369000076, -0.816127715999926 ], [ 131.773923721000074, -0.800156412999968 ], [ 131.760482088000117, -0.799828783999942 ], [ 131.752411679000033, -0.780176929999925 ], [ 131.754575577000082, -0.760362319999956 ], [ 131.743527763000088, -0.745935910999947 ], [ 131.745725149, -0.730482203999941 ], [ 131.844233, -0.707482 ], [ 131.904140615000074, -0.675481115999958 ], [ 131.90352, -0.653915 ], [ 131.923196, -0.638721 ], [ 131.925570000000107, -0.626374 ], [ 131.957996, -0.605166 ], [ 131.975608, -0.579526 ], [ 132.069619369000065, -0.542285376999928 ], [ 132.085163013000056, -0.515955107999957 ], [ 132.078704017000064, -0.499467626999945 ], [ 132.094513185000096, -0.480315962999953 ], [ 132.141364062000093, -0.458365708999963 ], [ 132.170000748, -0.427108928999928 ], [ 132.206607229000042, -0.41000668199996 ], [ 132.251510857000085, -0.403634834999934 ], [ 132.259971234000091, -0.398428391999971 ], [ 132.262027757000055, -0.382696899999928 ], [ 132.338282260000028, -0.385596810999971 ], [ 132.364390005000018, -0.365472211999929 ], [ 132.390378126000087, -0.364193406999959 ], [ 132.420211959000085, -0.344709963999946 ] ] ], [ [ [ 132.764090574000079, -0.38620151899994 ], [ 132.76371167800005, -0.385585127999946 ], [ 132.764233799000067, -0.38612518399998 ], [ 132.764090574000079, -0.38620151899994 ] ] ], [ [ [ 132.733953131000021, -0.38539977399995 ], [ 132.733407452000051, -0.384615762999942 ], [ 132.733538262000025, -0.384478504999947 ], [ 132.733953131000021, -0.38539977399995 ] ] ], [ [ [ 132.196457351000049, -0.359644767999953 ], [ 132.199367181000071, -0.371719367999958 ], [ 132.193489341000031, -0.375886263999973 ], [ 132.196457351000049, -0.359644767999953 ] ] ], [ [ [ 132.52082765800003, -0.357166250999967 ], [ 132.521112006000067, -0.356796678999956 ], [ 132.521358688000078, -0.357069734999925 ], [ 132.52082765800003, -0.357166250999967 ] ] ], [ [ [ 132.171571874000051, -0.343483078999952 ], [ 132.172856783000043, -0.351259156999959 ], [ 132.160959478000109, -0.344482451999966 ], [ 132.171571874000051, -0.343483078999952 ] ] ] ] } },
{ "type": "Feature", "properties": { "kemendagri_kab_code": 9605, "kemendagri_kab_name": "Kabupaten Maybrat", "kemendagri_prov_code": 96, "kemendagri_prov_name": "Papua Barat Daya" }, "geometry": { "type": "Polygon", "coordinates": [ [ [ 132.904765322000117, -1.293766320999964 ], [ 132.908661829000039, -1.303771930999972 ], [ 132.897367288000055, -1.323845835999975 ], [ 132.909492376000117, -1.362140131999979 ], [ 132.896857504000081, -1.387348792999944 ], [ 132.905131040000015, -1.396901838999952 ], [ 132.884139167000058, -1.410131874999934 ], [ 132.885964547000071, -1.423475887999928 ], [ 132.854362650000098, -1.44982153199993 ], [ 132.864630415000079, -1.466358684999932 ], [ 132.854248564000045, -1.480386655999951 ], [ 132.857785238000019, -1.501599517999978 ], [ 132.848909327000115, -1.502238180999939 ], [ 132.823936009000022, -1.563823295999953 ], [ 132.802544894000107, -1.562916650999966 ], [ 132.787137581000025, -1.572982655999965 ], [ 132.786175065000066, -1.605501024999967 ], [ 132.780621533000044, -1.62097100799997 ], [ 132.77382487400007, -1.621521221999956 ], [ 132.769483786000023, -1.651269481999975 ], [ 132.775750751000032, -1.672850103999963 ], [ 132.769636056000081, -1.681831756999941 ], [ 132.772370789000092, -1.726336780999929 ], [ 132.764334174000055, -1.732619420999924 ], [ 132.746991496000078, -1.81444401899995 ], [ 132.740167798000016, -1.819372280999971 ], [ 132.742547297000101, -1.846612487999948 ], [ 132.738184663000084, -1.858081751999975 ], [ 132.727808305000053, -1.859037074999947 ], [ 132.732877785000028, -1.877624886999968 ], [ 132.72429153600001, -1.87744016299996 ], [ 132.724052169000061, -1.885810976999949 ], [ 132.689146030000074, -1.882954896999934 ], [ 132.675091341000098, -1.871721906999937 ], [ 132.644839227000034, -1.879911959999959 ], [ 132.622170766000067, -1.876112180999939 ], [ 132.629176786000016, -1.866977960999975 ], [ 132.620243563000031, -1.853638672999978 ], [ 132.554970892000028, -1.836775213999942 ], [ 132.522293316000059, -1.820244536999951 ], [ 132.495736917000045, -1.826033658999961 ], [ 132.481843900000058, -1.850911877999977 ], [ 132.446786272000054, -1.884888972999931 ], [ 132.438632531000053, -1.824588856999981 ], [ 132.391655216000117, -1.754579172999968 ], [ 132.398068325000054, -1.749989204999963 ], [ 132.39605601300002, -1.734048709999968 ], [ 132.405417820000025, -1.729643305999957 ], [ 132.401965528000119, -1.718071900999973 ], [ 132.405688327, -1.71926964599993 ], [ 132.407839637000052, -1.718457440999941 ], [ 132.396288087000016, -1.702137319999963 ], [ 132.403925795000077, -1.69853059999997 ], [ 132.400566816000037, -1.683882503999939 ], [ 132.414435062000052, -1.671750141999951 ], [ 132.406300414000043, -1.661553521999963 ], [ 132.415261614000087, -1.65619669199998 ], [ 132.41075085600005, -1.647061940999947 ], [ 132.426501061000067, -1.638231825999981 ], [ 132.422524893000059, -1.62409560499998 ], [ 132.44046903800006, -1.604401949999954 ], [ 132.433750754000016, -1.602938574999939 ], [ 132.420331881000038, -1.569327719999933 ], [ 132.348103184000024, -1.525889628999948 ], [ 132.256046494000088, -1.417415725999945 ], [ 132.207075140000029, -1.37273758799995 ], [ 132.169098493000092, -1.346656847999952 ], [ 132.114550866000059, -1.323885712999925 ], [ 132.087467974000106, -1.226668536999966 ], [ 132.09177119800006, -1.214984868999977 ], [ 132.076317989000017, -1.206169279999926 ], [ 132.079816994000112, -1.196676879999927 ], [ 132.089144297000075, -1.191477311999961 ], [ 132.091237296000031, -1.185081520999972 ], [ 132.085933239000042, -1.186883124999952 ], [ 132.087286278000079, -1.172304259999976 ], [ 132.078452408000089, -1.17171398399995 ], [ 132.084234131000017, -1.115229572999965 ], [ 132.071334444000058, -1.090284166999936 ], [ 132.080091664000065, -1.07947360199995 ], [ 132.110341995000113, -1.094574016999957 ], [ 132.125097947000086, -1.082120291999956 ], [ 132.136023939000097, -1.100267882999958 ], [ 132.158749743000044, -1.109846694999931 ], [ 132.183300219000103, -1.109193576999928 ], [ 132.19069843200009, -1.070933149999973 ], [ 132.18352178900011, -1.053308326999968 ], [ 132.195242331000031, -1.049483343999952 ], [ 132.207661530000109, -1.057344459999968 ], [ 132.226279822000038, -1.045044551999979 ], [ 132.21685104300002, -1.019723209999938 ], [ 132.228205154000079, -1.016264687999978 ], [ 132.225935752000055, -1.002148484999964 ], [ 132.232215987000018, -1.00062113499996 ], [ 132.217948571000079, -0.993359159999954 ], [ 132.225081303000024, -0.98661193099997 ], [ 132.210390453000059, -0.96909736899994 ], [ 132.222445102000052, -0.960301397999956 ], [ 132.229339641000024, -0.933108451999942 ], [ 132.243367264000085, -0.944132354999965 ], [ 132.265382357000021, -0.937671313999942 ], [ 132.265340049000088, -0.925256833999924 ], [ 132.275904042000093, -0.923928176999937 ], [ 132.313389326000106, -0.952863539999953 ], [ 132.352698675000056, -0.958737061999955 ], [ 132.361601948000043, -0.979951845999949 ], [ 132.376211563000084, -0.976432265999961 ], [ 132.402750343000093, -0.990553423999927 ], [ 132.405065365000041, -1.016754037999931 ], [ 132.429390136000052, -1.018013261999954 ], [ 132.465054266000038, -1.034676523999963 ], [ 132.504998045000093, -1.032290392999926 ], [ 132.560414061000074, -1.067395610999938 ], [ 132.570330673000058, -1.085872312999925 ], [ 132.561839020000093, -1.096883891999937 ], [ 132.567914839000082, -1.09905613199993 ], [ 132.564164489000063, -1.10725810699995 ], [ 132.581172566000077, -1.120732530999931 ], [ 132.578487721000101, -1.145256224999969 ], [ 132.601020931000107, -1.143033966999951 ], [ 132.640128098000105, -1.15980600499995 ], [ 132.665111830000114, -1.157323853999969 ], [ 132.677164406000088, -1.148337789999971 ], [ 132.692349224000054, -1.175972570999932 ], [ 132.70564210800012, -1.176718337999944 ], [ 132.724099777000106, -1.158488033999959 ], [ 132.734809200000086, -1.157510039999977 ], [ 132.748748455000054, -1.169625273999941 ], [ 132.785953013000039, -1.148619960999952 ], [ 132.795803328000034, -1.168373574999976 ], [ 132.820963248000112, -1.186686504999955 ], [ 132.80969729200001, -1.21111928299996 ], [ 132.819148985000083, -1.231243457999938 ], [ 132.904765322000117, -1.293766320999964 ] ] ] } },
{ "type": "Feature", "properties": { "kemendagri_kab_code": 9671, "kemendagri_kab_name": "Kota Sorong", "kemendagri_prov_code": 96, "kemendagri_prov_name": "Papua Barat Daya" }, "geometry": { "type": "MultiPolygon", "coordinates": [ [ [ [ 131.260228082000026, -0.947432015999937 ], [ 131.258541386000047, -0.948072360999959 ], [ 131.258616396000093, -0.947058285999958 ], [ 131.260228082000026, -0.947432015999937 ] ] ], [ [ [ 131.250030566000078, -0.943523803999938 ], [ 131.253517484000099, -0.951848635999966 ], [ 131.24650486500002, -0.947668679999936 ], [ 131.250030566000078, -0.943523803999938 ] ] ], [ [ [ 131.257042308000109, -0.944641322999928 ], [ 131.259649705000015, -0.944202056999927 ], [ 131.261533789000055, -0.946521564999955 ], [ 131.257042308000109, -0.944641322999928 ] ] ], [ [ [ 131.255944637000084, -0.924238503999959 ], [ 131.26088439800003, -0.939136309999981 ], [ 131.249420155000053, -0.940642507999939 ], [ 131.246293543000093, -0.947174128999961 ], [ 131.255944637000084, -0.924238503999959 ] ] ], [ [ [ 131.252493525000091, -0.927398902999926 ], [ 131.249253114000112, -0.928067603999978 ], [ 131.252659200000039, -0.924902975999942 ], [ 131.252493525000091, -0.927398902999926 ] ] ], [ [ [ 131.246538735000058, -0.920705906999956 ], [ 131.24901181700011, -0.924199034999958 ], [ 131.244966400000067, -0.923676171999944 ], [ 131.246538735000058, -0.920705906999956 ] ] ], [ [ [ 131.227411344000075, -0.906531635999954 ], [ 131.233485952000024, -0.908920971999976 ], [ 131.231203397000058, -0.912816741999961 ], [ 131.227411344000075, -0.906531635999954 ] ] ], [ [ [ 131.206168365000053, -0.882743603999927 ], [ 131.204021546000035, -0.894519902999946 ], [ 131.184728430000064, -0.897572851999939 ], [ 131.19662672600009, -0.885396702999969 ], [ 131.206168365000053, -0.882743603999927 ] ] ], [ [ [ 131.23566319400004, -0.884620749999954 ], [ 131.237710274000051, -0.889639406999947 ], [ 131.230992431000118, -0.888454274999958 ], [ 131.23566319400004, -0.884620749999954 ] ] ], [ [ [ 131.239232862000108, -0.877385166999943 ], [ 131.238982605000047, -0.877001223999969 ], [ 131.239353801000107, -0.877113058999953 ], [ 131.239232862000108, -0.877385166999943 ] ] ], [ [ [ 131.214101221000078, -0.834285964999935 ], [ 131.221310578000043, -0.841964265999934 ], [ 131.206829588000119, -0.838016958999958 ], [ 131.214101221000078, -0.834285964999935 ] ] ], [ [ [ 131.211202046000039, -0.832249938999951 ], [ 131.211351952000086, -0.831857327999955 ], [ 131.211451890000035, -0.83205006399993 ], [ 131.211202046000039, -0.832249938999951 ] ] ], [ [ [ 131.265598332000081, -0.941808988999981 ], [ 131.263768783000046, -0.940897898999935 ], [ 131.26578758900007, -0.940699295999934 ], [ 131.265598332000081, -0.941808988999981 ] ] ], [ [ [ 131.270950766000055, -0.940140749999955 ], [ 131.269822365000095, -0.938231286999951 ], [ 131.272667488000025, -0.937855705999937 ], [ 131.270950766000055, -0.940140749999955 ] ] ], [ [ [ 131.265522237000027, -0.928246414999933 ], [ 131.264107005000028, -0.927704765999977 ], [ 131.265239287000099, -0.926439438999978 ], [ 131.265522237000027, -0.928246414999933 ] ] ], [ [ [ 131.262836781000033, -0.926348765999933 ], [ 131.262754435000033, -0.925893653999935 ], [ 131.263209012000061, -0.925978383999961 ], [ 131.262836781000033, -0.926348765999933 ] ] ], [ [ [ 131.264646826000103, -0.921672783999952 ], [ 131.262154191000036, -0.920699464999927 ], [ 131.264646947000074, -0.919179526999926 ], [ 131.264646826000103, -0.921672783999952 ] ] ], [ [ [ 131.261627857, -0.916723592999972 ], [ 131.26200325700006, -0.917563930999961 ], [ 131.260771379000062, -0.91929373399995 ], [ 131.261627857, -0.916723592999972 ] ] ], [ [ [ 131.273792941000011, -0.906431822999934 ], [ 131.273408409000012, -0.90584850099998 ], [ 131.273570212000095, -0.905758080999931 ], [ 131.273792941000011, -0.906431822999934 ] ] ], [ [ [ 131.26852000100007, -0.902420396999958 ], [ 131.271354490000022, -0.903892607999978 ], [ 131.268494378000014, -0.904208341999947 ], [ 131.26852000100007, -0.902420396999958 ] ] ], [ [ [ 131.357326218000026, -0.781764718999966 ], [ 131.376565779000089, -0.843413812999927 ], [ 131.370925705000104, -0.873985403999939 ], [ 131.362970951000079, -0.872103380999931 ], [ 131.360222464000117, -0.879861191999964 ], [ 131.388290868000013, -0.894823414999962 ], [ 131.380660734000116, -0.907353004999948 ], [ 131.395785640000099, -0.916047231999926 ], [ 131.396493557000099, -0.93288653299993 ], [ 131.375551390000055, -0.951704302999929 ], [ 131.348800109000081, -0.950230292999947 ], [ 131.347286543000109, -0.942388453999968 ], [ 131.334347662000027, -0.947521047999942 ], [ 131.330355187, -0.928272256999946 ], [ 131.334458268000049, -0.930127758999959 ], [ 131.336281301000099, -0.923243060999937 ], [ 131.31511548200001, -0.934744516999956 ], [ 131.308009128000094, -0.921240464999926 ], [ 131.286884096000108, -0.908941298999935 ], [ 131.285400645000095, -0.89579099499997 ], [ 131.241604435000113, -0.87679762199997 ], [ 131.247530064000102, -0.849537920999978 ], [ 131.224699964000024, -0.822054723999941 ], [ 131.326462184000093, -0.796471779999933 ], [ 131.328908772000091, -0.789581023999972 ], [ 131.347749992000104, -0.78678744299998 ], [ 131.357326218000026, -0.781764718999966 ] ] ], [ [ [ 131.312237100000061, -0.797308463999968 ], [ 131.31246890500006, -0.797616253999934 ], [ 131.312253977000069, -0.797643496999967 ], [ 131.312237100000061, -0.797308463999968 ] ] ], [ [ [ 131.345089709000035, -0.784133467999936 ], [ 131.345909386000017, -0.785018598999955 ], [ 131.344157936000101, -0.78463697199993 ], [ 131.345089709000035, -0.784133467999936 ] ] ] ] } }
]
}
